datetime,time,open,high,low,close,volume
2026-06-10 15:55:00,1781106900,0.1,0.1,0.1,0.1,
2026-06-10 15:56:00,1781106960,0.1,179.00001077,0.1,169.82035618,
2026-06-10 15:57:00,1781107020,169.82035618,188.94635338,169.4159737,182.09549268,
2026-06-10 15:58:00,1781107080,182.09549268,183.39363983,173.10514479,174.09610495,
2026-06-10 15:59:00,1781107140,174.09610495,174.48215977,167.76754797,170.86752142,
2026-06-10 16:00:00,1781107200,170.86752142,173.1686452,161.0910932,161.31717407,
2026-06-10 16:01:00,1781107260,161.31717407,165.04717268,153.68929814,158.09250811,
2026-06-10 16:02:00,1781107320,158.09250811,158.70338128,152.52810892,152.52810892,
2026-06-10 16:03:00,1781107380,152.52810892,159.09163902,149.20591544,152.59537157,
2026-06-10 16:04:00,1781107440,152.59537157,156.36225048,145.62740817,146.38299489,
2026-06-10 16:05:00,1781107500,146.38299489,154.34054143,144.96873384,147.39387476,
2026-06-10 16:06:00,1781107560,147.39387476,161.221042,144.63895386,159.07420007,
2026-06-10 16:07:00,1781107620,159.07420007,166.6177314,155.61541568,157.06606925,
2026-06-10 16:08:00,1781107680,157.06606925,157.86533825,139.57902827,139.57902827,
2026-06-10 16:09:00,1781107740,139.57902827,148.56943412,138.39582685,146.13482793,
2026-06-10 16:10:00,1781107800,146.13482793,148.47263506,133.34568881,135.29733789,
2026-06-10 16:11:00,1781107860,135.29733789,140.7727743,133.42166764,137.68138288,
2026-06-10 16:12:00,1781107920,137.68138288,145.2705355,136.62761612,137.45863875,
2026-06-10 16:13:00,1781107980,137.45863875,138.03542824,133.63871365,136.31934602,
2026-06-10 16:14:00,1781108040,136.31934602,137.98290014,131.78214642,134.80303665,
2026-06-10 16:15:00,1781108100,134.80303665,145.4972019,134.07759708,141.63519944,
2026-06-10 16:16:00,1781108160,141.63519944,147.50690976,135.90531891,142.26522231,
2026-06-10 16:17:00,1781108220,142.26522231,147.91414855,133.50288242,133.97492519,
2026-06-10 16:18:00,1781108280,133.97492519,136.36655681,132.48868128,133.51969892,
2026-06-10 16:19:00,1781108340,133.51969892,135.32694024,132.06627231,133.15017386,
2026-06-10 16:20:00,1781108400,133.15017386,137.47195091,130.62067747,130.63228864,
2026-06-10 16:21:00,1781108460,130.63228864,137.44478053,126.92757398,137.24941507,
2026-06-10 16:22:00,1781108520,137.24941507,141.88039539,131.86323198,131.95575344,
2026-06-10 16:23:00,1781108580,131.95575344,136.38792896,130.86871114,134.19013622,
2026-06-10 16:24:00,1781108640,134.19013622,134.19013622,124.11868633,125.29856319,
2026-06-10 16:25:00,1781108700,125.29856319,129.04654639,112.63501118,119.23990877,
2026-06-10 16:26:00,1781108760,119.23990877,124.76940988,119.01736205,121.52469979,
2026-06-10 16:27:00,1781108820,121.52469979,130.01361976,121.50281179,127.55493875,
2026-06-10 16:28:00,1781108880,127.55493875,132.63546514,124.50923396,127.7257588,
2026-06-10 16:29:00,1781108940,127.7257588,129.82391101,125.39502075,129.82391101,
2026-06-10 16:30:00,1781109000,129.82391101,132.78953449,124.57320068,124.5955845,
2026-06-10 16:31:00,1781109060,124.5955845,126.56839683,118.67999005,121.84088295,
2026-06-10 16:32:00,1781109120,121.84088295,127.2162442,114.38146318,123.6374614,
2026-06-10 16:33:00,1781109180,123.6374614,128.01824351,123.1177128,123.12881346,
2026-06-10 16:34:00,1781109240,123.12881346,141.51233318,120.95692648,141.13873575,
2026-06-10 16:35:00,1781109300,141.13873575,143.37175152,132.4187896,137.72500109,
2026-06-10 16:36:00,1781109360,137.72500109,140.99831905,130.97781986,133.93525482,
2026-06-10 16:37:00,1781109420,133.93525482,142.57575096,133.75861548,135.65427831,
2026-06-10 16:38:00,1781109480,135.65427831,139.63751754,127.89084486,135.40924594,
2026-06-10 16:39:00,1781109540,135.40924594,135.40924594,127.16544044,130.48226728,
2026-06-10 16:40:00,1781109600,130.48226728,137.29662095,128.43524173,133.14686707,
2026-06-10 16:41:00,1781109660,133.14686707,135.83861944,125.72911715,126.96799091,
2026-06-10 16:42:00,1781109720,126.96799091,129.94264017,124.14960392,126.13622754,
2026-06-10 16:43:00,1781109780,126.13622754,130.37574016,123.70342596,124.49736696,
2026-06-10 16:44:00,1781109840,124.49736696,126.83624042,121.39133746,121.72431851,
2026-06-10 16:45:00,1781109900,121.72431851,121.7353038,114.65790922,115.45796132,
2026-06-10 16:46:00,1781109960,115.45796132,119.3655035,105.19516644,107.33720576,
2026-06-10 16:47:00,1781110020,107.33720576,109.6554451,98.06656135,98.06656135,
2026-06-10 16:48:00,1781110080,98.06656135,106.15229705,95.07137353,99.74265892,
2026-06-10 16:49:00,1781110140,99.74265892,101.25132309,95.65467663,97.93244122,
2026-06-10 16:50:00,1781110200,97.93244122,99.50706241,92.31443229,96.18683783,
2026-06-10 16:51:00,1781110260,96.18683783,103.04267702,92.6214935,102.80187751,
2026-06-10 16:52:00,1781110320,102.80187751,115.31063878,101.89378506,115.20102731,
2026-06-10 16:53:00,1781110380,115.20102731,115.79796886,109.09229753,111.46713759,
2026-06-10 16:54:00,1781110440,111.46713759,118.79040629,111.46713759,114.23912516,
2026-06-10 16:55:00,1781110500,114.23912516,114.76008032,105.08656802,106.17306006,
2026-06-10 16:56:00,1781110560,106.17306006,110.50760999,105.57417726,110.34770375,
2026-06-10 16:57:00,1781110620,110.34770375,113.8098632,106.17701999,113.73674675,
2026-06-10 16:58:00,1781110680,113.73674675,115.20714782,111.48533636,113.83813133,
2026-06-10 16:59:00,1781110740,113.83813133,119.28939597,113.5646003,117.98705587,
2026-06-10 17:00:00,1781110800,117.98705587,122.62639907,114.85669125,116.04322353,
2026-06-10 17:01:00,1781110860,116.04322353,121.80914897,115.36148298,121.18111824,
2026-06-10 17:02:00,1781110920,121.18111824,129.06947155,119.76563124,126.26655673,
2026-06-10 17:03:00,1781110980,126.26655673,128.44191859,123.25321681,125.11897,
2026-06-10 17:04:00,1781111040,125.11897,131.64212166,124.64686042,130.26250304,
2026-06-10 17:05:00,1781111100,130.26250304,130.37159347,120.12995485,120.65799827,
2026-06-10 17:06:00,1781111160,120.65799827,122.83394877,116.47093395,121.44792705,
2026-06-10 17:07:00,1781111220,121.44792705,123.82843376,110.99144767,114.44575917,
2026-06-10 17:08:00,1781111280,114.44575917,114.64416457,108.11564312,109.56901038,
2026-06-10 17:09:00,1781111340,109.56901038,111.65228385,103.70590396,108.50034788,
2026-06-10 17:10:00,1781111400,108.50034788,108.75921176,92.10226844,93.28429555,
2026-06-10 17:11:00,1781111460,93.28429555,101.50529364,92.37351067,99.20249582,
2026-06-10 17:12:00,1781111520,99.20249582,100.05317928,93.70098883,97.9821206,
2026-06-10 17:13:00,1781111580,97.9821206,102.43387283,97.96265901,99.62026495,
2026-06-10 17:14:00,1781111640,99.62026495,100.47684674,96.26213897,100.2370824,
2026-06-10 17:15:00,1781111700,100.2370824,104.6332312,97.795252,102.48754927,
2026-06-10 17:16:00,1781111760,102.48754927,108.0066373,100.64178828,104.4312267,
2026-06-10 17:17:00,1781111820,104.4312267,109.94605501,101.56964842,102.30568735,
2026-06-10 17:18:00,1781111880,102.30568735,108.57196644,102.30568735,105.24569174,
2026-06-10 17:19:00,1781111940,105.24569174,106.303238,101.51649682,106.16174824,
2026-06-10 17:20:00,1781112000,106.16174824,106.25772387,100.81200616,106.1677403,
2026-06-10 17:21:00,1781112060,106.1677403,106.23688899,96.18462076,101.37602274,
2026-06-10 17:22:00,1781112120,101.37602274,101.37602274,93.09758207,95.08767403,
2026-06-10 17:23:00,1781112180,95.08767403,97.99524238,94.47702908,96.73648045,
2026-06-10 17:24:00,1781112240,96.73648045,103.01872469,95.69957864,99.88812099,
2026-06-10 17:25:00,1781112300,99.88812099,105.71935653,98.49032761,102.35046652,
2026-06-10 17:26:00,1781112360,102.35046652,102.35046652,92.67306742,95.93283716,
2026-06-10 17:27:00,1781112420,95.93283716,97.88188728,91.1289882,93.03462135,
2026-06-10 17:28:00,1781112480,93.03462135,93.46593797,90.98703398,91.92244826,
2026-06-10 17:29:00,1781112540,91.92244826,91.92244826,81.02678838,82.39554523,
2026-06-10 17:30:00,1781112600,82.39554523,84.63492429,77.22240185,78.0793709,
2026-06-10 17:31:00,1781112660,78.0793709,81.23501112,74.01721235,74.28428557,
2026-06-10 17:32:00,1781112720,74.28428557,76.49423696,67.00677887,71.27090155,
2026-06-10 17:33:00,1781112780,71.27090155,81.68510172,71.27090155,81.67711565,
2026-06-10 17:34:00,1781112840,81.67711565,87.27374308,79.59077178,81.51432341,
2026-06-10 17:35:00,1781112900,81.51432341,83.20760958,78.45225751,78.49448205,
2026-06-10 17:36:00,1781112960,78.49448205,80.71798429,73.72829238,75.02096457,
2026-06-10 17:37:00,1781113020,75.02096457,82.58585392,75.02028975,81.97073395,
2026-06-10 17:38:00,1781113080,81.97073395,82.09025883,74.40099306,77.02782502,
2026-06-10 17:39:00,1781113140,77.02782502,81.0990883,76.47923753,79.37659765,
2026-06-10 17:40:00,1781113200,79.37659765,86.39716205,74.4894234,78.6754388,
2026-06-10 17:41:00,1781113260,78.6754388,80.20034263,73.08149326,76.70646491,
2026-06-10 17:42:00,1781113320,76.70646491,77.75944272,72.91504287,77.72100292,
2026-06-10 17:43:00,1781113380,77.72100292,88.44623534,76.72866443,87.88339946,
2026-06-10 17:44:00,1781113440,87.88339946,87.95873057,80.56292088,80.97113426,
2026-06-10 17:45:00,1781113500,80.97113426,86.25385281,79.24554801,85.23103237,
2026-06-10 17:46:00,1781113560,85.23103237,94.54511482,85.08483272,93.46694655,
2026-06-10 17:47:00,1781113620,93.46694655,98.99580653,90.61827114,97.56785416,
2026-06-10 17:48:00,1781113680,97.56785416,104.34662403,97.45734364,101.91643521,
2026-06-10 17:49:00,1781113740,101.91643521,106.09230477,99.27576647,105.5557814,
2026-06-10 17:50:00,1781113800,105.5557814,105.86789251,85.72727301,91.09610252,
2026-06-10 17:51:00,1781113860,91.09610252,94.58318311,89.67890945,92.91750235,
2026-06-10 17:52:00,1781113920,92.91750235,93.09313423,85.66438543,86.26217036,
2026-06-10 17:53:00,1781113980,86.26217036,89.60142776,85.21738642,89.03784953,
2026-06-10 17:54:00,1781114040,89.03784953,92.9284783,87.4521407,89.66117881,
2026-06-10 17:55:00,1781114100,89.66117881,96.88510034,89.60839423,92.79175538,
2026-06-10 17:56:00,1781114160,92.79175538,97.40197709,90.85681803,97.15218718,
2026-06-10 17:57:00,1781114220,97.15218718,97.17153276,91.15358632,91.72909684,
2026-06-10 17:58:00,1781114280,91.72909684,99.51285093,91.72909684,97.26756013,
2026-06-10 17:59:00,1781114340,97.26756013,98.86656941,95.21054349,96.41950005,
2026-06-10 18:00:00,1781114400,96.41950005,101.12215765,95.74527545,97.4669986,
2026-06-10 18:01:00,1781114460,97.4669986,100.08208375,92.64057261,94.43838307,
2026-06-10 18:02:00,1781114520,94.43838307,102.95536787,93.09295757,101.90070415,
2026-06-10 18:03:00,1781114580,101.90070415,104.62855391,98.81709551,103.75381691,
2026-06-10 18:04:00,1781114640,103.75381691,109.02052684,102.13007909,107.48160585,
2026-06-10 18:05:00,1781114700,107.48160585,110.87555582,106.20398573,110.10605283,
2026-06-10 18:06:00,1781114760,110.10605283,112.78665118,99.33609754,99.34380733,
2026-06-10 18:07:00,1781114820,99.34380733,99.44914996,91.58281353,92.20267681,
2026-06-10 18:08:00,1781114880,92.20267681,100.73244863,92.19388951,98.91511595,
2026-06-10 18:09:00,1781114940,98.91511595,99.01696132,94.09437405,96.44464792,
2026-06-10 18:10:00,1781115000,96.44464792,96.44464792,88.83037849,89.44581638,
2026-06-10 18:11:00,1781115060,89.44581638,94.95718553,88.81181085,94.75798121,
2026-06-10 18:12:00,1781115120,94.75798121,96.38030781,93.28543893,93.64414136,
2026-06-10 18:13:00,1781115180,93.64414136,94.33980899,88.30029343,90.60314991,
2026-06-10 18:14:00,1781115240,90.60314991,93.06236953,90.60314991,91.88404699,
2026-06-10 18:15:00,1781115300,91.88404699,95.29523885,91.18261033,92.53078999,
2026-06-10 18:16:00,1781115360,92.53078999,95.36947018,91.65109779,92.95644503,
2026-06-10 18:17:00,1781115420,92.95644503,92.95644503,85.06617681,85.5042476,
2026-06-10 18:18:00,1781115480,85.5042476,88.18052732,84.67726371,87.1273319,
2026-06-10 18:19:00,1781115540,87.1273319,88.90152757,85.05931087,86.6375116,
2026-06-10 18:20:00,1781115600,86.6375116,91.05707594,86.58645372,88.95616653,
2026-06-10 18:21:00,1781115660,88.95616653,92.0664921,85.97325778,86.08430066,
2026-06-10 18:22:00,1781115720,86.08430066,86.1624111,82.35988194,84.97060026,
2026-06-10 18:23:00,1781115780,84.97060026,90.70730287,84.97060026,89.39187857,
2026-06-10 18:24:00,1781115840,89.39187857,93.33975255,87.69147687,92.32994543,
2026-06-10 18:25:00,1781115900,92.32994543,92.94930994,84.14538498,84.56164307,
2026-06-10 18:26:00,1781115960,84.56164307,88.51728676,83.47550384,86.39405794,
2026-06-10 18:27:00,1781116020,86.39405794,86.39405794,81.93220122,83.06564568,
2026-06-10 18:28:00,1781116080,83.06564568,87.35511496,83.06564568,85.45318637,
2026-06-10 18:29:00,1781116140,85.45318637,96.74493176,84.64410753,96.15484017,
2026-06-10 18:30:00,1781116200,96.15484017,96.15484017,89.48924473,95.25725753,
2026-06-10 18:31:00,1781116260,95.25725753,95.31096772,89.16289175,89.79852959,
2026-06-10 18:32:00,1781116320,89.79852959,91.79155891,87.78961057,90.36678885,
2026-06-10 18:33:00,1781116380,90.36678885,92.80442755,87.5585277,87.643234,
2026-06-10 18:34:00,1781116440,87.643234,90.46573046,84.78883188,89.2055013,
2026-06-10 18:35:00,1781116500,89.2055013,89.21409877,79.63902527,82.152006,
2026-06-10 18:36:00,1781116560,82.152006,84.37559625,80.47045843,80.61041502,
2026-06-10 18:37:00,1781116620,80.61041502,81.23481624,77.32147515,78.6177,
2026-06-10 18:38:00,1781116680,78.6177,79.81342336,77.47625017,78.64160481,
2026-06-10 18:39:00,1781116740,78.64160481,80.00941344,77.1255123,78.07784547,
2026-06-10 18:40:00,1781116800,78.07784547,79.63626897,77.07246659,77.66927938,
2026-06-10 18:41:00,1781116860,77.66927938,78.90969715,75.52135669,75.58207907,
2026-06-10 18:42:00,1781116920,75.58207907,79.42959578,75.5813913,75.67582377,
2026-06-10 18:43:00,1781116980,75.67582377,78.04787671,73.9839174,74.02073336,
2026-06-10 18:44:00,1781117040,74.02073336,76.38417545,72.99153999,75.76983569,
2026-06-10 18:45:00,1781117100,75.76983569,76.81509287,73.02270437,74.26322696,
2026-06-10 18:46:00,1781117160,74.26322696,75.18747031,71.31929441,72.93052503,
2026-06-10 18:47:00,1781117220,72.93052503,73.75625144,72.17862095,72.87392025,
2026-06-10 18:48:00,1781117280,72.87392025,77.90284183,72.87392025,75.83069067,
2026-06-10 18:49:00,1781117340,75.83069067,78.82633554,74.43502711,75.03974727,
2026-06-10 18:50:00,1781117400,75.03974727,75.24834086,62.09579685,66.31160966,
2026-06-10 18:51:00,1781117460,66.31160966,71.49268391,66.20849364,69.92823291,
2026-06-10 18:52:00,1781117520,69.92823291,72.57245446,69.21538858,70.75580624,
2026-06-10 18:53:00,1781117580,70.75580624,77.05240531,70.70596912,75.77663846,
2026-06-10 18:54:00,1781117640,75.77663846,79.21246997,73.94812116,78.025214,
2026-06-10 18:55:00,1781117700,78.025214,78.025214,72.26676801,72.83763177,
2026-06-10 18:56:00,1781117760,72.83763177,74.48473162,70.71999137,73.98078504,
2026-06-10 18:57:00,1781117820,73.98078504,81.33571203,73.95080014,80.39022948,
2026-06-10 18:58:00,1781117880,80.39022948,80.39022948,78.57891512,78.72281055,
2026-06-10 18:59:00,1781117940,78.72281055,79.93004973,78.03044746,79.51805537,
2026-06-10 19:00:00,1781118000,79.51805537,80.96123771,77.53967428,77.95073194,
2026-06-10 19:01:00,1781118060,77.95073194,81.6854761,77.89563637,78.32769316,
2026-06-10 19:02:00,1781118120,78.32769316,78.32769316,72.11018258,76.25601351,
2026-06-10 19:03:00,1781118180,76.25601351,77.8580958,74.21419555,76.69910322,
2026-06-10 19:04:00,1781118240,76.69910322,77.03498227,71.45836284,73.24024185,
2026-06-10 19:05:00,1781118300,73.24024185,73.24024185,66.89529491,69.6485636,
2026-06-10 19:06:00,1781118360,69.6485636,74.58407986,69.61240124,73.78731028,
2026-06-10 19:07:00,1781118420,73.78731028,79.79371581,73.78731028,79.51085758,
2026-06-10 19:08:00,1781118480,79.51085758,82.4083621,78.31217512,81.04773759,
2026-06-10 19:09:00,1781118540,81.04773759,81.16772151,78.53169738,80.6116283,
2026-06-10 19:10:00,1781118600,80.6116283,80.93350065,74.11207264,75.8404889,
2026-06-10 19:11:00,1781118660,75.8404889,76.08085944,69.32638481,69.36898337,
2026-06-10 19:12:00,1781118720,69.36898337,69.59524246,66.23519762,69.23460235,
2026-06-10 19:13:00,1781118780,69.23460235,70.6865446,67.86372253,68.03832648,
2026-06-10 19:14:00,1781118840,68.03832648,68.58985155,65.90204419,67.09705381,
2026-06-10 19:15:00,1781118900,67.09705381,71.3287532,65.19918599,70.49133716,
2026-06-10 19:16:00,1781118960,70.49133716,72.32696185,69.85734159,71.37218889,
2026-06-10 19:17:00,1781119020,71.37218889,71.90988701,63.32200627,63.64503095,
2026-06-10 19:18:00,1781119080,63.64503095,67.37574364,63.07332938,67.0385561,
2026-06-10 19:19:00,1781119140,67.0385561,68.50661314,64.14996087,65.93864595,
2026-06-10 19:20:00,1781119200,65.93864595,67.79473968,64.65222757,64.92200073,
2026-06-10 19:21:00,1781119260,64.92200073,66.21935549,63.25021744,65.32087795,
2026-06-10 19:22:00,1781119320,65.32087795,67.19198538,64.42399771,65.17808063,
2026-06-10 19:23:00,1781119380,65.17808063,65.18418022,62.66869807,63.49044432,
2026-06-10 19:24:00,1781119440,63.49044432,67.36353596,63.49044432,67.36353596,
2026-06-10 19:25:00,1781119500,67.36353596,73.06902099,66.89926268,70.54682249,
2026-06-10 19:26:00,1781119560,70.54682249,71.93926786,66.22229479,66.37094336,
2026-06-10 19:27:00,1781119620,66.37094336,67.63434758,64.74979949,65.889292,
2026-06-10 19:28:00,1781119680,65.889292,70.36886201,65.42015457,69.17294148,
2026-06-10 19:29:00,1781119740,69.17294148,71.39350329,68.5051866,70.053837,
2026-06-10 19:30:00,1781119800,70.053837,75.1391422,69.66910627,73.86949321,
2026-06-10 19:31:00,1781119860,73.86949321,77.73084829,73.21570824,73.23887419,
2026-06-10 19:32:00,1781119920,73.23887419,76.50091141,72.87955639,75.85167203,
2026-06-10 19:33:00,1781119980,75.85167203,78.40433943,75.49250523,77.64087923,
2026-06-10 19:34:00,1781120040,77.64087923,81.61700454,77.64087923,81.16067897,
2026-06-10 19:35:00,1781120100,81.16067897,82.90195564,78.28373655,81.86039136,
2026-06-10 19:36:00,1781120160,81.86039136,81.86039136,78.30305838,79.83920599,
2026-06-10 19:37:00,1781120220,79.83920599,85.5437844,79.83848856,83.68987529,
2026-06-10 19:38:00,1781120280,83.68987529,87.89917492,83.24958072,87.26409513,
2026-06-10 19:39:00,1781120340,87.26409513,92.4289201,85.42999142,85.78076556,
2026-06-10 19:40:00,1781120400,85.78076556,89.52922531,82.42230891,84.70974214,
2026-06-10 19:41:00,1781120460,84.70974214,86.85934508,81.54504586,86.34345561,
2026-06-10 19:42:00,1781120520,86.34345561,86.79877075,84.33160824,84.91006841,
2026-06-10 19:43:00,1781120580,84.91006841,88.21306433,83.13099485,86.51570213,
2026-06-10 19:44:00,1781120640,86.51570213,88.18921748,85.82066361,87.44570486,
2026-06-10 19:45:00,1781120700,87.44570486,89.07222183,85.66971253,86.38263103,
2026-06-10 19:46:00,1781120760,86.38263103,86.45755971,79.51019423,85.22262121,
2026-06-10 19:47:00,1781120820,85.22262121,85.23948054,80.877987,80.8846178,
2026-06-10 19:48:00,1781120880,80.8846178,82.07815496,78.02330093,78.37365004,
2026-06-10 19:49:00,1781120940,78.37365004,83.47733413,78.37365004,83.47733413,
2026-06-10 19:50:00,1781121000,83.47733413,83.95901716,72.38483236,83.35053417,
2026-06-10 19:51:00,1781121060,83.35053417,84.45512003,78.94287613,84.00272287,
2026-06-10 19:52:00,1781121120,84.00272287,85.01012308,81.23630193,81.94229684,
2026-06-10 19:53:00,1781121180,81.94229684,86.80537532,81.94156486,86.4992637,
2026-06-10 19:54:00,1781121240,86.4992637,87.06287917,79.95572221,83.62168662,
2026-06-10 19:55:00,1781121300,83.62168662,85.95537484,81.32115308,85.91072635,
2026-06-10 19:56:00,1781121360,85.91072635,89.45658932,84.96515993,86.99779994,
2026-06-10 19:57:00,1781121420,86.99779994,90.38815655,85.90518286,88.48523238,
2026-06-10 19:58:00,1781121480,88.48523238,88.48523238,84.48624739,87.9450425,
2026-06-10 19:59:00,1781121540,87.9450425,87.9450425,80.19138027,81.17102291,
2026-06-10 20:00:00,1781121600,81.17102291,82.2247674,77.20634038,77.71818127,
2026-06-10 20:01:00,1781121660,77.71818127,77.71818127,70.60320351,70.60320351,
2026-06-10 20:02:00,1781121720,70.60320351,75.59694497,69.80814561,73.4795921,
2026-06-10 20:03:00,1781121780,73.4795921,79.33946169,72.98135781,77.55431504,
2026-06-10 20:04:00,1781121840,77.55431504,77.55431504,72.41182745,74.00888638,
2026-06-10 20:05:00,1781121900,74.00888638,74.73007095,67.24869704,70.43863543,
2026-06-10 20:06:00,1781121960,70.43863543,74.32190645,67.77855139,68.11942046,
2026-06-10 20:07:00,1781122020,68.11942046,68.13586637,65.95579195,68.12755978,
2026-06-10 20:08:00,1781122080,68.12755978,69.76998329,67.69932801,67.72025119,
2026-06-10 20:09:00,1781122140,67.72025119,67.72025119,62.04989827,66.82326121,
2026-06-10 20:10:00,1781122200,66.82326121,69.15367144,66.04746372,68.48520678,
2026-06-10 20:11:00,1781122260,68.48520678,70.22352107,68.23461173,69.70612861,
2026-06-10 20:12:00,1781122320,69.70612861,70.83775718,68.99627049,69.47917896,
2026-06-10 20:13:00,1781122380,69.47917896,71.81212199,67.54066001,69.85808694,
2026-06-10 20:14:00,1781122440,69.85808694,70.62865437,68.75115978,69.53747174,
2026-06-10 20:15:00,1781122500,69.53747174,72.12924468,68.7721264,70.01254676,
2026-06-10 20:16:00,1781122560,70.01254676,71.06361425,66.26761496,67.33375435,
2026-06-10 20:17:00,1781122620,67.33375435,69.03396394,64.61706859,67.82959992,
2026-06-10 20:18:00,1781122680,67.82959992,71.48241687,67.21958484,69.93518405,
2026-06-10 20:19:00,1781122740,69.93518405,71.38715791,69.75632415,69.82028312,
2026-06-10 20:20:00,1781122800,69.82028312,69.82028312,64.00739995,66.00151743,
2026-06-10 20:21:00,1781122860,66.00151743,69.22201012,63.82057132,64.53161881,
2026-06-10 20:22:00,1781122920,64.53161881,74.85123213,64.52361879,74.45154517,
2026-06-10 20:23:00,1781122980,74.45154517,76.95777215,69.96273455,71.80572636,
2026-06-10 20:24:00,1781123040,71.80572636,77.17625656,71.50297047,76.01974078,
2026-06-10 20:25:00,1781123100,76.01974078,76.69464619,74.51786556,76.17722796,
2026-06-10 20:26:00,1781123160,76.17722796,76.17722796,73.60482321,74.46040037,
2026-06-10 20:27:00,1781123220,74.46040037,74.46040037,72.41086858,72.98273773,
2026-06-10 20:28:00,1781123280,72.98273773,73.52510264,71.76598532,72.97833118,
2026-06-10 20:29:00,1781123340,72.97833118,73.85388186,72.52979742,73.12173694,
2026-06-10 20:30:00,1781123400,73.12173694,73.12173694,67.53835608,68.51465357,
2026-06-10 20:31:00,1781123460,68.51465357,69.90636345,67.2769196,67.95671273,
2026-06-10 20:32:00,1781123520,67.95671273,70.52070355,65.69059083,69.44794366,
2026-06-10 20:33:00,1781123580,69.44794366,72.28518878,69.4472833,72.14084259,
2026-06-10 20:34:00,1781123640,72.14084259,73.96687821,71.87168027,72.91193277,
2026-06-10 20:35:00,1781123700,72.91193277,73.48711853,70.82904493,71.09479996,
2026-06-10 20:36:00,1781123760,71.09479996,71.40394918,69.87108437,70.05812293,
2026-06-10 20:37:00,1781123820,70.05812293,72.9156812,70.0502001,72.76180078,
2026-06-10 20:38:00,1781123880,72.76180078,73.71031421,69.79324272,70.02392763,
2026-06-10 20:39:00,1781123940,70.02392763,71.92896396,68.95350882,69.00692214,
2026-06-10 20:40:00,1781124000,69.00692214,69.34860597,67.742533,68.43949297,
2026-06-10 20:41:00,1781124060,68.43949297,69.92262387,68.31435795,69.34484943,
2026-06-10 20:42:00,1781124120,69.34484943,69.34484943,66.99428613,67.16780016,
2026-06-10 20:43:00,1781124180,67.16780016,69.55352333,65.92330375,67.16504836,
2026-06-10 20:44:00,1781124240,67.16504836,68.18631505,63.87258223,63.95358163,
2026-06-10 20:45:00,1781124300,63.95358163,66.11010453,62.64177685,62.64718275,
2026-06-10 20:46:00,1781124360,62.64718275,62.64718275,59.6421277,61.2776785,
2026-06-10 20:47:00,1781124420,61.2776785,62.017493,59.61660542,61.59843711,
2026-06-10 20:48:00,1781124480,61.59843711,62.69341691,59.77631695,62.42647875,
2026-06-10 20:49:00,1781124540,62.42647875,63.81773828,61.93886244,63.81773828,
2026-06-10 20:50:00,1781124600,63.81773828,65.79293678,59.62874045,60.31574386,
2026-06-10 20:51:00,1781124660,60.31574386,61.82024412,57.85563856,61.57572822,
2026-06-10 20:52:00,1781124720,61.57572822,62.53791304,60.4766747,61.22790028,
2026-06-10 20:53:00,1781124780,61.22790028,61.22790028,57.73068697,59.32601953,
2026-06-10 20:54:00,1781124840,59.32601953,61.70349731,58.89631443,61.70227079,
2026-06-10 20:55:00,1781124900,61.70227079,62.35345624,58.35234971,58.486519,
2026-06-10 20:56:00,1781124960,58.486519,59.46924983,58.22600367,59.46290357,
2026-06-10 20:57:00,1781125020,59.46290357,59.46290357,57.94789462,58.7513366,
2026-06-10 20:58:00,1781125080,58.7513366,64.55761498,58.7513366,63.26400542,
2026-06-10 20:59:00,1781125140,63.26400542,64.83915629,62.75339164,64.31390614,
2026-06-10 21:00:00,1781125200,64.31390614,64.31941783,60.39840742,60.888848,
2026-06-10 21:01:00,1781125260,60.888848,63.24694982,60.88823842,62.34420974,
2026-06-10 21:02:00,1781125320,62.34420974,63.10372104,60.86525272,61.12415234,
2026-06-10 21:03:00,1781125380,61.12415234,63.32243425,61.06390818,62.2456284,
2026-06-10 21:04:00,1781125440,62.2456284,62.34312203,60.32411746,60.38133875,
2026-06-10 21:05:00,1781125500,60.38133875,60.38133875,55.46505063,57.48872815,
2026-06-10 21:06:00,1781125560,57.48872815,58.77431092,54.99236835,54.99236835,
2026-06-10 21:07:00,1781125620,54.99236835,56.21990431,54.55244159,54.82900553,
2026-06-10 21:08:00,1781125680,54.82900553,55.20160925,53.93321393,54.31370659,
2026-06-10 21:09:00,1781125740,54.31370659,55.48129653,53.65091741,54.0111458,
2026-06-10 21:10:00,1781125800,54.0111458,54.53350604,48.99493843,52.36871797,
2026-06-10 21:11:00,1781125860,52.36871797,53.51213893,50.69098725,52.86115127,
2026-06-10 21:12:00,1781125920,52.86115127,56.12816033,52.39789211,52.64324392,
2026-06-10 21:13:00,1781125980,52.64324392,55.58724345,52.64268536,55.51699552,
2026-06-10 21:14:00,1781126040,55.51699552,55.98652958,54.18919489,55.98594635,
2026-06-10 21:15:00,1781126100,55.98594635,60.64660087,55.98594635,60.33746203,
2026-06-10 21:16:00,1781126160,60.33746203,63.13561419,60.33746203,62.97483966,
2026-06-10 21:17:00,1781126220,62.97483966,64.68566932,61.87256369,61.87899119,
2026-06-10 21:18:00,1781126280,61.87899119,61.89122396,56.08975496,58.18670796,
2026-06-10 21:19:00,1781126340,58.18670796,60.97436326,57.46172239,59.22619293,
2026-06-10 21:20:00,1781126400,59.22619293,59.22619293,56.14954929,58.27124288,
2026-06-10 21:21:00,1781126460,58.27124288,58.35456623,55.79619484,56.83433015,
2026-06-10 21:22:00,1781126520,56.83433015,60.35755732,56.70204649,60.32603596,
2026-06-10 21:23:00,1781126580,60.32603596,61.59357104,57.39338616,57.86589129,
2026-06-10 21:24:00,1781126640,57.86589129,58.19215525,54.37455652,54.85114734,
2026-06-10 21:25:00,1781126700,54.85114734,56.70632168,54.56032653,56.51780406,
2026-06-10 21:26:00,1781126760,56.51780406,57.54165207,56.22931848,57.34821525,
2026-06-10 21:27:00,1781126820,57.34821525,59.86817581,56.65222977,57.16770282,
2026-06-10 21:28:00,1781126880,57.16770282,58.76447972,56.28033875,56.28033875,
2026-06-10 21:29:00,1781126940,56.28033875,57.97909771,56.27491057,56.77993548,
2026-06-10 21:30:00,1781127000,56.77993548,61.98306509,56.33753755,60.20962515,
2026-06-10 21:31:00,1781127060,60.20962515,61.78382684,60.1078016,61.67457846,
2026-06-10 21:32:00,1781127120,61.67457846,65.05202841,60.8936682,64.3939197,
2026-06-10 21:33:00,1781127180,64.3939197,66.60682982,63.93598742,66.60682982,
2026-06-10 21:34:00,1781127240,66.60682982,66.91887929,63.52109167,65.37769752,
2026-06-10 21:35:00,1781127300,65.37769752,66.4966623,61.34694142,63.09638896,
2026-06-10 21:36:00,1781127360,63.09638896,63.52926904,61.56976342,62.76946887,
2026-06-10 21:37:00,1781127420,62.76946887,63.29022765,61.8047921,63.28369553,
2026-06-10 21:38:00,1781127480,63.28369553,63.45964102,61.65643292,63.23913536,
2026-06-10 21:39:00,1781127540,63.23913536,63.26725483,60.69608355,60.69608355,
2026-06-10 21:40:00,1781127600,60.69608355,62.61955264,60.37506758,62.61310182,
2026-06-10 21:41:00,1781127660,62.61310182,63.61054287,62.54100014,63.45903437,
2026-06-10 21:42:00,1781127720,63.45903437,64.26587506,62.76085626,64.25076259,
2026-06-10 21:43:00,1781127780,64.25076259,66.71434887,63.83058022,64.68631684,
2026-06-10 21:44:00,1781127840,64.68631684,67.15013018,64.61011759,67.14197086,
2026-06-10 21:45:00,1781127900,67.14197086,67.36504837,64.24786685,64.24786685,
2026-06-10 21:46:00,1781127960,64.24786685,66.45771141,63.84483524,66.00721815,
2026-06-10 21:47:00,1781128020,66.00721815,66.02097847,64.04016645,66.00685783,
2026-06-10 21:48:00,1781128080,66.00685783,66.95964955,65.94208461,66.43365869,
2026-06-10 21:49:00,1781128140,66.43365869,66.43365869,53.1321062,53.73480636,
2026-06-10 21:50:00,1781128200,53.73480636,53.73480636,41.75615638,50.54785294,
2026-06-10 21:51:00,1781128260,50.54785294,50.54785294,43.60360434,44.07424663,
2026-06-10 21:52:00,1781128320,44.07424663,47.06148109,43.88441903,46.81365364,
2026-06-10 21:53:00,1781128380,46.81365364,49.96911726,45.85354919,46.76876641,
2026-06-10 21:54:00,1781128440,46.76876641,49.30634487,46.76876641,48.55097057,
2026-06-10 21:55:00,1781128500,48.55097057,50.70389829,47.93329352,49.07125259,
2026-06-10 21:56:00,1781128560,49.07125259,51.99848187,48.97902381,51.99848187,
2026-06-10 21:57:00,1781128620,51.99848187,52.76691929,47.67555408,48.11844803,
2026-06-10 21:58:00,1781128680,48.11844803,51.67379226,46.53275998,51.61505473,
2026-06-10 21:59:00,1781128740,51.61505473,56.39496725,51.41963161,55.81217155,
2026-06-10 22:00:00,1781128800,55.81217155,56.43532685,49.00707098,51.93327948,
2026-06-10 22:01:00,1781128860,51.93327948,52.86909801,49.46844041,49.59113911,
2026-06-10 22:02:00,1781128920,49.59113911,51.06270649,47.56066465,47.64894141,
2026-06-10 22:03:00,1781128980,47.64894141,51.85972705,47.28917789,50.66447894,
2026-06-10 22:04:00,1781129040,50.66447894,50.66447894,47.66246881,48.40404861,
2026-06-10 22:05:00,1781129100,48.40404861,51.68639341,48.19220361,48.98597103,
2026-06-10 22:06:00,1781129160,48.98597103,52.98107503,48.44752833,51.63663271,
2026-06-10 22:07:00,1781129220,51.63663271,53.89490214,50.83960736,53.59594801,
2026-06-10 22:08:00,1781129280,53.59594801,54.71511604,52.56593663,54.61039073,
2026-06-10 22:09:00,1781129340,54.61039073,54.73121111,53.61927,54.52416394,
2026-06-10 22:10:00,1781129400,54.52416394,57.6570802,54.50757552,56.79102091,
2026-06-10 22:11:00,1781129460,56.79102091,57.63484991,52.16395953,52.20124412,
2026-06-10 22:12:00,1781129520,52.20124412,56.28949257,51.36646615,53.86942642,
2026-06-10 22:13:00,1781129580,53.86942642,54.60477666,51.26664702,52.44466393,
2026-06-10 22:14:00,1781129640,52.44466393,53.56358806,52.01550922,53.40659777,
2026-06-10 22:15:00,1781129700,53.40659777,53.40659777,49.31537988,49.83774402,
2026-06-10 22:16:00,1781129760,49.83774402,51.22920438,48.89709306,49.58180552,
2026-06-10 22:17:00,1781129820,49.58180552,49.8813691,47.52503581,48.17204091,
2026-06-10 22:18:00,1781129880,48.17204091,50.21657684,47.90822994,50.05506338,
2026-06-10 22:19:00,1781129940,50.05506338,55.83984956,48.74171594,48.94942188,
2026-06-10 22:20:00,1781130000,48.94942188,51.2386133,47.7915519,50.05284604,
2026-06-10 22:21:00,1781130060,50.05284604,57.46224856,50.05228526,56.50829859,
2026-06-10 22:22:00,1781130120,56.50829859,57.01628043,53.53350923,54.4529378,
2026-06-10 22:23:00,1781130180,54.4529378,55.3468304,53.01541503,55.15750151,
2026-06-10 22:24:00,1781130240,55.15750151,57.55440883,51.91388766,57.33282267,
2026-06-10 22:25:00,1781130300,57.33282267,60.1596554,54.91014915,59.85954792,
2026-06-10 22:26:00,1781130360,59.85954792,59.85954792,55.73770265,56.8523524,
2026-06-10 22:27:00,1781130420,56.8523524,59.31219581,55.56048281,58.33949059,
2026-06-10 22:28:00,1781130480,58.33949059,60.53400381,57.69855716,57.69855716,
2026-06-10 22:29:00,1781130540,57.69855716,57.71460754,53.94209154,55.4772176,
2026-06-10 22:30:00,1781130600,55.4772176,61.37210553,54.63279483,59.43969601,
2026-06-10 22:31:00,1781130660,59.43969601,64.79207867,59.43376431,64.06730918,
2026-06-10 22:32:00,1781130720,64.06730918,65.37861362,61.34314401,62.73046488,
2026-06-10 22:33:00,1781130780,62.73046488,63.18961064,61.20981752,61.57959054,
2026-06-10 22:34:00,1781130840,61.57959054,61.69819872,56.17894081,56.98956643,
2026-06-10 22:35:00,1781130900,56.98956643,61.12966421,56.86180824,60.9817742,
2026-06-10 22:36:00,1781130960,60.9817742,61.01690692,56.68597723,58.41313944,
2026-06-10 22:37:00,1781131020,58.41313944,62.72276044,57.60991455,61.13298294,
2026-06-10 22:38:00,1781131080,61.13298294,63.4171623,59.75779859,62.82815201,
2026-06-10 22:39:00,1781131140,62.82815201,62.82815201,60.90325868,61.86973322,
2026-06-10 22:40:00,1781131200,61.86973322,65.69206384,60.90446649,64.62726469,
2026-06-10 22:41:00,1781131260,64.62726469,64.62726469,62.55293447,63.96553151,
2026-06-10 22:42:00,1781131320,63.96553151,68.37217008,63.8851841,68.13029381,
2026-06-10 22:43:00,1781131380,68.13029381,74.29526931,68.12293741,72.28778133,
2026-06-10 22:44:00,1781131440,72.28778133,73.70260601,66.98477471,72.52448233,
2026-06-10 22:45:00,1781131500,72.52448233,73.14346803,64.57987095,66.33266408,
2026-06-10 22:46:00,1781131560,66.33266408,68.32139378,64.3135994,68.1261307,
2026-06-10 22:47:00,1781131620,68.1261307,68.1261307,63.80081525,63.93227656,
2026-06-10 22:48:00,1781131680,63.93227656,66.90169939,62.05001837,64.4507448,
2026-06-10 22:49:00,1781131740,64.4507448,64.4507448,61.17201715,63.13850751,
2026-06-10 22:50:00,1781131800,63.13850751,65.74598332,62.91255089,63.35659511,
2026-06-10 22:51:00,1781131860,63.35659511,65.28736845,62.65138928,63.23848539,
2026-06-10 22:52:00,1781131920,63.23848539,66.07358031,62.85610228,63.90546723,
2026-06-10 22:53:00,1781131980,63.90546723,63.91047813,59.74580748,63.22650613,
2026-06-10 22:54:00,1781132040,63.22650613,64.05856681,62.49759363,63.4164267,
2026-06-10 22:55:00,1781132100,63.4164267,65.11744421,61.69037147,62.12106943,
2026-06-10 22:56:00,1781132160,62.12106943,62.57742936,61.76041286,62.09495561,
2026-06-10 22:57:00,1781132220,62.09495561,62.99271346,61.01589915,62.99271346,
2026-06-10 22:58:00,1781132280,62.99271346,63.21789507,61.1934531,61.58527248,
2026-06-10 22:59:00,1781132340,61.58527248,61.59141753,58.72780544,60.12154217,
2026-06-10 23:00:00,1781132400,60.12154217,60.22861378,55.5029427,56.19582857,
2026-06-10 23:01:00,1781132460,56.19582857,58.89308511,56.19014473,57.79212376,
2026-06-10 23:02:00,1781132520,57.79212376,59.68727246,56.55054044,58.5992969,
2026-06-10 23:03:00,1781132580,58.5992969,59.96618213,57.81303208,58.54220954,
2026-06-10 23:04:00,1781132640,58.54220954,59.65930658,57.68875626,58.96963295,
2026-06-10 23:05:00,1781132700,58.96963295,60.06674239,58.01488328,59.08472849,
2026-06-10 23:06:00,1781132760,59.08472849,59.56311124,58.30653758,58.86052552,
2026-06-10 23:07:00,1781132820,58.86052552,60.00899873,57.10773319,59.75905693,
2026-06-10 23:08:00,1781132880,59.75905693,59.78164882,57.23658546,57.49351667,
2026-06-10 23:09:00,1781132940,57.49351667,59.17294327,52.86312371,54.07676149,
2026-06-10 23:10:00,1781133000,54.07676149,54.51078957,51.86373933,53.597932,
2026-06-10 23:11:00,1781133060,53.597932,53.82388905,51.09765087,53.68061239,
2026-06-10 23:12:00,1781133120,53.68061239,54.80373954,52.08807703,53.86924914,
2026-06-10 23:13:00,1781133180,53.86924914,55.15297897,53.20807765,53.71855252,
2026-06-10 23:14:00,1781133240,53.71855252,55.01851509,53.50087093,54.54763916,
2026-06-10 23:15:00,1781133300,54.54763916,55.44709842,52.17893624,54.26567226,
2026-06-10 23:16:00,1781133360,54.26567226,55.19463998,52.78631375,55.15608896,
2026-06-10 23:17:00,1781133420,55.15608896,58.27401459,54.82476232,57.81312548,
2026-06-10 23:18:00,1781133480,57.81312548,60.8931698,57.80166542,59.57740439,
2026-06-10 23:19:00,1781133540,59.57740439,67.54273867,58.38778699,64.91147555,
2026-06-10 23:20:00,1781133600,64.91147555,73.48507644,63.50932088,72.41046761,
2026-06-10 23:21:00,1781133660,72.41046761,73.97957978,69.88036992,72.64944531,
2026-06-10 23:22:00,1781133720,72.64944531,74.65232098,71.41211492,73.27788779,
2026-06-10 23:23:00,1781133780,73.27788779,74.83494179,72.44498657,73.29832286,
2026-06-10 23:24:00,1781133840,73.29832286,73.71203858,69.03627264,70.55584154,
2026-06-10 23:25:00,1781133900,70.55584154,74.47356529,68.66092997,68.90515505,
2026-06-10 23:26:00,1781133960,68.90515505,72.05747746,67.92672192,70.19536397,
2026-06-10 23:27:00,1781134020,70.19536397,72.68678795,69.50772162,72.25518219,
2026-06-10 23:28:00,1781134080,72.25518219,72.86234856,70.56598475,72.86234856,
2026-06-10 23:29:00,1781134140,72.86234856,76.56319776,72.56502833,74.51521944,
2026-06-10 23:30:00,1781134200,74.51521944,76.28249949,74.02858658,74.95786218,
2026-06-10 23:31:00,1781134260,74.95786218,74.95786218,69.22875948,70.46035741,
2026-06-10 23:32:00,1781134320,70.46035741,71.90715139,67.93946164,71.26196692,
2026-06-10 23:33:00,1781134380,71.26196692,71.79320809,67.38377062,67.79061776,
2026-06-10 23:34:00,1781134440,67.79061776,69.09610317,67.56684619,69.00610309,
2026-06-10 23:35:00,1781134500,69.00610309,72.3115023,69.00539354,70.92858422,
2026-06-10 23:36:00,1781134560,70.92858422,74.23131604,70.92858422,71.40288405,
2026-06-10 23:37:00,1781134620,71.40288405,71.73048677,70.76015561,71.31715743,
2026-06-10 23:38:00,1781134680,71.31715743,71.32335275,68.32121819,69.08724106,
2026-06-10 23:39:00,1781134740,69.08724106,69.10002894,66.93593151,67.53074534,
2026-06-10 23:40:00,1781134800,67.53074534,70.14582132,66.36989569,69.93607234,
2026-06-10 23:41:00,1781134860,69.93607234,72.36105768,69.24059136,71.69464962,
2026-06-10 23:42:00,1781134920,71.69464962,75.25975001,71.61725973,73.26051815,
2026-06-10 23:43:00,1781134980,73.26051815,74.35178963,72.36558879,72.52745248,
2026-06-10 23:44:00,1781135040,72.52745248,72.53448548,70.5507392,70.99277005,
2026-06-10 23:45:00,1781135100,70.99277005,70.99895477,67.23124728,69.6823247,
2026-06-10 23:46:00,1781135160,69.6823247,69.6823247,68.03143299,68.30443089,
2026-06-10 23:47:00,1781135220,68.30443089,69.70269972,67.1131443,69.6876377,
2026-06-10 23:48:00,1781135280,69.6876377,70.42197514,67.28851746,67.49101958,
2026-06-10 23:49:00,1781135340,67.49101958,67.49101958,65.81775055,66.42582979,
2026-06-10 23:50:00,1781135400,66.42582979,67.54686853,65.49142375,67.00423363,
2026-06-10 23:51:00,1781135460,67.00423363,68.80055477,66.56590002,67.86684304,
2026-06-10 23:52:00,1781135520,67.86684304,70.79593569,67.86684304,70.43505339,
2026-06-10 23:53:00,1781135580,70.43505339,73.24180429,70.31602636,71.2036527,
2026-06-10 23:54:00,1781135640,71.2036527,71.2036527,68.34921615,70.09725127,
2026-06-10 23:55:00,1781135700,70.09725127,70.67049865,69.04225939,69.18860667,
2026-06-10 23:56:00,1781135760,69.18860667,69.39694268,67.28569962,67.88451347,
2026-06-10 23:57:00,1781135820,67.88451347,68.13537094,66.36352075,66.54043489,
2026-06-10 23:58:00,1781135880,66.54043489,67.35552758,66.44274339,67.1361863,
2026-06-10 23:59:00,1781135940,67.1361863,68.89703975,66.74342888,67.06274632,
2026-06-11 00:00:00,1781136000,67.06274632,71.82370539,67.06274632,71.46453295,
2026-06-11 00:01:00,1781136060,71.46453295,74.30086682,70.67849025,74.23903787,
2026-06-11 00:02:00,1781136120,74.23903787,77.50540244,74.23903787,74.91565759,
2026-06-11 00:03:00,1781136180,74.91565759,75.48197848,73.26348829,73.30140201,
2026-06-11 00:04:00,1781136240,73.30140201,75.93969313,70.21729866,71.10649845,
2026-06-11 00:05:00,1781136300,71.10649845,75.28216365,70.95998078,74.71401853,
2026-06-11 00:06:00,1781136360,74.71401853,75.90410023,71.60438396,74.64314923,
2026-06-11 00:07:00,1781136420,74.64314923,77.49069801,74.61339668,75.8926163,
2026-06-11 00:08:00,1781136480,75.8926163,75.8926163,72.27739541,74.52799127,
2026-06-11 00:09:00,1781136540,74.52799127,74.52799127,70.53815825,72.94602977,
2026-06-11 00:10:00,1781136600,72.94602977,74.74165409,71.20092444,72.73688017,
2026-06-11 00:11:00,1781136660,72.73688017,76.48310284,72.73614069,76.31180459,
2026-06-11 00:12:00,1781136720,76.31180459,76.86055253,73.60863363,76.85914656,
2026-06-11 00:13:00,1781136780,76.85914656,79.4668324,76.7323489,77.34807949,
2026-06-11 00:14:00,1781136840,77.34807949,79.02073109,76.19297659,78.335814,
2026-06-11 00:15:00,1781136900,78.335814,86.23624766,78.335814,85.53269168,
2026-06-11 00:16:00,1781136960,85.53269168,91.65439213,83.95409032,89.05830154,
2026-06-11 00:17:00,1781137020,89.05830154,101.29252509,88.90479932,100.70380578,
2026-06-11 00:18:00,1781137080,100.70380578,100.70380578,87.46561088,89.61831713,
2026-06-11 00:19:00,1781137140,89.61831713,96.13824384,89.45102314,94.26126331,
2026-06-11 00:20:00,1781137200,94.26126331,97.91772387,92.53800094,96.09641015,
2026-06-11 00:21:00,1781137260,96.09641015,99.90153608,94.24950903,97.48595619,
2026-06-11 00:22:00,1781137320,97.48595619,97.61283752,91.16333536,91.77630422,
2026-06-11 00:23:00,1781137380,91.77630422,91.82832806,85.61002999,87.38945898,
2026-06-11 00:24:00,1781137440,87.38945898,88.22092065,83.38588672,88.10733483,
2026-06-11 00:25:00,1781137500,88.10733483,88.66754683,85.21559097,87.70312378,
2026-06-11 00:26:00,1781137560,87.70312378,88.96030084,86.28479846,88.67075968,
2026-06-11 00:27:00,1781137620,88.67075968,89.35687893,83.92696976,84.71554399,
2026-06-11 00:28:00,1781137680,84.71554399,89.30905113,83.6051022,89.30905113,
2026-06-11 00:29:00,1781137740,89.30905113,89.80632413,87.29780676,89.76273998,
2026-06-11 00:30:00,1781137800,89.76273998,90.74477023,87.17984587,87.78018812,
2026-06-11 00:31:00,1781137860,87.78018812,88.67831389,85.4379133,88.44258518,
2026-06-11 00:32:00,1781137920,88.44258518,89.75989967,87.69420413,88.65617418,
2026-06-11 00:33:00,1781137980,88.65617418,90.48695794,85.61593667,87.78838001,
2026-06-11 00:34:00,1781138040,87.78838001,89.83558843,84.21442387,84.21442387,
2026-06-11 00:35:00,1781138100,84.21442387,87.18038784,83.31140786,87.10904107,
2026-06-11 00:36:00,1781138160,87.10904107,87.13405394,80.774018,81.84140658,
2026-06-11 00:37:00,1781138220,81.84140658,85.19682161,81.17201996,85.00282543,
2026-06-11 00:38:00,1781138280,85.00282543,85.60721015,81.88522538,82.79944243,
2026-06-11 00:39:00,1781138340,82.79944243,82.8865544,80.53385991,81.78487252,
2026-06-11 00:40:00,1781138400,81.78487252,82.48946795,81.10789095,82.07613574,
2026-06-11 00:41:00,1781138460,82.07613574,85.77031009,81.46565706,85.43536137,
2026-06-11 00:42:00,1781138520,85.43536137,89.79564712,85.43536137,88.74309155,
2026-06-11 00:43:00,1781138580,88.74309155,90.11932236,86.41497314,86.43977018,
2026-06-11 00:44:00,1781138640,86.43977018,86.43977018,81.57257075,81.65851595,
2026-06-11 00:45:00,1781138700,81.65851595,87.60147748,81.65851595,86.39984683,
2026-06-11 00:46:00,1781138760,86.39984683,91.8069666,85.90673718,91.66683062,
2026-06-11 00:47:00,1781138820,91.66683062,93.56889629,86.69692777,87.21066957,
2026-06-11 00:48:00,1781138880,87.21066957,91.42101844,87.13790378,91.03411434,
2026-06-11 00:49:00,1781138940,91.03411434,91.03411434,88.7702752,90.13233767,
2026-06-11 00:50:00,1781139000,90.13233767,90.13233767,87.07134625,88.03617009,
2026-06-11 00:51:00,1781139060,88.03617009,88.62990579,84.6523123,86.46234056,
2026-06-11 00:52:00,1781139120,86.46234056,89.86823647,86.42821717,88.17308614,
2026-06-11 00:53:00,1781139180,88.17308614,88.39106966,85.21009963,85.22657023,
2026-06-11 00:54:00,1781139240,85.22657023,85.22657023,80.34874396,81.50723203,
2026-06-11 00:55:00,1781139300,81.50723203,83.61600247,80.22564235,82.44466342,
2026-06-11 00:56:00,1781139360,82.44466342,83.00899395,80.40019941,81.61180967,
2026-06-11 00:57:00,1781139420,81.61180967,82.53606818,81.24591684,82.17540422,
2026-06-11 00:58:00,1781139480,82.17540422,84.54289788,81.93634238,83.71554754,
2026-06-11 00:59:00,1781139540,83.71554754,85.61556255,79.99838744,80.12132764,
2026-06-11 01:00:00,1781139600,80.12132764,84.40301052,80.05004683,81.43750548,
2026-06-11 01:01:00,1781139660,81.43750548,88.1474008,81.41288609,87.95778775,
2026-06-11 01:02:00,1781139720,87.95778775,89.80887593,86.89065567,87.07231042,
2026-06-11 01:03:00,1781139780,87.07231042,88.47464731,85.73942896,86.56265396,
2026-06-11 01:04:00,1781139840,86.56265396,94.46723599,86.15250467,91.44596179,
2026-06-11 01:05:00,1781139900,91.44596179,95.61621872,88.91213982,93.61105112,
2026-06-11 01:06:00,1781139960,93.61105112,94.76558839,90.65321269,90.66480435,
2026-06-11 01:07:00,1781140020,90.66480435,90.66480435,86.3129384,88.34941021,
2026-06-11 01:08:00,1781140080,88.34941021,89.67858024,86.28620662,89.62416026,
2026-06-11 01:09:00,1781140140,89.62416026,90.37360066,86.1517726,86.8350144,
2026-06-11 01:10:00,1781140200,86.8350144,91.5396376,86.8350144,90.40973331,
2026-06-11 01:11:00,1781140260,90.40973331,91.76434203,89.71273015,90.44950356,
2026-06-11 01:12:00,1781140320,90.44950356,93.4209422,89.84932076,92.21292263,
2026-06-11 01:13:00,1781140380,92.21292263,101.66211205,90.90343299,100.88504202,
2026-06-11 01:14:00,1781140440,100.88504202,103.22240396,96.08120406,96.14448616,
2026-06-11 01:15:00,1781140500,96.14448616,101.36874378,94.2170177,96.30004179,
2026-06-11 01:16:00,1781140560,96.30004179,108.10985947,95.42858628,106.20932399,
2026-06-11 01:17:00,1781140620,106.20932399,106.60074573,98.65838156,102.19262961,
2026-06-11 01:18:00,1781140680,102.19262961,103.58160934,100.29497052,101.8572346,
2026-06-11 01:19:00,1781140740,101.8572346,110.75919421,101.846446,109.30406253,
2026-06-11 01:20:00,1781140800,109.30406253,109.30406253,101.2916858,102.06171259,
2026-06-11 01:21:00,1781140860,102.06171259,107.46147638,101.62853439,105.84333399,
2026-06-11 01:22:00,1781140920,105.84333399,107.45011793,100.22370966,102.54238756,
2026-06-11 01:23:00,1781140980,102.54238756,107.41426636,102.45402732,107.17847,
2026-06-11 01:24:00,1781141040,107.17847,108.55506804,105.01098851,106.33302035,
2026-06-11 01:25:00,1781141100,106.33302035,108.3193446,104.52034539,107.01770117,
2026-06-11 01:26:00,1781141160,107.01770117,112.23573225,104.32312471,104.56736101,
2026-06-11 01:27:00,1781141220,104.56736101,105.18302824,100.545703,104.83942252,
2026-06-11 01:28:00,1781141280,104.83942252,105.10672364,102.71415102,102.79229606,
2026-06-11 01:29:00,1781141340,102.79229606,105.72488156,101.30555704,105.41796133,
2026-06-11 01:30:00,1781141400,105.41796133,108.00008144,104.1394271,104.41551706,
2026-06-11 01:31:00,1781141460,104.41551706,104.41551706,98.91222874,99.28066451,
2026-06-11 01:32:00,1781141520,99.28066451,106.29102519,99.27975595,106.27549368,
2026-06-11 01:33:00,1781141580,106.27549368,106.50537249,100.12486757,101.48297185,
2026-06-11 01:34:00,1781141640,101.48297185,105.02771824,100.78651144,104.62013815,
2026-06-11 01:35:00,1781141700,104.62013815,104.62013815,100.33264656,102.26341103,
2026-06-11 01:36:00,1781141760,102.26341103,102.26341103,97.18963621,97.20654197,
2026-06-11 01:37:00,1781141820,97.20654197,99.24513984,96.19852463,97.9170308,
2026-06-11 01:38:00,1781141880,97.9170308,114.02246526,97.91612903,114.02246526,
2026-06-11 01:39:00,1781141940,114.02246526,114.87836559,108.86547298,111.98614103,
2026-06-11 01:40:00,1781142000,111.98614103,111.98614103,109.21723845,109.71057377,
2026-06-11 01:41:00,1781142060,109.71057377,124.01192074,109.71057377,123.17667159,
2026-06-11 01:42:00,1781142120,123.17667159,123.17667159,114.7504704,116.13351819,
2026-06-11 01:43:00,1781142180,116.13351819,118.65043975,114.53267742,115.59324749,
2026-06-11 01:44:00,1781142240,115.59324749,115.59324749,109.33631486,111.58248875,
2026-06-11 01:45:00,1781142300,111.58248875,111.95983772,108.82936185,108.86093331,
2026-06-11 01:46:00,1781142360,108.86093331,114.82495242,108.32578837,112.91293091,
2026-06-11 01:47:00,1781142420,112.91293091,115.30228298,111.39722579,111.83754611,
2026-06-11 01:48:00,1781142480,111.83754611,112.82976756,107.95756113,107.95756113,
2026-06-11 01:49:00,1781142540,107.95756113,113.80711635,107.73268904,111.61037123,
2026-06-11 01:50:00,1781142600,111.61037123,111.63141478,105.46370543,108.25847144,
2026-06-11 01:51:00,1781142660,108.25847144,113.45563008,108.21746743,111.85406984,
2026-06-11 01:52:00,1781142720,111.85406984,114.83605125,109.93278531,110.56748119,
2026-06-11 01:53:00,1781142780,110.56748119,112.62887192,109.83950158,110.87751278,
2026-06-11 01:54:00,1781142840,110.87751278,112.31352265,106.57797758,106.76485805,
2026-06-11 01:55:00,1781142900,106.76485805,106.78417243,102.42293384,103.04001749,
2026-06-11 01:56:00,1781142960,103.04001749,105.81277602,102.45363663,105.37298877,
2026-06-11 01:57:00,1781143020,105.37298877,108.56269387,105.15159332,108.56269387,
2026-06-11 01:58:00,1781143080,108.56269387,109.37356179,106.62494381,108.56159661,
2026-06-11 01:59:00,1781143140,108.56159661,111.40000407,105.02469424,105.28895106,
2026-06-11 02:00:00,1781143200,105.28895106,108.29761123,105.28895106,106.59442912,
2026-06-11 02:01:00,1781143260,106.59442912,109.38647815,102.70691259,109.38647815,
2026-06-11 02:02:00,1781143320,109.38647815,113.14421077,106.00728793,106.02649619,
2026-06-11 02:03:00,1781143380,106.02649619,108.52176947,104.02599921,107.3029197,
2026-06-11 02:04:00,1781143440,107.3029197,111.70120335,106.7178857,110.70422285,
2026-06-11 02:05:00,1781143500,110.70422285,111.45367927,105.44991039,106.96186659,
2026-06-11 02:06:00,1781143560,106.96186659,108.42073934,102.4043304,102.74711919,
2026-06-11 02:07:00,1781143620,102.74711919,103.23514944,100.63651442,101.21755762,
2026-06-11 02:08:00,1781143680,101.21755762,102.50575901,99.19204694,99.21980775,
2026-06-11 02:09:00,1781143740,99.21980775,101.35978787,98.69889453,101.14303075,
2026-06-11 02:10:00,1781143800,101.14303075,101.14303075,97.95797686,98.75968299,
2026-06-11 02:11:00,1781143860,98.75968299,99.48280111,96.79130514,96.89156352,
2026-06-11 02:12:00,1781143920,96.89156352,99.60456137,95.73346681,98.60482279,
2026-06-11 02:13:00,1781143980,98.60482279,101.2010291,98.49142644,99.98683818,
2026-06-11 02:14:00,1781144040,99.98683818,103.1787964,98.70592818,101.60842246,
2026-06-11 02:15:00,1781144100,101.60842246,104.37054386,101.52165682,102.85652088,
2026-06-11 02:16:00,1781144160,102.85652088,106.82023202,98.54704907,106.61730233,
2026-06-11 02:17:00,1781144220,106.61730233,110.20478482,104.94533984,110.17255304,
2026-06-11 02:18:00,1781144280,110.17255304,114.71552765,109.58728935,111.78526022,
2026-06-11 02:19:00,1781144340,111.78526022,114.79298896,109.91947445,113.56070416,
2026-06-11 02:20:00,1781144400,113.56070416,114.12326667,104.30112896,106.19163888,
2026-06-11 02:21:00,1781144460,106.19163888,106.19163888,96.09956655,96.78574449,
2026-06-11 02:22:00,1781144520,96.78574449,96.78574449,90.71035655,91.25237364,
2026-06-11 02:23:00,1781144580,91.25237364,94.59704192,90.60941568,92.32831911,
2026-06-11 02:24:00,1781144640,92.32831911,94.37581037,91.0729936,94.37581037,
2026-06-11 02:25:00,1781144700,94.37581037,95.11847979,92.51155895,93.96896558,
2026-06-11 02:26:00,1781144760,93.96896558,99.42917694,93.09613232,99.36036511,
2026-06-11 02:27:00,1781144820,99.36036511,100.62466735,93.99843502,94.00756319,
2026-06-11 02:28:00,1781144880,94.00756319,94.00756319,91.41435875,91.41435875,
2026-06-11 02:29:00,1781144940,91.41435875,91.45724175,90.03369332,91.14685206,
2026-06-11 02:30:00,1781145000,91.14685206,93.89767334,89.39178878,90.31010836,
2026-06-11 02:31:00,1781145060,90.31010836,91.22675049,84.76329106,84.85195536,
2026-06-11 02:32:00,1781145120,84.85195536,85.22852339,83.14839166,83.55633981,
2026-06-11 02:33:00,1781145180,83.55633981,86.69634153,83.55633981,85.74092735,
2026-06-11 02:34:00,1781145240,85.74092735,85.84181046,81.15052584,84.11331188,
2026-06-11 02:35:00,1781145300,84.11331188,86.74948476,83.40629927,85.57489732,
2026-06-11 02:36:00,1781145360,85.57489732,90.13764378,85.57489732,89.83497711,
2026-06-11 02:37:00,1781145420,89.83497711,92.13013094,89.73440281,90.09026076,
2026-06-11 02:38:00,1781145480,90.09026076,90.50166715,88.54970743,89.96450604,
2026-06-11 02:39:00,1781145540,89.96450604,94.03014895,89.62034044,91.54728905,
2026-06-11 02:40:00,1781145600,91.54728905,96.62751734,91.43140153,94.18369963,
2026-06-11 02:41:00,1781145660,94.18369963,94.832445,93.03545231,94.81602535,
2026-06-11 02:42:00,1781145720,94.81602535,94.81602535,90.69074372,91.34119552,
2026-06-11 02:43:00,1781145780,91.34119552,94.13111952,91.32073692,93.13248568,
2026-06-11 02:44:00,1781145840,93.13248568,93.77657533,91.19935702,92.09211388,
2026-06-11 02:45:00,1781145900,92.09211388,92.2598858,89.48063004,91.18306485,
2026-06-11 02:46:00,1781145960,91.18306485,91.86979552,87.79270633,88.1426903,
2026-06-11 02:47:00,1781146020,88.1426903,89.47146517,87.33892869,87.85099492,
2026-06-11 02:48:00,1781146080,87.85099492,88.88732693,87.01472333,87.51254051,
2026-06-11 02:49:00,1781146140,87.51254051,87.64407878,86.28038541,87.27545801,
2026-06-11 02:50:00,1781146200,87.27545801,94.03087556,87.20504932,93.04004254,
2026-06-11 02:51:00,1781146260,93.04004254,96.12299031,89.73098152,90.12948864,
2026-06-11 02:52:00,1781146320,90.12948864,92.36399189,90.12948864,92.2286008,
2026-06-11 02:53:00,1781146380,92.2286008,95.0932746,91.61501645,94.08791263,
2026-06-11 02:54:00,1781146440,94.08791263,98.59949771,93.40331988,95.42918787,
2026-06-11 02:55:00,1781146500,95.42918787,99.61855854,94.34553462,95.17890784,
2026-06-11 02:56:00,1781146560,95.17890784,105.05669575,95.17890784,102.38699412,
2026-06-11 02:57:00,1781146620,102.38699412,106.23212313,101.72121432,104.60411007,
2026-06-11 02:58:00,1781146680,104.60411007,105.1681561,101.45414475,101.45414475,
2026-06-11 02:59:00,1781146740,101.45414475,101.45414475,96.6812382,96.99726174,
2026-06-11 03:00:00,1781146800,96.99726174,99.14415924,96.32583083,98.20416345,
2026-06-11 03:01:00,1781146860,98.20416345,100.59806256,97.05707763,99.17712847,
2026-06-11 03:02:00,1781146920,99.17712847,99.6703246,95.9676145,98.46413033,
2026-06-11 03:03:00,1781146980,98.46413033,99.6163833,96.87014666,97.10792056,
2026-06-11 03:04:00,1781147040,97.10792056,97.60253194,95.84440434,97.29102211,
2026-06-11 03:05:00,1781147100,97.29102211,98.88095885,94.94028392,95.41478857,
2026-06-11 03:06:00,1781147160,95.41478857,95.42410707,88.64979241,89.58999015,
2026-06-11 03:07:00,1781147220,89.58999015,92.24570152,88.38154069,91.06657095,
2026-06-11 03:08:00,1781147280,91.06657095,91.07467102,88.49340251,90.81039793,
2026-06-11 03:09:00,1781147340,90.81039793,94.20866279,90.80057728,92.23704305,
2026-06-11 03:10:00,1781147400,92.23704305,92.71293307,90.07116961,90.92930787,
2026-06-11 03:11:00,1781147460,90.92930787,91.54749972,87.57302718,88.61375318,
2026-06-11 03:12:00,1781147520,88.61375318,88.61375318,83.55890251,83.84254133,
2026-06-11 03:13:00,1781147580,83.84254133,87.36853413,83.06457657,87.36853413,
2026-06-11 03:14:00,1781147640,87.36853413,90.91135122,87.06857771,88.44295314,
2026-06-11 03:15:00,1781147700,88.44295314,90.33138176,87.15831797,90.28514672,
2026-06-11 03:16:00,1781147760,90.28514672,91.02179357,88.81874209,90.78030338,
2026-06-11 03:17:00,1781147820,90.78030338,95.19002,90.17535688,92.29370575,
2026-06-11 03:18:00,1781147880,92.29370575,93.8973518,91.99126792,92.36335469,
2026-06-11 03:19:00,1781147940,92.36335469,92.63573016,88.28838032,88.30584039,
2026-06-11 03:20:00,1781148000,88.30584039,88.32243679,85.31081351,85.49600721,
2026-06-11 03:21:00,1781148060,85.49600721,89.046345,84.47245796,88.81983565,
2026-06-11 03:22:00,1781148120,88.81983565,90.67817716,86.45242902,87.35748058,
2026-06-11 03:23:00,1781148180,87.35748058,88.44946101,87.17865568,88.24748469,
2026-06-11 03:24:00,1781148240,88.24748469,91.88860765,87.83285307,91.79835763,
2026-06-11 03:25:00,1781148300,91.79835763,93.04972257,89.73085765,93.00268325,
2026-06-11 03:26:00,1781148360,93.00268325,93.00268325,90.74275261,92.10952297,
2026-06-11 03:27:00,1781148420,92.10952297,93.45702678,90.81544195,92.64592627,
2026-06-11 03:28:00,1781148480,92.64592627,93.00230013,91.98245341,92.93476676,
2026-06-11 03:29:00,1781148540,92.93476676,93.50241027,91.84267827,92.93350662,
2026-06-11 03:30:00,1781148600,92.93350662,95.70614434,92.31868717,94.86611898,
2026-06-11 03:31:00,1781148660,94.86611898,101.1658161,94.52505891,100.98269504,
2026-06-11 03:32:00,1781148720,100.98269504,109.73165662,100.16568697,106.59922232,
2026-06-11 03:33:00,1781148780,106.59922232,126.27853783,105.36722923,124.99355665,
2026-06-11 03:34:00,1781148840,124.99355665,138.31049216,122.07131808,122.98911628,
2026-06-11 03:35:00,1781148900,122.98911628,129.49727471,117.64322029,121.5871035,
2026-06-11 03:36:00,1781148960,121.5871035,123.74803949,112.26720117,116.03388582,
2026-06-11 03:37:00,1781149020,116.03388582,119.0768395,113.02111337,117.65726864,
2026-06-11 03:38:00,1781149080,117.65726864,119.20993208,114.46910307,115.3643237,
2026-06-11 03:39:00,1781149140,115.3643237,118.34866402,114.56538965,114.59492299,
2026-06-11 03:40:00,1781149200,114.59492299,117.93152704,112.66535917,113.50297663,
2026-06-11 03:41:00,1781149260,113.50297663,116.19947999,112.18576776,116.19947999,
2026-06-11 03:42:00,1781149320,116.19947999,119.31626738,113.9514429,117.90229807,
2026-06-11 03:43:00,1781149380,117.90229807,118.9992627,117.72260192,118.38811288,
2026-06-11 03:44:00,1781149440,118.38811288,118.38811288,112.85638784,114.01676686,
2026-06-11 03:45:00,1781149500,114.01676686,124.19229901,114.01676686,118.9591627,
2026-06-11 03:46:00,1781149560,118.9591627,119.00010415,114.64761947,115.81278462,
2026-06-11 03:47:00,1781149620,115.81278462,122.97714832,113.43370772,118.34543532,
2026-06-11 03:48:00,1781149680,118.34543532,124.31499184,115.8429813,118.52064355,
2026-06-11 03:49:00,1781149740,118.52064355,123.72855481,116.87018602,116.90822922,
2026-06-11 03:50:00,1781149800,116.90822922,124.61664968,116.90719604,123.25953778,
2026-06-11 03:51:00,1781149860,123.25953778,123.89844153,120.93393576,121.86417722,
2026-06-11 03:52:00,1781149920,121.86417722,127.25195861,118.46897609,122.65037516,
2026-06-11 03:53:00,1781149980,122.65037516,127.47324686,120.43361145,125.06251428,
2026-06-11 03:54:00,1781150040,125.06251428,125.06251428,122.63317296,123.25229938,
2026-06-11 03:55:00,1781150100,123.25229938,153.15925936,122.12000653,152.25601051,
2026-06-11 03:56:00,1781150160,152.25601051,168.71239065,145.90703522,153.12711354,
2026-06-11 03:57:00,1781150220,153.12711354,158.62474423,151.71787265,157.59268435,
2026-06-11 03:58:00,1781150280,157.59268435,164.16866458,151.69200237,153.02187671,
2026-06-11 03:59:00,1781150340,153.02187671,156.27502,147.38961014,147.38961014,
2026-06-11 04:00:00,1781150400,147.38961014,150.07967905,141.83177622,141.8448737,
2026-06-11 04:01:00,1781150460,141.8448737,142.13486531,133.40672326,134.73883794,
2026-06-11 04:02:00,1781150520,134.73883794,144.68499269,134.69947729,139.75782011,
2026-06-11 04:03:00,1781150580,139.75782011,139.75782011,133.75227324,137.86976056,
2026-06-11 04:04:00,1781150640,137.86976056,143.64974586,137.85581006,139.14264387,
2026-06-11 04:05:00,1781150700,139.14264387,139.14264387,134.21790498,136.83667791,
2026-06-11 04:06:00,1781150760,136.83667791,138.17120503,131.2629157,132.74806119,
2026-06-11 04:07:00,1781150820,132.74806119,136.14734324,132.32056466,134.31351152,
2026-06-11 04:08:00,1781150880,134.31351152,138.63108212,134.19935071,138.28003412,
2026-06-11 04:09:00,1781150940,138.28003412,138.88331806,133.59187875,137.93022246,
2026-06-11 04:10:00,1781151000,137.93022246,143.55215008,130.81867586,140.74602405,
2026-06-11 04:11:00,1781151060,140.74602405,145.40579456,136.62867454,144.98743491,
2026-06-11 04:12:00,1781151120,144.98743491,148.9466546,142.60455759,146.96521486,
2026-06-11 04:13:00,1781151180,146.96521486,152.6254276,144.81683012,148.33226383,
2026-06-11 04:14:00,1781151240,148.33226383,149.26689454,142.52296139,142.52296139,
2026-06-11 04:15:00,1781151300,142.52296139,143.03844607,138.81592467,142.13023309,
2026-06-11 04:16:00,1781151360,142.13023309,147.78462587,136.65382609,136.71773167,
2026-06-11 04:17:00,1781151420,136.71773167,139.05194749,135.95893413,138.12007161,
2026-06-11 04:18:00,1781151480,138.12007161,138.99586833,133.00940831,134.2524587,
2026-06-11 04:19:00,1781151540,134.2524587,139.61531282,134.15115211,139.58700364,
2026-06-11 04:20:00,1781151600,139.58700364,146.25915317,136.99344022,144.7389091,
2026-06-11 04:21:00,1781151660,144.7389091,146.03947327,136.14201117,136.51155949,
2026-06-11 04:22:00,1781151720,136.51155949,136.84122489,132.1661504,134.36521914,
2026-06-11 04:23:00,1781151780,134.36521914,136.77021443,132.5002381,135.3768247,
2026-06-11 04:24:00,1781151840,135.3768247,139.00773303,133.17113774,133.36938239,
2026-06-11 04:25:00,1781151900,133.36938239,134.51560471,130.7227597,132.83242631,
2026-06-11 04:26:00,1781151960,132.83242631,136.38893506,132.83242631,134.90888469,
2026-06-11 04:27:00,1781152020,134.90888469,134.90888469,131.4967685,132.25917571,
2026-06-11 04:28:00,1781152080,132.25917571,133.99050278,131.28237597,132.61236461,
2026-06-11 04:29:00,1781152140,132.61236461,134.84037534,132.50537264,133.77569857,
2026-06-11 04:30:00,1781152200,133.77569857,137.15007531,133.28319892,136.31848009,
2026-06-11 04:31:00,1781152260,136.31848009,137.858337,133.06337295,133.09622681,
2026-06-11 04:32:00,1781152320,133.09622681,133.23195568,129.89415201,132.85144951,
2026-06-11 04:33:00,1781152380,132.85144951,133.95550189,128.07466504,128.30590262,
2026-06-11 04:34:00,1781152440,128.30590262,130.09823457,124.55049264,126.07667388,
2026-06-11 04:35:00,1781152500,126.07667388,129.82974933,125.17749171,128.65176712,
2026-06-11 04:36:00,1781152560,128.65176712,132.66152715,127.69181739,132.11404886,
2026-06-11 04:37:00,1781152620,132.11404886,132.38566793,129.3632842,131.5162859,
2026-06-11 04:38:00,1781152680,131.5162859,141.24417378,131.5162859,139.61110274,
2026-06-11 04:39:00,1781152740,139.61110274,143.1448943,138.7828431,142.96001628,
2026-06-11 04:40:00,1781152800,142.96001628,145.232544,137.31963363,140.31305196,
2026-06-11 04:41:00,1781152860,140.31305196,140.38430448,135.20912089,136.56366324,
2026-06-11 04:42:00,1781152920,136.56366324,138.08939437,135.29620359,135.29620359,
2026-06-11 04:43:00,1781152980,135.29620359,136.13833395,133.39267725,135.7222356,
2026-06-11 04:44:00,1781153040,135.7222356,139.82849083,135.69214351,138.14023191,
2026-06-11 04:45:00,1781153100,138.14023191,143.84882121,138.14023191,143.12648842,
2026-06-11 04:46:00,1781153160,143.12648842,144.16441415,142.18775282,143.15126372,
2026-06-11 04:47:00,1781153220,143.15126372,153.16414217,142.85688133,151.10709219,
2026-06-11 04:48:00,1781153280,151.10709219,151.1349165,143.70132021,149.9950161,
2026-06-11 04:49:00,1781153340,149.9950161,154.57981186,148.70362478,151.07027663,
2026-06-11 04:50:00,1781153400,151.07027663,159.11542622,150.99575409,158.9686091,
2026-06-11 04:51:00,1781153460,158.9686091,159.11294285,151.98419194,151.99825723,
2026-06-11 04:52:00,1781153520,151.99825723,160.13738232,151.98853277,153.90504544,
2026-06-11 04:53:00,1781153580,153.90504544,155.15883776,149.59658362,151.48985958,
2026-06-11 04:54:00,1781153640,151.48985958,153.34430762,148.4438394,152.71254207,
2026-06-11 04:55:00,1781153700,152.71254207,153.75993563,146.67005827,147.11207924,
2026-06-11 04:56:00,1781153760,147.11207924,148.42862973,144.78981847,144.89760577,
2026-06-11 04:57:00,1781153820,144.89760577,145.14183378,141.36785433,142.19783789,
2026-06-11 04:58:00,1781153880,142.19783789,142.19783789,132.18756753,133.16372495,
2026-06-11 04:59:00,1781153940,133.16372495,137.95445725,132.30016433,135.59376639,
2026-06-11 05:00:00,1781154000,135.59376639,136.05991467,122.44757628,123.86314799,
2026-06-11 05:01:00,1781154060,123.86314799,125.0091577,120.30271635,120.49016662,
2026-06-11 05:02:00,1781154120,120.49016662,124.56160413,118.2119671,121.28406082,
2026-06-11 05:03:00,1781154180,121.28406082,122.37667515,118.49445367,120.67026556,
2026-06-11 05:04:00,1781154240,120.67026556,120.91155937,118.38827683,119.22735649,
2026-06-11 05:05:00,1781154300,119.22735649,119.42365009,117.64685593,119.29566975,
2026-06-11 05:06:00,1781154360,119.29566975,120.30089979,116.23143793,116.80176118,
2026-06-11 05:07:00,1781154420,116.80176118,121.63375644,116.6976006,119.5617473,
2026-06-11 05:08:00,1781154480,119.5617473,122.26951911,119.56069273,121.22432148,
2026-06-11 05:09:00,1781154540,121.22432148,124.47884769,120.83041835,123.98674011,
2026-06-11 05:10:00,1781154600,123.98674011,126.4566926,121.28758578,121.59245511,
2026-06-11 05:11:00,1781154660,121.59245511,122.17680914,119.55073178,120.31768262,
2026-06-11 05:12:00,1781154720,120.31768262,125.40092957,120.16558382,123.37406688,
2026-06-11 05:13:00,1781154780,123.37406688,123.91545423,120.24953614,120.55613848,
2026-06-11 05:14:00,1781154840,120.55613848,124.6127946,120.43738639,123.91125659,
2026-06-11 05:15:00,1781154900,123.91125659,127.56126343,122.01786934,125.80078843,
2026-06-11 05:16:00,1781154960,125.80078843,132.05314331,125.80078843,130.26454426,
2026-06-11 05:17:00,1781155020,130.26454426,134.27520303,129.00039045,130.39864674,
2026-06-11 05:18:00,1781155080,130.39864674,130.82715244,123.15962993,123.15962993,
2026-06-11 05:19:00,1781155140,123.15962993,128.76840461,122.45907933,123.17877634,
2026-06-11 05:20:00,1781155200,123.17877634,126.52672013,122.29587974,126.32389469,
2026-06-11 05:21:00,1781155260,126.32389469,131.49729992,126.1753757,131.20908327,
2026-06-11 05:22:00,1781155320,131.20908327,132.12343627,127.52836753,132.12231824,
2026-06-11 05:23:00,1781155380,132.12231824,132.8673217,125.72372769,125.72372769,
2026-06-11 05:24:00,1781155440,125.72372769,129.72164739,125.08251432,126.25341832,
2026-06-11 05:25:00,1781155500,126.25341832,126.73732683,121.89230773,124.95875729,
2026-06-11 05:26:00,1781155560,124.95875729,126.52379179,120.57474917,122.32999171,
2026-06-11 05:27:00,1781155620,122.32999171,123.48956365,116.22928959,116.22928959,
2026-06-11 05:28:00,1781155680,116.22928959,116.98124508,113.49910276,116.87782821,
2026-06-11 05:29:00,1781155740,116.87782821,120.17923464,116.57840611,119.3942812,
2026-06-11 05:30:00,1781155800,119.3942812,121.9614418,118.08551632,119.38241565,
2026-06-11 05:31:00,1781155860,119.38241565,119.64473938,115.18386218,116.54577814,
2026-06-11 05:32:00,1781155920,116.54577814,124.67803374,116.54473752,123.52652759,
2026-06-11 05:33:00,1781155980,123.52652759,126.02880927,120.40840017,122.41065961,
2026-06-11 05:34:00,1781156040,122.41065961,123.27160558,120.17034009,120.56917064,
2026-06-11 05:35:00,1781156100,120.56917064,121.43645653,115.83319668,116.81788826,
2026-06-11 05:36:00,1781156160,116.81788826,124.28176897,115.62183986,121.85614522,
2026-06-11 05:37:00,1781156220,121.85614522,123.79004514,120.43346933,122.23740304,
2026-06-11 05:38:00,1781156280,122.23740304,124.22632953,121.55719753,123.48259466,
2026-06-11 05:39:00,1781156340,123.48259466,123.48259466,117.661877,117.89579555,
2026-06-11 05:40:00,1781156400,117.89579555,119.66872341,117.02585734,118.30663398,
2026-06-11 05:41:00,1781156460,118.30663398,121.75227237,117.28329379,121.75120346,
2026-06-11 05:42:00,1781156520,121.75120346,123.46856346,120.88551312,122.13167254,
2026-06-11 05:43:00,1781156580,122.13167254,126.47570913,122.08238194,123.69929195,
2026-06-11 05:44:00,1781156640,123.69929195,126.38200505,122.09435261,125.74750713,
2026-06-11 05:45:00,1781156700,125.74750713,127.12642892,124.75702991,125.35688407,
2026-06-11 05:46:00,1781156760,125.35688407,126.28863054,123.42546411,124.62664302,
2026-06-11 05:47:00,1781156820,124.62664302,124.97155766,119.8760034,119.93551293,
2026-06-11 05:48:00,1781156880,119.93551293,121.16545351,116.63317956,119.47178594,
2026-06-11 05:49:00,1781156940,119.47178594,121.13134852,117.86719773,118.5590996,
2026-06-11 05:50:00,1781157000,118.5590996,120.48236385,115.84522773,116.871957,
2026-06-11 05:51:00,1781157060,116.871957,121.30470407,115.35847812,116.88569783,
2026-06-11 05:52:00,1781157120,116.88569783,116.88569783,114.7355866,116.21334723,
2026-06-11 05:53:00,1781157180,116.21334723,122.23956444,116.20173041,121.77675654,
2026-06-11 05:54:00,1781157240,121.77675654,121.78884907,115.23242098,116.57073082,
2026-06-11 05:55:00,1781157300,116.57073082,122.46644901,116.51144282,120.97950213,
2026-06-11 05:56:00,1781157360,120.97950213,123.69481684,117.45841061,118.64411871,
2026-06-11 05:57:00,1781157420,118.64411871,120.66770766,117.07165327,120.06304094,
2026-06-11 05:58:00,1781157480,120.06304094,120.93577466,116.60953391,116.76651197,
2026-06-11 05:59:00,1781157540,116.76651197,116.78989583,111.03162269,112.78187522,
2026-06-11 06:00:00,1781157600,112.78187522,114.32229852,110.78260369,112.91700081,
2026-06-11 06:01:00,1781157660,112.91700081,114.41604999,110.46903184,112.33423345,
2026-06-11 06:02:00,1781157720,112.33423345,112.51859369,110.80489728,111.09543442,
2026-06-11 06:03:00,1781157780,111.09543442,114.79949336,111.09441808,114.08412741,
2026-06-11 06:04:00,1781157840,114.08412741,114.12898725,106.05717811,106.05717811,
2026-06-11 06:05:00,1781157900,106.05717811,111.68731477,105.12017841,109.46339544,
2026-06-11 06:06:00,1781157960,109.46339544,110.05740729,106.34962027,109.73994978,
2026-06-11 06:07:00,1781158020,109.73994978,112.69062928,109.06724323,109.71363167,
2026-06-11 06:08:00,1781158080,109.71363167,117.97102217,109.59972573,117.26530253,
2026-06-11 06:09:00,1781158140,117.26530253,121.40772971,116.70614621,119.91200727,
2026-06-11 06:10:00,1781158200,119.91200727,122.43912132,118.40938011,121.54952069,
2026-06-11 06:11:00,1781158260,121.54952069,127.44490038,119.99245129,125.89246719,
2026-06-11 06:12:00,1781158320,125.89246719,136.33705883,125.48167549,136.33705883,
2026-06-11 06:13:00,1781158380,136.33705883,138.49602007,131.16755112,133.58382814,
2026-06-11 06:14:00,1781158440,133.58382814,134.89428635,132.27321418,133.62662839,
2026-06-11 06:15:00,1781158500,133.62662839,141.46494875,133.62662839,138.42174395,
2026-06-11 06:16:00,1781158560,138.42174395,146.01546112,136.42893569,136.87047678,
2026-06-11 06:17:00,1781158620,136.87047678,137.06264616,133.22449114,135.69211064,
2026-06-11 06:18:00,1781158680,135.69211064,135.69211064,125.37059655,126.1902549,
2026-06-11 06:19:00,1781158740,126.1902549,130.43981552,125.58605658,128.30108245,
2026-06-11 06:20:00,1781158800,128.30108245,138.0075306,128.29997442,137.35199147,
2026-06-11 06:21:00,1781158860,137.35199147,154.57605809,137.28369288,147.16453045,
2026-06-11 06:22:00,1781158920,147.16453045,147.16453045,141.19272027,142.17152521,
2026-06-11 06:23:00,1781158980,142.17152521,149.14358267,139.19278851,146.31190661,
2026-06-11 06:24:00,1781159040,146.31190661,152.10634668,142.18689427,149.28087379,
2026-06-11 06:25:00,1781159100,149.28087379,151.18105496,139.82670367,139.85427454,
2026-06-11 06:26:00,1781159160,139.85427454,141.97019009,132.77211734,134.32444742,
2026-06-11 06:27:00,1781159220,134.32444742,137.42200399,130.46047144,132.0406126,
2026-06-11 06:28:00,1781159280,132.0406126,133.72382507,130.30797325,131.7122465,
2026-06-11 06:29:00,1781159340,131.7122465,133.48376771,128.93314209,131.64881448,
2026-06-11 06:30:00,1781159400,131.64881448,133.22036229,128.48308265,128.59240814,
2026-06-11 06:31:00,1781159460,128.59240814,135.06559317,128.57725123,134.68126398,
2026-06-11 06:32:00,1781159520,134.68126398,139.83410347,134.34245902,137.42415732,
2026-06-11 06:33:00,1781159580,137.42415732,138.48086757,134.01783013,137.94745134,
2026-06-11 06:34:00,1781159640,137.94745134,143.26018324,136.55287012,140.5662492,
2026-06-11 06:35:00,1781159700,140.5662492,140.60811956,136.56275256,138.17825859,
2026-06-11 06:36:00,1781159760,138.17825859,145.38683078,137.21819627,143.03474971,
2026-06-11 06:37:00,1781159820,143.03474971,144.3472547,138.83402578,141.43928777,
2026-06-11 06:38:00,1781159880,141.43928777,142.42683724,139.08661111,142.15845561,
2026-06-11 06:39:00,1781159940,142.15845561,142.15845561,140.11104724,140.2752704,
2026-06-11 06:40:00,1781160000,140.2752704,141.70210489,139.98164288,140.03750196,
2026-06-11 06:41:00,1781160060,140.03750196,143.52683673,131.71205741,142.99452108,
2026-06-11 06:42:00,1781160120,142.99452108,142.99452108,136.20611552,137.23087081,
2026-06-11 06:43:00,1781160180,137.23087081,138.37332871,133.28155364,133.77842483,
2026-06-11 06:44:00,1781160240,133.77842483,137.73467169,133.51472858,137.70595379,
2026-06-11 06:45:00,1781160300,137.70595379,138.41879949,132.31875233,132.55333108,
2026-06-11 06:46:00,1781160360,132.55333108,132.84154343,126.42235117,128.05722063,
2026-06-11 06:47:00,1781160420,128.05722063,128.08100137,124.31386605,125.26012206,
2026-06-11 06:48:00,1781160480,125.26012206,125.83718918,122.81576763,125.57785965,
2026-06-11 06:49:00,1781160540,125.57785965,125.86689863,119.39737325,120.06348918,
2026-06-11 06:50:00,1781160600,120.06348918,121.93668585,118.93571124,120.99562827,
2026-06-11 06:51:00,1781160660,120.99562827,121.90313987,120.09023266,121.7897247,
2026-06-11 06:52:00,1781160720,121.7897247,122.38756727,119.16471464,119.59400549,
2026-06-11 06:53:00,1781160780,119.59400549,119.59400549,117.19285924,118.16869756,
2026-06-11 06:54:00,1781160840,118.16869756,120.8767322,116.62672316,120.86325974,
2026-06-11 06:55:00,1781160900,120.86325974,120.87459691,112.54133482,114.79731522,
2026-06-11 06:56:00,1781160960,114.79731522,116.36704495,113.26993532,114.14361923,
2026-06-11 06:57:00,1781161020,114.14361923,117.59503853,114.14361923,116.11176202,
2026-06-11 06:58:00,1781161080,116.11176202,119.68335441,115.94963383,117.41146681,
2026-06-11 06:59:00,1781161140,117.41146681,118.03661938,116.19962469,116.19962469,
2026-06-11 07:00:00,1781161200,116.19962469,117.30876369,114.50272208,115.13178768,
2026-06-11 07:01:00,1781161260,115.13178768,117.93306472,113.58018466,117.24754572,
2026-06-11 07:02:00,1781161320,117.24754572,119.94893142,109.36366376,109.36366376,
2026-06-11 07:03:00,1781161380,109.36366376,112.0858152,107.0071805,109.25604805,
2026-06-11 07:04:00,1781161440,109.25604805,110.6980536,107.30257952,107.45343272,
2026-06-11 07:05:00,1781161500,107.45343272,110.41179673,107.34302409,108.84261811,
2026-06-11 07:06:00,1781161560,108.84261811,110.69873403,107.72217642,108.83671433,
2026-06-11 07:07:00,1781161620,108.83671433,109.60376321,104.86810738,106.66203388,
2026-06-11 07:08:00,1781161680,106.66203388,110.27884612,106.66203388,110.27884612,
2026-06-11 07:09:00,1781161740,110.27884612,111.30292543,108.28255169,110.59315424,
2026-06-11 07:10:00,1781161800,110.59315424,114.04718075,109.08394927,113.44774921,
2026-06-11 07:11:00,1781161860,113.44774921,116.77701706,112.42696976,113.53920514,
2026-06-11 07:12:00,1781161920,113.53920514,114.3104582,109.66636236,110.11137204,
2026-06-11 07:13:00,1781161980,110.11137204,113.59109885,107.2287802,111.49059686,
2026-06-11 07:14:00,1781162040,111.49059686,114.73527238,111.47819685,112.85739596,
2026-06-11 07:15:00,1781162100,112.85739596,114.71465283,111.61642925,114.47830363,
2026-06-11 07:16:00,1781162160,114.47830363,117.44482047,111.78533189,116.61224218,
2026-06-11 07:17:00,1781162220,116.61224218,118.2457545,115.33194184,117.24613226,
2026-06-11 07:18:00,1781162280,117.24613226,121.88437588,116.78877848,118.93667492,
2026-06-11 07:19:00,1781162340,118.93667492,119.26762398,116.90879757,117.50031294,
2026-06-11 07:20:00,1781162400,117.50031294,124.45823236,117.14139823,124.31735449,
2026-06-11 07:21:00,1781162460,124.31735449,129.19197026,123.99392441,128.69431014,
2026-06-11 07:22:00,1781162520,128.69431014,131.64812017,124.65628303,126.30445952,
2026-06-11 07:23:00,1781162580,126.30445952,126.31244049,121.8337105,122.66194124,
2026-06-11 07:24:00,1781162640,122.66194124,128.65633358,121.96135649,128.64360594,
2026-06-11 07:25:00,1781162700,128.64360594,128.94427208,123.20546966,123.65868921,
2026-06-11 07:26:00,1781162760,123.65868921,125.46839126,123.06948049,124.4847708,
2026-06-11 07:27:00,1781162820,124.4847708,128.01120813,124.4847708,126.03377141,
2026-06-11 07:28:00,1781162880,126.03377141,127.13811637,124.85583922,126.46799431,
2026-06-11 07:29:00,1781162940,126.46799431,130.48220663,125.40386202,130.41323107,
2026-06-11 07:30:00,1781163000,130.41323107,137.29669586,130.41208854,131.36995979,
2026-06-11 07:31:00,1781163060,131.36995979,131.36995979,123.66540155,124.36379926,
2026-06-11 07:32:00,1781163120,124.36379926,125.15122197,123.60220566,124.5585443,
2026-06-11 07:33:00,1781163180,124.5585443,128.15986284,124.5585443,125.81297316,
2026-06-11 07:34:00,1781163240,125.81297316,126.14362203,121.47626708,121.6154417,
2026-06-11 07:35:00,1781163300,121.6154417,124.15989553,120.98720103,123.39251139,
2026-06-11 07:36:00,1781163360,123.39251139,126.26133339,121.42472123,121.80586194,
2026-06-11 07:37:00,1781163420,121.80586194,123.7100976,120.50227831,121.12787167,
2026-06-11 07:38:00,1781163480,121.12787167,121.12787167,115.35096044,115.90225571,
2026-06-11 07:39:00,1781163540,115.90225571,116.06846907,112.93539695,113.01886768,
2026-06-11 07:40:00,1781163600,113.01886768,113.06522938,110.11805769,110.91171801,
2026-06-11 07:41:00,1781163660,110.91171801,116.54873613,110.85337977,115.76135907,
2026-06-11 07:42:00,1781163720,115.76135907,120.9780398,115.70315724,119.6106892,
2026-06-11 07:43:00,1781163780,119.6106892,122.37207597,117.28455745,121.60817057,
2026-06-11 07:44:00,1781163840,121.60817057,121.75710383,117.23775348,120.03430697,
2026-06-11 07:45:00,1781163900,120.03430697,123.21964397,119.91380361,122.45535853,
2026-06-11 07:46:00,1781163960,122.45535853,125.24968087,122.4178317,125.14870986,
2026-06-11 07:47:00,1781164020,125.14870986,130.28781307,125.01082588,126.9834093,
2026-06-11 07:48:00,1781164080,126.9834093,128.82474384,125.81030757,126.41113108,
2026-06-11 07:49:00,1781164140,126.41113108,128.67970186,126.0968003,126.61396836,
2026-06-11 07:50:00,1781164200,126.61396836,127.97645718,126.17574805,126.71359984,
2026-06-11 07:51:00,1781164260,126.71359984,127.81137852,123.40427338,124.03869174,
2026-06-11 07:52:00,1781164320,124.03869174,124.03869174,122.22334497,122.63249953,
2026-06-11 07:53:00,1781164380,122.63249953,126.61787282,122.50168641,123.52236734,
2026-06-11 07:54:00,1781164440,123.52236734,125.71864416,122.7243945,125.17081312,
2026-06-11 07:55:00,1781164500,125.17081312,128.46969018,124.8879666,127.86139949,
2026-06-11 07:56:00,1781164560,127.86139949,129.43295866,126.78568424,128.53727993,
2026-06-11 07:57:00,1781164620,128.53727993,130.3064806,128.37155871,128.77515536,
2026-06-11 07:58:00,1781164680,128.77515536,129.13982835,126.48181476,126.49424502,
2026-06-11 07:59:00,1781164740,126.49424502,127.14139466,125.9226228,126.46657844,
2026-06-11 08:00:00,1781164800,126.46657844,133.53530521,126.42815486,131.84014995,
2026-06-11 08:01:00,1781164860,131.84014995,134.06567308,127.28953191,130.5284081,
2026-06-11 08:02:00,1781164920,130.5284081,135.54667733,129.54566361,132.45373459,
2026-06-11 08:03:00,1781164980,132.45373459,135.00825541,131.72839529,132.4943964,
2026-06-11 08:04:00,1781165040,132.4943964,132.71090374,129.26656991,129.27924853,
2026-06-11 08:05:00,1781165100,129.27924853,132.02925025,129.00093342,130.74379845,
2026-06-11 08:06:00,1781165160,130.74379845,134.31310212,130.49808286,134.17259855,
2026-06-11 08:07:00,1781165220,134.17259855,134.17259855,131.19887465,132.20808445,
2026-06-11 08:08:00,1781165280,132.20808445,133.33108534,130.81995774,133.27782301,
2026-06-11 08:09:00,1781165340,133.27782301,138.21253907,132.10842982,133.94804934,
2026-06-11 08:10:00,1781165400,133.94804934,136.59465768,133.83768026,134.70166496,
2026-06-11 08:11:00,1781165460,134.70166496,137.75741221,133.71263758,133.78531652,
2026-06-11 08:12:00,1781165520,133.78531652,135.65743622,133.78413701,135.15080451,
2026-06-11 08:13:00,1781165580,135.15080451,145.99916807,135.15080451,145.33414122,
2026-06-11 08:14:00,1781165640,145.33414122,145.33414122,136.86197592,139.39448774,
2026-06-11 08:15:00,1781165700,139.39448774,139.39448774,136.90385841,137.25411714,
2026-06-11 08:16:00,1781165760,137.25411714,137.25411714,134.45582848,135.13564021,
2026-06-11 08:17:00,1781165820,135.13564021,138.7135068,135.13564021,136.07201537,
2026-06-11 08:18:00,1781165880,136.07201537,141.10861206,136.07201537,140.25588702,
2026-06-11 08:19:00,1781165940,140.25588702,140.25588702,137.50145512,137.89958338,
2026-06-11 08:20:00,1781166000,137.89958338,137.89958338,135.94329324,136.57646262,
2026-06-11 08:21:00,1781166060,136.57646262,138.42180323,136.45746406,137.0681258,
2026-06-11 08:22:00,1781166120,137.0681258,144.35948758,137.0681258,143.64690351,
2026-06-11 08:23:00,1781166180,143.64690351,151.25261752,143.56826372,150.94785451,
2026-06-11 08:24:00,1781166240,150.94785451,153.00241943,148.30614712,151.42763271,
2026-06-11 08:25:00,1781166300,151.42763271,151.5417839,146.75891311,148.71274398,
2026-06-11 08:26:00,1781166360,148.71274398,151.09488827,147.8265002,148.40098555,
2026-06-11 08:27:00,1781166420,148.40098555,151.69898696,147.71416141,150.21627036,
2026-06-11 08:28:00,1781166480,150.21627036,155.33451743,149.55646612,153.62213253,
2026-06-11 08:29:00,1781166540,153.62213253,154.16147427,152.42569272,153.94641201,
2026-06-11 08:30:00,1781166600,153.94641201,155.60943251,151.80377115,152.07393611,
2026-06-11 08:31:00,1781166660,152.07393611,152.13082395,148.68629915,150.39349928,
2026-06-11 08:32:00,1781166720,150.39349928,153.79798428,149.39753345,150.26598299,
2026-06-11 08:33:00,1781166780,150.26598299,153.08337763,150.2041832,152.25951192,
2026-06-11 08:34:00,1781166840,152.25951192,153.28180071,150.44671203,151.07168415,
2026-06-11 08:35:00,1781166900,151.07168415,152.10151842,149.89732767,150.96483355,
2026-06-11 08:36:00,1781166960,150.96483355,151.06756526,149.25789563,149.31750269,
2026-06-11 08:37:00,1781167020,149.31750269,151.82788046,149.28176505,150.35767939,
2026-06-11 08:38:00,1781167080,150.35767939,150.35767939,148.86460327,149.05376596,
2026-06-11 08:39:00,1781167140,149.05376596,156.00677116,147.5511587,153.65618199,
2026-06-11 08:40:00,1781167200,153.65618199,153.65618199,151.02821117,151.23277081,
2026-06-11 08:41:00,1781167260,151.23277081,151.40019833,147.56324516,148.1001025,
2026-06-11 08:42:00,1781167320,148.1001025,148.26215651,143.26829347,143.46320167,
2026-06-11 08:43:00,1781167380,143.46320167,144.52249742,137.77523413,137.84294146,
2026-06-11 08:44:00,1781167440,137.84294146,138.95395951,137.00207614,138.43098747,
2026-06-11 08:45:00,1781167500,138.43098747,144.9986394,137.73920718,143.03946732,
2026-06-11 08:46:00,1781167560,143.03946732,146.47709786,140.93154927,146.38593315,
2026-06-11 08:47:00,1781167620,146.38593315,152.31590232,145.07717815,151.99578328,
2026-06-11 08:48:00,1781167680,151.99578328,166.51336515,151.90729351,160.86665979,
2026-06-11 08:49:00,1781167740,160.86665979,165.03984367,155.16173893,155.16173893,
2026-06-11 08:50:00,1781167800,155.16173893,158.56257532,154.78016751,155.92506284,
2026-06-11 08:51:00,1781167860,155.92506284,160.72204133,153.42051979,153.42051979,
2026-06-11 08:52:00,1781167920,153.42051979,153.78234761,149.3245754,151.78807962,
2026-06-11 08:53:00,1781167980,151.78807962,152.00397001,150.22185381,151.24224965,
2026-06-11 08:54:00,1781168040,151.24224965,151.67956489,150.74092755,151.2672614,
2026-06-11 08:55:00,1781168100,151.2672614,152.87996171,150.48730556,150.95509393,
2026-06-11 08:56:00,1781168160,150.95509393,151.07102816,145.98841877,147.39427044,
2026-06-11 08:57:00,1781168220,147.39427044,148.56023405,144.39245208,148.06265463,
2026-06-11 08:58:00,1781168280,148.06265463,149.54024451,147.85325393,148.2412301,
2026-06-11 08:59:00,1781168340,148.2412301,152.16741321,147.98978194,152.16741321,
2026-06-11 09:00:00,1781168400,152.16741321,152.19661592,145.19741058,148.40007244,
2026-06-11 09:01:00,1781168460,148.40007244,148.77104154,145.44642047,146.74171771,
2026-06-11 09:02:00,1781168520,146.74171771,151.19478563,146.52507308,150.41349363,
2026-06-11 09:03:00,1781168580,150.41349363,151.62157788,149.41113757,151.02453052,
2026-06-11 09:04:00,1781168640,151.02453052,151.70152717,144.19726093,144.87564407,
2026-06-11 09:05:00,1781168700,144.87564407,146.28293233,140.22680673,140.73513863,
2026-06-11 09:06:00,1781168760,140.73513863,140.73513863,137.54112625,139.25174694,
2026-06-11 09:07:00,1781168820,139.25174694,139.96072154,134.62539816,136.24662038,
2026-06-11 09:08:00,1781168880,136.24662038,138.28280532,134.50928844,135.73500011,
2026-06-11 09:09:00,1781168940,135.73500011,135.96443037,133.74471752,135.81954896,
2026-06-11 09:10:00,1781169000,135.81954896,139.30792939,135.81714163,137.76684798,
2026-06-11 09:11:00,1781169060,137.76684798,137.77917845,133.77864037,133.78946653,
2026-06-11 09:12:00,1781169120,133.78946653,134.93974326,132.41277732,134.44139006,
2026-06-11 09:13:00,1781169180,134.44139006,136.84807969,131.53513393,131.86983546,
2026-06-11 09:14:00,1781169240,131.86983546,137.54503624,130.71204682,137.09672439,
2026-06-11 09:15:00,1781169300,137.09672439,137.09672439,130.43859099,131.50184273,
2026-06-11 09:16:00,1781169360,131.50184273,131.77733247,126.38465592,129.07995835,
2026-06-11 09:17:00,1781169420,129.07995835,129.2083913,126.25993836,128.7293878,
2026-06-11 09:18:00,1781169480,128.7293878,134.3903732,128.7293878,134.24199784,
2026-06-11 09:19:00,1781169540,134.24199784,137.0316362,133.38437498,133.90922171,
2026-06-11 09:20:00,1781169600,133.90922171,133.90922171,129.12579494,130.26764145,
2026-06-11 09:21:00,1781169660,130.26764145,130.50334256,127.97852017,128.10504525,
2026-06-11 09:22:00,1781169720,128.10504525,129.59159584,126.51572001,129.00437208,
2026-06-11 09:23:00,1781169780,129.00437208,130.53174575,127.38015656,129.74522915,
2026-06-11 09:24:00,1781169840,129.74522915,130.70143233,126.68047984,130.65897475,
2026-06-11 09:25:00,1781169900,130.65897475,132.78562105,128.28606984,131.34863798,
2026-06-11 09:26:00,1781169960,131.34863798,131.43865133,128.14282871,129.60611658,
2026-06-11 09:27:00,1781170020,129.60611658,130.61633906,128.14478792,130.02541361,
2026-06-11 09:28:00,1781170080,130.02541361,131.69091264,129.74754288,131.56416899,
2026-06-11 09:29:00,1781170140,131.56416899,131.57721853,129.10088121,130.78403486,
2026-06-11 09:30:00,1781170200,130.78403486,134.72017784,129.80476816,130.14243149,
2026-06-11 09:31:00,1781170260,130.14243149,143.11970865,129.84581858,141.69665444,
2026-06-11 09:32:00,1781170320,141.69665444,142.22761492,136.18030049,139.91900798,
2026-06-11 09:33:00,1781170380,139.91900798,141.2744175,137.42014684,140.2345035,
2026-06-11 09:34:00,1781170440,140.2345035,145.23578834,138.10529761,144.9469259,
2026-06-11 09:35:00,1781170500,144.9469259,147.78199832,138.93475519,139.07509503,
2026-06-11 09:36:00,1781170560,139.07509503,142.37841522,139.04639054,141.11172383,
2026-06-11 09:37:00,1781170620,141.11172383,141.1801237,138.7825161,139.990591,
2026-06-11 09:38:00,1781170680,139.990591,140.68214623,137.39485856,137.84713462,
2026-06-11 09:39:00,1781170740,137.84713462,140.64527558,137.17073019,137.18438707,
2026-06-11 09:40:00,1781170800,137.18438707,137.89223983,136.32370739,136.62720174,
2026-06-11 09:41:00,1781170860,136.62720174,136.63961412,133.29520939,133.60138769,
2026-06-11 09:42:00,1781170920,133.60138769,137.1386839,133.3424282,135.41600576,
2026-06-11 09:43:00,1781170980,135.41600576,135.45192975,132.54821559,132.63404256,
2026-06-11 09:44:00,1781171040,132.63404256,137.84862421,132.63404256,137.14766161,
2026-06-11 09:45:00,1781171100,137.14766161,137.18752987,133.86845831,136.46744068,
2026-06-11 09:46:00,1781171160,136.46744068,136.49867132,135.55006008,135.60739108,
2026-06-11 09:47:00,1781171220,135.60739108,135.91878564,132.68236403,133.24004233,
2026-06-11 09:48:00,1781171280,133.24004233,136.53219023,132.72616233,135.41199588,
2026-06-11 09:49:00,1781171340,135.41199588,136.07242333,132.6981183,135.58625495,
2026-06-11 09:50:00,1781171400,135.58625495,135.58625495,133.98856621,134.92050133,
2026-06-11 09:51:00,1781171460,134.92050133,142.20989566,134.74248615,140.45771814,
2026-06-11 09:52:00,1781171520,140.45771814,143.92403656,138.75755806,138.94853095,
2026-06-11 09:53:00,1781171580,138.94853095,139.2188072,136.45927465,138.86359643,
2026-06-11 09:54:00,1781171640,138.86359643,139.67053596,135.08559162,139.47905064,
2026-06-11 09:55:00,1781171700,139.47905064,141.45302402,136.92131102,137.11030833,
2026-06-11 09:56:00,1781171760,137.11030833,137.70013512,132.50783333,132.50783333,
2026-06-11 09:57:00,1781171820,132.50783333,132.50783333,129.94526382,130.23085097,
2026-06-11 09:58:00,1781171880,130.23085097,133.11531785,130.17688055,133.11531785,
2026-06-11 09:59:00,1781171940,133.11531785,136.33008091,131.30088826,133.32130692,
2026-06-11 10:00:00,1781172000,133.32130692,137.12729649,131.93624874,134.71501765,
2026-06-11 10:01:00,1781172060,134.71501765,138.35271537,131.47503152,133.63829191,
2026-06-11 10:02:00,1781172120,133.63829191,135.75344538,127.65031232,127.88128863,
2026-06-11 10:03:00,1781172180,127.88128863,128.97658151,126.05006052,127.01709198,
2026-06-11 10:04:00,1781172240,127.01709198,128.44563387,121.31019731,123.81143236,
2026-06-11 10:05:00,1781172300,123.81143236,126.67400677,122.62117454,126.13570387,
2026-06-11 10:06:00,1781172360,126.13570387,131.55670245,123.77187241,131.35685401,
2026-06-11 10:07:00,1781172420,131.35685401,137.81845279,131.35685401,136.44709335,
2026-06-11 10:08:00,1781172480,136.44709335,139.82996258,134.72854992,135.78403291,
2026-06-11 10:09:00,1781172540,135.78403291,135.78403291,130.07636167,134.13033974,
2026-06-11 10:10:00,1781172600,134.13033974,134.75453265,128.67168898,128.67168898,
2026-06-11 10:11:00,1781172660,128.67168898,132.07120724,127.78376651,132.07120724,
2026-06-11 10:12:00,1781172720,132.07120724,132.28805818,128.28272541,130.29687626,
2026-06-11 10:13:00,1781172780,130.29687626,135.20628664,128.6555367,133.1328145,
2026-06-11 10:14:00,1781172840,133.1328145,133.14631794,128.25978901,128.50169191,
2026-06-11 10:15:00,1781172900,128.50169191,131.52656951,128.3835776,129.84389082,
2026-06-11 10:16:00,1781172960,129.84389082,129.84389082,125.25730401,125.81057221,
2026-06-11 10:17:00,1781173020,125.81057221,125.88692898,114.80250171,117.67341614,
2026-06-11 10:18:00,1781173080,117.67341614,122.9054419,117.40359384,117.75733606,
2026-06-11 10:19:00,1781173140,117.75733606,119.53950785,113.52849334,118.5879277,
2026-06-11 10:20:00,1781173200,118.5879277,120.49223207,117.91874443,118.92573912,
2026-06-11 10:21:00,1781173260,118.92573912,122.59226633,118.73120725,121.19830464,
2026-06-11 10:22:00,1781173320,121.19830464,121.98663684,115.88886965,116.43174343,
2026-06-11 10:23:00,1781173380,116.43174343,120.27115225,116.37603611,119.73679299,
2026-06-11 10:24:00,1781173440,119.73679299,119.96066988,116.51718868,118.22562385,
2026-06-11 10:25:00,1781173500,118.22562385,119.86745016,117.70108725,119.45698938,
2026-06-11 10:26:00,1781173560,119.45698938,119.46826405,115.21196556,117.30325789,
2026-06-11 10:27:00,1781173620,117.30325789,118.2800001,115.97568364,117.66490393,
2026-06-11 10:28:00,1781173680,117.66490393,119.97981228,117.44226598,119.26399849,
2026-06-11 10:29:00,1781173740,119.26399849,122.45239047,118.68855224,119.50930559,
2026-06-11 10:30:00,1781173800,119.50930559,124.02713818,118.19964347,123.7073425,
2026-06-11 10:31:00,1781173860,123.7073425,128.8220946,123.70618846,125.37178431,
2026-06-11 10:32:00,1781173920,125.37178431,125.38384722,123.35128413,124.79546291,
2026-06-11 10:33:00,1781173980,124.79546291,124.79546291,120.6035854,121.07346215,
2026-06-11 10:34:00,1781174040,121.07346215,127.56103435,121.07346215,122.47269371,
2026-06-11 10:35:00,1781174100,122.47269371,125.70479871,121.33312543,125.70479871,
2026-06-11 10:36:00,1781174160,125.70479871,128.82652696,125.65180941,128.13000761,
2026-06-11 10:37:00,1781174220,128.13000761,129.51725417,125.63995325,128.05809489,
2026-06-11 10:38:00,1781174280,128.05809489,131.72339054,127.35538776,129.20410049,
2026-06-11 10:39:00,1781174340,129.20410049,129.29466904,122.52832485,123.27897593,
2026-06-11 10:40:00,1781174400,123.27897593,125.75629063,122.99202132,123.56533287,
2026-06-11 10:41:00,1781174460,123.56533287,124.56768675,120.91297226,123.34974148,
2026-06-11 10:42:00,1781174520,123.34974148,125.57802205,121.63833176,124.43228303,
2026-06-11 10:43:00,1781174580,124.43228303,127.5452601,124.07804473,124.84661937,
2026-06-11 10:44:00,1781174640,124.84661937,128.1288023,123.54961422,125.35195093,
2026-06-11 10:45:00,1781174700,125.35195093,125.87153113,124.41956063,124.41956063,
2026-06-11 10:46:00,1781174760,124.41956063,128.8846504,123.33655905,127.48599595,
2026-06-11 10:47:00,1781174820,127.48599595,129.68250542,126.07878693,128.34518797,
2026-06-11 10:48:00,1781174880,128.34518797,128.53042843,127.16368067,127.59097299,
2026-06-11 10:49:00,1781174940,127.59097299,128.29842548,126.16180721,128.1375982,
2026-06-11 10:50:00,1781175000,128.1375982,129.48572524,126.0503351,128.25658593,
2026-06-11 10:51:00,1781175060,128.25658593,145.22768704,127.99861411,139.51865167,
2026-06-11 10:52:00,1781175120,139.51865167,139.51865167,131.23636641,136.10468862,
2026-06-11 10:53:00,1781175180,136.10468862,138.0586337,132.8899315,136.34092901,
2026-06-11 10:54:00,1781175240,136.34092901,145.73666784,135.08250581,144.55156446,
2026-06-11 10:55:00,1781175300,144.55156446,157.12682473,138.99465968,156.0301234,
2026-06-11 10:56:00,1781175360,156.0301234,156.46499795,138.68636453,139.75066409,
2026-06-11 10:57:00,1781175420,139.75066409,151.13178384,139.75066409,149.07833748,
2026-06-11 10:58:00,1781175480,149.07833748,155.89147936,147.53226024,151.02642154,
2026-06-11 10:59:00,1781175540,151.02642154,162.67611173,149.42406425,152.70120732,
2026-06-11 11:00:00,1781175600,152.70120732,152.94981965,141.21354521,141.26288049,
2026-06-11 11:01:00,1781175660,141.26288049,153.94912037,141.25542263,153.918317,
2026-06-11 11:02:00,1781175720,153.918317,158.75705384,152.45093242,156.9296909,
2026-06-11 11:03:00,1781175780,156.9296909,162.93785517,156.77513298,156.94178724,
2026-06-11 11:04:00,1781175840,156.94178724,161.2417911,156.8300243,158.30138341,
2026-06-11 11:05:00,1781175900,158.30138341,160.46513978,152.0442707,155.52444642,
2026-06-11 11:06:00,1781175960,155.52444642,155.52444642,150.45516879,151.74626721,
2026-06-11 11:07:00,1781176020,151.74626721,153.8480696,146.14047721,146.88886897,
2026-06-11 11:08:00,1781176080,146.88886897,148.61414365,135.50235902,148.52158728,
2026-06-11 11:09:00,1781176140,148.52158728,150.41915427,146.37103299,150.32697948,
2026-06-11 11:10:00,1781176200,150.32697948,155.54690796,150.32697948,154.99186947,
2026-06-11 11:11:00,1781176260,154.99186947,160.81989492,154.73839881,159.97353991,
2026-06-11 11:12:00,1781176320,159.97353991,160.60961872,152.25080817,157.00922671,
2026-06-11 11:13:00,1781176380,157.00922671,157.54067712,154.00111066,156.9030758,
2026-06-11 11:14:00,1781176440,156.9030758,158.43744491,156.67602365,157.40827284,
2026-06-11 11:15:00,1781176500,157.40827284,157.40827284,150.74554376,154.65640488,
2026-06-11 11:16:00,1781176560,154.65640488,156.28753343,154.19809514,155.91742384,
2026-06-11 11:17:00,1781176620,155.91742384,163.3393708,155.74440318,160.80750209,
2026-06-11 11:18:00,1781176680,160.80750209,160.87153976,148.66388247,151.64884499,
2026-06-11 11:19:00,1781176740,151.64884499,152.03781944,144.33017005,147.01270487,
2026-06-11 11:20:00,1781176800,147.01270487,147.79410552,144.94467684,147.18074148,
2026-06-11 11:21:00,1781176860,147.18074148,150.35924068,144.16621818,150.17036698,
2026-06-11 11:22:00,1781176920,150.17036698,153.83191579,149.91673162,152.86246102,
2026-06-11 11:23:00,1781176980,152.86246102,153.71516152,152.60191518,153.06800992,
2026-06-11 11:24:00,1781177040,153.06800992,155.26121173,151.36778667,153.77070714,
2026-06-11 11:25:00,1781177100,153.77070714,153.97700675,147.01559825,148.87909227,
2026-06-11 11:26:00,1781177160,148.87909227,149.10351216,144.53474859,144.56414628,
2026-06-11 11:27:00,1781177220,144.56414628,149.47521734,143.99047906,148.37201741,
2026-06-11 11:28:00,1781177280,148.37201741,155.49878077,147.4250779,155.07717615,
2026-06-11 11:29:00,1781177340,155.07717615,159.74866342,151.85727632,153.00212894,
2026-06-11 11:30:00,1781177400,153.00212894,162.85462562,152.66477501,158.9739258,
2026-06-11 11:31:00,1781177460,158.9739258,167.49911133,155.66007245,166.65693759,
2026-06-11 11:32:00,1781177520,166.65693759,169.95810079,159.96344348,160.28704061,
2026-06-11 11:33:00,1781177580,160.28704061,162.81846461,156.59313418,161.2358139,
2026-06-11 11:34:00,1781177640,161.2358139,161.2358139,153.66153721,156.42057616,
2026-06-11 11:35:00,1781177700,156.42057616,158.04183238,151.73807444,152.35170224,
2026-06-11 11:36:00,1781177760,152.35170224,152.41159886,148.29866137,148.35872885,
2026-06-11 11:37:00,1781177820,148.35872885,150.97825708,143.24698262,143.73038872,
2026-06-11 11:38:00,1781177880,143.73038872,146.41019284,139.34195495,141.20445614,
2026-06-11 11:39:00,1781177940,141.20445614,149.29851647,140.07772259,147.54838458,
2026-06-11 11:40:00,1781178000,147.54838458,149.03991218,144.33119793,145.1665658,
2026-06-11 11:41:00,1781178060,145.1665658,149.85883905,143.52775606,146.04307157,
2026-06-11 11:42:00,1781178120,146.04307157,146.9881517,143.44160643,146.89559276,
2026-06-11 11:43:00,1781178180,146.89559276,147.64811848,144.56950893,146.7684341,
2026-06-11 11:44:00,1781178240,146.7684341,146.95814413,141.37701741,144.48133177,
2026-06-11 11:45:00,1781178300,144.48133177,144.48133177,139.63671708,140.93707214,
2026-06-11 11:46:00,1781178360,140.93707214,142.51994032,140.90676152,141.9556362,
2026-06-11 11:47:00,1781178420,141.9556362,143.23662901,139.32023188,139.32023188,
2026-06-11 11:48:00,1781178480,139.32023188,140.29199909,137.75560511,139.38367284,
2026-06-11 11:49:00,1781178540,139.38367284,144.32466609,136.77527674,144.32466609,
2026-06-11 11:50:00,1781178600,144.32466609,145.78668531,142.14704441,144.07396733,
2026-06-11 11:51:00,1781178660,144.07396733,160.91766605,142.43338158,155.8095201,
2026-06-11 11:52:00,1781178720,155.8095201,157.94842815,148.24025348,150.37739351,
2026-06-11 11:53:00,1781178780,150.37739351,152.54890096,148.11472725,150.26709003,
2026-06-11 11:54:00,1781178840,150.26709003,150.38888531,147.27955328,149.57368357,
2026-06-11 11:55:00,1781178900,149.57368357,149.57368357,142.13472757,142.84184739,
2026-06-11 11:56:00,1781178960,142.84184739,142.87970915,137.83098405,141.01732401,
2026-06-11 11:57:00,1781179020,141.01732401,143.04978979,138.33262305,138.85589908,
2026-06-11 11:58:00,1781179080,138.85589908,140.04302657,137.7853546,138.77098158,
2026-06-11 11:59:00,1781179140,138.77098158,139.91625124,136.7459458,137.57841375,
2026-06-11 12:00:00,1781179200,137.57841375,138.80650846,128.75682966,130.01496233,
2026-06-11 12:01:00,1781179260,130.01496233,134.05856391,129.77761999,129.80495416,
2026-06-11 12:02:00,1781179320,129.80495416,131.05879389,127.70311681,130.54757826,
2026-06-11 12:03:00,1781179380,130.54757826,130.84844104,124.65192168,125.54510563,
2026-06-11 12:04:00,1781179440,125.54510563,132.97547844,123.86838952,132.43105102,
2026-06-11 12:05:00,1781179500,132.43105102,137.25331135,132.19566015,134.84226327,
2026-06-11 12:06:00,1781179560,134.84226327,139.45449494,131.05431023,131.87981901,
2026-06-11 12:07:00,1781179620,131.87981901,131.87981901,124.72966775,127.65123701,
2026-06-11 12:08:00,1781179680,127.65123701,129.70875918,124.90529552,128.55713417,
2026-06-11 12:09:00,1781179740,128.55713417,130.12761983,123.7799233,125.2532671,
2026-06-11 12:10:00,1781179800,125.2532671,138.5333477,124.54889515,138.08909993,
2026-06-11 12:11:00,1781179860,138.08909993,145.8500786,134.5168552,145.8500786,
2026-06-11 12:12:00,1781179920,145.8500786,150.58735676,143.53426148,150.47848733,
2026-06-11 12:13:00,1781179980,150.47848733,151.05351647,139.1720253,139.1720253,
2026-06-11 12:14:00,1781180040,139.1720253,146.21977742,135.48067915,144.94547796,
2026-06-11 12:15:00,1781180100,144.94547796,147.30803941,139.12286783,142.08913389,
2026-06-11 12:16:00,1781180160,142.08913389,145.45909569,140.78725976,143.43139658,
2026-06-11 12:17:00,1781180220,143.43139658,146.01755391,139.06291239,139.14497846,
2026-06-11 12:18:00,1781180280,139.14497846,149.81374378,138.67098944,145.80585261,
2026-06-11 12:19:00,1781180340,145.80585261,146.22401624,137.67680907,137.71974043,
2026-06-11 12:20:00,1781180400,137.71974043,137.71974043,118.86536162,119.0212671,
2026-06-11 12:21:00,1781180460,119.0212671,120.95728517,109.14433066,111.3848845,
2026-06-11 12:22:00,1781180520,111.3848845,112.30290647,90.90782379,92.87742455,
2026-06-11 12:23:00,1781180580,92.87742455,101.74848978,89.25306751,100.14675592,
2026-06-11 12:24:00,1781180640,100.14675592,107.29353894,93.89553815,97.39907365,
2026-06-11 12:25:00,1781180700,97.39907365,103.27277942,96.42036673,98.6894066,
2026-06-11 12:26:00,1781180760,98.6894066,105.42412526,98.3211981,104.80700934,
2026-06-11 12:27:00,1781180820,104.80700934,105.34705762,95.31543239,99.26950647,
2026-06-11 12:28:00,1781180880,99.26950647,102.26195977,90.93469021,92.18428923,
2026-06-11 12:29:00,1781180940,92.18428923,96.20151154,91.84054276,91.84054276,
2026-06-11 12:30:00,1781181000,91.84054276,104.28709002,76.30397859,88.58808564,
2026-06-11 12:31:00,1781181060,88.58808564,95.75876856,83.34980269,89.71832895,
2026-06-11 12:32:00,1781181120,89.71832895,91.05176442,83.69259661,89.97127308,
2026-06-11 12:33:00,1781181180,89.97127308,91.79365846,83.40530928,86.11920185,
2026-06-11 12:34:00,1781181240,86.11920185,104.13203424,83.74741519,100.76149132,
2026-06-11 12:35:00,1781181300,100.76149132,107.31262411,99.26881949,102.11094093,
2026-06-11 12:36:00,1781181360,102.11094093,110.04932189,102.11094093,106.62430835,
2026-06-11 12:37:00,1781181420,106.62430835,108.51381816,100.50944274,100.70952264,
2026-06-11 12:38:00,1781181480,100.70952264,114.19942822,100.70952264,104.567424,
2026-06-11 12:39:00,1781181540,104.567424,111.34834201,102.82493469,102.84731011,
2026-06-11 12:40:00,1781181600,102.84731011,105.71835971,100.48491321,104.12914559,
2026-06-11 12:41:00,1781181660,104.12914559,110.51176558,101.24587875,109.14464385,
2026-06-11 12:42:00,1781181720,109.14464385,110.83158011,104.77509955,108.94984869,
2026-06-11 12:43:00,1781181780,108.94984869,110.00173764,100.57659053,100.57659053,
2026-06-11 12:44:00,1781181840,100.57659053,119.23697737,97.80168194,115.2322603,
2026-06-11 12:45:00,1781181900,115.2322603,117.56859886,107.94887329,116.1217046,
2026-06-11 12:46:00,1781181960,116.1217046,120.34253546,113.27843111,119.8904136,
2026-06-11 12:47:00,1781182020,119.8904136,123.18667583,111.00595902,113.31614802,
2026-06-11 12:48:00,1781182080,113.31614802,116.0458042,108.65528497,108.92602317,
2026-06-11 12:49:00,1781182140,108.92602317,118.15706264,106.27199725,118.15706264,
2026-06-11 12:50:00,1781182200,118.15706264,119.30333119,107.0858847,109.23769964,
2026-06-11 12:51:00,1781182260,109.23769964,120.13930192,108.95600469,119.96978029,
2026-06-11 12:52:00,1781182320,119.96978029,126.38188005,119.942225,121.63944648,
2026-06-11 12:53:00,1781182380,121.63944648,125.79277362,113.41868664,114.96630549,
2026-06-11 12:54:00,1781182440,114.96630549,116.97070887,113.13424805,114.58968222,
2026-06-11 12:55:00,1781182500,114.58968222,125.40702309,113.90770605,122.99370234,
2026-06-11 12:56:00,1781182560,122.99370234,124.16659609,119.34340911,121.04055731,
2026-06-11 12:57:00,1781182620,121.04055731,123.498924,116.08119699,117.53757257,
2026-06-11 12:58:00,1781182680,117.53757257,123.72359241,114.25427123,121.98956451,
2026-06-11 12:59:00,1781182740,121.98956451,123.03936936,118.9347539,119.36573892,
2026-06-11 13:00:00,1781182800,119.36573892,119.81591528,110.90139124,111.62021163,
2026-06-11 13:01:00,1781182860,111.62021163,115.42383498,109.1901246,109.25613478,
2026-06-11 13:02:00,1781182920,109.25613478,111.27317298,105.72811118,108.75239218,
2026-06-11 13:03:00,1781182980,108.75239218,109.15573972,105.16247875,107.64717203,
2026-06-11 13:04:00,1781183040,107.64717203,113.76964874,106.59682589,109.92109996,
2026-06-11 13:05:00,1781183100,109.92109996,110.16723426,104.65225142,107.94641539,
2026-06-11 13:06:00,1781183160,107.94641539,110.4504699,104.85048818,108.28837557,
2026-06-11 13:07:00,1781183220,108.28837557,110.25583715,105.95468345,107.96926574,
2026-06-11 13:08:00,1781183280,107.96926574,109.14901901,106.18932067,107.52337527,
2026-06-11 13:09:00,1781183340,107.52337527,107.52337527,104.04333938,105.04895748,
2026-06-11 13:10:00,1781183400,105.04895748,107.7924272,105.01299876,106.90634381,
2026-06-11 13:11:00,1781183460,106.90634381,110.01621729,100.33929145,102.70602546,
2026-06-11 13:12:00,1781183520,102.70602546,107.91904246,102.70602546,105.87187593,
2026-06-11 13:13:00,1781183580,105.87187593,108.58092344,105.00561551,105.8231357,
2026-06-11 13:14:00,1781183640,105.8231357,109.1160567,105.60017766,106.61114701,
2026-06-11 13:15:00,1781183700,106.61114701,109.59032681,106.27686396,109.0145549,
2026-06-11 13:16:00,1781183760,109.0145549,113.25574185,109.01232851,112.80342069,
2026-06-11 13:17:00,1781183820,112.80342069,113.10041332,109.74556843,110.7197367,
2026-06-11 13:18:00,1781183880,110.7197367,114.95452176,110.23349002,114.95452176,
2026-06-11 13:19:00,1781183940,114.95452176,117.83638446,113.41937812,117.34137794,
2026-06-11 13:20:00,1781184000,117.34137794,123.29485319,117.34137794,118.29127682,
2026-06-11 13:21:00,1781184060,118.29127682,119.55143682,117.19923477,118.30000141,
2026-06-11 13:22:00,1781184120,118.30000141,118.30000141,106.76287281,107.98795802,
2026-06-11 13:23:00,1781184180,107.98795802,109.31669822,104.96333017,105.0622343,
2026-06-11 13:24:00,1781184240,105.0622343,106.19974245,96.33117689,97.14705273,
2026-06-11 13:25:00,1781184300,97.14705273,98.97804019,95.11076883,98.08347894,
2026-06-11 13:26:00,1781184360,98.08347894,98.79045929,95.35645389,98.51029894,
2026-06-11 13:27:00,1781184420,98.51029894,99.47723585,96.32697306,98.65087859,
2026-06-11 13:28:00,1781184480,98.65087859,100.18476037,96.5402475,100.15645604,
2026-06-11 13:29:00,1781184540,100.15645604,100.1990861,94.18239005,96.72483667,
2026-06-11 13:30:00,1781184600,96.72483667,96.75742853,91.59280212,96.12463833,
2026-06-11 13:31:00,1781184660,96.12463833,96.75172267,86.55550149,89.54436959,
2026-06-11 13:32:00,1781184720,89.54436959,90.39159008,83.21761774,87.34131054,
2026-06-11 13:33:00,1781184780,87.34131054,96.86977217,87.30142579,92.19668197,
2026-06-11 13:34:00,1781184840,92.19668197,94.95798598,87.25257108,92.16140994,
2026-06-11 13:35:00,1781184900,92.16140994,103.50247641,88.66364158,103.28287804,
2026-06-11 13:36:00,1781184960,103.28287804,111.08549883,100.41725646,100.51571824,
2026-06-11 13:37:00,1781185020,100.51571824,108.02682134,98.57382302,106.05483023,
2026-06-11 13:38:00,1781185080,106.05483023,107.05812854,93.14340411,94.45093294,
2026-06-11 13:39:00,1781185140,94.45093294,105.53668014,94.45093294,99.77117387,
2026-06-11 13:40:00,1781185200,99.77117387,100.71152567,90.37956085,99.51021801,
2026-06-11 13:41:00,1781185260,99.51021801,100.8994416,86.73407483,90.4518963,
2026-06-11 13:42:00,1781185320,90.4518963,96.3130609,86.82505599,93.29587164,
2026-06-11 13:43:00,1781185380,93.29587164,106.1618614,93.29587164,104.60890834,
2026-06-11 13:44:00,1781185440,104.60890834,114.61291989,104.20022083,114.09031342,
2026-06-11 13:45:00,1781185500,114.09031342,134.45129225,110.87511896,124.34789911,
2026-06-11 13:46:00,1781185560,124.34789911,126.25375152,116.74382303,123.68040451,
2026-06-11 13:47:00,1781185620,123.68040451,128.14155544,116.86589665,123.53832903,
2026-06-11 13:48:00,1781185680,123.53832903,124.82875119,119.40897061,122.30239234,
2026-06-11 13:49:00,1781185740,122.30239234,126.26747285,119.49116525,119.54303023,
2026-06-11 13:50:00,1781185800,119.54303023,137.91450987,119.02177832,135.37154423,
2026-06-11 13:51:00,1781185860,135.37154423,135.44196019,123.39202568,127.02021154,
2026-06-11 13:52:00,1781185920,127.02021154,136.73301834,122.99504942,127.85334169,
2026-06-11 13:53:00,1781185980,127.85334169,147.98742071,121.78788592,146.60164618,
2026-06-11 13:54:00,1781186040,146.60164618,147.19238994,133.73760377,136.33391082,
2026-06-11 13:55:00,1781186100,136.33391082,136.33391082,127.99762076,130.18612224,
2026-06-11 13:56:00,1781186160,130.18612224,130.45160186,117.50853588,117.56004323,
2026-06-11 13:57:00,1781186220,117.56004323,119.39712023,110.03314945,110.6216992,
2026-06-11 13:58:00,1781186280,110.6216992,118.36316902,110.6216992,115.56151189,
2026-06-11 13:59:00,1781186340,115.56151189,122.560889,115.45967251,121.05401777,
2026-06-11 14:00:00,1781186400,121.05401777,122.94992071,115.79234214,118.44810079,
2026-06-11 14:01:00,1781186460,118.44810079,120.25624287,111.07865054,117.86443596,
2026-06-11 14:02:00,1781186520,117.86443596,120.18439404,112.84298143,115.87407312,
2026-06-11 14:03:00,1781186580,115.87407312,120.51357641,111.74543299,112.17521411,
2026-06-11 14:04:00,1781186640,112.17521411,123.38783632,109.58761843,122.93188731,
2026-06-11 14:05:00,1781186700,122.93188731,123.17125709,103.97845504,104.98311375,
2026-06-11 14:06:00,1781186760,104.98311375,109.66843253,100.83920958,101.05786198,
2026-06-11 14:07:00,1781186820,101.05786198,110.72773399,100.75180553,110.06166869,
2026-06-11 14:08:00,1781186880,110.06166869,110.31686933,105.01699252,110.31686933,
2026-06-11 14:09:00,1781186940,110.31686933,110.8304023,98.22533757,102.56774526,
2026-06-11 14:10:00,1781187000,102.56774526,105.11326901,91.82965169,91.82965169,
2026-06-11 14:11:00,1781187060,91.82965169,96.16349521,85.56179777,95.90928743,
2026-06-11 14:12:00,1781187120,95.90928743,97.94237556,87.74022566,89.97378297,
2026-06-11 14:13:00,1781187180,89.97378297,93.93982826,87.06659292,93.50997785,
2026-06-11 14:14:00,1781187240,93.50997785,94.73452777,88.57314389,90.02596139,
2026-06-11 14:15:00,1781187300,90.02596139,99.024549,88.69847409,94.56507992,
2026-06-11 14:16:00,1781187360,94.56507992,95.59414057,83.73891723,84.19665372,
2026-06-11 14:17:00,1781187420,84.19665372,93.56177089,84.19665372,91.14843405,
2026-06-11 14:18:00,1781187480,91.14843405,91.72285379,84.61130085,84.78841439,
2026-06-11 14:19:00,1781187540,84.78841439,92.99400004,83.49564464,90.13190424,
2026-06-11 14:20:00,1781187600,90.13190424,98.03294142,88.15614556,97.79198488,
2026-06-11 14:21:00,1781187660,97.79198488,100.64440324,93.82633257,100.55420183,
2026-06-11 14:22:00,1781187720,100.55420183,103.89431825,92.1437188,101.37169165,
2026-06-11 14:23:00,1781187780,101.37169165,110.07395741,101.00696963,104.53819576,
2026-06-11 14:24:00,1781187840,104.53819576,112.36402715,101.09661379,106.46790448,
2026-06-11 14:25:00,1781187900,106.46790448,109.78198857,104.30641952,106.88738516,
2026-06-11 14:26:00,1781187960,106.88738516,106.96973069,96.90510431,97.68361196,
2026-06-11 14:27:00,1781188020,97.68361196,105.21130215,97.68254843,102.05273668,
2026-06-11 14:28:00,1781188080,102.05273668,107.8567491,100.3312961,107.26585972,
2026-06-11 14:29:00,1781188140,107.26585972,113.85983367,104.85404533,112.65975039,
2026-06-11 14:30:00,1781188200,112.65975039,116.65990305,100.30236376,101.06857354,
2026-06-11 14:31:00,1781188260,101.06857354,106.36828326,99.20260591,104.10492128,
2026-06-11 14:32:00,1781188320,104.10492128,108.08213068,100.37702946,102.65120245,
2026-06-11 14:33:00,1781188380,102.65120245,105.14020756,98.37031551,99.36563472,
2026-06-11 14:34:00,1781188440,99.36563472,101.74702887,94.56984239,101.10007057,
2026-06-11 14:35:00,1781188500,101.10007057,106.42675974,98.57160437,105.43909746,
2026-06-11 14:36:00,1781188560,105.43909746,117.87578125,102.43848889,117.66607971,
2026-06-11 14:37:00,1781188620,117.66607971,118.75750004,101.73999445,101.73999445,
2026-06-11 14:38:00,1781188680,101.73999445,108.41655178,101.73999445,104.26400236,
2026-06-11 14:39:00,1781188740,104.26400236,104.67663181,97.87018498,99.37990862,
2026-06-11 14:40:00,1781188800,99.37990862,100.7617607,95.58654277,100.65667215,
2026-06-11 14:41:00,1781188860,100.65667215,103.99465962,96.3274359,97.62241657,
2026-06-11 14:42:00,1781188920,97.62241657,101.91614513,94.88463114,97.53990091,
2026-06-11 14:43:00,1781188980,97.53990091,98.97319787,91.64537963,95.1726049,
2026-06-11 14:44:00,1781189040,95.1726049,98.49060212,92.07512332,92.66931141,
2026-06-11 14:45:00,1781189100,92.66931141,97.79019614,92.06545354,96.11132506,
2026-06-11 14:46:00,1781189160,96.11132506,100.37222592,92.73536238,94.97775035,
2026-06-11 14:47:00,1781189220,94.97775035,99.63268933,94.66645546,95.85162421,
2026-06-11 14:48:00,1781189280,95.85162421,104.59469652,95.55593282,100.66439662,
2026-06-11 14:49:00,1781189340,100.66439662,102.55470966,96.48030985,97.4200319,
2026-06-11 14:50:00,1781189400,97.4200319,103.52783134,93.67027036,101.62059726,
2026-06-11 14:51:00,1781189460,101.62059726,110.16554467,98.92747145,105.40888814,
2026-06-11 14:52:00,1781189520,105.40888814,106.01174014,98.27858914,101.10680404,
2026-06-11 14:53:00,1781189580,101.10680404,107.30409527,98.8890602,100.30684591,
2026-06-11 14:54:00,1781189640,100.30684591,103.27039488,97.09013128,99.85569271,
2026-06-11 14:55:00,1781189700,99.85569271,99.85569271,93.92649246,94.21544247,
2026-06-11 14:56:00,1781189760,94.21544247,94.65894737,83.38932997,86.61782956,
2026-06-11 14:57:00,1781189820,86.61782956,91.17911243,83.18729694,90.80844735,
2026-06-11 14:58:00,1781189880,90.80844735,92.69094375,80.95755858,81.79944217,
2026-06-11 14:59:00,1781189940,81.79944217,83.14141341,79.77609271,80.04961151,
2026-06-11 15:00:00,1781190000,80.04961151,83.65348756,76.06053653,76.12333347,
2026-06-11 15:01:00,1781190060,76.12333347,76.13151871,63.68867453,66.71335023,
2026-06-11 15:02:00,1781190120,66.71335023,74.60717671,65.43647243,70.34792432,
2026-06-11 15:03:00,1781190180,70.34792432,80.83368136,70.10898997,77.65578458,
2026-06-11 15:04:00,1781190240,77.65578458,81.7032408,75.97411147,79.79117276,
2026-06-11 15:05:00,1781190300,79.79117276,80.2430881,72.68507054,74.02370067,
2026-06-11 15:06:00,1781190360,74.02370067,80.20090817,73.02037806,77.12544063,
2026-06-11 15:07:00,1781190420,77.12544063,92.13084169,75.23452126,91.09618982,
2026-06-11 15:08:00,1781190480,91.09618982,93.94354105,84.31095691,89.27563772,
2026-06-11 15:09:00,1781190540,89.27563772,91.04964675,83.21230396,84.30281508,
2026-06-11 15:10:00,1781190600,84.30281508,84.33137214,79.23939791,81.32892952,
2026-06-11 15:11:00,1781190660,81.32892952,84.30616713,80.12409693,83.10004733,
2026-06-11 15:12:00,1781190720,83.10004733,94.76253066,82.08238508,89.29129576,
2026-06-11 15:13:00,1781190780,89.29129576,90.22856351,84.28945576,84.81091976,
2026-06-11 15:14:00,1781190840,84.81091976,84.85056596,77.45607882,77.90890208,
2026-06-11 15:15:00,1781190900,77.90890208,83.42513286,76.20470947,83.10037544,
2026-06-11 15:16:00,1781190960,83.10037544,84.93141676,76.53619468,77.20769889,
2026-06-11 15:17:00,1781191020,77.20769889,80.07792134,75.89184229,76.32720321,
2026-06-11 15:18:00,1781191080,76.32720321,77.67572476,71.13833408,71.82547791,
2026-06-11 15:19:00,1781191140,71.82547791,76.36219669,71.41408764,75.4526794,
2026-06-11 15:20:00,1781191200,75.4526794,86.80567609,74.70557522,85.37698268,
2026-06-11 15:21:00,1781191260,85.37698268,89.30104114,84.34204024,86.08684141,
2026-06-11 15:22:00,1781191320,86.08684141,86.08684141,81.31269952,82.89527026,
2026-06-11 15:23:00,1781191380,82.89527026,89.17511061,81.83009222,87.99291768,
2026-06-11 15:24:00,1781191440,87.99291768,89.08935632,85.42784444,85.53878805,
2026-06-11 15:25:00,1781191500,85.53878805,85.69883687,80.52599187,83.82029759,
2026-06-11 15:26:00,1781191560,83.82029759,84.11078166,80.27883311,84.07903789,
2026-06-11 15:27:00,1781191620,84.07903789,85.57518202,79.76866345,82.32614536,
2026-06-11 15:28:00,1781191680,82.32614536,83.20260126,78.22679782,80.17590239,
2026-06-11 15:29:00,1781191740,80.17590239,80.85466438,77.39677334,78.94444048,
2026-06-11 15:30:00,1781191800,78.94444048,81.29046035,74.50176471,75.22519812,
2026-06-11 15:31:00,1781191860,75.22519812,75.62765122,71.4803768,75.55953812,
2026-06-11 15:32:00,1781191920,75.55953812,79.22916651,75.11092504,79.22916651,
2026-06-11 15:33:00,1781191980,79.22916651,79.38180744,74.53352815,78.99319073,
2026-06-11 15:34:00,1781192040,78.99319073,84.01125053,78.99319073,81.97757441,
2026-06-11 15:35:00,1781192100,81.97757441,91.09849139,81.0503434,87.72916763,
2026-06-11 15:36:00,1781192160,87.72916763,90.29976878,82.64130593,89.32675758,
2026-06-11 15:37:00,1781192220,89.32675758,92.8982066,88.70625254,91.96323754,
2026-06-11 15:38:00,1781192280,91.96323754,91.97868055,86.15274218,91.5022802,
2026-06-11 15:39:00,1781192340,91.5022802,93.66585093,87.58199099,87.95536085,
2026-06-11 15:40:00,1781192400,87.95536085,92.36503425,86.89775544,91.0050666,
2026-06-11 15:41:00,1781192460,91.0050666,91.0050666,84.71300089,84.80677663,
2026-06-11 15:42:00,1781192520,84.80677663,85.83406338,80.5259817,82.42261038,
2026-06-11 15:43:00,1781192580,82.42261038,84.0759214,74.62351579,74.94747907,
2026-06-11 15:44:00,1781192640,74.94747907,76.98219952,71.56682802,71.79910192,
2026-06-11 15:45:00,1781192700,71.79910192,73.63740147,64.99268215,66.15144446,
2026-06-11 15:46:00,1781192760,66.15144446,72.49318562,66.15144446,72.04261054,
2026-06-11 15:47:00,1781192820,72.04261054,75.45996009,71.52646065,73.90571315,
2026-06-11 15:48:00,1781192880,73.90571315,73.97672041,65.34003918,68.23802862,
2026-06-11 15:49:00,1781192940,68.23802862,70.09094371,65.25299651,66.06191867,
2026-06-11 15:50:00,1781193000,66.06191867,67.48692295,64.53489369,65.48538539,
2026-06-11 15:51:00,1781193060,65.48538539,68.56203806,65.10370358,66.89841398,
2026-06-11 15:52:00,1781193120,66.89841398,67.96660531,62.18671241,64.03539495,
2026-06-11 15:53:00,1781193180,64.03539495,65.07556738,61.51037448,63.73530833,
2026-06-11 15:54:00,1781193240,63.73530833,67.66895029,63.73447344,67.48121632,
2026-06-11 15:55:00,1781193300,67.48121632,69.9148467,62.93772774,69.20857595,
2026-06-11 15:56:00,1781193360,69.20857595,71.39065217,67.25519516,71.39065217,
2026-06-11 15:57:00,1781193420,71.39065217,73.79590356,69.94518993,72.9899548,
2026-06-11 15:58:00,1781193480,72.9899548,74.62484359,72.05033376,74.59672492,
2026-06-11 15:59:00,1781193540,74.59672492,76.66546927,72.90927681,76.62740946,
2026-06-11 16:00:00,1781193600,76.62740946,80.58679878,76.2181929,79.48184262,
2026-06-11 16:01:00,1781193660,79.48184262,82.30995635,75.80085194,76.3744182,
2026-06-11 16:02:00,1781193720,76.3744182,76.3744182,73.53529601,74.92009263,
2026-06-11 16:03:00,1781193780,74.92009263,76.09219133,70.37841724,70.54114934,
2026-06-11 16:04:00,1781193840,70.54114934,70.75736535,67.54234946,68.83653652,
2026-06-11 16:05:00,1781193900,68.83653652,72.71343138,67.50428404,72.40834967,
2026-06-11 16:06:00,1781193960,72.40834967,79.64911596,72.35312952,78.43414096,
2026-06-11 16:07:00,1781194020,78.43414096,82.05417578,77.19697579,81.61194327,
2026-06-11 16:08:00,1781194080,81.61194327,81.62080767,77.40285728,80.14165341,
2026-06-11 16:09:00,1781194140,80.14165341,80.14165341,71.63049984,72.21534217,
2026-06-11 16:10:00,1781194200,72.21534217,76.13483514,70.0545485,70.86937162,
2026-06-11 16:11:00,1781194260,70.86937162,73.54553834,70.40055168,72.13581196,
2026-06-11 16:12:00,1781194320,72.13581196,73.89897453,70.65569851,73.47137461,
2026-06-11 16:13:00,1781194380,73.47137461,74.38107809,72.0822717,72.89927189,
2026-06-11 16:14:00,1781194440,72.89927189,78.00050007,72.47436536,77.57837284,
2026-06-11 16:15:00,1781194500,77.57837284,79.45976769,74.33078248,75.62511788,
2026-06-11 16:16:00,1781194560,75.62511788,77.28546354,74.39957621,76.45136751,
2026-06-11 16:17:00,1781194620,76.45136751,76.45136751,71.61455315,75.94953109,
2026-06-11 16:18:00,1781194680,75.94953109,76.03605144,73.05038023,75.0636142,
2026-06-11 16:19:00,1781194740,75.0636142,75.43502079,72.89694936,74.70403485,
2026-06-11 16:20:00,1781194800,74.70403485,75.29721155,70.1855357,70.33188596,
2026-06-11 16:21:00,1781194860,70.33188596,73.60547507,62.35691078,64.14619668,
2026-06-11 16:22:00,1781194920,64.14619668,66.45482041,60.99190108,61.36895445,
2026-06-11 16:23:00,1781194980,61.36895445,62.85997401,58.96202849,59.41073295,
2026-06-11 16:24:00,1781195040,59.41073295,60.45462892,57.28156863,57.91349047,
2026-06-11 16:25:00,1781195100,57.91349047,59.02356781,54.42029872,55.42839555,
2026-06-11 16:26:00,1781195160,55.42839555,59.06813236,55.13706395,57.46329678,
2026-06-11 16:27:00,1781195220,57.46329678,59.07582097,57.2616803,58.14346176,
2026-06-11 16:28:00,1781195280,58.14346176,61.64249368,57.91467248,59.64122866,
2026-06-11 16:29:00,1781195340,59.64122866,61.55651546,58.912036,59.47299988,
2026-06-11 16:30:00,1781195400,59.47299988,60.48409132,56.53770079,57.82720857,
2026-06-11 16:31:00,1781195460,57.82720857,58.79801561,55.65054051,55.65054051,
2026-06-11 16:32:00,1781195520,55.65054051,57.8834358,52.9283035,57.77846561,
2026-06-11 16:33:00,1781195580,57.77846561,62.41933916,56.47013798,62.41933916,
2026-06-11 16:34:00,1781195640,62.41933916,69.57022441,61.89982983,64.19714122,
2026-06-11 16:35:00,1781195700,64.19714122,68.24148736,62.48768062,66.99063733,
2026-06-11 16:36:00,1781195760,66.99063733,72.91061492,66.12688236,72.91061492,
2026-06-11 16:37:00,1781195820,72.91061492,74.42978001,69.95809688,70.34344147,
2026-06-11 16:38:00,1781195880,70.34344147,71.85371614,66.68334066,69.3966406,
2026-06-11 16:39:00,1781195940,69.3966406,69.4306322,65.31838578,66.76514095,
2026-06-11 16:40:00,1781196000,66.76514095,68.44358047,63.19445858,64.02151685,
2026-06-11 16:41:00,1781196060,64.02151685,65.8858246,61.22420985,61.42025819,
2026-06-11 16:42:00,1781196120,61.42025819,62.86827973,59.42796713,62.29084448,
2026-06-11 16:43:00,1781196180,62.29084448,65.03887426,60.58995769,61.50246744,
2026-06-11 16:44:00,1781196240,61.50246744,61.98281169,58.75391693,60.50416154,
2026-06-11 16:45:00,1781196300,60.50416154,62.97697233,56.69909244,56.69909244,
2026-06-11 16:46:00,1781196360,56.69909244,59.52614853,56.52973991,57.78825814,
2026-06-11 16:47:00,1781196420,57.78825814,58.97777225,56.44768872,58.56489359,
2026-06-11 16:48:00,1781196480,58.56489359,61.57486328,58.55801945,60.94980209,
2026-06-11 16:49:00,1781196540,60.94980209,60.95686131,55.81635257,57.80128716,
2026-06-11 16:50:00,1781196600,57.80128716,58.4005484,53.72210946,57.91048921,
2026-06-11 16:51:00,1781196660,57.91048921,58.31061823,55.4588044,55.72101285,
2026-06-11 16:52:00,1781196720,55.72101285,57.01422331,53.50782489,55.25370665,
2026-06-11 16:53:00,1781196780,55.25370665,58.09884096,54.63089719,57.10841657,
2026-06-11 16:54:00,1781196840,57.10841657,59.8530452,55.95836373,56.20688447,
2026-06-11 16:55:00,1781196900,56.20688447,56.44982372,53.90665768,54.05096019,
2026-06-11 16:56:00,1781196960,54.05096019,56.17838634,53.19530376,54.01878024,
2026-06-11 16:57:00,1781197020,54.01878024,54.48051342,53.15782829,54.04539579,
2026-06-11 16:58:00,1781197080,54.04539579,55.00115572,53.35937299,53.35937299,
2026-06-11 16:59:00,1781197140,53.35937299,54.419646,52.54400659,52.64041078,
2026-06-11 17:00:00,1781197200,52.64041078,52.95643818,50.74748791,52.1793837,
2026-06-11 17:01:00,1781197260,52.1793837,55.7348159,52.00010492,52.41020164,
2026-06-11 17:02:00,1781197320,52.41020164,53.64090525,50.21814608,50.2382943,
2026-06-11 17:03:00,1781197380,50.2382943,50.58884193,41.51073198,42.50162383,
2026-06-11 17:04:00,1781197440,42.50162383,42.94285047,40.33912837,42.94285047,
2026-06-11 17:05:00,1781197500,42.94285047,46.89351466,42.94285047,46.4472704,
2026-06-11 17:06:00,1781197560,46.4472704,48.36351066,46.06856525,47.55696313,
2026-06-11 17:07:00,1781197620,47.55696313,49.84786835,46.01096646,48.844197,
2026-06-11 17:08:00,1781197680,48.844197,49.25783413,47.06467952,47.54115549,
2026-06-11 17:09:00,1781197740,47.54115549,50.3762666,47.42548465,49.39371459,
2026-06-11 17:10:00,1781197800,49.39371459,53.40014352,48.29037796,51.89553496,
2026-06-11 17:11:00,1781197860,51.89553496,52.44021706,48.73507785,48.73507785,
2026-06-11 17:12:00,1781197920,48.73507785,50.94764749,45.16580555,45.280403,
2026-06-11 17:13:00,1781197980,45.280403,46.89899001,43.70243945,46.10302307,
2026-06-11 17:14:00,1781198040,46.10302307,47.06857629,45.38656257,45.77045862,
2026-06-11 17:15:00,1781198100,45.77045862,47.74574614,42.51895268,47.4263749,
2026-06-11 17:16:00,1781198160,47.4263749,48.91831455,47.02677496,48.65116906,
2026-06-11 17:17:00,1781198220,48.65116906,48.65116906,46.66384569,47.23514475,
2026-06-11 17:18:00,1781198280,47.23514475,47.23514475,42.41831659,42.88056023,
2026-06-11 17:19:00,1781198340,42.88056023,44.25383905,41.96875949,42.00096876,
2026-06-11 17:20:00,1781198400,42.00096876,44.0011997,40.33793667,43.65262025,
2026-06-11 17:21:00,1781198460,43.65262025,44.35898729,40.56514732,42.12426355,
2026-06-11 17:22:00,1781198520,42.12426355,43.93091187,40.48153304,41.63371575,
2026-06-11 17:23:00,1781198580,41.63371575,43.93406441,41.18358487,43.23626045,
2026-06-11 17:24:00,1781198640,43.23626045,44.54700473,40.69808658,44.08611158,
2026-06-11 17:25:00,1781198700,44.08611158,44.6087026,41.46035057,42.92466535,
2026-06-11 17:26:00,1781198760,42.92466535,43.58732487,40.25272335,40.30128851,
2026-06-11 17:27:00,1781198820,40.30128851,41.81687726,39.5691791,41.649389,
2026-06-11 17:28:00,1781198880,41.649389,67.73393052,41.06443895,59.242984,
2026-06-11 17:29:00,1781198940,59.242984,85.36186766,56.00130228,82.96075315,
2026-06-11 17:30:00,1781199000,82.96075315,103.270036,82.96075315,92.22141832,
2026-06-11 17:31:00,1781199060,92.22141832,112.52042949,85.11600834,110.84081047,
2026-06-11 17:32:00,1781199120,110.84081047,141.95025076,109.2682765,141.93424972,
2026-06-11 17:33:00,1781199180,141.93424972,145.62883326,116.94889733,116.94889733,
2026-06-11 17:34:00,1781199240,116.94889733,119.14104482,102.63728766,112.86827476,
2026-06-11 17:35:00,1781199300,112.86827476,116.54756769,95.56627727,110.33128508,
2026-06-11 17:36:00,1781199360,110.33128508,113.23262167,96.04067197,99.02808288,
2026-06-11 17:37:00,1781199420,99.02808288,108.39894896,96.21136188,105.08112684,
2026-06-11 17:38:00,1781199480,105.08112684,113.06706671,100.22791419,110.67103239,
2026-06-11 17:39:00,1781199540,110.67103239,114.41053993,104.21190282,109.96815031,
2026-06-11 17:40:00,1781199600,109.96815031,125.86923426,109.96815031,123.57897031,
2026-06-11 17:41:00,1781199660,123.57897031,132.8542583,118.81565731,131.40784699,
2026-06-11 17:42:00,1781199720,131.40784699,134.61209803,121.38881333,127.69857013,
2026-06-11 17:43:00,1781199780,127.69857013,131.83473838,120.47687486,123.0173871,
2026-06-11 17:44:00,1781199840,123.0173871,128.22420122,119.57567532,126.38184188,
2026-06-11 17:45:00,1781199900,126.38184188,146.52832153,126.05119448,146.52832153,
2026-06-11 17:46:00,1781199960,146.52832153,146.60861514,122.14282923,128.10663785,
2026-06-11 17:47:00,1781200020,128.10663785,150.59958643,127.82680604,144.92986383,
2026-06-11 17:48:00,1781200080,144.92986383,157.4290208,144.45343365,147.02930502,
2026-06-11 17:49:00,1781200140,147.02930502,172.59332047,134.8750119,166.57730832,
2026-06-11 17:50:00,1781200200,166.57730832,166.72225761,146.26106538,146.2937837,
2026-06-11 17:51:00,1781200260,146.2937837,160.08186155,139.64671911,154.11969712,
2026-06-11 17:52:00,1781200320,154.11969712,163.65104857,146.83534544,147.59254342,
2026-06-11 17:53:00,1781200380,147.59254342,150.01179455,137.64895059,141.0044839,
2026-06-11 17:54:00,1781200440,141.0044839,141.49331319,133.83476753,140.195963,
2026-06-11 17:55:00,1781200500,140.195963,144.58362524,136.3893681,139.10392906,
2026-06-11 17:56:00,1781200560,139.10392906,139.64237473,125.41366435,132.84317155,
2026-06-11 17:57:00,1781200620,132.84317155,142.20376872,128.33839839,140.21721221,
2026-06-11 17:58:00,1781200680,140.21721221,154.68618846,138.90611432,150.53446672,
2026-06-11 17:59:00,1781200740,150.53446672,170.66188659,145.16559362,168.66833419,
2026-06-11 18:00:00,1781200800,168.66833419,181.76439687,164.54051896,173.56286294,
2026-06-11 18:01:00,1781200860,173.56286294,189.73678041,172.0710422,188.50149395,
2026-06-11 18:02:00,1781200920,188.50149395,198.32796607,164.05433253,164.05433253,
2026-06-11 18:03:00,1781200980,164.05433253,183.09078635,155.42145206,158.77954059,
2026-06-11 18:04:00,1781201040,158.77954059,159.90978789,141.59841396,146.20548463,
2026-06-11 18:05:00,1781201100,146.20548463,148.13251096,130.31833729,130.40652255,
2026-06-11 18:06:00,1781201160,130.40652255,133.72084035,122.64602251,127.5218605,
2026-06-11 18:07:00,1781201220,127.5218605,131.17482195,122.92775656,127.97561915,
2026-06-11 18:08:00,1781201280,127.97561915,131.92004979,119.44236499,119.44236499,
2026-06-11 18:09:00,1781201340,119.44236499,124.21754615,115.48659902,122.62720293,
2026-06-11 18:10:00,1781201400,122.62720293,124.34649772,114.55536475,120.27808544,
2026-06-11 18:11:00,1781201460,120.27808544,133.23782353,115.84358246,130.57896914,
2026-06-11 18:12:00,1781201520,130.57896914,142.70041247,130.57896914,134.85452296,
2026-06-11 18:13:00,1781201580,134.85452296,138.11902902,129.94841402,135.98283352,
2026-06-11 18:14:00,1781201640,135.98283352,139.82942108,132.69460747,138.39283281,
2026-06-11 18:15:00,1781201700,138.39283281,159.75902223,137.42702832,159.75902223,
2026-06-11 18:16:00,1781201760,159.75902223,163.36678635,153.37164204,160.81689918,
2026-06-11 18:17:00,1781201820,160.81689918,161.25963939,149.5040794,155.82065702,
2026-06-11 18:18:00,1781201880,155.82065702,158.08385678,143.34292361,148.97966887,
2026-06-11 18:19:00,1781201940,148.97966887,162.04194884,143.21749112,156.19784883,
2026-06-11 18:20:00,1781202000,156.19784883,158.54188827,148.52432337,152.7955259,
2026-06-11 18:21:00,1781202060,152.7955259,162.45390326,151.12055143,152.85974233,
2026-06-11 18:22:00,1781202120,152.85974233,152.87699185,123.25736586,133.0330199,
2026-06-11 18:23:00,1781202180,133.0330199,134.8830998,123.04076431,126.311607,
2026-06-11 18:24:00,1781202240,126.311607,131.02492755,121.53605697,128.75794463,
2026-06-11 18:25:00,1781202300,128.75794463,136.4508679,127.5573997,136.19853201,
2026-06-11 18:26:00,1781202360,136.19853201,138.34018309,132.14977958,138.13297627,
2026-06-11 18:27:00,1781202420,138.13297627,139.37896369,133.64817048,134.90480843,
2026-06-11 18:28:00,1781202480,134.90480843,135.56644293,126.31800946,132.59971556,
2026-06-11 18:29:00,1781202540,132.59971556,133.98236764,125.3907182,129.63941188,
2026-06-11 18:30:00,1781202600,129.63941188,141.25725163,127.83728725,141.17574169,
2026-06-11 18:31:00,1781202660,141.17574169,141.56909681,135.34829235,137.06059734,
2026-06-11 18:32:00,1781202720,137.06059734,137.07488363,126.9489756,131.71145938,
2026-06-11 18:33:00,1781202780,131.71145938,140.20201916,128.14968734,138.4965486,
2026-06-11 18:34:00,1781202840,138.4965486,140.37933141,134.75069627,135.13947632,
2026-06-11 18:35:00,1781202900,135.13947632,140.74053619,134.9060856,139.14002656,
2026-06-11 18:36:00,1781202960,139.14002656,151.68786096,138.08544754,149.69276717,
2026-06-11 18:37:00,1781203020,149.69276717,152.0138062,145.72755492,148.11037512,
2026-06-11 18:38:00,1781203080,148.11037512,150.34783121,144.8456098,149.3397967,
2026-06-11 18:39:00,1781203140,149.3397967,153.88673079,147.1181564,150.81053653,
2026-06-11 18:40:00,1781203200,150.81053653,157.00024044,147.56743497,148.09650626,
2026-06-11 18:41:00,1781203260,148.09650626,152.51443822,145.42794045,146.64227303,
2026-06-11 18:42:00,1781203320,146.64227303,148.75377795,144.46098431,147.1602483,
2026-06-11 18:43:00,1781203380,147.1602483,153.93782175,145.92070211,152.35497259,
2026-06-11 18:44:00,1781203440,152.35497259,153.45808302,149.87553162,153.18116045,
2026-06-11 18:45:00,1781203500,153.18116045,153.81797905,147.16285116,150.08522444,
2026-06-11 18:46:00,1781203560,150.08522444,152.44210541,148.77514439,149.71152791,
2026-06-11 18:47:00,1781203620,149.71152791,157.59019562,148.21777049,157.36079097,
2026-06-11 18:48:00,1781203680,157.36079097,157.36079097,149.91848777,150.46156024,
2026-06-11 18:49:00,1781203740,150.46156024,150.56149861,143.06680222,146.74357045,
2026-06-11 18:50:00,1781203800,146.74357045,150.86383876,145.03567059,145.92589079,
2026-06-11 18:51:00,1781203860,145.92589079,146.37246803,140.41369361,140.41369361,
2026-06-11 18:52:00,1781203920,140.41369361,150.53981764,140.23454701,150.53981764,
2026-06-11 18:53:00,1781203980,150.53981764,155.11912494,147.3704234,151.42428558,
2026-06-11 18:54:00,1781204040,151.42428558,152.0540018,144.98035064,144.99679997,
2026-06-11 18:55:00,1781204100,144.99679997,147.39330757,140.63860311,140.96924611,
2026-06-11 18:56:00,1781204160,140.96924611,149.710414,138.68701183,147.47863792,
2026-06-11 18:57:00,1781204220,147.47863792,149.15949516,144.07690957,148.43630288,
2026-06-11 18:58:00,1781204280,148.43630288,149.98120119,142.39200019,142.86299664,
2026-06-11 18:59:00,1781204340,142.86299664,142.86299664,135.03191251,135.43161754,
2026-06-11 19:00:00,1781204400,135.43161754,139.04226272,129.11376945,137.62388867,
2026-06-11 19:01:00,1781204460,137.62388867,148.96017414,136.58039677,146.08335754,
2026-06-11 19:02:00,1781204520,146.08335754,159.41193131,146.01263769,151.86640359,
2026-06-11 19:03:00,1781204580,151.86640359,152.78624619,142.23740812,144.65644963,
2026-06-11 19:04:00,1781204640,144.65644963,147.53945891,139.82837133,141.56581982,
2026-06-11 19:05:00,1781204700,141.56581982,144.84822019,139.90948584,140.5021936,
2026-06-11 19:06:00,1781204760,140.5021936,141.8967483,135.23533934,139.14699693,
2026-06-11 19:07:00,1781204820,139.14699693,139.27669088,134.80931485,135.72276101,
2026-06-11 19:08:00,1781204880,135.72276101,136.49717864,124.32355985,129.06904196,
2026-06-11 19:09:00,1781204940,129.06904196,134.71056794,127.61178562,128.55181399,
2026-06-11 19:10:00,1781205000,128.55181399,138.66333252,128.20540089,133.7335976,
2026-06-11 19:11:00,1781205060,133.7335976,135.10702451,124.57961555,130.50489733,
2026-06-11 19:12:00,1781205120,130.50489733,155.44511093,130.50489733,147.77948893,
2026-06-11 19:13:00,1781205180,147.77948893,151.61942288,135.89544663,146.85882979,
2026-06-11 19:14:00,1781205240,146.85882979,154.89827009,144.86783802,147.18077462,
2026-06-11 19:15:00,1781205300,147.18077462,157.26722008,145.80055288,155.71988556,
2026-06-11 19:16:00,1781205360,155.71988556,160.51282877,154.00530145,158.04936858,
2026-06-11 19:17:00,1781205420,158.04936858,169.11893012,155.75181537,166.6411242,
2026-06-11 19:18:00,1781205480,166.6411242,172.2758857,164.15880783,167.88146722,
2026-06-11 19:19:00,1781205540,167.88146722,167.90344422,156.96223454,161.32185652,
2026-06-11 19:20:00,1781205600,161.32185652,172.72199651,161.25583753,163.75156789,
2026-06-11 19:21:00,1781205660,163.75156789,165.43455665,160.07726512,162.38016728,
2026-06-11 19:22:00,1781205720,162.38016728,167.75368456,161.76074667,165.10416013,
2026-06-11 19:23:00,1781205780,165.10416013,173.24545161,164.82860127,168.55186172,
2026-06-11 19:24:00,1781205840,168.55186172,173.19271038,165.32294076,168.75108211,
2026-06-11 19:25:00,1781205900,168.75108211,168.75108211,157.41149152,165.80962435,
2026-06-11 19:26:00,1781205960,165.80962435,168.52064549,156.94333224,167.7689391,
2026-06-11 19:27:00,1781206020,167.7689391,167.78607075,153.7872025,156.58682976,
2026-06-11 19:28:00,1781206080,156.58682976,157.77507476,149.99859437,156.72800754,
2026-06-11 19:29:00,1781206140,156.72800754,159.97242842,150.96034604,152.02460952,
2026-06-11 19:30:00,1781206200,152.02460952,209.07168018,151.05952225,209.07168018,
2026-06-11 19:31:00,1781206260,209.07168018,209.07168018,184.32529394,193.13096603,
2026-06-11 19:32:00,1781206320,193.13096603,211.36924319,192.29348166,204.45693342,
2026-06-11 19:33:00,1781206380,204.45693342,221.98289861,195.7522881,210.81440888,
2026-06-11 19:34:00,1781206440,210.81440888,213.95763704,177.48402188,184.76578084,
2026-06-11 19:35:00,1781206500,184.76578084,187.17047755,172.14644711,184.32599361,
2026-06-11 19:36:00,1781206560,184.32599361,191.69295791,178.78543581,182.94474606,
2026-06-11 19:37:00,1781206620,182.94474606,197.38818525,179.43287499,191.1885593,
2026-06-11 19:38:00,1781206680,191.1885593,192.09900891,178.41263318,179.00682852,
2026-06-11 19:39:00,1781206740,179.00682852,181.77956764,165.17875927,166.2116687,
2026-06-11 19:40:00,1781206800,166.2116687,179.82798741,166.21013973,178.24982963,
2026-06-11 19:41:00,1781206860,178.24982963,190.68201766,178.03284561,188.10418011,
2026-06-11 19:42:00,1781206920,188.10418011,191.20950623,186.35515437,188.91089743,
2026-06-11 19:43:00,1781206980,188.91089743,190.10435032,181.41966032,182.51479965,
2026-06-11 19:44:00,1781207040,182.51479965,183.33123495,166.36782052,169.24793418,
2026-06-11 19:45:00,1781207100,169.24793418,169.46114854,163.39632606,167.69730809,
2026-06-11 19:46:00,1781207160,167.69730809,170.66818078,158.97536163,163.42910331,
2026-06-11 19:47:00,1781207220,163.42910331,180.3186771,163.42758017,180.3186771,
2026-06-11 19:48:00,1781207280,180.3186771,184.30872721,173.37772639,179.78004371,
2026-06-11 19:49:00,1781207340,179.78004371,183.51290809,173.32353595,175.03043565,
2026-06-11 19:50:00,1781207400,175.03043565,179.41291439,164.34645034,170.40456207,
2026-06-11 19:51:00,1781207460,170.40456207,180.36277284,168.72460202,179.65792369,
2026-06-11 19:52:00,1781207520,179.65792369,181.67356751,169.97020287,175.98060657,
2026-06-11 19:53:00,1781207580,175.98060657,179.52971692,171.8170354,179.04831633,
2026-06-11 19:54:00,1781207640,179.04831633,183.10232379,176.75399471,183.10232379,
2026-06-11 19:55:00,1781207700,183.10232379,183.10232379,168.82622309,176.72942723,
2026-06-11 19:56:00,1781207760,176.72942723,177.61897989,174.12323589,175.56970963,
2026-06-11 19:57:00,1781207820,175.56970963,178.65729599,170.814718,177.07130459,
2026-06-11 19:58:00,1781207880,177.07130459,179.73888317,171.04660157,171.33900545,
2026-06-11 19:59:00,1781207940,171.33900545,176.21786034,164.917335,167.55946748,
2026-06-11 20:00:00,1781208000,167.55946748,175.25870793,154.60898529,157.15476016,
2026-06-11 20:01:00,1781208060,157.15476016,170.33850919,156.2502202,164.96094385,
2026-06-11 20:02:00,1781208120,164.96094385,178.99245199,160.69231151,174.25975517,
2026-06-11 20:03:00,1781208180,174.25975517,177.76358966,164.96696714,171.73916717,
2026-06-11 20:04:00,1781208240,171.73916717,174.58819397,167.41317121,169.01041604,
2026-06-11 20:05:00,1781208300,169.01041604,179.22563395,168.31408721,176.50110696,
2026-06-11 20:06:00,1781208360,176.50110696,176.58811574,168.87959101,168.98315165,
2026-06-11 20:07:00,1781208420,168.98315165,169.92454039,161.52751676,165.64470535,
2026-06-11 20:08:00,1781208480,165.64470535,166.15247824,158.46798342,162.37710806,
2026-06-11 20:09:00,1781208540,162.37710806,164.94284432,161.7222952,163.13114933,
2026-06-11 20:10:00,1781208600,163.13114933,163.13114933,152.60015751,153.43984962,
2026-06-11 20:11:00,1781208660,153.43984962,155.70840248,149.71371551,154.48859462,
2026-06-11 20:12:00,1781208720,154.48859462,157.05915118,153.87619467,156.67762486,
2026-06-11 20:13:00,1781208780,156.67762486,158.94907068,152.04801928,154.83615824,
2026-06-11 20:14:00,1781208840,154.83615824,159.87367281,154.27179856,157.92714664,
2026-06-11 20:15:00,1781208900,157.92714664,159.69910057,153.25912012,154.38899063,
2026-06-11 20:16:00,1781208960,154.38899063,157.45917161,153.39210217,157.21278208,
2026-06-11 20:17:00,1781209020,157.21278208,161.35302269,155.76487575,159.99481625,
2026-06-11 20:18:00,1781209080,159.99481625,162.28396984,157.28507261,157.65921839,
2026-06-11 20:19:00,1781209140,157.65921839,162.54457041,157.64040441,159.18551772,
2026-06-11 20:20:00,1781209200,159.18551772,160.97851604,159.06220028,159.42669829,
2026-06-11 20:21:00,1781209260,159.42669829,160.73754679,149.71922033,149.71922033,
2026-06-11 20:22:00,1781209320,149.71922033,149.96363064,145.90735732,148.32871311,
2026-06-11 20:23:00,1781209380,148.32871311,151.54378657,148.31073915,151.4431684,
2026-06-11 20:24:00,1781209440,151.4431684,152.35655982,149.20309164,150.03556608,
2026-06-11 20:25:00,1781209500,150.03556608,150.45863051,143.3245401,146.07013756,
2026-06-11 20:26:00,1781209560,146.07013756,151.3063484,140.23650229,140.75614365,
2026-06-11 20:27:00,1781209620,140.75614365,147.16523864,138.75483553,139.64423783,
2026-06-11 20:28:00,1781209680,139.64423783,139.64423783,125.93206627,132.16729738,
2026-06-11 20:29:00,1781209740,132.16729738,132.75419191,129.67474907,132.28627939,
2026-06-11 20:30:00,1781209800,132.28627939,132.4282393,128.47850243,131.23399945,
2026-06-11 20:31:00,1781209860,131.23399945,135.73715485,127.2572181,128.17941971,
2026-06-11 20:32:00,1781209920,128.17941971,133.25475358,127.40187421,132.29075881,
2026-06-11 20:33:00,1781209980,132.29075881,137.80128194,129.89065303,135.20037419,
2026-06-11 20:34:00,1781210040,135.20037419,137.39475303,132.78878615,133.85446234,
2026-06-11 20:35:00,1781210100,133.85446234,133.85446234,126.30030128,127.33975661,
2026-06-11 20:36:00,1781210160,127.33975661,128.14302082,122.81994885,124.23366137,
2026-06-11 20:37:00,1781210220,124.23366137,125.25513441,122.3608381,124.70631107,
2026-06-11 20:38:00,1781210280,124.70631107,125.67660595,122.76307747,122.96966236,
2026-06-11 20:39:00,1781210340,122.96966236,124.40772941,121.17108348,124.35366956,
2026-06-11 20:40:00,1781210400,124.35366956,128.95970692,123.27286352,126.58216258,
2026-06-11 20:41:00,1781210460,126.58216258,126.6834437,120.31245233,120.45886683,
2026-06-11 20:42:00,1781210520,120.45886683,120.45886683,116.79327528,117.32719683,
2026-06-11 20:43:00,1781210580,117.32719683,119.53883966,116.60581962,117.44224355,
2026-06-11 20:44:00,1781210640,117.44224355,119.41085586,114.91983889,115.04206422,
2026-06-11 20:45:00,1781210700,115.04206422,116.18906592,112.60320993,115.97805307,
2026-06-11 20:46:00,1781210760,115.97805307,115.97805307,112.05591312,113.39202939,
2026-06-11 20:47:00,1781210820,113.39202939,116.29958473,112.50995707,113.61637134,
2026-06-11 20:48:00,1781210880,113.61637134,114.01617666,111.98405615,112.76408898,
2026-06-11 20:49:00,1781210940,112.76408898,114.6121604,112.760211,113.16887973,
2026-06-11 20:50:00,1781211000,113.16887973,115.18706934,112.85594269,112.97361475,
2026-06-11 20:51:00,1781211060,112.97361475,119.97479568,112.97232005,119.97479568,
2026-06-11 20:52:00,1781211120,119.97479568,127.70798271,118.60895914,127.70798271,
2026-06-11 20:53:00,1781211180,127.70798271,128.90242685,124.09235659,128.90242685,
2026-06-11 20:54:00,1781211240,128.90242685,129.5870744,126.93931841,128.71881323,
2026-06-11 20:55:00,1781211300,128.71881323,128.76222472,126.28989896,126.86689471,
2026-06-11 20:56:00,1781211360,126.86689471,128.66938459,126.49958512,128.01384798,
2026-06-11 20:57:00,1781211420,128.01384798,129.76174315,127.00801168,129.46102955,
2026-06-11 20:58:00,1781211480,129.46102955,130.86474403,124.55667649,128.33531742,
2026-06-11 20:59:00,1781211540,128.33531742,131.12144509,126.9339926,127.00651689,
2026-06-11 21:00:00,1781211600,127.00651689,131.67408012,126.99034766,130.57719349,
2026-06-11 21:01:00,1781211660,130.57719349,134.92259706,130.54693656,133.19931661,
2026-06-11 21:02:00,1781211720,133.19931661,133.19931661,128.77430927,128.99743065,
2026-06-11 21:03:00,1781211780,128.99743065,129.06562993,128.02818748,129.03196167,
2026-06-11 21:04:00,1781211840,129.03196167,137.80798401,128.41715642,137.22986437,
2026-06-11 21:05:00,1781211900,137.22986437,142.80033441,136.6423513,137.65624365,
2026-06-11 21:06:00,1781211960,137.65624365,138.67734463,136.40308796,137.25597036,
2026-06-11 21:07:00,1781212020,137.25597036,141.20888151,137.03067983,137.42783321,
2026-06-11 21:08:00,1781212080,137.42783321,141.33522163,137.35291245,140.0145561,
2026-06-11 21:09:00,1781212140,140.0145561,140.11011986,137.47315646,137.63457019,
2026-06-11 21:10:00,1781212200,137.63457019,138.0489778,137.43079964,137.47052846,
2026-06-11 21:11:00,1781212260,137.47052846,138.24192094,135.80520343,137.19649256,
2026-06-11 21:12:00,1781212320,137.19649256,139.07078313,137.17924003,138.96463532,
2026-06-11 21:13:00,1781212380,138.96463532,157.94185935,138.96317853,155.05859776,
2026-06-11 21:14:00,1781212440,155.05859776,155.41751559,150.20260454,150.55973699,
2026-06-11 21:15:00,1781212500,150.55973699,150.55973699,146.38672158,147.63013872,
2026-06-11 21:16:00,1781212560,147.63013872,148.66824472,142.74626167,144.44731729,
2026-06-11 21:17:00,1781212620,144.44731729,146.81164765,142.81265505,142.95009969,
2026-06-11 21:18:00,1781212680,142.95009969,144.77651173,141.62826739,143.09542441,
2026-06-11 21:19:00,1781212740,143.09542441,144.440262,141.79390819,142.77053929,
2026-06-11 21:20:00,1781212800,142.77053929,144.25172562,140.5792085,141.55451977,
2026-06-11 21:21:00,1781212860,141.55451977,142.47941791,138.48228169,142.21066517,
2026-06-11 21:22:00,1781212920,142.21066517,145.56270138,142.16770732,145.41275831,
2026-06-11 21:23:00,1781212980,145.41275831,148.81977573,145.39207408,146.76910946,
2026-06-11 21:24:00,1781213040,146.76910946,146.76910946,140.41784679,141.31611334,
2026-06-11 21:25:00,1781213100,141.31611334,141.31611334,134.10428019,136.38069522,
2026-06-11 21:26:00,1781213160,136.38069522,136.38069522,130.34121058,130.46212589,
2026-06-11 21:27:00,1781213220,130.46212589,132.14306789,129.59113657,132.067264,
2026-06-11 21:28:00,1781213280,132.067264,132.38894044,128.39017996,130.73117093,
2026-06-11 21:29:00,1781213340,130.73117093,134.93445038,130.66853085,134.9173053,
2026-06-11 21:30:00,1781213400,134.9173053,137.52638054,134.82166049,137.4737846,
2026-06-11 21:31:00,1781213460,137.4737846,138.69405098,136.79259072,138.25378628,
2026-06-11 21:32:00,1781213520,138.25378628,140.45859457,137.03933228,140.39439909,
2026-06-11 21:33:00,1781213580,140.39439909,140.44986711,139.32860005,139.89534284,
2026-06-11 21:34:00,1781213640,139.89534284,139.89534284,135.65318193,136.33504039,
2026-06-11 21:35:00,1781213700,136.33504039,136.47920942,131.66624123,133.15946335,
2026-06-11 21:36:00,1781213760,133.15946335,135.41082567,133.11286245,135.03187196,
2026-06-11 21:37:00,1781213820,135.03187196,135.11688038,133.20621406,133.26840275,
2026-06-11 21:38:00,1781213880,133.26840275,141.09786619,133.25141899,140.46759611,
2026-06-11 21:39:00,1781213940,140.46759611,141.49816511,137.9951655,141.42576803,
2026-06-11 21:40:00,1781214000,141.42576803,143.7794419,133.97644426,134.69796003,
2026-06-11 21:41:00,1781214060,134.69796003,136.82803915,133.42735861,136.61115234,
2026-06-11 21:42:00,1781214120,136.61115234,140.97313548,136.58361501,139.7455602,
2026-06-11 21:43:00,1781214180,139.7455602,139.9503869,134.3847852,134.70925604,
2026-06-11 21:44:00,1781214240,134.70925604,140.97088658,134.34615323,140.65611148,
2026-06-11 21:45:00,1781214300,140.65611148,144.22457074,138.40728671,140.22800669,
2026-06-11 21:46:00,1781214360,140.22800669,145.50027086,139.5829963,142.18729986,
2026-06-11 21:47:00,1781214420,142.18729986,145.34781503,139.62644688,142.44787653,
2026-06-11 21:48:00,1781214480,142.44787653,146.11181602,141.49508991,145.4363025,
2026-06-11 21:49:00,1781214540,145.4363025,146.56572872,141.06063961,141.35067778,
2026-06-11 21:50:00,1781214600,141.35067778,141.57696126,137.3396156,137.35567635,
2026-06-11 21:51:00,1781214660,137.35567635,140.02148908,135.8684676,139.98292628,
2026-06-11 21:52:00,1781214720,139.98292628,143.24789878,137.95105822,140.26517314,
2026-06-11 21:53:00,1781214780,140.26517314,140.94732171,138.13737334,138.13737334,
2026-06-11 21:54:00,1781214840,138.13737334,138.57388482,131.87469764,134.19872719,
2026-06-11 21:55:00,1781214900,134.19872719,134.19872719,127.60413547,127.76736317,
2026-06-11 21:56:00,1781214960,127.76736317,129.22958241,125.16314144,126.1447901,
2026-06-11 21:57:00,1781215020,126.1447901,127.54402506,123.91768391,127.54262182,
2026-06-11 21:58:00,1781215080,127.54262182,132.26239651,127.54262182,132.22824816,
2026-06-11 21:59:00,1781215140,132.22824816,135.00476651,126.85065339,134.89389385,
2026-06-11 22:00:00,1781215200,134.89389385,140.86773132,131.63844791,140.48985244,
2026-06-11 22:01:00,1781215260,140.48985244,143.38736436,136.5439516,143.38736436,
2026-06-11 22:02:00,1781215320,143.38736436,145.9411652,135.57349883,140.87494316,
2026-06-11 22:03:00,1781215380,140.87494316,145.45732505,140.62879174,144.7754836,
2026-06-11 22:04:00,1781215440,144.7754836,154.55625253,141.12090197,142.19430562,
2026-06-11 22:05:00,1781215500,142.19430562,149.80945473,141.00710361,144.6964508,
2026-06-11 22:06:00,1781215560,144.6964508,151.18630549,141.06332442,146.45893337,
2026-06-11 22:07:00,1781215620,146.45893337,156.7407914,146.45893337,153.44475648,
2026-06-11 22:08:00,1781215680,153.44475648,154.63656947,148.31330461,151.34094669,
2026-06-11 22:09:00,1781215740,151.34094669,156.96174424,150.87328275,151.18486519,
2026-06-11 22:10:00,1781215800,151.18486519,151.18486519,145.42285893,150.33239526,
2026-06-11 22:11:00,1781215860,150.33239526,154.10313668,145.20967751,145.58234983,
2026-06-11 22:12:00,1781215920,145.58234983,146.42883444,140.31648089,141.56200618,
2026-06-11 22:13:00,1781215980,141.56200618,147.22936854,140.93319719,145.90820263,
2026-06-11 22:14:00,1781216040,145.90820263,149.43604759,145.10144274,147.14792053,
2026-06-11 22:15:00,1781216100,147.14792053,149.19386097,141.41375298,143.9572071,
2026-06-11 22:16:00,1781216160,143.9572071,154.25780085,142.45817392,147.47196571,
2026-06-11 22:17:00,1781216220,147.47196571,153.90960491,146.38608257,148.34155067,
2026-06-11 22:18:00,1781216280,148.34155067,149.41552081,145.34187456,147.31227292,
2026-06-11 22:19:00,1781216340,147.31227292,148.36188912,145.15291543,146.75017254,
2026-06-11 22:20:00,1781216400,146.75017254,147.25070164,142.57169152,144.48193209,
2026-06-11 22:21:00,1781216460,144.48193209,144.48193209,140.8917587,141.05044227,
2026-06-11 22:22:00,1781216520,141.05044227,141.05044227,133.64222786,134.11014062,
2026-06-11 22:23:00,1781216580,134.11014062,136.74595135,131.76812631,134.47063921,
2026-06-11 22:24:00,1781216640,134.47063921,136.475536,131.73052362,131.925339,
2026-06-11 22:25:00,1781216700,131.925339,133.7427935,128.43001125,132.6038185,
2026-06-11 22:26:00,1781216760,132.6038185,133.66966788,130.71414909,131.63667777,
2026-06-11 22:27:00,1781216820,131.63667777,133.85718005,131.07928943,132.50544743,
2026-06-11 22:28:00,1781216880,132.50544743,136.1896228,129.96294524,135.02499213,
2026-06-11 22:29:00,1781216940,135.02499213,140.44055396,135.02499213,138.8044737,
2026-06-11 22:30:00,1781217000,138.8044737,142.20774494,136.48240041,141.60031179,
2026-06-11 22:31:00,1781217060,141.60031179,147.9803614,139.65789922,139.75734257,
2026-06-11 22:32:00,1781217120,139.75734257,139.88853743,134.50721547,134.7208698,
2026-06-11 22:33:00,1781217180,134.7208698,137.71234321,132.75126995,134.60733125,
2026-06-11 22:34:00,1781217240,134.60733125,136.9248858,127.7560477,127.7560477,
2026-06-11 22:35:00,1781217300,127.7560477,133.11268332,123.22806784,132.76209008,
2026-06-11 22:36:00,1781217360,132.76209008,135.89832602,132.2703619,135.00137695,
2026-06-11 22:37:00,1781217420,135.00137695,135.01608914,131.48176861,131.78929161,
2026-06-11 22:38:00,1781217480,131.78929161,131.8354285,125.7961791,126.73017019,
2026-06-11 22:39:00,1781217540,126.73017019,129.60339404,123.70942694,128.7695173,
2026-06-11 22:40:00,1781217600,128.7695173,132.74401237,126.90147113,128.86579866,
2026-06-11 22:41:00,1781217660,128.86579866,128.9891011,124.79630906,125.57394672,
2026-06-11 22:42:00,1781217720,125.57394672,126.10621512,123.40932479,123.40932479,
2026-06-11 22:43:00,1781217780,123.40932479,125.91022738,122.44713482,125.76848626,
2026-06-11 22:44:00,1781217840,125.76848626,125.82086379,123.81708092,124.32684951,
2026-06-11 22:45:00,1781217900,124.32684951,128.60034635,123.73146013,126.55834814,
2026-06-11 22:46:00,1781217960,126.55834814,126.70672702,120.85317942,121.68067142,
2026-06-11 22:47:00,1781218020,121.68067142,121.91440202,119.58265705,119.58265705,
2026-06-11 22:48:00,1781218080,119.58265705,121.62038156,118.43129943,120.84034052,
2026-06-11 22:49:00,1781218140,120.84034052,129.88521816,120.71010975,125.23469667,
2026-06-11 22:50:00,1781218200,125.23469667,131.28199066,125.04140137,130.72945144,
2026-06-11 22:51:00,1781218260,130.72945144,131.965928,127.96439175,128.33238036,
2026-06-11 22:52:00,1781218320,128.33238036,130.99965337,127.2795715,130.53850274,
2026-06-11 22:53:00,1781218380,130.53850274,130.53850274,126.61260111,127.7110783,
2026-06-11 22:54:00,1781218440,127.7110783,131.87630615,127.34633314,131.8115728,
2026-06-11 22:55:00,1781218500,131.8115728,134.78645151,130.03040717,134.38310937,
2026-06-11 22:56:00,1781218560,134.38310937,137.64054568,128.45811398,128.48915847,
2026-06-11 22:57:00,1781218620,128.48915847,132.19338615,128.48915847,131.68634897,
2026-06-11 22:58:00,1781218680,131.68634897,131.68634897,128.33174066,130.61873728,
2026-06-11 22:59:00,1781218740,130.61873728,130.64875669,123.15627785,123.74225298,
2026-06-11 23:00:00,1781218800,123.74225298,123.82985001,115.25695053,115.53001822,
2026-06-11 23:01:00,1781218860,115.53001822,115.56296063,112.22674692,113.54982176,
2026-06-11 23:02:00,1781218920,113.54982176,117.91462965,109.43915226,115.3540521,
2026-06-11 23:03:00,1781218980,115.3540521,115.92573589,104.96552018,111.28290939,
2026-06-11 23:04:00,1781219040,111.28290939,115.6174448,110.07798035,113.98218637,
2026-06-11 23:05:00,1781219100,113.98218637,116.35008712,112.50791235,113.20928494,
2026-06-11 23:06:00,1781219160,113.20928494,113.69067403,110.97845665,111.95428346,
2026-06-11 23:07:00,1781219220,111.95428346,113.14376815,110.05321997,111.08520788,
2026-06-11 23:08:00,1781219280,111.08520788,111.43549086,106.52268014,108.29457171,
2026-06-11 23:09:00,1781219340,108.29457171,108.29457171,106.13542396,106.75591336,
2026-06-11 23:10:00,1781219400,106.75591336,110.50583601,106.16997396,109.24598818,
2026-06-11 23:11:00,1781219460,109.24598818,110.90209871,108.19975711,109.42863443,
2026-06-11 23:12:00,1781219520,109.42863443,115.76689362,109.29177863,115.39690709,
2026-06-11 23:13:00,1781219580,115.39690709,115.39690709,109.92576432,112.36256147,
2026-06-11 23:14:00,1781219640,112.36256147,114.20081297,111.73111261,112.07624857,
2026-06-11 23:15:00,1781219700,112.07624857,114.76859984,109.50040667,114.53889043,
2026-06-11 23:16:00,1781219760,114.53889043,116.39602785,110.94708834,114.41926387,
2026-06-11 23:17:00,1781219820,114.41926387,114.54628144,109.15609287,109.30973973,
2026-06-11 23:18:00,1781219880,109.30973973,111.11962799,107.96760988,110.21461084,
2026-06-11 23:19:00,1781219940,110.21461084,114.62524079,109.54771493,113.20356402,
2026-06-11 23:20:00,1781220000,113.20356402,113.46345016,109.37799285,110.24305894,
2026-06-11 23:21:00,1781220060,110.24305894,111.71677728,109.8717766,109.8717766,
2026-06-11 23:22:00,1781220120,109.8717766,115.28106169,109.86644625,114.58368189,
2026-06-11 23:23:00,1781220180,114.58368189,115.58289428,112.91357927,114.72690546,
2026-06-11 23:24:00,1781220240,114.72690546,114.75379702,108.81810253,110.62509514,
2026-06-11 23:25:00,1781220300,110.62509514,112.70508934,108.72550331,109.00449265,
2026-06-11 23:26:00,1781220360,109.00449265,113.77383704,108.94893574,112.04884053,
2026-06-11 23:27:00,1781220420,112.04884053,113.53158615,107.30021953,107.59163117,
2026-06-11 23:28:00,1781220480,107.59163117,108.08789812,107.54608925,107.75400346,
2026-06-11 23:29:00,1781220540,107.75400346,109.52078074,107.23237149,108.01761364,
2026-06-11 23:30:00,1781220600,108.01761364,112.32658597,107.88999936,110.4211058,
2026-06-11 23:31:00,1781220660,110.4211058,120.77923563,109.22383143,119.3237521,
2026-06-11 23:32:00,1781220720,119.3237521,123.97793924,119.3237521,121.55793489,
2026-06-11 23:33:00,1781220780,121.55793489,128.12829655,118.3516161,128.12684027,
2026-06-11 23:34:00,1781220840,128.12684027,128.12684027,123.56012701,127.29483855,
2026-06-11 23:35:00,1781220900,127.29483855,128.77995005,122.94582521,123.12271444,
2026-06-11 23:36:00,1781220960,123.12271444,126.95593389,121.83850608,123.73729935,
2026-06-11 23:37:00,1781221020,123.73729935,125.62203608,121.80300565,122.05382315,
2026-06-11 23:38:00,1781221080,122.05382315,124.16104016,120.16522333,123.79393664,
2026-06-11 23:39:00,1781221140,123.79393664,128.52953024,122.09037947,127.74725706,
2026-06-11 23:40:00,1781221200,127.74725706,153.88624763,127.53771484,150.18939319,
2026-06-11 23:41:00,1781221260,150.18939319,151.71853733,147.91496716,148.80794469,
2026-06-11 23:42:00,1781221320,148.80794469,149.05141315,146.79308456,148.52422404,
2026-06-11 23:43:00,1781221380,148.52422404,148.91451489,140.87683287,143.13650024,
2026-06-11 23:44:00,1781221440,143.13650024,143.13650024,141.23127746,141.75316438,
2026-06-11 23:45:00,1781221500,141.75316438,143.83760076,140.88834732,141.05514605,
2026-06-11 23:46:00,1781221560,141.05514605,144.70727593,140.86490481,141.79170841,
2026-06-11 23:47:00,1781221620,141.79170841,144.0915897,135.51133291,135.72670397,
2026-06-11 23:48:00,1781221680,135.72670397,137.26412773,132.95714867,134.13838684,
2026-06-11 23:49:00,1781221740,134.13838684,137.22570497,133.25221275,133.59489953,
2026-06-11 23:50:00,1781221800,133.59489953,133.61110559,129.64162942,130.97794318,
2026-06-11 23:51:00,1781221860,130.97794318,130.99390712,124.09899008,124.91946181,
2026-06-11 23:52:00,1781221920,124.91946181,124.99486835,119.87708825,124.97805334,
2026-06-11 23:53:00,1781221980,124.97805334,125.40774615,120.52833391,122.77752237,
2026-06-11 23:54:00,1781222040,122.77752237,138.40129672,122.35472744,136.58631742,
2026-06-11 23:55:00,1781222100,136.58631742,137.6915475,134.83512811,136.81496345,
2026-06-11 23:56:00,1781222160,136.81496345,136.81772492,134.24040932,136.13085616,
2026-06-11 23:57:00,1781222220,136.13085616,138.2181962,131.67301546,136.51121745,
2026-06-11 23:58:00,1781222280,136.51121745,137.73584269,131.99039493,133.83684688,
2026-06-11 23:59:00,1781222340,133.83684688,136.10267227,130.39701095,136.10267227,
2026-06-12 00:00:00,1781222400,136.10267227,136.10267227,124.66803533,132.9601601,
2026-06-12 00:01:00,1781222460,132.9601601,134.76409534,130.5861786,131.14475313,
2026-06-12 00:02:00,1781222520,131.14475313,132.56485561,125.76569176,127.06670493,
2026-06-12 00:03:00,1781222580,127.06670493,127.06670493,120.23298613,121.66620582,
2026-06-12 00:04:00,1781222640,121.66620582,127.51259638,121.61882674,126.84825664,
2026-06-12 00:05:00,1781222700,126.84825664,132.02751134,126.22980166,128.21686538,
2026-06-12 00:06:00,1781222760,128.21686538,133.92874298,126.58519654,131.42323968,
2026-06-12 00:07:00,1781222820,131.42323968,160.50145597,131.4217618,156.54960296,
2026-06-12 00:08:00,1781222880,156.54960296,159.508631,149.80483914,152.22936142,
2026-06-12 00:09:00,1781222940,152.22936142,152.22936142,145.68773085,147.38514878,
2026-06-12 00:10:00,1781223000,147.38514878,150.90752707,145.82939024,146.07600635,
2026-06-12 00:11:00,1781223060,146.07600635,150.57863727,140.69653909,142.18884705,
2026-06-12 00:12:00,1781223120,142.18884705,143.49046674,139.97429393,141.46196378,
2026-06-12 00:13:00,1781223180,141.46196378,145.00777022,138.49140219,144.40063923,
2026-06-12 00:14:00,1781223240,144.40063923,148.99847876,144.11798684,148.45910722,
2026-06-12 00:15:00,1781223300,148.45910722,148.45910722,132.12322123,134.56351083,
2026-06-12 00:16:00,1781223360,134.56351083,138.15981587,126.98851143,128.53751938,
2026-06-12 00:17:00,1781223420,128.53751938,130.72333196,126.54330893,128.26810269,
2026-06-12 00:18:00,1781223480,128.26810269,132.49397851,128.26810269,131.32464335,
2026-06-12 00:19:00,1781223540,131.32464335,135.37831882,131.12497144,132.44663496,
2026-06-12 00:20:00,1781223600,132.44663496,132.44663496,128.76665656,130.8326631,
2026-06-12 00:21:00,1781223660,130.8326631,136.95154322,129.27132369,132.14705342,
2026-06-12 00:22:00,1781223720,132.14705342,134.9057506,124.56341558,127.18261554,
2026-06-12 00:23:00,1781223780,127.18261554,127.18261554,123.71813874,124.37909759,
2026-06-12 00:24:00,1781223840,124.37909759,125.36385837,120.35651981,120.91215232,
2026-06-12 00:25:00,1781223900,120.91215232,126.28273572,120.78876052,126.06107109,
2026-06-12 00:26:00,1781223960,126.06107109,126.10549298,115.96961803,116.01686901,
2026-06-12 00:27:00,1781224020,116.01686901,121.36136523,112.00324772,119.31102615,
2026-06-12 00:28:00,1781224080,119.31102615,124.97677006,119.15585782,124.34205015,
2026-06-12 00:29:00,1781224140,124.34205015,129.92935272,124.18468148,126.31009559,
2026-06-12 00:30:00,1781224200,126.31009559,129.19423487,123.63744573,126.90121364,
2026-06-12 00:31:00,1781224260,126.90121364,126.90121364,118.0127654,122.19282867,
2026-06-12 00:32:00,1781224320,122.19282867,128.51739515,121.51840094,127.6639171,
2026-06-12 00:33:00,1781224380,127.6639171,133.18733207,127.49573908,132.35166784,
2026-06-12 00:34:00,1781224440,132.35166784,135.69421135,122.89578614,126.69135597,
2026-06-12 00:35:00,1781224500,126.69135597,132.2715397,125.06902094,131.7266245,
2026-06-12 00:36:00,1781224560,131.7266245,134.78478776,127.85975758,132.09189455,
2026-06-12 00:37:00,1781224620,132.09189455,135.54622331,132.00733889,133.48568658,
2026-06-12 00:38:00,1781224680,133.48568658,144.29919118,133.4841903,138.47204179,
2026-06-12 00:39:00,1781224740,138.47204179,138.47204179,130.27535472,130.50297493,
2026-06-12 00:40:00,1781224800,130.50297493,133.23915023,126.88110957,131.43186315,
2026-06-12 00:41:00,1781224860,131.43186315,134.05056936,128.30561263,130.83454718,
2026-06-12 00:42:00,1781224920,130.83454718,135.33764856,130.38457374,131.51029564,
2026-06-12 00:43:00,1781224980,131.51029564,132.65384203,126.3029293,126.49604911,
2026-06-12 00:44:00,1781225040,126.49604911,127.97665075,124.32971688,126.98042849,
2026-06-12 00:45:00,1781225100,126.98042849,131.8050707,125.0125256,131.5089463,
2026-06-12 00:46:00,1781225160,131.5089463,132.24730346,128.0653918,129.72495686,
2026-06-12 00:47:00,1781225220,129.72495686,131.37226431,128.18229243,130.19169686,
2026-06-12 00:48:00,1781225280,130.19169686,131.90028864,129.25689682,129.63867688,
2026-06-12 00:49:00,1781225340,129.63867688,132.07961773,129.07261946,130.465578,
2026-06-12 00:50:00,1781225400,130.465578,130.4805212,126.71575329,128.10990078,
2026-06-12 00:51:00,1781225460,128.10990078,136.77704622,128.09372379,134.45226833,
2026-06-12 00:52:00,1781225520,134.45226833,134.95005079,131.34475444,133.27485722,
2026-06-12 00:53:00,1781225580,133.27485722,134.99988462,131.94984717,133.98207397,
2026-06-12 00:54:00,1781225640,133.98207397,136.5604925,132.91747669,134.22820276,
2026-06-12 00:55:00,1781225700,134.22820276,135.70370399,132.3421695,133.98389765,
2026-06-12 00:56:00,1781225760,133.98389765,137.72140049,132.48602941,133.98508133,
2026-06-12 00:57:00,1781225820,133.98508133,134.24921043,126.58294736,128.16548381,
2026-06-12 00:58:00,1781225880,128.16548381,129.12258689,120.6198742,120.81459697,
2026-06-12 00:59:00,1781225940,120.81459697,123.62736419,119.79995635,122.08245382,
2026-06-12 01:00:00,1781226000,122.08245382,123.18067186,108.82530569,110.17918859,
2026-06-12 01:01:00,1781226060,110.17918859,110.19359389,103.024223,103.08331173,
2026-06-12 01:02:00,1781226120,103.08331173,105.41217905,97.82392973,98.43190906,
2026-06-12 01:03:00,1781226180,98.43190906,106.9028163,97.94803407,103.84182341,
2026-06-12 01:04:00,1781226240,103.84182341,105.13257797,101.22999043,103.84921037,
2026-06-12 01:05:00,1781226300,103.84921037,105.25260731,99.89819934,100.1012231,
2026-06-12 01:06:00,1781226360,100.1012231,107.74221709,100.08663573,104.50671908,
2026-06-12 01:07:00,1781226420,104.50671908,107.19258237,103.93804131,105.36391493,
2026-06-12 01:08:00,1781226480,105.36391493,105.92084523,103.13470072,103.80376426,
2026-06-12 01:09:00,1781226540,103.80376426,111.24336052,103.74777254,104.94553046,
2026-06-12 01:10:00,1781226600,104.94553046,107.68153075,103.52898902,105.17442216,
2026-06-12 01:11:00,1781226660,105.17442216,107.72868984,101.28233136,102.33140592,
2026-06-12 01:12:00,1781226720,102.33140592,103.21985973,100.94374345,102.61086324,
2026-06-12 01:13:00,1781226780,102.61086324,103.32816024,100.03683491,102.69749868,
2026-06-12 01:14:00,1781226840,102.69749868,104.86582178,99.86022702,102.33580671,
2026-06-12 01:15:00,1781226900,102.33580671,103.09721643,99.67472405,100.13991286,
2026-06-12 01:16:00,1781226960,100.13991286,110.04250674,99.67285499,109.75956947,
2026-06-12 01:17:00,1781227020,109.75956947,109.75956947,99.31634517,102.78895234,
2026-06-12 01:18:00,1781227080,102.78895234,104.49712691,100.09544836,100.16030387,
2026-06-12 01:19:00,1781227140,100.16030387,100.20006479,95.88178653,96.08874165,
2026-06-12 01:20:00,1781227200,96.08874165,96.80959429,92.98372559,94.69845003,
2026-06-12 01:21:00,1781227260,94.69845003,98.35366004,93.60484328,97.57816243,
2026-06-12 01:22:00,1781227320,97.57816243,97.57816243,92.86724836,92.9844776,
2026-06-12 01:23:00,1781227380,92.9844776,96.06011196,91.51961065,91.90293499,
2026-06-12 01:24:00,1781227440,91.90293499,93.96182484,91.81399566,91.81926779,
2026-06-12 01:25:00,1781227500,91.81926779,95.14492011,90.92153929,92.93281693,
2026-06-12 01:26:00,1781227560,92.93281693,92.94669321,86.34604703,87.87641828,
2026-06-12 01:27:00,1781227620,87.87641828,87.87641828,82.06792239,87.08710615,
2026-06-12 01:28:00,1781227680,87.08710615,89.83173904,82.18387405,88.56411891,
2026-06-12 01:29:00,1781227740,88.56411891,91.14262781,88.28212842,89.44568985,
2026-06-12 01:30:00,1781227800,89.44568985,95.55020846,88.90593223,95.48698297,
2026-06-12 01:31:00,1781227860,95.48698297,95.57882425,90.08180594,92.03355876,
2026-06-12 01:32:00,1781227920,92.03355876,97.08444784,91.94857715,95.39068438,
2026-06-12 01:33:00,1781227980,95.39068438,98.14984648,93.10796547,95.42421447,
2026-06-12 01:34:00,1781228040,95.42421447,96.80331026,91.0263518,91.11003286,
2026-06-12 01:35:00,1781228100,91.11003286,92.43164307,85.65271525,86.78488868,
2026-06-12 01:36:00,1781228160,86.78488868,88.3455704,84.96310058,85.12019587,
2026-06-12 01:37:00,1781228220,85.12019587,89.23905188,85.12019587,89.01281284,
2026-06-12 01:38:00,1781228280,89.01281284,90.82094804,88.24211419,90.67382213,
2026-06-12 01:39:00,1781228340,90.67382213,94.66922857,88.41911174,93.81931217,
2026-06-12 01:40:00,1781228400,93.81931217,93.97925964,89.92928907,89.96524675,
2026-06-12 01:41:00,1781228460,89.96524675,92.65835131,89.77236164,91.27310952,
2026-06-12 01:42:00,1781228520,91.27310952,95.37162247,91.05385688,95.37162247,
2026-06-12 01:43:00,1781228580,95.37162247,99.69365455,95.369039,97.72839442,
2026-06-12 01:44:00,1781228640,97.72839442,98.92470069,92.28504164,92.36678604,
2026-06-12 01:45:00,1781228700,92.36678604,101.96754766,92.31526117,97.12883902,
2026-06-12 01:46:00,1781228760,97.12883902,101.15567266,96.42691214,98.73149587,
2026-06-12 01:47:00,1781228820,98.73149587,101.93935816,97.00186353,97.72475908,
2026-06-12 01:48:00,1781228880,97.72475908,102.27046768,96.37205966,100.86690651,
2026-06-12 01:49:00,1781228940,100.86690651,103.94293319,99.86036744,102.12771186,
2026-06-12 01:50:00,1781229000,102.12771186,102.16634771,97.26012787,98.56384709,
2026-06-12 01:51:00,1781229060,98.56384709,102.36955526,96.92507544,100.3680378,
2026-06-12 01:52:00,1781229120,100.3680378,100.55014684,98.03830433,99.35997943,
2026-06-12 01:53:00,1781229180,99.35997943,99.59602942,97.90424056,99.25020292,
2026-06-12 01:54:00,1781229240,99.25020292,103.80203988,97.29848761,103.13639193,
2026-06-12 01:55:00,1781229300,103.13639193,103.13639193,95.65130038,97.34181813,
2026-06-12 01:56:00,1781229360,97.34181813,98.1981187,94.07823382,94.07823382,
2026-06-12 01:57:00,1781229420,94.07823382,95.62478812,92.84343001,95.2033207,
2026-06-12 01:58:00,1781229480,95.2033207,97.45640651,95.2033207,97.36504509,
2026-06-12 01:59:00,1781229540,97.36504509,98.96848672,96.38305388,98.55800402,
2026-06-12 02:00:00,1781229600,98.55800402,101.67377584,98.54369587,99.49045199,
2026-06-12 02:01:00,1781229660,99.49045199,103.53970043,99.24001672,102.43205953,
2026-06-12 02:02:00,1781229720,102.43205953,107.18104176,101.49384738,107.13485605,
2026-06-12 02:03:00,1781229780,107.13485605,107.20163493,102.88414987,103.00546208,
2026-06-12 02:04:00,1781229840,103.00546208,105.17133041,101.89200508,103.1164707,
2026-06-12 02:05:00,1781229900,103.1164707,106.16472898,102.36879178,106.16334868,
2026-06-12 02:06:00,1781229960,106.16334868,108.40582606,105.91259903,108.32139626,
2026-06-12 02:07:00,1781230020,108.32139626,113.45968848,106.7919337,111.66181288,
2026-06-12 02:08:00,1781230080,111.66181288,111.66181288,107.80053768,109.45128035,
2026-06-12 02:09:00,1781230140,109.45128035,128.80191708,108.47627494,127.35587034,
2026-06-12 02:10:00,1781230200,127.35587034,149.50227622,127.22581585,137.17849478,
2026-06-12 02:11:00,1781230260,137.17849478,138.76193666,129.88724679,131.81872009,
2026-06-12 02:12:00,1781230320,131.81872009,133.36104309,126.31869743,129.37883944,
2026-06-12 02:13:00,1781230380,129.37883944,135.08787205,124.53911562,126.70626103,
2026-06-12 02:14:00,1781230440,126.70626103,126.70626103,123.45267197,124.95116982,
2026-06-12 02:15:00,1781230500,124.95116982,129.56738696,123.40271741,123.5634022,
2026-06-12 02:16:00,1781230560,123.5634022,124.93429805,117.96162791,121.25068214,
2026-06-12 02:17:00,1781230620,121.25068214,121.25068214,116.1721935,116.7796445,
2026-06-12 02:18:00,1781230680,116.7796445,116.79334444,112.54501175,113.71920427,
2026-06-12 02:19:00,1781230740,113.71920427,119.71786561,113.34746018,119.06545982,
2026-06-12 02:20:00,1781230800,119.06545982,119.76854333,114.81319775,118.14128359,
2026-06-12 02:21:00,1781230860,118.14128359,118.25448159,113.61678766,115.50519271,
2026-06-12 02:22:00,1781230920,115.50519271,121.75334595,115.42318102,116.49106565,
2026-06-12 02:23:00,1781230980,116.49106565,120.49122425,115.50910154,117.56083746,
2026-06-12 02:24:00,1781231040,117.56083746,123.14717934,116.56959265,117.61392844,
2026-06-12 02:25:00,1781231100,117.61392844,117.61392844,110.22324804,111.23224639,
2026-06-12 02:26:00,1781231160,111.23224639,112.38515548,107.41278366,107.5974301,
2026-06-12 02:27:00,1781231220,107.5974301,107.78000401,104.8086666,106.35798853,
2026-06-12 02:28:00,1781231280,106.35798853,106.70371734,101.2184896,103.97365,
2026-06-12 02:29:00,1781231340,103.97365,105.0178747,102.1878523,104.91968802,
2026-06-12 02:30:00,1781231400,104.91968802,110.14406881,103.75171835,109.19724317,
2026-06-12 02:31:00,1781231460,109.19724317,112.00897624,107.73359308,108.20411249,
2026-06-12 02:32:00,1781231520,108.20411249,109.96465886,107.1899047,108.83844046,
2026-06-12 02:33:00,1781231580,108.83844046,110.99191337,102.97547373,103.33295641,
2026-06-12 02:34:00,1781231640,103.33295641,103.76163296,96.62063866,98.47707381,
2026-06-12 02:35:00,1781231700,98.47707381,101.75705553,97.99666617,98.74898572,
2026-06-12 02:36:00,1781231760,98.74898572,107.14796968,97.6792395,107.14796968,
2026-06-12 02:37:00,1781231820,107.14796968,111.60135818,106.52442579,110.75693683,
2026-06-12 02:38:00,1781231880,110.75693683,114.18944416,108.22776337,109.73325652,
2026-06-12 02:39:00,1781231940,109.73325652,112.41557076,106.945209,112.25673477,
2026-06-12 02:40:00,1781232000,112.25673477,117.14051897,108.90814543,110.82935943,
2026-06-12 02:41:00,1781232060,110.82935943,111.39682506,107.47628187,107.65239509,
2026-06-12 02:42:00,1781232120,107.65239509,108.37282585,106.21188115,107.63555641,
2026-06-12 02:43:00,1781232180,107.63555641,108.51191681,106.90139466,108.37025696,
2026-06-12 02:44:00,1781232240,108.37025696,114.71649995,108.35300524,114.23714146,
2026-06-12 02:45:00,1781232300,114.23714146,114.30381716,108.08061428,108.51473132,
2026-06-12 02:46:00,1781232360,108.51473132,108.8518065,107.23478543,108.22520514,
2026-06-12 02:47:00,1781232420,108.22520514,112.29819463,108.07415439,109.62198455,
2026-06-12 02:48:00,1781232480,109.62198455,110.40330326,104.66636912,106.76099153,
2026-06-12 02:49:00,1781232540,106.76099153,108.90908779,105.51482681,108.62519765,
2026-06-12 02:50:00,1781232600,108.62519765,109.22922095,104.65160919,106.434313,
2026-06-12 02:51:00,1781232660,106.434313,109.47649204,103.53802448,104.96893585,
2026-06-12 02:52:00,1781232720,104.96893585,106.59459929,104.54909462,106.59459929,
2026-06-12 02:53:00,1781232780,106.59459929,106.67719567,103.82004941,104.4238677,
2026-06-12 02:54:00,1781232840,104.4238677,105.87383039,103.89833743,105.3252071,
2026-06-12 02:55:00,1781232900,105.3252071,105.42824688,103.63931576,104.70699296,
2026-06-12 02:56:00,1781232960,104.70699296,105.08173769,104.3424086,104.41075456,
2026-06-12 02:57:00,1781233020,104.41075456,104.53554314,102.22984283,103.26045778,
2026-06-12 02:58:00,1781233080,103.26045778,104.31182972,99.10455667,104.25533272,
2026-06-12 02:59:00,1781233140,104.25533272,110.71326415,104.1810265,108.40364283,
2026-06-12 03:00:00,1781233200,108.40364283,110.90620088,108.03175025,110.08098796,
2026-06-12 03:01:00,1781233260,110.08098796,113.25870131,106.26047388,107.17467129,
2026-06-12 03:02:00,1781233320,107.17467129,108.27823335,103.62384897,104.75775893,
2026-06-12 03:03:00,1781233380,104.75775893,106.76627773,102.62781338,104.49419958,
2026-06-12 03:04:00,1781233440,104.49419958,105.50293183,101.85076268,101.99574903,
2026-06-12 03:05:00,1781233500,101.99574903,101.99574903,98.80192458,99.24062696,
2026-06-12 03:06:00,1781233560,99.24062696,102.07286086,99.1998,101.00646115,
2026-06-12 03:07:00,1781233620,101.00646115,104.10841116,99.94130041,100.55442633,
2026-06-12 03:08:00,1781233680,100.55442633,100.98267495,97.6218416,99.02678521,
2026-06-12 03:09:00,1781233740,99.02678521,103.70493252,97.75516623,102.92635181,
2026-06-12 03:10:00,1781233800,102.92635181,102.92635181,99.04416716,99.13955554,
2026-06-12 03:11:00,1781233860,99.13955554,101.04976703,97.91020411,99.42583431,
2026-06-12 03:12:00,1781233920,99.42583431,100.15471988,95.25583734,97.51739533,
2026-06-12 03:13:00,1781233980,97.51739533,97.51739533,91.62064778,92.31454311,
2026-06-12 03:14:00,1781234040,92.31454311,94.00462828,91.55292701,93.55535933,
2026-06-12 03:15:00,1781234100,93.55535933,93.74969573,90.45034341,91.34367361,
2026-06-12 03:16:00,1781234160,91.34367361,92.6247414,88.91258495,91.62974257,
2026-06-12 03:17:00,1781234220,91.62974257,92.4532682,89.20099121,90.23539831,
2026-06-12 03:18:00,1781234280,90.23539831,91.01489721,88.69570652,90.41522676,
2026-06-12 03:19:00,1781234340,90.41522676,90.41522676,88.22582181,88.65911036,
2026-06-12 03:20:00,1781234400,88.65911036,89.15051534,84.45528804,85.6149898,
2026-06-12 03:21:00,1781234460,85.6149898,87.75537939,82.33965762,83.0210686,
2026-06-12 03:22:00,1781234520,83.0210686,85.90841693,80.719254,80.7307758,
2026-06-12 03:23:00,1781234580,80.7307758,81.01257019,78.68963695,80.82516474,
2026-06-12 03:24:00,1781234640,80.82516474,82.83266832,79.89106096,81.51830823,
2026-06-12 03:25:00,1781234700,81.51830823,81.51830823,74.05462007,77.71958697,
2026-06-12 03:26:00,1781234760,77.71958697,81.96249486,77.71958697,81.91472517,
2026-06-12 03:27:00,1781234820,81.91472517,82.59585789,79.08091282,79.85941647,
2026-06-12 03:28:00,1781234880,79.85941647,84.90986767,79.85941647,84.85642797,
2026-06-12 03:29:00,1781234940,84.85642797,84.85642797,82.6031035,83.15293899,
2026-06-12 03:30:00,1781235000,83.15293899,87.95402303,82.9867348,83.67885614,
2026-06-12 03:31:00,1781235060,83.67885614,92.44078874,83.54330494,88.19438841,
2026-06-12 03:32:00,1781235120,88.19438841,88.19438841,82.90664553,86.79412343,
2026-06-12 03:33:00,1781235180,86.79412343,88.15113567,85.62939902,86.32317754,
2026-06-12 03:34:00,1781235240,86.32317754,91.56272589,84.75276381,91.277937,
2026-06-12 03:35:00,1781235300,91.277937,94.18874646,87.31901677,88.91580417,
2026-06-12 03:36:00,1781235360,88.91580417,89.55196865,85.53532815,86.06466892,
2026-06-12 03:37:00,1781235420,86.06466892,89.30875386,86.06341473,89.00547002,
2026-06-12 03:38:00,1781235480,89.00547002,89.00547002,86.15766766,87.44520852,
2026-06-12 03:39:00,1781235540,87.44520852,87.44520852,84.8799167,84.8799167,
2026-06-12 03:40:00,1781235600,84.8799167,86.60198865,83.89675188,84.88858185,
2026-06-12 03:41:00,1781235660,84.88858185,87.51550363,83.31724928,84.90113947,
2026-06-12 03:42:00,1781235720,84.90113947,85.63636208,81.45586554,83.61598316,
2026-06-12 03:43:00,1781235780,83.61598316,84.47492984,82.63646615,83.1061384,
2026-06-12 03:44:00,1781235840,83.1061384,86.13529635,83.1061384,84.68022294,
2026-06-12 03:45:00,1781235900,84.68022294,86.49558471,82.27872787,83.84401932,
2026-06-12 03:46:00,1781235960,83.84401932,87.28597013,83.29829336,86.98125275,
2026-06-12 03:47:00,1781236020,86.98125275,88.78087038,85.91611978,87.2691969,
2026-06-12 03:48:00,1781236080,87.2691969,91.5992446,85.81515146,88.50869854,
2026-06-12 03:49:00,1781236140,88.50869854,90.04157865,83.81907495,84.45613444,
2026-06-12 03:50:00,1781236200,84.45613444,87.70005943,84.45613444,85.22414647,
2026-06-12 03:51:00,1781236260,85.22414647,88.55597002,85.22289422,87.33116298,
2026-06-12 03:52:00,1781236320,87.33116298,90.22898665,87.23093294,87.98230902,
2026-06-12 03:53:00,1781236380,87.98230902,89.54624267,87.37387238,89.34983602,
2026-06-12 03:54:00,1781236440,89.34983602,90.66561292,88.16081113,88.65286891,
2026-06-12 03:55:00,1781236500,88.65286891,91.29118932,88.59218878,89.2741588,
2026-06-12 03:56:00,1781236560,89.2741588,89.2741588,87.52804514,88.31821343,
2026-06-12 03:57:00,1781236620,88.31821343,90.769654,88.2792354,88.93931015,
2026-06-12 03:58:00,1781236680,88.93931015,88.9998117,86.61232712,86.98738576,
2026-06-12 03:59:00,1781236740,86.98738576,89.01926817,86.98484789,87.99976392,
2026-06-12 04:00:00,1781236800,87.99976392,89.1454003,86.61242247,86.88777909,
2026-06-12 04:01:00,1781236860,86.88777909,86.97092998,81.75101245,85.22431926,
2026-06-12 04:02:00,1781236920,85.22431926,85.22431926,81.87311305,82.99917027,
2026-06-12 04:03:00,1781236980,82.99917027,87.08580938,82.80617232,85.24363681,
2026-06-12 04:04:00,1781237040,85.24363681,86.13216995,81.69753724,85.98697856,
2026-06-12 04:05:00,1781237100,85.98697856,85.98697856,82.6145992,83.09760527,
2026-06-12 04:06:00,1781237160,83.09760527,83.23953446,77.36280825,77.43251617,
2026-06-12 04:07:00,1781237220,77.43251617,77.53941346,74.68640453,77.39949294,
2026-06-12 04:08:00,1781237280,77.39949294,84.50836382,77.31411943,82.71960888,
2026-06-12 04:09:00,1781237340,82.71960888,83.31446649,79.8582063,80.71956345,
2026-06-12 04:10:00,1781237400,80.71956345,81.74671229,80.41207956,81.36277861,
2026-06-12 04:11:00,1781237460,81.36277861,90.49742597,81.35821639,87.05455502,
2026-06-12 04:12:00,1781237520,87.05455502,87.85523588,84.86918977,86.10926193,
2026-06-12 04:13:00,1781237580,86.10926193,86.10926193,78.43033317,80.10067448,
2026-06-12 04:14:00,1781237640,80.10067448,82.86158849,79.09560354,81.31492896,
2026-06-12 04:15:00,1781237700,81.31492896,90.90349977,81.31492896,89.77420251,
2026-06-12 04:16:00,1781237760,89.77420251,108.33995499,88.22503932,107.307372,
2026-06-12 04:17:00,1781237820,107.307372,114.31298373,101.60494117,102.26144499,
2026-06-12 04:18:00,1781237880,102.26144499,107.41307996,100.4079271,102.53011657,
2026-06-12 04:19:00,1781237940,102.53011657,104.54446919,101.75420118,104.00947796,
2026-06-12 04:20:00,1781238000,104.00947796,104.12556025,99.41087015,102.05670338,
2026-06-12 04:21:00,1781238060,102.05670338,105.31729498,101.75708972,105.04285581,
2026-06-12 04:22:00,1781238120,105.04285581,110.79815116,102.04522956,110.28102853,
2026-06-12 04:23:00,1781238180,110.28102853,119.5317756,109.46921094,111.53987763,
2026-06-12 04:24:00,1781238240,111.53987763,115.07453187,109.4241467,112.28524105,
2026-06-12 04:25:00,1781238300,112.28524105,112.28524105,109.43761494,110.27731598,
2026-06-12 04:26:00,1781238360,110.27731598,119.4821287,109.24386014,119.44803448,
2026-06-12 04:27:00,1781238420,119.44803448,120.23460749,114.37113177,116.5776363,
2026-06-12 04:28:00,1781238480,116.5776363,119.58870958,115.096884,117.26516544,
2026-06-12 04:29:00,1781238540,117.26516544,120.81621317,115.26503958,117.94319092,
2026-06-12 04:30:00,1781238600,117.94319092,117.95939117,111.64242831,112.68029174,
2026-06-12 04:31:00,1781238660,112.68029174,129.0638237,112.68029174,115.73993983,
2026-06-12 04:32:00,1781238720,115.73993983,118.67439626,109.35632175,113.09359541,
2026-06-12 04:33:00,1781238780,113.09359541,120.29830854,108.58660645,108.58660645,
2026-06-12 04:34:00,1781238840,108.58660645,108.96685823,103.11477482,108.81283238,
2026-06-12 04:35:00,1781238900,108.81283238,109.8157521,105.12750609,106.43103882,
2026-06-12 04:36:00,1781238960,106.43103882,108.61949761,104.79794769,105.01877057,
2026-06-12 04:37:00,1781239020,105.01877057,108.14930999,104.75986314,106.31670475,
2026-06-12 04:38:00,1781239080,106.31670475,106.43506054,102.4932404,103.84516982,
2026-06-12 04:39:00,1781239140,103.84516982,110.39768431,103.60890135,107.37465791,
2026-06-12 04:40:00,1781239200,107.37465791,107.59950958,103.67988079,106.45995866,
2026-06-12 04:41:00,1781239260,106.45995866,106.47348221,101.85221221,104.41435531,
2026-06-12 04:42:00,1781239320,104.41435531,104.72891188,101.3158168,104.08796256,
2026-06-12 04:43:00,1781239380,104.08796256,108.02633749,103.99121585,105.19760744,
2026-06-12 04:44:00,1781239440,105.19760744,108.58917104,105.19760744,105.77136034,
2026-06-12 04:45:00,1781239500,105.77136034,110.77967064,105.22292181,106.46520146,
2026-06-12 04:46:00,1781239560,106.46520146,109.29031502,104.55193266,106.93757091,
2026-06-12 04:47:00,1781239620,106.93757091,107.19012586,102.9906603,105.27854606,
2026-06-12 04:48:00,1781239680,105.27854606,106.52550019,104.40725671,106.08810934,
2026-06-12 04:49:00,1781239740,106.08810934,106.17613276,103.67258896,105.07894035,
2026-06-12 04:50:00,1781239800,105.07894035,108.86997245,103.97021197,105.4482835,
2026-06-12 04:51:00,1781239860,105.4482835,108.31149929,104.60110588,108.24912448,
2026-06-12 04:52:00,1781239920,108.24912448,108.42698704,107.38616972,108.05673376,
2026-06-12 04:53:00,1781239980,108.05673376,109.11567319,103.97965915,104.25756749,
2026-06-12 04:54:00,1781240040,104.25756749,104.75272287,103.71059042,103.71059042,
2026-06-12 04:55:00,1781240100,103.71059042,106.75885041,102.79421529,102.8087555,
2026-06-12 04:56:00,1781240160,102.8087555,104.75856384,101.76464652,104.17119915,
2026-06-12 04:57:00,1781240220,104.17119915,106.22214803,104.15079153,104.45618564,
2026-06-12 04:58:00,1781240280,104.45618564,104.45618564,102.36190086,102.61210089,
2026-06-12 04:59:00,1781240340,102.61210089,103.78267518,100.69145134,102.10942143,
2026-06-12 05:00:00,1781240400,102.10942143,106.07637768,100.02486519,100.92459308,
2026-06-12 05:01:00,1781240460,100.92459308,101.02363347,94.0953613,99.06195823,
2026-06-12 05:02:00,1781240520,99.06195823,99.06195823,90.73568466,92.03757429,
2026-06-12 05:03:00,1781240580,92.03757429,94.83017541,91.7422896,94.3937562,
2026-06-12 05:04:00,1781240640,94.3937562,96.54462539,91.70355021,92.75575753,
2026-06-12 05:05:00,1781240700,92.75575753,94.73735752,92.07916954,92.85885574,
2026-06-12 05:06:00,1781240760,92.85885574,95.98751889,92.09355248,95.1595768,
2026-06-12 05:07:00,1781240820,95.1595768,96.35601305,91.16023819,91.36907865,
2026-06-12 05:08:00,1781240880,91.36907865,91.44512391,85.6623551,88.14322197,
2026-06-12 05:09:00,1781240940,88.14322197,89.19230795,86.7438473,88.63258342,
2026-06-12 05:10:00,1781241000,88.63258342,88.89325947,83.58709829,86.18400169,
2026-06-12 05:11:00,1781241060,86.18400169,86.26345646,73.92130567,73.92130567,
2026-06-12 05:12:00,1781241120,73.92130567,75.62201065,68.76518927,73.59117041,
2026-06-12 05:13:00,1781241180,73.59117041,73.59117041,69.98201345,71.35579577,
2026-06-12 05:14:00,1781241240,71.35579577,75.02169119,71.35463249,72.16342855,
2026-06-12 05:15:00,1781241300,72.16342855,77.80956358,72.04703724,77.17667178,
2026-06-12 05:16:00,1781241360,77.17667178,80.68222387,76.90505862,79.71998444,
2026-06-12 05:17:00,1781241420,79.71998444,82.5530448,79.04198617,82.30205514,
2026-06-12 05:18:00,1781241480,82.30205514,84.1649736,81.33991047,83.41113354,
2026-06-12 05:19:00,1781241540,83.41113354,84.2284967,82.66232033,83.0386399,
2026-06-12 05:20:00,1781241600,83.0386399,83.57370239,80.14846655,81.4014229,
2026-06-12 05:21:00,1781241660,81.4014229,81.42399981,79.1729329,80.6525641,
2026-06-12 05:22:00,1781241720,80.6525641,82.69978037,77.26819352,77.7443409,
2026-06-12 05:23:00,1781241780,77.7443409,81.25523337,77.3252104,77.48282589,
2026-06-12 05:24:00,1781241840,77.48282589,79.4938323,74.75689565,79.15332632,
2026-06-12 05:25:00,1781241900,79.15332632,80.17475905,77.94424112,80.11596933,
2026-06-12 05:26:00,1781241960,80.11596933,80.89639414,78.4706071,78.7503386,
2026-06-12 05:27:00,1781242020,78.7503386,80.89992915,78.21363751,78.88011115,
2026-06-12 05:28:00,1781242080,78.88011115,80.71080051,78.03904028,79.31478275,
2026-06-12 05:29:00,1781242140,79.31478275,81.21624337,79.18572293,80.34897158,
2026-06-12 05:30:00,1781242200,80.34897158,82.03142073,78.36855555,81.54523422,
2026-06-12 05:31:00,1781242260,81.54523422,82.18232566,78.11740267,81.76924468,
2026-06-12 05:32:00,1781242320,81.76924468,82.04234305,76.12104771,76.61837625,
2026-06-12 05:33:00,1781242380,76.61837625,80.13499205,74.547856,76.94192798,
2026-06-12 05:34:00,1781242440,76.94192798,79.66744904,76.32078521,78.54446658,
2026-06-12 05:35:00,1781242500,78.54446658,79.58402803,76.31313539,77.7373022,
2026-06-12 05:36:00,1781242560,77.7373022,78.21516573,72.0774401,72.8332264,
2026-06-12 05:37:00,1781242620,72.8332264,74.86679181,68.74848818,70.73692055,
2026-06-12 05:38:00,1781242680,70.73692055,72.35992174,68.11973764,68.77257418,
2026-06-12 05:39:00,1781242740,68.77257418,71.06651991,65.54081943,70.83499429,
2026-06-12 05:40:00,1781242800,70.83499429,71.47014052,67.82029131,69.1049069,
2026-06-12 05:41:00,1781242860,69.1049069,70.98846275,67.17658302,70.16710331,
2026-06-12 05:42:00,1781242920,70.16710331,71.58781732,69.13652568,71.55593002,
2026-06-12 05:43:00,1781242980,71.55593002,73.63349397,70.02768896,70.66380236,
2026-06-12 05:44:00,1781243040,70.66380236,71.9523849,70.02464424,71.70727783,
2026-06-12 05:45:00,1781243100,71.70727783,72.98689768,71.70608373,72.39980754,
2026-06-12 05:46:00,1781243160,72.39980754,72.39980754,68.88277142,69.44115711,
2026-06-12 05:47:00,1781243220,69.44115711,70.60943665,66.7567378,69.65043811,
2026-06-12 05:48:00,1781243280,69.65043811,69.68047967,67.92678664,69.01135605,
2026-06-12 05:49:00,1781243340,69.01135605,73.26558097,68.00274766,73.2366686,
2026-06-12 05:50:00,1781243400,73.2366686,73.45131312,62.8237971,62.83351714,
2026-06-12 05:51:00,1781243460,62.83351714,68.70775956,62.77511848,68.32814033,
2026-06-12 05:52:00,1781243520,68.32814033,70.58696586,63.90427667,64.13549195,
2026-06-12 05:53:00,1781243580,64.13549195,68.33595682,63.72337293,67.88506844,
2026-06-12 05:54:00,1781243640,67.88506844,70.78334247,67.88506844,69.74000731,
2026-06-12 05:55:00,1781243700,69.74000731,70.87869067,69.21865337,70.76130377,
2026-06-12 05:56:00,1781243760,70.76130377,72.03947031,69.6831063,71.14246996,
2026-06-12 05:57:00,1781243820,71.14246996,74.11606635,70.2754101,73.11881496,
2026-06-12 05:58:00,1781243880,73.11881496,73.32662993,71.06420768,71.55153605,
2026-06-12 05:59:00,1781243940,71.55153605,71.55153605,68.02441234,68.62627525,
2026-06-12 06:00:00,1781244000,68.62627525,70.04471212,66.05816495,69.59328342,
2026-06-12 06:01:00,1781244060,69.59328342,70.37428302,66.60554126,68.5084357,
2026-06-12 06:02:00,1781244120,68.5084357,72.55970725,67.39352304,71.50674528,
2026-06-12 06:03:00,1781244180,71.50674528,73.44308835,69.08387476,73.44308835,
2026-06-12 06:04:00,1781244240,73.44308835,73.83312534,70.72019353,72.7175479,
2026-06-12 06:05:00,1781244300,72.7175479,75.07145493,72.07833852,73.75623206,
2026-06-12 06:06:00,1781244360,73.75623206,75.11090398,72.08207155,72.74191493,
2026-06-12 06:07:00,1781244420,72.74191493,73.02327959,69.74728304,70.43429727,
2026-06-12 06:08:00,1781244480,70.43429727,73.80705172,67.84291016,71.26673581,
2026-06-12 06:09:00,1781244540,71.26673581,71.96540907,64.85739139,65.94543925,
2026-06-12 06:10:00,1781244600,65.94543925,67.26675912,61.70684324,67.26675912,
2026-06-12 06:11:00,1781244660,67.26675912,69.06075075,64.57478275,66.43847385,
2026-06-12 06:12:00,1781244720,66.43847385,66.54673931,63.16836528,64.55531573,
2026-06-12 06:13:00,1781244780,64.55531573,65.88024229,63.45450065,64.04038744,
2026-06-12 06:14:00,1781244840,64.04038744,65.23619722,62.54354519,64.90911178,
2026-06-12 06:15:00,1781244900,64.90911178,65.13240664,56.87368287,57.12719902,
2026-06-12 06:16:00,1781244960,57.12719902,57.12719902,52.87205069,53.8857139,
2026-06-12 06:17:00,1781245020,53.8857139,55.18231322,52.71894229,53.35177915,
2026-06-12 06:18:00,1781245080,53.35177915,57.5426223,53.35076039,57.12955613,
2026-06-12 06:19:00,1781245140,57.12955613,57.37833876,53.92384323,54.41347518,
2026-06-12 06:20:00,1781245200,54.41347518,55.81572355,53.6852046,54.07531086,
2026-06-12 06:21:00,1781245260,54.07531086,55.46486625,49.55744841,55.19267022,
2026-06-12 06:22:00,1781245320,55.19267022,55.90383179,53.02372428,55.46410061,
2026-06-12 06:23:00,1781245380,55.46410061,57.07984455,55.14408963,56.615415,
2026-06-12 06:24:00,1781245440,56.615415,58.61928935,56.50482403,57.09778691,
2026-06-12 06:25:00,1781245500,57.09778691,57.98797918,55.58565541,56.16061811,
2026-06-12 06:26:00,1781245560,56.16061811,57.345759,53.24133094,56.37242494,
2026-06-12 06:27:00,1781245620,56.37242494,56.95124394,54.03635906,54.90956746,
2026-06-12 06:28:00,1781245680,54.90956746,55.82114913,53.93326283,54.24553027,
2026-06-12 06:29:00,1781245740,54.24553027,54.358241,53.01611077,53.74596666,
2026-06-12 06:30:00,1781245800,53.74596666,53.74596666,49.10328267,50.63024886,
2026-06-12 06:31:00,1781245860,50.63024886,50.64596235,45.89409266,46.39074634,
2026-06-12 06:32:00,1781245920,46.39074634,48.76642793,45.9462698,47.60311812,
2026-06-12 06:33:00,1781245980,47.60311812,47.68467371,35.98954737,37.0100801,
2026-06-12 06:34:00,1781246040,37.0100801,41.30394795,35.91381606,39.08981419,
2026-06-12 06:35:00,1781246100,39.08981419,42.02511911,39.08981419,40.13870699,
2026-06-12 06:36:00,1781246160,40.13870699,41.07864161,38.01565276,39.55630878,
2026-06-12 06:37:00,1781246220,39.55630878,40.62271021,37.16599801,37.58037437,
2026-06-12 06:38:00,1781246280,37.58037437,37.76126325,35.55845527,36.54048024,
2026-06-12 06:39:00,1781246340,36.54048024,42.94587467,36.53379,42.86141128,
2026-06-12 06:40:00,1781246400,42.86141128,44.20604828,41.7228138,43.83851517,
2026-06-12 06:41:00,1781246460,43.83851517,43.88553882,40.19682246,43.28330066,
2026-06-12 06:42:00,1781246520,43.28330066,43.85072841,41.54800649,42.33272943,
2026-06-12 06:43:00,1781246580,42.33272943,44.08669323,41.36714004,41.97695211,
2026-06-12 06:44:00,1781246640,41.97695211,43.49736336,41.32172243,42.25642978,
2026-06-12 06:45:00,1781246700,42.25642978,45.96347094,41.59063242,45.13946169,
2026-06-12 06:46:00,1781246760,45.13946169,46.54246004,44.3780025,46.42904791,
2026-06-12 06:47:00,1781246820,46.42904791,48.15808603,46.42809154,48.07348644,
2026-06-12 06:48:00,1781246880,48.07348644,48.07348644,45.40681193,46.85124969,
2026-06-12 06:49:00,1781246940,46.85124969,46.87005813,43.6185745,45.35564625,
2026-06-12 06:50:00,1781247000,45.35564625,46.70632336,43.26784656,43.35754786,
2026-06-12 06:51:00,1781247060,43.35754786,44.38617434,42.15529647,43.01040533,
2026-06-12 06:52:00,1781247120,43.01040533,45.27751348,42.55173683,44.20311673,
2026-06-12 06:53:00,1781247180,44.20311673,45.38980995,43.2216046,43.71370989,
2026-06-12 06:54:00,1781247240,43.71370989,45.15604928,43.33270012,44.48876917,
2026-06-12 06:55:00,1781247300,44.48876917,44.56958079,43.3388139,43.3573162,
2026-06-12 06:56:00,1781247360,43.3573162,45.70694844,42.97440962,45.44404186,
2026-06-12 06:57:00,1781247420,45.44404186,46.80737001,45.44261887,46.73588955,
2026-06-12 06:58:00,1781247480,46.73588955,48.66319715,45.64857057,46.46695866,
2026-06-12 06:59:00,1781247540,46.46695866,46.59827689,44.52578754,45.29779307,
2026-06-12 07:00:00,1781247600,45.29779307,50.54275521,45.18784378,49.66449968,
2026-06-12 07:01:00,1781247660,49.66449968,52.41556655,49.35194719,50.48277368,
2026-06-12 07:02:00,1781247720,50.48277368,50.85755549,46.67719083,46.67719083,
2026-06-12 07:03:00,1781247780,46.67719083,46.67719083,43.76721766,45.03475715,
2026-06-12 07:04:00,1781247840,45.03475715,45.88140774,44.64469373,45.10895971,
2026-06-12 07:05:00,1781247900,45.10895971,46.51547274,44.60962096,46.23257199,
2026-06-12 07:06:00,1781247960,46.23257199,46.73110266,45.0218851,45.53706665,
2026-06-12 07:07:00,1781248020,45.53706665,45.53706665,41.12483475,42.74639832,
2026-06-12 07:08:00,1781248080,42.74639832,44.55767147,42.61826214,44.41311795,
2026-06-12 07:09:00,1781248140,44.41311795,44.56952595,43.22595279,43.23818444,
2026-06-12 07:10:00,1781248200,43.23818444,43.23818444,42.28006367,42.4055126,
2026-06-12 07:11:00,1781248260,42.4055126,43.89835693,39.44739226,39.65510485,
2026-06-12 07:12:00,1781248320,39.65510485,41.21060723,38.76336301,39.78067897,
2026-06-12 07:13:00,1781248380,39.78067897,39.98650845,36.77681935,36.82628775,
2026-06-12 07:14:00,1781248440,36.82628775,38.08950097,34.23883023,34.6403956,
2026-06-12 07:15:00,1781248500,34.6403956,36.2671655,34.6071306,34.97640971,
2026-06-12 07:16:00,1781248560,34.97640971,36.59382622,32.66707135,35.78431879,
2026-06-12 07:17:00,1781248620,35.78431879,36.58068322,33.63693303,36.58068322,
2026-06-12 07:18:00,1781248680,36.58068322,39.76531472,36.39479404,37.47378061,
2026-06-12 07:19:00,1781248740,37.47378061,38.1187971,35.342457,36.23850473,
2026-06-12 07:20:00,1781248800,36.23850473,38.75389621,36.03139086,38.75220434,
2026-06-12 07:21:00,1781248860,38.75220434,39.29233156,34.21548611,36.25371167,
2026-06-12 07:22:00,1781248920,36.25371167,36.30219301,33.35190138,33.65688471,
2026-06-12 07:23:00,1781248980,33.65688471,36.16541659,33.40788542,36.16541659,
2026-06-12 07:24:00,1781249040,36.16541659,37.53992128,36.16379862,36.97434195,
2026-06-12 07:25:00,1781249100,36.97434195,36.97434195,34.69321608,35.25813906,
2026-06-12 07:26:00,1781249160,35.25813906,36.04491452,35.00909386,35.76062543,
2026-06-12 07:27:00,1781249220,35.76062543,35.77362888,34.45582827,35.09835476,
2026-06-12 07:28:00,1781249280,35.09835476,35.80999815,34.08619854,35.5506498,
2026-06-12 07:29:00,1781249340,35.5506498,36.40378487,34.96555885,35.37370864,
2026-06-12 07:30:00,1781249400,35.37370864,36.06099057,34.47930815,36.01099316,
2026-06-12 07:31:00,1781249460,36.01099316,36.56323932,35.31823672,36.50990165,
2026-06-12 07:32:00,1781249520,36.50990165,36.5347985,33.95789689,35.14862857,
2026-06-12 07:33:00,1781249580,35.14862857,35.35334139,33.31015871,34.76063787,
2026-06-12 07:34:00,1781249640,34.76063787,36.25619998,32.81454551,32.81454551,
2026-06-12 07:35:00,1781249700,32.81454551,35.64137616,32.67744714,34.73538664,
2026-06-12 07:36:00,1781249760,34.73538664,34.78835643,32.72856159,33.30617259,
2026-06-12 07:37:00,1781249820,33.30617259,33.98014523,30.94621306,31.31992532,
2026-06-12 07:38:00,1781249880,31.31992532,33.22064106,30.27147416,33.18267941,
2026-06-12 07:39:00,1781249940,33.18267941,36.88365636,32.97785071,36.87718267,
2026-06-12 07:40:00,1781250000,36.87718267,38.44913899,35.66752027,36.81570126,
2026-06-12 07:41:00,1781250060,36.81570126,40.00034135,36.65829243,39.97182752,
2026-06-12 07:42:00,1781250120,39.97182752,41.45282678,39.03146498,41.25916863,
2026-06-12 07:43:00,1781250180,41.25916863,41.25916863,39.1728809,39.17943969,
2026-06-12 07:44:00,1781250240,39.17943969,39.67060779,30.29906667,30.33206231,
2026-06-12 07:45:00,1781250300,30.33206231,30.33206231,22.83401381,22.90541705,
2026-06-12 07:46:00,1781250360,22.90541705,22.93722444,20.40858816,20.88589744,
2026-06-12 07:47:00,1781250420,20.88589744,23.20047214,20.40539327,23.1896357,
2026-06-12 07:48:00,1781250480,23.1896357,24.66320515,22.99223131,24.2350274,
2026-06-12 07:49:00,1781250540,24.2350274,24.80822065,24.2350274,24.61163297,
2026-06-12 07:50:00,1781250600,24.61163297,24.70805219,23.5873182,24.03348603,
2026-06-12 07:51:00,1781250660,24.03348603,24.06065559,23.67446889,23.9158902,
2026-06-12 07:52:00,1781250720,23.9158902,24.63024481,23.39340172,24.08163713,
2026-06-12 07:53:00,1781250780,24.08163713,24.24086217,23.02843986,23.08063559,
2026-06-12 07:54:00,1781250840,23.08063559,23.93313847,22.89089732,23.8963294,
2026-06-12 07:55:00,1781250900,23.8963294,25.68818423,23.89572379,25.52178497,
2026-06-12 07:56:00,1781250960,25.52178497,33.10711368,25.51203117,29.59956162,
2026-06-12 07:57:00,1781251020,29.59956162,32.75356791,27.13216635,27.78561163,
2026-06-12 07:58:00,1781251080,27.78561163,28.19076629,25.10571742,25.93046755,
2026-06-12 07:59:00,1781251140,25.93046755,26.01863426,24.30589218,24.58340103,
2026-06-12 08:00:00,1781251200,24.58340103,25.90893615,24.30346572,25.29741807,
2026-06-12 08:01:00,1781251260,25.29741807,26.43286661,24.88098374,25.82444298,
2026-06-12 08:02:00,1781251320,25.82444298,28.32316074,25.2250222,26.57883039,
2026-06-12 08:03:00,1781251380,26.57883039,26.61538534,23.64409788,24.99232652,
2026-06-12 08:04:00,1781251440,24.99232652,25.96057715,23.51109984,23.85333086,
2026-06-12 08:05:00,1781251500,23.85333086,26.5486757,23.52828658,26.35154687,
2026-06-12 08:06:00,1781251560,26.35154687,28.52311466,25.96167179,27.90836268,
2026-06-12 08:07:00,1781251620,27.90836268,30.10382543,27.75265461,29.53687546,
2026-06-12 08:08:00,1781251680,29.53687546,31.23878158,29.5069472,31.2299835,
2026-06-12 08:09:00,1781251740,31.2299835,31.40979669,30.2547989,30.33671476,
2026-06-12 08:10:00,1781251800,30.33671476,33.40019997,30.16507732,31.16930315,
2026-06-12 08:11:00,1781251860,31.16930315,32.27068262,29.89066806,31.2898098,
2026-06-12 08:12:00,1781251920,31.2898098,32.64284311,31.21534614,32.48225622,
2026-06-12 08:13:00,1781251980,32.48225622,34.50243062,31.49460397,33.01718072,
2026-06-12 08:14:00,1781252040,33.01718072,33.04919382,31.3128259,31.33108165,
2026-06-12 08:15:00,1781252100,31.33108165,32.06482565,30.6513556,31.95158122,
2026-06-12 08:16:00,1781252160,31.95158122,38.38335516,31.59789786,37.98535223,
2026-06-12 08:17:00,1781252220,37.98535223,40.99416458,35.69673673,39.29019963,
2026-06-12 08:18:00,1781252280,39.29019963,44.70379142,38.73651619,43.53160526,
2026-06-12 08:19:00,1781252340,43.53160526,44.72331777,41.89196645,43.74914255,
2026-06-12 08:20:00,1781252400,43.74914255,44.07327535,42.02491195,43.62556165,
2026-06-12 08:21:00,1781252460,43.62556165,54.96836274,43.4881376,52.0899699,
2026-06-12 08:22:00,1781252520,52.0899699,57.7527474,50.6452215,52.89339321,
2026-06-12 08:23:00,1781252580,52.89339321,52.89339321,47.14740865,48.79839336,
2026-06-12 08:24:00,1781252640,48.79839336,51.41173261,47.07372583,47.14934346,
2026-06-12 08:25:00,1781252700,47.14934346,47.85834935,45.74956598,46.66166001,
2026-06-12 08:26:00,1781252760,46.66166001,47.18684482,45.29302283,45.58834701,
2026-06-12 08:27:00,1781252820,45.58834701,50.21485355,45.58741252,47.70992271,
2026-06-12 08:28:00,1781252880,47.70992271,50.65582133,46.49785955,49.76078105,
2026-06-12 08:29:00,1781252940,49.76078105,50.26226766,47.5744729,49.20436407,
2026-06-12 08:30:00,1781253000,49.20436407,50.37449569,45.93241368,46.0333891,
2026-06-12 08:31:00,1781253060,46.0333891,47.38735466,44.21913539,44.73865686,
2026-06-12 08:32:00,1781253120,44.73865686,45.56261071,43.39955696,44.86634573,
2026-06-12 08:33:00,1781253180,44.86634573,48.43200044,44.39647788,47.49167538,
2026-06-12 08:34:00,1781253240,47.49167538,48.14760268,44.29189648,44.42453992,
2026-06-12 08:35:00,1781253300,44.42453992,44.51460122,41.15670151,42.24869773,
2026-06-12 08:36:00,1781253360,42.24869773,42.67497751,41.27822482,41.51573543,
2026-06-12 08:37:00,1781253420,41.51573543,41.51573543,38.12418666,39.84000167,
2026-06-12 08:38:00,1781253480,39.84000167,42.23388101,39.66367896,42.08085432,
2026-06-12 08:39:00,1781253540,42.08085432,44.24607107,41.65580714,43.77771431,
2026-06-12 08:40:00,1781253600,43.77771431,43.94768899,38.92384349,39.32851859,
2026-06-12 08:41:00,1781253660,39.32851859,40.53209044,38.05420546,38.33313007,
2026-06-12 08:42:00,1781253720,38.33313007,38.74923753,35.87550285,36.19223169,
2026-06-12 08:43:00,1781253780,36.19223169,36.24578175,34.98749629,35.16538781,
2026-06-12 08:44:00,1781253840,35.16538781,35.40878989,34.43112123,35.338334,
2026-06-12 08:45:00,1781253900,35.338334,35.4174124,32.64904481,32.6994791,
2026-06-12 08:46:00,1781253960,32.6994791,36.22932015,32.18942249,36.22932015,
2026-06-12 08:47:00,1781254020,36.22932015,37.76018551,35.18014034,35.18014034,
2026-06-12 08:48:00,1781254080,35.18014034,37.63843227,35.1587398,37.10002179,
2026-06-12 08:49:00,1781254140,37.10002179,37.33379147,35.11865443,35.39821096,
2026-06-12 08:50:00,1781254200,35.39821096,35.56350738,34.37743521,35.1336513,
2026-06-12 08:51:00,1781254260,35.1336513,36.57249714,34.1368755,35.00220951,
2026-06-12 08:52:00,1781254320,35.00220951,38.43464145,35.00220951,37.50170376,
2026-06-12 08:53:00,1781254380,37.50170376,38.8115452,36.6462497,37.68082124,
2026-06-12 08:54:00,1781254440,37.68082124,37.68082124,36.11231947,36.83044882,
2026-06-12 08:55:00,1781254500,36.83044882,37.75413614,36.41798131,36.85747362,
2026-06-12 08:56:00,1781254560,36.85747362,38.04905384,35.87072428,37.19126334,
2026-06-12 08:57:00,1781254620,37.19126334,37.29503121,36.62067059,36.8500369,
2026-06-12 08:58:00,1781254680,36.8500369,37.39758019,35.8058036,35.96020417,
2026-06-12 08:59:00,1781254740,35.96020417,36.96166992,35.34983874,35.35683733,
2026-06-12 09:00:00,1781254800,35.35683733,35.44792526,34.11083381,34.77375857,
2026-06-12 09:01:00,1781254860,34.77375857,36.5240898,34.71857142,35.54382182,
2026-06-12 09:02:00,1781254920,35.54382182,38.22735986,35.239093,36.93029634,
2026-06-12 09:03:00,1781254980,36.93029634,36.93029634,32.24458437,32.4399684,
2026-06-12 09:04:00,1781255040,32.4399684,32.61401274,31.37939151,31.63422259,
2026-06-12 09:05:00,1781255100,31.63422259,35.03555606,31.02643141,32.46122663,
2026-06-12 09:06:00,1781255160,32.46122663,34.42229351,32.46122663,33.64890102,
2026-06-12 09:07:00,1781255220,33.64890102,38.57990657,33.5800622,37.74331964,
2026-06-12 09:08:00,1781255280,37.74331964,38.0362182,33.63511484,34.38678421,
2026-06-12 09:09:00,1781255340,34.38678421,36.6218297,34.23558325,35.02848826,
2026-06-12 09:10:00,1781255400,35.02848826,35.02848826,33.22861579,34.55275685,
2026-06-12 09:11:00,1781255460,34.55275685,36.95486382,34.54498658,36.24100897,
2026-06-12 09:12:00,1781255520,36.24100897,36.73693298,34.76720507,34.76720507,
2026-06-12 09:13:00,1781255580,34.76720507,36.07730455,34.20799273,35.74554271,
2026-06-12 09:14:00,1781255640,35.74554271,39.1142381,35.04395373,37.87851678,
2026-06-12 09:15:00,1781255700,37.87851678,38.93129189,36.6091326,38.52991677,
2026-06-12 09:16:00,1781255760,38.52991677,40.93135656,36.74463783,40.27507834,
2026-06-12 09:17:00,1781255820,40.27507834,41.04671782,36.04964067,37.43317562,
2026-06-12 09:18:00,1781255880,37.43317562,38.49542645,36.42099168,36.72451831,
2026-06-12 09:19:00,1781255940,36.72451831,39.26240042,36.71709262,38.86429129,
2026-06-12 09:20:00,1781256000,38.86429129,42.06862607,38.64427779,39.45121439,
2026-06-12 09:21:00,1781256060,39.45121439,47.83254462,39.00599837,47.51143809,
2026-06-12 09:22:00,1781256120,47.51143809,50.27474896,42.49436179,44.16753266,
2026-06-12 09:23:00,1781256180,44.16753266,45.51307722,44.05298037,44.72561983,
2026-06-12 09:24:00,1781256240,44.72561983,47.19804353,44.70348584,46.21443758,
2026-06-12 09:25:00,1781256300,46.21443758,49.25865546,45.97033944,49.24514178,
2026-06-12 09:26:00,1781256360,49.24514178,51.72422749,48.49303185,51.67220071,
2026-06-12 09:27:00,1781256420,51.67220071,55.80948842,51.54150239,53.49147109,
2026-06-12 09:28:00,1781256480,53.49147109,60.11834755,52.83632396,57.83515273,
2026-06-12 09:29:00,1781256540,57.83515273,60.49502286,56.72355058,58.38484759,
2026-06-12 09:30:00,1781256600,58.38484759,61.7944365,57.93558338,61.79329622,
2026-06-12 09:31:00,1781256660,61.79329622,63.26154533,59.14979761,62.55571754,
2026-06-12 09:32:00,1781256720,62.55571754,78.18023695,62.54433601,74.28722388,
2026-06-12 09:33:00,1781256780,74.28722388,79.6179803,72.43573234,77.35798019,
2026-06-12 09:34:00,1781256840,77.35798019,84.28297447,74.82983195,77.554974,
2026-06-12 09:35:00,1781256900,77.554974,78.99837887,70.96934198,76.81041202,
2026-06-12 09:36:00,1781256960,76.81041202,77.70726859,70.52396772,70.87277758,
2026-06-12 09:37:00,1781257020,70.87277758,73.50407314,70.06146648,70.8421241,
2026-06-12 09:38:00,1781257080,70.8421241,73.372294,69.68297108,70.84452346,
2026-06-12 09:39:00,1781257140,70.84452346,72.88938925,69.26482656,71.36425674,
2026-06-12 09:40:00,1781257200,71.36425674,75.35922887,70.4744355,72.62074407,
2026-06-12 09:41:00,1781257260,72.62074407,72.62074407,67.51988402,68.71307662,
2026-06-12 09:42:00,1781257320,68.71307662,74.60567534,68.56063012,73.5527666,
2026-06-12 09:43:00,1781257380,73.5527666,77.50371675,73.55148795,75.75508487,
2026-06-12 09:44:00,1781257440,75.75508487,78.99098832,75.25431641,75.45647576,
2026-06-12 09:45:00,1781257500,75.45647576,78.75326583,68.48185497,77.10251683,
2026-06-12 09:46:00,1781257560,77.10251683,77.10251683,73.70586267,74.24567463,
2026-06-12 09:47:00,1781257620,74.24567463,83.17838868,74.2314262,78.89380958,
2026-06-12 09:48:00,1781257680,78.89380958,81.14805693,70.14703094,71.96903136,
2026-06-12 09:49:00,1781257740,71.96903136,72.01694147,69.60278312,70.11987227,
2026-06-12 09:50:00,1781257800,70.11987227,73.73064264,70.11747825,73.24017974,
2026-06-12 09:51:00,1781257860,73.24017974,73.24017974,67.02891013,68.91790181,
2026-06-12 09:52:00,1781257920,68.91790181,68.91790181,65.92249516,67.15185762,
2026-06-12 09:53:00,1781257980,67.15185762,68.58638049,66.10396089,66.9659816,
2026-06-12 09:54:00,1781258040,66.9659816,69.20369917,66.21211555,66.21211555,
2026-06-12 09:55:00,1781258100,66.21211555,74.89344421,65.95409894,72.85409563,
2026-06-12 09:56:00,1781258160,72.85409563,74.38455555,68.62617448,68.62617448,
2026-06-12 09:57:00,1781258220,68.62617448,70.96322783,68.50508161,70.41629152,
2026-06-12 09:58:00,1781258280,70.41629152,71.77331444,68.42032331,68.64657231,
2026-06-12 09:59:00,1781258340,68.64657231,68.78515604,63.70202549,64.87547753,
2026-06-12 10:00:00,1781258400,64.87547753,64.87547753,58.04966615,60.25121728,
2026-06-12 10:01:00,1781258460,60.25121728,62.32098909,59.98535014,61.83923792,
2026-06-12 10:02:00,1781258520,61.83923792,65.78670064,61.83805601,64.14255581,
2026-06-12 10:03:00,1781258580,64.14255581,64.9007287,59.48071299,61.42573742,
2026-06-12 10:04:00,1781258640,61.42573742,63.91966318,60.71433046,61.20028534,
2026-06-12 10:05:00,1781258700,61.20028534,61.20028534,59.44808853,59.89731862,
2026-06-12 10:06:00,1781258760,59.89731862,62.05676206,59.84185921,61.73392219,
2026-06-12 10:07:00,1781258820,61.73392219,65.05534352,61.30871463,64.16044698,
2026-06-12 10:08:00,1781258880,64.16044698,66.01845435,64.08042635,65.5762177,
2026-06-12 10:09:00,1781258940,65.5762177,74.82621955,63.0432485,74.82621955,
2026-06-12 10:10:00,1781259000,74.82621955,78.92645829,68.76098468,71.35245158,
2026-06-12 10:11:00,1781259060,71.35245158,72.05376088,62.60257614,66.19620199,
2026-06-12 10:12:00,1781259120,66.19620199,66.19620199,60.80506568,61.57783964,
2026-06-12 10:13:00,1781259180,61.57783964,67.58644769,61.54386286,65.43407518,
2026-06-12 10:14:00,1781259240,65.43407518,66.66743998,64.29515265,66.66743998,
2026-06-12 10:15:00,1781259300,66.66743998,66.66743998,60.60159094,64.00665593,
2026-06-12 10:16:00,1781259360,64.00665593,67.11803439,64.00665593,64.6837336,
2026-06-12 10:17:00,1781259420,64.6837336,69.17239421,64.1631498,66.87901956,
2026-06-12 10:18:00,1781259480,66.87901956,68.63011584,63.82842078,64.31873461,
2026-06-12 10:19:00,1781259540,64.31873461,66.85145171,64.28229834,66.49690628,
2026-06-12 10:20:00,1781259600,66.49690628,66.9559535,63.52698879,63.9843988,
2026-06-12 10:21:00,1781259660,63.9843988,66.4021338,63.88376462,65.57480263,
2026-06-12 10:22:00,1781259720,65.57480263,66.3564192,63.03963889,65.7591396,
2026-06-12 10:23:00,1781259780,65.7591396,66.48796067,64.39956116,65.53242552,
2026-06-12 10:24:00,1781259840,65.53242552,69.20091858,65.4166545,69.12693279,
2026-06-12 10:25:00,1781259900,69.12693279,70.37930917,50.61289551,51.94417027,
2026-06-12 10:26:00,1781259960,51.94417027,52.41370228,47.30772912,47.30772912,
2026-06-12 10:27:00,1781260020,47.30772912,49.33945147,46.15310994,47.41320314,
2026-06-12 10:28:00,1781260080,47.41320314,49.08866076,47.15427272,48.49961704,
2026-06-12 10:29:00,1781260140,48.49961704,49.65753267,46.13819131,48.82712917,
2026-06-12 10:30:00,1781260200,48.82712917,55.4268937,48.58241332,51.457997,
2026-06-12 10:31:00,1781260260,51.457997,54.0323559,50.43870604,53.04512278,
2026-06-12 10:32:00,1781260320,53.04512278,58.74550614,51.76167859,58.72439534,
2026-06-12 10:33:00,1781260380,58.72439534,60.84495812,55.54171486,57.26778768,
2026-06-12 10:34:00,1781260440,57.26778768,63.69586083,57.26663697,63.45890178,
2026-06-12 10:35:00,1781260500,63.45890178,65.78885605,60.70986185,61.83398293,
2026-06-12 10:36:00,1781260560,61.83398293,66.86475487,59.30758644,66.00676278,
2026-06-12 10:37:00,1781260620,66.00676278,66.00676278,61.06314259,64.0721278,
2026-06-12 10:38:00,1781260680,64.0721278,64.55600882,62.5089628,63.57965385,
2026-06-12 10:39:00,1781260740,63.57965385,65.76922916,58.74404771,60.00130608,
2026-06-12 10:40:00,1781260800,60.00130608,62.50042902,57.37724044,60.19548272,
2026-06-12 10:41:00,1781260860,60.19548272,61.43918281,56.6309408,56.84313054,
2026-06-12 10:42:00,1781260920,56.84313054,58.27006656,55.78753951,58.01371654,
2026-06-12 10:43:00,1781260980,58.01371654,58.02876935,55.58634122,55.83190805,
2026-06-12 10:44:00,1781261040,55.83190805,58.98464123,55.72003101,58.85847647,
2026-06-12 10:45:00,1781261100,58.85847647,59.54122002,56.59941109,59.51881825,
2026-06-12 10:46:00,1781261160,59.51881825,60.8094074,58.64120806,59.38122824,
2026-06-12 10:47:00,1781261220,59.38122824,60.48576988,56.99654896,60.45242368,
2026-06-12 10:48:00,1781261280,60.45242368,66.05133041,60.41909226,64.51882056,
2026-06-12 10:49:00,1781261340,64.51882056,65.32218449,61.74422778,64.13573717,
2026-06-12 10:50:00,1781261400,64.13573717,65.37733274,62.6447142,64.38377039,
2026-06-12 10:51:00,1781261460,64.38377039,64.42568157,61.67940187,61.81487154,
2026-06-12 10:52:00,1781261520,61.81487154,62.69063518,59.56073121,62.43641966,
2026-06-12 10:53:00,1781261580,62.43641966,64.44101398,62.14776177,62.52708295,
2026-06-12 10:54:00,1781261640,62.52708295,64.52175995,61.35286845,61.48558725,
2026-06-12 10:55:00,1781261700,61.48558725,63.07641492,59.45973786,62.75764897,
2026-06-12 10:56:00,1781261760,62.75764897,64.32887708,61.66251541,61.94563442,
2026-06-12 10:57:00,1781261820,61.94563442,61.94563442,57.0876718,61.20512143,
2026-06-12 10:58:00,1781261880,61.20512143,65.8663457,59.58952466,61.97701869,
2026-06-12 10:59:00,1781261940,61.97701869,63.42160164,60.17520639,60.70979101,
2026-06-12 11:00:00,1781262000,60.70979101,62.69076954,59.22536891,59.3751199,
2026-06-12 11:01:00,1781262060,59.3751199,64.14092941,59.31507206,64.12969816,
2026-06-12 11:02:00,1781262120,64.12969816,71.86341969,61.21375444,70.58554253,
2026-06-12 11:03:00,1781262180,70.58554253,81.73757929,69.68961329,79.72037429,
2026-06-12 11:04:00,1781262240,79.72037429,81.07824719,70.35913565,74.49163548,
2026-06-12 11:05:00,1781262300,74.49163548,83.15994789,72.4438212,81.10291266,
2026-06-12 11:06:00,1781262360,81.10291266,83.47935015,74.52563077,74.91673643,
2026-06-12 11:07:00,1781262420,74.91673643,78.93527776,73.62646099,74.83066992,
2026-06-12 11:08:00,1781262480,74.83066992,76.14301468,71.40912831,71.4214485,
2026-06-12 11:09:00,1781262540,71.4214485,71.46940129,66.39310205,67.0178088,
2026-06-12 11:10:00,1781262600,67.0178088,68.6514528,65.4436601,65.68242536,
2026-06-12 11:11:00,1781262660,65.68242536,69.12284915,64.67226568,68.85015224,
2026-06-12 11:12:00,1781262720,68.85015224,75.14867495,68.85015224,73.97466688,
2026-06-12 11:13:00,1781262780,73.97466688,79.30789641,73.97466688,77.00007818,
2026-06-12 11:14:00,1781262840,77.00007818,78.37684887,75.40217081,75.75429095,
2026-06-12 11:15:00,1781262900,75.75429095,79.16143723,75.59319124,77.62588684,
2026-06-12 11:16:00,1781262960,77.62588684,77.65072593,72.43953607,75.87298571,
2026-06-12 11:17:00,1781263020,75.87298571,75.89460101,71.00063887,71.69553997,
2026-06-12 11:18:00,1781263080,71.69553997,72.69636063,66.73830051,69.80740105,
2026-06-12 11:19:00,1781263140,69.80740105,69.83014853,67.62640044,69.74831224,
2026-06-12 11:20:00,1781263200,69.74831224,76.34041099,69.25998521,73.12115409,
2026-06-12 11:21:00,1781263260,73.12115409,75.98733195,72.16375338,75.73868023,
2026-06-12 11:22:00,1781263320,75.73868023,78.76817303,74.93137985,78.24584182,
2026-06-12 11:23:00,1781263380,78.24584182,80.45304326,75.83056958,79.78688027,
2026-06-12 11:24:00,1781263440,79.78688027,83.02117287,76.59472316,81.5575562,
2026-06-12 11:25:00,1781263500,81.5575562,83.7882184,78.36317267,79.80067018,
2026-06-12 11:26:00,1781263560,79.80067018,80.6430402,76.57503889,76.6016687,
2026-06-12 11:27:00,1781263620,76.6016687,76.86641398,75.37527617,75.37527617,
2026-06-12 11:28:00,1781263680,75.37527617,79.40742168,75.05399849,78.95330713,
2026-06-12 11:29:00,1781263740,78.95330713,79.02314172,74.75371773,74.93090195,
2026-06-12 11:30:00,1781263800,74.93090195,75.00359088,68.16382983,70.8356359,
2026-06-12 11:31:00,1781263860,70.8356359,75.11355313,67.9001748,69.60491834,
2026-06-12 11:32:00,1781263920,69.60491834,72.1036901,63.40136997,64.3471285,
2026-06-12 11:33:00,1781263980,64.3471285,67.01675029,63.21861055,65.01749016,
2026-06-12 11:34:00,1781264040,65.01749016,67.11722905,64.39800208,65.17149645,
2026-06-12 11:35:00,1781264100,65.17149645,66.29365222,59.88620102,62.70141516,
2026-06-12 11:36:00,1781264160,62.70141516,64.09332355,62.10901779,62.95936327,
2026-06-12 11:37:00,1781264220,62.95936327,63.83519131,61.16190447,61.83600271,
2026-06-12 11:38:00,1781264280,61.83600271,64.19780383,60.13929514,61.6525325,
2026-06-12 11:39:00,1781264340,61.6525325,63.88313065,60.46530189,61.7634097,
2026-06-12 11:40:00,1781264400,61.7634097,67.18129898,61.5351536,66.74173676,
2026-06-12 11:41:00,1781264460,66.74173676,77.44954671,65.94179064,73.62609878,
2026-06-12 11:42:00,1781264520,73.62609878,74.11486483,71.12763983,73.00297567,
2026-06-12 11:43:00,1781264580,73.00297567,76.48462113,71.80898491,76.19380478,
2026-06-12 11:44:00,1781264640,76.19380478,76.77592546,75.20000738,76.41766473,
2026-06-12 11:45:00,1781264700,76.41766473,88.62272039,76.40342962,85.26593816,
2026-06-12 11:46:00,1781264760,85.26593816,85.26593816,80.30546773,82.32980157,
2026-06-12 11:47:00,1781264820,82.32980157,82.32980157,75.53809462,80.91867692,
2026-06-12 11:48:00,1781264880,80.91867692,82.55852315,79.694243,81.10376677,
2026-06-12 11:49:00,1781264940,81.10376677,81.26506244,77.92739759,78.26942546,
2026-06-12 11:50:00,1781265000,78.26942546,79.40361454,76.9753035,77.99704248,
2026-06-12 11:51:00,1781265060,77.99704248,78.53178891,74.47128673,76.64549354,
2026-06-12 11:52:00,1781265120,76.64549354,78.38030176,76.54051331,77.78252525,
2026-06-12 11:53:00,1781265180,77.78252525,80.36555417,75.38159993,79.97183953,
2026-06-12 11:54:00,1781265240,79.97183953,80.50731686,79.34578399,80.34923378,
2026-06-12 11:55:00,1781265300,80.34923378,81.88977475,76.68041578,79.91255957,
2026-06-12 11:56:00,1781265360,79.91255957,79.91255957,74.07052342,77.67106108,
2026-06-12 11:57:00,1781265420,77.67106108,77.67106108,74.47599486,74.49532516,
2026-06-12 11:58:00,1781265480,74.49532516,75.27074546,71.39787608,74.01686786,
2026-06-12 11:59:00,1781265540,74.01686786,74.05740275,69.33785281,69.67556431,
2026-06-12 12:00:00,1781265600,69.67556431,69.67556431,58.54316588,59.12430898,
2026-06-12 12:01:00,1781265660,59.12430898,67.78920687,56.87871337,62.94181709,
2026-06-12 12:02:00,1781265720,62.94181709,69.5626835,61.09593058,67.99351271,
2026-06-12 12:03:00,1781265780,67.99351271,71.92764125,67.83922772,68.40584868,
2026-06-12 12:04:00,1781265840,68.40584868,68.85417229,59.18364445,61.46495842,
2026-06-12 12:05:00,1781265900,61.46495842,64.29655035,60.718143,61.77318425,
2026-06-12 12:06:00,1781265960,61.77318425,65.0222299,58.56126474,60.32385879,
2026-06-12 12:07:00,1781266020,60.32385879,62.14643364,58.97007083,59.35305548,
2026-06-12 12:08:00,1781266080,59.35305548,63.1115877,59.18009647,62.25930247,
2026-06-12 12:09:00,1781266140,62.25930247,62.85644923,60.05972743,60.68347987,
2026-06-12 12:10:00,1781266200,60.68347987,65.20941347,60.58598904,63.20198785,
2026-06-12 12:11:00,1781266260,63.20198785,63.56217895,58.90859151,60.1993962,
2026-06-12 12:12:00,1781266320,60.1993962,60.1993962,55.9611186,55.96981732,
2026-06-12 12:13:00,1781266380,55.96981732,58.8457223,55.96859188,57.90056502,
2026-06-12 12:14:00,1781266440,57.90056502,58.39572388,56.26445305,57.63550699,
2026-06-12 12:15:00,1781266500,57.63550699,61.08438583,56.84145892,57.32512475,
2026-06-12 12:16:00,1781266560,57.32512475,61.38841272,55.94570386,60.33159847,
2026-06-12 12:17:00,1781266620,60.33159847,61.3447961,58.29226074,61.27843657,
2026-06-12 12:18:00,1781266680,61.27843657,62.06219039,59.87938116,60.24229399,
2026-06-12 12:19:00,1781266740,60.24229399,64.89088391,60.2096039,60.73727424,
2026-06-12 12:20:00,1781266800,60.73727424,62.33021775,56.00145408,56.01004489,
2026-06-12 12:21:00,1781266860,56.01004489,57.82506582,53.10750514,53.52152687,
2026-06-12 12:22:00,1781266920,53.52152687,59.51536195,53.52032012,58.10398668,
2026-06-12 12:23:00,1781266980,58.10398668,59.25412348,55.95872119,57.83724022,
2026-06-12 12:24:00,1781267040,57.83724022,57.92071945,54.78258924,54.83880895,
2026-06-12 12:25:00,1781267100,54.83880895,55.27776977,52.36537299,54.31879918,
2026-06-12 12:26:00,1781267160,54.31879918,54.75494203,53.59805121,54.10025467,
2026-06-12 12:27:00,1781267220,54.10025467,54.32609406,50.22947836,52.36397874,
2026-06-12 12:28:00,1781267280,52.36397874,54.23384838,50.79995055,52.86131029,
2026-06-12 12:29:00,1781267340,52.86131029,52.86131029,50.18796853,50.18796853,
2026-06-12 12:30:00,1781267400,50.18796853,54.71283549,48.93635003,53.978396,
2026-06-12 12:31:00,1781267460,53.978396,56.7756266,53.06106145,54.06553195,
2026-06-12 12:32:00,1781267520,54.06553195,57.91175597,54.06553195,57.63966776,
2026-06-12 12:33:00,1781267580,57.63966776,60.41558816,57.32132185,58.70747167,
2026-06-12 12:34:00,1781267640,58.70747167,62.62867023,57.84053134,61.55338177,
2026-06-12 12:35:00,1781267700,61.55338177,63.3912779,58.31229434,58.54210873,
2026-06-12 12:36:00,1781267760,58.54210873,58.55987993,55.89610887,56.00056759,
2026-06-12 12:37:00,1781267820,56.00056759,59.57893719,55.97079015,57.67363711,
2026-06-12 12:38:00,1781267880,57.67363711,57.74045692,52.55137498,52.55137498,
2026-06-12 12:39:00,1781267940,52.55137498,52.55137498,47.49726397,49.57683529,
2026-06-12 12:40:00,1781268000,49.57683529,52.21616219,46.96122596,51.75566706,
2026-06-12 12:41:00,1781268060,51.75566706,54.49217722,50.50981939,53.71069221,
2026-06-12 12:42:00,1781268120,53.71069221,55.04744463,51.58461115,54.99981595,
2026-06-12 12:43:00,1781268180,54.99981595,57.31691693,54.15380208,56.73000374,
2026-06-12 12:44:00,1781268240,56.73000374,57.69177841,49.08250393,52.77084685,
2026-06-12 12:45:00,1781268300,52.77084685,52.94605005,50.32008849,51.91975496,
2026-06-12 12:46:00,1781268360,51.91975496,57.12143055,51.86544839,55.79719701,
2026-06-12 12:47:00,1781268420,55.79719701,57.58951985,54.07001021,57.57026231,
2026-06-12 12:48:00,1781268480,57.57026231,59.60647431,54.65101577,58.89851744,
2026-06-12 12:49:00,1781268540,58.89851744,61.30088324,57.06788445,57.06788445,
2026-06-12 12:50:00,1781268600,57.06788445,61.95821302,55.83080024,56.47986914,
2026-06-12 12:51:00,1781268660,56.47986914,57.18428728,52.93389131,54.68202796,
2026-06-12 12:52:00,1781268720,54.68202796,60.0889381,54.59495606,59.38825455,
2026-06-12 12:53:00,1781268780,59.38825455,59.38825455,55.85296959,55.85296959,
2026-06-12 12:54:00,1781268840,55.85296959,55.85296959,48.59251978,49.39135414,
2026-06-12 12:55:00,1781268900,49.39135414,51.30403597,44.09247423,48.37339556,
2026-06-12 12:56:00,1781268960,48.37339556,50.20640653,46.98424493,48.71506574,
2026-06-12 12:57:00,1781269020,48.71506574,52.41421457,48.65461235,51.80800668,
2026-06-12 12:58:00,1781269080,51.80800668,53.01903714,50.89952229,52.64588669,
2026-06-12 12:59:00,1781269140,52.64588669,55.85544742,51.83866089,52.29597991,
2026-06-12 13:00:00,1781269200,52.29597991,55.49147062,50.83634085,50.87776186,
2026-06-12 13:01:00,1781269260,50.87776186,51.50949142,49.11063312,50.16116395,
2026-06-12 13:02:00,1781269320,50.16116395,52.96626316,47.13410984,52.79703706,
2026-06-12 13:03:00,1781269380,52.79703706,52.86160263,49.3536985,51.48974843,
2026-06-12 13:04:00,1781269440,51.48974843,51.58438107,49.99977483,50.51075325,
2026-06-12 13:05:00,1781269500,50.51075325,52.96337619,50.28610568,52.3573116,
2026-06-12 13:06:00,1781269560,52.3573116,52.77878278,50.28289462,51.32151231,
2026-06-12 13:07:00,1781269620,51.32151231,54.22213594,51.08455918,52.99278365,
2026-06-12 13:08:00,1781269680,52.99278365,55.7748359,52.97346936,54.05288443,
2026-06-12 13:09:00,1781269740,54.05288443,58.04007183,53.06231726,53.06231726,
2026-06-12 13:10:00,1781269800,53.06231726,54.94350653,50.57904084,53.4858833,
2026-06-12 13:11:00,1781269860,53.4858833,53.62154178,49.2416529,49.79278908,
2026-06-12 13:12:00,1781269920,49.79278908,51.6010231,46.20746086,46.35040689,
2026-06-12 13:13:00,1781269980,46.35040689,51.38715919,45.11133891,51.05375765,
2026-06-12 13:14:00,1781270040,51.05375765,55.52767275,50.8083482,55.29169363,
2026-06-12 13:15:00,1781270100,55.29169363,56.1199129,51.57334341,51.57334341,
2026-06-12 13:16:00,1781270160,51.57334341,54.52912403,51.57334341,53.84215614,
2026-06-12 13:17:00,1781270220,53.84215614,55.64979609,52.32689423,53.49090731,
2026-06-12 13:18:00,1781270280,53.49090731,59.87892432,53.11858479,59.23003069,
2026-06-12 13:19:00,1781270340,59.23003069,59.53378485,56.40608425,57.39337959,
2026-06-12 13:20:00,1781270400,57.39337959,57.88850904,54.36651014,56.63540243,
2026-06-12 13:21:00,1781270460,56.63540243,56.63540243,53.483281,54.3907967,
2026-06-12 13:22:00,1781270520,54.3907967,54.3907967,50.26557717,50.36960026,
2026-06-12 13:23:00,1781270580,50.36960026,50.9195993,46.5326219,46.73705483,
2026-06-12 13:24:00,1781270640,46.73705483,49.83436154,46.67768961,49.73992893,
2026-06-12 13:25:00,1781270700,49.73992893,50.44061473,47.82676232,48.93550488,
2026-06-12 13:26:00,1781270760,48.93550488,50.82790056,48.91335528,49.36116926,
2026-06-12 13:27:00,1781270820,49.36116926,50.30408896,48.14893006,49.66741968,
2026-06-12 13:28:00,1781270880,49.66741968,49.77715902,45.21231344,47.75378801,
2026-06-12 13:29:00,1781270940,47.75378801,50.61617457,47.69208835,49.77875243,
2026-06-12 13:30:00,1781271000,49.77875243,53.63141297,41.5697162,44.44653585,
2026-06-12 13:31:00,1781271060,44.44653585,47.36482381,39.75139568,39.84935514,
2026-06-12 13:32:00,1781271120,39.84935514,47.37586869,39.84935514,42.76596223,
2026-06-12 13:33:00,1781271180,42.76596223,44.53930347,40.50958995,40.83596498,
2026-06-12 13:34:00,1781271240,40.83596498,44.86355366,39.68667456,41.14744095,
2026-06-12 13:35:00,1781271300,41.14744095,50.5497733,39.30391827,48.80000538,
2026-06-12 13:36:00,1781271360,48.80000538,48.99072094,43.67382277,46.18786828,
2026-06-12 13:37:00,1781271420,46.18786828,48.56096108,42.97916943,47.62073893,
2026-06-12 13:38:00,1781271480,47.62073893,50.27852085,44.77665938,48.06791263,
2026-06-12 13:39:00,1781271540,48.06791263,52.16424861,46.09848378,51.90892599,
2026-06-12 13:40:00,1781271600,51.90892599,53.61296592,38.74863876,40.0411322,
2026-06-12 13:41:00,1781271660,40.0411322,40.81853742,32.5688315,35.59870368,
2026-06-12 13:42:00,1781271720,35.59870368,35.59870368,29.8261159,29.85051543,
2026-06-12 13:43:00,1781271780,29.85051543,38.90785958,29.34279598,37.28330503,
2026-06-12 13:44:00,1781271840,37.28330503,38.11090848,35.64922406,36.13198857,
2026-06-12 13:45:00,1781271900,36.13198857,41.71576833,34.89432986,35.80857183,
2026-06-12 13:46:00,1781271960,35.80857183,41.04375753,35.27638603,39.1508368,
2026-06-12 13:47:00,1781272020,39.1508368,41.48924133,38.43437779,38.48568296,
2026-06-12 13:48:00,1781272080,38.48568296,38.88547049,32.95588942,35.86082645,
2026-06-12 13:49:00,1781272140,35.86082645,40.30594889,34.899155,38.84171418,
2026-06-12 13:50:00,1781272200,38.84171418,42.0135637,38.62452368,40.99602003,
2026-06-12 13:51:00,1781272260,40.99602003,43.00429947,36.67783134,38.11714176,
2026-06-12 13:52:00,1781272320,38.11714176,39.97009098,35.55922766,39.2157966,
2026-06-12 13:53:00,1781272380,39.2157966,40.85485929,33.08744205,33.11656073,
2026-06-12 13:54:00,1781272440,33.11656073,34.50901412,30.84611383,33.39051497,
2026-06-12 13:55:00,1781272500,33.39051497,33.39051497,29.54988356,29.74221374,
2026-06-12 13:56:00,1781272560,29.74221374,31.87128013,29.10352164,30.73250018,
2026-06-12 13:57:00,1781272620,30.73250018,32.85136812,30.27293871,31.62601032,
2026-06-12 13:58:00,1781272680,31.62601032,33.85963191,30.74249758,33.35863342,
2026-06-12 13:59:00,1781272740,33.35863342,37.19622348,32.88951865,35.69990774,
2026-06-12 14:00:00,1781272800,35.69990774,50.67588945,33.58173845,49.23384469,
2026-06-12 14:01:00,1781272860,49.23384469,54.02125265,44.19993663,48.24985253,
2026-06-12 14:02:00,1781272920,48.24985253,49.22995642,40.93697341,42.82115222,
2026-06-12 14:03:00,1781272980,42.82115222,49.20321315,40.08672389,45.48748707,
2026-06-12 14:04:00,1781273040,45.48748707,46.8492402,40.42956706,42.93128697,
2026-06-12 14:05:00,1781273100,42.93128697,42.94561271,37.45108912,38.41456632,
2026-06-12 14:06:00,1781273160,38.41456632,45.10533408,38.23780954,45.0393422,
2026-06-12 14:07:00,1781273220,45.0393422,55.85867552,44.6821566,53.99155736,
2026-06-12 14:08:00,1781273280,53.99155736,54.12245203,43.80982046,44.24631464,
2026-06-12 14:09:00,1781273340,44.24631464,46.43305473,42.69526476,44.30347803,
2026-06-12 14:10:00,1781273400,44.30347803,45.5482804,40.8360602,45.5482804,
2026-06-12 14:11:00,1781273460,45.5482804,45.5482804,38.94820101,42.81185052,
2026-06-12 14:12:00,1781273520,42.81185052,44.49762138,39.34223199,39.34223199,
2026-06-12 14:13:00,1781273580,39.34223199,42.40153658,36.42958835,37.23973047,
2026-06-12 14:14:00,1781273640,37.23973047,44.2223663,37.19792468,43.22884643,
2026-06-12 14:15:00,1781273700,43.22884643,48.39300471,41.94342241,47.0726703,
2026-06-12 14:16:00,1781273760,47.0726703,48.38014768,44.58886779,47.09236154,
2026-06-12 14:17:00,1781273820,47.09236154,52.06987596,45.19859243,45.52397063,
2026-06-12 14:18:00,1781273880,45.52397063,45.52397063,37.80376046,38.82453477,
2026-06-12 14:19:00,1781273940,38.82453477,41.17164045,37.93004414,38.40471208,
2026-06-12 14:20:00,1781274000,38.40471208,41.92852017,37.08998475,40.95857549,
2026-06-12 14:21:00,1781274060,40.95857549,47.02672706,35.29529015,35.84391164,
2026-06-12 14:22:00,1781274120,35.84391164,36.35244829,30.96311298,31.57106346,
2026-06-12 14:23:00,1781274180,31.57106346,35.56809636,31.19573131,35.12414896,
2026-06-12 14:24:00,1781274240,35.12414896,41.083506,35.12414896,38.26965929,
2026-06-12 14:25:00,1781274300,38.26965929,52.30573747,37.87013575,49.68211825,
2026-06-12 14:26:00,1781274360,49.68211825,51.78180984,42.30425691,45.63568749,
2026-06-12 14:27:00,1781274420,45.63568749,54.54915509,45.43276821,51.54008173,
2026-06-12 14:28:00,1781274480,51.54008173,55.48039445,49.06731252,51.10809148,
2026-06-12 14:29:00,1781274540,51.10809148,53.62776542,50.11612071,52.09852929,
2026-06-12 14:30:00,1781274600,52.09852929,56.3223884,51.49638711,54.64088362,
2026-06-12 14:31:00,1781274660,54.64088362,57.90102921,46.81949076,49.30560863,
2026-06-12 14:32:00,1781274720,49.30560863,52.47224953,44.88762088,46.4185387,
2026-06-12 14:33:00,1781274780,46.4185387,49.48840941,42.76949034,47.40062709,
2026-06-12 14:34:00,1781274840,47.40062709,55.56268054,47.40062709,53.9752727,
2026-06-12 14:35:00,1781274900,53.9752727,59.81449378,52.99402219,54.42186979,
2026-06-12 14:36:00,1781274960,54.42186979,63.68822201,51.38884207,61.31476121,
2026-06-12 14:37:00,1781275020,61.31476121,63.6918626,52.86715852,56.49266478,
2026-06-12 14:38:00,1781275080,56.49266478,60.39089396,54.77363226,57.3267213,
2026-06-12 14:39:00,1781275140,57.3267213,60.61250077,54.73740125,54.73740125,
2026-06-12 14:40:00,1781275200,54.73740125,55.64840244,45.44970907,47.42367468,
2026-06-12 14:41:00,1781275260,47.42367468,48.63784766,41.30390966,43.32022524,
2026-06-12 14:42:00,1781275320,43.32022524,46.53209565,41.56741799,42.57830077,
2026-06-12 14:43:00,1781275380,42.57830077,42.79752671,32.30167269,33.03442377,
2026-06-12 14:44:00,1781275440,33.03442377,38.32936413,33.0334665,34.5662075,
2026-06-12 14:45:00,1781275500,34.5662075,38.84909199,32.32194323,37.19411995,
2026-06-12 14:46:00,1781275560,37.19411995,39.55150935,34.78794711,37.79907126,
2026-06-12 14:47:00,1781275620,37.79907126,39.1482461,32.74532817,34.99713846,
2026-06-12 14:48:00,1781275680,34.99713846,38.60409497,33.78733079,34.82727679,
2026-06-12 14:49:00,1781275740,34.82727679,36.87683355,32.018013,36.29687537,
2026-06-12 14:50:00,1781275800,36.29687537,46.22342884,35.97256585,45.34192121,
2026-06-12 14:51:00,1781275860,45.34192121,46.53617977,39.94604279,39.94604279,
2026-06-12 14:52:00,1781275920,39.94604279,73.86811354,39.13677209,67.51557453,
2026-06-12 14:53:00,1781275980,67.51557453,78.39292747,66.22301113,68.39563384,
2026-06-12 14:54:00,1781276040,68.39563384,75.84856289,64.97748724,75.34817893,
2026-06-12 14:55:00,1781276100,75.34817893,82.9333844,63.34739378,64.92237031,
2026-06-12 14:56:00,1781276160,64.92237031,79.51607934,63.03448213,76.11353358,
2026-06-12 14:57:00,1781276220,76.11353358,77.29730226,68.29781291,74.52409662,
2026-06-12 14:58:00,1781276280,74.52409662,76.13761598,68.15485681,75.57079409,
2026-06-12 14:59:00,1781276340,75.57079409,79.6960248,72.48803099,79.36381126,
2026-06-12 15:00:00,1781276400,79.36381126,96.8653011,76.48537771,95.8592461,
2026-06-12 15:01:00,1781276460,95.8592461,110.60699054,93.74979474,104.43172533,
2026-06-12 15:02:00,1781276520,104.43172533,105.87587772,87.17047805,87.17047805,
2026-06-12 15:03:00,1781276580,87.17047805,94.29182096,60.87848188,61.21945241,
2026-06-12 15:04:00,1781276640,61.21945241,68.6793544,58.2280496,62.29035659,
2026-06-12 15:05:00,1781276700,62.29035659,76.43143871,61.47510852,76.38914801,
2026-06-12 15:06:00,1781276760,76.38914801,90.40016509,74.54532984,87.28919038,
2026-06-12 15:07:00,1781276820,87.28919038,103.14316864,82.8121018,97.30782742,
2026-06-12 15:08:00,1781276880,97.30782742,100.9888367,86.09296459,91.33620448,
2026-06-12 15:09:00,1781276940,91.33620448,97.42732278,86.94519791,87.19384652,
2026-06-12 15:10:00,1781277000,87.19384652,113.37523088,85.13994584,113.37523088,
2026-06-12 15:11:00,1781277060,113.37523088,120.31863734,109.29198003,113.02995,
2026-06-12 15:12:00,1781277120,113.02995,117.06728542,99.51688715,116.10293179,
2026-06-12 15:13:00,1781277180,116.10293179,142.99900463,115.88509436,141.55553973,
2026-06-12 15:14:00,1781277240,141.55553973,142.69358251,131.16224487,137.39314468,
2026-06-12 15:15:00,1781277300,137.39314468,143.87783704,123.90537682,124.38195227,
2026-06-12 15:16:00,1781277360,124.38195227,128.32809098,117.59074279,127.96084396,
2026-06-12 15:17:00,1781277420,127.96084396,141.40260138,126.77293316,130.4229497,
2026-06-12 15:18:00,1781277480,130.4229497,134.07374529,119.18674488,126.08717859,
2026-06-12 15:19:00,1781277540,126.08717859,127.14618279,111.41635962,116.86312524,
2026-06-12 15:20:00,1781277600,116.86312524,119.07936807,105.11497807,107.79538166,
2026-06-12 15:21:00,1781277660,107.79538166,118.09573359,104.96378289,111.64977539,
2026-06-12 15:22:00,1781277720,111.64977539,118.42564878,102.9592088,108.43358153,
2026-06-12 15:23:00,1781277780,108.43358153,116.55848063,103.41637809,111.02838282,
2026-06-12 15:24:00,1781277840,111.02838282,118.91401574,110.28295126,114.42054821,
2026-06-12 15:25:00,1781277900,114.42054821,125.06367739,114.42054821,123.58742299,
2026-06-12 15:26:00,1781277960,123.58742299,124.74960235,110.86061477,115.45108009,
2026-06-12 15:27:00,1781278020,115.45108009,121.83780793,113.25313655,120.37629304,
2026-06-12 15:28:00,1781278080,120.37629304,120.76107424,99.11157371,100.1290671,
2026-06-12 15:29:00,1781278140,100.1290671,107.23894471,88.82577856,89.38235725,
2026-06-12 15:30:00,1781278200,89.38235725,89.91485435,75.46681215,80.34137641,
2026-06-12 15:31:00,1781278260,80.34137641,82.06261619,69.52992195,73.78154043,
2026-06-12 15:32:00,1781278320,73.78154043,81.75962685,69.18718682,70.62101553,
2026-06-12 15:33:00,1781278380,70.62101553,73.72544662,64.35402099,65.46436939,
2026-06-12 15:34:00,1781278440,65.46436939,66.84480784,61.10186661,61.26985348,
2026-06-12 15:35:00,1781278500,61.26985348,81.55056384,58.38550789,81.55056384,
2026-06-12 15:36:00,1781278560,81.55056384,81.5954718,67.19798896,69.69881447,
2026-06-12 15:37:00,1781278620,69.69881447,73.31042432,57.8052683,60.81153755,
2026-06-12 15:38:00,1781278680,60.81153755,63.92979826,53.81303884,55.84647721,
2026-06-12 15:39:00,1781278740,55.84647721,68.8246165,54.03608571,66.23702649,
2026-06-12 15:40:00,1781278800,66.23702649,70.2708159,58.27114563,59.00574668,
2026-06-12 15:41:00,1781278860,59.00574668,65.35056327,53.20941902,55.41663385,
2026-06-12 15:42:00,1781278920,55.41663385,57.4397291,49.70367883,55.06981326,
2026-06-12 15:43:00,1781278980,55.06981326,62.48778638,53.52016161,62.48778638,
2026-06-12 15:44:00,1781279040,62.48778638,62.64003988,56.90771951,60.31025988,
2026-06-12 15:45:00,1781279100,60.31025988,61.88432147,54.2981434,58.47157185,
2026-06-12 15:46:00,1781279160,58.47157185,64.50653069,53.22727514,54.57855169,
2026-06-12 15:47:00,1781279220,54.57855169,55.34020639,46.32218911,47.10859176,
2026-06-12 15:48:00,1781279280,47.10859176,48.01306504,39.82805127,41.71673073,
2026-06-12 15:49:00,1781279340,41.71673073,44.17074787,37.45219639,39.95108412,
2026-06-12 15:50:00,1781279400,39.95108412,47.11427599,39.89189683,46.10187816,
2026-06-12 15:51:00,1781279460,46.10187816,48.63328544,43.34402493,46.37059181,
2026-06-12 15:52:00,1781279520,46.37059181,51.22532374,45.73666037,50.83788189,
2026-06-12 15:53:00,1781279580,50.83788189,55.63036991,49.61838023,52.19345795,
2026-06-12 15:54:00,1781279640,52.19345795,56.76423738,50.32621095,54.42824635,
2026-06-12 15:55:00,1781279700,54.42824635,54.81334001,44.5221606,44.75852594,
2026-06-12 15:56:00,1781279760,44.75852594,46.81007494,37.34711857,40.26663339,
2026-06-12 15:57:00,1781279820,40.26663339,42.39132317,39.5937845,40.07264515,
2026-06-12 15:58:00,1781279880,40.07264515,41.25487103,37.22295472,37.22295472,
2026-06-12 15:59:00,1781279940,37.22295472,37.22295472,30.41012606,33.37733135,
2026-06-12 16:00:00,1781280000,33.37733135,41.01970439,32.21882385,38.07975245,
2026-06-12 16:01:00,1781280060,38.07975245,40.86337566,34.55392888,35.26470726,
2026-06-12 16:02:00,1781280120,35.26470726,36.31561626,29.84126787,29.87913172,
2026-06-12 16:03:00,1781280180,29.87913172,39.97978087,28.43405533,39.28515612,
2026-06-12 16:04:00,1781280240,39.28515612,45.50967506,38.72855198,40.11634801,
2026-06-12 16:05:00,1781280300,40.11634801,42.24095802,38.00424075,38.91571875,
2026-06-12 16:06:00,1781280360,38.91571875,48.50488466,38.86531795,45.99768383,
2026-06-12 16:07:00,1781280420,45.99768383,50.24405077,42.31698423,44.56476451,
2026-06-12 16:08:00,1781280480,44.56476451,47.46191688,43.97983094,44.1190554,
