datetime,time,open,high,low,close,volume
2026-06-10 12:00:00,1781092800,40.0571739,40.0571739,36.16466825,39.59536696,
2026-06-10 12:01:00,1781092860,39.59536696,906.42551806,37.01626704,902.73484033,
2026-06-10 12:02:00,1781092920,902.73484033,916.96176497,891.45379144,916.96176497,
2026-06-10 12:03:00,1781092980,916.96176497,935.61299019,915.34482305,920.07376785,
2026-06-10 12:04:00,1781093040,920.07376785,950.17736185,918.86127086,948.68982966,
2026-06-10 12:05:00,1781093100,948.68982966,974.2312554,948.68982966,968.4659534,
2026-06-10 12:06:00,1781093160,968.4659534,985.94306347,968.37442446,978.46315813,
2026-06-10 12:07:00,1781093220,978.46315813,978.5530245,951.22139075,951.22139075,
2026-06-10 12:08:00,1781093280,951.22139075,956.1382234,923.52234509,935.15250065,
2026-06-10 12:09:00,1781093340,935.15250065,963.52017189,934.6586004,952.75261525,
2026-06-10 12:10:00,1781093400,952.75261525,975.50148671,952.1221631,975.32166076,
2026-06-10 12:11:00,1781093460,975.32166076,986.81098251,972.03683735,985.54570241,
2026-06-10 12:12:00,1781093520,985.54570241,991.20341985,970.4651639,981.27223689,
2026-06-10 12:13:00,1781093580,981.27223689,1003.68161566,965.70490066,991.81904983,
2026-06-10 12:14:00,1781093640,991.81904983,998.33064741,974.36349646,985.799835,
2026-06-10 12:15:00,1781093700,985.799835,1014.6419658,947.48139371,957.03019046,
2026-06-10 12:16:00,1781093760,957.03019046,975.52149762,957.03019046,974.42550442,
2026-06-10 12:17:00,1781093820,974.42550442,975.73985985,952.66187989,973.23227175,
2026-06-10 12:18:00,1781093880,973.23227175,976.87993054,944.87078379,955.48491184,
2026-06-10 12:19:00,1781093940,955.48491184,965.99954298,934.37269383,946.49925602,
2026-06-10 12:20:00,1781094000,946.49925602,958.63525256,941.39183325,950.30110248,
2026-06-10 12:21:00,1781094060,950.30110248,975.80949328,950.25238369,964.81649253,
2026-06-10 12:22:00,1781094120,964.81649253,966.66152063,931.85421672,933.76280338,
2026-06-10 12:23:00,1781094180,933.76280338,951.60990808,930.91400881,943.75083834,
2026-06-10 12:24:00,1781094240,943.75083834,953.82134113,933.65059815,940.72012242,
2026-06-10 12:25:00,1781094300,940.72012242,965.21888562,940.5426197,961.88921331,
2026-06-10 12:26:00,1781094360,961.88921331,976.87725427,954.87952241,973.65475633,
2026-06-10 12:27:00,1781094420,973.65475633,973.65475633,958.45723571,964.92499031,
2026-06-10 12:28:00,1781094480,964.92499031,995.66632997,964.9227007,977.98938512,
2026-06-10 12:29:00,1781094540,977.98938512,998.6121228,969.89965295,994.58416221,
2026-06-10 12:30:00,1781094600,994.58416221,1232.67915756,983.07652375,1164.50756457,
2026-06-10 12:31:00,1781094660,1164.50756457,1257.13373273,1137.61397433,1164.21444883,
2026-06-10 12:32:00,1781094720,1164.21444883,1258.63602231,1138.85543012,1239.56462969,
2026-06-10 12:33:00,1781094780,1239.56462969,1387.44831837,1235.06025403,1354.30794136,
2026-06-10 12:34:00,1781094840,1354.30794136,1358.88836617,1248.31261783,1256.70714602,
2026-06-10 12:35:00,1781094900,1256.70714602,1274.3645239,1207.70120286,1213.34918558,
2026-06-10 12:36:00,1781094960,1213.34918558,1298.41202974,1211.41516135,1290.92766968,
2026-06-10 12:37:00,1781095020,1290.92766968,1295.28833607,1259.75883599,1260.92179486,
2026-06-10 12:38:00,1781095080,1260.92179486,1286.54162486,1226.55041926,1285.95747818,
2026-06-10 12:39:00,1781095140,1285.95747818,1288.17935657,1241.43189272,1261.89720229,
2026-06-10 12:40:00,1781095200,1261.89720229,1262.77924539,1224.53344882,1238.4798976,
2026-06-10 12:41:00,1781095260,1238.4798976,1276.13442174,1221.3834183,1251.15950791,
2026-06-10 12:42:00,1781095320,1251.15950791,1269.72913997,1211.28173777,1222.08984437,
2026-06-10 12:43:00,1781095380,1222.08984437,1243.79226568,1218.25181328,1218.25181328,
2026-06-10 12:44:00,1781095440,1218.25181328,1240.0858675,1217.52272359,1233.72366004,
2026-06-10 12:45:00,1781095500,1233.72366004,1253.13841407,1212.70788745,1221.65300652,
2026-06-10 12:46:00,1781095560,1221.65300652,1269.55673988,1219.44504458,1261.43279329,
2026-06-10 12:47:00,1781095620,1261.43279329,1278.53006581,1245.25493918,1245.25493918,
2026-06-10 12:48:00,1781095680,1245.25493918,1284.7654569,1241.23919175,1263.32070132,
2026-06-10 12:49:00,1781095740,1263.32070132,1280.47493869,1259.74543101,1271.01086394,
2026-06-10 12:50:00,1781095800,1271.01086394,1272.16134427,1237.88250806,1262.61348187,
2026-06-10 12:51:00,1781095860,1262.61348187,1262.61348187,1228.27192419,1231.41393934,
2026-06-10 12:52:00,1781095920,1231.41393934,1235.38528252,1200.83725165,1205.84712808,
2026-06-10 12:53:00,1781095980,1205.84712808,1221.10581056,1204.88244836,1217.50973184,
2026-06-10 12:54:00,1781096040,1217.50973184,1230.57666026,1196.68156152,1201.89903078,
2026-06-10 12:55:00,1781096100,1201.89903078,1204.54553396,1182.50654069,1184.81845801,
2026-06-10 12:56:00,1781096160,1184.81845801,1203.7728824,1184.81845801,1198.7345411,
2026-06-10 12:57:00,1781096220,1198.7345411,1208.34269517,1183.17911627,1184.88554597,
2026-06-10 12:58:00,1781096280,1184.88554597,1184.88554597,1162.80337593,1162.95474229,
2026-06-10 12:59:00,1781096340,1162.95474229,1167.61124907,1132.41171829,1132.41171829,
2026-06-10 13:00:00,1781096400,1132.41171829,1156.6536723,1122.26020498,1142.8772232,
2026-06-10 13:01:00,1781096460,1142.8772232,1145.5629247,1099.31945143,1100.69043215,
2026-06-10 13:02:00,1781096520,1100.69043215,1109.63180459,1092.93253943,1093.36816992,
2026-06-10 13:03:00,1781096580,1093.36816992,1099.08581654,1086.6379014,1097.73312933,
2026-06-10 13:04:00,1781096640,1097.73312933,1106.03666646,1086.21364625,1104.59378768,
2026-06-10 13:05:00,1781096700,1104.59378768,1107.54729063,1088.36868631,1104.71017688,
2026-06-10 13:06:00,1781096760,1104.71017688,1129.95747281,1104.71017688,1120.25605504,
2026-06-10 13:07:00,1781096820,1120.25605504,1133.09252945,1110.7786537,1116.87839143,
2026-06-10 13:08:00,1781096880,1116.87839143,1135.0062808,1113.41128338,1113.76280985,
2026-06-10 13:09:00,1781096940,1113.76280985,1119.93455231,1105.25947564,1113.0807971,
2026-06-10 13:10:00,1781097000,1113.0807971,1115.75956736,1075.00897367,1076.58875547,
2026-06-10 13:11:00,1781097060,1076.58875547,1088.80057172,1075.89076507,1083.64185145,
2026-06-10 13:12:00,1781097120,1083.64185145,1110.42955738,1076.96697961,1098.82423806,
2026-06-10 13:13:00,1781097180,1098.82423806,1104.05119215,1091.04824608,1091.04824608,
2026-06-10 13:14:00,1781097240,1091.04824608,1096.00175495,1072.30929062,1084.72692282,
2026-06-10 13:15:00,1781097300,1084.72692282,1090.07427995,1059.97769908,1067.34859324,
2026-06-10 13:16:00,1781097360,1067.34859324,1079.02708795,1058.59062473,1065.55253285,
2026-06-10 13:17:00,1781097420,1065.55253285,1070.81578761,1050.7815088,1052.31645093,
2026-06-10 13:18:00,1781097480,1052.31645093,1069.6369393,1052.26523674,1057.89506955,
2026-06-10 13:19:00,1781097540,1057.89506955,1061.99022032,1047.7612041,1057.51280471,
2026-06-10 13:20:00,1781097600,1057.51280471,1061.15622921,1043.05084941,1060.4417369,
2026-06-10 13:21:00,1781097660,1060.4417369,1102.19796686,1058.31982258,1095.25564218,
2026-06-10 13:22:00,1781097720,1095.25564218,1097.22139467,1054.41283205,1069.23421851,
2026-06-10 13:23:00,1781097780,1069.23421851,1083.42500229,1069.23421851,1080.93104728,
2026-06-10 13:24:00,1781097840,1080.93104728,1089.45187805,1066.64518624,1078.75350271,
2026-06-10 13:25:00,1781097900,1078.75350271,1079.84928055,1037.85936283,1055.35668941,
2026-06-10 13:26:00,1781097960,1055.35668941,1058.08788121,1031.21323534,1032.71507053,
2026-06-10 13:27:00,1781098020,1032.71507053,1087.92419496,1032.27731283,1086.71700125,
2026-06-10 13:28:00,1781098080,1086.71700125,1104.44767206,1076.79270239,1085.14237664,
2026-06-10 13:29:00,1781098140,1085.14237664,1094.73903473,1076.17210397,1090.09902515,
2026-06-10 13:30:00,1781098200,1090.09902515,1181.95824282,1058.65465202,1175.93597287,
2026-06-10 13:31:00,1781098260,1175.93597287,1222.55630905,1148.82165225,1200.07915749,
2026-06-10 13:32:00,1781098320,1200.07915749,1210.69075865,1143.30099511,1159.84435316,
2026-06-10 13:33:00,1781098380,1159.84435316,1174.38971467,1125.92194898,1160.52051665,
2026-06-10 13:34:00,1781098440,1160.52051665,1205.29618861,1156.63539564,1190.47546871,
2026-06-10 13:35:00,1781098500,1190.47546871,1254.29231828,1173.54237687,1225.53061664,
2026-06-10 13:36:00,1781098560,1225.53061664,1291.70945287,1214.44273907,1267.82021118,
2026-06-10 13:37:00,1781098620,1267.82021118,1398.03535922,1267.82021118,1390.20141828,
2026-06-10 13:38:00,1781098680,1390.20141828,1397.40208323,1339.48898604,1370.19035479,
2026-06-10 13:39:00,1781098740,1370.19035479,1409.01221626,1353.89463463,1406.89413495,
2026-06-10 13:40:00,1781098800,1406.89413495,1437.30101502,1365.8547611,1408.504069,
2026-06-10 13:41:00,1781098860,1408.504069,1419.28643854,1347.3744789,1358.0393625,
2026-06-10 13:42:00,1781098920,1358.0393625,1438.1822351,1345.13330436,1385.41185161,
2026-06-10 13:43:00,1781098980,1385.41185161,1493.93590253,1382.63489838,1482.70425219,
2026-06-10 13:44:00,1781099040,1482.70425219,1537.02053094,1453.9285537,1534.53840844,
2026-06-10 13:45:00,1781099100,1534.53840844,1544.73715644,1442.06826394,1490.9011265,
2026-06-10 13:46:00,1781099160,1490.9011265,1496.62866741,1445.87591464,1445.87591464,
2026-06-10 13:47:00,1781099220,1445.87591464,1524.30226629,1438.60421527,1489.61060722,
2026-06-10 13:48:00,1781099280,1489.61060722,1530.07853832,1464.73465661,1525.98983046,
2026-06-10 13:49:00,1781099340,1525.98983046,1575.8757001,1517.22292901,1567.7688615,
2026-06-10 13:50:00,1781099400,1567.7688615,1573.52793252,1476.79807281,1495.99731256,
2026-06-10 13:51:00,1781099460,1495.99731256,1507.90862424,1444.5785699,1445.29520956,
2026-06-10 13:52:00,1781099520,1445.29520956,1492.71624547,1444.31409424,1444.49393801,
2026-06-10 13:53:00,1781099580,1444.49393801,1462.37373207,1416.78573743,1423.72761133,
2026-06-10 13:54:00,1781099640,1423.72761133,1462.07504537,1411.77952583,1429.75691762,
2026-06-10 13:55:00,1781099700,1429.75691762,1455.28325169,1415.61232726,1433.00609447,
2026-06-10 13:56:00,1781099760,1433.00609447,1445.87947968,1396.14094674,1396.49227018,
2026-06-10 13:57:00,1781099820,1396.49227018,1447.96177769,1388.00617158,1406.65822286,
2026-06-10 13:58:00,1781099880,1406.65822286,1406.65822286,1347.60431492,1355.79742552,
2026-06-10 13:59:00,1781099940,1355.79742552,1389.04030116,1353.71893366,1385.8034226,
2026-06-10 14:00:00,1781100000,1385.8034226,1395.34555262,1346.87275889,1356.39374134,
2026-06-10 14:01:00,1781100060,1356.39374134,1369.51454341,1319.0727731,1320.05343321,
2026-06-10 14:02:00,1781100120,1320.05343321,1363.17180348,1309.62595575,1358.44835748,
2026-06-10 14:03:00,1781100180,1358.44835748,1423.55806732,1343.79443944,1412.9514409,
2026-06-10 14:04:00,1781100240,1412.9514409,1423.51415964,1391.46417467,1420.30060681,
2026-06-10 14:05:00,1781100300,1420.30060681,1431.73460143,1384.99046318,1400.25578919,
2026-06-10 14:06:00,1781100360,1400.25578919,1438.75264323,1390.25675646,1418.9370075,
2026-06-10 14:07:00,1781100420,1418.9370075,1432.49552302,1393.87254863,1397.84238745,
2026-06-10 14:08:00,1781100480,1397.84238745,1445.35062876,1384.53991688,1445.35062876,
2026-06-10 14:09:00,1781100540,1445.35062876,1445.35062876,1416.48967729,1420.67534295,
2026-06-10 14:10:00,1781100600,1420.67534295,1433.30594937,1377.83143593,1395.91895926,
2026-06-10 14:11:00,1781100660,1395.91895926,1411.97980997,1384.13894641,1399.2642454,
2026-06-10 14:12:00,1781100720,1399.2642454,1412.95562925,1391.57296623,1394.52058437,
2026-06-10 14:13:00,1781100780,1394.52058437,1396.53354538,1315.34514787,1365.22953386,
2026-06-10 14:14:00,1781100840,1365.22953386,1365.22953386,1289.01970085,1289.13112194,
2026-06-10 14:15:00,1781100900,1289.13112194,1296.00903124,1235.77564746,1236.31845057,
2026-06-10 14:16:00,1781100960,1236.31845057,1318.86003207,1230.71463297,1316.77395367,
2026-06-10 14:17:00,1781101020,1316.77395367,1317.12115416,1245.19111545,1250.05940722,
2026-06-10 14:18:00,1781101080,1250.05940722,1253.98409962,1211.79940918,1232.34150716,
2026-06-10 14:19:00,1781101140,1232.34150716,1235.86757166,1200.7986938,1232.8240757,
2026-06-10 14:20:00,1781101200,1232.8240757,1259.0496454,1207.26229737,1207.37256328,
2026-06-10 14:21:00,1781101260,1207.37256328,1239.5514148,1193.02480276,1229.63606332,
2026-06-10 14:22:00,1781101320,1229.63606332,1282.63098966,1220.49683687,1272.76886639,
2026-06-10 14:23:00,1781101380,1272.76886639,1289.76813921,1243.25603794,1282.2502789,
2026-06-10 14:24:00,1781101440,1282.2502789,1357.73621654,1275.15607671,1350.43574996,
2026-06-10 14:25:00,1781101500,1350.43574996,1364.88446068,1258.44705762,1275.32620504,
2026-06-10 14:26:00,1781101560,1275.32620504,1308.69360757,1273.95113607,1292.9180022,
2026-06-10 14:27:00,1781101620,1292.9180022,1335.06667441,1292.9180022,1334.42516095,
2026-06-10 14:28:00,1781101680,1334.42516095,1343.15068802,1280.93621325,1301.18607655,
2026-06-10 14:29:00,1781101740,1301.18607655,1309.63380929,1271.35376718,1292.67752193,
2026-06-10 14:30:00,1781101800,1292.67752193,1302.09819163,1261.69696858,1276.56206572,
2026-06-10 14:31:00,1781101860,1276.56206572,1276.56206572,1201.02337187,1208.53933521,
2026-06-10 14:32:00,1781101920,1208.53933521,1233.45786335,1174.5542237,1233.45786335,
2026-06-10 14:33:00,1781101980,1233.45786335,1263.04078747,1200.28523745,1253.58774801,
2026-06-10 14:34:00,1781102040,1253.58774801,1280.58152578,1228.98575109,1273.38610275,
2026-06-10 14:35:00,1781102100,1273.38610275,1274.69424442,1230.73845217,1235.22460364,
2026-06-10 14:36:00,1781102160,1235.22460364,1235.52927762,1199.19370031,1215.42301884,
2026-06-10 14:37:00,1781102220,1215.42301884,1216.64814798,1152.13583974,1166.40070655,
2026-06-10 14:38:00,1781102280,1166.40070655,1183.41562539,1153.81430894,1166.00113789,
2026-06-10 14:39:00,1781102340,1166.00113789,1206.54807827,1163.41423219,1206.04391366,
2026-06-10 14:40:00,1781102400,1206.04391366,1257.51270135,1200.04501283,1256.42599584,
2026-06-10 14:41:00,1781102460,1256.42599584,1321.41527954,1255.04561185,1306.52078862,
2026-06-10 14:42:00,1781102520,1306.52078862,1321.40060432,1266.55788831,1266.61512975,
2026-06-10 14:43:00,1781102580,1266.61512975,1298.92241257,1264.76230524,1268.48510627,
2026-06-10 14:44:00,1781102640,1268.48510627,1277.7540282,1223.03253658,1223.03253658,
2026-06-10 14:45:00,1781102700,1223.03253658,1245.20875033,1195.1707186,1221.93588229,
2026-06-10 14:46:00,1781102760,1221.93588229,1224.7975318,1205.56466411,1216.10810016,
2026-06-10 14:47:00,1781102820,1216.10810016,1267.41939524,1212.99675908,1249.23566978,
2026-06-10 14:48:00,1781102880,1249.23566978,1256.81790441,1210.56718913,1218.45831882,
2026-06-10 14:49:00,1781102940,1218.45831882,1224.11112059,1177.15768697,1218.42206222,
2026-06-10 14:50:00,1781103000,1218.42206222,1239.0947346,1178.89447087,1213.36922304,
2026-06-10 14:51:00,1781103060,1213.36922304,1237.45621312,1194.76290099,1203.32739149,
2026-06-10 14:52:00,1781103120,1203.32739149,1204.60891284,1175.62222921,1183.37193819,
2026-06-10 14:53:00,1781103180,1183.37193819,1196.8763813,1172.98971272,1189.55754375,
2026-06-10 14:54:00,1781103240,1189.55754375,1217.90430954,1187.03593062,1201.36114119,
2026-06-10 14:55:00,1781103300,1201.36114119,1237.19685123,1177.39075963,1181.96075677,
2026-06-10 14:56:00,1781103360,1181.96075677,1194.47218483,1164.94680457,1183.48543765,
2026-06-10 14:57:00,1781103420,1183.48543765,1195.51932483,1143.29704083,1186.231855,
2026-06-10 14:58:00,1781103480,1186.231855,1282.98740006,1182.6902869,1279.12126519,
2026-06-10 14:59:00,1781103540,1279.12126519,1365.78359718,1272.40453942,1363.54233095,
2026-06-10 15:00:00,1781103600,1363.54233095,1418.43988628,1337.39452742,1409.39721451,
2026-06-10 15:01:00,1781103660,1409.39721451,1505.119619,1392.97440927,1471.65407765,
2026-06-10 15:02:00,1781103720,1471.65407765,1485.2941811,1424.99090022,1452.47776762,
2026-06-10 15:03:00,1781103780,1452.47776762,1485.01728153,1419.85589861,1435.41954846,
2026-06-10 15:04:00,1781103840,1435.41954846,1448.01983807,1337.36663667,1363.00186221,
2026-06-10 15:05:00,1781103900,1363.00186221,1365.23244748,1260.23018293,1260.3990248,
2026-06-10 15:06:00,1781103960,1260.3990248,1289.62174426,1237.00144697,1237.00144697,
2026-06-10 15:07:00,1781104020,1237.00144697,1282.52375177,1224.39430418,1279.92734174,
2026-06-10 15:08:00,1781104080,1279.92734174,1279.92734174,1217.99096737,1243.31827891,
2026-06-10 15:09:00,1781104140,1243.31827891,1260.17610092,1217.05475313,1217.51340092,
2026-06-10 15:10:00,1781104200,1217.51340092,1232.50676474,1211.17805016,1230.19094667,
2026-06-10 15:11:00,1781104260,1230.19094667,1232.86825336,1176.95258879,1202.51358859,
2026-06-10 15:12:00,1781104320,1202.51358859,1218.18366337,1189.1522995,1218.18366337,
2026-06-10 15:13:00,1781104380,1218.18366337,1273.1707335,1215.56867866,1259.85840128,
2026-06-10 15:14:00,1781104440,1259.85840128,1261.6145388,1220.14720553,1221.14422472,
2026-06-10 15:15:00,1781104500,1221.14422472,1221.53657387,1176.09614178,1183.44947406,
2026-06-10 15:16:00,1781104560,1183.44947406,1234.90430807,1171.50436451,1223.3342031,
2026-06-10 15:17:00,1781104620,1223.3342031,1254.34212239,1221.49400181,1243.62015823,
2026-06-10 15:18:00,1781104680,1243.62015823,1243.62015823,1206.43290216,1233.07703613,
2026-06-10 15:19:00,1781104740,1233.07703613,1316.8824242,1232.73498703,1312.26318386,
2026-06-10 15:20:00,1781104800,1312.26318386,1364.8056953,1297.33440435,1362.5317871,
2026-06-10 15:21:00,1781104860,1362.5317871,1436.11889322,1360.74022004,1410.97649792,
2026-06-10 15:22:00,1781104920,1410.97649792,1431.1775239,1373.28703389,1399.99589839,
2026-06-10 15:23:00,1781104980,1399.99589839,1451.62339017,1394.62182729,1448.52346273,
2026-06-10 15:24:00,1781105040,1448.52346273,1471.02141859,1422.80715333,1441.32747653,
2026-06-10 15:25:00,1781105100,1441.32747653,1474.78007902,1438.99341535,1441.34235841,
2026-06-10 15:26:00,1781105160,1441.34235841,1449.4370498,1418.14256994,1432.90819924,
2026-06-10 15:27:00,1781105220,1432.90819924,1432.90819924,1407.08264455,1429.53838939,
2026-06-10 15:28:00,1781105280,1429.53838939,1471.35474037,1429.41417505,1443.18181164,
2026-06-10 15:29:00,1781105340,1443.18181164,1456.71379441,1416.70724129,1416.72588579,
2026-06-10 15:30:00,1781105400,1416.72588579,1480.25807049,1407.14555633,1472.71966448,
2026-06-10 15:31:00,1781105460,1472.71966448,1491.85247936,1441.16234116,1449.3061919,
2026-06-10 15:32:00,1781105520,1449.3061919,1468.08842898,1436.38437783,1451.73111666,
2026-06-10 15:33:00,1781105580,1451.73111666,1483.67019232,1431.14847485,1440.7049756,
2026-06-10 15:34:00,1781105640,1440.7049756,1477.90017674,1429.85485445,1444.52721914,
2026-06-10 15:35:00,1781105700,1444.52721914,1460.28906552,1435.9883749,1437.58921425,
2026-06-10 15:36:00,1781105760,1437.58921425,1476.70669598,1431.7648921,1463.99077722,
2026-06-10 15:37:00,1781105820,1463.99077722,1466.48628065,1441.32635884,1453.13152838,
2026-06-10 15:38:00,1781105880,1453.13152838,1453.13152838,1382.64430823,1386.31146139,
2026-06-10 15:39:00,1781105940,1386.31146139,1432.46381719,1367.74033275,1414.96867009,
2026-06-10 15:40:00,1781106000,1414.96867009,1415.21050014,1385.38495417,1385.38495417,
2026-06-10 15:41:00,1781106060,1385.38495417,1429.28096308,1371.68012459,1421.20137463,
2026-06-10 15:42:00,1781106120,1421.20137463,1460.27245131,1403.58642551,1412.8851716,
2026-06-10 15:43:00,1781106180,1412.8851716,1462.89169111,1412.8851716,1453.44527086,
2026-06-10 15:44:00,1781106240,1453.44527086,1502.45703162,1453.44527086,1485.30188524,
2026-06-10 15:45:00,1781106300,1485.30188524,1502.44242872,1454.1905224,1499.46392216,
2026-06-10 15:46:00,1781106360,1499.46392216,1603.30394416,1499.46392216,1578.10228595,
2026-06-10 15:47:00,1781106420,1578.10228595,1578.14812133,1439.4641473,1441.63778665,
2026-06-10 15:48:00,1781106480,1441.63778665,1455.26931339,1338.70634262,1338.70634262,
2026-06-10 15:49:00,1781106540,1338.70634262,1444.71442181,1333.69338253,1430.09973323,
2026-06-10 15:50:00,1781106600,1430.09973323,1485.32500816,1386.42661518,1431.35401372,
2026-06-10 15:51:00,1781106660,1431.35401372,1521.36029388,1429.38706714,1452.92871311,
2026-06-10 15:52:00,1781106720,1452.92871311,1544.30480156,1430.65565039,1541.42248191,
2026-06-10 15:53:00,1781106780,1541.42248191,1668.9834834,1510.39076465,1663.15562443,
2026-06-10 15:54:00,1781106840,1663.15562443,1797.58695482,1653.36357337,1777.57922482,
2026-06-10 15:55:00,1781106900,1777.57922482,1801.19082628,1684.69646223,1693.99255018,
2026-06-10 15:56:00,1781106960,1693.99255018,1715.25400014,1657.85011558,1659.03111278,
2026-06-10 15:57:00,1781107020,1659.03111278,1745.76424826,1656.67806741,1719.39069519,
2026-06-10 15:58:00,1781107080,1719.39069519,1723.94700776,1671.15390794,1674.84694395,
2026-06-10 15:59:00,1781107140,1674.84694395,1675.97002545,1647.46454066,1665.19822608,
2026-06-10 16:00:00,1781107200,1665.19822608,1675.61893008,1620.71198523,1620.77690942,
2026-06-10 16:01:00,1781107260,1620.77690942,1635.93888375,1582.17373154,1602.81801834,
2026-06-10 16:02:00,1781107320,1602.81801834,1605.94067923,1579.53995841,1579.53995841,
2026-06-10 16:03:00,1781107380,1579.53995841,1609.65929782,1561.43070871,1576.85870199,
2026-06-10 16:04:00,1781107440,1576.85870199,1595.53429723,1544.44261394,1547.98723632,
2026-06-10 16:05:00,1781107500,1547.98723632,1586.54492572,1540.92471866,1551.31922422,
2026-06-10 16:06:00,1781107560,1551.31922422,1619.07887348,1537.81264362,1612.55045404,
2026-06-10 16:07:00,1781107620,1612.55045404,1648.09556676,1595.06596698,1601.18730948,
2026-06-10 16:08:00,1781107680,1601.18730948,1604.99243462,1515.02512579,1515.02512579,
2026-06-10 16:09:00,1781107740,1515.02512579,1562.55332048,1508.87719478,1562.55332048,
2026-06-10 16:10:00,1781107800,1562.55332048,1562.55332048,1484.65739736,1491.77850356,
2026-06-10 16:11:00,1781107860,1491.77850356,1518.13915895,1480.15741261,1503.17602636,
2026-06-10 16:12:00,1781107920,1503.17602636,1541.69985435,1497.61221297,1502.53606531,
2026-06-10 16:13:00,1781107980,1502.53606531,1504.66141758,1479.13121088,1494.28855417,
2026-06-10 16:14:00,1781108040,1494.28855417,1500.70300325,1459.5138842,1473.32605718,
2026-06-10 16:15:00,1781108100,1473.32605718,1528.56461937,1469.92394751,1507.92712549,
2026-06-10 16:16:00,1781108160,1507.92712549,1535.87311055,1478.1035172,1508.03824631,
2026-06-10 16:17:00,1781108220,1508.03824631,1537.02045922,1460.60582868,1463.38325773,
2026-06-10 16:18:00,1781108280,1463.38325773,1474.57403654,1454.46557935,1459.99298145,
2026-06-10 16:19:00,1781108340,1459.99298145,1468.76627673,1450.68512208,1455.11270462,
2026-06-10 16:20:00,1781108400,1455.11270462,1475.8158693,1439.49926924,1439.65710794,
2026-06-10 16:21:00,1781108460,1439.65710794,1468.37033278,1416.87022525,1467.73048543,
2026-06-10 16:22:00,1781108520,1467.73048543,1492.32961199,1438.84693435,1439.89811179,
2026-06-10 16:23:00,1781108580,1439.89811179,1460.00087337,1432.1597305,1447.84389965,
2026-06-10 16:24:00,1781108640,1447.84389965,1447.84389965,1392.43562271,1398.81396275,
2026-06-10 16:25:00,1781108700,1398.81396275,1418.61436297,1324.30422609,1360.98381706,
2026-06-10 16:26:00,1781108760,1360.98381706,1398.21751434,1360.00121039,1382.04138723,
2026-06-10 16:27:00,1781108820,1382.04138723,1428.37265354,1381.99380281,1415.34655823,
2026-06-10 16:28:00,1781108880,1415.34655823,1441.77242137,1398.7494394,1417.3798298,
2026-06-10 16:29:00,1781108940,1417.3798298,1430.37070994,1405.52954159,1430.37070994,
2026-06-10 16:30:00,1781109000,1430.37070994,1446.61481495,1405.77858645,1405.89976631,
2026-06-10 16:31:00,1781109060,1405.89976631,1415.8886254,1370.6543068,1389.00531017,
2026-06-10 16:32:00,1781109120,1389.00531017,1422.12216065,1348.43963117,1403.08191045,
2026-06-10 16:33:00,1781109180,1403.08191045,1427.16849295,1401.18925243,1401.18925243,
2026-06-10 16:34:00,1781109240,1401.18925243,1499.7421665,1389.46258981,1499.11175922,
2026-06-10 16:35:00,1781109300,1499.11175922,1507.7591909,1455.42346846,1478.13800784,
2026-06-10 16:36:00,1781109360,1478.13800784,1493.62406641,1438.85262854,1453.94812773,
2026-06-10 16:37:00,1781109420,1453.94812773,1498.07346943,1452.87867244,1466.49167216,
2026-06-10 16:38:00,1781109480,1466.49167216,1485.35725763,1425.88299866,1466.57927205,
2026-06-10 16:39:00,1781109540,1466.57927205,1470.11597759,1422.02264781,1438.17080226,
2026-06-10 16:40:00,1781109600,1438.17080226,1472.45857116,1427.21486006,1450.55561542,
2026-06-10 16:41:00,1781109660,1450.55561542,1463.9974591,1405.80599331,1411.57510259,
2026-06-10 16:42:00,1781109720,1411.57510259,1425.71817105,1395.28570897,1416.44469401,
2026-06-10 16:43:00,1781109780,1416.44469401,1431.19083979,1397.87806075,1402.11766467,
2026-06-10 16:44:00,1781109840,1402.11766467,1414.70423082,1385.52177976,1388.27098034,
2026-06-10 16:45:00,1781109900,1388.27098034,1388.33123064,1350.71093071,1356.57159416,
2026-06-10 16:46:00,1781109960,1356.57159416,1378.58286831,1296.94464488,1308.90059468,
2026-06-10 16:47:00,1781110020,1308.90059468,1321.54111181,1245.72865968,1245.72865968,
2026-06-10 16:48:00,1781110080,1245.72865968,1293.45946358,1226.52068259,1255.21959292,
2026-06-10 16:49:00,1781110140,1255.21959292,1261.58754786,1228.99202119,1242.36816265,
2026-06-10 16:50:00,1781110200,1242.36816265,1252.53712838,1205.65533529,1230.96600753,
2026-06-10 16:51:00,1781110260,1230.96600753,1270.37768574,1207.03834264,1268.39784794,
2026-06-10 16:52:00,1781110320,1268.39784794,1345.21731466,1262.84473665,1345.21731466,
2026-06-10 16:53:00,1781110380,1345.21731466,1348.80371279,1309.54371356,1321.51383065,
2026-06-10 16:54:00,1781110440,1321.51383065,1368.31265123,1321.51383065,1343.29746385,
2026-06-10 16:55:00,1781110500,1343.29746385,1345.73743104,1285.35202264,1292.35675613,
2026-06-10 16:56:00,1781110560,1292.35675613,1323.26352587,1289.67529017,1323.26352587,
2026-06-10 16:57:00,1781110620,1323.26352587,1345.61495419,1298.74894312,1345.1976468,
2026-06-10 16:58:00,1781110680,1345.1976468,1355.95157968,1335.7819068,1348.53377693,
2026-06-10 16:59:00,1781110740,1348.53377693,1378.98748688,1346.97691067,1372.91240309,
2026-06-10 17:00:00,1781110800,1372.91240309,1399.62909142,1355.54413352,1364.46299653,
2026-06-10 17:01:00,1781110860,1364.46299653,1396.73859915,1360.18929096,1393.82623243,
2026-06-10 17:02:00,1781110920,1393.82623243,1441.12968205,1386.92294493,1428.21473397,
2026-06-10 17:03:00,1781110980,1428.21473397,1441.01546456,1414.04003397,1423.82967675,
2026-06-10 17:04:00,1781111040,1423.82967675,1459.9086514,1420.87231653,1454.62414737,
2026-06-10 17:05:00,1781111100,1454.62414737,1455.49397738,1399.48932804,1401.82795805,
2026-06-10 17:06:00,1781111160,1401.82795805,1414.25870121,1379.95542226,1410.0791683,
2026-06-10 17:07:00,1781111220,1410.0791683,1423.19140805,1350.69074927,1369.96696715,
2026-06-10 17:08:00,1781111280,1369.96696715,1370.26707623,1331.73481663,1340.71251796,
2026-06-10 17:09:00,1781111340,1340.71251796,1354.44315807,1309.92336105,1338.37709153,
2026-06-10 17:10:00,1781111400,1338.37709153,1340.10846814,1238.5396188,1245.7984985,
2026-06-10 17:11:00,1781111460,1245.7984985,1296.21866128,1238.87481939,1282.55669439,
2026-06-10 17:12:00,1781111520,1282.55669439,1288.81177689,1246.28875466,1273.63485836,
2026-06-10 17:13:00,1781111580,1273.63485836,1300.3233459,1272.87349336,1282.71592452,
2026-06-10 17:14:00,1781111640,1282.71592452,1286.19700308,1260.72155287,1285.42233396,
2026-06-10 17:15:00,1781111700,1285.42233396,1310.79475354,1269.8820988,1297.96993653,
2026-06-10 17:16:00,1781111760,1297.96993653,1334.79195294,1287.29914825,1313.31284219,
2026-06-10 17:17:00,1781111820,1313.31284219,1345.15209781,1291.98159468,1296.66496536,
2026-06-10 17:18:00,1781111880,1296.66496536,1335.91292355,1296.66496536,1317.16760736,
2026-06-10 17:19:00,1781111940,1317.16760736,1322.85288303,1292.84752833,1321.91244304,
2026-06-10 17:20:00,1781112000,1321.91244304,1325.22711367,1292.06019461,1324.58676684,
2026-06-10 17:21:00,1781112060,1324.58676684,1325.41299761,1264.06502614,1296.41845258,
2026-06-10 17:22:00,1781112120,1296.41845258,1296.41845258,1243.33667819,1255.77903415,
2026-06-10 17:23:00,1781112180,1255.77903415,1275.22654177,1251.96112733,1267.62111306,
2026-06-10 17:24:00,1781112240,1267.62111306,1308.87994884,1264.5405486,1290.58801352,
2026-06-10 17:25:00,1781112300,1290.58801352,1323.57072455,1282.06806532,1304.23042099,
2026-06-10 17:26:00,1781112360,1304.23042099,1304.23042099,1242.27560236,1263.07024007,
2026-06-10 17:27:00,1781112420,1263.07024007,1278.09531742,1233.69958407,1247.48891947,
2026-06-10 17:28:00,1781112480,1247.48891947,1247.48891947,1231.69534237,1235.61305012,
2026-06-10 17:29:00,1781112540,1235.61305012,1235.61305012,1162.33328662,1173.31365571,
2026-06-10 17:30:00,1781112600,1173.31365571,1186.54843506,1136.16557795,1142.04516976,
2026-06-10 17:31:00,1781112660,1142.04516976,1159.89830592,1105.80623017,1105.80623017,
2026-06-10 17:32:00,1781112720,1105.80623017,1123.99934543,1048.16142554,1074.74510026,
2026-06-10 17:33:00,1781112780,1074.74510026,1142.36385097,1074.74510026,1142.30912812,
2026-06-10 17:34:00,1781112840,1142.30912812,1177.6035439,1127.0972163,1137.98969831,
2026-06-10 17:35:00,1781112900,1137.98969831,1148.59788433,1110.29517591,1111.68576167,
2026-06-10 17:36:00,1781112960,1111.68576167,1125.25794585,1074.90319035,1082.65228359,
2026-06-10 17:37:00,1781113020,1082.65228359,1132.22798737,1082.65016663,1117.09109799,
2026-06-10 17:38:00,1781113080,1117.09109799,1117.09109799,1067.24248923,1085.59498454,
2026-06-10 17:39:00,1781113140,1085.59498454,1113.25404056,1081.73700318,1101.01301035,
2026-06-10 17:40:00,1781113200,1101.01301035,1143.00773104,1061.37056506,1089.56482568,
2026-06-10 17:41:00,1781113260,1089.56482568,1099.72424162,1046.28547261,1070.30778238,
2026-06-10 17:42:00,1781113320,1070.30778238,1075.21487091,1042.96633277,1074.94976041,
2026-06-10 17:43:00,1781113380,1074.94976041,1148.56000126,1068.0169176,1144.89061597,
2026-06-10 17:44:00,1781113440,1144.89061597,1145.3828285,1092.49521023,1094.29712042,
2026-06-10 17:45:00,1781113500,1094.29712042,1125.41817555,1081.87436419,1119.48650434,
2026-06-10 17:46:00,1781113560,1119.48650434,1179.51027625,1118.51724719,1173.06863915,
2026-06-10 17:47:00,1781113620,1173.06863915,1205.81849368,1155.00544197,1196.61180455,
2026-06-10 17:48:00,1781113680,1196.61180455,1241.82248741,1195.9917957,1231.67332692,
2026-06-10 17:49:00,1781113740,1231.67332692,1265.72173344,1221.64783186,1263.57892004,
2026-06-10 17:50:00,1781113800,1263.57892004,1265.2549322,1142.28215046,1181.54056748,
2026-06-10 17:51:00,1781113860,1181.54056748,1206.68789634,1172.285255,1192.23901053,
2026-06-10 17:52:00,1781113920,1192.23901053,1197.28216107,1143.21838774,1144.17952045,
2026-06-10 17:53:00,1781113980,1144.17952045,1168.50421425,1140.45950156,1165.19651674,
2026-06-10 17:54:00,1781114040,1165.19651674,1191.81144769,1154.84042125,1171.80595191,
2026-06-10 17:55:00,1781114100,1171.80595191,1217.32159067,1171.46937344,1190.96418944,
2026-06-10 17:56:00,1781114160,1190.96418944,1217.78370565,1178.53303156,1216.13857163,
2026-06-10 17:57:00,1781114220,1216.13857163,1216.98402984,1182.2113637,1186.9107661,
2026-06-10 17:58:00,1781114280,1186.9107661,1235.38110709,1185.57124375,1222.76708019,
2026-06-10 17:59:00,1781114340,1222.76708019,1232.61003467,1209.25377324,1216.93178199,
2026-06-10 18:00:00,1781114400,1216.93178199,1248.32741829,1214.45970434,1227.96548552,
2026-06-10 18:01:00,1781114460,1227.96548552,1243.78771088,1196.88602161,1208.04917858,
2026-06-10 18:02:00,1781114520,1208.04917858,1262.16000104,1198.15104243,1255.44446365,
2026-06-10 18:03:00,1781114580,1255.44446365,1272.89235141,1238.63435899,1267.31520265,
2026-06-10 18:04:00,1781114640,1267.31520265,1298.8951763,1257.2996855,1289.9865102,
2026-06-10 18:05:00,1781114700,1289.9865102,1311.45876911,1282.81152507,1307.83174056,
2026-06-10 18:06:00,1781114760,1307.83174056,1324.19752592,1244.08253575,1244.28653207,
2026-06-10 18:07:00,1781114820,1244.28653207,1244.28653207,1196.44716522,1200.26662058,
2026-06-10 18:08:00,1781114880,1200.26662058,1256.29032996,1200.21035426,1245.33776148,
2026-06-10 18:09:00,1781114940,1245.33776148,1245.96909142,1215.06451916,1228.32725076,
2026-06-10 18:10:00,1781115000,1228.32725076,1229.82483602,1181.28923073,1185.62881313,
2026-06-10 18:11:00,1781115060,1185.62881313,1222.71634259,1180.61879865,1220.9886816,
2026-06-10 18:12:00,1781115120,1220.9886816,1233.687191,1213.15290515,1216.76365592,
2026-06-10 18:13:00,1781115180,1216.76365592,1221.14010742,1179.9249175,1193.94855166,
2026-06-10 18:14:00,1781115240,1193.94855166,1211.72134118,1193.94855166,1204.49908552,
2026-06-10 18:15:00,1781115300,1204.49908552,1227.72162624,1199.8650358,1210.74089378,
2026-06-10 18:16:00,1781115360,1210.74089378,1228.28851194,1205.0520854,1213.71876126,
2026-06-10 18:17:00,1781115420,1213.71876126,1213.71876126,1161.80884337,1163.35640653,
2026-06-10 18:18:00,1781115480,1163.35640653,1182.67177741,1159.42168139,1175.56010198,
2026-06-10 18:19:00,1781115540,1175.56010198,1187.35431058,1162.66930437,1174.06969321,
2026-06-10 18:20:00,1781115600,1174.06969321,1203.00422818,1173.60989268,1188.02562955,
2026-06-10 18:21:00,1781115660,1188.02562955,1207.18162417,1165.9176639,1166.87395656,
2026-06-10 18:22:00,1781115720,1166.87395656,1167.31259533,1140.09513167,1158.32025991,
2026-06-10 18:23:00,1781115780,1158.32025991,1195.38571729,1158.32025991,1188.09448301,
2026-06-10 18:24:00,1781115840,1188.09448301,1212.15315241,1176.30268157,1206.18892042,
2026-06-10 18:25:00,1781115900,1206.18892042,1210.15824911,1149.7839603,1152.922732,
2026-06-10 18:26:00,1781115960,1152.922732,1181.86643378,1145.70776576,1167.31786231,
2026-06-10 18:27:00,1781116020,1167.31786231,1167.31786231,1136.14845822,1143.33480125,
2026-06-10 18:28:00,1781116080,1143.33480125,1172.47580841,1143.19650286,1159.19303339,
2026-06-10 18:29:00,1781116140,1159.19303339,1232.32632273,1152.95374434,1230.19090595,
2026-06-10 18:30:00,1781116200,1230.19090595,1230.19090595,1189.88521566,1225.39298179,
2026-06-10 18:31:00,1781116260,1225.39298179,1225.79252047,1184.57871958,1188.23690499,
2026-06-10 18:32:00,1781116320,1188.23690499,1201.12977839,1175.16645677,1192.55755166,
2026-06-10 18:33:00,1781116380,1192.55755166,1207.76611685,1172.82306446,1173.38277581,
2026-06-10 18:34:00,1781116440,1173.38277581,1190.16682725,1154.53858853,1183.03483367,
2026-06-10 18:35:00,1781116500,1183.03483367,1183.09108471,1118.13637597,1135.442087,
2026-06-10 18:36:00,1781116560,1135.442087,1150.77590836,1121.3325512,1122.09440521,
2026-06-10 18:37:00,1781116620,1122.09440521,1124.29558739,1095.51741466,1103.76102646,
2026-06-10 18:38:00,1781116680,1103.76102646,1111.45484417,1095.51303134,1106.38175281,
2026-06-10 18:39:00,1781116740,1106.38175281,1116.4710938,1096.04230033,1102.15072043,
2026-06-10 18:40:00,1781116800,1102.15072043,1110.72599222,1093.91169564,1100.05567269,
2026-06-10 18:41:00,1781116860,1100.05567269,1108.16796767,1082.99147919,1083.04081687,
2026-06-10 18:42:00,1781116920,1083.04081687,1111.34604959,1083.04081687,1083.77594472,
2026-06-10 18:43:00,1781116980,1083.77594472,1100.01009295,1071.01980797,1071.28617033,
2026-06-10 18:44:00,1781117040,1071.28617033,1087.97021133,1062.06594575,1081.91936037,
2026-06-10 18:45:00,1781117100,1081.91936037,1089.86612514,1064.02498184,1073.73588796,
2026-06-10 18:46:00,1781117160,1073.73588796,1079.91617211,1052.32454345,1063.22391057,
2026-06-10 18:47:00,1781117220,1063.22391057,1069.98949302,1059.12235622,1064.3103996,
2026-06-10 18:48:00,1781117280,1064.3103996,1101.33587152,1064.30620684,1087.44485566,
2026-06-10 18:49:00,1781117340,1087.44485566,1110.37553922,1079.48218533,1083.53059321,
2026-06-10 18:50:00,1781117400,1083.53059321,1084.93131471,980.51405992,1013.29972889,
2026-06-10 18:51:00,1781117460,1013.29972889,1055.90753214,1013.29972889,1042.73762511,
2026-06-10 18:52:00,1781117520,1042.73762511,1060.30155297,1037.41025599,1046.04841652,
2026-06-10 18:53:00,1781117580,1046.04841652,1089.4372044,1045.30533575,1079.51293133,
2026-06-10 18:54:00,1781117640,1079.51293133,1105.90550782,1067.63375262,1097.98885797,
2026-06-10 18:55:00,1781117700,1097.98885797,1097.98885797,1057.77578114,1062.316639,
2026-06-10 18:56:00,1781117760,1062.316639,1082.63666276,1052.1059449,1079.04993583,
2026-06-10 18:57:00,1781117820,1079.04993583,1131.00224102,1078.88567827,1125.75190274,
2026-06-10 18:58:00,1781117880,1125.75190274,1126.94425488,1114.78117567,1116.39074269,
2026-06-10 18:59:00,1781117940,1116.39074269,1124.92465978,1111.4821748,1122.26418508,
2026-06-10 19:00:00,1781118000,1122.26418508,1133.25800881,1109.23443987,1109.23443987,
2026-06-10 19:01:00,1781118060,1109.23443987,1137.92788714,1109.23443987,1114.92283639,
2026-06-10 19:02:00,1781118120,1114.92283639,1114.92283639,1069.48377293,1100.31524146,
2026-06-10 19:03:00,1781118180,1100.31524146,1115.25137022,1087.17162582,1107.47882095,
2026-06-10 19:04:00,1781118240,1107.47882095,1109.88918584,1068.63929507,1082.30997733,
2026-06-10 19:05:00,1781118300,1082.30997733,1082.47297224,1037.55817702,1059.03225946,
2026-06-10 19:06:00,1781118360,1059.03225946,1096.76528654,1058.76188096,1091.12588802,
2026-06-10 19:07:00,1781118420,1091.12588802,1133.7804536,1091.12588802,1131.65978773,
2026-06-10 19:08:00,1781118480,1131.65978773,1151.3472123,1123.06191379,1143.7716904,
2026-06-10 19:09:00,1781118540,1143.7716904,1143.7716904,1124.79163657,1139.94862234,
2026-06-10 19:10:00,1781118600,1139.94862234,1141.75356416,1095.8442195,1109.59194199,
2026-06-10 19:11:00,1781118660,1109.59194199,1111.6794776,1063.12169752,1063.12169752,
2026-06-10 19:12:00,1781118720,1063.12169752,1065.37626613,1039.75172637,1063.45823478,
2026-06-10 19:13:00,1781118780,1063.45823478,1073.87915469,1050.52841253,1050.74279894,
2026-06-10 19:14:00,1781118840,1050.74279894,1056.29717536,1033.08401787,1041.87090884,
2026-06-10 19:15:00,1781118900,1041.87090884,1073.21278801,1026.62961124,1067.02521811,
2026-06-10 19:16:00,1781118960,1067.02521811,1080.46336258,1061.39143101,1071.3452164,
2026-06-10 19:17:00,1781119020,1071.3452164,1075.6249323,1004.6148605,1007.11243089,
2026-06-10 19:18:00,1781119080,1007.11243089,1038.65539192,1002.60569469,1036.41414304,
2026-06-10 19:19:00,1781119140,1036.41414304,1048.0512202,1014.11972064,1026.67525437,
2026-06-10 19:20:00,1781119200,1026.67525437,1040.72669164,1015.92797558,1018.04391561,
2026-06-10 19:21:00,1781119260,1018.04391561,1028.23309947,1005.01017296,1022.6665841,
2026-06-10 19:22:00,1781119320,1022.6665841,1037.15184497,1016.15920499,1020.31629021,
2026-06-10 19:23:00,1781119380,1020.31629021,1020.36691711,1000.14182336,1008.02920144,
2026-06-10 19:24:00,1781119440,1008.02920144,1039.12488223,1008.02920144,1039.12488223,
2026-06-10 19:25:00,1781119500,1039.12488223,1079.9977712,1035.4653339,1061.31397488,
2026-06-10 19:26:00,1781119560,1061.31397488,1070.80653587,1025.46784255,1026.74855087,
2026-06-10 19:27:00,1781119620,1026.74855087,1036.86214611,1017.20111849,1026.96683104,
2026-06-10 19:28:00,1781119680,1026.96683104,1061.58368722,1023.24395064,1049.64925364,
2026-06-10 19:29:00,1781119740,1049.64925364,1069.29696557,1046.68210904,1058.43826396,
2026-06-10 19:30:00,1781119800,1058.43826396,1098.03717385,1056.64506628,1089.45289644,
2026-06-10 19:31:00,1781119860,1089.45289644,1117.43212763,1083.95676248,1083.95676248,
2026-06-10 19:32:00,1781119920,1083.95676248,1108.25159984,1080.8420583,1103.51305483,
2026-06-10 19:33:00,1781119980,1103.51305483,1123.72236931,1101.59377505,1119.37199538,
2026-06-10 19:34:00,1781120040,1119.37199538,1149.75782443,1118.64726066,1146.88316968,
2026-06-10 19:35:00,1781120100,1146.88316968,1158.91782735,1126.09792006,1149.61004682,
2026-06-10 19:36:00,1781120160,1149.61004682,1149.61004682,1120.95032249,1130.55619129,
2026-06-10 19:37:00,1781120220,1130.55619129,1171.27002037,1130.55413429,1158.85637585,
2026-06-10 19:38:00,1781120280,1158.85637585,1187.0168687,1155.83870402,1183.41767385,
2026-06-10 19:39:00,1781120340,1183.41767385,1217.11853158,1169.81713801,1171.28971409,
2026-06-10 19:40:00,1781120400,1171.28971409,1195.93677965,1148.99516591,1165.41824825,
2026-06-10 19:41:00,1781120460,1165.41824825,1178.86932899,1143.51204668,1176.89340756,
2026-06-10 19:42:00,1781120520,1176.89340756,1180.60599555,1163.5562245,1167.32682208,
2026-06-10 19:43:00,1781120580,1167.32682208,1188.4738512,1154.2670347,1176.60825172,
2026-06-10 19:44:00,1781120640,1176.60825172,1189.17124219,1172.83059242,1184.68384231,
2026-06-10 19:45:00,1781120700,1184.68384231,1195.74756931,1173.18232932,1177.90696139,
2026-06-10 19:46:00,1781120760,1177.90696139,1177.90696139,1131.21886161,1170.36622887,
2026-06-10 19:47:00,1781120820,1170.36622887,1171.28062175,1140.73918025,1141.03838889,
2026-06-10 19:48:00,1781120880,1141.03838889,1146.71859911,1117.39287901,1119.84851612,
2026-06-10 19:49:00,1781120940,1119.84851612,1158.90326889,1119.84851612,1158.90326889,
2026-06-10 19:50:00,1781121000,1158.90326889,1161.11584877,1080.23838209,1155.94052661,
2026-06-10 19:51:00,1781121060,1155.94052661,1160.84826813,1123.83449663,1157.59222709,
2026-06-10 19:52:00,1781121120,1157.59222709,1165.63717185,1141.38808154,1146.5666398,
2026-06-10 19:53:00,1781121180,1146.5666398,1178.38109577,1146.56458672,1177.32981266,
2026-06-10 19:54:00,1781121240,1177.32981266,1181.30214673,1130.41362339,1153.98877061,
2026-06-10 19:55:00,1781121300,1153.98877061,1170.2677384,1138.1033362,1170.26512102,
2026-06-10 19:56:00,1781121360,1170.26512102,1194.7792127,1163.85647465,1179.76047899,
2026-06-10 19:57:00,1781121420,1179.76047899,1204.67295822,1172.69244198,1191.59611189,
2026-06-10 19:58:00,1781121480,1191.59611189,1191.59611189,1164.64049412,1187.21233906,
2026-06-10 19:59:00,1781121540,1187.21233906,1187.21233906,1135.21210168,1145.07480855,
2026-06-10 20:00:00,1781121600,1145.07480855,1148.63825835,1111.8944665,1116.88624701,
2026-06-10 20:01:00,1781121660,1116.88624701,1116.88624701,1064.61065717,1064.61065717,
2026-06-10 20:02:00,1781121720,1064.61065717,1103.53097623,1057.57803363,1088.18091076,
2026-06-10 20:03:00,1781121780,1088.18091076,1130.72315101,1084.55080544,1118.8686253,
2026-06-10 20:04:00,1781121840,1118.8686253,1118.89546055,1078.86893148,1089.96711152,
2026-06-10 20:05:00,1781121900,1089.96711152,1095.12793672,1040.90105719,1063.77607068,
2026-06-10 20:06:00,1781121960,1063.77607068,1099.5202771,1050.79091648,1054.87425935,
2026-06-10 20:07:00,1781122020,1054.87425935,1054.87425935,1035.21921347,1051.7178017,
2026-06-10 20:08:00,1781122080,1051.7178017,1065.48350833,1050.25088713,1050.41200999,
2026-06-10 20:09:00,1781122140,1050.41200999,1050.41200999,1003.54514939,1041.79662418,
2026-06-10 20:10:00,1781122200,1041.79662418,1061.0230212,1036.09847566,1059.69815846,
2026-06-10 20:11:00,1781122260,1059.69815846,1072.45973113,1057.49158471,1067.17292073,
2026-06-10 20:12:00,1781122320,1067.17292073,1077.5300124,1063.76011592,1067.34980116,
2026-06-10 20:13:00,1781122380,1067.34980116,1084.46397347,1052.66482081,1069.08487735,
2026-06-10 20:14:00,1781122440,1069.08487735,1076.9406405,1062.77110065,1070.12936813,
2026-06-10 20:15:00,1781122500,1070.12936813,1090.69917755,1064.3706861,1077.48055682,
2026-06-10 20:16:00,1781122560,1077.48055682,1083.49068982,1046.67130092,1053.88901838,
2026-06-10 20:17:00,1781122620,1053.88901838,1069.62601524,1031.94658561,1061.45218739,
2026-06-10 20:18:00,1781122680,1061.45218739,1092.53804609,1058.53853737,1080.80403139,
2026-06-10 20:19:00,1781122740,1080.80403139,1091.52678934,1078.04084098,1078.52953396,
2026-06-10 20:20:00,1781122800,1078.52953396,1078.52953396,1031.18523301,1047.13258011,
2026-06-10 20:21:00,1781122860,1047.13258011,1075.16168906,1036.38858135,1042.58320063,
2026-06-10 20:22:00,1781122920,1042.58320063,1124.86049446,1042.04359962,1121.90449463,
2026-06-10 20:23:00,1781122980,1121.90449463,1140.90428531,1088.6487445,1097.92526377,
2026-06-10 20:24:00,1781123040,1097.92526377,1142.59761194,1097.14448621,1134.6277473,
2026-06-10 20:25:00,1781123100,1134.6277473,1140.19395007,1124.22033112,1136.71850333,
2026-06-10 20:26:00,1781123160,1136.71850333,1136.71850333,1118.70110309,1125.65245035,
2026-06-10 20:27:00,1781123220,1125.65245035,1126.16931418,1112.98310819,1119.10421904,
2026-06-10 20:28:00,1781123280,1119.10421904,1123.1192309,1110.1843884,1119.71997138,
2026-06-10 20:29:00,1781123340,1119.71997138,1127.37470091,1116.84000321,1122.2580119,
2026-06-10 20:30:00,1781123400,1122.2580119,1122.2580119,1077.84668821,1084.20022534,
2026-06-10 20:31:00,1781123460,1084.20022534,1095.66766277,1076.80389054,1082.19989157,
2026-06-10 20:32:00,1781123520,1082.19989157,1102.14141878,1064.57148496,1095.05941697,
2026-06-10 20:33:00,1781123580,1095.05941697,1118.2875201,1095.0573381,1117.58196155,
2026-06-10 20:34:00,1781123640,1117.58196155,1131.83819867,1116.19064125,1123.14489603,
2026-06-10 20:35:00,1781123700,1123.14489603,1127.34740081,1106.01836143,1108.63229942,
2026-06-10 20:36:00,1781123760,1108.63229942,1111.47310127,1099.02053943,1099.91648268,
2026-06-10 20:37:00,1781123820,1099.91648268,1123.57340403,1099.85912291,1122.89490881,
2026-06-10 20:38:00,1781123880,1122.89490881,1130.76511737,1102.25392843,1102.74990613,
2026-06-10 20:39:00,1781123940,1102.74990613,1117.28801543,1093.4829014,1094.52701324,
2026-06-10 20:40:00,1781124000,1094.52701324,1098.55394762,1085.92489056,1092.54010315,
2026-06-10 20:41:00,1781124060,1092.54010315,1103.72119741,1091.85220575,1100.72435206,
2026-06-10 20:42:00,1781124120,1100.72435206,1100.72435206,1084.50733988,1086.022809,
2026-06-10 20:43:00,1781124180,1086.022809,1104.79358228,1076.62148571,1086.44015049,
2026-06-10 20:44:00,1781124240,1086.44015049,1094.84067867,1064.81000685,1065.46042895,
2026-06-10 20:45:00,1781124300,1065.46042895,1082.75196338,1056.80379992,1056.82051796,
2026-06-10 20:46:00,1781124360,1056.82051796,1056.82051796,1032.5784148,1045.68354287,
2026-06-10 20:47:00,1781124420,1045.68354287,1051.9606536,1031.86860832,1049.96787852,
2026-06-10 20:48:00,1781124480,1049.96787852,1058.81559085,1035.27119855,1056.56217761,
2026-06-10 20:49:00,1781124540,1056.56217761,1067.64253006,1052.48573154,1067.64253006,
2026-06-10 20:50:00,1781124600,1067.64253006,1083.97058829,1032.2171904,1037.72518895,
2026-06-10 20:51:00,1781124660,1037.72518895,1049.57192846,1016.42008479,1048.15870366,
2026-06-10 20:52:00,1781124720,1048.15870366,1056.32783071,1039.45095292,1044.85434547,
2026-06-10 20:53:00,1781124780,1044.85434547,1044.85434547,1013.7915013,1025.03906832,
2026-06-10 20:54:00,1781124840,1025.03906832,1046.98032343,1021.57009763,1046.96385494,
2026-06-10 20:55:00,1781124900,1046.96385494,1052.28353763,1015.30983962,1015.59941343,
2026-06-10 20:56:00,1781124960,1015.59941343,1025.20220693,1014.09542101,1024.95281111,
2026-06-10 20:57:00,1781125020,1024.95281111,1024.99526657,1012.98613501,1018.29856849,
2026-06-10 20:58:00,1781125080,1018.29856849,1066.09234226,1018.29856849,1056.85103627,
2026-06-10 20:59:00,1781125140,1056.85103627,1067.73058867,1052.73080973,1063.30292605,
2026-06-10 21:00:00,1781125200,1063.30292605,1063.39692713,1029.53508993,1033.66881015,
2026-06-10 21:01:00,1781125260,1033.66881015,1053.89582946,1033.66881015,1048.59131308,
2026-06-10 21:02:00,1781125320,1048.59131308,1054.66762239,1036.39006517,1037.26574562,
2026-06-10 21:03:00,1781125380,1037.26574562,1055.29902303,1036.8971313,1046.01195634,
2026-06-10 21:04:00,1781125440,1046.01195634,1046.3513282,1028.75981275,1029.07694887,
2026-06-10 21:05:00,1781125500,1029.07694887,1029.11848267,984.54148591,995.35990779,
2026-06-10 21:06:00,1781125560,995.35990779,1013.55452358,983.100233,983.35913915,
2026-06-10 21:07:00,1781125620,983.35913915,992.29564933,975.70795593,976.89322968,
2026-06-10 21:08:00,1781125680,976.89322968,980.29217372,966.34597524,969.64093187,
2026-06-10 21:09:00,1781125740,969.64093187,976.31349366,959.68672977,961.41763244,
2026-06-10 21:10:00,1781125800,961.41763244,964.39128945,912.10542809,939.57197927,
2026-06-10 21:11:00,1781125860,939.57197927,946.88377164,915.95014674,923.66819995,
2026-06-10 21:12:00,1781125920,923.66819995,947.51253778,910.6149768,910.71329799,
2026-06-10 21:13:00,1781125980,910.71329799,934.43053509,910.6620177,933.13838016,
2026-06-10 21:14:00,1781126040,933.13838016,934.14388995,920.87449391,934.1417665,
2026-06-10 21:15:00,1781126100,934.1417665,972.50150804,934.1417665,969.99077681,
2026-06-10 21:16:00,1781126160,969.99077681,993.90374386,969.99077681,992.95108075,
2026-06-10 21:17:00,1781126220,992.95108075,1008.77821357,984.5302574,987.14116445,
2026-06-10 21:18:00,1781126280,987.14116445,987.2941562,938.84281061,954.69402191,
2026-06-10 21:19:00,1781126340,954.69402191,983.56258761,950.09526416,969.75774943,
2026-06-10 21:20:00,1781126400,969.75774943,969.75774943,944.14292353,962.2840415,
2026-06-10 21:21:00,1781126460,962.2840415,962.95392943,941.50513441,950.74993419,
2026-06-10 21:22:00,1781126520,950.74993419,980.90169404,949.63738229,980.64436086,
2026-06-10 21:23:00,1781126580,980.64436086,991.89588838,956.87839184,960.27726335,
2026-06-10 21:24:00,1781126640,960.27726335,962.70834616,927.92383091,931.26167823,
2026-06-10 21:25:00,1781126700,931.26167823,948.59752202,928.42657255,947.33192934,
2026-06-10 21:26:00,1781126760,947.33192934,952.47168283,942.57556867,949.75530171,
2026-06-10 21:27:00,1781126820,949.75530171,970.72558981,945.5060562,949.94377751,
2026-06-10 21:28:00,1781126880,949.94377751,963.48990714,944.61971757,944.61971757,
2026-06-10 21:29:00,1781126940,944.61971757,958.27561292,943.41009242,947.23880022,
2026-06-10 21:30:00,1781127000,947.23880022,990.65077373,943.66083393,977.5706994,
2026-06-10 21:31:00,1781127060,977.5706994,987.37936502,976.74396755,985.28098878,
2026-06-10 21:32:00,1781127120,985.28098878,1008.47028031,978.69526468,1002.77878807,
2026-06-10 21:33:00,1781127180,1002.77878807,1017.51650395,999.10141818,1017.51650395,
2026-06-10 21:34:00,1781127240,1017.51650395,1020.20615634,994.78209412,1008.60249998,
2026-06-10 21:35:00,1781127300,1008.60249998,1016.12689923,974.04012493,986.75335925,
2026-06-10 21:36:00,1781127360,986.75335925,987.76517817,974.35002309,982.00697833,
2026-06-10 21:37:00,1781127420,982.00697833,985.26371105,973.6567462,984.77724048,
2026-06-10 21:38:00,1781127480,984.77724048,986.09702444,970.17885634,981.23491188,
2026-06-10 21:39:00,1781127540,981.23491188,981.28450499,955.40225529,955.52261247,
2026-06-10 21:40:00,1781127600,955.52261247,968.39812414,952.36846665,968.34682576,
2026-06-10 21:41:00,1781127660,968.34682576,975.84241907,967.26018771,974.58280075,
2026-06-10 21:42:00,1781127720,974.58280075,978.87890382,967.76474018,978.77349401,
2026-06-10 21:43:00,1781127780,978.77349401,996.982697,975.09825739,981.05410803,
2026-06-10 21:44:00,1781127840,981.05410803,998.83556807,980.32367869,998.61332156,
2026-06-10 21:45:00,1781127900,998.61332156,1001.68471047,976.68917228,976.88715885,
2026-06-10 21:46:00,1781127960,976.88715885,993.81645973,972.9884257,991.44527212,
2026-06-10 21:47:00,1781128020,991.44527212,991.44527212,975.18491715,989.76038856,
2026-06-10 21:48:00,1781128080,989.76038856,998.67259981,989.65641702,994.98198567,
2026-06-10 21:49:00,1781128140,994.98198567,994.98198567,883.15654123,890.14790192,
2026-06-10 21:50:00,1781128200,890.14790192,890.14790192,776.14646722,847.9254736,
2026-06-10 21:51:00,1781128260,847.9254736,848.01944443,774.52943895,778.12824387,
2026-06-10 21:52:00,1781128320,778.12824387,805.12731444,772.77229273,789.63334976,
2026-06-10 21:53:00,1781128380,789.63334976,815.34257482,777.63076754,782.86349309,
2026-06-10 21:54:00,1781128440,782.86349309,803.24806022,782.86349309,793.84128238,
2026-06-10 21:55:00,1781128500,793.84128238,812.06798758,786.49314235,796.39713516,
2026-06-10 21:56:00,1781128560,796.39713516,822.79520878,795.08624524,822.79520878,
2026-06-10 21:57:00,1781128620,822.79520878,829.49654871,778.45552674,782.51149116,
2026-06-10 21:58:00,1781128680,782.51149116,816.51504395,768.62955752,816.51504395,
2026-06-10 21:59:00,1781128740,816.51504395,854.23969366,813.87647917,848.59931508,
2026-06-10 22:00:00,1781128800,848.59931508,853.89690799,791.45082386,816.50077367,
2026-06-10 22:01:00,1781128860,816.50077367,824.22505675,794.31713204,795.31541415,
2026-06-10 22:02:00,1781128920,795.31541415,807.88636985,775.48007673,775.48007673,
2026-06-10 22:03:00,1781128980,775.48007673,811.64376318,771.72504976,801.23431176,
2026-06-10 22:04:00,1781129040,801.23431176,801.23431176,772.39684551,777.46117801,
2026-06-10 22:05:00,1781129100,777.46117801,805.63232724,773.59158428,779.5992391,
2026-06-10 22:06:00,1781129160,779.5992391,815.38397018,775.86776852,806.46891862,
2026-06-10 22:07:00,1781129220,806.46891862,821.34732132,799.12908106,818.53088695,
2026-06-10 22:08:00,1781129280,818.53088695,826.85948616,809.79603695,825.9236043,
2026-06-10 22:09:00,1781129340,825.9236043,827.08312927,818.15744782,824.14752802,
2026-06-10 22:10:00,1781129400,824.14752802,850.24988888,824.0109018,843.38886546,
2026-06-10 22:11:00,1781129460,843.38886546,850.90609635,805.30538076,805.61911207,
2026-06-10 22:12:00,1781129520,805.61911207,840.99938818,798.28905566,821.19560481,
2026-06-10 22:13:00,1781129580,821.19560481,828.17699442,799.60732854,807.4494918,
2026-06-10 22:14:00,1781129640,807.4494918,817.73456236,803.75245349,816.17337205,
2026-06-10 22:15:00,1781129700,816.17337205,816.17337205,780.17358081,784.91013563,
2026-06-10 22:16:00,1781129760,784.91013563,797.9146981,776.81247986,784.15453586,
2026-06-10 22:17:00,1781129820,784.15453586,786.68528313,763.04138734,767.30654003,
2026-06-10 22:18:00,1781129880,767.30654003,784.62288965,765.89464151,781.08128448,
2026-06-10 22:19:00,1781129940,781.08128448,828.98418067,770.78851407,771.48086903,
2026-06-10 22:20:00,1781130000,771.48086903,785.72717828,760.25566991,776.17528026,
2026-06-10 22:21:00,1781130060,776.17528026,839.58249756,776.08627319,831.15180319,
2026-06-10 22:22:00,1781130120,831.15180319,836.33095856,805.85210078,812.12339079,
2026-06-10 22:23:00,1781130180,812.12339079,822.36062418,800.75006733,821.40271259,
2026-06-10 22:24:00,1781130240,821.40271259,839.30025555,795.04927719,837.87320474,
2026-06-10 22:25:00,1781130300,837.87320474,864.79554627,819.92673727,862.37025341,
2026-06-10 22:26:00,1781130360,862.37025341,862.37025341,829.31817378,837.79696904,
2026-06-10 22:27:00,1781130420,837.79696904,859.54113301,827.34830139,852.81538639,
2026-06-10 22:28:00,1781130480,852.81538639,870.67089498,847.83871632,847.83871632,
2026-06-10 22:29:00,1781130540,847.83871632,847.83871632,816.6180906,829.49812577,
2026-06-10 22:30:00,1781130600,829.49812577,880.69635111,823.3097763,866.0012517,
2026-06-10 22:31:00,1781130660,866.0012517,907.01193117,865.57863979,905.21528284,
2026-06-10 22:32:00,1781130720,905.21528284,912.29705203,883.08230656,894.49896736,
2026-06-10 22:33:00,1781130780,894.49896736,898.012441,884.26678763,886.90488376,
2026-06-10 22:34:00,1781130840,886.90488376,888.16836545,844.76908224,851.68301599,
2026-06-10 22:35:00,1781130900,851.68301599,886.02673922,850.89754461,884.16297361,
2026-06-10 22:36:00,1781130960,884.16297361,884.3524113,848.15366088,858.43284447,
2026-06-10 22:37:00,1781131020,858.43284447,888.31338044,851.25390191,874.99203555,
2026-06-10 22:38:00,1781131080,874.99203555,894.10548998,864.04795909,890.45526751,
2026-06-10 22:39:00,1781131140,890.45526751,890.45526751,874.82477459,882.47267194,
2026-06-10 22:40:00,1781131200,882.47267194,911.79747788,875.1513171,904.94664955,
2026-06-10 22:41:00,1781131260,904.94664955,904.94664955,887.85137629,896.30942086,
2026-06-10 22:42:00,1781131320,896.30942086,931.4311416,895.10741712,931.07019686,
2026-06-10 22:43:00,1781131380,931.07019686,974.2306647,931.01888966,961.05625573,
2026-06-10 22:44:00,1781131440,961.05625573,971.70329913,922.79936139,962.72594541,
2026-06-10 22:45:00,1781131500,962.72594541,967.13617771,909.02631727,922.37391139,
2026-06-10 22:46:00,1781131560,922.37391139,935.87205715,905.25289273,933.94944136,
2026-06-10 22:47:00,1781131620,933.94944136,933.94944136,903.61390166,904.92829014,
2026-06-10 22:48:00,1781131680,904.92829014,927.40696575,889.33106803,910.16396825,
2026-06-10 22:49:00,1781131740,910.16396825,910.16396825,884.03126666,897.21549485,
2026-06-10 22:50:00,1781131800,897.21549485,918.93703658,895.53186128,900.49060046,
2026-06-10 22:51:00,1781131860,900.49060046,914.72133779,894.27784633,898.79825545,
2026-06-10 22:52:00,1781131920,898.79825545,920.53445028,895.78261008,903.34559375,
2026-06-10 22:53:00,1781131980,903.34559375,903.34559375,868.78332484,896.17041512,
2026-06-10 22:54:00,1781132040,896.17041512,903.67640003,892.30797348,900.2428982,
2026-06-10 22:55:00,1781132100,900.2428982,913.20191243,886.94604452,890.05305987,
2026-06-10 22:56:00,1781132160,890.05305987,892.61465518,886.35717352,890.47399287,
2026-06-10 22:57:00,1781132220,890.47399287,894.41779686,880.31860489,894.41779686,
2026-06-10 22:58:00,1781132280,894.41779686,896.14955359,880.13837857,883.00125434,
2026-06-10 22:59:00,1781132340,883.00125434,883.04900776,859.94783512,870.12918998,
2026-06-10 23:00:00,1781132400,870.12918998,870.95625081,832.62776842,838.22635651,
2026-06-10 23:01:00,1781132460,838.22635651,859.69164675,838.18016613,850.72577319,
2026-06-10 23:02:00,1781132520,850.72577319,865.93890662,840.36168474,854.05503156,
2026-06-10 23:03:00,1781132580,854.05503156,865.8370228,848.70337582,853.73212331,
2026-06-10 23:04:00,1781132640,853.73212331,860.17928344,846.68599482,854.36658674,
2026-06-10 23:05:00,1781132700,854.36658674,861.67543346,846.09992376,853.187531,
2026-06-10 23:06:00,1781132760,853.187531,857.14824099,847.10604383,851.61905722,
2026-06-10 23:07:00,1781132820,851.61905722,858.78125201,837.82575077,856.77035427,
2026-06-10 23:08:00,1781132880,856.77035427,856.95338713,836.89746666,837.85136072,
2026-06-10 23:09:00,1781132940,837.85136072,850.05164183,798.61449187,808.5367068,
2026-06-10 23:10:00,1781133000,808.5367068,808.83631452,789.89033128,801.52079763,
2026-06-10 23:11:00,1781133060,801.52079763,803.26885205,780.69856298,798.71066935,
2026-06-10 23:12:00,1781133120,798.71066935,805.65428593,782.31099748,794.64306459,
2026-06-10 23:13:00,1781133180,794.64306459,802.26159442,786.85783163,790.25632089,
2026-06-10 23:14:00,1781133240,790.25632089,794.61657888,785.59638595,790.56714901,
2026-06-10 23:15:00,1781133300,790.56714901,795.81968264,771.53723678,785.21260825,
2026-06-10 23:16:00,1781133360,785.21260825,788.10440777,769.98907379,788.10440777,
2026-06-10 23:17:00,1781133420,788.10440777,812.39046516,785.13193039,808.55013726,
2026-06-10 23:18:00,1781133480,808.55013726,831.98214766,808.45997012,820.38738418,
2026-06-10 23:19:00,1781133540,820.38738418,878.57037709,811.72888782,862.24455196,
2026-06-10 23:20:00,1781133600,862.24455196,925.60986417,851.77143309,918.33601837,
2026-06-10 23:21:00,1781133660,918.33601837,927.52151356,900.34133974,917.06290912,
2026-06-10 23:22:00,1781133720,917.06290912,932.65773895,908.3096314,924.28038734,
2026-06-10 23:23:00,1781133780,924.28038734,935.87024499,921.08716516,928.90961329,
2026-06-10 23:24:00,1781133840,928.90961329,932.20792752,900.14757833,910.88205174,
2026-06-10 23:25:00,1781133900,910.88205174,941.61492207,901.22698627,903.08959526,
2026-06-10 23:26:00,1781133960,903.08959526,923.74661753,895.73048327,912.98435344,
2026-06-10 23:27:00,1781134020,912.98435344,931.75999861,908.32779063,929.50268387,
2026-06-10 23:28:00,1781134080,929.50268387,936.79505002,917.69916156,936.79505002,
2026-06-10 23:29:00,1781134140,936.79505002,963.82919955,935.15420629,950.14608134,
2026-06-10 23:30:00,1781134200,950.14608134,965.13378421,946.98484578,956.31277869,
2026-06-10 23:31:00,1781134260,956.31277869,956.31277869,915.36550512,924.29224151,
2026-06-10 23:32:00,1781134320,924.29224151,939.38074817,907.30817617,934.27457073,
2026-06-10 23:33:00,1781134380,934.27457073,939.09317876,906.55781111,909.70818764,
2026-06-10 23:34:00,1781134440,909.70818764,920.60459682,907.99149333,920.30257686,
2026-06-10 23:35:00,1781134500,920.30257686,945.96708345,920.30035174,934.87928924,
2026-06-10 23:36:00,1781134560,934.87928924,959.78197322,934.87928924,940.58244545,
2026-06-10 23:37:00,1781134620,940.58244545,941.52151997,935.95357151,939.31823578,
2026-06-10 23:38:00,1781134680,939.31823578,939.3657874,921.15188984,927.31403143,
2026-06-10 23:39:00,1781134740,927.31403143,928.15528703,912.33362503,916.13068256,
2026-06-10 23:40:00,1781134800,916.13068256,934.85207377,906.35404118,933.84893086,
2026-06-10 23:41:00,1781134860,933.84893086,952.35071183,930.82083064,947.80377377,
2026-06-10 23:42:00,1781134920,947.80377377,972.67084817,947.24992173,958.01754464,
2026-06-10 23:43:00,1781134980,958.01754464,964.03384387,950.0332684,951.35449006,
2026-06-10 23:44:00,1781135040,951.35449006,951.40474346,936.90177931,940.26633212,
2026-06-10 23:45:00,1781135100,940.26633212,941.10361573,913.98622427,933.20942962,
2026-06-10 23:46:00,1781135160,933.20942962,933.20942962,921.66644155,923.81049866,
2026-06-10 23:47:00,1781135220,923.81049866,932.80372986,914.6124569,932.25199677,
2026-06-10 23:48:00,1781135280,932.25199677,937.50667129,914.84758385,916.36495489,
2026-06-10 23:49:00,1781135340,916.36495489,916.36495489,903.91270922,907.19690054,
2026-06-10 23:50:00,1781135400,907.19690054,915.20448377,899.82417505,912.02330194,
2026-06-10 23:51:00,1781135460,912.02330194,925.56233692,908.58097435,918.43181133,
2026-06-10 23:52:00,1781135520,918.43181133,940.20977579,918.43181133,937.08222735,
2026-06-10 23:53:00,1781135580,937.08222735,955.78557092,936.1721865,941.36839898,
2026-06-10 23:54:00,1781135640,941.36839898,941.36839898,920.41218793,933.5668862,
2026-06-10 23:55:00,1781135700,933.5668862,938.05586865,927.29808052,928.78261728,
2026-06-10 23:56:00,1781135760,928.78261728,930.25830342,915.1254649,919.53523702,
2026-06-10 23:57:00,1781135820,919.53523702,920.7823493,907.05704894,907.98577995,
2026-06-10 23:58:00,1781135880,907.98577995,914.14008845,906.90784064,912.6585944,
2026-06-10 23:59:00,1781135940,912.6585944,925.96264421,909.97752189,913.00643679,
2026-06-11 00:00:00,1781136000,913.00643679,948.40429603,913.00643679,945.83056983,
2026-06-11 00:01:00,1781136060,945.83056983,965.9811687,940.05175932,964.31346671,
2026-06-11 00:02:00,1781136120,964.31346671,986.72173178,963.52095336,969.06237879,
2026-06-11 00:03:00,1781136180,969.06237879,974.7223749,959.47227084,960.90127386,
2026-06-11 00:04:00,1781136240,960.90127386,978.53564643,938.13394148,944.16219386,
2026-06-11 00:05:00,1781136300,944.16219386,977.32813067,943.10331206,974.13843405,
2026-06-11 00:06:00,1781136360,974.13843405,981.9324513,951.7881814,973.067251,
2026-06-11 00:07:00,1781136420,973.067251,993.95489775,972.85959163,981.75587615,
2026-06-11 00:08:00,1781136480,981.75587615,981.75587615,954.09820368,969.0064083,
2026-06-11 00:09:00,1781136540,969.0064083,969.0064083,939.77954702,957.59793065,
2026-06-11 00:10:00,1781136600,957.59793065,970.0274909,945.08295483,954.46185876,
2026-06-11 00:11:00,1781136660,954.46185876,980.74453738,954.30715075,980.74232596,
2026-06-11 00:12:00,1781136720,980.74232596,981.46641042,960.20514682,981.38828993,
2026-06-11 00:13:00,1781136780,981.38828993,1001.24224065,980.50721721,988.08257282,
2026-06-11 00:14:00,1781136840,988.08257282,1000.04302838,980.19924111,995.2872213,
2026-06-11 00:15:00,1781136900,995.2872213,1049.23393143,995.2872213,1044.34170043,
2026-06-11 00:16:00,1781136960,1044.34170043,1084.65473516,1036.92918046,1070.78380095,
2026-06-11 00:17:00,1781137020,1070.78380095,1152.19302913,1069.63618209,1149.45867719,
2026-06-11 00:18:00,1781137080,1149.45867719,1149.45867719,1070.70790203,1086.3573709,
2026-06-11 00:19:00,1781137140,1086.3573709,1133.28710274,1085.58682173,1121.52406331,
2026-06-11 00:20:00,1781137200,1121.52406331,1148.04247929,1114.74070758,1138.04019973,
2026-06-11 00:21:00,1781137260,1138.04019973,1161.60844689,1126.91983444,1147.15076509,
2026-06-11 00:22:00,1781137320,1147.15076509,1148.34058713,1105.4639588,1109.35146349,
2026-06-11 00:23:00,1781137380,1109.35146349,1109.68502324,1071.97247124,1085.72007214,
2026-06-11 00:24:00,1781137440,1085.72007214,1091.8599994,1060.85422309,1091.8599994,
2026-06-11 00:25:00,1781137500,1091.8599994,1095.12652915,1072.18922719,1089.00903841,
2026-06-11 00:26:00,1781137560,1089.00903841,1098.09780379,1080.59493599,1096.34819322,
2026-06-11 00:27:00,1781137620,1096.34819322,1100.77635346,1062.68743228,1067.67962265,
2026-06-11 00:28:00,1781137680,1067.67962265,1100.7137949,1059.29922476,1100.7137949,
2026-06-11 00:29:00,1781137740,1100.7137949,1104.21032355,1089.10883154,1103.9323496,
2026-06-11 00:30:00,1781137800,1103.9323496,1110.10426673,1086.49329013,1090.38009183,
2026-06-11 00:31:00,1781137860,1090.38009183,1095.6709211,1075.11420394,1094.13242933,
2026-06-11 00:32:00,1781137920,1094.13242933,1102.88287747,1089.4685122,1096.27235417,
2026-06-11 00:33:00,1781137980,1096.27235417,1109.44178999,1076.40615275,1091.26393431,
2026-06-11 00:34:00,1781138040,1091.26393431,1104.05669847,1064.6971187,1064.6971187,
2026-06-11 00:35:00,1781138100,1064.6971187,1085.17876737,1059.2508286,1084.75545393,
2026-06-11 00:36:00,1781138160,1084.75545393,1084.9207123,1043.51139717,1050.22321715,
2026-06-11 00:37:00,1781138220,1050.22321715,1074.18804115,1046.33332035,1072.71813638,
2026-06-11 00:38:00,1781138280,1072.71813638,1076.06623463,1050.17745139,1055.62971013,
2026-06-11 00:39:00,1781138340,1055.62971013,1056.43378366,1039.70693931,1048.26788304,
2026-06-11 00:40:00,1781138400,1048.26788304,1053.75505416,1044.63069926,1050.63362343,
2026-06-11 00:41:00,1781138460,1050.63362343,1074.19184342,1045.96483851,1072.52259796,
2026-06-11 00:42:00,1781138520,1072.52259796,1102.86772803,1072.52259796,1095.28063522,
2026-06-11 00:43:00,1781138580,1095.28063522,1104.16680121,1075.13981384,1075.30407865,
2026-06-11 00:44:00,1781138640,1075.30407865,1075.53837374,1043.40849894,1044.3674293,
2026-06-11 00:45:00,1781138700,1044.3674293,1088.46506675,1044.3674293,1081.69947985,
2026-06-11 00:46:00,1781138760,1081.69947985,1116.40553062,1076.08664517,1115.50700191,
2026-06-11 00:47:00,1781138820,1115.50700191,1127.20304834,1085.52339711,1088.96652902,
2026-06-11 00:48:00,1781138880,1088.96652902,1116.98792894,1086.85817098,1116.26294264,
2026-06-11 00:49:00,1781138940,1116.26294264,1116.26294264,1103.57464203,1112.41547463,
2026-06-11 00:50:00,1781139000,1112.41547463,1112.41547463,1096.51214225,1103.16085646,
2026-06-11 00:51:00,1781139060,1103.16085646,1107.10247646,1081.08873118,1094.25494,
2026-06-11 00:52:00,1781139120,1094.25494,1120.88833132,1094.25494,1109.58541751,
2026-06-11 00:53:00,1781139180,1109.58541751,1111.27215345,1090.29100407,1091.27743983,
2026-06-11 00:54:00,1781139240,1091.27743983,1091.27743983,1058.46255689,1067.11318434,
2026-06-11 00:55:00,1781139300,1067.11318434,1084.1672996,1059.31815412,1077.88296373,
2026-06-11 00:56:00,1781139360,1077.88296373,1079.26623638,1063.2310614,1068.86393736,
2026-06-11 00:57:00,1781139420,1068.86393736,1074.92220523,1066.35271267,1073.11299952,
2026-06-11 00:58:00,1781139480,1073.11299952,1088.66541689,1071.37064155,1084.94974117,
2026-06-11 00:59:00,1781139540,1084.94974117,1097.85090431,1058.27807024,1058.59645942,
2026-06-11 01:00:00,1781139600,1058.59645942,1086.79520729,1058.10540428,1067.56578978,
2026-06-11 01:01:00,1781139660,1067.56578978,1115.64464698,1067.39981546,1114.02481553,
2026-06-11 01:02:00,1781139720,1114.02481553,1126.62838455,1106.89657728,1107.50646748,
2026-06-11 01:03:00,1781139780,1107.50646748,1117.77665693,1099.60074107,1106.56839707,
2026-06-11 01:04:00,1781139840,1106.56839707,1159.69088593,1103.83278691,1139.93050051,
2026-06-11 01:05:00,1781139900,1139.93050051,1168.65496546,1124.42804053,1157.17142596,
2026-06-11 01:06:00,1781139960,1157.17142596,1164.3233579,1137.80570429,1137.91128937,
2026-06-11 01:07:00,1781140020,1137.91128937,1137.91128937,1109.50986078,1125.43292805,
2026-06-11 01:08:00,1781140080,1125.43292805,1136.18842669,1113.17877511,1135.7898491,
2026-06-11 01:09:00,1781140140,1135.7898491,1140.87919908,1112.16831324,1117.1222953,
2026-06-11 01:10:00,1781140200,1117.1222953,1149.69842283,1117.1222953,1143.73138544,
2026-06-11 01:11:00,1781140260,1143.73138544,1153.5359042,1139.49405955,1145.87156452,
2026-06-11 01:12:00,1781140320,1145.87156452,1167.23063206,1141.8210859,1159.3840364,
2026-06-11 01:13:00,1781140380,1159.3840364,1218.66877478,1151.21650636,1213.88248387,
2026-06-11 01:14:00,1781140440,1213.88248387,1228.2732695,1181.56475818,1182.04204889,
2026-06-11 01:15:00,1781140500,1182.04204889,1212.20633989,1168.08471629,1184.13618554,
2026-06-11 01:16:00,1781140560,1184.13618554,1261.70389679,1179.31616534,1250.83964937,
2026-06-11 01:17:00,1781140620,1250.83964937,1255.7983526,1205.62081371,1228.20356145,
2026-06-11 01:18:00,1781140680,1228.20356145,1240.10609632,1215.9292863,1231.03152877,
2026-06-11 01:19:00,1781140740,1231.03152877,1288.27022099,1231.03152877,1279.61125038,
2026-06-11 01:20:00,1781140800,1279.61125038,1279.66763145,1232.82476499,1236.37551215,
2026-06-11 01:21:00,1781140860,1236.37551215,1270.09428122,1234.16629638,1262.10343861,
2026-06-11 01:22:00,1781140920,1262.10343861,1271.13398248,1225.52166283,1233.06136581,
2026-06-11 01:23:00,1781140980,1233.06136581,1271.45217648,1233.06136581,1269.92091116,
2026-06-11 01:24:00,1781141040,1269.92091116,1278.09126249,1256.93740693,1266.15895188,
2026-06-11 01:25:00,1781141100,1266.15895188,1279.37281496,1255.8474671,1271.69304441,
2026-06-11 01:26:00,1781141160,1271.69304441,1300.95245603,1256.52718126,1258.21219468,
2026-06-11 01:27:00,1781141220,1258.21219468,1263.29003085,1234.41010206,1261.86204916,
2026-06-11 01:28:00,1781141280,1261.86204916,1266.74332044,1251.33095217,1252.71432368,
2026-06-11 01:29:00,1781141340,1252.71432368,1270.21218863,1243.15309557,1269.04173729,
2026-06-11 01:30:00,1781141400,1269.04173729,1284.49195113,1263.76038211,1266.02131692,
2026-06-11 01:31:00,1781141460,1266.02131692,1266.02131692,1234.46182144,1236.55885707,
2026-06-11 01:32:00,1781141520,1236.55885707,1281.5576602,1236.55664765,1281.45464394,
2026-06-11 01:33:00,1781141580,1281.45464394,1282.90748692,1243.52093317,1248.50846531,
2026-06-11 01:34:00,1781141640,1248.50846531,1274.08297693,1247.78982661,1272.53508881,
2026-06-11 01:35:00,1781141700,1272.53508881,1272.53508881,1246.13628777,1257.9886606,
2026-06-11 01:36:00,1781141760,1257.9886606,1258.01525636,1226.03175317,1226.14552956,
2026-06-11 01:37:00,1781141820,1226.14552956,1239.35292008,1219.66431018,1230.68729195,
2026-06-11 01:38:00,1781141880,1230.68729195,1301.52688416,1230.55334952,1301.52688416,
2026-06-11 01:39:00,1781141940,1301.52688416,1332.4740992,1299.11080435,1318.61353387,
2026-06-11 01:40:00,1781142000,1318.61353387,1318.61353387,1301.02929007,1303.49538027,
2026-06-11 01:41:00,1781142060,1303.49538027,1389.47213894,1303.49538027,1385.15775335,
2026-06-11 01:42:00,1781142120,1385.15775335,1385.15775335,1336.56534434,1344.9457187,
2026-06-11 01:43:00,1781142180,1344.9457187,1360.35794009,1335.66012638,1347.33696145,
2026-06-11 01:44:00,1781142240,1347.33696145,1347.33696145,1310.07702542,1319.9894647,
2026-06-11 01:45:00,1781142300,1319.9894647,1323.02322234,1305.36958043,1305.49218184,
2026-06-11 01:46:00,1781142360,1305.49218184,1340.64335645,1302.30442951,1329.5504635,
2026-06-11 01:47:00,1781142420,1329.5504635,1343.43129026,1319.80163897,1322.67317705,
2026-06-11 01:48:00,1781142480,1322.67317705,1328.4445389,1300.92683701,1300.92683701,
2026-06-11 01:49:00,1781142540,1300.92683701,1336.06275321,1299.58023475,1324.12415224,
2026-06-11 01:50:00,1781142600,1324.12415224,1324.24789796,1285.20402412,1301.93601158,
2026-06-11 01:51:00,1781142660,1301.93601158,1333.27312934,1301.69093572,1324.9809157,
2026-06-11 01:52:00,1781142720,1324.9809157,1341.32952044,1310.97009141,1313.60705189,
2026-06-11 01:53:00,1781142780,1313.60705189,1325.75376881,1309.50424547,1315.59326692,
2026-06-11 01:54:00,1781142840,1315.59326692,1324.02849626,1288.77744914,1289.42982839,
2026-06-11 01:55:00,1781142900,1289.42982839,1289.54972088,1261.9713535,1266.32249188,
2026-06-11 01:56:00,1781142960,1266.32249188,1284.55316374,1263.25501674,1282.99431572,
2026-06-11 01:57:00,1781143020,1282.99431572,1297.45808374,1279.50159285,1297.45808374,
2026-06-11 01:58:00,1781143080,1297.45808374,1302.04740751,1287.00393021,1299.31364662,
2026-06-11 01:59:00,1781143140,1299.31364662,1317.07177529,1280.18137513,1281.71621437,
2026-06-11 02:00:00,1781143200,1281.71621437,1300.37250058,1281.71621437,1289.75722468,
2026-06-11 02:01:00,1781143260,1289.75722468,1305.57440539,1266.41836342,1305.57440539,
2026-06-11 02:02:00,1781143320,1305.57440539,1328.3871444,1286.80362513,1286.92333649,
2026-06-11 02:03:00,1781143380,1286.92333649,1300.3897287,1274.75503849,1295.07799795,
2026-06-11 02:04:00,1781143440,1295.07799795,1323.78374154,1291.83280479,1318.51105022,
2026-06-11 02:05:00,1781143500,1318.51105022,1323.39810395,1286.86486874,1293.62345128,
2026-06-11 02:06:00,1781143560,1293.62345128,1303.08287057,1266.94118465,1269.05578363,
2026-06-11 02:07:00,1781143620,1269.05578363,1271.57135257,1255.6207003,1258.66457687,
2026-06-11 02:08:00,1781143680,1258.66457687,1266.5084852,1245.90224922,1246.15960672,
2026-06-11 02:09:00,1781143740,1246.15960672,1257.70958082,1242.67253402,1255.01760624,
2026-06-11 02:10:00,1781143800,1255.01760624,1255.01760624,1235.59388929,1239.07230127,
2026-06-11 02:11:00,1781143860,1239.07230127,1241.46765749,1224.32058987,1225.01296254,
2026-06-11 02:12:00,1781143920,1225.01296254,1241.39680492,1217.0473705,1235.65828238,
2026-06-11 02:13:00,1781143980,1235.65828238,1252.75072178,1234.81191268,1244.33005287,
2026-06-11 02:14:00,1781144040,1244.33005287,1264.11187709,1236.16469246,1255.25841318,
2026-06-11 02:15:00,1781144100,1255.25841318,1271.99630144,1254.03431487,1262.01705742,
2026-06-11 02:16:00,1781144160,1262.01705742,1287.7277984,1235.22623778,1285.70730091,
2026-06-11 02:17:00,1781144220,1285.70730091,1309.0201519,1277.62232142,1308.75286829,
2026-06-11 02:18:00,1781144280,1308.75286829,1336.91709205,1305.40575392,1320.66606085,
2026-06-11 02:19:00,1781144340,1320.66606085,1337.54853878,1309.78016575,1330.11470223,
2026-06-11 02:20:00,1781144400,1330.11470223,1333.05064546,1276.69184663,1288.20434193,
2026-06-11 02:21:00,1781144460,1288.20434193,1288.20434193,1226.10395699,1230.45011101,
2026-06-11 02:22:00,1781144520,1230.45011101,1230.45011101,1191.92649508,1195.70704106,
2026-06-11 02:23:00,1781144580,1195.70704106,1218.06283386,1192.43544408,1201.91834521,
2026-06-11 02:24:00,1781144640,1201.91834521,1210.94267403,1192.87396158,1210.94267403,
2026-06-11 02:25:00,1781144700,1210.94267403,1214.63071799,1198.53973997,1204.64643288,
2026-06-11 02:26:00,1781144760,1204.64643288,1238.70345544,1198.49124821,1238.27904982,
2026-06-11 02:27:00,1781144820,1238.27904982,1245.91789348,1200.75617777,1200.75617777,
2026-06-11 02:28:00,1781144880,1200.75617777,1201.28335281,1186.04135157,1186.04135157,
2026-06-11 02:29:00,1781144940,1186.04135157,1186.30387051,1177.17877163,1185.59448933,
2026-06-11 02:30:00,1781145000,1185.59448933,1203.59201353,1174.08159147,1179.45573684,
2026-06-11 02:31:00,1781145060,1179.45573684,1185.62028937,1141.36427924,1141.65419831,
2026-06-11 02:32:00,1781145120,1141.65419831,1144.4246467,1130.08434803,1134.32745922,
2026-06-11 02:33:00,1781145180,1134.32745922,1157.19969409,1134.32745922,1149.48408637,
2026-06-11 02:34:00,1781145240,1149.48408637,1150.13652274,1115.98286479,1135.80397618,
2026-06-11 02:35:00,1781145300,1135.80397618,1154.69557179,1130.96990755,1146.4863645,
2026-06-11 02:36:00,1781145360,1146.4863645,1174.37967264,1146.4863645,1172.28095671,
2026-06-11 02:37:00,1781145420,1172.28095671,1186.52270617,1168.89985794,1170.77342305,
2026-06-11 02:38:00,1781145480,1170.77342305,1175.03578348,1160.61766469,1171.42828529,
2026-06-11 02:39:00,1781145540,1171.42828529,1198.13315105,1169.07943685,1181.13191821,
2026-06-11 02:40:00,1781145600,1181.13191821,1214.53741252,1180.26487093,1199.53502566,
2026-06-11 02:41:00,1781145660,1199.53502566,1203.98751667,1192.2850611,1202.4324569,
2026-06-11 02:42:00,1781145720,1202.4324569,1202.72738052,1177.16920757,1181.67950628,
2026-06-11 02:43:00,1781145780,1181.67950628,1202.43370109,1181.60977745,1198.43192824,
2026-06-11 02:44:00,1781145840,1198.43192824,1202.08281303,1185.18074161,1190.26575601,
2026-06-11 02:45:00,1781145900,1190.26575601,1191.71330971,1172.67555933,1184.59576502,
2026-06-11 02:46:00,1781145960,1184.59576502,1189.00886089,1163.33045009,1166.465485,
2026-06-11 02:47:00,1781146020,1166.465485,1174.89871706,1160.42629533,1164.41189499,
2026-06-11 02:48:00,1781146080,1164.41189499,1170.74572752,1157.04687294,1158.64618221,
2026-06-11 02:49:00,1781146140,1158.64618221,1159.44191185,1149.09298886,1154.91399099,
2026-06-11 02:50:00,1781146200,1154.91399099,1200.63317786,1154.44742878,1194.59006755,
2026-06-11 02:51:00,1781146260,1194.59006755,1212.69683357,1170.07305621,1171.95476487,
2026-06-11 02:52:00,1781146320,1171.95476487,1187.44964329,1171.95476487,1187.44964329,
2026-06-11 02:53:00,1781146380,1187.44964329,1207.65283884,1183.69699979,1200.412764,
2026-06-11 02:54:00,1781146440,1200.412764,1227.65093804,1195.68058246,1209.07890354,
2026-06-11 02:55:00,1781146500,1209.07890354,1236.39361509,1202.25077134,1207.91800327,
2026-06-11 02:56:00,1781146560,1207.91800327,1272.28393316,1207.91800327,1257.04223357,
2026-06-11 02:57:00,1781146620,1257.04223357,1281.9629872,1253.92236166,1272.68275593,
2026-06-11 02:58:00,1781146680,1272.68275593,1277.06054664,1257.89063227,1257.89063227,
2026-06-11 02:59:00,1781146740,1257.89063227,1257.89063227,1230.82715968,1233.41363364,
2026-06-11 03:00:00,1781146800,1233.41363364,1249.40456889,1230.2666137,1244.03578508,
2026-06-11 03:01:00,1781146860,1244.03578508,1259.61598776,1236.94973067,1249.12593241,
2026-06-11 03:02:00,1781146920,1249.12593241,1252.20792261,1229.01375404,1244.77883892,
2026-06-11 03:03:00,1781146980,1244.77883892,1252.41878032,1235.55190342,1239.90961701,
2026-06-11 03:04:00,1781147040,1239.90961701,1244.43914701,1233.91267836,1242.4870117,
2026-06-11 03:05:00,1781147100,1242.4870117,1252.61033053,1226.53702336,1228.98701189,
2026-06-11 03:06:00,1781147160,1228.98701189,1229.04699614,1180.65066499,1187.26510073,
2026-06-11 03:07:00,1781147220,1187.26510073,1209.81043874,1181.68329101,1202.6712399,
2026-06-11 03:08:00,1781147280,1202.6712399,1202.72835698,1185.48640475,1196.87186438,
2026-06-11 03:09:00,1781147340,1196.87186438,1221.07977449,1196.81052549,1210.50072616,
2026-06-11 03:10:00,1781147400,1210.50072616,1211.67186568,1193.02025496,1198.16691859,
2026-06-11 03:11:00,1781147460,1198.16691859,1202.47929645,1177.17219515,1184.88386685,
2026-06-11 03:12:00,1781147520,1184.88386685,1184.94261598,1150.26070906,1152.15497021,
2026-06-11 03:13:00,1781147580,1152.15497021,1173.34022633,1145.52661543,1173.34022633,
2026-06-11 03:14:00,1781147640,1173.34022633,1198.61757857,1172.3050034,1181.5866862,
2026-06-11 03:15:00,1781147700,1181.5866862,1192.99561285,1172.18527999,1192.13145047,
2026-06-11 03:16:00,1781147760,1192.13145047,1197.31737693,1181.9968247,1194.63130835,
2026-06-11 03:17:00,1781147820,1194.63130835,1222.06995561,1189.75512337,1203.76078589,
2026-06-11 03:18:00,1781147880,1203.76078589,1216.02972304,1202.51287605,1206.34223009,
2026-06-11 03:19:00,1781147940,1206.34223009,1207.57990977,1178.2106915,1178.28201575,
2026-06-11 03:20:00,1781148000,1178.28201575,1178.45548085,1158.33168546,1158.33168546,
2026-06-11 03:21:00,1781148060,1158.33168546,1184.05185923,1152.51338597,1182.89238646,
2026-06-11 03:22:00,1781148120,1182.89238646,1196.25090029,1167.94750541,1173.08752352,
2026-06-11 03:23:00,1781148180,1173.08752352,1181.25028392,1171.18881877,1178.56886095,
2026-06-11 03:24:00,1781148240,1178.56886095,1204.39943953,1178.08342704,1204.33792557,
2026-06-11 03:25:00,1781148300,1204.33792557,1210.08467795,1189.10547698,1209.87898126,
2026-06-11 03:26:00,1781148360,1209.87898126,1209.87898126,1194.28168928,1203.58399816,
2026-06-11 03:27:00,1781148420,1203.58399816,1214.6851933,1195.59085234,1209.7034158,
2026-06-11 03:28:00,1781148480,1209.7034158,1210.31920022,1205.37457363,1209.07405926,
2026-06-11 03:29:00,1781148540,1209.07405926,1212.64967393,1202.03347702,1209.15446728,
2026-06-11 03:30:00,1781148600,1209.15446728,1227.87010668,1206.5443717,1223.91552072,
2026-06-11 03:31:00,1781148660,1223.91552072,1269.06324657,1222.48246326,1268.81667639,
2026-06-11 03:32:00,1781148720,1268.81667639,1322.01300999,1263.71714745,1303.16030152,
2026-06-11 03:33:00,1781148780,1303.16030152,1426.67081002,1295.55402463,1420.23500709,
2026-06-11 03:34:00,1781148840,1420.23500709,1493.55017822,1398.18470795,1403.55519849,
2026-06-11 03:35:00,1781148900,1403.55519849,1447.92998986,1375.19472499,1412.66313256,
2026-06-11 03:36:00,1781148960,1412.66313256,1424.73914985,1357.27182249,1379.22749173,
2026-06-11 03:37:00,1781149020,1379.22749173,1397.05486597,1364.16376117,1393.07221178,
2026-06-11 03:38:00,1781149080,1393.07221178,1402.24605044,1376.98045648,1381.89406782,
2026-06-11 03:39:00,1781149140,1381.89406782,1400.0594473,1377.80129565,1377.80129565,
2026-06-11 03:40:00,1781149200,1377.80129565,1398.24674008,1367.90577166,1371.61269328,
2026-06-11 03:41:00,1781149260,1371.61269328,1391.32596784,1365.15505354,1391.32596784,
2026-06-11 03:42:00,1781149320,1391.32596784,1411.26613727,1378.61202333,1404.11309567,
2026-06-11 03:43:00,1781149380,1404.11309567,1410.30630876,1402.96405422,1407.42363988,
2026-06-11 03:44:00,1781149440,1407.42363988,1407.42363988,1375.8390305,1381.52627357,
2026-06-11 03:45:00,1781149500,1381.52627357,1435.44957739,1381.52627357,1413.18015057,
2026-06-11 03:46:00,1781149560,1413.18015057,1413.63348624,1391.285901,1394.38509051,
2026-06-11 03:47:00,1781149620,1394.38509051,1436.97086363,1381.57866012,1411.77152829,
2026-06-11 03:48:00,1781149680,1411.77152829,1445.98633365,1398.99499505,1413.30396202,
2026-06-11 03:49:00,1781149740,1413.30396202,1443.38341461,1407.04150581,1407.04150581,
2026-06-11 03:50:00,1781149800,1407.04150581,1449.32339556,1406.97523538,1442.5409794,
2026-06-11 03:51:00,1781149860,1442.5409794,1446.80506833,1431.03428241,1435.68809026,
2026-06-11 03:52:00,1781149920,1435.68809026,1467.17366705,1416.97107853,1443.2932036,
2026-06-11 03:53:00,1781149980,1443.2932036,1469.66856897,1430.82621046,1457.89835243,
2026-06-11 03:54:00,1781150040,1457.89835243,1457.89835243,1444.9951041,1449.46401733,
2026-06-11 03:55:00,1781150100,1449.46401733,1614.54662298,1443.96412085,1606.28692045,
2026-06-11 03:56:00,1781150160,1606.28692045,1689.64082625,1577.98760797,1619.37089344,
2026-06-11 03:57:00,1781150220,1619.37089344,1653.36877692,1616.64302911,1646.84450573,
2026-06-11 03:58:00,1781150280,1646.84450573,1680.3459439,1620.5299735,1627.21478521,
2026-06-11 03:59:00,1781150340,1627.21478521,1642.19575151,1598.44966754,1598.44966754,
2026-06-11 04:00:00,1781150400,1598.44966754,1612.51663678,1573.57101328,1573.63868705,
2026-06-11 04:01:00,1781150460,1573.63868705,1575.52984996,1529.27915374,1536.16196628,
2026-06-11 04:02:00,1781150520,1536.16196628,1593.04505731,1536.15978894,1568.5607907,
2026-06-11 04:03:00,1781150580,1568.5607907,1568.5607907,1535.34586766,1555.592051,
2026-06-11 04:04:00,1781150640,1555.592051,1586.90846749,1555.52260879,1563.80083642,
2026-06-11 04:05:00,1781150700,1563.80083642,1563.80083642,1536.15267788,1550.14089641,
2026-06-11 04:06:00,1781150760,1550.14089641,1557.20278681,1522.17126641,1528.90214274,
2026-06-11 04:07:00,1781150820,1528.90214274,1545.43032157,1525.87548398,1534.85629381,
2026-06-11 04:08:00,1781150880,1534.85629381,1559.60673775,1534.85629381,1557.67439954,
2026-06-11 04:09:00,1781150940,1557.67439954,1560.84430877,1533.68104475,1555.44393921,
2026-06-11 04:10:00,1781151000,1555.44393921,1584.64685038,1517.4634963,1571.50308836,
2026-06-11 04:11:00,1781151060,1571.50308836,1594.72881929,1550.81540627,1591.83811382,
2026-06-11 04:12:00,1781151120,1591.83811382,1611.93868207,1580.09858963,1603.10249664,
2026-06-11 04:13:00,1781151180,1603.10249664,1632.82732003,1592.07936459,1613.2154871,
2026-06-11 04:14:00,1781151240,1613.2154871,1618.0834423,1581.89609272,1581.89609272,
2026-06-11 04:15:00,1781151300,1581.89609272,1585.24279926,1562.96196548,1582.11473168,
2026-06-11 04:16:00,1781151360,1582.11473168,1612.48947622,1558.26007303,1558.82643233,
2026-06-11 04:17:00,1781151420,1558.82643233,1570.818476,1552.97285928,1565.42272286,
2026-06-11 04:18:00,1781151480,1565.42272286,1569.80091882,1539.23646919,1545.38940225,
2026-06-11 04:19:00,1781151540,1545.38940225,1573.92657997,1544.26491984,1573.78642677,
2026-06-11 04:20:00,1781151600,1573.78642677,1608.66927842,1560.1651147,1600.83703532,
2026-06-11 04:21:00,1781151660,1600.83703532,1607.45939652,1556.80415337,1558.50419442,
2026-06-11 04:22:00,1781151720,1558.50419442,1561.5475765,1538.68767324,1552.39083013,
2026-06-11 04:23:00,1781151780,1552.39083013,1564.67540917,1541.88043848,1557.86304077,
2026-06-11 04:24:00,1781151840,1557.86304077,1575.24933744,1544.4282519,1548.11495365,
2026-06-11 04:25:00,1781151900,1548.11495365,1552.38603698,1532.51660423,1544.61513467,
2026-06-11 04:26:00,1781151960,1544.61513467,1563.97299641,1544.21148815,1557.50384144,
2026-06-11 04:27:00,1781152020,1557.50384144,1557.50384144,1535.43512159,1540.57111372,
2026-06-11 04:28:00,1781152080,1540.57111372,1547.83819641,1533.33398848,1540.29048433,
2026-06-11 04:29:00,1781152140,1540.29048433,1551.845585,1539.38273454,1545.96266619,
2026-06-11 04:30:00,1781152200,1545.96266619,1564.22496045,1543.36907291,1558.35074502,
2026-06-11 04:31:00,1781152260,1558.35074502,1567.26536452,1543.28356124,1543.41168844,
2026-06-11 04:32:00,1781152320,1543.41168844,1544.18895211,1524.92936085,1538.95300108,
2026-06-11 04:33:00,1781152380,1538.95300108,1544.63272433,1511.14185354,1511.9588142,
2026-06-11 04:34:00,1781152440,1511.9588142,1520.62049797,1490.44318697,1498.9833526,
2026-06-11 04:35:00,1781152500,1498.9833526,1520.26568372,1495.00479919,1513.71899816,
2026-06-11 04:36:00,1781152560,1513.71899816,1534.4347193,1508.08680595,1531.61096034,
2026-06-11 04:37:00,1781152620,1531.61096034,1533.1220685,1516.81634305,1527.0662827,
2026-06-11 04:38:00,1781152680,1527.0662827,1581.26128728,1527.0662827,1572.91297434,
2026-06-11 04:39:00,1781152740,1572.91297434,1590.93516974,1567.481214,1590.6557476,
2026-06-11 04:40:00,1781152800,1590.6557476,1602.96791973,1562.15269946,1579.79703623,
2026-06-11 04:41:00,1781152860,1579.79703623,1580.15777834,1554.59783114,1560.86711858,
2026-06-11 04:42:00,1781152920,1560.86711858,1570.52965403,1557.64393408,1557.64393408,
2026-06-11 04:43:00,1781152980,1557.64393408,1561.81026757,1547.57805496,1559.36061732,
2026-06-11 04:44:00,1781153040,1559.36061732,1581.88242815,1559.35626676,1573.07653451,
2026-06-11 04:45:00,1781153100,1573.07653451,1602.63262902,1573.07653451,1599.2647419,
2026-06-11 04:46:00,1781153160,1599.2647419,1606.40853003,1595.84387077,1602.42049042,
2026-06-11 04:47:00,1781153220,1602.42049042,1655.12600424,1601.78443009,1645.8875828,
2026-06-11 04:48:00,1781153280,1645.8875828,1646.02645767,1609.23001163,1642.36287024,
2026-06-11 04:49:00,1781153340,1642.36287024,1665.11344334,1636.3280502,1654.30312656,
2026-06-11 04:50:00,1781153400,1654.30312656,1697.46041049,1653.81352446,1696.75234953,
2026-06-11 04:51:00,1781153460,1696.75234953,1699.6967668,1667.17332317,1667.24333606,
2026-06-11 04:52:00,1781153520,1667.24333606,1711.0305306,1667.24333606,1682.52238949,
2026-06-11 04:53:00,1781153580,1682.52238949,1688.4898528,1662.17938154,1672.78268617,
2026-06-11 04:54:00,1781153640,1672.78268617,1687.44649044,1661.47049509,1684.4641726,
2026-06-11 04:55:00,1781153700,1684.4641726,1691.11166502,1656.9615501,1659.1901938,
2026-06-11 04:56:00,1781153760,1659.1901938,1666.44183852,1649.58910324,1650.14461542,
2026-06-11 04:57:00,1781153820,1650.14461542,1651.57187295,1631.742702,1638.06840924,
2026-06-11 04:58:00,1781153880,1638.06840924,1638.06840924,1586.16236739,1591.14760633,
2026-06-11 04:59:00,1781153940,1591.14760633,1619.32847572,1586.52385096,1607.23082371,
2026-06-11 05:00:00,1781154000,1607.23082371,1609.71372786,1534.24845022,1541.83844865,
2026-06-11 05:01:00,1781154060,1541.83844865,1548.25530199,1523.41142093,1524.21556802,
2026-06-11 05:02:00,1781154120,1524.21556802,1546.70787245,1511.95247236,1527.9683309,
2026-06-11 05:03:00,1781154180,1527.9683309,1534.23608785,1510.06305979,1521.83811253,
2026-06-11 05:04:00,1781154240,1521.83811253,1523.40373636,1509.25713753,1512.13512616,
2026-06-11 05:05:00,1781154300,1512.13512616,1512.6160272,1499.96904708,1509.06574862,
2026-06-11 05:06:00,1781154360,1509.06574862,1514.82169111,1490.02825961,1492.29803991,
2026-06-11 05:07:00,1781154420,1492.29803991,1518.54973603,1491.69703264,1507.930961,
2026-06-11 05:08:00,1781154480,1507.930961,1522.99162801,1507.92879331,1516.3463513,
2026-06-11 05:09:00,1781154540,1516.3463513,1534.40554944,1513.88684335,1531.75830931,
2026-06-11 05:10:00,1781154600,1531.75830931,1546.25859108,1518.37286622,1520.37348839,
2026-06-11 05:11:00,1781154660,1520.37348839,1523.4116696,1506.9760508,1510.44913259,
2026-06-11 05:12:00,1781154720,1510.44913259,1538.24144477,1508.99223892,1527.43934622,
2026-06-11 05:13:00,1781154780,1527.43934622,1531.47292396,1509.47383983,1510.88126746,
2026-06-11 05:14:00,1781154840,1510.88126746,1533.68830116,1510.14148634,1530.82964813,
2026-06-11 05:15:00,1781154900,1530.82964813,1551.74910337,1520.10629483,1542.76194877,
2026-06-11 05:16:00,1781154960,1542.76194877,1577.08969727,1542.76194877,1567.53785023,
2026-06-11 05:17:00,1781155020,1567.53785023,1589.49338713,1562.34148369,1570.79847072,
2026-06-11 05:18:00,1781155080,1570.79847072,1573.01971765,1531.74859341,1531.74859341,
2026-06-11 05:19:00,1781155140,1531.74859341,1563.70187878,1528.06447762,1533.83384351,
2026-06-11 05:20:00,1781155200,1533.83384351,1554.71894157,1528.30475474,1554.57783404,
2026-06-11 05:21:00,1781155260,1554.57783404,1585.31685486,1553.73366269,1583.79330219,
2026-06-11 05:22:00,1781155320,1583.79330219,1591.58972257,1566.12978029,1591.58763717,
2026-06-11 05:23:00,1781155380,1591.58763717,1596.72134763,1556.57366983,1556.57366983,
2026-06-11 05:24:00,1781155440,1556.57366983,1578.91292401,1553.02552712,1561.42404008,
2026-06-11 05:25:00,1781155500,1561.42404008,1563.74090338,1535.7406349,1552.64068309,
2026-06-11 05:26:00,1781155560,1552.64068309,1562.63366155,1529.9759355,1540.56025096,
2026-06-11 05:27:00,1781155620,1540.56025096,1547.3736965,1509.39443348,1509.39443348,
2026-06-11 05:28:00,1781155680,1509.39443348,1512.70237931,1492.97684343,1512.39080779,
2026-06-11 05:29:00,1781155740,1512.39080779,1531.75706743,1512.09706804,1527.53546612,
2026-06-11 05:30:00,1781155800,1527.53546612,1542.01820211,1519.46107411,1525.30615244,
2026-06-11 05:31:00,1781155860,1525.30615244,1526.60732537,1500.31111636,1508.22894603,
2026-06-11 05:32:00,1781155920,1508.22894603,1555.50709022,1508.22681684,1550.91500473,
2026-06-11 05:33:00,1781155980,1550.91500473,1564.97134204,1532.41664018,1543.70331357,
2026-06-11 05:34:00,1781156040,1543.70331357,1549.04491082,1531.93361561,1536.0565179,
2026-06-11 05:35:00,1781156100,1536.0565179,1541.14724467,1510.25585301,1517.48293841,
2026-06-11 05:36:00,1781156160,1517.48293841,1561.68624749,1510.78212799,1546.65937104,
2026-06-11 05:37:00,1781156220,1546.65937104,1556.59203014,1538.01221332,1548.9091165,
2026-06-11 05:38:00,1781156280,1548.9091165,1561.14060848,1544.82451079,1556.45305671,
2026-06-11 05:39:00,1781156340,1556.45305671,1557.68839208,1524.76052141,1525.16774798,
2026-06-11 05:40:00,1781156400,1525.16774798,1537.0774952,1521.34166905,1530.84858983,
2026-06-11 05:41:00,1781156460,1530.84858983,1551.22382288,1525.78863297,1551.22170735,
2026-06-11 05:42:00,1781156520,1551.22170735,1560.48017512,1546.39566814,1553.4751789,
2026-06-11 05:43:00,1781156580,1553.4751789,1578.92618647,1553.199007,1564.08261691,
2026-06-11 05:44:00,1781156640,1564.08261691,1578.93509409,1554.30509733,1575.18938365,
2026-06-11 05:45:00,1781156700,1575.18938365,1583.51360843,1571.03491356,1573.94842989,
2026-06-11 05:46:00,1781156760,1573.94842989,1578.84344458,1562.61536667,1568.8707728,
2026-06-11 05:47:00,1781156820,1568.8707728,1570.93669144,1542.90293836,1543.24513349,
2026-06-11 05:48:00,1781156880,1543.24513349,1549.08463755,1524.08607878,1540.26917293,
2026-06-11 05:49:00,1781156940,1540.26917293,1550.74974265,1533.68496996,1537.43275127,
2026-06-11 05:50:00,1781157000,1537.43275127,1548.6589297,1521.10669268,1527.54683478,
2026-06-11 05:51:00,1781157060,1527.54683478,1551.75983646,1519.22359954,1528.22277617,
2026-06-11 05:52:00,1781157120,1528.22277617,1530.32033295,1517.29961226,1526.00943572,
2026-06-11 05:53:00,1781157180,1526.00943572,1564.17010392,1525.93928122,1563.02341178,
2026-06-11 05:54:00,1781157240,1563.02341178,1563.09234169,1523.47792477,1529.80285141,
2026-06-11 05:55:00,1781157300,1529.80285141,1566.46612099,1529.46029578,1558.90503068,
2026-06-11 05:56:00,1781157360,1558.90503068,1575.30066847,1537.01673586,1543.47696998,
2026-06-11 05:57:00,1781157420,1543.47696998,1558.18927229,1535.75510687,1554.86484948,
2026-06-11 05:58:00,1781157480,1554.86484948,1560.5047359,1533.40793847,1533.51726296,
2026-06-11 05:59:00,1781157540,1533.51726296,1533.65392613,1498.94196398,1509.62513599,
2026-06-11 06:00:00,1781157600,1509.62513599,1520.21111646,1498.7871318,1511.94909901,
2026-06-11 06:01:00,1781157660,1511.94909901,1520.85944357,1496.47658753,1505.79284256,
2026-06-11 06:02:00,1781157720,1505.79284256,1506.94537672,1495.75453479,1496.92370895,
2026-06-11 06:03:00,1781157780,1496.92370895,1519.13173246,1496.92370895,1514.63442307,
2026-06-11 06:04:00,1781157840,1514.63442307,1514.63442307,1463.37838317,1463.37838317,
2026-06-11 06:05:00,1781157900,1463.37838317,1498.36051643,1457.57198257,1485.11055213,
2026-06-11 06:06:00,1781157960,1485.11055213,1487.86848743,1463.63505978,1482.21385097,
2026-06-11 06:07:00,1781158020,1482.21385097,1497.85005888,1476.38110403,1478.88399363,
2026-06-11 06:08:00,1781158080,1478.88399363,1527.26568431,1478.18618342,1524.44931139,
2026-06-11 06:09:00,1781158140,1524.44931139,1548.54614584,1521.48844134,1538.77400123,
2026-06-11 06:10:00,1781158200,1538.77400123,1553.84416335,1530.27259555,1547.9983436,
2026-06-11 06:11:00,1781158260,1547.9983436,1579.96405903,1538.32151508,1571.81485077,
2026-06-11 06:12:00,1781158320,1571.81485077,1631.06400537,1569.39804021,1631.06400537,
2026-06-11 06:13:00,1781158380,1631.06400537,1643.24055493,1604.90855395,1618.03172134,
2026-06-11 06:14:00,1781158440,1618.03172134,1625.3195591,1611.96679179,1617.2168658,
2026-06-11 06:15:00,1781158500,1617.2168658,1666.25789915,1616.9946325,1652.05212917,
2026-06-11 06:16:00,1781158560,1652.05212917,1692.16082374,1644.10001407,1646.86614416,
2026-06-11 06:17:00,1781158620,1646.86614416,1648.0885855,1628.13700509,1642.72553789,
2026-06-11 06:18:00,1781158680,1642.72553789,1642.72553789,1587.57548259,1592.73105981,
2026-06-11 06:19:00,1781158740,1592.73105981,1622.67599456,1590.23274933,1610.91432786,
2026-06-11 06:20:00,1781158800,1610.91432786,1667.32412506,1610.91227477,1664.31656466,
2026-06-11 06:21:00,1781158860,1664.31656466,1760.10924357,1663.95692096,1723.42278582,
2026-06-11 06:22:00,1781158920,1723.42278582,1723.42278582,1692.36606715,1700.19251085,
2026-06-11 06:23:00,1781158980,1700.19251085,1744.67719401,1688.69128613,1731.53062934,
2026-06-11 06:24:00,1781159040,1731.53062934,1771.3552082,1712.22890491,1760.51729787,
2026-06-11 06:25:00,1781159100,1760.51729787,1773.59884205,1716.20280427,1716.34772565,
2026-06-11 06:26:00,1781159160,1716.34772565,1727.48743684,1680.15521507,1689.85572889,
2026-06-11 06:27:00,1781159220,1689.85572889,1707.57991359,1670.2089464,1679.17631437,
2026-06-11 06:28:00,1781159280,1679.17631437,1688.55618522,1671.47731503,1680.38052679,
2026-06-11 06:29:00,1781159340,1680.38052679,1690.74030333,1664.6496213,1682.36770385,
2026-06-11 06:30:00,1781159400,1682.36770385,1692.51611582,1666.23664973,1666.7421911,
2026-06-11 06:31:00,1781159460,1666.7421911,1705.2798797,1666.66652307,1703.95485196,
2026-06-11 06:32:00,1781159520,1703.95485196,1733.69402437,1701.99242936,1721.43488913,
2026-06-11 06:33:00,1781159580,1721.43488913,1724.96113302,1701.52475751,1722.66343934,
2026-06-11 06:34:00,1781159640,1722.66343934,1750.21746006,1715.25839858,1738.62305319,
2026-06-11 06:35:00,1781159700,1738.62305319,1739.05636976,1718.6438063,1726.32203299,
2026-06-11 06:36:00,1781159760,1726.32203299,1765.89087524,1721.06045112,1755.59970859,
2026-06-11 06:37:00,1781159820,1755.59970859,1764.62132453,1735.86668252,1749.98622481,
2026-06-11 06:38:00,1781159880,1749.98622481,1755.64445182,1738.65755285,1754.24774226,
2026-06-11 06:39:00,1781159940,1754.24774226,1754.24774226,1745.43497907,1747.35723746,
2026-06-11 06:40:00,1781160000,1747.35723746,1755.00500458,1746.10455918,1746.82678024,
2026-06-11 06:41:00,1781160060,1746.82678024,1765.56309026,1702.64766423,1763.02822982,
2026-06-11 06:42:00,1781160120,1763.02822982,1763.02822982,1730.25739846,1734.50388993,
2026-06-11 06:43:00,1781160180,1734.50388993,1736.86869472,1708.86318155,1711.82897925,
2026-06-11 06:44:00,1781160240,1711.82897925,1737.86964871,1711.82302993,1737.79456711,
2026-06-11 06:45:00,1781160300,1737.79456711,1741.90310891,1707.53396396,1708.52061404,
2026-06-11 06:46:00,1781160360,1708.52061404,1709.74665007,1674.15832151,1684.92004085,
2026-06-11 06:47:00,1781160420,1684.92004085,1685.05985985,1663.45911738,1668.08304468,
2026-06-11 06:48:00,1781160480,1668.08304468,1672.01863171,1655.53691859,1670.53783446,
2026-06-11 06:49:00,1781160540,1670.53783446,1671.05959802,1632.53861426,1636.04257395,
2026-06-11 06:50:00,1781160600,1636.04257395,1646.4749317,1629.02910345,1641.04233878,
2026-06-11 06:51:00,1781160660,1641.04233878,1645.42859104,1635.47552152,1644.77127428,
2026-06-11 06:52:00,1781160720,1644.77127428,1647.72556457,1628.48824297,1630.76017618,
2026-06-11 06:53:00,1781160780,1630.76017618,1630.86044506,1616.03257607,1621.58750779,
2026-06-11 06:54:00,1781160840,1621.58750779,1637.62956309,1613.17349842,1637.50733476,
2026-06-11 06:55:00,1781160900,1637.50733476,1637.50733476,1586.71732709,1599.53011547,
2026-06-11 06:56:00,1781160960,1599.53011547,1606.90876883,1589.71419336,1590.51753332,
2026-06-11 06:57:00,1781161020,1590.51753332,1608.62683242,1590.37661111,1599.7350556,
2026-06-11 06:58:00,1781161080,1599.7350556,1620.39611503,1598.59571868,1604.43935886,
2026-06-11 06:59:00,1781161140,1604.43935886,1607.01068697,1594.24498523,1594.24498523,
2026-06-11 07:00:00,1781161200,1594.24498523,1599.77873032,1584.19002965,1586.92997092,
2026-06-11 07:01:00,1781161260,1586.92997092,1601.36661825,1577.09851541,1596.34587248,
2026-06-11 07:02:00,1781161320,1596.34587248,1610.84942017,1544.31277615,1544.31277615,
2026-06-11 07:03:00,1781161380,1544.31277615,1560.0033929,1527.72917987,1541.11532159,
2026-06-11 07:04:00,1781161440,1541.11532159,1549.45700267,1525.21428415,1525.35217347,
2026-06-11 07:05:00,1781161500,1525.35217347,1539.00074262,1523.92778566,1529.0454982,
2026-06-11 07:06:00,1781161560,1529.0454982,1540.77885341,1522.72638081,1525.62095369,
2026-06-11 07:07:00,1781161620,1525.62095369,1530.44322111,1495.8235116,1506.63312545,
2026-06-11 07:08:00,1781161680,1506.63312545,1526.28590406,1506.63312545,1526.28590406,
2026-06-11 07:09:00,1781161740,1526.28590406,1530.50673836,1511.94521072,1524.64415711,
2026-06-11 07:10:00,1781161800,1524.64415711,1543.7637492,1514.64714942,1539.84565415,
2026-06-11 07:11:00,1781161860,1539.84565415,1559.84114025,1534.81911397,1540.17433853,
2026-06-11 07:12:00,1781161920,1540.17433853,1542.87100259,1513.31505055,1515.62955057,
2026-06-11 07:13:00,1781161980,1515.62955057,1535.96786534,1497.83073448,1523.86260622,
2026-06-11 07:14:00,1781162040,1523.86260622,1542.84659396,1523.79206913,1531.01075542,
2026-06-11 07:15:00,1781162100,1531.01075542,1540.72997173,1523.35841739,1537.18786993,
2026-06-11 07:16:00,1781162160,1537.18786993,1555.20505554,1521.35020586,1551.49277967,
2026-06-11 07:17:00,1781162220,1551.49277967,1560.65362953,1544.28004132,1554.12291891,
2026-06-11 07:18:00,1781162280,1554.12291891,1582.21543705,1551.24184378,1567.25420798,
2026-06-11 07:19:00,1781162340,1567.25420798,1568.69004141,1554.00093618,1558.39590429,
2026-06-11 07:20:00,1781162400,1558.39590429,1599.07916157,1556.44883893,1598.37878791,
2026-06-11 07:21:00,1781162460,1598.37878791,1626.56983201,1597.38887618,1626.56983201,
2026-06-11 07:22:00,1781162520,1626.56983201,1639.86756733,1602.31028772,1611.48599475,
2026-06-11 07:23:00,1781162580,1611.48599475,1611.48599475,1586.57086647,1593.59675345,
2026-06-11 07:24:00,1781162640,1593.59675345,1626.79485222,1588.62903525,1626.72469713,
2026-06-11 07:25:00,1781162700,1626.72469713,1628.61940693,1599.40182169,1601.96753439,
2026-06-11 07:26:00,1781162760,1601.96753439,1611.57461943,1597.71653281,1605.68891626,
2026-06-11 07:27:00,1781162820,1605.68891626,1626.47226944,1605.6845975,1614.64984593,
2026-06-11 07:28:00,1781162880,1614.64984593,1622.40566396,1610.97423001,1620.30933249,
2026-06-11 07:29:00,1781162940,1620.30933249,1642.95345303,1614.29986085,1642.76382951,
2026-06-11 07:30:00,1781163000,1642.76382951,1680.00894522,1642.76168682,1648.5963837,
2026-06-11 07:31:00,1781163060,1648.5963837,1648.5963837,1605.92395152,1610.97829847,
2026-06-11 07:32:00,1781163120,1610.97829847,1615.36024136,1608.59432064,1613.79754957,
2026-06-11 07:33:00,1781163180,1613.79754957,1633.9490092,1613.79754957,1619.95147374,
2026-06-11 07:34:00,1781163240,1619.95147374,1621.51171631,1594.38294071,1596.87681345,
2026-06-11 07:35:00,1781163300,1596.87681345,1609.61973698,1591.16882745,1604.77845087,
2026-06-11 07:36:00,1781163360,1604.77845087,1619.3894207,1591.575328,1594.14570428,
2026-06-11 07:37:00,1781163420,1594.14570428,1604.48511957,1586.65238292,1590.63122497,
2026-06-11 07:38:00,1781163480,1590.63122497,1590.63122497,1556.34491924,1558.53211397,
2026-06-11 07:39:00,1781163540,1558.53211397,1558.93288919,1537.56348244,1537.83384449,
2026-06-11 07:40:00,1781163600,1537.83384449,1537.83384449,1518.7487951,1522.19776691,
2026-06-11 07:41:00,1781163660,1522.19776691,1553.41485615,1521.85552571,1548.25886838,
2026-06-11 07:42:00,1781163720,1548.25886838,1574.2547308,1547.91800402,1565.9320017,
2026-06-11 07:43:00,1781163780,1565.9320017,1577.94955689,1551.64440358,1572.65836638,
2026-06-11 07:44:00,1781163840,1572.65836638,1573.23027565,1547.31471596,1562.32373546,
2026-06-11 07:45:00,1781163900,1562.32373546,1580.47089671,1561.63700524,1576.1351454,
2026-06-11 07:46:00,1781163960,1576.1351454,1588.73150217,1575.27520337,1588.03739896,
2026-06-11 07:47:00,1781164020,1588.03739896,1618.6288162,1587.34353697,1600.14897446,
2026-06-11 07:48:00,1781164080,1600.14897446,1607.81186915,1590.85399757,1593.45385526,
2026-06-11 07:49:00,1781164140,1593.45385526,1606.37217175,1592.45978002,1595.73666076,
2026-06-11 07:50:00,1781164200,1595.73666076,1603.17817423,1593.4628504,1597.83204439,
2026-06-11 07:51:00,1781164260,1597.83204439,1604.26103043,1579.94399622,1582.58835602,
2026-06-11 07:52:00,1781164320,1582.58835602,1582.58835602,1571.50200429,1574.52547608,
2026-06-11 07:53:00,1781164380,1574.52547608,1596.56385684,1573.42138121,1578.32844944,
2026-06-11 07:54:00,1781164440,1578.32844944,1589.49568366,1572.8835116,1584.67115189,
2026-06-11 07:55:00,1781164500,1584.67115189,1603.24476155,1582.8653424,1599.5968544,
2026-06-11 07:56:00,1781164560,1599.5968544,1606.88950761,1593.00347149,1600.38433191,
2026-06-11 07:57:00,1781164620,1600.38433191,1610.69478239,1599.62463245,1603.96015203,
2026-06-11 07:58:00,1781164680,1603.96015203,1606.44085487,1593.60198349,1593.67101814,
2026-06-11 07:59:00,1781164740,1593.67101814,1597.91076995,1590.63656331,1593.9205483,
2026-06-11 08:00:00,1781164800,1593.9205483,1633.67838457,1593.5802513,1625.11205137,
2026-06-11 08:01:00,1781164860,1625.11205137,1637.14633145,1598.84972302,1616.68021108,
2026-06-11 08:02:00,1781164920,1616.68021108,1645.36626292,1613.06127982,1629.68168771,
2026-06-11 08:03:00,1781164980,1629.68168771,1644.60342337,1625.71603792,1632.06386333,
2026-06-11 08:04:00,1781165040,1632.06386333,1633.23944373,1614.7079615,1615.32305497,
2026-06-11 08:05:00,1781165100,1615.32305497,1631.76007133,1614.40158499,1626.56835458,
2026-06-11 08:06:00,1781165160,1626.56835458,1644.69353582,1625.1031879,1643.70841872,
2026-06-11 08:07:00,1781165220,1643.70841872,1643.70841872,1627.17845588,1632.74191411,
2026-06-11 08:08:00,1781165280,1632.74191411,1641.20607635,1625.48349148,1640.85302164,
2026-06-11 08:09:00,1781165340,1640.85302164,1667.59975433,1635.66581624,1646.40362524,
2026-06-11 08:10:00,1781165400,1646.40362524,1658.94576379,1645.2135479,1648.0473681,
2026-06-11 08:11:00,1781165460,1648.0473681,1664.07469595,1641.40723875,1641.47528351,
2026-06-11 08:12:00,1781165520,1641.47528351,1651.84370051,1641.47310345,1647.28226599,
2026-06-11 08:13:00,1781165580,1647.28226599,1703.71571367,1647.20752837,1701.70547205,
2026-06-11 08:14:00,1781165640,1701.70547205,1701.70547205,1658.45748208,1672.5657965,
2026-06-11 08:15:00,1781165700,1672.5657965,1673.21442302,1662.16344054,1663.89877577,
2026-06-11 08:16:00,1781165760,1663.89877577,1663.89877577,1649.64068308,1653.77218035,
2026-06-11 08:17:00,1781165820,1653.77218035,1673.58735793,1653.77218035,1659.47509879,
2026-06-11 08:18:00,1781165880,1659.47509879,1686.68624592,1659.47509879,1683.1751932,
2026-06-11 08:19:00,1781165940,1683.1751932,1683.31497272,1669.39857374,1671.68321431,
2026-06-11 08:20:00,1781166000,1671.68321431,1671.68321431,1662.02694433,1664.35211197,
2026-06-11 08:21:00,1781166060,1664.35211197,1674.04147703,1664.27939064,1667.78437407,
2026-06-11 08:22:00,1781166120,1667.78437407,1706.24997273,1667.78218923,1702.57084088,
2026-06-11 08:23:00,1781166180,1702.57084088,1742.41722525,1702.49731983,1740.154006,
2026-06-11 08:24:00,1781166240,1740.154006,1752.26653468,1725.08200305,1745.51036355,
2026-06-11 08:25:00,1781166300,1745.51036355,1746.65851179,1725.46836586,1736.68215931,
2026-06-11 08:26:00,1781166360,1736.68215931,1748.84662689,1734.00788069,1737.49994429,
2026-06-11 08:27:00,1781166420,1737.49994429,1756.25180349,1734.39129829,1749.00384373,
2026-06-11 08:28:00,1781166480,1749.00384373,1775.08601122,1745.9093111,1767.08288697,
2026-06-11 08:29:00,1781166540,1767.08288697,1770.85389959,1762.35690139,1770.23644341,
2026-06-11 08:30:00,1781166600,1770.23644341,1778.3332203,1762.54428322,1764.63689634,
2026-06-11 08:31:00,1781166660,1764.63689634,1764.92346223,1748.13707972,1755.95598041,
2026-06-11 08:32:00,1781166720,1755.95598041,1773.01399943,1752.07847078,1756.19985045,
2026-06-11 08:33:00,1781166780,1756.19985045,1770.43972729,1755.83918648,1767.60758585,
2026-06-11 08:34:00,1781166840,1767.60758585,1773.50846804,1760.0532908,1763.08965482,
2026-06-11 08:35:00,1781166900,1763.08965482,1768.63477491,1756.87331,1763.01872728,
2026-06-11 08:36:00,1781166960,1763.01872728,1763.66239661,1756.16810676,1756.46914856,
2026-06-11 08:37:00,1781167020,1756.46914856,1769.6700438,1756.39056401,1763.41895891,
2026-06-11 08:38:00,1781167080,1763.41895891,1763.41895891,1756.50923924,1758.6239503,
2026-06-11 08:39:00,1781167140,1758.6239503,1794.10150514,1751.68968292,1784.50060559,
2026-06-11 08:40:00,1781167200,1784.50060559,1784.50060559,1769.79089924,1772.55054872,
2026-06-11 08:41:00,1781167260,1772.55054872,1773.15526253,1756.83091932,1760.78831078,
2026-06-11 08:42:00,1781167320,1760.78831078,1762.04199961,1736.15425333,1736.51144391,
2026-06-11 08:43:00,1781167380,1736.51144391,1742.58468249,1698.31262467,1698.31262467,
2026-06-11 08:44:00,1781167440,1698.31262467,1698.52287341,1689.74238456,1696.57662154,
2026-06-11 08:45:00,1781167500,1696.57662154,1728.51474664,1693.09125463,1716.57220106,
2026-06-11 08:46:00,1781167560,1716.57220106,1734.32561717,1704.75653756,1734.32561717,
2026-06-11 08:47:00,1781167620,1734.32561717,1763.52581094,1727.95990788,1763.52581094,
2026-06-11 08:48:00,1781167680,1763.52581094,1833.36657786,1761.49926577,1805.78988978,
2026-06-11 08:49:00,1781167740,1805.78988978,1822.58939665,1774.0215959,1774.38517951,
2026-06-11 08:50:00,1781167800,1774.38517951,1793.57778657,1774.23339627,1781.78172945,
2026-06-11 08:51:00,1781167860,1781.78172945,1805.7016135,1769.96448216,1769.96448216,
2026-06-11 08:52:00,1781167920,1769.96448216,1771.64962962,1748.8569448,1763.47246584,
2026-06-11 08:53:00,1781167980,1763.47246584,1765.42567478,1756.73710191,1761.34906868,
2026-06-11 08:54:00,1781168040,1761.34906868,1763.15808739,1758.75375089,1761.51285562,
2026-06-11 08:55:00,1781168100,1761.51285562,1770.88940889,1757.56311381,1761.30237143,
2026-06-11 08:56:00,1781168160,1761.30237143,1761.88111237,1736.43517829,1743.55335337,
2026-06-11 08:57:00,1781168220,1743.55335337,1749.78726691,1727.90491881,1747.69152785,
2026-06-11 08:58:00,1781168280,1747.69152785,1755.33041494,1747.0808893,1748.39703549,
2026-06-11 08:59:00,1781168340,1748.39703549,1769.16621211,1747.01499879,1769.16621211,
2026-06-11 09:00:00,1781168400,1769.16621211,1769.31502276,1733.64053553,1749.18437085,
2026-06-11 09:01:00,1781168460,1749.18437085,1751.73061138,1737.73779626,1744.85462967,
2026-06-11 09:02:00,1781168520,1744.85462967,1767.27277502,1743.83330524,1763.96696161,
2026-06-11 09:03:00,1781168580,1763.96696161,1769.81194519,1759.02105879,1766.4401504,
2026-06-11 09:04:00,1781168640,1766.4401504,1770.66417992,1732.85801262,1735.96336784,
2026-06-11 09:05:00,1781168700,1735.96336784,1743.64588322,1713.78332906,1716.43571047,
2026-06-11 09:06:00,1781168760,1716.43571047,1716.43571047,1698.1161063,1706.86490759,
2026-06-11 09:07:00,1781168820,1706.86490759,1710.58144466,1683.10450991,1692.08638459,
2026-06-11 09:08:00,1781168880,1692.08638459,1703.27457833,1684.11826816,1691.25191094,
2026-06-11 09:09:00,1781168940,1691.25191094,1691.98659307,1680.35741574,1690.71163314,
2026-06-11 09:10:00,1781169000,1690.71163314,1710.18767093,1690.70726977,1702.21372048,
2026-06-11 09:11:00,1781169060,1702.21372048,1702.21372048,1679.38952583,1680.02428469,
2026-06-11 09:12:00,1781169120,1680.02428469,1685.15420787,1671.45892735,1681.5514139,
2026-06-11 09:13:00,1781169180,1681.5514139,1694.91380812,1665.85313975,1667.73295109,
2026-06-11 09:14:00,1781169240,1667.73295109,1698.48039624,1659.9039568,1696.11378054,
2026-06-11 09:15:00,1781169300,1696.11378054,1696.11378054,1659.30408316,1663.49907199,
2026-06-11 09:16:00,1781169360,1663.49907199,1664.38339911,1633.93365872,1648.91631975,
2026-06-11 09:17:00,1781169420,1648.91631975,1649.62203415,1633.30115819,1646.78371116,
2026-06-11 09:18:00,1781169480,1646.78371116,1678.18714392,1646.78371116,1677.39849631,
2026-06-11 09:19:00,1781169540,1677.39849631,1692.43503992,1673.42211857,1675.92045817,
2026-06-11 09:20:00,1781169600,1675.92045817,1675.92045817,1648.56920688,1652.5824499,
2026-06-11 09:21:00,1781169660,1652.5824499,1655.25616699,1642.8202472,1643.52397179,
2026-06-11 09:22:00,1781169720,1643.52397179,1651.21056254,1634.20230685,1645.52810351,
2026-06-11 09:23:00,1781169780,1645.52810351,1653.69221992,1636.25392086,1650.04415993,
2026-06-11 09:24:00,1781169840,1650.04415993,1654.12356093,1632.8133612,1653.74108733,
2026-06-11 09:25:00,1781169900,1653.74108733,1665.9740239,1641.09923537,1658.10966636,
2026-06-11 09:26:00,1781169960,1658.10966636,1658.53324226,1639.93732735,1647.7237839,
2026-06-11 09:27:00,1781170020,1647.7237839,1654.42939361,1640.6774493,1650.33031598,
2026-06-11 09:28:00,1781170080,1650.33031598,1659.16205551,1648.25284264,1658.40727358,
2026-06-11 09:29:00,1781170140,1658.40727358,1658.47833951,1644.91667457,1654.24589658,
2026-06-11 09:30:00,1781170200,1654.24589658,1676.83022165,1648.84600187,1652.32813355,
2026-06-11 09:31:00,1781170260,1652.32813355,1721.9535772,1650.5959064,1714.896533,
2026-06-11 09:32:00,1781170320,1714.896533,1721.13550608,1688.77499001,1709.3356336,
2026-06-11 09:33:00,1781170380,1709.3356336,1716.02743556,1696.20541337,1714.6149774,
2026-06-11 09:34:00,1781170440,1714.6149774,1743.12328828,1703.44865244,1739.67145974,
2026-06-11 09:35:00,1781170500,1739.67145974,1761.39914361,1719.80676678,1720.943839,
2026-06-11 09:36:00,1781170560,1720.943839,1739.52449717,1720.79705148,1737.66201351,
2026-06-11 09:37:00,1781170620,1737.66201351,1738.0674857,1727.70507674,1734.83285568,
2026-06-11 09:38:00,1781170680,1734.83285568,1738.46004328,1722.83957616,1726.37268882,
2026-06-11 09:39:00,1781170740,1726.37268882,1742.50986732,1723.10400341,1724.79332229,
2026-06-11 09:40:00,1781170800,1724.79332229,1728.6277039,1720.22738694,1724.45350808,
2026-06-11 09:41:00,1781170860,1724.45350808,1724.52380473,1706.83982321,1708.44370101,
2026-06-11 09:42:00,1781170920,1708.44370101,1729.28722988,1707.45279841,1720.98840869,
2026-06-11 09:43:00,1781170980,1720.98840869,1722.05644668,1707.45276107,1707.82231235,
2026-06-11 09:44:00,1781171040,1707.82231235,1734.40358253,1706.48631137,1730.34912974,
2026-06-11 09:45:00,1781171100,1730.34912974,1730.56507449,1713.32415673,1727.75092229,
2026-06-11 09:46:00,1781171160,1727.75092229,1727.93052184,1723.21380492,1723.56817979,
2026-06-11 09:47:00,1781171220,1723.56817979,1725.07355003,1708.46452444,1711.62065317,
2026-06-11 09:48:00,1781171280,1711.62065317,1730.37181693,1709.75013527,1726.67085798,
2026-06-11 09:49:00,1781171340,1726.67085798,1729.72787642,1712.41840742,1726.88435908,
2026-06-11 09:50:00,1781171400,1726.88435908,1726.88435908,1718.28399985,1724.17252399,
2026-06-11 09:51:00,1781171460,1724.17252399,1765.19666744,1724.15422611,1757.57404903,
2026-06-11 09:52:00,1781171520,1757.57404903,1775.44523859,1748.02205371,1748.67590145,
2026-06-11 09:53:00,1781171580,1748.67590145,1750.37374167,1735.84457466,1749.59583957,
2026-06-11 09:54:00,1781171640,1749.59583957,1752.19801242,1729.536311,1751.28848138,
2026-06-11 09:55:00,1781171700,1751.28848138,1764.37929161,1742.18909422,1743.06188602,
2026-06-11 09:56:00,1781171760,1743.06188602,1746.24265467,1715.38388842,1715.38388842,
2026-06-11 09:57:00,1781171820,1715.38388842,1715.38388842,1700.9730725,1704.09834065,
2026-06-11 09:58:00,1781171880,1704.09834065,1720.75816291,1703.80691525,1720.75816291,
2026-06-11 09:59:00,1781171940,1720.75816291,1737.77257612,1711.32042921,1722.00528672,
2026-06-11 10:00:00,1781172000,1722.00528672,1741.67875562,1714.66954792,1729.34475469,
2026-06-11 10:01:00,1781172060,1729.34475469,1748.99799305,1712.22319804,1723.53580791,
2026-06-11 10:02:00,1781172120,1723.53580791,1734.68090022,1690.72561075,1691.66258243,
2026-06-11 10:03:00,1781172180,1691.66258243,1697.66824026,1682.10702986,1687.42936243,
2026-06-11 10:04:00,1781172240,1687.42936243,1696.09725067,1653.56566563,1667.13035143,
2026-06-11 10:05:00,1781172300,1667.13035143,1682.49222007,1658.68436063,1680.6804312,
2026-06-11 10:06:00,1781172360,1680.6804312,1708.38175982,1667.5017208,1708.38175982,
2026-06-11 10:07:00,1781172420,1708.38175982,1742.19836711,1707.29004058,1733.73842794,
2026-06-11 10:08:00,1781172480,1733.73842794,1750.62648122,1724.44287914,1730.5390122,
2026-06-11 10:09:00,1781172540,1730.5390122,1730.5390122,1698.54237672,1720.21217371,
2026-06-11 10:10:00,1781172600,1720.21217371,1724.01209882,1695.59547987,1695.59547987,
2026-06-11 10:11:00,1781172660,1695.59547987,1717.0955601,1689.44105516,1716.5091897,
2026-06-11 10:12:00,1781172720,1716.5091897,1716.57804242,1697.42716354,1707.38554912,
2026-06-11 10:13:00,1781172780,1707.38554912,1733.32942485,1697.71932761,1724.46627668,
2026-06-11 10:14:00,1781172840,1724.46627668,1724.46627668,1699.39369446,1700.22436944,
2026-06-11 10:15:00,1781172900,1700.22436944,1717.35648081,1699.86081775,1708.9095339,
2026-06-11 10:16:00,1781172960,1708.9095339,1708.9095339,1682.97379217,1683.84105149,
2026-06-11 10:17:00,1781173020,1683.84105149,1686.55979452,1620.32498801,1637.80801816,
2026-06-11 10:18:00,1781173080,1637.80801816,1667.99271274,1635.59144586,1638.62474402,
2026-06-11 10:19:00,1781173140,1638.62474402,1649.16098595,1612.50358415,1640.19231949,
2026-06-11 10:20:00,1781173200,1640.19231949,1651.56095906,1636.55570026,1642.05316851,
2026-06-11 10:21:00,1781173260,1642.05316851,1662.46523671,1640.57985624,1655.31751967,
2026-06-11 10:22:00,1781173320,1655.31751967,1659.93665441,1626.56546755,1629.72341293,
2026-06-11 10:23:00,1781173380,1629.72341293,1652.24054659,1629.62065231,1651.02250346,
2026-06-11 10:24:00,1781173440,1651.02250346,1652.31844466,1630.02123157,1640.15083788,
2026-06-11 10:25:00,1781173500,1640.15083788,1650.1210971,1637.83503318,1648.49963504,
2026-06-11 10:26:00,1781173560,1648.49963504,1648.56948306,1624.92338574,1637.2851218,
2026-06-11 10:27:00,1781173620,1637.2851218,1641.84288801,1629.4774091,1638.3690593,
2026-06-11 10:28:00,1781173680,1638.3690593,1653.68717948,1637.00199238,1650.02787589,
2026-06-11 10:29:00,1781173740,1650.02787589,1668.60616642,1646.73681296,1652.27420854,
2026-06-11 10:30:00,1781173800,1652.27420854,1678.65822581,1644.41401206,1676.99522966,
2026-06-11 10:31:00,1781173860,1676.99522966,1708.82764968,1676.99312947,1691.16396104,
2026-06-11 10:32:00,1781173920,1691.16396104,1691.16396104,1678.29733609,1684.14717811,
2026-06-11 10:33:00,1781173980,1684.14717811,1684.14717811,1661.3038409,1663.76326689,
2026-06-11 10:34:00,1781174040,1663.76326689,1700.65190443,1663.76326689,1673.77749984,
2026-06-11 10:35:00,1781174100,1673.77749984,1693.99293765,1667.42776676,1693.99293765,
2026-06-11 10:36:00,1781174160,1693.99293765,1712.48280822,1693.69959046,1708.87627396,
2026-06-11 10:37:00,1781174220,1708.87627396,1715.04898352,1694.11236929,1707.90833115,
2026-06-11 10:38:00,1781174280,1707.90833115,1728.71869185,1704.60319979,1718.92097839,
2026-06-11 10:39:00,1781174340,1718.92097839,1719.06353629,1680.07251366,1685.30250892,
2026-06-11 10:40:00,1781174400,1685.30250892,1702.98007364,1683.94897233,1691.93897164,
2026-06-11 10:41:00,1781174460,1691.93897164,1700.20674722,1679.69819775,1693.31622044,
2026-06-11 10:42:00,1781174520,1693.31622044,1706.19475321,1683.7411808,1701.95893887,
2026-06-11 10:43:00,1781174580,1701.95893887,1721.75689677,1701.95893887,1705.50187122,
2026-06-11 10:44:00,1781174640,1705.50187122,1723.96242282,1698.71094006,1708.99552498,
2026-06-11 10:45:00,1781174700,1708.99552498,1713.18516563,1705.74719223,1705.8870387,
2026-06-11 10:46:00,1781174760,1705.8870387,1731.51773752,1699.34242972,1723.9744561,
2026-06-11 10:47:00,1781174820,1723.9744561,1737.05113808,1717.02913649,1729.76296274,
2026-06-11 10:48:00,1781174880,1729.76296274,1730.89971615,1723.39481463,1726.15364901,
2026-06-11 10:49:00,1781174940,1726.15364901,1732.57551561,1719.02549648,1732.47058582,
2026-06-11 10:50:00,1781175000,1732.47058582,1740.13598755,1720.76578686,1734.66698579,
2026-06-11 10:51:00,1781175060,1734.66698579,1827.78272625,1733.34363951,1800.05854526,
2026-06-11 10:52:00,1781175120,1800.05854526,1800.05854526,1755.47678023,1779.19528842,
2026-06-11 10:53:00,1781175180,1779.19528842,1792.63727415,1763.12692697,1782.99802164,
2026-06-11 10:54:00,1781175240,1782.99802164,1835.51720661,1779.96961515,1830.43849195,
2026-06-11 10:55:00,1781175300,1830.43849195,1893.14637417,1800.76783529,1888.09936729,
2026-06-11 10:56:00,1781175360,1888.09936729,1890.23614604,1803.49638118,1809.16725547,
2026-06-11 10:57:00,1781175420,1809.16725547,1863.2961556,1805.86476471,1854.40809347,
2026-06-11 10:58:00,1781175480,1854.40809347,1892.40401177,1847.5297921,1868.45827932,
2026-06-11 10:59:00,1781175540,1868.45827932,1922.79540528,1860.01098405,1874.99738035,
2026-06-11 11:00:00,1781175600,1874.99738035,1875.77631853,1813.95553737,1814.32295609,
2026-06-11 11:01:00,1781175660,1814.32295609,1880.93516267,1814.32295609,1880.78286596,
2026-06-11 11:02:00,1781175720,1880.78286596,1905.44107609,1871.69239573,1894.19995805,
2026-06-11 11:03:00,1781175780,1894.19995805,1923.73312827,1894.12180773,1899.77261155,
2026-06-11 11:04:00,1781175840,1899.77261155,1920.03045133,1899.53185248,1907.66017615,
2026-06-11 11:05:00,1781175900,1907.66017615,1918.49388126,1877.38971888,1894.69390307,
2026-06-11 11:06:00,1781175960,1894.69390307,1894.76799523,1871.02366109,1878.03935459,
2026-06-11 11:07:00,1781176020,1878.03935459,1888.07107881,1848.97984089,1853.42408466,
2026-06-11 11:08:00,1781176080,1853.42408466,1862.40056059,1793.310273,1861.94258687,
2026-06-11 11:09:00,1781176140,1861.94258687,1874.29583608,1853.25430995,1873.72930191,
2026-06-11 11:10:00,1781176200,1873.72930191,1900.51359709,1873.72930191,1897.82681207,
2026-06-11 11:11:00,1781176260,1897.82681207,1925.74187443,1895.60586404,1921.67688715,
2026-06-11 11:12:00,1781176320,1921.67688715,1924.74095262,1884.26660409,1908.55379189,
2026-06-11 11:13:00,1781176380,1908.55379189,1911.54017579,1894.2132495,1908.6354617,
2026-06-11 11:14:00,1781176440,1908.6354617,1916.1390913,1907.40998681,1912.80081558,
2026-06-11 11:15:00,1781176500,1912.80081558,1912.80081558,1878.90571143,1898.66977391,
2026-06-11 11:16:00,1781176560,1898.66977391,1907.33437779,1898.43927573,1906.41621701,
2026-06-11 11:17:00,1781176620,1906.41621701,1943.54490358,1906.41420084,1931.85430776,
2026-06-11 11:18:00,1781176680,1931.85430776,1931.85430776,1868.72197673,1884.18600944,
2026-06-11 11:19:00,1781176740,1884.18600944,1886.3045108,1849.90078571,1862.84981586,
2026-06-11 11:20:00,1781176800,1862.84981586,1866.60158211,1851.59471689,1864.04010388,
2026-06-11 11:21:00,1781176860,1864.04010388,1883.25943988,1849.97446664,1882.76503328,
2026-06-11 11:22:00,1781176920,1882.76503328,1901.45756717,1881.46785697,1894.89635703,
2026-06-11 11:23:00,1781176980,1894.89635703,1897.68341554,1891.14943336,1893.2401357,
2026-06-11 11:24:00,1781177040,1893.2401357,1904.03963372,1884.7922389,1896.26263774,
2026-06-11 11:25:00,1781177100,1896.26263774,1897.08300089,1863.22237564,1872.29291072,
2026-06-11 11:26:00,1781177160,1872.29291072,1873.45649129,1850.83983657,1850.99034193,
2026-06-11 11:27:00,1781177220,1850.99034193,1876.25734303,1848.05440301,1871.2856482,
2026-06-11 11:28:00,1781177280,1871.2856482,1905.2861946,1866.36330503,1904.89643409,
2026-06-11 11:29:00,1781177340,1904.89643409,1926.08085951,1887.7757142,1891.37530059,
2026-06-11 11:30:00,1781177400,1891.37530059,1939.86644009,1889.11466257,1923.80821525,
2026-06-11 11:31:00,1781177460,1923.80821525,1963.07117792,1907.35374322,1959.28819991,
2026-06-11 11:32:00,1781177520,1959.28819991,1975.00155117,1928.05146114,1929.19823742,
2026-06-11 11:33:00,1781177580,1929.19823742,1941.2331179,1911.19037971,1935.03523556,
2026-06-11 11:34:00,1781177640,1935.03523556,1935.03523556,1899.10590269,1913.17337374,
2026-06-11 11:35:00,1781177700,1913.17337374,1923.95488518,1892.66102785,1896.03081176,
2026-06-11 11:36:00,1781177760,1896.03081176,1896.15651715,1871.51968366,1871.51968366,
2026-06-11 11:37:00,1781177820,1871.51968366,1887.00831734,1845.94953802,1849.7098477,
2026-06-11 11:38:00,1781177880,1849.7098477,1864.12464343,1827.65281989,1838.78171152,
2026-06-11 11:39:00,1781177940,1838.78171152,1881.07216063,1833.31750225,1873.23921592,
2026-06-11 11:40:00,1781178000,1873.23921592,1879.88832633,1857.86631455,1861.65381152,
2026-06-11 11:41:00,1781178060,1861.65381152,1886.61283718,1855.5937934,1870.0194518,
2026-06-11 11:42:00,1781178120,1870.0194518,1874.98097698,1855.91184483,1874.97485723,
2026-06-11 11:43:00,1781178180,1874.97485723,1880.98551816,1864.16673736,1876.64532325,
2026-06-11 11:44:00,1781178240,1876.64532325,1877.64130507,1849.63935748,1866.75322576,
2026-06-11 11:45:00,1781178300,1866.75322576,1866.75322576,1844.25148606,1850.96869181,
2026-06-11 11:46:00,1781178360,1850.96869181,1859.20821806,1850.81550792,1857.19054443,
2026-06-11 11:47:00,1781178420,1857.19054443,1863.63785935,1842.90224341,1842.90224341,
2026-06-11 11:48:00,1781178480,1842.90224341,1847.81713532,1834.39327657,1842.73967994,
2026-06-11 11:49:00,1781178540,1842.73967994,1869.82569139,1828.60284619,1869.74966213,
2026-06-11 11:50:00,1781178600,1869.74966213,1876.84685468,1859.46680038,1871.39336201,
2026-06-11 11:51:00,1781178660,1871.39336201,1954.11319634,1860.72096878,1932.14981763,
2026-06-11 11:52:00,1781178720,1932.14981763,1942.570113,1897.80479829,1909.3075926,
2026-06-11 11:53:00,1781178780,1909.3075926,1920.17818853,1898.7905609,1908.83983657,
2026-06-11 11:54:00,1781178840,1908.83983657,1909.19579923,1893.70299728,1904.86855607,
2026-06-11 11:55:00,1781178900,1904.86855607,1904.86855607,1866.58409552,1870.03791554,
2026-06-11 11:56:00,1781178960,1870.03791554,1870.03791554,1842.67057788,1858.24907757,
2026-06-11 11:57:00,1781179020,1858.24907757,1871.32736699,1848.42575846,1851.31733273,
2026-06-11 11:58:00,1781179080,1851.31733273,1858.33779825,1847.29568743,1852.29393471,
2026-06-11 11:59:00,1781179140,1852.29393471,1858.2063053,1841.54100727,1845.96831874,
2026-06-11 12:00:00,1781179200,1845.96831874,1852.44051547,1798.22454155,1805.42471067,
2026-06-11 12:01:00,1781179260,1805.42471067,1828.28533038,1805.42258926,1809.06841949,
2026-06-11 12:02:00,1781179320,1809.06841949,1815.69666685,1797.41021622,1809.40152015,
2026-06-11 12:03:00,1781179380,1809.40152015,1810.88746076,1775.76976068,1780.50505674,
2026-06-11 12:04:00,1781179440,1780.50505674,1823.10492777,1770.95809601,1820.70976566,
2026-06-11 12:05:00,1781179500,1820.70976566,1845.06913955,1819.03204189,1828.02148704,
2026-06-11 12:06:00,1781179560,1828.02148704,1855.56243673,1812.15761976,1816.63223943,
2026-06-11 12:07:00,1781179620,1816.63223943,1816.63223943,1774.76676489,1791.54506413,
2026-06-11 12:08:00,1781179680,1791.54506413,1806.06972791,1780.30125689,1800.30891488,
2026-06-11 12:09:00,1781179740,1800.30891488,1808.6768584,1774.05540302,1782.01789147,
2026-06-11 12:10:00,1781179800,1782.01789147,1857.99569418,1778.08630885,1855.81445497,
2026-06-11 12:11:00,1781179860,1855.81445497,1896.09975543,1837.50283272,1896.09975543,
2026-06-11 12:12:00,1781179920,1896.09975543,1917.46156733,1883.63293328,1916.22254579,
2026-06-11 12:13:00,1781179980,1916.22254579,1918.74444976,1858.66790275,1861.41555788,
2026-06-11 12:14:00,1781180040,1861.41555788,1891.62482802,1834.27399031,1884.72716023,
2026-06-11 12:15:00,1781180100,1884.72716023,1899.49322606,1857.94201104,1872.60244515,
2026-06-11 12:16:00,1781180160,1872.60244515,1887.7636591,1865.03214287,1879.09078063,
2026-06-11 12:17:00,1781180220,1879.09078063,1894.110499,1859.45986762,1860.128069,
2026-06-11 12:18:00,1781180280,1860.128069,1914.49558137,1857.00654461,1896.35689335,
2026-06-11 12:19:00,1781180340,1896.35689335,1898.48706912,1851.39146185,1851.61717542,
2026-06-11 12:20:00,1781180400,1851.61717542,1851.61717542,1744.70251489,1745.85458719,
2026-06-11 12:21:00,1781180460,1745.85458719,1756.92286914,1686.47620838,1700.87759717,
2026-06-11 12:22:00,1781180520,1700.87759717,1706.38627213,1557.86197861,1563.09057537,
2026-06-11 12:23:00,1781180580,1563.09057537,1602.90674273,1533.13048408,1592.62607739,
2026-06-11 12:24:00,1781180640,1592.62607739,1636.04941243,1535.85651789,1558.26384666,
2026-06-11 12:25:00,1781180700,1558.26384666,1595.06313576,1552.76684951,1567.23121831,
2026-06-11 12:26:00,1781180760,1567.23121831,1610.30614285,1564.84063184,1607.02540831,
2026-06-11 12:27:00,1781180820,1607.02540831,1610.2200155,1543.28806039,1568.42797999,
2026-06-11 12:28:00,1781180880,1568.42797999,1588.82774094,1515.08423918,1522.61689488,
2026-06-11 12:29:00,1781180940,1522.61689488,1547.54199462,1519.14961508,1521.26039998,
2026-06-11 12:30:00,1781181000,1521.26039998,1602.16067592,1404.35485332,1490.98483647,
2026-06-11 12:31:00,1781181060,1490.98483647,1542.9631402,1457.73036434,1501.40485916,
2026-06-11 12:32:00,1781181120,1501.40485916,1511.21240066,1455.77604528,1499.70587179,
2026-06-11 12:33:00,1781181180,1499.70587179,1511.29610905,1449.34611279,1465.6267311,
2026-06-11 12:34:00,1781181240,1465.6267311,1590.06213588,1448.64948447,1567.98865953,
2026-06-11 12:35:00,1781181300,1567.98865953,1607.57113849,1558.20949395,1578.75299294,
2026-06-11 12:36:00,1781181360,1578.75299294,1627.22607908,1574.09287926,1607.11993837,
2026-06-11 12:37:00,1781181420,1607.11993837,1619.23943425,1569.15221021,1570.61960668,
2026-06-11 12:38:00,1781181480,1570.61960668,1656.19188039,1570.61960668,1597.87160423,
2026-06-11 12:39:00,1781181540,1597.87160423,1645.92003574,1587.29738358,1593.783865,
2026-06-11 12:40:00,1781181600,1593.783865,1611.83431283,1577.94783439,1602.71838643,
2026-06-11 12:41:00,1781181660,1602.71838643,1644.71117192,1585.59812908,1636.61304439,
2026-06-11 12:42:00,1781181720,1636.61304439,1647.8122773,1613.10857315,1640.17786306,
2026-06-11 12:43:00,1781181780,1640.17786306,1647.39274058,1589.60668988,1589.60668988,
2026-06-11 12:44:00,1781181840,1589.60668988,1705.8901281,1572.38760238,1686.19190503,
2026-06-11 12:45:00,1781181900,1686.19190503,1698.72905899,1640.99244417,1690.14218415,
2026-06-11 12:46:00,1781181960,1690.14218415,1719.05557582,1676.76074965,1716.65203893,
2026-06-11 12:47:00,1781182020,1716.65203893,1738.82687743,1668.79644942,1681.84113482,
2026-06-11 12:48:00,1781182080,1681.84113482,1697.60715872,1657.97636031,1659.64360769,
2026-06-11 12:49:00,1781182140,1659.64360769,1721.2709639,1647.19931587,1721.2709639,
2026-06-11 12:50:00,1781182200,1721.2709639,1728.59041284,1658.43169128,1669.76591277,
2026-06-11 12:51:00,1781182260,1669.76591277,1733.57388599,1668.08990494,1732.60226416,
2026-06-11 12:52:00,1781182320,1732.60226416,1774.02740791,1732.60018011,1749.08617223,
2026-06-11 12:53:00,1781182380,1749.08617223,1772.14123634,1701.84428088,1711.48084566,
2026-06-11 12:54:00,1781182440,1711.48084566,1722.78698894,1700.76436075,1710.86047901,
2026-06-11 12:55:00,1781182500,1710.86047901,1777.17379961,1707.54520111,1765.40743408,
2026-06-11 12:56:00,1781182560,1765.40743408,1773.92579716,1745.43360967,1758.14224324,
2026-06-11 12:57:00,1781182620,1758.14224324,1777.49188543,1740.35270168,1748.88572433,
2026-06-11 12:58:00,1781182680,1748.88572433,1786.34016663,1732.15167933,1776.81473091,
2026-06-11 12:59:00,1781182740,1776.81473091,1782.73437909,1763.85844094,1764.89722949,
2026-06-11 13:00:00,1781182800,1764.89722949,1764.89722949,1710.78523703,1715.53355129,
2026-06-11 13:01:00,1781182860,1715.53355129,1740.63796563,1704.11370279,1704.39136673,
2026-06-11 13:02:00,1781182920,1704.39136673,1715.58809236,1680.11617494,1698.28001127,
2026-06-11 13:03:00,1781182980,1698.28001127,1700.54006372,1676.9823528,1694.13767765,
2026-06-11 13:04:00,1781183040,1694.13767765,1732.43100041,1687.99833115,1709.14239743,
2026-06-11 13:05:00,1781183100,1709.14239743,1709.36072885,1671.68929011,1691.66359845,
2026-06-11 13:06:00,1781183160,1691.66359845,1707.40984781,1673.35450706,1694.56454807,
2026-06-11 13:07:00,1781183220,1694.56454807,1707.31257626,1680.73176944,1692.72144055,
2026-06-11 13:08:00,1781183280,1692.72144055,1699.24429548,1681.70514843,1688.17932241,
2026-06-11 13:09:00,1781183340,1688.17932241,1691.01426241,1668.9943821,1674.31215807,
2026-06-11 13:10:00,1781183400,1674.31215807,1691.64430304,1674.09171326,1687.99718027,
2026-06-11 13:11:00,1781183460,1687.99718027,1706.46626313,1643.4598303,1657.51246973,
2026-06-11 13:12:00,1781183520,1657.51246973,1691.00944021,1657.51246973,1678.28155819,
2026-06-11 13:13:00,1781183580,1678.28155819,1695.00692493,1671.65855912,1676.18893758,
2026-06-11 13:14:00,1781183640,1676.18893758,1697.0530467,1674.80320479,1681.39366254,
2026-06-11 13:15:00,1781183700,1681.39366254,1698.77257861,1677.99565245,1694.93518269,
2026-06-11 13:16:00,1781183760,1694.93518269,1723.11540956,1694.93082843,1721.10687055,
2026-06-11 13:17:00,1781183820,1721.10687055,1722.87044336,1702.84591613,1708.80164439,
2026-06-11 13:18:00,1781183880,1708.80164439,1733.95439296,1705.16861507,1733.95439296,
2026-06-11 13:19:00,1781183940,1733.95439296,1752.58920607,1726.32347986,1750.12539298,
2026-06-11 13:20:00,1781184000,1750.12539298,1784.7400222,1750.12539298,1759.45259325,
2026-06-11 13:21:00,1781184060,1759.45259325,1766.93764027,1752.47906087,1760.92375612,
2026-06-11 13:22:00,1781184120,1760.92375612,1760.92375612,1691.0730031,1697.83990106,
2026-06-11 13:23:00,1781184180,1697.83990106,1707.76028762,1682.30708756,1682.91336018,
2026-06-11 13:24:00,1781184240,1682.91336018,1689.57923636,1623.75568446,1629.1355664,
2026-06-11 13:25:00,1781184300,1629.1355664,1642.22697584,1615.51893107,1637.87528462,
2026-06-11 13:26:00,1781184360,1637.87528462,1639.55179746,1618.77936143,1636.32181666,
2026-06-11 13:27:00,1781184420,1636.32181666,1640.85666966,1618.50365288,1633.24002301,
2026-06-11 13:28:00,1781184480,1633.24002301,1643.71429837,1619.48971622,1643.71206918,
2026-06-11 13:29:00,1781184540,1643.71206918,1643.81254014,1603.21519282,1618.63879943,
2026-06-11 13:30:00,1781184600,1618.63879943,1618.63879943,1583.08974547,1611.96082483,
2026-06-11 13:31:00,1781184660,1611.96082483,1616.10784251,1538.77046178,1557.34566769,
2026-06-11 13:32:00,1781184720,1557.34566769,1562.733421,1513.68455786,1544.99456175,
2026-06-11 13:33:00,1781184780,1544.99456175,1608.74158267,1544.71388848,1575.50822974,
2026-06-11 13:34:00,1781184840,1575.50822974,1591.00839994,1538.58105649,1573.61728072,
2026-06-11 13:35:00,1781184900,1573.61728072,1647.88788318,1549.34266313,1644.40462614,
2026-06-11 13:36:00,1781184960,1644.40462614,1695.95617046,1626.58067775,1627.01370156,
2026-06-11 13:37:00,1781185020,1627.01370156,1674.16898947,1614.11661309,1662.85613222,
2026-06-11 13:38:00,1781185080,1662.85613222,1669.46393303,1579.90452586,1587.25307249,
2026-06-11 13:39:00,1781185140,1587.25307249,1661.37355121,1587.25307249,1625.90360402,
2026-06-11 13:40:00,1781185200,1625.90360402,1632.27961485,1560.09968131,1622.7906517,
2026-06-11 13:41:00,1781185260,1622.7906517,1631.4398026,1535.09366736,1560.36098747,
2026-06-11 13:42:00,1781185320,1560.36098747,1603.04018897,1535.09435576,1582.70768342,
2026-06-11 13:43:00,1781185380,1582.70768342,1666.11750744,1582.70768342,1656.29167408,
2026-06-11 13:44:00,1781185440,1656.29167408,1715.94139175,1654.17409633,1712.8231901,
2026-06-11 13:45:00,1781185500,1712.8231901,1830.2703458,1695.17580437,1781.17317415,
2026-06-11 13:46:00,1781185560,1781.17317415,1797.24615399,1740.0966269,1784.10522049,
2026-06-11 13:47:00,1781185620,1784.10522049,1812.63530283,1746.62414268,1787.51151635,
2026-06-11 13:48:00,1781185680,1787.51151635,1799.80127147,1765.25126406,1790.62121482,
2026-06-11 13:49:00,1781185740,1790.62121482,1808.21273998,1769.66142194,1770.63542688,
2026-06-11 13:50:00,1781185800,1770.63542688,1874.04337894,1766.96956332,1865.06683617,
2026-06-11 13:51:00,1781185860,1865.06683617,1865.06683617,1795.4035165,1823.76661173,
2026-06-11 13:52:00,1781185920,1823.76661173,1871.14389444,1800.16711806,1824.92762087,
2026-06-11 13:53:00,1781185980,1824.92762087,1930.98288576,1788.55099428,1923.97312918,
2026-06-11 13:54:00,1781186040,1923.97312918,1930.66073714,1862.11930308,1875.9185882,
2026-06-11 13:55:00,1781186100,1875.9185882,1875.9185882,1830.75417801,1846.71091317,
2026-06-11 13:56:00,1781186160,1846.71091317,1848.16079339,1777.29019455,1777.59049376,
2026-06-11 13:57:00,1781186220,1777.59049376,1788.57361915,1736.68333652,1740.1250624,
2026-06-11 13:58:00,1781186280,1740.1250624,1786.94497449,1740.1250624,1771.91061753,
2026-06-11 13:59:00,1781186340,1771.91061753,1811.9125082,1771.31037152,1802.78097988,
2026-06-11 14:00:00,1781186400,1802.78097988,1811.24651813,1768.76210508,1784.24938109,
2026-06-11 14:01:00,1781186460,1784.24938109,1795.02933237,1739.11097719,1779.64102464,
2026-06-11 14:02:00,1781186520,1779.64102464,1792.45278774,1750.47773483,1767.40608001,
2026-06-11 14:03:00,1781186580,1767.40608001,1792.20460746,1741.85857027,1744.81707578,
2026-06-11 14:04:00,1781186640,1744.81707578,1809.07964291,1728.67027043,1806.5005987,
2026-06-11 14:05:00,1781186700,1806.5005987,1807.8625848,1687.96119784,1693.50122388,
2026-06-11 14:06:00,1781186760,1693.50122388,1724.7131021,1671.34879672,1673.75398337,
2026-06-11 14:07:00,1781186820,1673.75398337,1738.62139205,1672.57866525,1735.08263789,
2026-06-11 14:08:00,1781186880,1735.08263789,1735.08263789,1700.40873301,1728.69112933,
2026-06-11 14:09:00,1781186940,1728.69112933,1731.81355742,1652.36076249,1678.4630183,
2026-06-11 14:10:00,1781187000,1678.4630183,1694.54888381,1603.04030619,1603.04030619,
2026-06-11 14:11:00,1781187060,1603.04030619,1635.69819014,1558.230111,1634.80532512,
2026-06-11 14:12:00,1781187120,1634.80532512,1650.15930096,1580.15639042,1591.14890022,
2026-06-11 14:13:00,1781187180,1591.14890022,1621.61963595,1571.14276656,1618.33248862,
2026-06-11 14:14:00,1781187240,1618.33248862,1624.09845065,1578.36030511,1584.2365668,
2026-06-11 14:15:00,1781187300,1584.2365668,1644.49752352,1574.78165045,1617.60894919,
2026-06-11 14:16:00,1781187360,1617.60894919,1624.78100053,1535.50365308,1538.64691556,
2026-06-11 14:17:00,1781187420,1538.64691556,1610.41264028,1537.93052673,1590.78860294,
2026-06-11 14:18:00,1781187480,1590.78860294,1598.28096877,1543.17165453,1543.34960074,
2026-06-11 14:19:00,1781187540,1543.34960074,1601.29558754,1534.63012725,1582.61109428,
2026-06-11 14:20:00,1781187600,1582.61109428,1632.53043723,1569.74775812,1631.28071472,
2026-06-11 14:21:00,1781187660,1631.28071472,1649.08861104,1605.68023448,1648.41980356,
2026-06-11 14:22:00,1781187720,1648.41980356,1669.43972276,1592.40932826,1652.67253997,
2026-06-11 14:23:00,1781187780,1652.67253997,1711.63756288,1650.36394991,1677.99118374,
2026-06-11 14:24:00,1781187840,1677.99118374,1726.28380856,1654.98103631,1694.51312518,
2026-06-11 14:25:00,1781187900,1694.51312518,1714.64008336,1682.27695573,1695.76359303,
2026-06-11 14:26:00,1781187960,1695.76359303,1696.11376599,1635.55093628,1640.95319243,
2026-06-11 14:27:00,1781188020,1640.95319243,1690.29085505,1640.95100638,1671.27012665,
2026-06-11 14:28:00,1781188080,1671.27012665,1707.21362915,1657.15009632,1704.01258546,
2026-06-11 14:29:00,1781188140,1704.01258546,1750.0469978,1690.00946804,1742.93398619,
2026-06-11 14:30:00,1781188200,1742.93398619,1766.2291225,1660.71597661,1674.82905348,
2026-06-11 14:31:00,1781188260,1674.82905348,1697.72547061,1649.51682594,1686.98224488,
2026-06-11 14:32:00,1781188320,1686.98224488,1715.89816942,1667.57822294,1681.51409524,
2026-06-11 14:33:00,1781188380,1681.51409524,1697.53720797,1652.44022776,1659.19710534,
2026-06-11 14:34:00,1781188440,1659.19710534,1674.57894518,1626.89934034,1670.956979,
2026-06-11 14:35:00,1781188500,1670.956979,1709.48884746,1655.95082722,1702.85761816,
2026-06-11 14:36:00,1781188560,1702.85761816,1780.16258983,1683.16024198,1780.16258983,
2026-06-11 14:37:00,1781188620,1780.16258983,1785.18238876,1677.57156178,1679.12025773,
2026-06-11 14:38:00,1781188680,1679.12025773,1717.77247712,1676.6096894,1694.59744357,
2026-06-11 14:39:00,1781188740,1694.59744357,1697.2691546,1653.90119436,1662.60478673,
2026-06-11 14:40:00,1781188800,1662.60478673,1671.89289837,1638.45679272,1671.14848338,
2026-06-11 14:41:00,1781188860,1671.14848338,1695.54421128,1644.02896358,1652.58238794,
2026-06-11 14:42:00,1781188920,1652.58238794,1677.96979543,1632.08333303,1650.03149716,
2026-06-11 14:43:00,1781188980,1650.03149716,1659.35403942,1610.82362416,1634.82973277,
2026-06-11 14:44:00,1781189040,1634.82973277,1657.15468481,1614.4538636,1617.87358896,
2026-06-11 14:45:00,1781189100,1617.87358896,1652.9538799,1613.23441634,1643.63556458,
2026-06-11 14:46:00,1781189160,1643.63556458,1673.16700639,1619.77972912,1634.36935983,
2026-06-11 14:47:00,1781189220,1634.36935983,1664.20147564,1632.09376438,1640.31023766,
2026-06-11 14:48:00,1781189280,1640.31023766,1695.43251357,1638.17732513,1670.75002707,
2026-06-11 14:49:00,1781189340,1670.75002707,1683.16670285,1643.4067835,1649.05738203,
2026-06-11 14:50:00,1781189400,1649.05738203,1687.64543107,1624.19165918,1680.03511271,
2026-06-11 14:51:00,1781189460,1680.03511271,1733.14753904,1662.99992321,1703.76852604,
2026-06-11 14:52:00,1781189520,1703.76852604,1706.68666326,1656.41202603,1675.00638664,
2026-06-11 14:53:00,1781189580,1675.00638664,1716.39099515,1663.60219042,1669.89509379,
2026-06-11 14:54:00,1781189640,1669.89509379,1691.06250188,1649.07574181,1666.48287951,
2026-06-11 14:55:00,1781189700,1666.48287951,1668.48800687,1629.90620378,1632.24332533,
2026-06-11 14:56:00,1781189760,1632.24332533,1634.61189006,1552.89939162,1575.4164238,
2026-06-11 14:57:00,1781189820,1575.4164238,1609.47440321,1551.49545907,1606.91460676,
2026-06-11 14:58:00,1781189880,1606.91460676,1620.54530369,1531.69429868,1537.5444727,
2026-06-11 14:59:00,1781189940,1537.5444727,1543.9090129,1519.40383184,1521.17915241,
2026-06-11 15:00:00,1781190000,1521.17915241,1548.22221591,1491.75585226,1492.2478472,
2026-06-11 15:01:00,1781190060,1492.2478472,1492.31622055,1385.50169052,1406.75328064,
2026-06-11 15:02:00,1781190120,1406.75328064,1471.35004051,1395.92479079,1433.31256471,
2026-06-11 15:03:00,1781190180,1433.31256471,1508.82560225,1431.36303338,1486.6272811,
2026-06-11 15:04:00,1781190240,1486.6272811,1514.92326184,1473.8624491,1497.20906205,
2026-06-11 15:05:00,1781190300,1497.20906205,1500.61814001,1441.24706533,1450.87371876,
2026-06-11 15:06:00,1781190360,1450.87371876,1497.77974498,1441.99115129,1474.10749646,
2026-06-11 15:07:00,1781190420,1474.10749646,1584.81222482,1459.54131529,1578.31159028,
2026-06-11 15:08:00,1781190480,1578.31159028,1598.44107031,1528.87900386,1560.84101896,
2026-06-11 15:09:00,1781190540,1560.84101896,1575.67574128,1520.47485755,1528.14175828,
2026-06-11 15:10:00,1781190600,1528.14175828,1528.35507278,1488.43975656,1505.38667401,
2026-06-11 15:11:00,1781190660,1505.38667401,1529.05991962,1498.05040046,1521.07997867,
2026-06-11 15:12:00,1781190720,1521.07997867,1605.42716094,1513.26098555,1569.19622444,
2026-06-11 15:13:00,1781190780,1569.19622444,1576.18436997,1532.53708714,1535.7519031,
2026-06-11 15:14:00,1781190840,1535.7519031,1535.7519031,1481.84939288,1484.22759081,
2026-06-11 15:15:00,1781190900,1484.22759081,1526.75871755,1470.13147435,1524.87207524,
2026-06-11 15:16:00,1781190960,1524.87207524,1538.35022857,1476.47626236,1479.08220186,
2026-06-11 15:17:00,1781191020,1479.08220186,1500.22390337,1466.84390431,1470.96123191,
2026-06-11 15:18:00,1781191080,1470.96123191,1481.44323922,1428.59877359,1433.80085329,
2026-06-11 15:19:00,1781191140,1433.80085329,1468.98893625,1429.82752226,1461.75088304,
2026-06-11 15:20:00,1781191200,1461.75088304,1546.14618588,1455.8173765,1534.89193142,
2026-06-11 15:21:00,1781191260,1534.89193142,1562.35117529,1528.18115045,1536.22559406,
2026-06-11 15:22:00,1781191320,1536.22559406,1537.44375434,1504.12769222,1517.37962478,
2026-06-11 15:23:00,1781191380,1517.37962478,1566.11233328,1509.42594454,1558.39120151,
2026-06-11 15:24:00,1781191440,1558.39120151,1566.0363349,1542.88150661,1543.08989139,
2026-06-11 15:25:00,1781191500,1543.08989139,1544.2471259,1504.07252694,1531.01565796,
2026-06-11 15:26:00,1781191560,1531.01565796,1534.58520422,1504.80164094,1534.578695,
2026-06-11 15:27:00,1781191620,1534.578695,1545.27473562,1502.37365096,1524.36402624,
2026-06-11 15:28:00,1781191680,1524.36402624,1528.02098927,1491.35948117,1506.61711291,
2026-06-11 15:29:00,1781191740,1506.61711291,1516.27305971,1488.03239607,1502.54213159,
2026-06-11 15:30:00,1781191800,1502.54213159,1518.60676017,1465.18332902,1469.31214499,
2026-06-11 15:31:00,1781191860,1469.31214499,1472.65543861,1438.78216988,1468.95151657,
2026-06-11 15:32:00,1781191920,1468.95151657,1500.09202001,1465.71930368,1499.87762675,
2026-06-11 15:33:00,1781191980,1499.87762675,1500.16348772,1462.80771481,1497.30112762,
2026-06-11 15:34:00,1781192040,1497.30112762,1534.42011442,1497.30112762,1519.40686385,
2026-06-11 15:35:00,1781192100,1519.40686385,1585.06751984,1511.90769437,1561.24847678,
2026-06-11 15:36:00,1781192160,1561.24847678,1582.44917752,1525.63266337,1576.72526819,
2026-06-11 15:37:00,1781192220,1576.72526819,1602.29238139,1571.57290427,1597.64889124,
2026-06-11 15:38:00,1781192280,1597.64889124,1602.00159183,1558.428307,1600.10974084,
2026-06-11 15:39:00,1781192340,1600.10974084,1615.15195765,1575.15658081,1577.42098036,
2026-06-11 15:40:00,1781192400,1577.42098036,1611.33859323,1570.18532258,1604.83262225,
2026-06-11 15:41:00,1781192460,1604.83262225,1604.83262225,1561.8063816,1563.34422652,
2026-06-11 15:42:00,1781192520,1563.34422652,1572.07557834,1537.39784217,1552.53729206,
2026-06-11 15:43:00,1781192580,1552.53729206,1565.21107116,1493.71683812,1498.41653263,
2026-06-11 15:44:00,1781192640,1498.41653263,1511.60419607,1468.49780966,1470.39075431,
2026-06-11 15:45:00,1781192700,1470.39075431,1485.9695753,1415.13801478,1424.67028198,
2026-06-11 15:46:00,1781192760,1424.67028198,1479.30924123,1424.67028198,1478.11979453,
2026-06-11 15:47:00,1781192820,1478.11979453,1502.62166341,1473.11821822,1490.27883321,
2026-06-11 15:48:00,1781192880,1490.27883321,1490.84811027,1416.69813631,1441.7595559,
2026-06-11 15:49:00,1781192940,1441.7595559,1460.80264616,1422.51679185,1428.29763022,
2026-06-11 15:50:00,1781193000,1428.29763022,1438.55297719,1413.35389593,1421.60165465,
2026-06-11 15:51:00,1781193060,1421.60165465,1447.21796683,1418.21499692,1434.12038404,
2026-06-11 15:52:00,1781193120,1434.12038404,1443.74329228,1392.99931709,1408.20250117,
2026-06-11 15:53:00,1781193180,1408.20250117,1413.22022799,1383.73838448,1402.43458329,
2026-06-11 15:54:00,1781193240,1402.43458329,1436.72700396,1402.29346983,1434.48616334,
2026-06-11 15:55:00,1781193300,1434.48616334,1452.31647696,1395.14536058,1447.07468707,
2026-06-11 15:56:00,1781193360,1447.07468707,1466.7657144,1431.45566514,1466.7657144,
2026-06-11 15:57:00,1781193420,1466.7657144,1486.33066552,1454.98439265,1479.68897295,
2026-06-11 15:58:00,1781193480,1479.68897295,1494.06966039,1471.59292098,1493.85230867,
2026-06-11 15:59:00,1781193540,1493.85230867,1513.1712253,1482.13116272,1512.92534781,
2026-06-11 16:00:00,1781193600,1512.92534781,1544.95992036,1509.74648762,1540.43245511,
2026-06-11 16:01:00,1781193660,1540.43245511,1561.55787417,1510.03359699,1514.33402249,
2026-06-11 16:02:00,1781193720,1514.33402249,1514.33402249,1493.85542609,1509.21821933,
2026-06-11 16:03:00,1781193780,1509.21821933,1519.05582831,1477.65969561,1478.08730684,
2026-06-11 16:04:00,1781193840,1478.08730684,1480.77320665,1453.52722843,1467.35753048,
2026-06-11 16:05:00,1781193900,1467.35753048,1498.96212471,1456.85742709,1496.22694105,
2026-06-11 16:06:00,1781193960,1496.22694105,1553.73095725,1495.79182234,1546.53947343,
2026-06-11 16:07:00,1781194020,1546.53947343,1573.07063651,1537.34941503,1570.57582676,
2026-06-11 16:08:00,1781194080,1570.57582676,1570.64722192,1538.89432625,1563.08874582,
2026-06-11 16:09:00,1781194140,1563.08874582,1563.08874582,1497.84665518,1502.52060161,
2026-06-11 16:10:00,1781194200,1502.52060161,1538.04059431,1493.69153887,1500.55890071,
2026-06-11 16:11:00,1781194260,1500.55890071,1521.37725642,1496.29803339,1512.13035335,
2026-06-11 16:12:00,1781194320,1512.13035335,1529.71338295,1501.57153552,1524.76983331,
2026-06-11 16:13:00,1781194380,1524.76983331,1531.80621494,1513.48256475,1521.06594075,
2026-06-11 16:14:00,1781194440,1521.06594075,1563.13420364,1517.6192209,1563.03906557,
2026-06-11 16:15:00,1781194500,1563.03906557,1577.46234245,1539.11915934,1551.35554051,
2026-06-11 16:16:00,1781194560,1551.35554051,1568.57878556,1542.0112367,1563.63662614,
2026-06-11 16:17:00,1781194620,1563.63662614,1567.95289846,1528.92107364,1563.25699694,
2026-06-11 16:18:00,1781194680,1563.25699694,1568.54711715,1545.36859145,1562.98985065,
2026-06-11 16:19:00,1781194740,1562.98985065,1566.26838364,1546.45910388,1561.029224,
2026-06-11 16:20:00,1781194800,1561.029224,1566.33078112,1525.71132481,1526.99753365,
2026-06-11 16:21:00,1781194860,1526.99753365,1553.03148593,1460.22018884,1474.53184149,
2026-06-11 16:22:00,1781194920,1474.53184149,1493.64618015,1444.01517059,1447.39944101,
2026-06-11 16:23:00,1781194980,1447.39944101,1462.90520148,1427.76854725,1432.19191788,
2026-06-11 16:24:00,1781195040,1432.19191788,1441.70547158,1409.83733007,1411.21985026,
2026-06-11 16:25:00,1781195100,1411.21985026,1420.52374666,1378.03823704,1387.19253357,
2026-06-11 16:26:00,1781195160,1387.19253357,1419.97207969,1384.21819616,1402.15537821,
2026-06-11 16:27:00,1781195220,1402.15537821,1417.13776327,1400.85580104,1408.52772535,
2026-06-11 16:28:00,1781195280,1408.52772535,1437.55390847,1406.32889569,1419.09187729,
2026-06-11 16:29:00,1781195340,1419.09187729,1435.87515058,1411.7344696,1416.14112038,
2026-06-11 16:30:00,1781195400,1416.14112038,1425.17676723,1388.50801687,1400.62576922,
2026-06-11 16:31:00,1781195460,1400.62576922,1407.1444364,1377.95371539,1377.95371539,
2026-06-11 16:32:00,1781195520,1377.95371539,1397.03206605,1351.94758926,1387.37419198,
2026-06-11 16:33:00,1781195580,1387.37419198,1441.48684115,1386.39640111,1441.48684115,
2026-06-11 16:34:00,1781195640,1441.48684115,1500.76256258,1436.90636514,1454.28845138,
2026-06-11 16:35:00,1781195700,1454.28845138,1487.64955578,1438.28246621,1477.24975753,
2026-06-11 16:36:00,1781195760,1477.24975753,1529.3845808,1469.87195739,1529.3845808,
2026-06-11 16:37:00,1781195820,1529.3845808,1541.85289973,1506.12556745,1509.17324722,
2026-06-11 16:38:00,1781195880,1509.17324722,1520.22507572,1476.93128878,1502.13149334,
2026-06-11 16:39:00,1781195940,1502.13149334,1502.41924879,1469.23747635,1481.57804348,
2026-06-11 16:40:00,1781196000,1481.57804348,1495.78842708,1451.79420576,1457.56967761,
2026-06-11 16:41:00,1781196060,1457.56967761,1473.11907945,1431.26991981,1432.90050938,
2026-06-11 16:42:00,1781196120,1432.90050938,1448.3401054,1414.92823282,1444.40122944,
2026-06-11 16:43:00,1781196180,1444.40122944,1470.4006977,1430.92401632,1439.63647999,
2026-06-11 16:44:00,1781196240,1439.63647999,1444.6588514,1414.84997031,1430.53345127,
2026-06-11 16:45:00,1781196300,1430.53345127,1453.65033596,1397.87106429,1398.93254175,
2026-06-11 16:46:00,1781196360,1398.93254175,1423.76912244,1396.18927829,1409.32706799,
2026-06-11 16:47:00,1781196420,1409.32706799,1419.07481617,1397.18558987,1414.96646984,
2026-06-11 16:48:00,1781196480,1414.96646984,1444.71274876,1414.96646984,1439.18150409,
2026-06-11 16:49:00,1781196540,1439.18150409,1439.25076319,1387.18465746,1405.65614101,
2026-06-11 16:50:00,1781196600,1405.65614101,1411.50926863,1368.74773172,1409.52192299,
2026-06-11 16:51:00,1781196660,1409.52192299,1413.61853187,1387.8224386,1389.89636651,
2026-06-11 16:52:00,1781196720,1389.89636651,1401.68065052,1367.95863502,1384.30986739,
2026-06-11 16:53:00,1781196780,1384.30986739,1412.72029029,1378.11728972,1404.28175459,
2026-06-11 16:54:00,1781196840,1404.28175459,1429.49623634,1392.64810609,1395.18191286,
2026-06-11 16:55:00,1781196900,1395.18191286,1397.5089765,1370.37102458,1372.49350538,
2026-06-11 16:56:00,1781196960,1372.49350538,1395.71999877,1365.64398297,1375.30247952,
2026-06-11 16:57:00,1781197020,1375.30247952,1379.12987512,1366.53732666,1374.51961396,
2026-06-11 16:58:00,1781197080,1374.51961396,1384.77707894,1368.03621535,1368.03621535,
2026-06-11 16:59:00,1781197140,1368.03621535,1377.33171092,1358.7964028,1359.49875602,
2026-06-11 17:00:00,1781197200,1359.49875602,1361.19870911,1340.77113585,1354.76256793,
2026-06-11 17:01:00,1781197260,1354.76256793,1393.7968934,1354.76036068,1361.97180146,
2026-06-11 17:02:00,1781197320,1361.97180146,1374.51252647,1336.05032983,1336.13827767,
2026-06-11 17:03:00,1781197380,1336.13827767,1339.22855548,1235.61205372,1248.65827821,
2026-06-11 17:04:00,1781197440,1248.65827821,1255.46751729,1224.87022818,1254.08159993,
2026-06-11 17:05:00,1781197500,1254.08159993,1297.75647838,1254.08159993,1293.36888962,
2026-06-11 17:06:00,1781197560,1293.36888962,1311.7098082,1282.88758265,1298.0773569,
2026-06-11 17:07:00,1781197620,1298.0773569,1321.0309349,1281.00448841,1311.11347804,
2026-06-11 17:08:00,1781197680,1311.11347804,1314.7648969,1290.79622291,1294.40948642,
2026-06-11 17:09:00,1781197740,1294.40948642,1323.82003146,1293.16618633,1313.46258389,
2026-06-11 17:10:00,1781197800,1313.46258389,1351.54262631,1301.79430905,1335.23851024,
2026-06-11 17:11:00,1781197860,1335.23851024,1338.77060071,1302.53486338,1302.53486338,
2026-06-11 17:12:00,1781197920,1302.53486338,1325.50242277,1262.75710902,1264.10495531,
2026-06-11 17:13:00,1781197980,1264.10495531,1281.84844039,1247.11065596,1277.04300035,
2026-06-11 17:14:00,1781198040,1277.04300035,1288.49195231,1270.54597923,1273.93910739,
2026-06-11 17:15:00,1781198100,1273.93910739,1293.87991465,1233.41401453,1286.37193485,
2026-06-11 17:16:00,1781198160,1286.37193485,1304.62765579,1282.63261427,1301.52520371,
2026-06-11 17:17:00,1781198220,1301.52520371,1301.52520371,1280.36578753,1287.05223546,
2026-06-11 17:18:00,1781198280,1287.05223546,1287.05223546,1231.67186281,1236.4830748,
2026-06-11 17:19:00,1781198340,1236.4830748,1252.02122073,1227.47906266,1227.69471275,
2026-06-11 17:20:00,1781198400,1227.69471275,1248.31287451,1208.59762442,1242.73308775,
2026-06-11 17:21:00,1781198460,1242.73308775,1251.22464945,1204.90080526,1220.09483596,
2026-06-11 17:22:00,1781198520,1220.09483596,1240.0672076,1198.28821914,1210.76459958,
2026-06-11 17:23:00,1781198580,1210.76459958,1234.42293442,1205.32767633,1226.5144838,
2026-06-11 17:24:00,1781198640,1226.5144838,1238.57619328,1197.12862146,1233.38300958,
2026-06-11 17:25:00,1781198700,1233.38300958,1239.67805287,1207.04664576,1223.84793049,
2026-06-11 17:26:00,1781198760,1223.84793049,1231.094354,1193.18339529,1193.90462889,
2026-06-11 17:27:00,1781198820,1193.90462889,1212.78809915,1185.01120667,1210.80357214,
2026-06-11 17:28:00,1781198880,1210.80357214,1476.91226246,1208.27732896,1403.36747579,
2026-06-11 17:29:00,1781198940,1403.36747579,1649.34804737,1377.3476947,1632.2404942,
2026-06-11 17:30:00,1781199000,1632.2404942,1779.31681988,1632.2404942,1709.42940476,
2026-06-11 17:31:00,1781199060,1709.42940476,1850.20823652,1659.39523854,1842.03480989,
2026-06-11 17:32:00,1781199120,1842.03480989,2042.42439635,1839.0408146,2042.34141465,
2026-06-11 17:33:00,1781199180,2042.34141465,2063.01520023,1929.27848166,1929.27848166,
2026-06-11 17:34:00,1781199240,1929.27848166,1948.54480261,1844.30742242,1905.53109527,
2026-06-11 17:35:00,1781199300,1905.53109527,1929.12191681,1795.86354859,1887.24267334,
2026-06-11 17:36:00,1781199360,1887.24267334,1902.91030837,1798.01136199,1819.08381812,
2026-06-11 17:37:00,1781199420,1819.08381812,1873.99096519,1793.28753854,1846.54658379,
2026-06-11 17:38:00,1781199480,1846.54658379,1889.44474704,1815.99904227,1873.57827231,
2026-06-11 17:39:00,1781199540,1873.57827231,1893.73248888,1833.95686258,1864.01762673,
2026-06-11 17:40:00,1781199600,1864.01762673,1956.81453233,1864.01762673,1943.72386774,
2026-06-11 17:41:00,1781199660,1943.72386774,1997.49955926,1920.1416439,1989.23535443,
2026-06-11 17:42:00,1781199720,1989.23535443,2006.54850572,1930.87789226,1962.24199191,
2026-06-11 17:43:00,1781199780,1962.24199191,1983.16675116,1921.50142143,1938.87549519,
2026-06-11 17:44:00,1781199840,1938.87549519,1967.95065351,1917.71194978,1954.03793265,
2026-06-11 17:45:00,1781199900,1954.03793265,2065.62436047,1953.26234156,2065.62436047,
2026-06-11 17:46:00,1781199960,2065.62436047,2066.03552035,1938.03584137,1970.51101312,
2026-06-11 17:47:00,1781200020,1970.51101312,2087.47652734,1968.97320792,2062.37520156,
2026-06-11 17:48:00,1781200080,2062.37520156,2122.63818846,2060.05988959,2070.99739046,
2026-06-11 17:49:00,1781200140,2070.99739046,2184.68614212,2005.58325358,2162.40954029,
2026-06-11 17:50:00,1781200200,2162.40954029,2168.15500974,2079.63777978,2080.5551061,
2026-06-11 17:51:00,1781200260,2080.5551061,2158.62121714,2051.90670223,2133.38913774,
2026-06-11 17:52:00,1781200320,2133.38913774,2176.05490824,2087.36890302,2091.53647114,
2026-06-11 17:53:00,1781200380,2091.53647114,2103.36607033,2045.77451249,2064.01479275,
2026-06-11 17:54:00,1781200440,2064.01479275,2069.66982636,2028.80481206,2063.99035312,
2026-06-11 17:55:00,1781200500,2063.99035312,2087.44936306,2044.51313025,2058.60818733,
2026-06-11 17:56:00,1781200560,2058.60818733,2061.41183013,1984.50618312,2023.98345736,
2026-06-11 17:57:00,1781200620,2023.98345736,2075.93746867,1999.95404695,2066.57043367,
2026-06-11 17:58:00,1781200680,2066.57043367,2142.43877696,2060.18683426,2122.91794308,
2026-06-11 17:59:00,1781200740,2122.91794308,2216.32738237,2094.32724142,2206.94363677,
2026-06-11 18:00:00,1781200800,2206.94363677,2268.15583652,2188.99208584,2232.30668142,
2026-06-11 18:01:00,1781200860,2232.30668142,2301.38727457,2225.50846452,2295.90316318,
2026-06-11 18:02:00,1781200920,2295.90316318,2339.61971169,2190.70825228,2190.70825228,
2026-06-11 18:03:00,1781200980,2190.70825228,2277.15531307,2149.46552352,2173.09771128,
2026-06-11 18:04:00,1781201040,2173.09771128,2178.62356349,2088.04661635,2106.69526573,
2026-06-11 18:05:00,1781201100,2106.69526573,2116.23051551,2028.14714222,2028.79733226,
2026-06-11 18:06:00,1781201160,2028.79733226,2046.55208406,1988.76812643,2017.78299009,
2026-06-11 18:07:00,1781201220,2017.78299009,2038.23945035,1992.92911853,2019.2473432,
2026-06-11 18:08:00,1781201280,2019.2473432,2040.60781371,1971.75667481,1971.75667481,
2026-06-11 18:09:00,1781201340,1971.75667481,1997.18495148,1946.94067699,1990.70326053,
2026-06-11 18:10:00,1781201400,1990.70326053,2000.29286399,1938.70763892,1969.96332272,
2026-06-11 18:11:00,1781201460,1969.96332272,2043.53185563,1943.52123882,2030.39613181,
2026-06-11 18:12:00,1781201520,2030.39613181,2094.93633003,2030.39613181,2051.20244437,
2026-06-11 18:13:00,1781201580,2051.20244437,2067.18701543,2021.84967023,2050.70425716,
2026-06-11 18:14:00,1781201640,2050.70425716,2072.76876558,2033.5412254,2066.91615508,
2026-06-11 18:15:00,1781201700,2066.91615508,2167.65321453,2059.84097752,2167.65321453,
2026-06-11 18:16:00,1781201760,2167.65321453,2185.76549309,2136.47159606,2171.43322437,
2026-06-11 18:17:00,1781201820,2171.43322437,2174.69108437,2117.34815094,2148.01920106,
2026-06-11 18:18:00,1781201880,2148.01920106,2162.09491987,2091.82466679,2117.81113225,
2026-06-11 18:19:00,1781201940,2117.81113225,2184.00346596,2089.08537548,2154.26692169,
2026-06-11 18:20:00,1781202000,2154.26692169,2169.38956808,2117.32593736,2137.95067768,
2026-06-11 18:21:00,1781202060,2137.95067768,2183.0131755,2126.00280766,2137.72833975,
2026-06-11 18:22:00,1781202120,2137.72833975,2137.72833975,1980.98367447,2033.42811458,
2026-06-11 18:23:00,1781202180,2033.42811458,2044.78143442,1980.98164182,1995.77691414,
2026-06-11 18:24:00,1781202240,1995.77691414,2021.44907213,1969.03661234,2007.54782991,
2026-06-11 18:25:00,1781202300,2007.54782991,2047.49899204,2001.47895493,2046.18081909,
2026-06-11 18:26:00,1781202360,2046.18081909,2054.64035376,2022.55637249,2052.47470134,
2026-06-11 18:27:00,1781202420,2052.47470134,2058.96541105,2027.8703752,2037.37009565,
2026-06-11 18:28:00,1781202480,2037.37009565,2040.53789706,1988.57007506,2021.33656306,
2026-06-11 18:29:00,1781202540,2021.33656306,2031.56641702,1986.20715045,2009.19644111,
2026-06-11 18:30:00,1781202600,2009.19644111,2070.92843227,1999.57173645,2070.51446517,
2026-06-11 18:31:00,1781202660,2070.51446517,2072.65566593,2040.49903603,2048.50795305,
2026-06-11 18:32:00,1781202720,2048.50795305,2048.50795305,1991.28209817,2017.0933253,
2026-06-11 18:33:00,1781202780,2017.0933253,2063.97932121,1998.29559457,2055.66455112,
2026-06-11 18:34:00,1781202840,2055.66455112,2067.49135702,2039.08971181,2040.51851079,
2026-06-11 18:35:00,1781202900,2040.51851079,2067.87011773,2039.28808562,2059.37284705,
2026-06-11 18:36:00,1781202960,2059.37284705,2128.10438575,2054.9945235,2120.08189231,
2026-06-11 18:37:00,1781203020,2120.08189231,2129.72571418,2100.97451108,2109.60514998,
2026-06-11 18:38:00,1781203080,2109.60514998,2121.66848713,2093.28809057,2116.06968793,
2026-06-11 18:39:00,1781203140,2116.06968793,2137.71792541,2104.9401603,2124.25608117,
2026-06-11 18:40:00,1781203200,2124.25608117,2153.64470171,2108.17533757,2110.73289914,
2026-06-11 18:41:00,1781203260,2110.73289914,2133.27134978,2100.08531407,2106.4982314,
2026-06-11 18:42:00,1781203320,2106.4982314,2114.67915099,2094.95310861,2106.63018538,
2026-06-11 18:43:00,1781203380,2106.63018538,2145.03919541,2100.42863689,2137.31810653,
2026-06-11 18:44:00,1781203440,2137.31810653,2141.81026581,2123.82215493,2139.22350906,
2026-06-11 18:45:00,1781203500,2139.22350906,2143.45692947,2111.34562899,2130.98098987,
2026-06-11 18:46:00,1781203560,2130.98098987,2138.06523597,2121.32176257,2126.51045752,
2026-06-11 18:47:00,1781203620,2126.51045752,2165.51085698,2119.12550252,2164.6140545,
2026-06-11 18:48:00,1781203680,2164.6140545,2164.6140545,2127.37148334,2129.85876188,
2026-06-11 18:49:00,1781203740,2129.85876188,2130.35496163,2092.89348035,2114.90873931,
2026-06-11 18:50:00,1781203800,2114.90873931,2136.51366107,2107.37311126,2111.47259534,
2026-06-11 18:51:00,1781203860,2111.47259534,2113.02953576,2085.49134608,2085.49134608,
2026-06-11 18:52:00,1781203920,2085.49134608,2138.10444999,2084.58075456,2138.10444999,
2026-06-11 18:53:00,1781203980,2138.10444999,2159.91502738,2123.43544945,2140.51597546,
2026-06-11 18:54:00,1781204040,2140.51597546,2143.17736008,2108.36070636,2108.5597604,
2026-06-11 18:55:00,1781204100,2108.5597604,2120.56880913,2090.78888091,2094.58057374,
2026-06-11 18:56:00,1781204160,2094.58057374,2137.85068577,2083.27166554,2127.24924863,
2026-06-11 18:57:00,1781204220,2127.24924863,2132.96742854,2109.95200611,2126.70249732,
2026-06-11 18:58:00,1781204280,2126.70249732,2135.68623285,2098.00513653,2098.82470684,
2026-06-11 18:59:00,1781204340,2098.82470684,2099.97205929,2060.50126088,2065.12704772,
2026-06-11 19:00:00,1781204400,2065.12704772,2082.81289722,2029.9054996,2076.64656815,
2026-06-11 19:01:00,1781204460,2076.64656815,2135.86189596,2070.22399542,2121.68170696,
2026-06-11 19:02:00,1781204520,2121.68170696,2183.16298011,2121.37892572,2145.66154732,
2026-06-11 19:03:00,1781204580,2145.66154732,2150.36057999,2094.83652167,2108.17685878,
2026-06-11 19:04:00,1781204640,2108.17685878,2123.38627472,2088.96781548,2097.81902962,
2026-06-11 19:05:00,1781204700,2097.81902962,2114.53548093,2089.07153495,2092.1838282,
2026-06-11 19:06:00,1781204760,2092.1838282,2097.79158517,2063.41242473,2084.86190214,
2026-06-11 19:07:00,1781204820,2084.86190214,2087.55875979,2064.24593866,2069.01600753,
2026-06-11 19:08:00,1781204880,2069.01600753,2073.05534074,2005.66252929,2031.97652955,
2026-06-11 19:09:00,1781204940,2031.97652955,2063.45164845,2024.03322298,2026.36679564,
2026-06-11 19:10:00,1781205000,2026.36679564,2075.05932867,2024.47908827,2049.44054301,
2026-06-11 19:11:00,1781205060,2049.44054301,2057.23384412,2000.15573827,2030.13629157,
2026-06-11 19:12:00,1781205120,2030.13629157,2159.14283596,2030.13629157,2122.55587099,
2026-06-11 19:13:00,1781205180,2122.55587099,2139.59968028,2057.31069886,2112.16878886,
2026-06-11 19:14:00,1781205240,2112.16878886,2152.03111711,2101.98626313,2121.0275329,
2026-06-11 19:15:00,1781205300,2121.0275329,2170.9208739,2114.1521214,2163.51454463,
2026-06-11 19:16:00,1781205360,2163.51454463,2188.27846112,2157.37373754,2176.49639216,
2026-06-11 19:17:00,1781205420,2176.49639216,2229.16789046,2165.52790205,2215.95869846,
2026-06-11 19:18:00,1781205480,2215.95869846,2249.43342355,2215.32482199,2232.07193208,
2026-06-11 19:19:00,1781205540,2232.07193208,2232.07193208,2180.90443219,2205.00271803,
2026-06-11 19:20:00,1781205600,2205.00271803,2258.49660275,2205.00101046,2216.39253395,
2026-06-11 19:21:00,1781205660,2216.39253395,2225.15219509,2200.57918626,2212.02362048,
2026-06-11 19:22:00,1781205720,2212.02362048,2237.95760719,2211.09267688,2227.42137298,
2026-06-11 19:23:00,1781205780,2227.42137298,2265.54390496,2226.78569099,2245.82092251,
2026-06-11 19:24:00,1781205840,2245.82092251,2266.49326029,2231.53147362,2248.55952666,
2026-06-11 19:25:00,1781205900,2248.55952666,2248.55952666,2196.94775217,2237.4145285,
2026-06-11 19:26:00,1781205960,2237.4145285,2250.70014693,2197.66899286,2246.27943307,
2026-06-11 19:27:00,1781206020,2246.27943307,2246.36264466,2181.75585036,2195.23694472,
2026-06-11 19:28:00,1781206080,2195.23694472,2200.75029498,2164.09362038,2198.12589235,
2026-06-11 19:29:00,1781206140,2198.12589235,2213.83775811,2171.22531412,2175.32522807,
2026-06-11 19:30:00,1781206200,2175.32522807,2431.46094058,2170.37333148,2431.46094058,
2026-06-11 19:31:00,1781206260,2431.46094058,2431.46094058,2329.45446376,2365.16241964,
2026-06-11 19:32:00,1781206320,2365.16241964,2439.46234779,2362.12050766,2413.46775915,
2026-06-11 19:33:00,1781206380,2413.46775915,2475.64677755,2378.55315087,2432.83906406,
2026-06-11 19:34:00,1781206440,2432.83906406,2443.89852836,2289.93179181,2322.50346184,
2026-06-11 19:35:00,1781206500,2322.50346184,2341.22748964,2270.6232771,2328.68732008,
2026-06-11 19:36:00,1781206560,2328.68732008,2359.11650786,2305.6909609,2321.31597085,
2026-06-11 19:37:00,1781206620,2321.31597085,2378.93686155,2305.37465399,2354.82257173,
2026-06-11 19:38:00,1781206680,2354.82257173,2359.02770742,2299.41449516,2300.72806285,
2026-06-11 19:39:00,1781206740,2300.72806285,2312.71784355,2242.0627726,2247.32357541,
2026-06-11 19:40:00,1781206800,2247.32357541,2310.34959773,2247.32182338,2304.42526419,
2026-06-11 19:41:00,1781206860,2304.42526419,2356.70050658,2303.31557341,2345.76960396,
2026-06-11 19:42:00,1781206920,2345.76960396,2357.36996139,2337.51540141,2347.09090913,
2026-06-11 19:43:00,1781206980,2347.09090913,2351.88918458,2315.02685307,2319.82702505,
2026-06-11 19:44:00,1781207040,2319.82702505,2323.3245039,2247.11428787,2261.80400012,
2026-06-11 19:45:00,1781207100,2261.80400012,2263.28245919,2236.97380736,2257.70359365,
2026-06-11 19:46:00,1781207160,2257.70359365,2266.87397605,2216.15883983,2226.35163373,
2026-06-11 19:47:00,1781207220,2226.35163373,2287.37430787,2226.34986565,2286.29652114,
2026-06-11 19:48:00,1781207280,2286.29652114,2296.4529028,2251.90841905,2276.92770199,
2026-06-11 19:49:00,1781207340,2276.92770199,2292.07412684,2245.4073514,2251.13048351,
2026-06-11 19:50:00,1781207400,2251.13048351,2270.44263869,2199.15684815,2226.72039572,
2026-06-11 19:51:00,1781207460,2226.72039572,2269.0214811,2217.50638562,2267.23094897,
2026-06-11 19:52:00,1781207520,2267.23094897,2276.03801848,2221.99638764,2245.30375703,
2026-06-11 19:53:00,1781207580,2245.30375703,2260.05662991,2225.95902937,2258.07739373,
2026-06-11 19:54:00,1781207640,2258.07739373,2273.15057058,2247.74247761,2273.15057058,
2026-06-11 19:55:00,1781207700,2273.15057058,2273.18607324,2208.8315459,2242.43532605,
2026-06-11 19:56:00,1781207760,2242.43532605,2247.04043858,2231.05095574,2235.68463949,
2026-06-11 19:57:00,1781207820,2235.68463949,2247.26293853,2212.55982133,2240.3796049,
2026-06-11 19:58:00,1781207880,2240.3796049,2252.055032,2213.79699598,2216.11305195,
2026-06-11 19:59:00,1781207940,2216.11305195,2235.08840604,2182.72063721,2188.86639467,
2026-06-11 20:00:00,1781208000,2188.86639467,2229.64829773,2132.05328746,2143.44730707,
2026-06-11 20:01:00,1781208060,2143.44730707,2201.84376964,2138.90608915,2178.07394801,
2026-06-11 20:02:00,1781208120,2178.07394801,2238.73185166,2155.0865889,2216.09619985,
2026-06-11 20:03:00,1781208180,2216.09619985,2230.83698171,2168.61150881,2199.07081497,
2026-06-11 20:04:00,1781208240,2199.07081497,2212.58706719,2180.32255526,2189.52738636,
2026-06-11 20:05:00,1781208300,2189.52738636,2232.84186772,2186.24787114,2220.71213351,
2026-06-11 20:06:00,1781208360,2220.71213351,2221.09122342,2186.26874453,2186.76593509,
2026-06-11 20:07:00,1781208420,2186.76593509,2190.36111549,2151.42410568,2171.35600872,
2026-06-11 20:08:00,1781208480,2171.35600872,2172.52055834,2134.67946222,2152.99784577,
2026-06-11 20:09:00,1781208540,2152.99784577,2164.09882034,2149.25740484,2155.49611441,
2026-06-11 20:10:00,1781208600,2155.49611441,2155.49611441,2104.41544425,2108.13921582,
2026-06-11 20:11:00,1781208660,2108.13921582,2120.69198019,2089.47840123,2114.77184613,
2026-06-11 20:12:00,1781208720,2114.77184613,2123.14492739,2111.3627698,2119.05575578,
2026-06-11 20:13:00,1781208780,2119.05575578,2129.95289759,2094.27876091,2107.42260823,
2026-06-11 20:14:00,1781208840,2107.42260823,2131.40745267,2104.47995194,2121.60309228,
2026-06-11 20:15:00,1781208900,2121.60309228,2128.57134043,2097.3897522,2101.68741775,
2026-06-11 20:16:00,1781208960,2101.68741775,2116.57425637,2095.90238188,2115.45799033,
2026-06-11 20:17:00,1781209020,2115.45799033,2134.04360721,2109.03317073,2127.20047374,
2026-06-11 20:18:00,1781209080,2127.20047374,2137.53305252,2112.53702654,2113.27290114,
2026-06-11 20:19:00,1781209140,2113.27290114,2136.86873655,2113.27290114,2119.0503052,
2026-06-11 20:20:00,1781209200,2119.0503052,2127.88091421,2118.6306687,2122.08883352,
2026-06-11 20:21:00,1781209260,2122.08883352,2127.26431288,2074.55993138,2074.55993138,
2026-06-11 20:22:00,1781209320,2074.55993138,2075.79990869,2055.37394378,2067.7218929,
2026-06-11 20:23:00,1781209380,2067.7218929,2084.92974407,2067.63716958,2084.59684116,
2026-06-11 20:24:00,1781209440,2084.59684116,2089.14141728,2073.35600407,2076.27763728,
2026-06-11 20:25:00,1781209500,2076.27763728,2077.61048715,2040.4885524,2054.21312164,
2026-06-11 20:26:00,1781209560,2054.21312164,2079.65639202,2023.82350604,2026.54162963,
2026-06-11 20:27:00,1781209620,2026.54162963,2057.99492047,2014.8379796,2015.80582398,
2026-06-11 20:28:00,1781209680,2015.80582398,2015.80582398,1940.34199862,1973.137103,
2026-06-11 20:29:00,1781209740,1973.137103,1975.95119979,1959.58156127,1973.6960676,
2026-06-11 20:30:00,1781209800,1973.6960676,1974.53963171,1952.49928006,1967.69236388,
2026-06-11 20:31:00,1781209860,1967.69236388,1992.45512331,1948.02937841,1953.21456374,
2026-06-11 20:32:00,1781209920,1953.21456374,1981.54113448,1948.88922072,1977.77254806,
2026-06-11 20:33:00,1781209980,1977.77254806,2008.06881819,1965.33512584,1994.88852978,
2026-06-11 20:34:00,1781210040,1994.88852978,2007.01611028,1982.06392133,1988.91140084,
2026-06-11 20:35:00,1781210100,1988.91140084,1988.91140084,1947.38140354,1953.22841238,
2026-06-11 20:36:00,1781210160,1953.22841238,1958.2281377,1932.17048067,1940.53500757,
2026-06-11 20:37:00,1781210220,1940.53500757,1946.32477333,1929.84308485,1943.57020402,
2026-06-11 20:38:00,1781210280,1943.57020402,1950.47551559,1934.53130152,1936.46988587,
2026-06-11 20:39:00,1781210340,1936.46988587,1945.95809654,1925.68421987,1944.2093804,
2026-06-11 20:40:00,1781210400,1944.2093804,1974.8349531,1939.62927425,1963.6360263,
2026-06-11 20:41:00,1781210460,1963.6360263,1964.20897455,1925.82133403,1925.82133403,
2026-06-11 20:42:00,1781210520,1925.82133403,1925.90285177,1905.25448727,1909.70337973,
2026-06-11 20:43:00,1781210580,1909.70337973,1922.85927243,1905.20955291,1909.3974388,
2026-06-11 20:44:00,1781210640,1909.3974388,1920.76044573,1894.00591042,1894.88935512,
2026-06-11 20:45:00,1781210700,1894.88935512,1904.13165297,1880.12616678,1903.26561482,
2026-06-11 20:46:00,1781210760,1903.26561482,1903.26561482,1879.60273154,1886.89889544,
2026-06-11 20:47:00,1781210820,1886.89889544,1905.1656611,1882.13442449,1890.63570664,
2026-06-11 20:48:00,1781210880,1890.63570664,1893.02137997,1879.72396138,1884.06027299,
2026-06-11 20:49:00,1781210940,1884.06027299,1894.50316914,1884.01627221,1887.0069934,
2026-06-11 20:50:00,1781211000,1887.0069934,1899.75777201,1885.93999534,1886.09684738,
2026-06-11 20:51:00,1781211060,1886.09684738,1924.07476871,1886.06838592,1924.07476871,
2026-06-11 20:52:00,1781211120,1924.07476871,1974.95121173,1920.04906182,1974.74118307,
2026-06-11 20:53:00,1781211180,1974.74118307,1980.7033764,1955.7624865,1980.7033764,
2026-06-11 20:54:00,1781211240,1980.7033764,1988.15681729,1971.47579564,1983.35396355,
2026-06-11 20:55:00,1781211300,1983.35396355,1983.65961564,1969.10258308,1973.16721366,
2026-06-11 20:56:00,1781211360,1973.16721366,1985.44516545,1971.52220424,1982.40015705,
2026-06-11 20:57:00,1781211420,1982.40015705,1990.54963045,1975.92883653,1987.50647942,
2026-06-11 20:58:00,1781211480,1987.50647942,1994.77880192,1959.48989262,1971.45461083,
2026-06-11 20:59:00,1781211540,1971.45461083,1996.22728932,1971.45461083,1974.79842747,
2026-06-11 21:00:00,1781211600,1974.79842747,2000.14855687,1974.79842747,1993.86208299,
2026-06-11 21:01:00,1781211660,1993.86208299,2019.11236782,1993.8280162,2010.78282081,
2026-06-11 21:02:00,1781211720,2010.78282081,2010.78282081,1987.00058415,1988.75866367,
2026-06-11 21:03:00,1781211780,1988.75866367,1989.41577412,1983.89470321,1989.41047234,
2026-06-11 21:04:00,1781211840,1989.41047234,2036.05553238,1986.00751002,2033.30203014,
2026-06-11 21:05:00,1781211900,2033.30203014,2064.82337022,2030.4567135,2038.5534315,
2026-06-11 21:06:00,1781211960,2038.5534315,2043.95378194,2031.680918,2037.88151425,
2026-06-11 21:07:00,1781212020,2037.88151425,2060.001287,2037.86456163,2039.98191314,
2026-06-11 21:08:00,1781212080,2039.98191314,2062.64041877,2039.54699027,2056.45434229,
2026-06-11 21:09:00,1781212140,2056.45434229,2057.36580406,2043.65047651,2046.26081572,
2026-06-11 21:10:00,1781212200,2046.26081572,2049.34085449,2045.73852099,2045.82058563,
2026-06-11 21:11:00,1781212260,2045.82058563,2051.90201904,2037.31539886,2046.78765862,
2026-06-11 21:12:00,1781212320,2046.78765862,2056.87297816,2046.70212724,2056.8712658,
2026-06-11 21:13:00,1781212380,2056.8712658,2151.68471638,2056.86955343,2139.23514245,
2026-06-11 21:14:00,1781212440,2139.23514245,2141.12916964,2115.4419857,2117.32921388,
2026-06-11 21:15:00,1781212500,2117.32921388,2117.41388606,2096.61909223,2103.16881028,
2026-06-11 21:16:00,1781212560,2103.16881028,2109.11912842,2080.93487508,2090.78376327,
2026-06-11 21:17:00,1781212620,2090.78376327,2103.41700612,2082.83366169,2085.39521335,
2026-06-11 21:18:00,1781212680,2085.39521335,2095.65892516,2078.6632247,2089.23341652,
2026-06-11 21:19:00,1781212740,2089.23341652,2098.5640902,2084.74745072,2090.62019085,
2026-06-11 21:20:00,1781212800,2090.62019085,2099.11889293,2080.17145954,2086.04879379,
2026-06-11 21:21:00,1781212860,2086.04879379,2091.93613363,2070.09116655,2090.99156138,
2026-06-11 21:22:00,1781212920,2090.99156138,2110.09877001,2090.98814332,2109.33762717,
2026-06-11 21:23:00,1781212980,2109.33762717,2126.77637529,2109.24968792,2115.41375026,
2026-06-11 21:24:00,1781213040,2115.41375026,2115.41375026,2082.2144506,2088.44382892,
2026-06-11 21:25:00,1781213100,2088.44382892,2088.44382892,2051.85931868,2064.2809703,
2026-06-11 21:26:00,1781213160,2064.2809703,2064.2809703,2032.25229102,2032.83461895,
2026-06-11 21:27:00,1781213220,2032.83461895,2039.96795912,2028.16182376,2038.89248132,
2026-06-11 21:28:00,1781213280,2038.89248132,2040.59165456,2018.22554483,2030.70182085,
2026-06-11 21:29:00,1781213340,2030.70182085,2054.84542911,2030.36604605,2054.39805799,
2026-06-11 21:30:00,1781213400,2054.39805799,2068.50778364,2054.22859352,2068.45024823,
2026-06-11 21:31:00,1781213460,2068.45024823,2073.8564975,2062.75527401,2069.90133472,
2026-06-11 21:32:00,1781213520,2069.90133472,2083.77720336,2063.5108946,2083.64529367,
2026-06-11 21:33:00,1781213580,2083.64529367,2084.80579723,2078.8520444,2081.19148657,
2026-06-11 21:34:00,1781213640,2081.19148657,2081.22855782,2058.46112054,2062.0855026,
2026-06-11 21:35:00,1781213700,2062.0855026,2062.50182784,2036.099519,2043.47636979,
2026-06-11 21:36:00,1781213760,2043.47636979,2056.01885252,2043.47636979,2053.8875156,
2026-06-11 21:37:00,1781213820,2053.8875156,2054.80288158,2044.93233685,2045.26726765,
2026-06-11 21:38:00,1781213880,2045.26726765,2086.50862527,2045.1817838,2083.39197922,
2026-06-11 21:39:00,1781213940,2083.39197922,2091.10207189,2070.77211903,2091.00557507,
2026-06-11 21:40:00,1781214000,2091.00557507,2104.14551437,2053.66349306,2058.12898445,
2026-06-11 21:41:00,1781214060,2058.12898445,2069.68804219,2050.40579776,2069.1772913,
2026-06-11 21:42:00,1781214120,2069.1772913,2092.86031197,2069.17556881,2087.83901366,
2026-06-11 21:43:00,1781214180,2087.83901366,2089.05251394,2060.98953464,2063.00039166,
2026-06-11 21:44:00,1781214240,2063.00039166,2097.69842727,2061.0770521,2096.5543828,
2026-06-11 21:45:00,1781214300,2096.5543828,2115.64498102,2085.30808819,2095.05444908,
2026-06-11 21:46:00,1781214360,2095.05444908,2121.39047319,2091.8293568,2105.40497448,
2026-06-11 21:47:00,1781214420,2105.40497448,2124.84028934,2092.7575613,2110.89678147,
2026-06-11 21:48:00,1781214480,2110.89678147,2131.35959301,2106.2232379,2128.2970793,
2026-06-11 21:49:00,1781214540,2128.2970793,2135.26439665,2108.24761761,2110.0171305,
2026-06-11 21:50:00,1781214600,2110.0171305,2111.16267159,2090.44000128,2090.52439857,
2026-06-11 21:51:00,1781214660,2090.52439857,2108.56059138,2083.16991504,2108.38438656,
2026-06-11 21:52:00,1781214720,2108.38438656,2125.8700443,2098.45999591,2109.96753365,
2026-06-11 21:53:00,1781214780,2109.96753365,2114.12177936,2100.22677222,2100.22677222,
2026-06-11 21:54:00,1781214840,2100.22677222,2102.96472368,2068.46258613,2080.33243573,
2026-06-11 21:55:00,1781214900,2080.33243573,2080.41685967,2046.89598152,2048.37914786,
2026-06-11 21:56:00,1781214960,2048.37914786,2052.48230543,2031.37840232,2031.74552834,
2026-06-11 21:57:00,1781215020,2031.74552834,2043.29941498,2025.03140149,2042.14188515,
2026-06-11 21:58:00,1781215080,2042.14188515,2069.4033893,2042.1348631,2069.23127748,
2026-06-11 21:59:00,1781215140,2069.23127748,2083.51089642,2038.89711362,2083.12959939,
2026-06-11 22:00:00,1781215200,2083.12959939,2118.02400781,2065.98988835,2114.5510918,
2026-06-11 22:01:00,1781215260,2114.5510918,2130.11332614,2095.15678914,2130.11332614,
2026-06-11 22:02:00,1781215320,2130.11332614,2143.89556596,2091.41960078,2121.65514678,
2026-06-11 22:03:00,1781215380,2121.65514678,2143.23694881,2119.18912952,2139.33109695,
2026-06-11 22:04:00,1781215440,2139.33109695,2193.90911698,2126.84340584,2131.68027135,
2026-06-11 22:05:00,1781215500,2131.68027135,2168.7079328,2125.16772572,2145.59718027,
2026-06-11 22:06:00,1781215560,2145.59718027,2179.8908467,2127.22197879,2156.66715139,
2026-06-11 22:07:00,1781215620,2156.66715139,2208.97295433,2156.66715139,2193.50880446,
2026-06-11 22:08:00,1781215680,2193.50880446,2200.05770221,2167.38344598,2184.74910142,
2026-06-11 22:09:00,1781215740,2184.74910142,2213.83393274,2184.74910142,2186.56269934,
2026-06-11 22:10:00,1781215800,2186.56269934,2186.56269934,2159.15425158,2183.88506215,
2026-06-11 22:11:00,1781215860,2183.88506215,2205.48182169,2163.25506029,2164.96417453,
2026-06-11 22:12:00,1781215920,2164.96417453,2169.19783997,2138.4384992,2146.694239,
2026-06-11 22:13:00,1781215980,2146.694239,2176.01427923,2143.26191909,2169.40495342,
2026-06-11 22:14:00,1781216040,2169.40495342,2187.88059464,2167.95261428,2178.15647025,
2026-06-11 22:15:00,1781216100,2178.15647025,2187.18237117,2148.78581352,2162.34428878,
2026-06-11 22:16:00,1781216160,2162.34428878,2215.29594952,2155.76938645,2183.76892273,
2026-06-11 22:17:00,1781216220,2183.76892273,2217.32315462,2178.36061548,2189.52789992,
2026-06-11 22:18:00,1781216280,2189.52789992,2193.72726516,2174.23976568,2187.65677845,
2026-06-11 22:19:00,1781216340,2187.65677845,2191.05999756,2173.42808471,2183.84477741,
2026-06-11 22:20:00,1781216400,2183.84477741,2187.36661533,2164.04576421,2172.20798151,
2026-06-11 22:21:00,1781216460,2172.20798151,2173.57924486,2156.08220992,2157.13420447,
2026-06-11 22:22:00,1781216520,2157.13420447,2157.13420447,2116.63330202,2118.53430415,
2026-06-11 22:23:00,1781216580,2118.53430415,2134.51383546,2106.31665837,2123.14437822,
2026-06-11 22:24:00,1781216640,2123.14437822,2133.70792075,2108.88744547,2112.01803844,
2026-06-11 22:25:00,1781216700,2112.01803844,2118.69392131,2091.00564638,2112.61219491,
2026-06-11 22:26:00,1781216760,2112.61219491,2118.75239678,2102.64297822,2108.2488115,
2026-06-11 22:27:00,1781216820,2108.2488115,2118.4473537,2104.59149442,2111.0987344,
2026-06-11 22:28:00,1781216880,2111.0987344,2129.19540774,2096.66941208,2122.92005595,
2026-06-11 22:29:00,1781216940,2122.92005595,2151.51024896,2122.92005595,2142.83887436,
2026-06-11 22:30:00,1781217000,2142.83887436,2158.2832368,2129.7057048,2155.49581182,
2026-06-11 22:31:00,1781217060,2155.49581182,2189.1599241,2147.34267426,2148.20520697,
2026-06-11 22:32:00,1781217120,2148.20520697,2148.88743099,2119.09131844,2119.68206327,
2026-06-11 22:33:00,1781217180,2119.68206327,2138.4820936,2109.22022518,2123.71504339,
2026-06-11 22:34:00,1781217240,2123.71504339,2136.50736875,2085.61710242,2085.61710242,
2026-06-11 22:35:00,1781217300,2085.61710242,2115.44374185,2060.48898567,2115.29839307,
2026-06-11 22:36:00,1781217360,2115.29839307,2133.55624434,2113.16431276,2126.71049429,
2026-06-11 22:37:00,1781217420,2126.71049429,2126.79421889,2107.04458003,2109.18551332,
2026-06-11 22:38:00,1781217480,2109.18551332,2109.42573716,2076.98980604,2081.14475196,
2026-06-11 22:39:00,1781217540,2081.14475196,2097.36941833,2064.86971145,2093.31204942,
2026-06-11 22:40:00,1781217600,2093.31204942,2115.24104714,2082.72690586,2091.49997292,
2026-06-11 22:41:00,1781217660,2091.49997292,2093.83504475,2068.6539772,2072.52467227,
2026-06-11 22:42:00,1781217720,2072.52467227,2076.24407117,2061.31173245,2061.31173245,
2026-06-11 22:43:00,1781217780,2061.31173245,2073.44129636,2055.11238543,2072.67359176,
2026-06-11 22:44:00,1781217840,2072.67359176,2072.84305444,2060.2113215,2062.61080049,
2026-06-11 22:45:00,1781217900,2062.61080049,2083.86167241,2059.05323187,2071.13076054,
2026-06-11 22:46:00,1781217960,2071.13076054,2071.60847553,2036.57937824,2041.08094778,
2026-06-11 22:47:00,1781218020,2041.08094778,2042.51133954,2029.7465808,2029.7465808,
2026-06-11 22:48:00,1781218080,2029.7465808,2041.00284865,2022.91200891,2036.76471689,
2026-06-11 22:49:00,1781218140,2036.76471689,2088.4575466,2036.07208405,2062.67234102,
2026-06-11 22:50:00,1781218200,2062.67234102,2091.43325505,2060.66173673,2088.52351225,
2026-06-11 22:51:00,1781218260,2088.52351225,2095.59639676,2074.68522906,2076.19760139,
2026-06-11 22:52:00,1781218320,2076.19760139,2090.91312261,2070.15492584,2089.97888861,
2026-06-11 22:53:00,1781218380,2089.97888861,2089.97888861,2069.94971535,2075.85608927,
2026-06-11 22:54:00,1781218440,2075.85608927,2098.22101804,2073.49614219,2097.87852623,
2026-06-11 22:55:00,1781218500,2097.87852623,2116.84044377,2089.67952519,2114.94354069,
2026-06-11 22:56:00,1781218560,2114.94354069,2133.44295452,2083.93023977,2083.93023977,
2026-06-11 22:57:00,1781218620,2083.93023977,2104.72510971,2083.93023977,2102.56264846,
2026-06-11 22:58:00,1781218680,2102.56264846,2102.56264846,2084.78301858,2095.48224648,
2026-06-11 22:59:00,1781218740,2095.48224648,2095.65104624,2053.74851989,2058.02284123,
2026-06-11 23:00:00,1781218800,2058.02284123,2058.52694504,2007.64265132,2008.98508105,
2026-06-11 23:01:00,1781218860,2008.98508105,2010.83231384,1991.48172007,1998.41090912,
2026-06-11 23:02:00,1781218920,1998.41090912,2022.14995734,1972.56114223,2007.61692112,
2026-06-11 23:03:00,1781218980,2007.61692112,2010.55659507,1942.91686874,1978.81297882,
2026-06-11 23:04:00,1781219040,1978.81297882,2001.55697639,1971.2040758,1991.37317372,
2026-06-11 23:05:00,1781219100,1991.37317372,2005.24488873,1982.50746191,1986.13252904,
2026-06-11 23:06:00,1781219160,1986.13252904,1988.62523012,1970.73091074,1976.58397639,
2026-06-11 23:07:00,1781219220,1976.58397639,1982.59420718,1964.34868519,1967.33254733,
2026-06-11 23:08:00,1781219280,1967.33254733,1970.21656506,1935.35070695,1946.07313906,
2026-06-11 23:09:00,1781219340,1946.07313906,1946.07313906,1933.05324218,1937.5998653,
2026-06-11 23:10:00,1781219400,1937.5998653,1958.84789514,1934.025442,1950.25323377,
2026-06-11 23:11:00,1781219460,1950.25323377,1958.42589837,1942.17161374,1949.19575549,
2026-06-11 23:12:00,1781219520,1949.19575549,1989.8688793,1948.36102301,1988.0331969,
2026-06-11 23:13:00,1781219580,1988.0331969,1988.0331969,1954.11382111,1969.24118691,
2026-06-11 23:14:00,1781219640,1969.24118691,1982.32273499,1966.5953284,1971.12616991,
2026-06-11 23:15:00,1781219700,1971.12616991,1989.03002368,1956.69549101,1988.0663537,
2026-06-11 23:16:00,1781219760,1988.0663537,2000.89859861,1967.00166048,1989.75145041,
2026-06-11 23:17:00,1781219820,1989.75145041,1989.75145041,1957.80553301,1958.37530457,
2026-06-11 23:18:00,1781219880,1958.37530457,1969.08781121,1950.22366587,1964.95771161,
2026-06-11 23:19:00,1781219940,1964.95771161,1992.87734566,1961.47955901,1985.54546329,
2026-06-11 23:20:00,1781220000,1985.54546329,1987.27929869,1962.12179128,1964.79312303,
2026-06-11 23:21:00,1781220060,1964.79312303,1973.52487466,1961.77297806,1961.77297806,
2026-06-11 23:22:00,1781220120,1961.77297806,1995.40786998,1961.6295046,1991.00449409,
2026-06-11 23:23:00,1781220180,1991.00449409,1996.33913725,1980.88960973,1989.73403517,
2026-06-11 23:24:00,1781220240,1989.73403517,1989.90017083,1953.89790613,1962.7464113,
2026-06-11 23:25:00,1781220300,1962.7464113,1975.36112804,1953.0291417,1955.06507214,
2026-06-11 23:26:00,1781220360,1955.06507214,1983.72518955,1954.47934492,1976.51575273,
2026-06-11 23:27:00,1781220420,1976.51575273,1984.25818906,1945.2979954,1946.57264508,
2026-06-11 23:28:00,1781220480,1946.57264508,1947.37737578,1944.76053454,1945.39455551,
2026-06-11 23:29:00,1781220540,1945.39455551,1957.94367281,1942.89417034,1948.85813168,
2026-06-11 23:30:00,1781220600,1948.85813168,1975.61623632,1948.26255897,1964.1097952,
2026-06-11 23:31:00,1781220660,1964.1097952,2026.98029931,1956.97784165,2019.35882238,
2026-06-11 23:32:00,1781220720,2019.35882238,2046.86521111,2019.26779469,2036.18983608,
2026-06-11 23:33:00,1781220780,2036.18983608,2070.87848289,2015.93155061,2070.87682813,
2026-06-11 23:34:00,1781220840,2070.87682813,2070.94868707,2047.0743953,2067.14377878,
2026-06-11 23:35:00,1781220900,2067.14377878,2075.36334152,2041.91861798,2042.93433735,
2026-06-11 23:36:00,1781220960,2042.93433735,2064.7966097,2035.51123667,2048.78854066,
2026-06-11 23:37:00,1781221020,2048.78854066,2060.40326135,2039.30556449,2040.91654736,
2026-06-11 23:38:00,1781221080,2040.91654736,2054.07431005,2030.95628699,2049.14659503,
2026-06-11 23:39:00,1781221140,2049.14659503,2082.63586989,2044.3460519,2078.35277068,
2026-06-11 23:40:00,1781221200,2078.35277068,2215.56795993,2077.48050433,2201.46264512,
2026-06-11 23:41:00,1781221260,2201.46264512,2208.24564005,2190.79054671,2193.18113615,
2026-06-11 23:42:00,1781221320,2193.18113615,2195.16484261,2183.87441979,2193.93194293,
2026-06-11 23:43:00,1781221380,2193.93194293,2196.43904936,2157.67351127,2169.26224088,
2026-06-11 23:44:00,1781221440,2169.26224088,2169.34264909,2160.82982887,2165.86111303,
2026-06-11 23:45:00,1781221500,2165.86111303,2180.05333962,2165.19237465,2166.0558468,
2026-06-11 23:46:00,1781221560,2166.0558468,2186.96212326,2165.28608358,2174.31218309,
2026-06-11 23:47:00,1781221620,2174.31218309,2186.35892504,2142.51546254,2143.52583631,
2026-06-11 23:48:00,1781221680,2143.52583631,2152.61669325,2131.39037149,2137.679566,
2026-06-11 23:49:00,1781221740,2137.679566,2154.83811945,2135.8148434,2137.95630408,
2026-06-11 23:50:00,1781221800,2137.95630408,2138.04250901,2117.07367805,2125.08506564,
2026-06-11 23:51:00,1781221860,2125.08506564,2125.17112847,2087.98404384,2092.15127357,
2026-06-11 23:52:00,1781221920,2092.15127357,2092.15127357,2063.23584138,2089.93925753,
2026-06-11 23:53:00,1781221980,2089.93925753,2092.33728059,2066.24345027,2079.07415128,
2026-06-11 23:54:00,1781222040,2079.07415128,2164.83048747,2076.84015566,2156.78005072,
2026-06-11 23:55:00,1781222100,2156.78005072,2160.24184051,2145.24832882,2155.08754787,
2026-06-11 23:56:00,1781222160,2155.08754787,2155.43476649,2142.4774803,2153.36548282,
2026-06-11 23:57:00,1781222220,2153.36548282,2165.96050185,2131.26125814,2157.96926768,
2026-06-11 23:58:00,1781222280,2157.96926768,2165.35605758,2136.86574411,2147.48406703,
2026-06-11 23:59:00,1781222340,2147.48406703,2158.46261272,2128.72250273,2158.46261272,
2026-06-12 00:00:00,1781222400,2158.46261272,2158.69099147,2100.45295122,2145.62328666,
2026-06-12 00:01:00,1781222460,2145.62328666,2158.02507467,2133.10797399,2139.85791332,
2026-06-12 00:02:00,1781222520,2139.85791332,2146.46233089,2109.28189895,2116.55861811,
2026-06-12 00:03:00,1781222580,2116.55861811,2116.55861811,2079.55522187,2087.92749911,
2026-06-12 00:04:00,1781222640,2087.92749911,2121.45637304,2087.7558846,2117.80249439,
2026-06-12 00:05:00,1781222700,2117.80249439,2146.50605518,2114.45424225,2127.46859089,
2026-06-12 00:06:00,1781222760,2127.46859089,2159.71500455,2118.70354906,2146.74466488,
2026-06-12 00:07:00,1781222820,2146.74466488,2295.76481188,2146.74311445,2278.60266517,
2026-06-12 00:08:00,1781222880,2278.60266517,2296.93713302,2249.17351489,2262.38401606,
2026-06-12 00:09:00,1781222940,2262.38401606,2262.38401606,2230.15153007,2238.69915139,
2026-06-12 00:10:00,1781223000,2238.69915139,2259.84583444,2235.34020892,2236.5672663,
2026-06-12 00:11:00,1781223060,2236.5672663,2259.08188747,2210.97198833,2220.18104733,
2026-06-12 00:12:00,1781223120,2220.18104733,2226.7342078,2208.00839043,2216.72491593,
2026-06-12 00:13:00,1781223180,2216.72491593,2234.69326788,2201.79566488,2231.91683855,
2026-06-12 00:14:00,1781223240,2231.91683855,2257.33528535,2230.49950257,2256.01431026,
2026-06-12 00:15:00,1781223300,2256.01431026,2256.01431026,2171.19567914,2183.48141265,
2026-06-12 00:16:00,1781223360,2183.48141265,2202.23402341,2143.43304548,2151.71362897,
2026-06-12 00:17:00,1781223420,2151.71362897,2164.06715669,2142.25607622,2152.88071433,
2026-06-12 00:18:00,1781223480,2152.88071433,2176.34989307,2152.53383648,2169.73298571,
2026-06-12 00:19:00,1781223540,2169.73298571,2191.12423903,2168.68489576,2175.68739228,
2026-06-12 00:20:00,1781223600,2175.68739228,2175.68739228,2155.82411151,2166.39955765,
2026-06-12 00:21:00,1781223660,2166.39955765,2199.43669215,2158.39963491,2174.11556733,
2026-06-12 00:22:00,1781223720,2174.11556733,2188.98145501,2133.61705614,2148.18649164,
2026-06-12 00:23:00,1781223780,2148.18649164,2148.18649164,2128.40322986,2132.1290662,
2026-06-12 00:24:00,1781223840,2132.1290662,2137.58460793,2109.05500581,2112.02680196,
2026-06-12 00:25:00,1781223900,2112.02680196,2142.1260247,2111.33490892,2140.98651552,
2026-06-12 00:26:00,1781223960,2140.98651552,2141.24359587,2082.1012943,2082.10815916,
2026-06-12 00:27:00,1781224020,2082.10815916,2113.70482442,2058.50350389,2102.49335454,
2026-06-12 00:28:00,1781224080,2102.49335454,2133.64403542,2101.62547289,2130.41947499,
2026-06-12 00:29:00,1781224140,2130.41947499,2161.17869265,2129.5513801,2143.04621893,
2026-06-12 00:30:00,1781224200,2143.04621893,2159.01880225,2128.24886121,2147.61878598,
2026-06-12 00:31:00,1781224260,2147.61878598,2147.61878598,2096.56452884,2120.02097877,
2026-06-12 00:32:00,1781224320,2120.02097877,2157.90725694,2116.36273422,2153.82408946,
2026-06-12 00:33:00,1781224380,2153.82408946,2185.60527544,2153.06366333,2181.91816621,
2026-06-12 00:34:00,1781224440,2181.91816621,2201.08683308,2133.47565599,2153.78098806,
2026-06-12 00:35:00,1781224500,2153.78098806,2186.31654873,2144.69225955,2184.8169976,
2026-06-12 00:36:00,1781224560,2184.8169976,2201.02977729,2163.76055513,2188.43370712,
2026-06-12 00:37:00,1781224620,2188.43370712,2207.703349,2188.041474,2200.32990369,
2026-06-12 00:38:00,1781224680,2200.32990369,2255.97531934,2200.24083133,2227.70987489,
2026-06-12 00:39:00,1781224740,2227.70987489,2228.07894029,2185.12462614,2186.72767324,
2026-06-12 00:40:00,1781224800,2186.72767324,2204.41693708,2168.5130783,2195.98856076,
2026-06-12 00:41:00,1781224860,2195.98856076,2212.67452815,2181.40544653,2196.13832803,
2026-06-12 00:42:00,1781224920,2196.13832803,2219.61813694,2193.64757893,2199.94472112,
2026-06-12 00:43:00,1781224980,2199.94472112,2205.65281758,2172.18007556,2173.60480501,
2026-06-12 00:44:00,1781225040,2173.60480501,2181.47252126,2161.72393104,2176.39344571,
2026-06-12 00:45:00,1781225100,2176.39344571,2204.73860643,2165.97522193,2203.3226664,
2026-06-12 00:46:00,1781225160,2203.3226664,2207.95534025,2185.70724462,2193.54132303,
2026-06-12 00:47:00,1781225220,2193.54132303,2202.6272943,2185.33444009,2196.99903234,
2026-06-12 00:48:00,1781225280,2196.99903234,2205.85156183,2192.30442076,2194.29480374,
2026-06-12 00:49:00,1781225340,2194.29480374,2207.31272765,2191.16453683,2198.30977741,
2026-06-12 00:50:00,1781225400,2198.30977741,2198.39588666,2175.88671696,2183.40808663,
2026-06-12 00:51:00,1781225460,2183.40808663,2231.42610235,2183.32064029,2219.95353904,
2026-06-12 00:52:00,1781225520,2219.95353904,2222.49802009,2203.56121186,2214.20480813,
2026-06-12 00:53:00,1781225580,2214.20480813,2223.57208195,2208.16937159,2219.47680345,
2026-06-12 00:54:00,1781225640,2219.47680345,2234.24355017,2214.01154663,2222.70561619,
2026-06-12 00:55:00,1781225700,2222.70561619,2229.97924597,2212.30085825,2224.75173873,
2026-06-12 00:56:00,1781225760,2224.75173873,2242.06823657,2216.96154642,2224.97069501,
2026-06-12 00:57:00,1781225820,2224.97069501,2225.31987967,2184.88068227,2188.56290939,
2026-06-12 00:58:00,1781225880,2188.56290939,2198.55014027,2153.56377568,2155.08809249,
2026-06-12 00:59:00,1781225940,2155.08809249,2171.14314394,2148.98310219,2162.14183711,
2026-06-12 01:00:00,1781226000,2162.14183711,2168.25528246,2081.41126943,2084.38113959,
2026-06-12 01:01:00,1781226060,2084.38113959,2089.38826959,2046.45553846,2046.6256675,
2026-06-12 01:02:00,1781226120,2046.6256675,2059.67245648,2008.4899238,2012.41704096,
2026-06-12 01:03:00,1781226180,2012.41704096,2067.73531224,2009.18602111,2049.44151648,
2026-06-12 01:04:00,1781226240,2049.44151648,2053.91636714,2028.58736626,2042.36079818,
2026-06-12 01:05:00,1781226300,2042.36079818,2048.93611136,2013.58545921,2014.45141283,
2026-06-12 01:06:00,1781226360,2014.45141283,2060.95510342,2014.36418003,2041.71720452,
2026-06-12 01:07:00,1781226420,2041.71720452,2057.89848053,2034.69045086,2042.62352134,
2026-06-12 01:08:00,1781226480,2042.62352134,2046.02181659,2028.44064398,2033.77467582,
2026-06-12 01:09:00,1781226540,2033.77467582,2078.68067793,2033.42949867,2040.09323765,
2026-06-12 01:10:00,1781226600,2040.09323765,2055.63930382,2030.96909666,2040.58894672,
2026-06-12 01:11:00,1781226660,2040.58894672,2055.93670916,2015.40304489,2021.39336991,
2026-06-12 01:12:00,1781226720,2021.39336991,2027.51393509,2012.53698387,2022.21001042,
2026-06-12 01:13:00,1781226780,2022.21001042,2025.48362212,2004.64571651,2021.34545094,
2026-06-12 01:14:00,1781226840,2021.34545094,2034.92336817,2003.62421214,2019.32580595,
2026-06-12 01:15:00,1781226900,2019.32580595,2023.69057971,1999.35788418,2002.25036277,
2026-06-12 01:16:00,1781226960,2002.25036277,2065.43195889,1998.95675987,2063.27230177,
2026-06-12 01:17:00,1781227020,2063.27230177,2063.27230177,1994.58037239,2016.72276294,
2026-06-12 01:18:00,1781227080,2016.72276294,2028.57646476,1999.79045599,1999.79045599,
2026-06-12 01:19:00,1781227140,1999.79045599,2000.0475888,1969.85708294,1970.60184208,
2026-06-12 01:20:00,1781227200,1970.60184208,1975.33109697,1949.0547742,1960.04734988,
2026-06-12 01:21:00,1781227260,1960.04734988,1984.25386688,1954.06186516,1978.79866949,
2026-06-12 01:22:00,1781227320,1978.79866949,1978.79866949,1942.26553972,1942.46612649,
2026-06-12 01:23:00,1781227380,1942.46612649,1961.58550663,1932.49572015,1935.29619473,
2026-06-12 01:24:00,1781227440,1935.29619473,1949.92804034,1934.23222982,1938.56427272,
2026-06-12 01:25:00,1781227500,1938.56427272,1952.4448553,1925.97027333,1935.7411568,
2026-06-12 01:26:00,1781227560,1935.7411568,1936.25053553,1888.68800951,1892.05529551,
2026-06-12 01:27:00,1781227620,1892.05529551,1899.63958177,1856.76083486,1889.91994095,
2026-06-12 01:28:00,1781227680,1889.91994095,1907.96647546,1853.82939987,1898.80617782,
2026-06-12 01:29:00,1781227740,1898.80617782,1914.72213832,1896.01464969,1902.69251304,
2026-06-12 01:30:00,1781227800,1902.69251304,1942.98283237,1898.93024487,1942.55746979,
2026-06-12 01:31:00,1781227860,1942.55746979,1942.96620865,1903.42579886,1916.61697801,
2026-06-12 01:32:00,1781227920,1916.61697801,1952.11983101,1915.27645734,1940.816877,
2026-06-12 01:33:00,1781227980,1940.816877,1957.32386258,1924.77089661,1938.12685928,
2026-06-12 01:34:00,1781228040,1938.12685928,1947.71239989,1907.1578433,1907.49346115,
2026-06-12 01:35:00,1781228100,1907.49346115,1915.4769849,1867.58011117,1874.9862126,
2026-06-12 01:36:00,1781228160,1874.9862126,1887.24010638,1863.61907667,1864.78565535,
2026-06-12 01:37:00,1781228220,1864.78565535,1890.48012894,1864.78565535,1888.88226344,
2026-06-12 01:38:00,1781228280,1888.88226344,1901.76051305,1884.90231304,1900.31579095,
2026-06-12 01:39:00,1781228340,1900.31579095,1924.1682726,1881.51374666,1918.72738467,
2026-06-12 01:40:00,1781228400,1918.72738467,1919.82419363,1892.82886714,1893.91630923,
2026-06-12 01:41:00,1781228460,1893.91630923,1911.74125616,1892.56889936,1899.76551813,
2026-06-12 01:42:00,1781228520,1899.76551813,1930.3588011,1899.34249868,1930.3588011,
2026-06-12 01:43:00,1781228580,1930.3588011,1959.24562168,1929.7626382,1946.06344681,
2026-06-12 01:44:00,1781228640,1946.06344681,1955.35992981,1911.36995831,1912.11637744,
2026-06-12 01:45:00,1781228700,1912.11637744,1978.24535551,1911.69114612,1947.59844594,
2026-06-12 01:46:00,1781228760,1947.59844594,1973.70852377,1942.92714087,1957.51213453,
2026-06-12 01:47:00,1781228820,1957.51213453,1978.89237883,1948.23296005,1952.31948132,
2026-06-12 01:48:00,1781228880,1952.31948132,1982.43885143,1943.62481622,1974.62428414,
2026-06-12 01:49:00,1781228940,1974.62428414,1995.3627723,1968.79016171,1984.65996651,
2026-06-12 01:50:00,1781229000,1984.65996651,1984.91479748,1953.03518011,1960.74229003,
2026-06-12 01:51:00,1781229060,1960.74229003,1988.19383959,1950.55584787,1975.61372344,
2026-06-12 01:52:00,1781229120,1975.61372344,1976.89673196,1960.00897764,1967.84672539,
2026-06-12 01:53:00,1781229180,1967.84672539,1969.87116114,1957.84977937,1968.46386578,
2026-06-12 01:54:00,1781229240,1968.46386578,2001.07054265,1958.55952243,1996.92526304,
2026-06-12 01:55:00,1781229300,1996.92526304,1997.26770479,1948.12499883,1958.76803101,
2026-06-12 01:56:00,1781229360,1958.76803101,1966.41408384,1939.32087802,1939.32087802,
2026-06-12 01:57:00,1781229420,1939.32087802,1948.98596896,1929.2015982,1943.46946457,
2026-06-12 01:58:00,1781229480,1943.46946457,1962.2678849,1943.46946457,1961.67011117,
2026-06-12 01:59:00,1781229540,1961.67011117,1972.21751516,1955.06949331,1970.55857454,
2026-06-12 02:00:00,1781229600,1970.55857454,1991.40740518,1969.6189338,1977.89337617,
2026-06-12 02:01:00,1781229660,1977.89337617,2005.42178128,1976.12867642,2004.68675228,
2026-06-12 02:02:00,1781229720,2004.68675228,2028.65201549,1992.5161892,2028.56428775,
2026-06-12 02:03:00,1781229780,2028.56428775,2028.99150904,2005.08708926,2005.42980442,
2026-06-12 02:04:00,1781229840,2005.42980442,2019.52114696,2001.02154111,2007.62090561,
2026-06-12 02:05:00,1781229900,2007.62090561,2028.81870652,2002.96235633,2028.81707484,
2026-06-12 02:06:00,1781229960,2028.81707484,2043.08649169,2027.30805924,2042.56854002,
2026-06-12 02:07:00,1781230020,2042.56854002,2074.20810509,2035.33665731,2066.69500773,
2026-06-12 02:08:00,1781230080,2066.69500773,2066.69500773,2042.63230707,2054.48046093,
2026-06-12 02:09:00,1781230140,2054.48046093,2170.67397614,2048.76785614,2163.44804288,
2026-06-12 02:10:00,1781230200,2163.44804288,2283.66176285,2162.7424696,2222.99865957,
2026-06-12 02:11:00,1781230260,2222.99865957,2230.93420654,2188.65813658,2203.03092971,
2026-06-12 02:12:00,1781230320,2203.03092971,2211.21739314,2183.15594922,2201.46838642,
2026-06-12 02:13:00,1781230380,2201.46838642,2232.57204496,2176.76305071,2188.94948546,
2026-06-12 02:14:00,1781230440,2188.94948546,2188.95970726,2173.37127339,2182.07404111,
2026-06-12 02:15:00,1781230500,2182.07404111,2207.80606043,2174.28827415,2175.03467094,
2026-06-12 02:16:00,1781230560,2175.03467094,2181.53660233,2142.75247455,2161.51390404,
2026-06-12 02:17:00,1781230620,2161.51390404,2161.51390404,2133.55607027,2137.07834966,
2026-06-12 02:18:00,1781230680,2137.07834966,2137.16389658,2112.66924146,2123.78848524,
2026-06-12 02:19:00,1781230740,2123.78848524,2159.0446351,2122.4109467,2155.36374573,
2026-06-12 02:20:00,1781230800,2155.36374573,2159.58589317,2130.44466632,2150.82339499,
2026-06-12 02:21:00,1781230860,2150.82339499,2151.58243384,2126.12900918,2137.41483954,
2026-06-12 02:22:00,1781230920,2137.41483954,2175.4047715,2137.41483954,2147.53520495,
2026-06-12 02:23:00,1781230980,2147.53520495,2170.60807539,2140.91836299,2154.54062375,
2026-06-12 02:24:00,1781231040,2154.54062375,2189.20083291,2153.27186107,2159.74413034,
2026-06-12 02:25:00,1781231100,2159.74413034,2159.74413034,2117.64259267,2123.7693099,
2026-06-12 02:26:00,1781231160,2123.7693099,2130.55061526,2102.85897165,2103.98671338,
2026-06-12 02:27:00,1781231220,2103.98671338,2104.93791929,2085.05125019,2093.98631957,
2026-06-12 02:28:00,1781231280,2093.98631957,2096.37240535,2061.71072451,2076.83573243,
2026-06-12 02:29:00,1781231340,2076.83573243,2085.0561079,2065.56220298,2084.62271303,
2026-06-12 02:30:00,1781231400,2084.62271303,2115.51902559,2077.6659842,2109.85751855,
2026-06-12 02:31:00,1781231460,2109.85751855,2126.45217588,2101.71871775,2104.74901019,
2026-06-12 02:32:00,1781231520,2104.74901019,2115.20779817,2098.32386006,2108.64310587,
2026-06-12 02:33:00,1781231580,2108.64310587,2121.91304011,2072.5365963,2074.70148842,
2026-06-12 02:34:00,1781231640,2074.70148842,2077.3820928,2031.34902564,2044.84854688,
2026-06-12 02:35:00,1781231700,2044.84854688,2066.02351855,2041.7456029,2046.91613455,
2026-06-12 02:36:00,1781231760,2046.91613455,2099.8653803,2040.56947926,2099.8653803,
2026-06-12 02:37:00,1781231820,2099.8653803,2125.22806738,2096.6174147,2119.84731418,
2026-06-12 02:38:00,1781231880,2119.84731418,2139.19126168,2104.75280129,2113.95025956,
2026-06-12 02:39:00,1781231940,2113.95025956,2131.63305716,2097.16495138,2130.96702995,
2026-06-12 02:40:00,1781232000,2130.96702995,2161.42282876,2111.68571379,2124.99438182,
2026-06-12 02:41:00,1781232060,2124.99438182,2129.57090154,2107.12775377,2108.73847624,
2026-06-12 02:42:00,1781232120,2108.73847624,2114.65217369,2100.46867625,2110.85293925,
2026-06-12 02:43:00,1781232180,2110.85293925,2116.46672796,2106.8928421,2115.44704152,
2026-06-12 02:44:00,1781232240,2115.44704152,2154.41667332,2115.35669497,2152.39677522,
2026-06-12 02:45:00,1781232300,2152.39677522,2153.24881192,2118.48724008,2120.48949954,
2026-06-12 02:46:00,1781232360,2120.48949954,2123.79083345,2112.6813621,2121.78354373,
2026-06-12 02:47:00,1781232420,2121.78354373,2147.87639012,2121.26119094,2134.69393466,
2026-06-12 02:48:00,1781232480,2134.69393466,2141.22453202,2107.24717627,2120.2716436,
2026-06-12 02:49:00,1781232540,2120.2716436,2134.62959562,2113.30952239,2133.30769829,
2026-06-12 02:50:00,1781232600,2133.30769829,2137.05041551,2108.61189453,2119.53217059,
2026-06-12 02:51:00,1781232660,2119.53217059,2137.82822398,2102.63662957,2108.10811831,
2026-06-12 02:52:00,1781232720,2108.10811831,2123.27866561,2107.97762773,2123.27866561,
2026-06-12 02:53:00,1781232780,2123.27866561,2123.98847847,2105.88015903,2111.67864643,
2026-06-12 02:54:00,1781232840,2111.67864643,2123.25211479,2111.10987665,2115.94287799,
2026-06-12 02:55:00,1781232900,2115.94287799,2116.11629063,2103.36326358,2107.52893302,
2026-06-12 02:56:00,1781232960,2107.52893302,2109.79788605,2105.46653872,2105.83413854,
2026-06-12 02:57:00,1781233020,2105.83413854,2106.56274929,2091.75907789,2096.81027482,
2026-06-12 02:58:00,1781233080,2096.81027482,2102.85822879,2070.29459162,2102.33228079,
2026-06-12 02:59:00,1781233140,2102.33228079,2142.99150466,2102.00390115,2129.80517627,
2026-06-12 03:00:00,1781233200,2129.80517627,2144.78976958,2128.08828687,2140.41162525,
2026-06-12 03:01:00,1781233260,2140.41162525,2159.25856238,2116.79332612,2122.0553316,
2026-06-12 03:02:00,1781233320,2122.0553316,2128.93806597,2101.09683218,2102.48055003,
2026-06-12 03:03:00,1781233380,2102.48055003,2122.93134426,2095.45787143,2097.4687864,
2026-06-12 03:04:00,1781233440,2097.4687864,2114.43695675,2091.3433515,2092.16199291,
2026-06-12 03:05:00,1781233500,2092.16199291,2092.16199291,2071.65121733,2074.76779577,
2026-06-12 03:06:00,1781233560,2074.76779577,2094.81378003,2074.50513629,2088.84846413,
2026-06-12 03:07:00,1781233620,2088.84846413,2108.94925351,2083.13375478,2086.53998689,
2026-06-12 03:08:00,1781233680,2086.53998689,2089.07648827,2068.31183535,2077.30847674,
2026-06-12 03:09:00,1781233740,2077.30847674,2106.85838167,2069.17778317,2102.05937916,
2026-06-12 03:10:00,1781233800,2102.05937916,2102.14584312,2078.44251672,2078.69023546,
2026-06-12 03:11:00,1781233860,2078.69023546,2091.22944614,2070.70202612,2080.57968875,
2026-06-12 03:12:00,1781233920,2080.57968875,2085.34505306,2054.30685707,2069.41079243,
2026-06-12 03:13:00,1781233980,2069.41079243,2069.41079243,2030.49871589,2035.57976556,
2026-06-12 03:14:00,1781234040,2035.57976556,2047.87513449,2031.24759901,2043.95546656,
2026-06-12 03:15:00,1781234100,2043.95546656,2044.97777354,2021.64676426,2027.75680388,
2026-06-12 03:16:00,1781234160,2027.75680388,2036.1417576,2010.54729812,2029.42367178,
2026-06-12 03:17:00,1781234220,2029.42367178,2034.77475381,2011.32206232,2017.66899366,
2026-06-12 03:18:00,1781234280,2017.66899366,2022.62133709,2006.56295674,2018.61347773,
2026-06-12 03:19:00,1781234340,2018.61347773,2018.61347773,1999.75742552,2002.7953028,
2026-06-12 03:20:00,1781234400,2002.7953028,2005.10799739,1969.77348292,1977.86991837,
2026-06-12 03:21:00,1781234460,1977.86991837,1993.05171513,1954.22423656,1958.45297486,
2026-06-12 03:22:00,1781234520,1958.45297486,1977.65993775,1940.9956139,1941.08180733,
2026-06-12 03:23:00,1781234580,1941.08180733,1942.66043869,1924.73066602,1938.08831037,
2026-06-12 03:24:00,1781234640,1938.08831037,1953.23323768,1931.27762846,1943.7432493,
2026-06-12 03:25:00,1781234700,1943.7432493,1943.7432493,1884.51986901,1912.71052272,
2026-06-12 03:26:00,1781234760,1912.71052272,1943.37629436,1912.71052272,1943.029384,
2026-06-12 03:27:00,1781234820,1943.029384,1947.31560179,1922.09883722,1928.78862231,
2026-06-12 03:28:00,1781234880,1928.78862231,1968.18821435,1928.78862231,1967.92640675,
2026-06-12 03:29:00,1781234940,1967.92640675,1967.92640675,1952.49112613,1955.4714193,
2026-06-12 03:30:00,1781235000,1955.4714193,1989.65703013,1954.25873384,1959.53539101,
2026-06-12 03:31:00,1781235060,1959.53539101,2022.88594691,1959.18749033,1995.52771933,
2026-06-12 03:32:00,1781235120,1995.52771933,1995.52771933,1956.01244566,1981.93805754,
2026-06-12 03:33:00,1781235180,1981.93805754,1994.66199562,1974.07350329,1984.09514648,
2026-06-12 03:34:00,1781235240,1984.09514648,2021.12800332,1974.06806717,2019.17691256,
2026-06-12 03:35:00,1781235300,2019.17691256,2038.1301575,1989.1686727,1999.3401183,
2026-06-12 03:36:00,1781235360,1999.3401183,2003.78280397,1979.10058796,1983.49151224,
2026-06-12 03:37:00,1781235420,1983.49151224,2008.43803365,1983.49151224,2005.48620112,
2026-06-12 03:38:00,1781235480,2005.48620112,2005.57351203,1983.99914259,1994.40655197,
2026-06-12 03:39:00,1781235540,1994.40655197,1994.75501662,1979.05077827,1979.31162311,
2026-06-12 03:40:00,1781235600,1979.31162311,1992.66827845,1972.34605799,1981.01364901,
2026-06-12 03:41:00,1781235660,1981.01364901,2002.13685017,1969.81575926,1983.46798039,
2026-06-12 03:42:00,1781235720,1983.46798039,1988.76614263,1958.63918078,1973.16056845,
2026-06-12 03:43:00,1781235780,1973.16056845,1979.2728647,1966.41447358,1970.98147424,
2026-06-12 03:44:00,1781235840,1970.98147424,1992.77470369,1970.28482627,1983.99695926,
2026-06-12 03:45:00,1781235900,1983.99695926,1996.92319395,1966.07180087,1976.51267926,
2026-06-12 03:46:00,1781235960,1976.51267926,2001.97124047,1972.7735525,2001.46534263,
2026-06-12 03:47:00,1781236020,2001.46534263,2014.54460676,1994.01762181,2003.58705059,
2026-06-12 03:48:00,1781236080,2003.58705059,2032.77517011,1992.83776238,2010.19543524,
2026-06-12 03:49:00,1781236140,2010.19543524,2020.72588319,1974.00827855,1978.75299715,
2026-06-12 03:50:00,1781236200,1978.75299715,2004.98492546,1978.75299715,1990.50915411,
2026-06-12 03:51:00,1781236260,1990.50915411,2013.97890339,1990.5076234,2004.97643929,
2026-06-12 03:52:00,1781236320,2004.97643929,2023.69640817,2004.27532251,2009.11757113,
2026-06-12 03:53:00,1781236380,2009.11757113,2022.58584862,2005.7626927,2020.55869422,
2026-06-12 03:54:00,1781236440,2020.55869422,2030.28831971,2013.05491519,2016.45037497,
2026-06-12 03:55:00,1781236500,2016.45037497,2037.13266232,2016.09546985,2026.05788615,
2026-06-12 03:56:00,1781236560,2026.05788615,2026.05788615,2013.92523049,2019.86157604,
2026-06-12 03:57:00,1781236620,2019.86157604,2036.82796583,2019.77396541,2028.19933107,
2026-06-12 03:58:00,1781236680,2028.19933107,2028.63474725,2014.93087514,2018.08949701,
2026-06-12 03:59:00,1781236740,2018.08949701,2033.58933646,2018.08646392,2028.5126504,
2026-06-12 04:00:00,1781236800,2028.5126504,2036.49839979,2020.695436,2022.87130883,
2026-06-12 04:01:00,1781236860,2022.87130883,2023.48005352,1986.13407983,2012.5077918,
2026-06-12 04:02:00,1781236920,2012.5077918,2012.5077918,1990.82802695,2000.43063987,
2026-06-12 04:03:00,1781236980,2000.43063987,2030.56181914,1999.03044454,2016.28381139,
2026-06-12 04:04:00,1781237040,2016.28381139,2024.60054141,1991.04306075,2024.19747826,
2026-06-12 04:05:00,1781237100,2024.19747826,2024.68544868,2002.24159478,2005.41738873,
2026-06-12 04:06:00,1781237160,2005.41738873,2006.46387296,1963.49159793,1963.5691392,
2026-06-12 04:07:00,1781237220,1963.5691392,1964.83989716,1942.63084198,1963.7421356,
2026-06-12 04:08:00,1781237280,1963.7421356,2019.91053372,1963.74056434,2008.38322845,
2026-06-12 04:09:00,1781237340,2008.38322845,2011.80497948,1986.43737979,1992.59652522,
2026-06-12 04:10:00,1781237400,1992.59652522,2003.54570698,1991.14943359,2000.74607501,
2026-06-12 04:11:00,1781237460,2000.74607501,2065.1433535,2000.7430223,2040.89978487,
2026-06-12 04:12:00,1781237520,2040.89978487,2045.48346167,2024.61572697,2034.03416504,
2026-06-12 04:13:00,1781237580,2034.03416504,2034.13885875,1981.57417711,1994.56719464,
2026-06-12 04:14:00,1781237640,1994.56719464,2017.27645649,1987.21127439,2006.89096367,
2026-06-12 04:15:00,1781237700,2006.89096367,2070.85804981,2006.89096367,2063.16918663,
2026-06-12 04:16:00,1781237760,2063.16918663,2179.48328978,2052.72232786,2164.33045671,
2026-06-12 04:17:00,1781237820,2164.33045671,2218.63299806,2143.92331716,2148.83837606,
2026-06-12 04:18:00,1781237880,2148.83837606,2179.94704334,2136.13410436,2150.96987469,
2026-06-12 04:19:00,1781237940,2150.96987469,2168.07603213,2147.12107033,2164.99118337,
2026-06-12 04:20:00,1781238000,2164.99118337,2165.13558652,2134.67708697,2151.92388205,
2026-06-12 04:21:00,1781238060,2151.92388205,2172.68482699,2150.90023154,2169.36366106,
2026-06-12 04:22:00,1781238120,2169.36366106,2203.21114756,2150.68773293,2200.33458073,
2026-06-12 04:23:00,1781238180,2200.33458073,2254.95887958,2196.25998824,2211.9517078,
2026-06-12 04:24:00,1781238240,2211.9517078,2235.75818353,2199.65520045,2223.9837323,
2026-06-12 04:25:00,1781238300,2223.9837323,2225.61184197,2210.46933908,2216.91997808,
2026-06-12 04:26:00,1781238360,2216.91997808,2273.01137506,2211.08978566,2272.82955855,
2026-06-12 04:27:00,1781238420,2272.82955855,2278.95197346,2247.27838521,2262.33986431,
2026-06-12 04:28:00,1781238480,2262.33986431,2280.68637552,2252.7961751,2266.96019685,
2026-06-12 04:29:00,1781238540,2266.96019685,2288.91052365,2259.12539232,2277.76804665,
2026-06-12 04:30:00,1781238600,2277.76804665,2277.76804665,2245.41662873,2251.53650708,
2026-06-12 04:31:00,1781238660,2251.53650708,2343.21172645,2251.53650708,2273.42725681,
2026-06-12 04:32:00,1781238720,2273.42725681,2290.41169669,2237.44734538,2259.66580071,
2026-06-12 04:33:00,1781238780,2259.66580071,2303.16390426,2237.63259404,2237.63259404,
2026-06-12 04:34:00,1781238840,2237.63259404,2239.22576987,2202.99579135,2237.25411646,
2026-06-12 04:35:00,1781238900,2237.25411646,2244.22991754,2216.62806909,2224.42369192,
2026-06-12 04:36:00,1781238960,2224.42369192,2236.0116862,2212.01534683,2213.35430709,
2026-06-12 04:37:00,1781239020,2213.35430709,2231.96757419,2211.28480467,2220.23917177,
2026-06-12 04:38:00,1781239080,2220.23917177,2220.9530713,2194.58851723,2202.84501924,
2026-06-12 04:39:00,1781239140,2202.84501924,2241.63713326,2201.3256972,2223.53189413,
2026-06-12 04:40:00,1781239200,2223.53189413,2225.23134113,2201.23249843,2215.5126832,
2026-06-12 04:41:00,1781239260,2215.5126832,2215.6007185,2186.34865289,2201.10125513,
2026-06-12 04:42:00,1781239320,2201.10125513,2201.45581151,2180.33122045,2198.48634124,
2026-06-12 04:43:00,1781239380,2198.48634124,2221.75827942,2197.72189189,2204.2803355,
2026-06-12 04:44:00,1781239440,2204.2803355,2224.57758833,2204.2803355,2209.69824799,
2026-06-12 04:45:00,1781239500,2209.69824799,2240.39682871,2208.08931753,2215.50758403,
2026-06-12 04:46:00,1781239560,2215.50758403,2230.22627702,2202.85078111,2217.33528366,
2026-06-12 04:47:00,1781239620,2217.33528366,2218.76610508,2191.89457193,2204.96473149,
2026-06-12 04:48:00,1781239680,2204.96473149,2213.32821984,2200.53079229,2210.22948336,
2026-06-12 04:49:00,1781239740,2210.22948336,2210.4071666,2197.35085496,2205.68810842,
2026-06-12 04:50:00,1781239800,2205.68810842,2225.65032902,2197.97937195,2205.07194155,
2026-06-12 04:51:00,1781239860,2205.07194155,2223.21184153,2201.16100661,2223.03101075,
2026-06-12 04:52:00,1781239920,2223.03101075,2224.72339146,2218.21375763,2222.26009065,
2026-06-12 04:53:00,1781239980,2222.26009065,2228.53811861,2196.44845841,2197.91340812,
2026-06-12 04:54:00,1781240040,2197.91340812,2199.64110722,2194.05704417,2194.19731671,
2026-06-12 04:55:00,1781240100,2194.19731671,2212.99487295,2189.58515892,2189.76404434,
2026-06-12 04:56:00,1781240160,2189.76404434,2201.042485,2183.32941325,2197.97739809,
2026-06-12 04:57:00,1781240220,2197.97739809,2211.0367161,2197.88227349,2201.39568057,
2026-06-12 04:58:00,1781240280,2201.39568057,2201.39568057,2189.38751302,2191.01183541,
2026-06-12 04:59:00,1781240340,2191.01183541,2198.75481424,2179.84883957,2189.07832073,
2026-06-12 05:00:00,1781240400,2189.07832073,2213.25438159,2175.00821,2180.82339352,
2026-06-12 05:01:00,1781240460,2180.82339352,2180.91131233,2136.92509502,2167.82880829,
2026-06-12 05:02:00,1781240520,2167.82880829,2167.82880829,2114.43140616,2122.39781711,
2026-06-12 05:03:00,1781240580,2122.39781711,2140.55747989,2120.44493961,2138.56765436,
2026-06-12 05:04:00,1781240640,2138.56765436,2152.50768551,2119.53811824,2125.8435297,
2026-06-12 05:05:00,1781240700,2125.8435297,2137.80872393,2120.71583898,2125.77149996,
2026-06-12 05:06:00,1781240760,2125.77149996,2145.09483874,2120.19664453,2139.78203857,
2026-06-12 05:07:00,1781240820,2139.78203857,2147.82457915,2110.29011838,2111.57282151,
2026-06-12 05:08:00,1781240880,2111.57282151,2111.9180305,2070.79246314,2088.66951863,
2026-06-12 05:09:00,1781240940,2088.66951863,2098.1136904,2079.22899411,2091.83636702,
2026-06-12 05:10:00,1781241000,2091.83636702,2094.29846263,2053.36313125,2069.17554638,
2026-06-12 05:11:00,1781241060,2069.17554638,2070.59960548,1977.41373356,1977.41373356,
2026-06-12 05:12:00,1781241120,1977.41373356,1985.56921157,1934.88677525,1969.16910108,
2026-06-12 05:13:00,1781241180,1969.16910108,1969.16910108,1940.59116289,1948.39688065,
2026-06-12 05:14:00,1781241240,1948.39688065,1974.93834412,1947.61485915,1951.68477193,
2026-06-12 05:15:00,1781241300,1951.68477193,1991.05967731,1950.42579882,1986.54325886,
2026-06-12 05:16:00,1781241360,1986.54325886,2012.76128373,1984.56382685,2003.55216584,
2026-06-12 05:17:00,1781241420,2003.55216584,2021.92458098,1996.97495254,2017.27369037,
2026-06-12 05:18:00,1781241480,2017.27369037,2031.49622138,2012.10616535,2026.72424489,
2026-06-12 05:19:00,1781241540,2026.72424489,2033.17907475,2021.92604862,2024.24755665,
2026-06-12 05:20:00,1781241600,2024.24755665,2027.28261363,2002.78162293,2011.35553755,
2026-06-12 05:21:00,1781241660,2011.35553755,2011.56257906,1995.09129098,2004.39056957,
2026-06-12 05:22:00,1781241720,2004.39056957,2019.23908202,1977.77853053,1980.66852919,
2026-06-12 05:23:00,1781241780,1980.66852919,2006.70884709,1977.60701268,1978.82761797,
2026-06-12 05:24:00,1781241840,1978.82761797,1990.55357063,1954.83645079,1988.05605215,
2026-06-12 05:25:00,1781241900,1988.05605215,1995.83936844,1979.87911207,1992.76060443,
2026-06-12 05:26:00,1781241960,1992.76060443,2000.92298183,1982.00008544,1983.43893087,
2026-06-12 05:27:00,1781242020,1983.43893087,1999.564779,1977.00043372,1982.50085809,
2026-06-12 05:28:00,1781242080,1982.50085809,1995.26339328,1975.94719392,1986.95784695,
2026-06-12 05:29:00,1781242140,1986.95784695,1998.22747455,1983.71964597,1991.69705874,
2026-06-12 05:30:00,1781242200,1991.69705874,2003.29601452,1977.43671681,1999.16280376,
2026-06-12 05:31:00,1781242260,1999.16280376,2005.14782759,1974.78682882,2002.05053857,
2026-06-12 05:32:00,1781242320,2002.05053857,2004.06623072,1956.55860215,1959.61869733,
2026-06-12 05:33:00,1781242380,1959.61869733,1983.60861145,1940.23327421,1958.99628299,
2026-06-12 05:34:00,1781242440,1958.99628299,1979.36545586,1954.6856413,1970.91619907,
2026-06-12 05:35:00,1781242500,1970.91619907,1979.61906663,1954.09580059,1966.57991946,
2026-06-12 05:36:00,1781242560,1966.57991946,1970.15175219,1922.05649361,1927.59101238,
2026-06-12 05:37:00,1781242620,1927.59101238,1943.76123274,1894.53139105,1910.79049309,
2026-06-12 05:38:00,1781242680,1910.79049309,1923.54313423,1887.80795141,1891.29079204,
2026-06-12 05:39:00,1781242740,1891.29079204,1909.34421805,1862.66345941,1908.39546154,
2026-06-12 05:40:00,1781242800,1908.39546154,1913.15353577,1883.46870912,1893.18641548,
2026-06-12 05:41:00,1781242860,1893.18641548,1908.30290231,1877.09324379,1901.26706822,
2026-06-12 05:42:00,1781242920,1901.26706822,1910.90042438,1891.81672264,1910.38444512,
2026-06-12 05:43:00,1781242980,1910.38444512,1927.79538253,1898.39434052,1904.54218025,
2026-06-12 05:44:00,1781243040,1904.54218025,1914.52275549,1899.29360935,1912.51731623,
2026-06-12 05:45:00,1781243100,1912.51731623,1924.62326402,1912.51567725,1919.52042563,
2026-06-12 05:46:00,1781243160,1919.52042563,1919.52042563,1889.38036682,1890.87206135,
2026-06-12 05:47:00,1781243220,1890.87206135,1899.11343675,1868.14031395,1891.13350716,
2026-06-12 05:48:00,1781243280,1891.13350716,1891.39119955,1876.85350752,1885.40557847,
2026-06-12 05:49:00,1781243340,1885.40557847,1919.47969348,1876.91548831,1919.33782961,
2026-06-12 05:50:00,1781243400,1919.33782961,1921.07376859,1832.35840052,1832.35840052,
2026-06-12 05:51:00,1781243460,1832.35840052,1880.93532666,1831.84424097,1877.7403287,
2026-06-12 05:52:00,1781243520,1877.7403287,1896.50507537,1837.36457931,1838.98646265,
2026-06-12 05:53:00,1781243580,1838.98646265,1873.90944404,1835.12348654,1869.68474735,
2026-06-12 05:54:00,1781243640,1869.68474735,1893.6170389,1869.68474735,1884.3600608,
2026-06-12 05:55:00,1781243700,1884.3600608,1893.78264122,1880.03724044,1893.52623102,
2026-06-12 05:56:00,1781243760,1893.52623102,1904.34445724,1884.87559734,1894.96163055,
2026-06-12 05:57:00,1781243820,1894.96163055,1919.17263012,1886.99110593,1913.01690319,
2026-06-12 05:58:00,1781243880,1913.01690319,1915.09750866,1896.87773403,1899.88096151,
2026-06-12 05:59:00,1781243940,1899.88096151,1899.88096151,1867.76586169,1873.16334929,
2026-06-12 06:00:00,1781244000,1873.16334929,1890.37909138,1851.33974039,1885.40878058,
2026-06-12 06:01:00,1781244060,1885.40878058,1893.96212203,1860.04353472,1875.63036278,
2026-06-12 06:02:00,1781244120,1875.63036278,1909.60307357,1865.98076045,1902.74635092,
2026-06-12 06:03:00,1781244180,1902.74635092,1917.03375629,1882.17030251,1916.77331252,
2026-06-12 06:04:00,1781244240,1916.77331252,1920.15834512,1894.81286706,1910.88246405,
2026-06-12 06:05:00,1781244300,1910.88246405,1928.29191784,1905.4302207,1918.04500609,
2026-06-12 06:06:00,1781244360,1918.04500609,1927.8061318,1902.94994302,1908.30945909,
2026-06-12 06:07:00,1781244420,1908.30945909,1910.50089492,1882.14464294,1887.7445642,
2026-06-12 06:08:00,1781244480,1887.7445642,1915.83220284,1866.48947969,1895.6420333,
2026-06-12 06:09:00,1781244540,1895.6420333,1901.34639678,1838.71131224,1848.21077077,
2026-06-12 06:10:00,1781244600,1848.21077077,1858.38592715,1810.56814885,1858.38592715,
2026-06-12 06:11:00,1781244660,1858.38592715,1874.57404429,1836.08061735,1851.85320732,
2026-06-12 06:12:00,1781244720,1851.85320732,1851.94929145,1819.40523883,1831.34986359,
2026-06-12 06:13:00,1781244780,1831.34986359,1842.42568153,1821.12101246,1825.82663459,
2026-06-12 06:14:00,1781244840,1825.82663459,1833.08409279,1811.69605898,1830.41720428,
2026-06-12 06:15:00,1781244900,1830.41720428,1832.38228888,1753.26714513,1755.71059955,
2026-06-12 06:16:00,1781244960,1755.71059955,1755.71059955,1709.35847074,1717.1911384,
2026-06-12 06:17:00,1781245020,1717.1911384,1729.44523007,1701.78955017,1708.29084002,
2026-06-12 06:18:00,1781245080,1708.29084002,1746.36455275,1708.03838312,1742.40777406,
2026-06-12 06:19:00,1781245140,1742.40777406,1744.21191057,1708.69413907,1713.36145104,
2026-06-12 06:20:00,1781245200,1713.36145104,1726.83760886,1706.48204867,1709.77525436,
2026-06-12 06:21:00,1781245260,1709.77525436,1718.56072493,1658.24715524,1715.69391785,
2026-06-12 06:22:00,1781245320,1715.69391785,1722.01610332,1693.21309315,1714.64550694,
2026-06-12 06:23:00,1781245380,1714.64550694,1732.21694491,1713.12944038,1728.20512878,
2026-06-12 06:24:00,1781245440,1728.20512878,1749.57630066,1727.19759947,1735.53197771,
2026-06-12 06:25:00,1781245500,1735.53197771,1744.09891333,1720.96120513,1726.49586031,
2026-06-12 06:26:00,1781245560,1726.49586031,1737.92257468,1696.46013347,1728.36918213,
2026-06-12 06:27:00,1781245620,1728.36918213,1734.44258624,1705.86563424,1713.87823469,
2026-06-12 06:28:00,1781245680,1713.87823469,1724.13507476,1706.54058625,1709.95569817,
2026-06-12 06:29:00,1781245740,1709.95569817,1710.28788296,1697.21562452,1702.67554097,
2026-06-12 06:30:00,1781245800,1702.67554097,1702.67554097,1651.27583269,1667.53694816,
2026-06-12 06:31:00,1781245860,1667.53694816,1667.70236628,1611.24450764,1616.78217317,
2026-06-12 06:32:00,1781245920,1616.78217317,1640.02184844,1611.24594348,1628.56716862,
2026-06-12 06:33:00,1781245980,1628.56716862,1629.51698672,1486.76551931,1496.09306501,
2026-06-12 06:34:00,1781246040,1496.09306501,1545.10960903,1480.66421853,1517.12092534,
2026-06-12 06:35:00,1781246100,1517.12092534,1551.72593169,1513.96192425,1526.03274858,
2026-06-12 06:36:00,1781246160,1526.03274858,1537.368781,1495.66645685,1513.19761368,
2026-06-12 06:37:00,1781246220,1513.19761368,1524.89752254,1476.97468987,1479.35184601,
2026-06-12 06:38:00,1781246280,1479.35184601,1481.63811031,1443.29011763,1455.25055849,
2026-06-12 06:39:00,1781246340,1455.25055849,1536.38375599,1455.16975077,1535.0478359,
2026-06-12 06:40:00,1781246400,1535.0478359,1547.89238712,1517.08185969,1541.58932528,
2026-06-12 06:41:00,1781246460,1541.58932528,1541.78701848,1495.99835376,1531.12122467,
2026-06-12 06:42:00,1781246520,1531.12122467,1538.5366103,1512.50213202,1522.49601816,
2026-06-12 06:43:00,1781246580,1522.49601816,1543.20954611,1508.08765083,1515.10468522,
2026-06-12 06:44:00,1781246640,1515.10468522,1530.88707725,1506.28194468,1513.90825279,
2026-06-12 06:45:00,1781246700,1513.90825279,1560.10032234,1505.84090373,1552.11088471,
2026-06-12 06:46:00,1781246760,1552.11088471,1567.30347842,1543.64771388,1566.09204071,
2026-06-12 06:47:00,1781246820,1566.09204071,1585.49457938,1566.0899324,1584.85562672,
2026-06-12 06:48:00,1781246880,1584.85562672,1584.85562672,1555.32022416,1573.51577538,
2026-06-12 06:49:00,1781246940,1573.51577538,1573.51577538,1536.38331831,1557.40115027,
2026-06-12 06:50:00,1781247000,1557.40115027,1573.4532101,1535.31081492,1535.85630216,
2026-06-12 06:51:00,1781247060,1535.85630216,1547.03799607,1519.42751224,1531.06796976,
2026-06-12 06:52:00,1781247120,1531.06796976,1557.69827705,1526.26889947,1545.42709297,
2026-06-12 06:53:00,1781247180,1545.42709297,1557.52439085,1532.99538539,1536.50727016,
2026-06-12 06:54:00,1781247240,1536.50727016,1553.19118013,1533.00301449,1545.08819313,
2026-06-12 06:55:00,1781247300,1545.08819313,1545.40905976,1530.76387744,1530.91797427,
2026-06-12 06:56:00,1781247360,1530.91797427,1555.77772955,1526.20039987,1552.81344046,
2026-06-12 06:57:00,1781247420,1552.81344046,1569.25925378,1552.77906661,1569.25925378,
2026-06-12 06:58:00,1781247480,1569.25925378,1591.13392588,1559.3349204,1568.85744347,
2026-06-12 06:59:00,1781247540,1568.85744347,1570.38062008,1548.23398397,1558.12153231,
2026-06-12 07:00:00,1781247600,1558.12153231,1618.54517716,1557.46674176,1610.45605082,
2026-06-12 07:01:00,1781247660,1610.45605082,1646.33929322,1606.86507844,1636.45948277,
2026-06-12 07:02:00,1781247720,1636.45948277,1649.89881065,1629.13956332,1629.13956332,
2026-06-12 07:03:00,1781247780,1629.13956332,1637.41701828,1614.6054043,1637.33453394,
2026-06-12 07:04:00,1781247840,1637.33453394,1653.63285804,1634.56328133,1647.39217937,
2026-06-12 07:05:00,1781247900,1647.39217937,1665.94098286,1642.57179746,1661.74639036,
2026-06-12 07:06:00,1781247960,1661.74639036,1668.39520426,1647.91697674,1657.07783203,
2026-06-12 07:07:00,1781248020,1657.07783203,1657.07783203,1607.73573036,1626.75703877,
2026-06-12 07:08:00,1781248080,1626.75703877,1650.89550009,1625.00046994,1649.84859589,
2026-06-12 07:09:00,1781248140,1649.84859589,1651.66577004,1637.27088896,1637.51661649,
2026-06-12 07:10:00,1781248200,1637.51661649,1640.48225328,1627.12726866,1634.18364432,
2026-06-12 07:11:00,1781248260,1634.18364432,1652.41839907,1601.53807404,1604.15594423,
2026-06-12 07:12:00,1781248320,1604.15594423,1627.23354928,1593.5299631,1611.36695372,
2026-06-12 07:13:00,1781248380,1611.36695372,1616.14449501,1578.37336164,1579.02515929,
2026-06-12 07:14:00,1781248440,1579.02515929,1598.15370524,1550.29762546,1555.890092,
2026-06-12 07:15:00,1781248500,1555.890092,1576.88648422,1555.05477576,1560.69599185,
2026-06-12 07:16:00,1781248560,1560.69599185,1583.83273137,1528.78723963,1574.78911885,
2026-06-12 07:17:00,1781248620,1574.78911885,1585.82734174,1545.99052418,1585.82734174,
2026-06-12 07:18:00,1781248680,1585.82734174,1633.51276597,1583.98271069,1604.9678672,
2026-06-12 07:19:00,1781248740,1604.9678672,1613.60354636,1577.0040497,1589.75254786,
2026-06-12 07:20:00,1781248800,1589.75254786,1622.78062459,1587.11875667,1622.77660765,
2026-06-12 07:21:00,1781248860,1622.77660765,1629.10940896,1563.45700999,1591.35047062,
2026-06-12 07:22:00,1781248920,1591.35047062,1592.08637053,1550.5277893,1555.14203899,
2026-06-12 07:23:00,1781248980,1555.14203899,1590.24841451,1551.53051689,1590.24841451,
2026-06-12 07:24:00,1781249040,1590.24841451,1610.44825724,1590.24431498,1603.20522902,
2026-06-12 07:25:00,1781249100,1603.20522902,1603.20522902,1572.47580557,1581.23021793,
2026-06-12 07:26:00,1781249160,1581.23021793,1592.73581411,1578.94251455,1588.37175963,
2026-06-12 07:27:00,1781249220,1588.37175963,1588.37175963,1569.71643235,1579.47356287,
2026-06-12 07:28:00,1781249280,1579.47356287,1589.12810735,1566.0842267,1587.79276897,
2026-06-12 07:29:00,1781249340,1587.79276897,1599.84281372,1579.57730273,1586.09816738,
2026-06-12 07:30:00,1781249400,1586.09816738,1597.45248208,1575.20099835,1596.49749107,
2026-06-12 07:31:00,1781249460,1596.49749107,1606.01884369,1587.4522565,1605.79580006,
2026-06-12 07:32:00,1781249520,1605.79580006,1605.79580006,1571.2359781,1589.76545131,
2026-06-12 07:33:00,1781249580,1589.76545131,1591.97985015,1562.7689732,1583.56569786,
2026-06-12 07:34:00,1781249640,1583.56569786,1605.15484409,1557.77737611,1557.77737611,
2026-06-12 07:35:00,1781249700,1557.77737611,1596.18354265,1555.82117904,1585.61357352,
2026-06-12 07:36:00,1781249760,1585.61357352,1585.61357352,1557.23272195,1566.13042742,
2026-06-12 07:37:00,1781249820,1566.13042742,1575.75965307,1533.96357636,1539.05491905,
2026-06-12 07:38:00,1781249880,1539.05491905,1567.16489777,1524.3460097,1567.1313524,
2026-06-12 07:39:00,1781249940,1567.1313524,1620.06737048,1564.66664095,1618.0018172,
2026-06-12 07:40:00,1781250000,1618.0018172,1639.5410296,1603.57462746,1619.91441189,
2026-06-12 07:41:00,1781250060,1619.91441189,1637.85483872,1617.73694394,1637.58428498,
2026-06-12 07:42:00,1781250120,1637.58428498,1642.55376663,1620.43032327,1640.30048737,
2026-06-12 07:43:00,1781250180,1640.30048737,1640.30048737,1619.67674344,1619.67674344,
2026-06-12 07:44:00,1781250240,1619.67674344,1631.77288393,1610.04928635,1622.26425706,
2026-06-12 07:45:00,1781250300,1622.26425706,1633.74998915,1622.26425706,1632.33763715,
2026-06-12 07:46:00,1781250360,1632.33763715,1632.73290731,1599.47780801,1611.11133718,
2026-06-12 07:47:00,1781250420,1611.11133718,1611.11133718,1588.04076786,1590.82219572,
2026-06-12 07:48:00,1781250480,1590.82219572,1599.83579799,1577.30390642,1591.75643021,
2026-06-12 07:49:00,1781250540,1591.75643021,1602.87950803,1591.01371204,1591.0857995,
2026-06-12 07:50:00,1781250600,1591.0857995,1591.08651176,1568.36848513,1572.91611029,
2026-06-12 07:51:00,1781250660,1572.91611029,1573.38358332,1565.34567221,1569.80907284,
2026-06-12 07:52:00,1781250720,1569.80907284,1581.57235341,1559.67732907,1572.09845941,
2026-06-12 07:53:00,1781250780,1572.09845941,1574.67519417,1553.43802239,1554.09827008,
2026-06-12 07:54:00,1781250840,1554.09827008,1556.06261942,1548.60915207,1553.88125744,
2026-06-12 07:55:00,1781250900,1553.88125744,1588.73202468,1551.96624077,1586.8052104,
2026-06-12 07:56:00,1781250960,1586.8052104,1719.49582471,1586.63802543,1666.47765047,
2026-06-12 07:57:00,1781251020,1666.47765047,1710.01707378,1625.89033283,1636.38009155,
2026-06-12 07:58:00,1781251080,1636.38009155,1643.71737019,1607.22515648,1628.6312123,
2026-06-12 07:59:00,1781251140,1628.6312123,1630.47921619,1605.83739897,1611.82589391,
2026-06-12 08:00:00,1781251200,1611.82589391,1634.35291118,1607.65157235,1624.38752548,
2026-06-12 08:01:00,1781251260,1624.38752548,1651.99312023,1619.55676252,1642.08430252,
2026-06-12 08:02:00,1781251320,1642.08430252,1693.96973743,1633.47279513,1675.77789346,
2026-06-12 08:03:00,1781251380,1675.77789346,1676.38432355,1633.73865643,1658.03378519,
2026-06-12 08:04:00,1781251440,1658.03378519,1674.70642118,1634.61487066,1639.31363272,
2026-06-12 08:05:00,1781251500,1639.31363272,1692.34068594,1633.64287597,1692.34068594,
2026-06-12 08:06:00,1781251560,1692.34068594,1732.08645618,1686.25399337,1721.52528949,
2026-06-12 08:07:00,1781251620,1721.52528949,1756.86194017,1719.88300638,1748.63142149,
2026-06-12 08:08:00,1781251680,1748.63142149,1775.28957296,1747.29211939,1775.19866997,
2026-06-12 08:09:00,1781251740,1775.19866997,1780.63042295,1763.91643335,1767.4834563,
2026-06-12 08:10:00,1781251800,1767.4834563,1814.06999235,1764.93484666,1783.13435797,
2026-06-12 08:11:00,1781251860,1783.13435797,1801.10831923,1764.37449857,1788.33025554,
2026-06-12 08:12:00,1781251920,1788.33025554,1808.24707586,1788.33025554,1806.21359917,
2026-06-12 08:13:00,1781251980,1806.21359917,1833.57311892,1791.14680524,1811.52589499,
2026-06-12 08:14:00,1781252040,1811.52589499,1811.52589499,1789.16220679,1789.42641692,
2026-06-12 08:15:00,1781252100,1789.42641692,1800.18874161,1780.14998042,1798.83932282,
2026-06-12 08:16:00,1781252160,1798.83932282,1881.28277693,1793.4075878,1875.37225317,
2026-06-12 08:17:00,1781252220,1875.37225317,1905.79610869,1845.03577623,1879.33119338,
2026-06-12 08:18:00,1781252280,1879.33119338,1945.16530144,1872.55483372,1933.99185473,
2026-06-12 08:19:00,1781252340,1933.99185473,1948.53778007,1915.26896237,1937.42787642,
2026-06-12 08:20:00,1781252400,1937.42787642,1943.30514574,1920.86911334,1939.72926559,
2026-06-12 08:21:00,1781252460,1939.72926559,2057.25410156,1938.46351116,2031.57693392,
2026-06-12 08:22:00,1781252520,2031.57693392,2084.77449685,2015.26336274,2029.17677531,
2026-06-12 08:23:00,1781252580,2029.17677531,2029.17677531,1975.46060805,1994.17922681,
2026-06-12 08:24:00,1781252640,1994.17922681,2020.73104864,1976.63024,1976.96278728,
2026-06-12 08:25:00,1781252700,1976.96278728,1984.37599902,1962.06692504,1972.36230899,
2026-06-12 08:26:00,1781252760,1972.36230899,1977.93536074,1956.71000872,1959.51852149,
2026-06-12 08:27:00,1781252820,1959.51852149,2010.23638945,1959.51716363,1987.59164905,
2026-06-12 08:28:00,1781252880,1987.59164905,2020.43354245,1975.1602407,2011.40992701,
2026-06-12 08:29:00,1781252940,2011.40992701,2016.4726993,1990.73410121,2005.31383807,
2026-06-12 08:30:00,1781253000,2005.31383807,2017.15314631,1971.25280794,1972.33064481,
2026-06-12 08:31:00,1781253060,1972.33064481,1986.75610892,1956.6184479,1962.40654657,
2026-06-12 08:32:00,1781253120,1962.40654657,1971.78363652,1948.52192712,1965.65515174,
2026-06-12 08:33:00,1781253180,1965.65515174,2007.2700223,1960.65403629,1998.16314146,
2026-06-12 08:34:00,1781253240,1998.16314146,2006.47421285,1967.69440683,1970.01756189,
2026-06-12 08:35:00,1781253300,1970.01756189,1970.01756189,1929.25439107,1942.50509486,
2026-06-12 08:36:00,1781253360,1942.50509486,1950.76755913,1937.55994663,1943.91668039,
2026-06-12 08:37:00,1781253420,1943.91668039,1943.91668039,1903.91488289,1921.73181444,
2026-06-12 08:38:00,1781253480,1921.73181444,1947.36778966,1914.84216511,1945.56058454,
2026-06-12 08:39:00,1781253540,1945.56058454,1971.69349018,1942.17453342,1965.96331075,
2026-06-12 08:40:00,1781253600,1965.96331075,1967.87191946,1909.65469805,1914.42521239,
2026-06-12 08:41:00,1781253660,1914.42521239,1929.70474311,1897.52774112,1900.45807864,
2026-06-12 08:42:00,1781253720,1900.45807864,1905.49808431,1867.05765761,1875.9065649,
2026-06-12 08:43:00,1781253780,1875.9065649,1877.41861105,1865.7460231,1868.28476342,
2026-06-12 08:44:00,1781253840,1868.28476342,1873.19188919,1860.38418772,1872.51363082,
2026-06-12 08:45:00,1781253900,1872.51363082,1873.82766653,1843.32691652,1844.03760313,
2026-06-12 08:46:00,1781253960,1844.03760313,1900.16393638,1837.24949701,1900.16393638,
2026-06-12 08:47:00,1781254020,1900.16393638,1930.49283893,1888.48816053,1896.73850904,
2026-06-12 08:48:00,1781254080,1896.73850904,1926.63620119,1895.90404819,1920.05393171,
2026-06-12 08:49:00,1781254140,1920.05393171,1923.88587699,1895.70056112,1900.38677787,
2026-06-12 08:50:00,1781254200,1900.38677787,1904.31319433,1887.90760743,1899.64158261,
2026-06-12 08:51:00,1781254260,1899.64158261,1920.82307273,1886.97157388,1900.64079708,
2026-06-12 08:52:00,1781254320,1900.64079708,1945.18234053,1900.64079708,1934.06668929,
2026-06-12 08:53:00,1781254380,1934.06668929,1950.93129566,1927.27432139,1941.3678529,
2026-06-12 08:54:00,1781254440,1941.3678529,1941.3678529,1922.91714696,1932.17480399,
2026-06-12 08:55:00,1781254500,1932.17480399,1945.98608401,1927.93755803,1936.98218663,
2026-06-12 08:56:00,1781254560,1936.98218663,1957.83488046,1926.14969573,1948.54732344,
2026-06-12 08:57:00,1781254620,1948.54732344,1950.65974649,1943.56510054,1946.20160193,
2026-06-12 08:58:00,1781254680,1946.20160193,1952.78474836,1935.41340718,1937.38980343,
2026-06-12 08:59:00,1781254740,1937.38980343,1953.41727008,1935.54371445,1937.66164508,
2026-06-12 09:00:00,1781254800,1937.66164508,1938.83469175,1921.53940609,1929.69377743,
2026-06-12 09:01:00,1781254860,1929.69377743,1954.97040027,1928.97216119,1947.73882231,
2026-06-12 09:02:00,1781254920,1947.73882231,1983.05867245,1943.86262252,1970.54037263,
2026-06-12 09:03:00,1781254980,1970.54037263,1970.54037263,1913.37914079,1916.07547869,
2026-06-12 09:04:00,1781255040,1916.07547869,1920.3788816,1906.52097216,1910.11081325,
2026-06-12 09:05:00,1781255100,1910.11081325,1961.40848341,1907.27892,1926.93939036,
2026-06-12 09:06:00,1781255160,1926.93939036,1959.23639804,1926.93939036,1950.46664681,
2026-06-12 09:07:00,1781255220,1950.46664681,2013.13532287,1949.56067134,2003.25508812,
2026-06-12 09:08:00,1781255280,2003.25508812,2006.80879203,1949.93175514,1960.99095585,
2026-06-12 09:09:00,1781255340,1960.99095585,1993.98143686,1960.99095585,1980.80410543,
2026-06-12 09:10:00,1781255400,1980.80410543,1980.80410543,1955.07328929,1971.49239725,
2026-06-12 09:11:00,1781255460,1971.49239725,2007.50736907,1971.40052397,1999.60584171,
2026-06-12 09:12:00,1781255520,1999.60584171,2006.27265943,1980.30027542,1980.30027542,
2026-06-12 09:13:00,1781255580,1980.30027542,1999.11423952,1973.94763599,1997.49061874,
2026-06-12 09:14:00,1781255640,1997.49061874,2041.28347227,1993.17087529,2028.01758461,
2026-06-12 09:15:00,1781255700,2028.01758461,2040.76491011,2012.41894923,2035.76403038,
2026-06-12 09:16:00,1781255760,2035.76403038,2063.84185628,2013.2059248,2059.42065243,
2026-06-12 09:17:00,1781255820,2059.42065243,2068.21699178,2011.55974982,2027.25407822,
2026-06-12 09:18:00,1781255880,2027.25407822,2039.52137223,2017.51585099,2021.21854843,
2026-06-12 09:19:00,1781255940,2021.21854843,2053.09678537,2021.12735357,2048.74699323,
2026-06-12 09:20:00,1781256000,2048.74699323,2085.58736847,2046.97961882,2057.97634303,
2026-06-12 09:21:00,1781256060,2057.97634303,2150.10688505,2052.98632654,2146.92682228,
2026-06-12 09:22:00,1781256120,2146.92682228,2174.32029987,2094.90921136,2112.98189716,
2026-06-12 09:23:00,1781256180,2112.98189716,2126.29025869,2109.04862729,2113.47505548,
2026-06-12 09:24:00,1781256240,2113.47505548,2137.69330534,2113.28646961,2125.6445592,
2026-06-12 09:25:00,1781256300,2125.6445592,2152.88070971,2121.88053419,2152.46384634,
2026-06-12 09:26:00,1781256360,2152.46384634,2174.28795965,2144.37257408,2174.28795965,
2026-06-12 09:27:00,1781256420,2174.28795965,2213.38311957,2172.80292246,2189.66205955,
2026-06-12 09:28:00,1781256480,2189.66205955,2242.60577048,2182.95294594,2222.726249,
2026-06-12 09:29:00,1781256540,2222.726249,2244.04081895,2208.80974388,2222.25251554,
2026-06-12 09:30:00,1781256600,2222.25251554,2248.99195654,2216.15668157,2248.94844607,
2026-06-12 09:31:00,1781256660,2248.94844607,2254.97729708,2225.5286771,2248.77141733,
2026-06-12 09:32:00,1781256720,2248.77141733,2365.48225523,2248.71181859,2337.65162878,
2026-06-12 09:33:00,1781256780,2337.65162878,2373.01265151,2323.84701718,2356.47143033,
2026-06-12 09:34:00,1781256840,2356.47143033,2402.21160558,2335.59589815,2354.79862292,
2026-06-12 09:35:00,1781256900,2354.79862292,2364.57964229,2306.69155686,2350.83376555,
2026-06-12 09:36:00,1781256960,2350.83376555,2359.58266332,2309.37825067,2311.98653476,
2026-06-12 09:37:00,1781257020,2311.98653476,2328.69455988,2302.97061485,2306.60595595,
2026-06-12 09:38:00,1781257080,2306.60595595,2325.1920079,2297.67836103,2303.82257298,
2026-06-12 09:39:00,1781257140,2303.82257298,2317.50355668,2290.58765675,2305.27559267,
2026-06-12 09:40:00,1781257200,2305.27559267,2334.12820038,2298.19731389,2315.39443571,
2026-06-12 09:41:00,1781257260,2315.39443571,2315.39443571,2276.08629524,2282.26930942,
2026-06-12 09:42:00,1781257320,2282.26930942,2327.63730722,2280.9401659,2317.58282009,
2026-06-12 09:43:00,1781257380,2317.58282009,2344.80676517,2317.58178692,2332.55003196,
2026-06-12 09:44:00,1781257440,2332.55003196,2354.95799507,2328.87113045,2329.93578518,
2026-06-12 09:45:00,1781257500,2329.93578518,2350.604225,2276.49381068,2339.579054,
2026-06-12 09:46:00,1781257560,2339.579054,2339.579054,2316.07783918,2316.35697875,
2026-06-12 09:47:00,1781257620,2316.35697875,2379.35791681,2316.35697875,2350.51800062,
2026-06-12 09:48:00,1781257680,2350.51800062,2365.90284132,2284.28187873,2297.38916154,
2026-06-12 09:49:00,1781257740,2297.38916154,2298.67927851,2281.45265818,2285.11847065,
2026-06-12 09:50:00,1781257800,2285.11847065,2311.76409483,2285.06290555,2307.95512712,
2026-06-12 09:51:00,1781257860,2307.95512712,2307.95512712,2256.94068966,2270.58747865,
2026-06-12 09:52:00,1781257920,2270.58747865,2270.58747865,2244.37310228,2253.35368823,
2026-06-12 09:53:00,1781257980,2253.35368823,2264.2468927,2240.32930273,2247.11328035,
2026-06-12 09:54:00,1781258040,2247.11328035,2262.47487899,2239.14420693,2239.14420693,
2026-06-12 09:55:00,1781258100,2239.14420693,2298.67944307,2233.39448229,2283.20257107,
2026-06-12 09:56:00,1781258160,2283.20257107,2292.96293114,2246.32427121,2246.32427121,
2026-06-12 09:57:00,1781258220,2246.32427121,2262.59823271,2245.01217682,2258.12946873,
2026-06-12 09:58:00,1781258280,2258.12946873,2268.46661989,2239.89590536,2241.48671658,
2026-06-12 09:59:00,1781258340,2241.48671658,2242.06708708,2201.01431762,2209.14488039,
2026-06-12 10:00:00,1781258400,2209.14488039,2209.14488039,2145.10943285,2164.09979383,
2026-06-12 10:01:00,1781258460,2164.09979383,2181.44507771,2161.84910591,2177.80625488,
2026-06-12 10:02:00,1781258520,2177.80625488,2209.36234307,2177.80508969,2194.59478439,
2026-06-12 10:03:00,1781258580,2194.59478439,2198.82618278,2152.77226133,2171.35319795,
2026-06-12 10:04:00,1781258640,2171.35319795,2192.07426016,2164.68250224,2166.7562071,
2026-06-12 10:05:00,1781258700,2166.7562071,2166.7562071,2147.86300042,2150.0562437,
2026-06-12 10:06:00,1781258760,2150.0562437,2170.37508481,2149.59337992,2167.87591461,
2026-06-12 10:07:00,1781258820,2167.87591461,2196.19923918,2164.98844389,2196.19923918,
2026-06-12 10:08:00,1781258880,2196.19923918,2204.38310551,2188.23317185,2202.14665454,
2026-06-12 10:09:00,1781258940,2202.14665454,2274.3397543,2180.36658992,2274.3397543,
2026-06-12 10:10:00,1781259000,2274.3397543,2304.23744958,2229.76387679,2248.39306204,
2026-06-12 10:11:00,1781259060,2248.39306204,2251.27606696,2176.36622552,2208.82097758,
2026-06-12 10:12:00,1781259120,2208.82097758,2208.82097758,2169.85377317,2176.16433859,
2026-06-12 10:13:00,1781259180,2176.16433859,2225.78276865,2175.88580551,2210.59625372,
2026-06-12 10:14:00,1781259240,2210.59625372,2221.65067626,2201.47557534,2221.65067626,
2026-06-12 10:15:00,1781259300,2221.65067626,2221.65067626,2170.51127663,2196.15316553,
2026-06-12 10:16:00,1781259360,2196.15316553,2221.94945025,2196.15316553,2204.21360843,
2026-06-12 10:17:00,1781259420,2204.21360843,2237.95538707,2198.44914475,2221.65082767,
2026-06-12 10:18:00,1781259480,2221.65082767,2236.47123426,2196.33565851,2199.8398364,
2026-06-12 10:19:00,1781259540,2199.8398364,2220.43055438,2199.5594964,2219.22366912,
2026-06-12 10:20:00,1781259600,2219.22366912,2223.0727976,2196.00626396,2199.87733463,
2026-06-12 10:21:00,1781259660,2199.87733463,2222.58553316,2199.59355494,2218.26209289,
2026-06-12 10:22:00,1781259720,2218.26209289,2226.97094452,2198.45931201,2222.24939268,
2026-06-12 10:23:00,1781259780,2222.24939268,2231.16775089,2212.78066546,2224.77466703,
2026-06-12 10:24:00,1781259840,2224.77466703,2256.68987436,2223.77825157,2256.12951156,
2026-06-12 10:25:00,1781259900,2256.12951156,2266.32797916,2098.68127155,2110.7645151,
2026-06-12 10:26:00,1781259960,2110.7645151,2116.62938525,2073.83359668,2073.83359668,
2026-06-12 10:27:00,1781260020,2073.83359668,2087.08649628,2055.05552977,2065.99466513,
2026-06-12 10:28:00,1781260080,2065.99466513,2082.04382526,2063.39223061,2074.58160592,
2026-06-12 10:29:00,1781260140,2074.58160592,2084.98521991,2049.2278296,2077.02303144,
2026-06-12 10:30:00,1781260200,2077.02303144,2139.02966872,2074.50949496,2100.00806921,
2026-06-12 10:31:00,1781260260,2100.00806921,2120.42940542,2089.70758792,2107.61508208,
2026-06-12 10:32:00,1781260320,2107.61508208,2158.05611162,2094.30777092,2158.05611162,
2026-06-12 10:33:00,1781260380,2158.05611162,2178.65327855,2127.36768397,2141.67057982,
2026-06-12 10:34:00,1781260440,2141.67057982,2192.29554954,2141.6693931,2190.06627064,
2026-06-12 10:35:00,1781260500,2190.06627064,2209.57051437,2166.25964907,2174.64089246,
2026-06-12 10:36:00,1781260560,2174.64089246,2214.60926227,2152.09514322,2208.30707833,
2026-06-12 10:37:00,1781260620,2208.30707833,2208.30707833,2168.23217671,2193.4932894,
2026-06-12 10:38:00,1781260680,2193.4932894,2197.20766501,2180.06609787,2190.33211135,
2026-06-12 10:39:00,1781260740,2190.33211135,2208.71390826,2146.79918304,2157.72489121,
2026-06-12 10:40:00,1781260800,2157.72489121,2177.3942093,2133.9830123,2160.48033529,
2026-06-12 10:41:00,1781260860,2160.48033529,2172.26700526,2128.77577889,2130.71020707,
2026-06-12 10:42:00,1781260920,2130.71020707,2142.4662772,2120.33969643,2140.34702117,
2026-06-12 10:43:00,1781260980,2140.34702117,2140.46417311,2118.08651822,2120.08182739,
2026-06-12 10:44:00,1781261040,2120.08182739,2144.44703048,2119.06682947,2143.33824876,
2026-06-12 10:45:00,1781261100,2143.33824876,2149.53633001,2123.61242297,2149.44266204,
2026-06-12 10:46:00,1781261160,2149.44266204,2159.85285162,2141.29939084,2146.64083783,
2026-06-12 10:47:00,1781261220,2146.64083783,2152.34458134,2123.48419303,2152.06613449,
2026-06-12 10:48:00,1781261280,2152.06613449,2199.87777208,2151.78769554,2186.29504643,
2026-06-12 10:49:00,1781261340,2186.29504643,2193.0287851,2159.89692639,2178.77070303,
2026-06-12 10:50:00,1781261400,2178.77070303,2188.79577585,2165.5391702,2179.90502295,
2026-06-12 10:51:00,1781261460,2179.90502295,2180.27244401,2157.75750446,2159.46787546,
2026-06-12 10:52:00,1781261520,2159.46787546,2166.82378926,2140.20340599,2164.69274697,
2026-06-12 10:53:00,1781261580,2164.69274697,2181.53949742,2162.27136934,2165.57040942,
2026-06-12 10:54:00,1781261640,2165.57040942,2181.77610308,2153.71871984,2154.56645795,
2026-06-12 10:55:00,1781261700,2154.56645795,2170.18387695,2137.76721499,2167.84716313,
2026-06-12 10:56:00,1781261760,2167.84716313,2180.18759086,2156.74377594,2159.15292726,
2026-06-12 10:57:00,1781261820,2159.15292726,2160.49584852,2118.11298014,2157.83187259,
2026-06-12 10:58:00,1781261880,2157.83187259,2194.73748311,2142.24777378,2162.19394371,
2026-06-12 10:59:00,1781261940,2162.19394371,2174.40811895,2147.35785134,2152.14191278,
2026-06-12 11:00:00,1781262000,2152.14191278,2169.35764976,2136.47688019,2136.47688019,
2026-06-12 11:01:00,1781262060,2136.47688019,2179.00245295,2135.86419212,2178.90958364,
2026-06-12 11:02:00,1781262120,2178.90958364,2240.93618708,2153.83086561,2232.11716782,
2026-06-12 11:03:00,1781262180,2232.11716782,2316.35184839,2225.21038521,2300.68892289,
2026-06-12 11:04:00,1781262240,2300.68892289,2309.34773456,2229.40835272,2261.67343081,
2026-06-12 11:05:00,1781262300,2261.67343081,2330.69483954,2246.4457626,2316.27941399,
2026-06-12 11:06:00,1781262360,2316.27941399,2332.0161526,2269.03848286,2269.96053753,
2026-06-12 11:07:00,1781262420,2269.96053753,2300.38975872,2264.57223443,2273.63156814,
2026-06-12 11:08:00,1781262480,2273.63156814,2283.61517885,2251.72964648,2251.72964648,
2026-06-12 11:09:00,1781262540,2251.72964648,2252.1943491,2209.17937408,2214.1398621,
2026-06-12 11:10:00,1781262600,2214.1398621,2227.02863581,2199.6839895,2199.77671221,
2026-06-12 11:11:00,1781262660,2199.77671221,2228.55785267,2196.11870175,2226.17344346,
2026-06-12 11:12:00,1781262720,2226.17344346,2272.57857901,2226.17344346,2263.19405313,
2026-06-12 11:13:00,1781262780,2263.19405313,2299.95460255,2259.71370888,2279.26399547,
2026-06-12 11:14:00,1781262840,2279.26399547,2291.61525155,2272.41667837,2275.18309425,
2026-06-12 11:15:00,1781262900,2275.18309425,2297.87674972,2273.03589525,2287.96208817,
2026-06-12 11:16:00,1781262960,2287.96208817,2288.24151033,2248.6327597,2272.31224725,
2026-06-12 11:17:00,1781263020,2272.31224725,2274.83229993,2240.10928429,2244.86182519,
2026-06-12 11:18:00,1781263080,2244.86182519,2251.9702948,2205.74483631,2229.12047044,
2026-06-12 11:19:00,1781263140,2229.12047044,2229.25659774,2210.77311521,2227.10762335,
2026-06-12 11:20:00,1781263200,2227.10762335,2275.15006457,2223.13696947,2252.01796644,
2026-06-12 11:21:00,1781263260,2252.01796644,2271.51362433,2244.73701101,2269.73527765,
2026-06-12 11:22:00,1781263320,2269.73527765,2291.02794185,2263.92068179,2287.88847455,
2026-06-12 11:23:00,1781263380,2287.88847455,2304.77504808,2270.14245935,2300.34180169,
2026-06-12 11:24:00,1781263440,2300.34180169,2323.23987579,2278.50951107,2313.4365628,
2026-06-12 11:25:00,1781263500,2313.4365628,2328.80147963,2293.17380521,2302.7672548,
2026-06-12 11:26:00,1781263560,2302.7672548,2307.48796239,2279.98505703,2281.38794979,
2026-06-12 11:27:00,1781263620,2281.38794979,2285.14915393,2273.44650968,2273.44650968,
2026-06-12 11:28:00,1781263680,2273.44650968,2303.96627881,2271.16617525,2301.44970579,
2026-06-12 11:29:00,1781263740,2301.44970579,2302.39312034,2271.24562134,2272.54827948,
2026-06-12 11:30:00,1781263800,2272.54827948,2273.04472517,2221.53148189,2241.85382748,
2026-06-12 11:31:00,1781263860,2241.85382748,2274.64596807,2218.59356036,2231.57101739,
2026-06-12 11:32:00,1781263920,2231.57101739,2249.91461416,2183.02194072,2190.39116171,
2026-06-12 11:33:00,1781263980,2190.39116171,2209.31823163,2179.29682808,2194.29801576,
2026-06-12 11:34:00,1781264040,2194.29801576,2213.32644194,2190.26217793,2196.8673525,
2026-06-12 11:35:00,1781264100,2196.8673525,2204.77061948,2141.212408,2163.79456698,
2026-06-12 11:36:00,1781264160,2163.79456698,2175.66353152,2158.93250006,2167.90486359,
2026-06-12 11:37:00,1781264220,2167.90486359,2173.67942004,2149.77221401,2156.89787704,
2026-06-12 11:38:00,1781264280,2156.89787704,2174.70681735,2140.61429481,2152.3575748,
2026-06-12 11:39:00,1781264340,2152.3575748,2168.05611911,2141.46534927,2146.85550643,
2026-06-12 11:40:00,1781264400,2146.85550643,2184.79629336,2144.91530193,2181.08639874,
2026-06-12 11:41:00,1781264460,2181.08639874,2257.52573526,2170.66333542,2230.70019255,
2026-06-12 11:42:00,1781264520,2230.70019255,2236.9803659,2213.77469924,2227.06398191,
2026-06-12 11:43:00,1781264580,2227.06398191,2250.16846183,2216.063091,2245.26974933,
2026-06-12 11:44:00,1781264640,2245.26974933,2249.34880506,2237.29349065,2246.63233055,
2026-06-12 11:45:00,1781264700,2246.63233055,2332.09321978,2246.53791828,2311.02209883,
2026-06-12 11:46:00,1781264760,2311.02209883,2311.02209883,2276.32281547,2287.82056782,
2026-06-12 11:47:00,1781264820,2287.82056782,2287.82056782,2239.1915133,2278.75833525,
2026-06-12 11:48:00,1781264880,2278.75833525,2292.30214464,2270.65607715,2282.0951911,
2026-06-12 11:49:00,1781264940,2282.0951911,2283.21828297,2259.88779546,2262.10389996,
2026-06-12 11:50:00,1781265000,2262.10389996,2272.85939098,2257.34870275,2264.05825097,
2026-06-12 11:51:00,1781265060,2264.05825097,2269.19614609,2240.1818496,2256.14697696,
2026-06-12 11:52:00,1781265120,2256.14697696,2269.74743828,2256.14586607,2267.64341627,
2026-06-12 11:53:00,1781265180,2267.64341627,2287.57381663,2249.95677392,2285.14412775,
2026-06-12 11:54:00,1781265240,2285.14412775,2287.38415876,2280.39860396,2286.00349627,
2026-06-12 11:55:00,1781265300,2286.00349627,2297.90114999,2260.00013045,2286.68082113,
2026-06-12 11:56:00,1781265360,2286.68082113,2286.68082113,2243.86818407,2267.07766358,
2026-06-12 11:57:00,1781265420,2267.07766358,2267.07766358,2247.07413626,2247.07413626,
2026-06-12 11:58:00,1781265480,2247.07413626,2252.38752627,2223.81036334,2242.93554687,
2026-06-12 11:59:00,1781265540,2242.93554687,2243.00545662,2207.90659802,2210.586124,
2026-06-12 12:00:00,1781265600,2210.586124,2210.586124,2117.06953267,2121.76542818,
2026-06-12 12:01:00,1781265660,2121.76542818,2193.82774709,2101.64977088,2154.35766048,
2026-06-12 12:02:00,1781265720,2154.35766048,2207.47596218,2138.65761918,2195.59098625,
2026-06-12 12:03:00,1781265780,2195.59098625,2227.18660139,2194.34005725,2195.23454817,
2026-06-12 12:04:00,1781265840,2195.23454817,2197.94822812,2109.45761407,2128.08927053,
2026-06-12 12:05:00,1781265900,2128.08927053,2150.13756765,2118.92166707,2128.38254688,
2026-06-12 12:06:00,1781265960,2128.38254688,2155.20275447,2096.31525856,2112.46768408,
2026-06-12 12:07:00,1781266020,2112.46768408,2128.71143155,2103.6861933,2106.97189955,
2026-06-12 12:08:00,1781266080,2106.97189955,2139.86085316,2105.67786331,2132.64236864,
2026-06-12 12:09:00,1781266140,2132.64236864,2140.13577333,2115.79789923,2121.3425618,
2026-06-12 12:10:00,1781266200,2121.3425618,2159.81461533,2120.69222195,2142.87607308,
2026-06-12 12:11:00,1781266260,2142.87607308,2145.65877421,2101.76323113,2112.61442483,
2026-06-12 12:12:00,1781266320,2112.61442483,2112.61442483,2075.44824254,2075.51063178,
2026-06-12 12:13:00,1781266380,2075.51063178,2100.9150311,2075.5093835,2091.52706166,
2026-06-12 12:14:00,1781266440,2091.52706166,2094.15187315,2073.98601421,2084.78878365,
2026-06-12 12:15:00,1781266500,2084.78878365,2114.06565928,2074.1610129,2078.1282977,
2026-06-12 12:16:00,1781266560,2078.1282977,2110.08017682,2063.98892264,2100.51631948,
2026-06-12 12:17:00,1781266620,2100.51631948,2106.28473615,2081.84846305,2104.52823794,
2026-06-12 12:18:00,1781266680,2104.52823794,2110.33514243,2090.95806983,2094.10466922,
2026-06-12 12:19:00,1781266740,2094.10466922,2132.77378755,2093.3556266,2093.54078071,
2026-06-12 12:20:00,1781266800,2093.54078071,2107.48558036,2048.82666876,2049.47013978,
2026-06-12 12:21:00,1781266860,2049.47013978,2064.55444807,2017.77513345,2019.15023776,
2026-06-12 12:22:00,1781266920,2019.15023776,2073.21618617,2019.1489599,2060.72586597,
2026-06-12 12:23:00,1781266980,2060.72586597,2070.07263262,2036.40781892,2050.40015436,
2026-06-12 12:24:00,1781267040,2050.40015436,2050.41339714,2015.08404098,2015.6338674,
2026-06-12 12:25:00,1781267100,2015.6338674,2020.14603814,1987.8488387,2004.77955602,
2026-06-12 12:26:00,1781267160,2004.77955602,2008.23245868,1993.22632751,1993.22632751,
2026-06-12 12:27:00,1781267220,1993.22632751,1995.20668612,1949.17135512,1966.55905588,
2026-06-12 12:28:00,1781267280,1966.55905588,1980.36643371,1937.71293102,1954.01564731,
2026-06-12 12:29:00,1781267340,1954.01564731,1954.01564731,1922.12731374,1922.12731374,
2026-06-12 12:30:00,1781267400,1922.12731374,1967.15302296,1908.42112425,1958.94115466,
2026-06-12 12:31:00,1781267460,1958.94115466,1982.23078786,1949.76136569,1953.7458241,
2026-06-12 12:32:00,1781267520,1953.7458241,1986.64646867,1953.7458241,1976.22647234,
2026-06-12 12:33:00,1781267580,1976.22647234,2003.10398854,1973.64779603,1990.18200959,
2026-06-12 12:34:00,1781267640,1990.18200959,2022.65869099,1981.27228308,2010.777469,
2026-06-12 12:35:00,1781267700,2010.777469,2027.26875471,1981.32417974,1984.26256771,
2026-06-12 12:36:00,1781267760,1984.26256771,1985.74540985,1962.70724702,1962.70724702,
2026-06-12 12:37:00,1781267820,1962.70724702,1996.3275431,1962.70724702,1976.843227,
2026-06-12 12:38:00,1781267880,1976.843227,1977.48071758,1928.77263685,1930.76521193,
2026-06-12 12:39:00,1781267940,1930.76521193,1930.76521193,1871.67446485,1890.48439681,
2026-06-12 12:40:00,1781268000,1890.48439681,1904.68516607,1861.52287013,1901.18067631,
2026-06-12 12:41:00,1781268060,1901.18067631,1923.72952865,1882.36723029,1915.87813467,
2026-06-12 12:42:00,1781268120,1915.87813467,1927.2159025,1892.31716203,1925.0364639,
2026-06-12 12:43:00,1781268180,1925.0364639,1949.93376676,1918.27025744,1943.57685744,
2026-06-12 12:44:00,1781268240,1943.57685744,1952.19941022,1862.85997275,1899.46279118,
2026-06-12 12:45:00,1781268300,1899.46279118,1907.36627903,1874.87527052,1899.82936671,
2026-06-12 12:46:00,1781268360,1899.82936671,1950.15219114,1897.47148794,1936.43456724,
2026-06-12 12:47:00,1781268420,1936.43456724,1957.42153261,1918.71463346,1947.29030556,
2026-06-12 12:48:00,1781268480,1947.29030556,1974.99780329,1923.51613993,1968.86972104,
2026-06-12 12:49:00,1781268540,1968.86972104,1990.88892254,1954.85213572,1954.85213572,
2026-06-12 12:50:00,1781268600,1954.85213572,2002.90816611,1942.7136512,1957.08722607,
2026-06-12 12:51:00,1781268660,1957.08722607,1963.97304454,1921.30069395,1939.30566707,
2026-06-12 12:52:00,1781268720,1939.30566707,1996.72310575,1938.42745116,1990.80371893,
2026-06-12 12:53:00,1781268780,1990.80371893,1990.80371893,1959.3846242,1959.50582937,
2026-06-12 12:54:00,1781268840,1959.50582937,1959.50582937,1889.1740122,1897.31353161,
2026-06-12 12:55:00,1781268900,1897.31353161,1917.73961179,1840.17811624,1887.04660257,
2026-06-12 12:56:00,1781268960,1887.04660257,1901.33503863,1870.43448262,1884.10787411,
2026-06-12 12:57:00,1781269020,1884.10787411,1924.41505766,1883.47004869,1918.53568882,
2026-06-12 12:58:00,1781269080,1918.53568882,1929.15849407,1907.6827347,1924.68205051,
2026-06-12 12:59:00,1781269140,1924.68205051,1956.38771086,1915.89228109,1919.95612444,
2026-06-12 13:00:00,1781269200,1919.95612444,1950.17800145,1903.7067291,1904.14567846,
2026-06-12 13:01:00,1781269260,1904.14567846,1909.9768748,1883.50206647,1893.51295689,
2026-06-12 13:02:00,1781269320,1893.51295689,1918.15935156,1858.30239115,1916.74192725,
2026-06-12 13:03:00,1781269380,1916.74192725,1917.10512752,1880.20598928,1900.67699556,
2026-06-12 13:04:00,1781269440,1900.67699556,1901.04093233,1882.66674329,1885.54721507,
2026-06-12 13:05:00,1781269500,1885.54721507,1909.56714197,1881.98703459,1904.04434642,
2026-06-12 13:06:00,1781269560,1904.04434642,1908.24487812,1883.14625012,1893.26599492,
2026-06-12 13:07:00,1781269620,1893.26599492,1921.5444461,1890.80178142,1909.86534209,
2026-06-12 13:08:00,1781269680,1909.86534209,1937.33192037,1909.86271441,1919.34849914,
2026-06-12 13:09:00,1781269740,1919.34849914,1962.36481991,1916.7565424,1916.85281255,
2026-06-12 13:10:00,1781269800,1916.85281255,1934.03956418,1889.53729212,1921.18118315,
2026-06-12 13:11:00,1781269860,1921.18118315,1922.55407974,1881.58794226,1886.12403746,
2026-06-12 13:12:00,1781269920,1886.12403746,1902.58598272,1839.87204165,1841.4446953,
2026-06-12 13:13:00,1781269980,1841.4446953,1897.34347587,1827.2283904,1895.11674459,
2026-06-12 13:14:00,1781270040,1895.11674459,1939.73829652,1892.80178579,1937.4392134,
2026-06-12 13:15:00,1781270100,1937.4392134,1944.56179873,1895.98602552,1895.98602552,
2026-06-12 13:16:00,1781270160,1895.98602552,1927.55541227,1895.98602552,1920.88716066,
2026-06-12 13:17:00,1781270220,1920.88716066,1939.00724136,1903.5533156,1914.90972469,
2026-06-12 13:18:00,1781270280,1914.90972469,1986.0568592,1910.70977717,1979.77100622,
2026-06-12 13:19:00,1781270340,1979.77100622,1982.58810672,1948.12982887,1955.21251949,
2026-06-12 13:20:00,1781270400,1955.21251949,1957.88280708,1924.74428963,1947.38853239,
2026-06-12 13:21:00,1781270460,1947.38853239,1947.66467294,1919.34190106,1929.3098665,
2026-06-12 13:22:00,1781270520,1929.3098665,1929.49317974,1887.65317351,1888.19624149,
2026-06-12 13:23:00,1781270580,1888.19624149,1895.06504669,1846.61618832,1847.86974996,
2026-06-12 13:24:00,1781270640,1847.86974996,1879.11260453,1847.0926515,1878.1082094,
2026-06-12 13:25:00,1781270700,1878.1082094,1885.09483716,1854.29994961,1861.43672959,
2026-06-12 13:26:00,1781270760,1861.43672959,1879.91948294,1860.58542685,1863.67516738,
2026-06-12 13:27:00,1781270820,1863.67516738,1871.17746071,1848.49436886,1864.39437659,
2026-06-12 13:28:00,1781270880,1864.39437659,1866.03411246,1815.10601116,1841.87539021,
2026-06-12 13:29:00,1781270940,1841.87539021,1875.38462937,1841.87539021,1866.52380454,
2026-06-12 13:30:00,1781271000,1866.52380454,1906.51488111,1772.4438731,1795.49295195,
2026-06-12 13:31:00,1781271060,1795.49295195,1810.83193789,1714.39558907,1715.64409152,
2026-06-12 13:32:00,1781271120,1715.64409152,1801.51575356,1715.64409152,1749.40472735,
2026-06-12 13:33:00,1781271180,1749.40472735,1770.08975045,1713.61853842,1713.884798,
2026-06-12 13:34:00,1781271240,1713.884798,1765.86550037,1699.45261016,1719.85461931,
2026-06-12 13:35:00,1781271300,1719.85461931,1830.81803421,1696.51231982,1812.99638428,
2026-06-12 13:36:00,1781271360,1812.99638428,1815.08292698,1746.5104182,1768.30961513,
2026-06-12 13:37:00,1781271420,1768.30961513,1799.77827574,1735.02937369,1792.07609426,
2026-06-12 13:38:00,1781271480,1792.07609426,1823.93348546,1760.62426793,1798.57685665,
2026-06-12 13:39:00,1781271540,1798.57685665,1842.27257067,1777.15626792,1832.95851971,
2026-06-12 13:40:00,1781271600,1832.95851971,1861.66882789,1689.45670117,1706.36177148,
2026-06-12 13:41:00,1781271660,1706.36177148,1716.19929197,1597.17661959,1643.66514962,
2026-06-12 13:42:00,1781271720,1643.66514962,1643.66514962,1547.35059129,1547.35059129,
2026-06-12 13:43:00,1781271780,1547.35059129,1661.86485821,1537.90755762,1637.97866916,
2026-06-12 13:44:00,1781271840,1637.97866916,1648.28979545,1607.67212549,1609.1511691,
2026-06-12 13:45:00,1781271900,1609.1511691,1688.6239256,1594.1816156,1609.26759869,
2026-06-12 13:46:00,1781271960,1609.26759869,1680.65524047,1602.72397142,1657.75712188,
2026-06-12 13:47:00,1781272020,1657.75712188,1689.10517024,1653.00922537,1654.90558654,
2026-06-12 13:48:00,1781272080,1654.90558654,1664.04683232,1579.6105229,1627.26637801,
2026-06-12 13:49:00,1781272140,1627.26637801,1688.17248361,1615.34156544,1669.96913617,
2026-06-12 13:50:00,1781272200,1669.96913617,1712.62081176,1667.09785298,1703.86958109,
2026-06-12 13:51:00,1781272260,1703.86958109,1730.90513174,1657.1343024,1677.33075859,
2026-06-12 13:52:00,1781272320,1677.33075859,1707.24249208,1642.08989251,1701.03185935,
2026-06-12 13:53:00,1781272380,1701.03185935,1725.27408638,1624.4946221,1624.93809734,
2026-06-12 13:54:00,1781272440,1624.93809734,1645.06220148,1589.76884584,1629.2084356,
2026-06-12 13:55:00,1781272500,1629.2084356,1629.2084356,1579.3558766,1584.35247543,
2026-06-12 13:56:00,1781272560,1584.35247543,1617.46700142,1575.78722458,1602.40957002,
2026-06-12 13:57:00,1781272620,1602.40957002,1640.44487711,1596.73486875,1622.1851479,
2026-06-12 13:58:00,1781272680,1622.1851479,1654.18979652,1608.30353274,1647.87020785,
2026-06-12 13:59:00,1781272740,1647.87020785,1708.7341166,1641.05404942,1690.31737008,
2026-06-12 14:00:00,1781272800,1690.31737008,1890.94850966,1659.99629402,1871.32076066,
2026-06-12 14:01:00,1781272860,1871.32076066,1929.52705954,1827.56647108,1885.1444788,
2026-06-12 14:02:00,1781272920,1885.1444788,1895.25450833,1807.05070563,1833.23883201,
2026-06-12 14:03:00,1781272980,1833.23883201,1915.34829158,1799.9730918,1884.85872324,
2026-06-12 14:04:00,1781273040,1884.85872324,1889.68823068,1811.35139393,1841.56082618,
2026-06-12 14:05:00,1781273100,1841.56082618,1841.74370422,1778.89751498,1795.70057372,
2026-06-12 14:06:00,1781273160,1795.70057372,1881.22458235,1793.2498861,1880.79618214,
2026-06-12 14:07:00,1781273220,1880.79618214,1996.64070069,1876.90168495,1978.71434003,
2026-06-12 14:08:00,1781273280,1978.71434003,1983.20840602,1872.4956129,1877.57603759,
2026-06-12 14:09:00,1781273340,1877.57603759,1904.29221701,1861.92466659,1884.70114208,
2026-06-12 14:10:00,1781273400,1884.70114208,1904.05812614,1845.46520011,1904.05812614,
2026-06-12 14:11:00,1781273460,1904.05812614,1904.05812614,1824.58677266,1871.55526952,
2026-06-12 14:12:00,1781273520,1871.55526952,1890.81595511,1833.9725095,1833.9725095,
2026-06-12 14:13:00,1781273580,1833.9725095,1874.42869478,1798.84500857,1810.56432904,
2026-06-12 14:14:00,1781273640,1810.56432904,1900.3384725,1809.66234055,1890.01726828,
2026-06-12 14:15:00,1781273700,1890.01726828,1949.50676555,1875.7202337,1934.90851013,
2026-06-12 14:16:00,1781273760,1934.90851013,1951.86067727,1915.8869356,1944.4750099,
2026-06-12 14:17:00,1781273820,1944.4750099,1997.1468087,1927.16478677,1931.17659499,
2026-06-12 14:18:00,1781273880,1931.17659499,1931.17659499,1841.88049009,1856.08076277,
2026-06-12 14:19:00,1781273940,1856.08076277,1885.42213668,1846.44638538,1849.82335577,
2026-06-12 14:20:00,1781274000,1849.82335577,1896.94539398,1836.10966847,1885.14021529,
2026-06-12 14:21:00,1781274060,1885.14021529,1957.24932569,1823.31980946,1832.88403966,
2026-06-12 14:22:00,1781274120,1832.88403966,1840.19557958,1767.34334184,1775.94078366,
2026-06-12 14:23:00,1781274180,1775.94078366,1830.08854819,1769.77969847,1823.77822438,
2026-06-12 14:24:00,1781274240,1823.77822438,1899.58131594,1823.59317856,1865.77994771,
2026-06-12 14:25:00,1781274300,1865.77994771,2031.27558558,1860.66692172,2007.85131623,
2026-06-12 14:26:00,1781274360,2007.85131623,2029.40692391,1929.82676527,1972.29630831,
2026-06-12 14:27:00,1781274420,1972.29630831,2071.22284222,1970.03851586,2041.53447909,
2026-06-12 14:28:00,1781274480,2041.53447909,2087.55155586,2016.96760315,2044.71093326,
2026-06-12 14:29:00,1781274540,2044.71093326,2071.30090532,2036.5872302,2061.20740247,
2026-06-12 14:30:00,1781274600,2061.20740247,2105.67685354,2054.64730127,2094.21446332,
2026-06-12 14:31:00,1781274660,2094.21446332,2125.57356906,2017.99382493,2045.47925344,
2026-06-12 14:32:00,1781274720,2045.47925344,2078.67359398,2004.95171721,2023.83993615,
2026-06-12 14:33:00,1781274780,2023.83993615,2057.41365546,1984.58618021,2036.6955518,
2026-06-12 14:34:00,1781274840,2036.6955518,2124.6225194,2036.6955518,2109.48005399,
2026-06-12 14:35:00,1781274900,2109.48005399,2165.87033864,2099.95825125,2119.14433682,
2026-06-12 14:36:00,1781274960,2119.14433682,2203.31580575,2091.37138921,2184.36495182,
2026-06-12 14:37:00,1781275020,2184.36495182,2207.43853338,2118.65666269,2150.73559956,
2026-06-12 14:38:00,1781275080,2150.73559956,2188.76080741,2136.42654957,2167.43911792,
2026-06-12 14:39:00,1781275140,2167.43911792,2198.55301346,2149.54990519,2149.73956022,
2026-06-12 14:40:00,1781275200,2149.73956022,2158.21880723,2059.054927,2084.05859618,
2026-06-12 14:41:00,1781275260,2084.05859618,2095.87796158,2019.88694149,2044.93832343,
2026-06-12 14:42:00,1781275320,2044.93832343,2081.40907584,2025.44682166,2040.42640346,
2026-06-12 14:43:00,1781275380,2040.42640346,2043.27504718,1910.73703865,1920.34904077,
2026-06-12 14:44:00,1781275440,1920.34904077,1990.89825746,1920.34796717,1941.35399155,
2026-06-12 14:45:00,1781275500,1941.35399155,1992.25510087,1909.78020628,1972.50680085,
2026-06-12 14:46:00,1781275560,1972.50680085,2002.99038562,1937.10652803,1973.00842997,
2026-06-12 14:47:00,1781275620,1973.00842997,1989.36131196,1905.88755309,1933.78669845,
2026-06-12 14:48:00,1781275680,1933.78669845,1980.90618603,1921.18613134,1934.82209338,
2026-06-12 14:49:00,1781275740,1934.82209338,1957.73498704,1891.30820943,1950.33897407,
2026-06-12 14:50:00,1781275800,1950.33897407,2071.53557996,1946.00882898,2060.0005858,
2026-06-12 14:51:00,1781275860,2060.0005858,2072.39443875,1997.83364961,1997.83364961,
2026-06-12 14:52:00,1781275920,1997.83364961,2317.5825784,1988.37447602,2269.02551525,
2026-06-12 14:53:00,1781275980,2269.02551525,2358.61078955,2258.67614646,2284.63609107,
2026-06-12 14:54:00,1781276040,2284.63609107,2363.30174496,2268.02574572,2359.9826107,
2026-06-12 14:55:00,1781276100,2359.9826107,2414.6888624,2276.25452094,2290.66852099,
2026-06-12 14:56:00,1781276160,2290.66852099,2406.4069286,2276.01194946,2385.35522556,
2026-06-12 14:57:00,1781276220,2385.35522556,2404.03845867,2332.41200918,2384.54199963,
2026-06-12 14:58:00,1781276280,2384.54199963,2397.62060173,2339.71666411,2394.33892349,
2026-06-12 14:59:00,1781276340,2394.33892349,2420.42782709,2371.53275448,2418.20326339,
2026-06-12 15:00:00,1781276400,2418.20326339,2532.4431291,2399.56711372,2525.90956728,
2026-06-12 15:01:00,1781276460,2525.90956728,2604.56869448,2511.34458922,2582.49631318,
2026-06-12 15:02:00,1781276520,2582.49631318,2599.50332656,2518.60623621,2518.60623621,
2026-06-12 15:03:00,1781276580,2518.60623621,2560.89313141,2335.64242521,2338.98447092,
2026-06-12 15:04:00,1781276640,2338.98447092,2398.47790291,2313.54893,2349.54806668,
2026-06-12 15:05:00,1781276700,2349.54806668,2450.80806071,2343.38438778,2450.80806071,
2026-06-12 15:06:00,1781276760,2450.80806071,2532.41950334,2437.82326279,2512.97814162,
2026-06-12 15:07:00,1781276820,2512.97814162,2603.50478293,2484.25115242,2573.40619246,
2026-06-12 15:08:00,1781276880,2573.40619246,2589.96599944,2501.80285798,2536.06026142,
2026-06-12 15:09:00,1781276940,2536.06026142,2570.90170267,2509.79302033,2510.50421619,
2026-06-12 15:10:00,1781277000,2510.50421619,2655.50239132,2497.36502354,2655.50239132,
2026-06-12 15:11:00,1781277060,2655.50239132,2689.39743809,2634.50322498,2654.0836247,
2026-06-12 15:12:00,1781277120,2654.0836247,2674.92602259,2582.98172022,2670.10776829,
2026-06-12 15:13:00,1781277180,2670.10776829,2796.76189176,2668.83764955,2792.56110008,
2026-06-12 15:14:00,1781277240,2792.56110008,2797.43895422,2752.40848232,2788.52706561,
2026-06-12 15:15:00,1781277300,2788.52706561,2813.33625229,2728.9416047,2731.16708398,
2026-06-12 15:16:00,1781277360,2731.16708398,2750.11553701,2700.23755422,2748.14091714,
2026-06-12 15:17:00,1781277420,2748.14091714,2807.00343362,2741.36554977,2758.20018741,
2026-06-12 15:18:00,1781277480,2758.20018741,2775.53872353,2707.60775242,2742.34900534,
2026-06-12 15:19:00,1781277540,2742.34900534,2747.18065553,2670.50033864,2697.14018775,
2026-06-12 15:20:00,1781277600,2697.14018775,2707.11966235,2635.07020814,2650.1227809,
2026-06-12 15:21:00,1781277660,2650.1227809,2699.80555077,2633.72298128,2666.27782061,
2026-06-12 15:22:00,1781277720,2666.27782061,2700.46449088,2622.71962333,2652.89356166,
2026-06-12 15:23:00,1781277780,2652.89356166,2694.27703996,2627.98607995,2666.64280933,
2026-06-12 15:24:00,1781277840,2666.64280933,2705.00006211,2662.56360824,2684.64549681,
2026-06-12 15:25:00,1781277900,2684.64549681,2738.65267245,2684.64549681,2731.76324925,
2026-06-12 15:26:00,1781277960,2731.76324925,2737.3700151,2669.88334118,2692.42353135,
2026-06-12 15:27:00,1781278020,2692.42353135,2725.22544934,2680.971964,2718.76205302,
2026-06-12 15:28:00,1781278080,2718.76205302,2721.91566868,2613.92981646,2619.90702921,
2026-06-12 15:29:00,1781278140,2619.90702921,2658.51082652,2556.24361305,2559.13369465,
2026-06-12 15:30:00,1781278200,2559.13369465,2563.09861333,2471.56854806,2504.55801045,
2026-06-12 15:31:00,1781278260,2504.55801045,2515.31748,2431.25854086,2459.39025088,
2026-06-12 15:32:00,1781278320,2459.39025088,2511.58392457,2425.88437545,2435.96308844,
2026-06-12 15:33:00,1781278380,2435.96308844,2457.34693679,2388.18116271,2394.96965806,
2026-06-12 15:34:00,1781278440,2394.96965806,2406.79388557,2359.51202119,2360.75519471,
2026-06-12 15:35:00,1781278500,2360.75519471,2491.58628997,2333.46637926,2491.58628997,
2026-06-12 15:36:00,1781278560,2491.58628997,2491.87959915,2404.16041702,2422.49973141,
2026-06-12 15:37:00,1781278620,2422.49973141,2450.00281263,2335.26913904,2356.37680513,
2026-06-12 15:38:00,1781278680,2356.37680513,2385.53908322,2298.02698669,2316.26826706,
2026-06-12 15:39:00,1781278740,2316.26826706,2400.12660027,2292.74207638,2378.07777067,
2026-06-12 15:40:00,1781278800,2378.07777067,2407.84742705,2310.41980423,2316.74594201,
2026-06-12 15:41:00,1781278860,2316.74594201,2369.78761539,2268.9558377,2288.53618588,
2026-06-12 15:42:00,1781278920,2288.53618588,2306.05335515,2235.1201978,2285.15867726,
2026-06-12 15:43:00,1781278980,2285.15867726,2348.45339676,2272.42960262,2348.45339676,
2026-06-12 15:44:00,1781279040,2348.45339676,2349.04484378,2302.06417569,2330.31176775,
2026-06-12 15:45:00,1781279100,2330.31176775,2342.37002071,2276.51280974,2313.67908035,
2026-06-12 15:46:00,1781279160,2313.67908035,2364.96377116,2272.5433229,2284.71872522,
2026-06-12 15:47:00,1781279220,2284.71872522,2290.60402359,2206.04425546,2216.63933427,
2026-06-12 15:48:00,1781279280,2216.63933427,2221.66178388,2130.47835229,2153.44191617,
2026-06-12 15:49:00,1781279340,2153.44191617,2178.41102274,2103.0707705,2129.32605114,
2026-06-12 15:50:00,1781279400,2129.32605114,2201.71987199,2129.32514784,2191.15723169,
2026-06-12 15:51:00,1781279460,2191.15723169,2216.64763786,2161.10939567,2191.83914714,
2026-06-12 15:52:00,1781279520,2191.83914714,2238.3839597,2185.35516285,2234.74237137,
2026-06-12 15:53:00,1781279580,2234.74237137,2278.59213614,2222.87048729,2248.5726672,
2026-06-12 15:54:00,1781279640,2248.5726672,2291.20683939,2235.29314437,2273.59865891,
2026-06-12 15:55:00,1781279700,2273.59865891,2277.05350601,2177.39038625,2179.87171034,
2026-06-12 15:56:00,1781279760,2179.87171034,2201.01813691,2096.88857351,2132.67521454,
2026-06-12 15:57:00,1781279820,2132.67521454,2152.39771616,2120.99420092,2125.92420746,
2026-06-12 15:58:00,1781279880,2125.92420746,2135.45294849,2086.88525208,2086.92494623,
2026-06-12 15:59:00,1781279940,2086.92494623,2086.92494623,1984.4443344,2023.40459349,
2026-06-12 16:00:00,1781280000,2023.40459349,2122.0398754,2008.07874007,2088.46619552,
2026-06-12 16:01:00,1781280060,2088.46619552,2117.33576042,2037.27874335,2046.62666015,
2026-06-12 16:02:00,1781280120,2046.62666015,2058.56414331,1965.85936494,1967.29396178,
2026-06-12 16:03:00,1781280180,1967.29396178,2103.02895934,1945.02896889,2091.15236694,
2026-06-12 16:04:00,1781280240,2091.15236694,2165.2339207,2088.96438968,2112.23972832,
2026-06-12 16:05:00,1781280300,2112.23972832,2128.66993334,2080.46003199,2097.84874306,
