datetime,time,open,high,low,close,volume
2026-06-10 12:40:00,1781095200,916.54976605,924.5231214,900.48905902,914.1251178,
2026-06-10 12:41:00,1781095260,914.1251178,947.00763113,897.84052235,928.85110422,
2026-06-10 12:42:00,1781095320,928.85110422,947.00141415,899.73387197,909.10575695,
2026-06-10 12:43:00,1781095380,909.10575695,927.62848368,906.21608955,906.21608955,
2026-06-10 12:44:00,1781095440,906.21608955,923.16143342,903.76684849,915.80115545,
2026-06-10 12:45:00,1781095500,915.80115545,930.65321507,898.14352829,905.91554355,
2026-06-10 12:46:00,1781095560,905.91554355,945.51681045,903.86249543,938.62792258,
2026-06-10 12:47:00,1781095620,938.62792258,954.81754558,926.41190238,926.41190238,
2026-06-10 12:48:00,1781095680,926.41190238,958.99234199,922.94724277,940.51757526,
2026-06-10 12:49:00,1781095740,940.51757526,955.9502624,937.60659832,948.08823778,
2026-06-10 12:50:00,1781095800,948.08823778,948.89793517,920.55304223,941.08919962,
2026-06-10 12:51:00,1781095860,941.08919962,941.08919962,911.73304314,913.99513365,
2026-06-10 12:52:00,1781095920,913.99513365,917.16119037,886.82490459,892.20409072,
2026-06-10 12:53:00,1781095980,892.20409072,902.82955068,889.56908494,900.00854905,
2026-06-10 12:54:00,1781096040,900.00854905,910.74485802,881.20954258,885.61821374,
2026-06-10 12:55:00,1781096100,885.61821374,888.13238586,869.40116875,869.89502715,
2026-06-10 12:56:00,1781096160,869.89502715,885.97717534,869.89502715,881.87320812,
2026-06-10 12:57:00,1781096220,881.87320812,890.65875646,870.29440664,871.91468559,
2026-06-10 12:58:00,1781096280,871.91468559,871.91468559,853.3717098,853.3717098,
2026-06-10 12:59:00,1781096340,853.3717098,857.68292587,826.38667674,826.38667674,
2026-06-10 13:00:00,1781096400,826.38667674,850.93310298,821.8319752,839.49511309,
2026-06-10 13:01:00,1781096460,839.49511309,842.21434687,803.93882384,804.40269619,
2026-06-10 13:02:00,1781096520,804.40269619,810.93061775,796.83123044,796.89221086,
2026-06-10 13:03:00,1781096580,796.89221086,802.02058766,791.7488816,800.6803114,
2026-06-10 13:04:00,1781096640,800.6803114,808.68101641,791.98881286,807.55305547,
2026-06-10 13:05:00,1781096700,807.55305547,809.99864302,793.90916845,807.19990219,
2026-06-10 13:06:00,1781096760,807.19990219,828.0767393,807.19990219,817.5206079,
2026-06-10 13:07:00,1781096820,817.5206079,826.32604948,807.38523906,813.06528904,
2026-06-10 13:08:00,1781096880,813.06528904,828.86797608,811.23107844,811.56371937,
2026-06-10 13:09:00,1781096940,811.56371937,816.53599799,804.67409515,810.24156718,
2026-06-10 13:10:00,1781097000,810.24156718,811.64785173,776.55721006,777.85750587,
2026-06-10 13:11:00,1781097060,777.85750587,786.5936667,777.08518563,782.43827601,
2026-06-10 13:12:00,1781097120,782.43827601,803.81916325,776.90181044,794.32990731,
2026-06-10 13:13:00,1781097180,794.32990731,798.91675156,788.68629241,788.68629241,
2026-06-10 13:14:00,1781097240,788.68629241,793.70033283,773.65090243,784.26711558,
2026-06-10 13:15:00,1781097300,784.26711558,788.65725298,764.3464924,770.87531755,
2026-06-10 13:16:00,1781097360,770.87531755,780.8246329,764.29324256,769.07748155,
2026-06-10 13:17:00,1781097420,769.07748155,773.30479723,757.623981,759.21827558,
2026-06-10 13:18:00,1781097480,759.21827558,773.89688064,759.21827558,765.78537564,
2026-06-10 13:19:00,1781097540,765.78537564,769.11654879,757.44444336,765.50584831,
2026-06-10 13:20:00,1781097600,765.50584831,770.4458828,753.97152348,769.70916036,
2026-06-10 13:21:00,1781097660,769.70916036,805.34433201,768.08537983,798.39406158,
2026-06-10 13:22:00,1781097720,798.39406158,800.82025385,764.27850512,776.07775258,
2026-06-10 13:23:00,1781097780,776.07775258,787.11303252,776.07775258,783.97511666,
2026-06-10 13:24:00,1781097840,783.97511666,791.000289,768.0817095,773.04134828,
2026-06-10 13:25:00,1781097900,773.04134828,773.94569961,738.75910111,752.92694639,
2026-06-10 13:26:00,1781097960,752.92694639,755.55481774,733.75259015,734.77590468,
2026-06-10 13:27:00,1781098020,734.77590468,781.09205869,734.77590468,780.51243777,
2026-06-10 13:28:00,1781098080,780.51243777,794.49819659,772.65238283,778.39883912,
2026-06-10 13:29:00,1781098140,778.39883912,786.77908713,770.51514196,783.20858612,
2026-06-10 13:30:00,1781098200,783.20858612,856.53741403,757.36785316,850.76624856,
2026-06-10 13:31:00,1781098260,850.76624856,892.50552425,828.95199375,875.63076754,
2026-06-10 13:32:00,1781098320,875.63076754,883.69143763,829.63490873,843.90285671,
2026-06-10 13:33:00,1781098380,843.90285671,855.63911683,814.22841315,842.40187516,
2026-06-10 13:34:00,1781098440,842.40187516,879.989869,838.86903179,867.24570938,
2026-06-10 13:35:00,1781098500,867.24570938,921.1528401,853.71979807,897.33680049,
2026-06-10 13:36:00,1781098560,897.33680049,952.71164175,888.05987405,931.83319172,
2026-06-10 13:37:00,1781098620,931.83319172,1043.7893961,931.83319172,1035.81769483,
2026-06-10 13:38:00,1781098680,1035.81769483,1041.53245485,991.94561479,1016.51138075,
2026-06-10 13:39:00,1781098740,1016.51138075,1048.12637559,1001.90997917,1046.37365053,
2026-06-10 13:40:00,1781098800,1046.37365053,1073.5664639,1012.22238689,1049.15666769,
2026-06-10 13:41:00,1781098860,1049.15666769,1058.27434886,996.47743955,1005.73847492,
2026-06-10 13:42:00,1781098920,1005.73847492,1073.9004915,994.84081752,1028.60130893,
2026-06-10 13:43:00,1781098980,1028.60130893,1121.60938796,1026.40107067,1111.94951375,
2026-06-10 13:44:00,1781099040,1111.94951375,1158.57166296,1087.20737079,1156.42737156,
2026-06-10 13:45:00,1781099100,1156.42737156,1164.85321165,1075.45696042,1117.38188029,
2026-06-10 13:46:00,1781099160,1117.38188029,1122.31112665,1082.05066148,1082.2630706,
2026-06-10 13:47:00,1781099220,1082.2630706,1147.29428648,1074.6392249,1117.00713782,
2026-06-10 13:48:00,1781099280,1117.00713782,1154.74575559,1098.39528239,1150.61757465,
2026-06-10 13:49:00,1781099340,1150.61757465,1192.20659404,1141.46915038,1186.25171266,
2026-06-10 13:50:00,1781099400,1186.25171266,1190.76877446,1109.10951507,1126.09597621,
2026-06-10 13:51:00,1781099460,1126.09597621,1136.73037332,1081.32644272,1081.94002889,
2026-06-10 13:52:00,1781099520,1081.94002889,1122.39114981,1081.04131122,1081.19534717,
2026-06-10 13:53:00,1781099580,1081.19534717,1097.37891524,1057.94566954,1063.65104957,
2026-06-10 13:54:00,1781099640,1063.65104957,1096.52848336,1053.75212977,1068.99617355,
2026-06-10 13:55:00,1781099700,1068.99617355,1089.03028686,1055.63986253,1074.61816629,
2026-06-10 13:56:00,1781099760,1074.61816629,1081.06460544,1038.41228401,1038.99701073,
2026-06-10 13:57:00,1781099820,1038.99701073,1082.83755973,1031.32658954,1047.14701007,
2026-06-10 13:58:00,1781099880,1047.14701007,1047.14701007,996.58906173,1003.62353004,
2026-06-10 13:59:00,1781099940,1003.62353004,1032.14330308,1001.96096711,1029.38710496,
2026-06-10 14:00:00,1781100000,1029.38710496,1037.27855149,995.10203563,1002.53772063,
2026-06-10 14:01:00,1781100060,1002.53772063,1013.68208011,971.16075537,971.56222013,
2026-06-10 14:02:00,1781100120,971.56222013,1009.9390705,963.52080562,1004.96249207,
2026-06-10 14:03:00,1781100180,1004.96249207,1061.91004598,994.05279025,1052.19203559,
2026-06-10 14:04:00,1781100240,1052.19203559,1060.82150026,1032.41386418,1056.73983064,
2026-06-10 14:05:00,1781100300,1056.73983064,1066.35422787,1026.65365183,1039.7442294,
2026-06-10 14:06:00,1781100360,1039.7442294,1073.96773245,1032.19731387,1058.09284922,
2026-06-10 14:07:00,1781100420,1058.09284922,1069.42477818,1036.19485077,1039.93662011,
2026-06-10 14:08:00,1781100480,1039.93662011,1078.5017925,1026.94656067,1078.5017925,
2026-06-10 14:09:00,1781100540,1078.5017925,1078.5017925,1053.3002593,1057.18047057,
2026-06-10 14:10:00,1781100600,1057.18047057,1067.40721232,1020.21325413,1035.27131022,
2026-06-10 14:11:00,1781100660,1035.27131022,1049.28647307,1025.41616374,1038.73767606,
2026-06-10 14:12:00,1781100720,1038.73767606,1050.18009411,1032.51723914,1034.55724024,
2026-06-10 14:13:00,1781100780,1034.55724024,1036.22751617,967.27792105,1009.92417849,
2026-06-10 14:14:00,1781100840,1009.92417849,1009.92417849,944.49089336,944.58443335,
2026-06-10 14:15:00,1781100900,944.58443335,950.37793651,899.23433962,900.06381763,
2026-06-10 14:16:00,1781100960,900.06381763,971.7313297,895.35233226,969.96940398,
2026-06-10 14:17:00,1781101020,969.96940398,970.26257684,908.20531629,912.28363673,
2026-06-10 14:18:00,1781101080,912.28363673,915.57310691,880.57808746,897.48995798,
2026-06-10 14:19:00,1781101140,897.48995798,899.78141467,870.88937243,897.60648984,
2026-06-10 14:20:00,1781101200,897.60648984,918.78190936,875.0812552,875.0812552,
2026-06-10 14:21:00,1781101260,875.0812552,900.95243784,863.60983538,892.44677275,
2026-06-10 14:22:00,1781101320,892.44677275,937.46423229,884.31801405,929.16215178,
2026-06-10 14:23:00,1781101380,929.16215178,944.19681148,905.07424102,936.50022342,
2026-06-10 14:24:00,1781101440,936.50022342,998.75421311,931.83222973,993.28043417,
2026-06-10 14:25:00,1781101500,993.28043417,1005.52663687,918.64327761,933.68590643,
2026-06-10 14:26:00,1781101560,933.68590643,960.07200815,931.59496602,946.46137627,
2026-06-10 14:27:00,1781101620,946.46137627,981.59097988,946.46137627,981.19143242,
2026-06-10 14:28:00,1781101680,981.19143242,988.77827336,935.60800521,952.49980025,
2026-06-10 14:29:00,1781101740,952.49980025,960.2759697,928.49149086,946.16176264,
2026-06-10 14:30:00,1781101800,946.16176264,953.99456479,920.01369569,930.82772783,
2026-06-10 14:31:00,1781101860,930.82772783,930.97220913,858.49752254,858.90840409,
2026-06-10 14:32:00,1781101920,858.90840409,898.34265078,847.30892817,898.34265078,
2026-06-10 14:33:00,1781101980,898.34265078,919.11705355,867.05171912,911.23258554,
2026-06-10 14:34:00,1781102040,911.23258554,933.62935461,890.15843333,927.86729311,
2026-06-10 14:35:00,1781102100,927.86729311,929.3936112,893.18553939,896.86860879,
2026-06-10 14:36:00,1781102160,896.86860879,896.86860879,867.34002588,880.40653964,
2026-06-10 14:37:00,1781102220,880.40653964,881.60314195,827.24444071,839.17123445,
2026-06-10 14:38:00,1781102280,839.17123445,853.10595319,828.29584597,838.32926852,
2026-06-10 14:39:00,1781102340,838.32926852,872.48908903,836.34017949,872.04610373,
2026-06-10 14:40:00,1781102400,872.04610373,914.10281347,867.22390517,913.21431933,
2026-06-10 14:41:00,1781102460,913.21431933,968.72528044,912.12196996,956.1375216,
2026-06-10 14:42:00,1781102520,956.1375216,968.52983019,922.14257248,922.19057417,
2026-06-10 14:43:00,1781102580,922.19057417,949.00160042,920.41354687,924.30587826,
2026-06-10 14:44:00,1781102640,924.30587826,930.99241464,886.02142122,886.02142122,
2026-06-10 14:45:00,1781102700,886.02142122,903.98998486,862.24147661,883.58040226,
2026-06-10 14:46:00,1781102760,883.58040226,885.96696427,869.38104209,879.17468468,
2026-06-10 14:47:00,1781102820,879.17468468,921.63714303,876.51322073,905.76451047,
2026-06-10 14:48:00,1781102880,905.76451047,912.25891954,874.84833126,881.46977396,
2026-06-10 14:49:00,1781102940,881.46977396,886.05194489,846.52168722,880.20427213,
2026-06-10 14:50:00,1781103000,880.20427213,897.22916424,847.34113099,874.96576165,
2026-06-10 14:51:00,1781103060,874.96576165,895.8658687,860.20179011,866.91931032,
2026-06-10 14:52:00,1781103120,866.91931032,868.5902949,844.71425862,851.61197002,
2026-06-10 14:53:00,1781103180,851.61197002,862.53797078,842.36514255,856.00050406,
2026-06-10 14:54:00,1781103240,856.00050406,878.58554051,853.14054492,864.39010365,
2026-06-10 14:55:00,1781103300,864.39010365,895.54781778,845.64346647,849.33762265,
2026-06-10 14:56:00,1781103360,849.33762265,860.33246117,836.57646617,852.88724666,
2026-06-10 14:57:00,1781103420,852.88724666,861.76748383,818.78114945,853.72882533,
2026-06-10 14:58:00,1781103480,853.72882533,934.3624861,850.4975406,931.15757798,
2026-06-10 14:59:00,1781103540,931.15757798,1003.52796454,925.86554518,1001.36040518,
2026-06-10 15:00:00,1781103600,1001.36040518,1047.82073922,979.24367066,1041.36144011,
2026-06-10 15:01:00,1781103660,1041.36144011,1123.60750833,1025.99257927,1095.4057379,
2026-06-10 15:02:00,1781103720,1095.4057379,1108.59500403,1057.80087274,1079.48808652,
2026-06-10 15:03:00,1781103780,1079.48808652,1105.73837089,1049.93764075,1063.0874085,
2026-06-10 15:04:00,1781103840,1063.0874085,1073.71843545,981.29921049,1002.61112756,
2026-06-10 15:05:00,1781103900,1002.61112756,1004.86989092,916.83700652,916.97821948,
2026-06-10 15:06:00,1781103960,916.97821948,939.85804983,895.12903353,895.12903353,
2026-06-10 15:07:00,1781104020,895.12903353,934.00565004,884.09650859,931.8730058,
2026-06-10 15:08:00,1781104080,931.8730058,931.8730058,879.34635941,900.6589294,
2026-06-10 15:09:00,1781104140,900.6589294,914.78125695,879.12636484,879.49800821,
2026-06-10 15:10:00,1781104200,879.49800821,892.19553056,873.39384816,889.72725483,
2026-06-10 15:11:00,1781104260,889.72725483,891.83597809,845.12335151,866.4151921,
2026-06-10 15:12:00,1781104320,866.4151921,879.12728506,855.50983241,879.12728506,
2026-06-10 15:13:00,1781104380,879.12728506,925.18178215,876.94748829,914.00780092,
2026-06-10 15:14:00,1781104440,914.00780092,915.25397667,881.13827913,883.08138857,
2026-06-10 15:15:00,1781104500,883.08138857,883.08138857,845.45862481,851.00630509,
2026-06-10 15:16:00,1781104560,851.00630509,892.75615414,840.88054548,882.52563124,
2026-06-10 15:17:00,1781104620,882.52563124,910.34092952,881.00411706,901.45237857,
2026-06-10 15:18:00,1781104680,901.45237857,901.45237857,870.04885307,892.22581768,
2026-06-10 15:19:00,1781104740,892.22581768,960.86640673,891.93960536,956.99405876,
2026-06-10 15:20:00,1781104800,956.99405876,1002.27969747,944.42221373,1000.26466267,
2026-06-10 15:21:00,1781104860,1000.26466267,1062.41586024,998.74590895,1040.967755,
2026-06-10 15:22:00,1781104920,1040.967755,1058.19297721,1009.64336931,1033.64715552,
2026-06-10 15:23:00,1781104980,1033.64715552,1076.38619896,1029.07351705,1073.6839995,
2026-06-10 15:24:00,1781105040,1073.6839995,1092.66880242,1050.84922036,1067.17744484,
2026-06-10 15:25:00,1781105100,1067.17744484,1095.82450266,1065.1816954,1069.18685922,
2026-06-10 15:26:00,1781105160,1069.18685922,1075.65427176,1049.16054738,1062.35399861,
2026-06-10 15:27:00,1781105220,1062.35399861,1062.35399861,1040.58746436,1060.00054178,
2026-06-10 15:28:00,1781105280,1060.00054178,1093.36892481,1059.05957541,1069.28103289,
2026-06-10 15:29:00,1781105340,1069.28103289,1081.04283749,1047.8893127,1047.9410928,
2026-06-10 15:30:00,1781105400,1047.9410928,1101.40584501,1039.7706747,1094.88632538,
2026-06-10 15:31:00,1781105460,1094.88632538,1112.15647166,1068.98884016,1076.20345152,
2026-06-10 15:32:00,1781105520,1076.20345152,1089.99413906,1063.74113981,1076.29591653,
2026-06-10 15:33:00,1781105580,1076.29591653,1103.87909713,1060.93530551,1067.94245866,
2026-06-10 15:34:00,1781105640,1067.94245866,1097.60004124,1058.96814179,1068.63496555,
2026-06-10 15:35:00,1781105700,1068.63496555,1083.30286532,1061.20016548,1063.92711527,
2026-06-10 15:36:00,1781105760,1063.92711527,1097.23471076,1059.21792562,1085.90774465,
2026-06-10 15:37:00,1781105820,1085.90774465,1088.74905985,1067.79662059,1078.65823805,
2026-06-10 15:38:00,1781105880,1078.65823805,1078.70903998,1017.70775377,1017.70775377,
2026-06-10 15:39:00,1781105940,1017.70775377,1060.57257024,1004.85390081,1045.50589719,
2026-06-10 15:40:00,1781106000,1045.50589719,1045.71171617,1019.3294521,1019.3294521,
2026-06-10 15:41:00,1781106060,1019.3294521,1057.13605418,1007.67793177,1050.18630397,
2026-06-10 15:42:00,1781106120,1050.18630397,1083.11832232,1034.02629171,1042.43920406,
2026-06-10 15:43:00,1781106180,1042.43920406,1085.6583238,1042.43920406,1077.02946454,
2026-06-10 15:44:00,1781106240,1077.02946454,1118.77469278,1077.02946454,1104.22646957,
2026-06-10 15:45:00,1781106300,1104.22646957,1118.83834564,1077.3146103,1116.07577899,
2026-06-10 15:46:00,1781106360,1116.07577899,1206.84648284,1116.07577899,1184.45341569,
2026-06-10 15:47:00,1781106420,1184.45341569,1184.45341569,1059.61532397,1059.61532397,
2026-06-10 15:48:00,1781106480,1059.61532397,1074.48270249,981.45501364,981.90435443,
2026-06-10 15:49:00,1781106540,981.90435443,1070.66598874,977.19121887,1057.57995061,
2026-06-10 15:50:00,1781106600,1057.57995061,1103.01094919,1019.18442413,1057.38532616,
2026-06-10 15:51:00,1781106660,1057.38532616,1138.30246727,1055.90573449,1077.71697809,
2026-06-10 15:52:00,1781106720,1077.71697809,1159.97682403,1058.67094819,1155.83292988,
2026-06-10 15:53:00,1781106780,1155.83292988,1264.81042105,1130.01699142,1259.34706975,
2026-06-10 15:54:00,1781106840,1259.34706975,1379.07265023,1251.77166153,1359.71497659,
2026-06-10 15:55:00,1781106900,1359.71497659,1380.78364368,1282.07067587,1289.68149785,
2026-06-10 15:56:00,1781106960,1289.68149785,1308.06104725,1256.23817087,1257.26875862,
2026-06-10 15:57:00,1781107020,1257.26875862,1332.74188925,1255.13096615,1307.99444282,
2026-06-10 15:58:00,1781107080,1307.99444282,1313.46987227,1268.88855387,1272.11614291,
2026-06-10 15:59:00,1781107140,1272.11614291,1273.03711151,1248.08239318,1262.99001804,
2026-06-10 16:00:00,1781107200,1262.99001804,1272.0950434,1223.49787199,1223.55435971,
2026-06-10 16:01:00,1781107260,1223.55435971,1236.30954053,1189.36531913,1207.92320379,
2026-06-10 16:02:00,1781107320,1207.92320379,1211.36642105,1187.94314803,1187.94314803,
2026-06-10 16:03:00,1781107380,1187.94314803,1215.1734542,1172.45631904,1186.11907072,
2026-06-10 16:04:00,1781107440,1186.11907072,1202.26988988,1157.78633075,1160.57559196,
2026-06-10 16:05:00,1781107500,1160.57559196,1194.19588911,1154.68558022,1166.28593566,
2026-06-10 16:06:00,1781107560,1166.28593566,1224.61546052,1154.5186739,1217.89304687,
2026-06-10 16:07:00,1781107620,1217.89304687,1249.67142407,1202.57690197,1207.89108079,
2026-06-10 16:08:00,1781107680,1207.89108079,1211.17281064,1132.94189345,1132.94189345,
2026-06-10 16:09:00,1781107740,1132.94189345,1172.31565754,1128.07116422,1162.37124409,
2026-06-10 16:10:00,1781107800,1162.37124409,1173.54432195,1106.88891376,1113.7078558,
2026-06-10 16:11:00,1781107860,1113.7078558,1135.37169965,1103.72017063,1122.01127999,
2026-06-10 16:12:00,1781107920,1122.01127999,1156.16305256,1117.59286794,1122.32113276,
2026-06-10 16:13:00,1781107980,1122.32113276,1124.1494517,1102.44290715,1114.03866027,
2026-06-10 16:14:00,1781108040,1114.03866027,1120.50949493,1084.00908245,1095.9634661,
2026-06-10 16:15:00,1781108100,1095.9634661,1143.41316193,1093.04466394,1126.02478573,
2026-06-10 16:16:00,1781108160,1126.02478573,1150.4883174,1100.05587611,1126.71046958,
2026-06-10 16:17:00,1781108220,1126.71046958,1151.49715364,1086.80967619,1089.55707495,
2026-06-10 16:18:00,1781108280,1089.55707495,1099.00808285,1082.05101085,1086.31629882,
2026-06-10 16:19:00,1781108340,1086.31629882,1094.23801632,1080.09087378,1083.32357549,
2026-06-10 16:20:00,1781108400,1083.32357549,1100.95451464,1070.75979842,1070.81209421,
2026-06-10 16:21:00,1781108460,1070.81209421,1095.63864966,1051.33136971,1094.78707194,
2026-06-10 16:22:00,1781108520,1094.78707194,1115.32442777,1068.81397233,1069.23052907,
2026-06-10 16:23:00,1781108580,1069.23052907,1087.6540436,1063.06138311,1077.16343107,
2026-06-10 16:24:00,1781108640,1077.16343107,1077.16343107,1029.84224947,1035.41245572,
2026-06-10 16:25:00,1781108700,1035.41245572,1052.48588395,972.234368,1002.84251862,
2026-06-10 16:26:00,1781108760,1002.84251862,1034.21675565,1002.13579787,1020.587604,
2026-06-10 16:27:00,1781108820,1020.587604,1058.49173139,1020.48561409,1047.41830419,
2026-06-10 16:28:00,1781108880,1047.41830419,1070.06577158,1033.25687292,1048.94537597,
2026-06-10 16:29:00,1781108940,1048.94537597,1060.68637804,1039.28201307,1060.68637804,
2026-06-10 16:30:00,1781109000,1060.68637804,1074.60433532,1039.11528589,1039.21848778,
2026-06-10 16:31:00,1781109060,1039.21848778,1047.71420596,1008.43039703,1023.74148527,
2026-06-10 16:32:00,1781109120,1023.74148527,1052.36842932,989.55960945,1036.28612155,
2026-06-10 16:33:00,1781109180,1036.28612155,1056.87533805,1033.87226488,1033.92377435,
2026-06-10 16:34:00,1781109240,1033.92377435,1118.4263874,1022.89538146,1117.36357033,
2026-06-10 16:35:00,1781109300,1117.36357033,1125.96780567,1079.3968924,1099.65603217,
2026-06-10 16:36:00,1781109360,1099.65603217,1112.4496309,1068.7769657,1081.76775267,
2026-06-10 16:37:00,1781109420,1081.76775267,1118.90427377,1081.29905619,1090.09709196,
2026-06-10 16:38:00,1781109480,1090.09709196,1105.7878053,1054.5687352,1087.87012964,
2026-06-10 16:39:00,1781109540,1087.87012964,1087.87012964,1051.29400676,1064.40600864,
2026-06-10 16:40:00,1781109600,1064.40600864,1093.72183738,1055.13765366,1075.02198813,
2026-06-10 16:41:00,1781109660,1075.02198813,1086.96925577,1037.80852901,1042.8318709,
2026-06-10 16:42:00,1781109720,1042.8318709,1054.91641187,1028.9016797,1047.45326119,
2026-06-10 16:43:00,1781109780,1047.45326119,1060.04011728,1031.33642171,1034.56510004,
2026-06-10 16:44:00,1781109840,1034.56510004,1044.92111309,1020.45885587,1022.80343795,
2026-06-10 16:45:00,1781109900,1022.80343795,1022.80343795,990.67550302,995.10893895,
2026-06-10 16:46:00,1781109960,995.10893895,1013.54841315,944.93121069,956.02140205,
2026-06-10 16:47:00,1781110020,956.02140205,966.97973357,903.91691233,903.91691233,
2026-06-10 16:48:00,1781110080,903.91691233,943.60032696,887.24861969,912.12074693,
2026-06-10 16:49:00,1781110140,912.12074693,918.71189857,890.73139775,902.19028059,
2026-06-10 16:50:00,1781110200,902.19028059,910.43734596,870.79275722,891.65936744,
2026-06-10 16:51:00,1781110260,891.65936744,924.92206595,871.81816671,923.56766793,
2026-06-10 16:52:00,1781110320,923.56766793,985.95752612,919.00300423,985.95752612,
2026-06-10 16:53:00,1781110380,985.95752612,989.06630217,955.66528467,966.96921345,
2026-06-10 16:54:00,1781110440,966.96921345,1006.21940711,966.96921345,984.44643295,
2026-06-10 16:55:00,1781110500,984.44643295,986.67717002,937.67645943,943.88186438,
2026-06-10 16:56:00,1781110560,943.88186438,968.18699095,941.71418601,968.18699095,
2026-06-10 16:57:00,1781110620,968.18699095,986.88933502,947.75599584,986.53641334,
2026-06-10 16:58:00,1781110680,986.53641334,995.53469715,978.25840071,988.75138945,
2026-06-10 16:59:00,1781110740,988.75138945,1014.28527548,987.78858283,1009.89688449,
2026-06-10 17:00:00,1781110800,1009.89688449,1032.61263962,995.74252126,1002.08191913,
2026-06-10 17:01:00,1781110860,1002.08191913,1030.22469659,998.49930502,1028.04636693,
2026-06-10 17:02:00,1781110920,1028.04636693,1067.60919303,1022.15285574,1056.64475122,
2026-06-10 17:03:00,1781110980,1056.64475122,1067.28544105,1043.83975295,1052.24697806,
2026-06-10 17:04:00,1781111040,1052.24697806,1083.65544304,1049.72526349,1078.97584905,
2026-06-10 17:05:00,1781111100,1078.97584905,1079.71927522,1031.86773127,1034.28703877,
2026-06-10 17:06:00,1781111160,1034.28703877,1044.86817969,1016.0948788,1043.48676665,
2026-06-10 17:07:00,1781111220,1043.48676665,1055.12673165,991.33728044,1007.56004003,
2026-06-10 17:08:00,1781111280,1007.56004003,1007.81413824,975.04529374,982.03275076,
2026-06-10 17:09:00,1781111340,982.03275076,993.60864859,957.06357046,981.20669025,
2026-06-10 17:10:00,1781111400,981.20669025,982.66906473,896.30878411,902.4601477,
2026-06-10 17:11:00,1781111460,902.4601477,944.38556666,896.12724449,932.54178938,
2026-06-10 17:12:00,1781111520,932.54178938,937.79208869,900.68232722,923.21765352,
2026-06-10 17:13:00,1781111580,923.21765352,946.4442566,923.06544762,933.17743583,
2026-06-10 17:14:00,1781111640,933.17743583,936.03729815,914.80353436,934.57363787,
2026-06-10 17:15:00,1781111700,934.57363787,957.53801226,921.96744558,945.40798826,
2026-06-10 17:16:00,1781111760,945.40798826,977.60182997,937.79083091,959.63239645,
2026-06-10 17:17:00,1781111820,959.63239645,986.60594474,941.41657084,945.00161952,
2026-06-10 17:18:00,1781111880,945.00161952,977.7648953,945.00161952,962.21963798,
2026-06-10 17:19:00,1781111940,962.21963798,966.20279321,941.59548816,965.38140441,
2026-06-10 17:20:00,1781112000,965.38140441,967.63806677,939.33102562,967.1857438,
2026-06-10 17:21:00,1781112060,967.1857438,967.88121407,915.93443629,943.96835266,
2026-06-10 17:22:00,1781112120,943.96835266,943.96835266,898.37213383,908.92092013,
2026-06-10 17:23:00,1781112180,908.92092013,925.08235186,905.6836788,918.15138878,
2026-06-10 17:24:00,1781112240,918.15138878,951.55950294,913.3542545,936.09080638,
2026-06-10 17:25:00,1781112300,936.09080638,964.8155039,929.15639261,948.6414562,
2026-06-10 17:26:00,1781112360,948.6414562,948.6414562,897.66740905,914.29598853,
2026-06-10 17:27:00,1781112420,914.29598853,926.46059809,889.35687657,901.20404187,
2026-06-10 17:28:00,1781112480,901.20404187,901.75604236,888.54646168,891.78925972,
2026-06-10 17:29:00,1781112540,891.78925972,891.78925972,830.35492277,837.97146775,
2026-06-10 17:30:00,1781112600,837.97146775,850.21688391,808.65235418,813.72699284,
2026-06-10 17:31:00,1781112660,813.72699284,828.86480792,784.09245506,784.09245506,
2026-06-10 17:32:00,1781112720,784.09245506,798.98958606,737.25927044,759.20298993,
2026-06-10 17:33:00,1781112780,759.20298993,815.72983098,759.20298993,815.68471824,
2026-06-10 17:34:00,1781112840,815.68471824,843.94323921,802.78534403,811.2759173,
2026-06-10 17:35:00,1781112900,811.2759173,820.48717847,789.66879719,789.66879719,
2026-06-10 17:36:00,1781112960,789.66879719,802.33639291,760.74585765,767.88387302,
2026-06-10 17:37:00,1781113020,767.88387302,808.57599291,767.82887749,793.86629591,
2026-06-10 17:38:00,1781113080,793.86629591,794.25471065,754.71133856,769.58440265,
2026-06-10 17:39:00,1781113140,769.58440265,793.22627683,766.68389289,783.26299296,
2026-06-10 17:40:00,1781113200,783.26299296,818.7943809,751.8354109,775.01765365,
2026-06-10 17:41:00,1781113260,775.01765365,784.39375929,740.71678318,758.20545274,
2026-06-10 17:42:00,1781113320,758.20545274,763.37711588,736.87741049,763.16012027,
2026-06-10 17:43:00,1781113380,763.16012027,824.18174124,757.38936647,821.1527527,
2026-06-10 17:44:00,1781113440,821.1527527,821.55893758,778.68931891,780.16618655,
2026-06-10 17:45:00,1781113500,780.16618655,805.64293784,769.67249962,800.448875,
2026-06-10 17:46:00,1781113560,800.448875,849.41607744,799.65165119,844.07797086,
2026-06-10 17:47:00,1781113620,844.07797086,871.40856566,828.94519759,863.8009658,
2026-06-10 17:48:00,1781113680,863.8009658,900.65217906,863.36953896,891.5560792,
2026-06-10 17:49:00,1781113740,891.5560792,918.45742484,881.83780329,916.51689105,
2026-06-10 17:50:00,1781113800,916.51689105,918.06579309,815.68815275,848.02951122,
2026-06-10 17:51:00,1781113860,848.02951122,871.83740177,841.65736439,863.13273201,
2026-06-10 17:52:00,1781113920,863.13273201,864.06288988,819.7428644,822.24213364,
2026-06-10 17:53:00,1781113980,822.24213364,840.45786732,817.46357385,837.47257995,
2026-06-10 17:54:00,1781114040,837.47257995,858.73363733,828.90929693,843.24941431,
2026-06-10 17:55:00,1781114100,843.24941431,879.48368337,841.63942193,857.54679315,
2026-06-10 17:56:00,1781114160,857.54679315,879.71777984,847.0372878,878.41252563,
2026-06-10 17:57:00,1781114220,878.41252563,879.11587079,851.52722748,854.08377056,
2026-06-10 17:58:00,1781114280,854.08377056,895.09145147,854.08377056,883.85064253,
2026-06-10 17:59:00,1781114340,883.85064253,891.67795533,872.6737111,878.81355561,
2026-06-10 18:00:00,1781114400,878.81355561,904.6155422,876.79795015,887.61123843,
2026-06-10 18:01:00,1781114460,887.61123843,900.78230729,861.84469491,870.9777907,
2026-06-10 18:02:00,1781114520,870.9777907,916.45920331,862.74992546,910.97652208,
2026-06-10 18:03:00,1781114580,910.97652208,926.5721154,896.96015714,922.32807271,
2026-06-10 18:04:00,1781114640,922.32807271,947.54803285,914.50377867,940.14630887,
2026-06-10 18:05:00,1781114700,940.14630887,956.69705873,934.02525999,953.71325625,
2026-06-10 18:06:00,1781114760,953.71325625,967.5523577,900.86773831,900.98201533,
2026-06-10 18:07:00,1781114820,900.98201533,900.98201533,861.0859873,864.26771378,
2026-06-10 18:08:00,1781114880,864.26771378,909.94110953,864.22096916,901.03145253,
2026-06-10 18:09:00,1781114940,901.03145253,901.55851638,875.60133375,887.861958,
2026-06-10 18:10:00,1781115000,887.861958,888.49611856,846.78881521,850.11947493,
2026-06-10 18:11:00,1781115060,850.11947493,881.23910224,845.90044697,880.19348755,
2026-06-10 18:12:00,1781115120,880.19348755,890.73000798,873.76054294,875.85863073,
2026-06-10 18:13:00,1781115180,875.85863073,879.50118048,844.89076983,856.31681392,
2026-06-10 18:14:00,1781115240,856.31681392,870.99491986,856.31681392,865.79578799,
2026-06-10 18:15:00,1781115300,865.79578799,885.70618793,861.94546192,871.57296654,
2026-06-10 18:16:00,1781115360,871.57296654,885.60410851,866.67640263,872.88305277,
2026-06-10 18:17:00,1781115420,872.88305277,872.88305277,829.51027631,831.93208717,
2026-06-10 18:18:00,1781115480,831.93208717,846.90071213,828.14902169,840.04361564,
2026-06-10 18:19:00,1781115540,840.04361564,850.02834382,829.2116931,839.46863069,
2026-06-10 18:20:00,1781115600,839.46863069,863.55118757,839.19010607,852.25421183,
2026-06-10 18:21:00,1781115660,852.25421183,867.86877271,833.61039036,834.24586055,
2026-06-10 18:22:00,1781115720,834.24586055,834.6544502,812.44339166,826.89342934,
2026-06-10 18:23:00,1781115780,826.89342934,858.48027939,826.89342934,852.40523633,
2026-06-10 18:24:00,1781115840,852.40523633,871.4573654,842.76485848,866.33809484,
2026-06-10 18:25:00,1781115900,866.33809484,869.63671521,820.63095413,823.34755463,
2026-06-10 18:26:00,1781115960,823.34755463,845.43639178,816.9321501,834.05820648,
2026-06-10 18:27:00,1781116020,834.05820648,834.05820648,808.14797806,814.00473206,
2026-06-10 18:28:00,1781116080,814.00473206,837.76978576,813.93669574,827.25710756,
2026-06-10 18:29:00,1781116140,827.25710756,888.66941383,822.66541363,886.6971866,
2026-06-10 18:30:00,1781116200,886.6971866,886.6971866,852.83527558,882.46484283,
2026-06-10 18:31:00,1781116260,882.46484283,882.79726194,849.64550417,852.67669928,
2026-06-10 18:32:00,1781116320,852.67669928,863.45327796,840.98428382,855.19310971,
2026-06-10 18:33:00,1781116380,855.19310971,867.51982411,839.00796953,839.4709247,
2026-06-10 18:34:00,1781116440,839.4709247,852.86202464,823.18581118,846.18483757,
2026-06-10 18:35:00,1781116500,846.18483757,846.23141877,793.15510489,807.42328721,
2026-06-10 18:36:00,1781116560,807.42328721,820.0828619,796.06305321,796.68845549,
2026-06-10 18:37:00,1781116620,796.68845549,799.17645578,775.75967016,782.42867593,
2026-06-10 18:38:00,1781116680,782.42867593,788.30208624,774.99258498,783.54943687,
2026-06-10 18:39:00,1781116740,783.54943687,791.66052851,774.94327241,780.10177101,
2026-06-10 18:40:00,1781116800,780.10177101,787.77955742,774.06075565,778.85158568,
2026-06-10 18:41:00,1781116860,778.85158568,785.35515499,765.57920184,765.61891003,
2026-06-10 18:42:00,1781116920,765.61891003,788.72182389,765.61891003,766.79297928,
2026-06-10 18:43:00,1781116980,766.79297928,780.5435624,756.81475699,757.03197515,
2026-06-10 18:44:00,1781117040,757.03197515,770.73969566,749.48876949,765.92112194,
2026-06-10 18:45:00,1781117100,765.92112194,772.1890498,750.29943658,758.40758802,
2026-06-10 18:46:00,1781117160,758.40758802,764.09242916,741.01555464,750.36650422,
2026-06-10 18:47:00,1781117220,750.36650422,755.91732499,746.30788166,750.35902042,
2026-06-10 18:48:00,1781117280,750.35902042,780.8874952,750.19779843,769.82968317,
2026-06-10 18:49:00,1781117340,769.82968317,788.00335499,762.61295072,766.56702065,
2026-06-10 18:50:00,1781117400,766.56702065,767.71054785,685.49384494,711.53666177,
2026-06-10 18:51:00,1781117460,711.53666177,745.54634016,711.53666177,735.73482828,
2026-06-10 18:52:00,1781117520,735.73482828,750.27326655,731.39423409,738.3744835,
2026-06-10 18:53:00,1781117580,738.3744835,773.48780516,738.07156211,765.46638317,
2026-06-10 18:54:00,1781117640,765.46638317,787.04621262,755.65985456,780.45435861,
2026-06-10 18:55:00,1781117700,780.45435861,780.45435861,747.06301717,750.24940254,
2026-06-10 18:56:00,1781117760,750.24940254,763.99713603,739.82270517,760.81441745,
2026-06-10 18:57:00,1781117820,760.81441745,804.17011021,760.68018799,798.78530629,
2026-06-10 18:58:00,1781117880,798.78530629,798.78530629,787.73354746,788.52665109,
2026-06-10 18:59:00,1781117940,788.52665109,795.43591893,784.50557316,793.31694317,
2026-06-10 19:00:00,1781118000,793.31694317,801.76191491,782.01583432,784.40552539,
2026-06-10 19:01:00,1781118060,784.40552539,806.67310496,784.08764228,787.84151232,
2026-06-10 19:02:00,1781118120,787.84151232,787.84151232,750.48130902,775.09911419,
2026-06-10 19:03:00,1781118180,775.09911419,785.59538667,764.39823286,779.38207223,
2026-06-10 19:04:00,1781118240,779.38207223,781.23574745,747.83025002,758.74975279,
2026-06-10 19:05:00,1781118300,758.74975279,758.8825741,722.9277693,740.33042039,
2026-06-10 19:06:00,1781118360,740.33042039,770.42717271,740.11056713,765.70731153,
2026-06-10 19:07:00,1781118420,765.70731153,800.994475,765.66267478,799.22691619,
2026-06-10 19:08:00,1781118480,799.22691619,814.02600372,792.17453525,813.5747405,
2026-06-10 19:09:00,1781118540,813.5747405,813.5747405,793.67722045,805.84712737,
2026-06-10 19:10:00,1781118600,805.84712737,807.31932642,769.10064503,780.71014744,
2026-06-10 19:11:00,1781118660,780.71014744,782.41266999,743.10966036,743.10966036,
2026-06-10 19:12:00,1781118720,743.10966036,744.81188714,724.36240269,743.13122214,
2026-06-10 19:13:00,1781118780,743.13122214,751.75894342,733.01991214,733.37431317,
2026-06-10 19:14:00,1781118840,733.37431317,737.63732685,719.04209608,726.11674905,
2026-06-10 19:15:00,1781118900,726.11674905,750.65556745,713.50248772,745.5496414,
2026-06-10 19:16:00,1781118960,745.5496414,756.71925789,740.85660117,749.2811797,
2026-06-10 19:17:00,1781119020,749.2811797,752.54408106,696.27011811,698.24144727,
2026-06-10 19:18:00,1781119080,698.24144727,723.51558722,694.58919562,721.6398104,
2026-06-10 19:19:00,1781119140,721.6398104,731.56347969,704.59848175,714.7922534,
2026-06-10 19:20:00,1781119200,714.7922534,726.26424816,705.80046634,707.40332172,
2026-06-10 19:21:00,1781119260,707.40332172,715.27864678,696.67427704,710.31222345,
2026-06-10 19:22:00,1781119320,710.31222345,722.17191503,705.04254443,709.52180484,
2026-06-10 19:23:00,1781119380,709.52180484,709.68917172,693.22605865,699.34550219,
2026-06-10 19:24:00,1781119440,699.34550219,725.02510771,699.34550219,725.02510771,
2026-06-10 19:25:00,1781119500,725.02510771,759.11103061,722.49202947,743.48766053,
2026-06-10 19:26:00,1781119560,743.48766053,751.54652353,715.44471259,716.54826546,
2026-06-10 19:27:00,1781119620,716.54826546,724.96647515,709.09970508,717.0310169,
2026-06-10 19:28:00,1781119680,717.0310169,745.38315903,713.99115798,735.65556725,
2026-06-10 19:29:00,1781119740,735.65556725,751.48541021,733.44666172,742.69243819,
2026-06-10 19:30:00,1781119800,742.69243819,774.36308955,740.34497001,767.39832978,
2026-06-10 19:31:00,1781119860,767.39832978,790.66850158,762.844474,762.844474,
2026-06-10 19:32:00,1781119920,762.844474,783.91553191,760.81310132,780.19698903,
2026-06-10 19:33:00,1781119980,780.19698903,796.40769369,778.54243377,792.21713443,
2026-06-10 19:34:00,1781120040,792.21713443,818.21065715,792.21713443,817.09130225,
2026-06-10 19:35:00,1781120100,817.09130225,825.52813646,798.61436399,817.92159814,
2026-06-10 19:36:00,1781120160,817.92159814,817.92159814,795.35976057,803.43388422,
2026-06-10 19:37:00,1781120220,803.43388422,836.48742623,803.36350446,826.11510159,
2026-06-10 19:38:00,1781120280,826.11510159,849.28410737,823.64560199,846.42165283,
2026-06-10 19:39:00,1781120340,846.42165283,874.39765231,834.73774025,836.05305988,
2026-06-10 19:40:00,1781120400,836.05305988,857.36556454,818.22556116,831.99764626,
2026-06-10 19:41:00,1781120460,831.99764626,843.57104077,813.57078458,841.6439254,
2026-06-10 19:42:00,1781120520,841.6439254,844.36558162,830.41613621,833.08848104,
2026-06-10 19:43:00,1781120580,833.08848104,850.43839781,822.30480524,841.26566378,
2026-06-10 19:44:00,1781120640,841.26566378,851.43330962,837.75375572,847.71206658,
2026-06-10 19:45:00,1781120700,847.71206658,857.34656976,838.52577724,842.58886497,
2026-06-10 19:46:00,1781120760,842.58886497,842.58886497,803.56254122,836.37656643,
2026-06-10 19:47:00,1781120820,836.37656643,837.13082902,811.78342867,811.82585824,
2026-06-10 19:48:00,1781120880,811.82585824,816.50415235,792.26752211,794.45715917,
2026-06-10 19:49:00,1781120940,794.45715917,826.4256091,794.45715917,826.4256091,
2026-06-10 19:50:00,1781121000,826.4256091,829.04143649,762.18232291,824.76410808,
2026-06-10 19:51:00,1781121060,824.76410808,827.44582518,797.69991593,824.71797221,
2026-06-10 19:52:00,1781121120,824.71797221,831.58921906,811.59393856,815.56354334,
2026-06-10 19:53:00,1781121180,815.56354334,840.67067082,815.56153415,839.39856167,
2026-06-10 19:54:00,1781121240,839.39856167,842.53351948,800.48894124,820.05404546,
2026-06-10 19:55:00,1781121300,820.05404546,833.68534544,806.99158845,833.48148895,
2026-06-10 19:56:00,1781121360,833.48148895,853.34639008,828.19690349,840.41376392,
2026-06-10 19:57:00,1781121420,840.41376392,859.33681678,833.69811978,848.91675845,
2026-06-10 19:58:00,1781121480,848.91675845,848.91675845,826.82803533,844.00624252,
2026-06-10 19:59:00,1781121540,844.00624252,844.00624252,800.38851681,808.10337474,
2026-06-10 20:00:00,1781121600,808.10337474,811.00443624,782.04054291,785.61038526,
2026-06-10 20:01:00,1781121660,785.61038526,785.61038526,741.07960952,741.07960952,
2026-06-10 20:02:00,1781121720,741.07960952,774.04298843,737.41552116,761.73558073,
2026-06-10 20:03:00,1781121780,761.73558073,796.87889538,758.6495829,787.00177826,
2026-06-10 20:04:00,1781121840,787.00177826,787.00177826,754.8987366,764.4250754,
2026-06-10 20:05:00,1781121900,764.4250754,768.72520731,724.55347468,744.34703254,
2026-06-10 20:06:00,1781121960,744.34703254,772.30916368,732.74040988,734.83322348,
2026-06-10 20:07:00,1781122020,734.83322348,734.83322348,719.95363778,733.07217551,
2026-06-10 20:08:00,1781122080,733.07217551,744.08916199,732.18194834,732.31253037,
2026-06-10 20:09:00,1781122140,732.31253037,732.31253037,694.90351048,726.39526675,
2026-06-10 20:10:00,1781122200,726.39526675,741.82314337,721.81585349,739.46706645,
2026-06-10 20:11:00,1781122260,739.46706645,749.99053957,737.75334608,746.23140199,
2026-06-10 20:12:00,1781122320,746.23140199,754.63919208,743.21100451,745.83065485,
2026-06-10 20:13:00,1781122380,745.83065485,759.62577223,733.26711236,747.49194395,
2026-06-10 20:14:00,1781122440,747.49194395,753.24400181,741.26513341,747.59624743,
2026-06-10 20:15:00,1781122500,747.59624743,764.80702854,742.85399567,754.01279137,
2026-06-10 20:16:00,1781122560,754.01279137,759.00897293,728.12254439,734.14439434,
2026-06-10 20:17:00,1781122620,734.14439434,747.06418441,716.493036,740.52595792,
2026-06-10 20:18:00,1781122680,740.52595792,765.69599206,738.00105935,756.16483427,
2026-06-10 20:19:00,1781122740,756.16483427,764.95347154,753.54022752,753.93760311,
2026-06-10 20:20:00,1781122800,753.93760311,753.93760311,716.52272291,729.5275846,
2026-06-10 20:21:00,1781122860,729.5275846,751.45561726,719.69142155,724.26735642,
2026-06-10 20:22:00,1781122920,724.26735642,791.66326347,724.26537277,790.07146849,
2026-06-10 20:23:00,1781122980,790.07146849,805.33886553,762.73081773,769.96555367,
2026-06-10 20:24:00,1781123040,769.96555367,804.59843627,768.22642694,798.25192866,
2026-06-10 20:25:00,1781123100,798.25192866,803.11489919,789.58108511,800.07698764,
2026-06-10 20:26:00,1781123160,800.07698764,800.07698764,784.0694079,789.78364461,
2026-06-10 20:27:00,1781123220,789.78364461,790.10223455,779.34255136,784.73003487,
2026-06-10 20:28:00,1781123280,784.73003487,787.72145885,777.31496915,784.58983886,
2026-06-10 20:29:00,1781123340,784.58983886,790.8633857,782.10398144,787.13821994,
2026-06-10 20:30:00,1781123400,787.13821994,787.13821994,751.19153713,756.31400449,
2026-06-10 20:31:00,1781123460,756.31400449,765.95081107,750.51040379,754.71019328,
2026-06-10 20:32:00,1781123520,754.71019328,770.36941596,740.10624633,764.89056979,
2026-06-10 20:33:00,1781123580,764.89056979,783.86679413,764.88857285,783.22811823,
2026-06-10 20:34:00,1781123640,783.22811823,795.12591061,782.19658988,787.73844291,
2026-06-10 20:35:00,1781123700,787.73844291,791.17987134,773.99942683,776.24247731,
2026-06-10 20:36:00,1781123760,776.24247731,778.50458529,768.50033131,769.27075986,
2026-06-10 20:37:00,1781123820,769.27075986,787.68929097,769.22365089,787.01301067,
2026-06-10 20:38:00,1781123880,787.01301067,793.63400699,770.65578794,771.42184208,
2026-06-10 20:39:00,1781123940,771.42184208,782.8790627,763.24020655,764.22581968,
2026-06-10 20:40:00,1781124000,764.22581968,766.96890975,756.97257901,762.25243798,
2026-06-10 20:41:00,1781124060,762.25243798,771.54819381,761.79994357,769.3174331,
2026-06-10 20:42:00,1781124120,769.3174331,769.3174331,756.17565239,757.41338398,
2026-06-10 20:43:00,1781124180,757.41338398,773.2123201,750.20515168,758.23892772,
2026-06-10 20:44:00,1781124240,758.23892772,764.93971106,739.77873639,740.30661999,
2026-06-10 20:45:00,1781124300,740.30661999,754.52660883,733.37370809,733.41344238,
2026-06-10 20:46:00,1781124360,733.41344238,733.41344238,713.75051311,723.70431444,
2026-06-10 20:47:00,1781124420,723.70431444,729.04549334,712.67075279,726.78180267,
2026-06-10 20:48:00,1781124480,726.78180267,734.42857807,715.20324888,732.87021908,
2026-06-10 20:49:00,1781124540,732.87021908,741.9767776,729.75359478,741.3598535,
2026-06-10 20:50:00,1781124600,741.3598535,756.07454121,713.61207626,717.83939786,
2026-06-10 20:51:00,1781124660,717.83939786,727.23093676,700.40615892,725.92485675,
2026-06-10 20:52:00,1781124720,725.92485675,732.54042373,719.00350115,723.16386575,
2026-06-10 20:53:00,1781124780,723.16386575,723.16386575,698.52927511,707.88500419,
2026-06-10 20:54:00,1781124840,707.88500419,726.00512184,704.96676153,726.00312376,
2026-06-10 20:55:00,1781124900,726.00312376,730.31023187,701.16609883,701.1936099,
2026-06-10 20:56:00,1781124960,701.1936099,707.67641808,698.91451603,707.63369274,
2026-06-10 20:57:00,1781125020,707.63369274,707.63369274,698.07088259,702.23321669,
2026-06-10 20:58:00,1781125080,702.23321669,740.58858032,702.23321669,733.12986411,
2026-06-10 20:59:00,1781125140,733.12986411,742.83037896,729.80059777,739.16361473,
2026-06-10 21:00:00,1781125200,739.16361473,739.20355234,711.31476596,714.65750098,
2026-06-10 21:01:00,1781125260,714.65750098,731.21223126,714.65550227,726.75608599,
2026-06-10 21:02:00,1781125320,726.75608599,731.2812363,716.96527117,717.75949133,
2026-06-10 21:03:00,1781125380,717.75949133,732.3714804,717.58096345,725.61776854,
2026-06-10 21:04:00,1781125440,725.61776854,725.95569536,713.19702362,713.70778965,
2026-06-10 21:05:00,1781125500,713.70778965,713.70778965,678.69536319,687.33673736,
2026-06-10 21:06:00,1781125560,687.33673736,701.56688197,676.57978769,677.23845791,
2026-06-10 21:07:00,1781125620,677.23845791,684.36793881,671.1457357,672.26264993,
2026-06-10 21:08:00,1781125680,672.26264993,674.86221192,664.08658227,666.94404269,
2026-06-10 21:09:00,1781125740,666.94404269,672.72599852,660.05482012,661.72877506,
2026-06-10 21:10:00,1781125800,661.72877506,664.24269694,622.78495878,643.803003,
2026-06-10 21:11:00,1781125860,643.803003,649.85111316,625.39142978,631.45442528,
2026-06-10 21:12:00,1781125920,631.45442528,650.88738416,621.8837644,621.92271251,
2026-06-10 21:13:00,1781125980,621.92271251,640.57603269,621.92074691,639.9408926,
2026-06-10 21:14:00,1781126040,639.9408926,641.5848281,630.47271342,641.58284571,
2026-06-10 21:15:00,1781126100,641.58284571,672.21943703,641.58284571,670.20846306,
2026-06-10 21:16:00,1781126160,670.20846306,689.02941511,670.20846306,688.32104782,
2026-06-10 21:17:00,1781126220,688.32104782,700.8540473,681.77502114,683.01389415,
2026-06-10 21:18:00,1781126280,683.01389415,683.09490441,644.30441547,656.92493405,
2026-06-10 21:19:00,1781126340,656.92493405,680.27130694,653.05160479,666.31296298,
2026-06-10 21:20:00,1781126400,666.31296298,666.31296298,648.61286904,663.44085259,
2026-06-10 21:21:00,1781126460,663.44085259,664.10170748,647.38675423,654.63303909,
2026-06-10 21:22:00,1781126520,654.63303909,678.78815312,653.74496789,678.58174126,
2026-06-10 21:23:00,1781126580,678.58174126,688.16746912,660.24021296,662.95651145,
2026-06-10 21:24:00,1781126640,662.95651145,664.80202924,636.28468669,638.92764065,
2026-06-10 21:25:00,1781126700,638.92764065,651.97390571,636.6501879,651.03467834,
2026-06-10 21:26:00,1781126760,651.03467834,654.39027316,647.30102934,652.26012108,
2026-06-10 21:27:00,1781126820,652.26012108,668.62690959,647.92232917,648.60424831,
2026-06-10 21:28:00,1781126880,648.60424831,662.36378945,648.14751796,648.14751796,
2026-06-10 21:29:00,1781126940,648.14751796,659.30080306,647.05765667,650.06158504,
2026-06-10 21:30:00,1781127000,650.06158504,683.94824065,647.12511014,674.14731947,
2026-06-10 21:31:00,1781127060,674.14731947,682.55193138,673.48439675,681.94317379,
2026-06-10 21:32:00,1781127120,681.94317379,700.61887213,676.70949798,696.10438476,
2026-06-10 21:33:00,1781127180,696.10438476,706.77657036,693.03224835,706.69577919,
2026-06-10 21:34:00,1781127240,706.69577919,708.46923539,687.39473574,698.46897327,
2026-06-10 21:35:00,1781127300,698.46897327,704.39910434,670.71865043,681.20779573,
2026-06-10 21:36:00,1781127360,681.20779573,682.66992627,671.34498598,677.82659484,
2026-06-10 21:37:00,1781127420,677.82659484,680.06596367,670.72090071,679.43541148,
2026-06-10 21:38:00,1781127480,679.43541148,680.29134217,667.46885297,676.4003097,
2026-06-10 21:39:00,1781127540,676.4003097,676.43975049,656.94085712,656.94085712,
2026-06-10 21:40:00,1781127600,656.94085712,667.11860727,654.42407683,666.60861542,
2026-06-10 21:41:00,1781127660,666.60861542,673.71709032,666.10027084,672.76549916,
2026-06-10 21:42:00,1781127720,672.76549916,676.67966872,667.75069632,676.59488343,
2026-06-10 21:43:00,1781127780,676.59488343,690.44405962,673.51638887,677.51127971,
2026-06-10 21:44:00,1781127840,677.51127971,691.68983515,676.92494116,690.77451035,
2026-06-10 21:45:00,1781127900,690.77451035,692.56412207,671.54565287,671.54565287,
2026-06-10 21:46:00,1781127960,671.54565287,684.98597143,668.37100481,683.14061604,
2026-06-10 21:47:00,1781128020,683.14061604,683.18036318,669.76946192,680.3964334,
2026-06-10 21:48:00,1781128080,680.3964334,687.22788567,680.24393993,683.7977014,
2026-06-10 21:49:00,1781128140,683.7977014,683.7977014,595.2200967,599.22189081,
2026-06-10 21:50:00,1781128200,599.22189081,599.22189081,512.07805255,569.26441266,
2026-06-10 21:51:00,1781128260,569.26441266,569.26441266,513.89061728,516.87716644,
2026-06-10 21:52:00,1781128320,516.87716644,537.77192689,512.86638986,528.73560604,
2026-06-10 21:53:00,1781128380,528.73560604,549.28663713,520.10839059,525.05621091,
2026-06-10 21:54:00,1781128440,525.05621091,540.4159727,525.05621091,533.36207239,
2026-06-10 21:55:00,1781128500,533.36207239,547.19846325,526.97630108,534.95425068,
2026-06-10 21:56:00,1781128560,534.95425068,555.27421281,533.93512961,555.19560669,
2026-06-10 21:57:00,1781128620,555.19560669,560.48509347,521.08734382,524.49738883,
2026-06-10 21:58:00,1781128680,524.49738883,550.31247961,513.42537015,550.31247961,
2026-06-10 21:59:00,1781128740,550.31247961,579.63427706,548.3533433,575.2394055,
2026-06-10 22:00:00,1781128800,575.2394055,579.53829181,531.39882283,550.91573356,
2026-06-10 22:01:00,1781128860,550.91573356,557.08304526,533.85758137,534.59618643,
2026-06-10 22:02:00,1781128920,534.59618643,544.47586844,519.23772199,519.23772199,
2026-06-10 22:03:00,1781128980,519.23772199,546.69048724,516.31919985,539.05905932,
2026-06-10 22:04:00,1781129040,539.05905932,539.05905932,517.63680578,521.6311675,
2026-06-10 22:05:00,1781129100,521.6311675,544.52707271,519.8368474,524.78036612,
2026-06-10 22:06:00,1781129160,524.78036612,551.97710393,521.03435273,544.76139981,
2026-06-10 22:07:00,1781129220,544.76139981,557.15654965,539.06255941,555.09713059,
2026-06-10 22:08:00,1781129280,555.09713059,560.67726295,547.75978348,559.91616233,
2026-06-10 22:09:00,1781129340,559.91616233,560.7923605,554.37887841,559.77950266,
2026-06-10 22:10:00,1781129400,559.77950266,581.63013286,559.67257158,575.96564417,
2026-06-10 22:11:00,1781129460,575.96564417,581.58854677,546.11012759,546.35495959,
2026-06-10 22:12:00,1781129520,546.35495959,574.04964965,541.07232067,557.83797607,
2026-06-10 22:13:00,1781129580,557.83797607,562.94832104,540.84358714,547.73977867,
2026-06-10 22:14:00,1781129640,547.73977867,556.13260333,544.88528842,554.75408567,
2026-06-10 22:15:00,1781129700,554.75408567,554.75408567,527.1547876,531.14922773,
2026-06-10 22:16:00,1781129760,531.14922773,541.15148977,525.10928571,530.70449651,
2026-06-10 22:17:00,1781129820,530.70449651,532.66529738,515.0641294,518.57203633,
2026-06-10 22:18:00,1781129880,518.57203633,531.4492998,517.00092253,528.46643385,
2026-06-10 22:19:00,1781129940,528.46643385,565.66752562,519.97193153,520.50914082,
2026-06-10 22:20:00,1781130000,520.50914082,532.46270874,512.26936009,524.69304311,
2026-06-10 22:21:00,1781130060,524.69304311,574.10800194,524.69107123,568.52658486,
2026-06-10 22:22:00,1781130120,568.52658486,571.54466661,548.01203759,553.79232872,
2026-06-10 22:23:00,1781130180,553.79232872,560.52032884,544.7883414,559.56195889,
2026-06-10 22:24:00,1781130240,559.56195889,572.78222856,538.19954061,571.1841736,
2026-06-10 22:25:00,1781130300,571.1841736,591.6517877,557.46635167,589.73946923,
2026-06-10 22:26:00,1781130360,589.73946923,589.73946923,564.24600023,570.94553941,
2026-06-10 22:27:00,1781130420,570.94553941,586.67856172,562.18396886,581.44114948,
2026-06-10 22:28:00,1781130480,581.44114948,595.58869142,577.54547163,577.54547163,
2026-06-10 22:29:00,1781130540,577.54547163,577.54547163,553.16030067,562.93149909,
2026-06-10 22:30:00,1781130600,562.93149909,602.82581051,558.08421547,592.02367446,
2026-06-10 22:31:00,1781130660,592.02367446,625.02840959,591.69001535,620.1605083,
2026-06-10 22:32:00,1781130720,620.1605083,628.69880799,604.95611278,611.92906126,
2026-06-10 22:33:00,1781130780,611.92906126,617.38719036,606.48772635,606.81586393,
2026-06-10 22:34:00,1781130840,606.81586393,609.3749719,574.37897942,579.88186699,
2026-06-10 22:35:00,1781130900,579.88186699,606.62485177,579.37243392,605.22073835,
2026-06-10 22:36:00,1781130960,605.22073835,605.37059291,576.58538755,586.21815455,
2026-06-10 22:37:00,1781131020,586.21815455,610.19312826,580.56486939,599.0617951,
2026-06-10 22:38:00,1781131080,599.0617951,613.75762498,590.14201103,612.49498416,
2026-06-10 22:39:00,1781131140,612.49498416,612.49498416,599.41674333,605.666888,
2026-06-10 22:40:00,1781131200,605.666888,629.15973822,599.80133402,623.72283251,
2026-06-10 22:41:00,1781131260,623.72283251,623.79931723,610.5923336,617.30836683,
2026-06-10 22:42:00,1781131320,617.30836683,644.9804499,616.46773618,643.45850777,
2026-06-10 22:43:00,1781131380,643.45850777,678.37631981,643.41729227,667.9510929,
2026-06-10 22:44:00,1781131440,667.9510929,676.69286376,638.23325171,669.73365991,
2026-06-10 22:45:00,1781131500,669.73365991,673.27143484,626.85695385,637.84253928,
2026-06-10 22:46:00,1781131560,637.84253928,649.88095214,625.84472474,648.57040229,
2026-06-10 22:47:00,1781131620,648.57040229,648.57040229,623.7194756,624.73430164,
2026-06-10 22:48:00,1781131680,624.73430164,642.76322283,612.40621217,628.41383506,
2026-06-10 22:49:00,1781131740,628.41383506,628.41383506,607.34361341,618.01546435,
2026-06-10 22:50:00,1781131800,618.01546435,634.89798494,616.67985016,619.77393436,
2026-06-10 22:51:00,1781131860,619.77393436,630.98257609,615.24468061,618.93433324,
2026-06-10 22:52:00,1781131920,618.93433324,635.87862442,616.56016074,622.52129812,
2026-06-10 22:53:00,1781131980,622.52129812,622.555606,595.26627262,616.73452592,
2026-06-10 22:54:00,1781132040,616.73452592,622.66227468,613.75297225,619.90817762,
2026-06-10 22:55:00,1781132100,619.90817762,630.35782,608.53995539,610.80833066,
2026-06-10 22:56:00,1781132160,610.80833066,613.06015494,607.92210784,611.39015847,
2026-06-10 22:57:00,1781132220,611.39015847,614.11172513,603.21752451,614.11172513,
2026-06-10 22:58:00,1781132280,614.11172513,615.45283006,603.15734945,605.3685349,
2026-06-10 22:59:00,1781132340,605.3685349,605.40629009,587.06710203,594.74169423,
2026-06-10 23:00:00,1781132400,594.74169423,595.5606245,566.09214002,571.35810756,
2026-06-10 23:01:00,1781132460,571.35810756,587.75245183,571.32186174,580.36831088,
2026-06-10 23:02:00,1781132520,580.36831088,591.17640076,571.96441907,581.09568334,
2026-06-10 23:03:00,1781132580,581.09568334,589.36098305,575.59934321,579.64529778,
2026-06-10 23:04:00,1781132640,579.64529778,585.04972605,574.18358094,580.49141281,
2026-06-10 23:05:00,1781132700,580.49141281,585.94145022,572.94305272,578.07815341,
2026-06-10 23:06:00,1781132760,578.07815341,581.00393423,572.49285678,575.78124424,
2026-06-10 23:07:00,1781132820,575.78124424,581.62358947,564.99480262,580.08747046,
2026-06-10 23:08:00,1781132880,580.08747046,580.15905919,563.3223938,563.83123646,
2026-06-10 23:09:00,1781132940,563.83123646,573.63393325,533.41673281,541.23362129,
2026-06-10 23:10:00,1781133000,541.23362129,541.3375488,526.76589156,535.36768532,
2026-06-10 23:11:00,1781133060,535.36768532,536.72917292,519.21503428,533.43908963,
2026-06-10 23:12:00,1781133120,533.43908963,539.51284174,521.50833104,531.08117348,
2026-06-10 23:13:00,1781133180,531.08117348,537.27359795,525.20136652,528.07525666,
2026-06-10 23:14:00,1781133240,528.07525666,531.65104938,524.52041757,528.7012811,
2026-06-10 23:15:00,1781133300,528.7012811,533.82418103,514.09566163,525.89530955,
2026-06-10 23:16:00,1781133360,525.89530955,529.2391328,515.31975292,529.21479495,
2026-06-10 23:17:00,1781133420,529.21479495,548.47896862,526.91530519,545.48450804,
2026-06-10 23:18:00,1781133480,545.48450804,564.0366386,545.41423444,555.29234075,
2026-06-10 23:19:00,1781133540,555.29234075,601.49360467,548.60870321,587.93115797,
2026-06-10 23:20:00,1781133600,587.93115797,640.41451097,579.69068543,635.2706114,
2026-06-10 23:21:00,1781133660,635.2706114,642.5265798,620.72057371,633.73526489,
2026-06-10 23:22:00,1781133720,633.73526489,645.96573516,626.7129248,638.94592289,
2026-06-10 23:23:00,1781133780,638.94592289,648.14976127,636.28814251,643.40835838,
2026-06-10 23:24:00,1781133840,643.40835838,645.2926014,620.07165757,629.03912992,
2026-06-10 23:25:00,1781133900,629.03912992,653.56151716,621.47978192,622.92430608,
2026-06-10 23:26:00,1781133960,622.92430608,639.62399223,617.12018058,630.87072522,
2026-06-10 23:27:00,1781134020,630.87072522,645.65068586,627.0412799,643.31610508,
2026-06-10 23:28:00,1781134080,643.31610508,648.59067911,633.88663227,648.59067911,
2026-06-10 23:29:00,1781134140,648.59067911,670.67221944,647.28045197,659.8474952,
2026-06-10 23:30:00,1781134200,659.8474952,672.38680277,657.45264892,665.3857705,
2026-06-10 23:31:00,1781134260,665.3857705,665.3857705,631.8652469,639.04697607,
2026-06-10 23:32:00,1781134320,639.04697607,651.1241199,625.41528915,647.43561163,
2026-06-10 23:33:00,1781134380,647.43561163,651.32117029,625.23474108,627.66576451,
2026-06-10 23:34:00,1781134440,627.66576451,636.89131185,626.24627387,636.5353604,
2026-06-10 23:35:00,1781134500,636.5353604,656.82938007,636.53328056,647.66802469,
2026-06-10 23:36:00,1781134560,647.66802469,666.96476229,647.66802469,651.30466464,
2026-06-10 23:37:00,1781134620,651.30466464,652.21850566,647.61069093,650.66381329,
2026-06-10 23:38:00,1781134680,650.66381329,650.70145882,634.90921124,639.70626379,
2026-06-10 23:39:00,1781134740,639.70626379,640.19432891,628.02723955,631.23899668,
2026-06-10 23:40:00,1781134800,631.23899668,646.61865254,624.27200895,645.57546025,
2026-06-10 23:41:00,1781134860,645.57546025,660.40669553,642.72892038,656.88617548,
2026-06-10 23:42:00,1781134920,656.88617548,677.11053658,656.44332648,665.37778081,
2026-06-10 23:43:00,1781134980,665.37778081,670.03023977,659.04812258,660.1033195,
2026-06-10 23:44:00,1781135040,660.1033195,660.14350462,648.42657718,651.1011823,
2026-06-10 23:45:00,1781135100,651.1011823,651.70157025,630.3785579,644.72355232,
2026-06-10 23:46:00,1781135160,644.72355232,644.72355232,635.44260877,637.63730406,
2026-06-10 23:47:00,1781135220,637.63730406,645.21041216,630.63805368,644.77007466,
2026-06-10 23:48:00,1781135280,644.77007466,648.47839224,630.8827222,632.08724951,
2026-06-10 23:49:00,1781135340,632.08724951,632.08724951,622.60818409,625.37937619,
2026-06-10 23:50:00,1781135400,625.37937619,631.76672558,619.78553999,628.94178778,
2026-06-10 23:51:00,1781135460,628.94178778,639.15612046,626.24994346,633.47268696,
2026-06-10 23:52:00,1781135520,633.47268696,650.65050767,633.47268696,648.2146647,
2026-06-10 23:53:00,1781135580,648.2146647,663.39379264,647.42153406,651.80589433,
2026-06-10 23:54:00,1781135640,651.80589433,651.80589433,635.13226021,645.55057032,
2026-06-10 23:55:00,1781135700,645.55057032,648.99450776,640.13108103,641.63105663,
2026-06-10 23:56:00,1781135760,641.63105663,642.95606566,631.99654022,635.97069636,
2026-06-10 23:57:00,1781135820,635.97069636,636.86363463,626.13904399,627.10530095,
2026-06-10 23:58:00,1781135880,627.10530095,631.74382577,626.36693022,630.5664309,
2026-06-10 23:59:00,1781135940,630.5664309,640.73978724,628.29877573,629.97754505,
2026-06-11 00:00:00,1781136000,629.97754505,657.4011332,629.97754505,655.34541662,
2026-06-11 00:01:00,1781136060,655.34541662,672.4043153,651.69102902,671.18355797,
2026-06-11 00:02:00,1781136120,671.18355797,689.33596899,670.83022752,674.76442206,
2026-06-11 00:03:00,1781136180,674.76442206,678.31869877,666.07190679,666.6061201,
2026-06-11 00:04:00,1781136240,666.6061201,680.99428615,648.01825093,652.87833954,
2026-06-11 00:05:00,1781136300,652.87833954,678.1424998,652.03319672,675.79054838,
2026-06-11 00:06:00,1781136360,675.79054838,683.30248944,659.01557776,676.90075565,
2026-06-11 00:07:00,1781136420,676.90075565,693.26505441,676.73391877,684.38417821,
2026-06-11 00:08:00,1781136480,684.38417821,684.38417821,661.225597,672.96266006,
2026-06-11 00:09:00,1781136540,672.96266006,672.96266006,649.4207621,663.72154812,
2026-06-11 00:10:00,1781136600,663.72154812,673.80580175,653.6620341,661.17802584,
2026-06-11 00:11:00,1781136660,661.17802584,682.15295596,661.05407683,682.00806632,
2026-06-11 00:12:00,1781136720,682.00806632,682.17194904,665.24319088,681.89335309,
2026-06-11 00:13:00,1781136780,681.89335309,698.1906427,681.18602887,687.15998349,
2026-06-11 00:14:00,1781136840,687.15998349,696.44458872,680.75490822,692.83419796,
2026-06-11 00:15:00,1781136900,692.83419796,737.40691868,692.83419796,733.4444154,
2026-06-11 00:16:00,1781136960,733.4444154,766.52206049,727.35529081,754.16034352,
2026-06-11 00:17:00,1781137020,754.16034352,819.41321161,753.18216906,817.16910728,
2026-06-11 00:18:00,1781137080,817.16910728,817.16910728,751.57449653,763.9044449,
2026-06-11 00:19:00,1781137140,763.9044449,801.58477789,763.36555764,792.02375871,
2026-06-11 00:20:00,1781137200,792.02375871,814.85475258,787.97640646,807.15812713,
2026-06-11 00:21:00,1781137260,807.15812713,825.67344784,797.33626017,813.76441991,
2026-06-11 00:22:00,1781137320,813.76441991,814.74232435,779.78655386,782.92093368,
2026-06-11 00:23:00,1781137380,782.92093368,783.19373324,752.34816612,763.44640335,
2026-06-11 00:24:00,1781137440,763.44640335,768.44286011,742.93472344,768.12796764,
2026-06-11 00:25:00,1781137500,768.12796764,771.30757919,752.79765429,767.496394,
2026-06-11 00:26:00,1781137560,767.496394,773.97327408,759.83705694,772.49092614,
2026-06-11 00:27:00,1781137620,772.49092614,776.15109055,745.21058097,749.29122969,
2026-06-11 00:28:00,1781137680,749.29122969,776.45393478,742.73948107,776.40858735,
2026-06-11 00:29:00,1781137740,776.40858735,778.35357069,766.66301833,778.35357069,
2026-06-11 00:30:00,1781137800,778.35357069,783.0331127,763.05670967,766.08818532,
2026-06-11 00:31:00,1781137860,766.08818532,771.20618655,754.15861478,770.05042216,
2026-06-11 00:32:00,1781137920,770.05042216,777.64616216,766.226007,771.63795159,
2026-06-11 00:33:00,1781137980,771.63795159,781.90144849,755.14791318,767.9714676,
2026-06-11 00:34:00,1781138040,767.9714676,778.31573672,747.39240507,748.7201414,
2026-06-11 00:35:00,1781138100,748.7201414,763.18147723,742.18676503,762.9245384,
2026-06-11 00:36:00,1781138160,762.9245384,762.9245384,729.29895506,735.25397094,
2026-06-11 00:37:00,1781138220,735.25397094,754.63177913,731.86756894,753.42774773,
2026-06-11 00:38:00,1781138280,753.42774773,755.8849818,733.74225787,738.50865141,
2026-06-11 00:39:00,1781138340,738.50865141,738.98977165,725.14395503,731.76102738,
2026-06-11 00:40:00,1781138400,731.76102738,735.58191211,728.21738874,733.64071962,
2026-06-11 00:41:00,1781138460,733.64071962,752.68713771,730.04304306,751.16329793,
2026-06-11 00:42:00,1781138520,751.16329793,775.64039415,751.10641996,769.50962009,
2026-06-11 00:43:00,1781138580,769.50962009,776.75223012,753.84306465,753.97667366,
2026-06-11 00:44:00,1781138640,753.97667366,754.20813758,727.62949336,728.42513878,
2026-06-11 00:45:00,1781138700,728.42513878,763.21601663,728.42513878,757.23358426,
2026-06-11 00:46:00,1781138760,757.23358426,787.1037828,753.77441958,786.36832844,
2026-06-11 00:47:00,1781138820,786.36832844,796.05425646,761.77162147,764.59374484,
2026-06-11 00:48:00,1781138880,764.59374484,787.62957972,763.41552248,786.83970576,
2026-06-11 00:49:00,1781138940,786.83970576,786.83970576,776.28611001,783.38042831,
2026-06-11 00:50:00,1781139000,783.38042831,783.40560355,769.87149066,775.44031224,
2026-06-11 00:51:00,1781139060,775.44031224,778.89025227,757.73479846,768.0739764,
2026-06-11 00:52:00,1781139120,768.0739764,789.30895895,768.0739764,780.14067194,
2026-06-11 00:53:00,1781139180,780.14067194,781.46987998,764.22839367,764.66174758,
2026-06-11 00:54:00,1781139240,764.66174758,764.75179907,738.05430163,745.61432436,
2026-06-11 00:55:00,1781139300,745.61432436,758.63811685,738.95566838,752.85263888,
2026-06-11 00:56:00,1781139360,752.85263888,754.36240977,741.05412945,746.06608032,
2026-06-11 00:57:00,1781139420,746.06608032,750.97053882,744.0265348,749.62615848,
2026-06-11 00:58:00,1781139480,749.62615848,762.3555384,748.32270892,758.97233917,
2026-06-11 00:59:00,1781139540,758.97233917,769.39329825,737.57741533,737.93828002,
2026-06-11 01:00:00,1781139600,737.93828002,761.52872803,737.53977643,745.52151876,
2026-06-11 01:01:00,1781139660,745.52151876,784.43914553,745.3864094,783.7518605,
2026-06-11 01:02:00,1781139720,783.7518605,793.30154487,777.20035029,777.69780515,
2026-06-11 01:03:00,1781139780,777.69780515,786.49233006,771.73431481,777.96498198,
2026-06-11 01:04:00,1781139840,777.96498198,821.27194299,775.73065053,804.42239557,
2026-06-11 01:05:00,1781139900,804.42239557,827.74819138,791.77304207,817.8602118,
2026-06-11 01:06:00,1781139960,817.8602118,823.64915027,801.94668485,801.98482926,
2026-06-11 01:07:00,1781140020,801.98482926,801.98482926,778.94665509,791.71806955,
2026-06-11 01:08:00,1781140080,791.71806955,799.91102104,781.15730425,799.64527117,
2026-06-11 01:09:00,1781140140,799.64527117,804.07236404,781.44252633,785.24925398,
2026-06-11 01:10:00,1781140200,785.24925398,811.33383965,785.24925398,803.71303853,
2026-06-11 01:11:00,1781140260,803.71303853,813.92727928,802.22528167,807.64334317,
2026-06-11 01:12:00,1781140320,807.64334317,824.23169746,804.31726308,817.70813293,
2026-06-11 01:13:00,1781140380,817.70813293,867.52834378,811.00007908,863.55964103,
2026-06-11 01:14:00,1781140440,863.55964103,875.57336888,836.52822166,836.86228374,
2026-06-11 01:15:00,1781140500,836.86228374,862.05046313,825.5962229,838.72875306,
2026-06-11 01:16:00,1781140560,838.72875306,903.67108874,834.75066306,894.59582141,
2026-06-11 01:17:00,1781140620,894.59582141,898.70728952,856.76145078,875.08961663,
2026-06-11 01:18:00,1781140680,875.08961663,884.22050081,864.71195181,876.77782127,
2026-06-11 01:19:00,1781140740,876.77782127,925.23726826,876.77782127,917.92922079,
2026-06-11 01:20:00,1781140800,917.92922079,917.97564641,879.22728848,882.82029951,
2026-06-11 01:21:00,1781140860,882.82029951,910.86589456,880.68541328,903.86176574,
2026-06-11 01:22:00,1781140920,903.86176574,911.55658674,873.78172633,885.80816053,
2026-06-11 01:23:00,1781140980,885.80816053,912.43478588,885.35998377,911.6382985,
2026-06-11 01:24:00,1781141040,911.6382985,918.33610569,900.61418229,908.10703449,
2026-06-11 01:25:00,1781141100,908.10703449,919.80184291,899.47234166,914.12187955,
2026-06-11 01:26:00,1781141160,914.12187955,938.43488383,900.95155964,902.35853783,
2026-06-11 01:27:00,1781141220,902.35853783,907.21766084,882.88977809,906.06915587,
2026-06-11 01:28:00,1781141280,906.06915587,910.15057473,897.32796414,898.57953582,
2026-06-11 01:29:00,1781141340,898.57953582,912.76792884,890.64497119,911.59395736,
2026-06-11 01:30:00,1781141400,911.59395736,924.48228308,906.85767217,908.67735856,
2026-06-11 01:31:00,1781141460,908.67735856,908.67735856,882.85361152,884.6580102,
2026-06-11 01:32:00,1781141520,884.6580102,921.64224832,884.65581911,921.55719663,
2026-06-11 01:33:00,1781141580,921.55719663,922.7207754,889.34685114,896.71106561,
2026-06-11 01:34:00,1781141640,896.71106561,915.45482645,893.46896869,914.02241747,
2026-06-11 01:35:00,1781141700,914.02241747,914.02241747,891.53772434,901.42427938,
2026-06-11 01:36:00,1781141760,901.42427938,901.42427938,875.20313397,875.2969248,
2026-06-11 01:37:00,1781141820,875.2969248,886.81789567,870.05586863,879.71836276,
2026-06-11 01:38:00,1781141880,879.71836276,965.54002639,879.71836276,965.54002639,
2026-06-11 01:39:00,1781141940,965.54002639,965.54002639,937.02455935,953.62862356,
2026-06-11 01:40:00,1781142000,953.62862356,953.62862356,939.59873683,941.01164147,
2026-06-11 01:41:00,1781142060,941.01164147,1013.66678617,941.01164147,1009.8515471,
2026-06-11 01:42:00,1781142120,1009.8515471,1009.8515471,968.72703099,975.49933517,
2026-06-11 01:43:00,1781142180,975.49933517,989.47220075,969.33998087,977.89035069,
2026-06-11 01:44:00,1781142240,977.89035069,977.89035069,945.7592788,955.53864324,
2026-06-11 01:45:00,1781142300,955.53864324,957.10216539,942.38469111,942.48751723,
2026-06-11 01:46:00,1781142360,942.48751723,971.45009185,939.81406388,962.06066996,
2026-06-11 01:47:00,1781142420,962.06066996,973.31797276,953.14947992,955.58118771,
2026-06-11 01:48:00,1781142480,955.58118771,960.45330478,937.476911,937.476911,
2026-06-11 01:49:00,1781142540,937.476911,967.06405068,936.34828188,956.98616905,
2026-06-11 01:50:00,1781142600,956.98616905,957.09018088,924.01093288,937.78765493,
2026-06-11 01:51:00,1781142660,937.78765493,963.89322926,937.58221672,956.27285686,
2026-06-11 01:52:00,1781142720,956.27285686,970.54428141,945.70704249,948.46472481,
2026-06-11 01:53:00,1781142780,948.46472481,958.37107075,944.9361728,950.11212324,
2026-06-11 01:54:00,1781142840,950.11212324,957.27808281,928.97392725,929.58582189,
2026-06-11 01:55:00,1781142900,929.58582189,929.68579619,906.6983847,910.22870283,
2026-06-11 01:56:00,1781142960,910.22870283,925.35773571,907.35565238,924.07907979,
2026-06-11 01:57:00,1781143020,924.07907979,936.05282488,921.33454009,936.05282488,
2026-06-11 01:58:00,1781143080,936.05282488,939.94053074,926.80857759,937.33582402,
2026-06-11 01:59:00,1781143140,937.33582402,951.52072668,920.37075622,921.54664225,
2026-06-11 02:00:00,1781143200,921.54664225,936.95699222,921.54664225,927.60681027,
2026-06-11 02:01:00,1781143260,927.60681027,941.06859697,908.27437343,941.06859697,
2026-06-11 02:02:00,1781143320,941.06859697,959.34724223,924.76317055,924.86296751,
2026-06-11 02:03:00,1781143380,924.86296751,936.16663855,914.67573495,931.74647923,
2026-06-11 02:04:00,1781143440,931.74647923,955.13712193,929.0290621,950.54310714,
2026-06-11 02:05:00,1781143500,950.54310714,954.64788317,924.47577955,931.94979753,
2026-06-11 02:06:00,1781143560,931.94979753,938.76337433,908.17683075,909.94151143,
2026-06-11 02:07:00,1781143620,909.94151143,911.88906946,898.71003601,901.34686635,
2026-06-11 02:08:00,1781143680,901.34686635,907.88952961,890.61740385,890.7649409,
2026-06-11 02:09:00,1781143740,890.7649409,899.7685087,887.84227753,897.90735745,
2026-06-11 02:10:00,1781143800,897.90735745,897.90735745,882.44812015,885.56865381,
2026-06-11 02:11:00,1781143860,885.56865381,887.70782264,873.57038541,874.2529333,
2026-06-11 02:12:00,1781143920,874.2529333,888.12844257,867.79574339,883.21391758,
2026-06-11 02:13:00,1781143980,883.21391758,897.70149907,882.50914509,890.7310677,
2026-06-11 02:14:00,1781144040,890.7310677,906.89378125,883.93989404,899.4764284,
2026-06-11 02:15:00,1781144100,899.4764284,913.26122421,898.08757095,904.67824062,
2026-06-11 02:16:00,1781144160,904.67824062,925.48864866,881.82162267,924.46432357,
2026-06-11 02:17:00,1781144220,924.46432357,943.1841987,916.85152101,942.97055655,
2026-06-11 02:18:00,1781144280,942.97055655,966.89673152,940.05119452,954.25865925,
2026-06-11 02:19:00,1781144340,954.25865925,967.95887632,945.25457086,960.8489915,
2026-06-11 02:20:00,1781144400,960.8489915,963.12489043,916.80756731,926.50848903,
2026-06-11 02:21:00,1781144460,926.50848903,926.50848903,874.36569123,877.41261536,
2026-06-11 02:22:00,1781144520,877.41261536,877.41261536,845.49370606,848.61799307,
2026-06-11 02:23:00,1781144580,848.61799307,867.02246478,845.71510557,853.69825747,
2026-06-11 02:24:00,1781144640,853.69825747,861.465686,846.14696998,861.465686,
2026-06-11 02:25:00,1781144700,861.465686,864.60406318,851.20104869,856.81923103,
2026-06-11 02:26:00,1781144760,856.81923103,885.86160879,852.25633331,885.50809096,
2026-06-11 02:27:00,1781144820,885.50809096,891.82762683,855.00905277,855.00905277,
2026-06-11 02:28:00,1781144880,855.00905277,855.40779414,841.99714057,841.99714057,
2026-06-11 02:29:00,1781144940,841.99714057,841.99714057,834.70790293,840.69252352,
2026-06-11 02:30:00,1781145000,840.69252352,855.08744659,829.88961971,834.181743,
2026-06-11 02:31:00,1781145060,834.181743,839.2782283,802.24396044,802.66789063,
2026-06-11 02:32:00,1781145120,802.66789063,804.5325284,792.77880004,795.9148982,
2026-06-11 02:33:00,1781145180,795.9148982,814.78537786,795.9148982,807.91018216,
2026-06-11 02:34:00,1781145240,807.91018216,808.56934746,780.84340196,797.37983789,
2026-06-11 02:35:00,1781145300,797.37983789,812.58780001,792.89391765,808.60422318,
2026-06-11 02:36:00,1781145360,808.60422318,828.34866531,807.01040085,826.61921644,
2026-06-11 02:37:00,1781145420,826.61921644,837.29940864,823.30991828,825.02681665,
2026-06-11 02:38:00,1781145480,825.02681665,828.82617114,817.13852507,826.20897036,
2026-06-11 02:39:00,1781145540,826.20897036,848.15741253,823.93455979,834.48653254,
2026-06-11 02:40:00,1781145600,834.48653254,862.08666559,833.86072609,849.67314208,
2026-06-11 02:41:00,1781145660,849.67314208,852.97067992,843.34821864,851.80487587,
2026-06-11 02:42:00,1781145720,851.80487587,852.04881334,831.34823801,835.21158411,
2026-06-11 02:43:00,1781145780,835.21158411,851.7619773,835.18177415,847.63744668,
2026-06-11 02:44:00,1781145840,847.63744668,850.64708269,836.59628593,842.00223133,
2026-06-11 02:45:00,1781145900,842.00223133,843.23428132,827.75098901,836.7376787,
2026-06-11 02:46:00,1781145960,836.7376787,840.45908371,817.97055014,820.66820585,
2026-06-11 02:47:00,1781146020,820.66820585,827.76448837,815.7975367,819.26305139,
2026-06-11 02:48:00,1781146080,819.26305139,824.79581322,814.33459039,815.90779247,
2026-06-11 02:49:00,1781146140,815.90779247,816.48003643,807.66220966,812.40717281,
2026-06-11 02:50:00,1781146200,812.40717281,851.23602155,812.2604762,845.84791714,
2026-06-11 02:51:00,1781146260,845.84791714,861.23870776,826.35925911,828.13786868,
2026-06-11 02:52:00,1781146320,828.13786868,841.47489266,828.13786868,841.47489266,
2026-06-11 02:53:00,1781146380,841.47489266,857.20502671,838.19556894,851.23121195,
2026-06-11 02:54:00,1781146440,851.23121195,873.89548957,847.36758728,858.70100527,
2026-06-11 02:55:00,1781146500,858.70100527,881.77660626,853.86457579,858.61403657,
2026-06-11 02:56:00,1781146560,858.61403657,911.88620342,858.61403657,898.71107684,
2026-06-11 02:57:00,1781146620,898.71107684,919.76444688,896.41831309,911.82306183,
2026-06-11 02:58:00,1781146680,911.82306183,915.48874244,898.30186275,898.30186275,
2026-06-11 02:59:00,1781146740,898.30186275,898.30186275,875.66330047,877.76476366,
2026-06-11 03:00:00,1781146800,877.76476366,890.77316231,875.008461,885.70590377,
2026-06-11 03:01:00,1781146860,885.70590377,898.86288092,880.23239362,891.04114227,
2026-06-11 03:02:00,1781146920,891.04114227,893.35439427,874.52959513,888.01665483,
2026-06-11 03:03:00,1781146980,888.01665483,894.18581707,880.11924494,883.95893774,
2026-06-11 03:04:00,1781147040,883.95893774,887.95734059,878.8644249,886.01198915,
2026-06-11 03:05:00,1781147100,886.01198915,894.50742885,872.97802228,874.95861281,
2026-06-11 03:06:00,1781147160,874.95861281,875.0083902,834.99365869,840.45826271,
2026-06-11 03:07:00,1781147220,840.45826271,858.93185058,835.8153431,853.10949059,
2026-06-11 03:08:00,1781147280,853.10949059,853.25445465,839.02720284,848.51404915,
2026-06-11 03:09:00,1781147340,848.51404915,868.28000949,848.36531517,859.06610479,
2026-06-11 03:10:00,1781147400,859.06610479,860.12634027,845.05500325,849.18554141,
2026-06-11 03:11:00,1781147460,849.18554141,852.74869331,831.24726629,837.49835081,
2026-06-11 03:12:00,1781147520,837.49835081,837.54680775,808.98381307,810.48719293,
2026-06-11 03:13:00,1781147580,810.48719293,827.51238184,805.24049985,827.51238184,
2026-06-11 03:14:00,1781147640,827.51238184,847.9130502,826.33327308,834.38771545,
2026-06-11 03:15:00,1781147700,834.38771545,843.48640118,826.46832814,841.73786711,
2026-06-11 03:16:00,1781147760,841.73786711,846.01919751,833.40058336,843.626491,
2026-06-11 03:17:00,1781147820,843.626491,866.04267494,839.44129003,851.00099746,
2026-06-11 03:18:00,1781147880,851.00099746,861.17419478,849.96894201,853.34297728,
2026-06-11 03:19:00,1781147940,853.34297728,854.66158718,830.99618174,831.11454314,
2026-06-11 03:20:00,1781148000,831.11454314,831.25711952,814.66780446,815.61284455,
2026-06-11 03:21:00,1781148060,815.61284455,835.21481518,809.49699841,834.29348769,
2026-06-11 03:22:00,1781148120,834.29348769,845.30415148,822.11277814,826.10392751,
2026-06-11 03:23:00,1781148180,826.10392751,831.72559423,824.10455968,831.10706157,
2026-06-11 03:24:00,1781148240,831.10706157,850.49231867,828.82189274,850.00205534,
2026-06-11 03:25:00,1781148300,850.00205534,854.28721551,837.11696749,854.07473735,
2026-06-11 03:26:00,1781148360,854.07473735,854.07473735,841.46549177,849.28230309,
2026-06-11 03:27:00,1781148420,849.28230309,857.0364972,842.33791425,852.73158397,
2026-06-11 03:28:00,1781148480,852.73158397,853.43603421,849.04713093,853.08457943,
2026-06-11 03:29:00,1781148540,853.08457943,856.22766631,847.53833976,854.08396818,
2026-06-11 03:30:00,1781148600,854.08396818,869.70637651,851.79712528,866.61203711,
2026-06-11 03:31:00,1781148660,866.61203711,904.18977863,865.31962814,903.98376963,
2026-06-11 03:32:00,1781148720,903.98376963,948.15220421,899.90922064,932.29965613,
2026-06-11 03:33:00,1781148780,932.29965613,1037.17105322,925.82515051,1031.69954263,
2026-06-11 03:34:00,1781148840,1031.69954263,1094.56036106,1014.42141744,1018.66568694,
2026-06-11 03:35:00,1781148900,1018.66568694,1056.35811834,994.7134824,1026.24680209,
2026-06-11 03:36:00,1781148960,1026.24680209,1036.34473544,980.86650129,999.18334547,
2026-06-11 03:37:00,1781149020,999.18334547,1014.59239524,986.64111219,1011.18964645,
2026-06-11 03:38:00,1781149080,1011.18964645,1019.34295404,997.9053898,1002.23883347,
2026-06-11 03:39:00,1781149140,1002.23883347,1018.15381286,999.3849583,999.90993147,
2026-06-11 03:40:00,1781149200,999.90993147,1017.18395881,991.52555351,996.26575896,
2026-06-11 03:41:00,1781149260,996.26575896,1010.63450006,990.08872221,1010.63450006,
2026-06-11 03:42:00,1781149320,1010.63450006,1027.25683831,1000.32149182,1021.01260286,
2026-06-11 03:43:00,1781149380,1021.01260286,1027.42945967,1020.14071629,1024.91643682,
2026-06-11 03:44:00,1781149440,1024.91643682,1024.91643682,997.63775261,1000.6157172,
2026-06-11 03:45:00,1781149500,1000.6157172,1049.80131901,1000.6157172,1030.79802111,
2026-06-11 03:46:00,1781149560,1030.79802111,1031.33274279,1009.21816,1012.33323458,
2026-06-11 03:47:00,1781149620,1012.33323458,1048.14612445,1001.32094815,1026.0980711,
2026-06-11 03:48:00,1781149680,1026.0980711,1055.64931904,1016.26653095,1029.31889288,
2026-06-11 03:49:00,1781149740,1029.31889288,1055.53845103,1025.24812282,1025.24812282,
2026-06-11 03:50:00,1781149800,1025.24812282,1060.77436132,1025.24586597,1054.78153761,
2026-06-11 03:51:00,1781149860,1054.78153761,1058.50395075,1045.79738667,1050.6218234,
2026-06-11 03:52:00,1781149920,1050.6218234,1077.77991024,1035.06185538,1057.28781854,
2026-06-11 03:53:00,1781149980,1057.28781854,1079.77914713,1046.53288947,1069.14417568,
2026-06-11 03:54:00,1781150040,1069.14417568,1069.14417568,1058.128777,1061.18759591,
2026-06-11 03:55:00,1781150100,1061.18759591,1202.27337334,1055.95092599,1194.87554158,
2026-06-11 03:56:00,1781150160,1194.87554158,1268.84894963,1170.38603351,1204.55323194,
2026-06-11 03:57:00,1781150220,1204.55323194,1232.82828575,1199.68610901,1228.85100347,
2026-06-11 03:58:00,1781150280,1228.85100347,1257.13719444,1204.87401907,1210.56820482,
2026-06-11 03:59:00,1781150340,1210.56820482,1223.57853406,1186.1432591,1186.1432591,
2026-06-11 04:00:00,1781150400,1186.1432591,1198.34271057,1165.97040746,1166.02890268,
2026-06-11 04:01:00,1781150460,1166.02890268,1167.66296615,1126.93759537,1132.93001175,
2026-06-11 04:02:00,1781150520,1132.93001175,1181.98020134,1132.92775923,1160.59871716,
2026-06-11 04:03:00,1781150580,1160.59871716,1160.59871716,1130.94759048,1149.21416997,
2026-06-11 04:04:00,1781150640,1149.21416997,1176.66108569,1149.15386896,1156.98671323,
2026-06-11 04:05:00,1781150700,1156.98671323,1156.98671323,1133.35242431,1144.55433125,
2026-06-11 04:06:00,1781150760,1144.55433125,1151.07384466,1121.3669975,1127.69972164,
2026-06-11 04:07:00,1781150820,1127.69972164,1142.15304167,1125.21829347,1132.2739712,
2026-06-11 04:08:00,1781150880,1132.2739712,1154.15943238,1132.2739712,1152.54974902,
2026-06-11 04:09:00,1781150940,1152.54974902,1155.28433599,1131.74156924,1151.09094813,
2026-06-11 04:10:00,1781151000,1151.09094813,1176.47401856,1118.77314828,1164.93793458,
2026-06-11 04:11:00,1781151060,1164.93793458,1185.19995073,1147.09180062,1183.68933023,
2026-06-11 04:12:00,1781151120,1183.68933023,1200.38927445,1172.2548811,1191.6936232,
2026-06-11 04:13:00,1781151180,1191.6936232,1217.07534838,1182.08575307,1198.84328286,
2026-06-11 04:14:00,1781151240,1198.84328286,1203.30553181,1173.31721898,1173.31721898,
2026-06-11 04:15:00,1781151300,1173.31721898,1176.08673953,1157.00528101,1172.96382294,
2026-06-11 04:16:00,1781151360,1172.96382294,1199.1524329,1152.49988665,1152.67470602,
2026-06-11 04:17:00,1781151420,1152.67470602,1163.2601762,1147.16640445,1157.80526322,
2026-06-11 04:18:00,1781151480,1157.80526322,1161.49198855,1134.74963507,1140.1081717,
2026-06-11 04:19:00,1781151540,1140.1081717,1164.09514838,1139.4629377,1163.97323633,
2026-06-11 04:20:00,1781151600,1163.97323633,1194.86577878,1152.89282181,1187.84014022,
2026-06-11 04:21:00,1781151660,1187.84014022,1193.83817593,1150.58889762,1152.32399438,
2026-06-11 04:22:00,1781151720,1152.32399438,1154.56132804,1134.32108277,1146.0738811,
2026-06-11 04:23:00,1781151780,1146.0738811,1156.87931303,1136.63551464,1149.57205358,
2026-06-11 04:24:00,1781151840,1149.57205358,1165.53017463,1138.9269705,1139.99817289,
2026-06-11 04:25:00,1781151900,1139.99817289,1145.41610943,1128.41083695,1138.34926395,
2026-06-11 04:26:00,1781151960,1138.34926395,1153.98127379,1138.34926395,1148.55482451,
2026-06-11 04:27:00,1781152020,1148.55482451,1148.55482451,1130.23873579,1134.90091816,
2026-06-11 04:28:00,1781152080,1134.90091816,1141.87784324,1129.07775133,1135.13733673,
2026-06-11 04:29:00,1781152140,1135.13733673,1145.03618613,1134.21442895,1140.16069457,
2026-06-11 04:30:00,1781152200,1140.16069457,1155.80530906,1137.89168796,1150.74404074,
2026-06-11 04:31:00,1781152260,1150.74404074,1158.18351284,1137.48802864,1137.62101781,
2026-06-11 04:32:00,1781152320,1137.62101781,1138.25462238,1121.91890285,1133.34590724,
2026-06-11 04:33:00,1781152380,1133.34590724,1138.23849171,1110.10327773,1110.81562674,
2026-06-11 04:34:00,1781152440,1110.81562674,1118.15942838,1093.25037937,1100.56942988,
2026-06-11 04:35:00,1781152500,1100.56942988,1117.69403141,1096.91418821,1112.08494355,
2026-06-11 04:36:00,1781152560,1112.08494355,1129.39850829,1107.00659869,1126.25668855,
2026-06-11 04:37:00,1781152620,1126.25668855,1127.52226068,1113.74681467,1122.51092683,
2026-06-11 04:38:00,1781152680,1122.51092683,1168.30284694,1122.51092683,1161.2706881,
2026-06-11 04:39:00,1781152740,1161.2706881,1177.98569477,1157.54131883,1177.56752413,
2026-06-11 04:40:00,1781152800,1177.56752413,1188.28289078,1152.84708703,1168.08655828,
2026-06-11 04:41:00,1781152860,1168.08655828,1168.13207346,1145.67490025,1151.03646823,
2026-06-11 04:42:00,1781152920,1151.03646823,1159.2379803,1147.84746772,1147.84746772,
2026-06-11 04:43:00,1781152980,1147.84746772,1151.52186714,1139.22493225,1149.47963061,
2026-06-11 04:44:00,1781153040,1149.47963061,1168.53931355,1149.47512134,1160.37974368,
2026-06-11 04:45:00,1781153100,1160.37974368,1185.87416264,1160.37974368,1182.87155442,
2026-06-11 04:46:00,1781153160,1182.87155442,1190.2038694,1180.2676391,1186.89009371,
2026-06-11 04:47:00,1781153220,1186.89009371,1232.14404767,1186.34663619,1223.71649171,
2026-06-11 04:48:00,1781153280,1223.71649171,1223.71649171,1191.46406561,1221.38591497,
2026-06-11 04:49:00,1781153340,1221.38591497,1241.63693576,1216.13234276,1231.65834135,
2026-06-11 04:50:00,1781153400,1231.65834135,1270.43484805,1231.2312357,1269.81498589,
2026-06-11 04:51:00,1781153460,1269.81498589,1274.52466903,1245.44168265,1245.9302482,
2026-06-11 04:52:00,1781153520,1245.9302482,1281.39771583,1245.86472655,1255.72909845,
2026-06-11 04:53:00,1781153580,1255.72909845,1260.95185819,1239.40866821,1248.32032994,
2026-06-11 04:54:00,1781153640,1248.32032994,1260.24564728,1237.75550863,1257.99370547,
2026-06-11 04:55:00,1781153700,1257.99370547,1264.13623665,1233.65629265,1235.61692031,
2026-06-11 04:56:00,1781153760,1235.61692031,1241.95770815,1226.56197041,1226.92635329,
2026-06-11 04:57:00,1781153820,1226.92635329,1228.53930375,1211.2127115,1217.16731243,
2026-06-11 04:58:00,1781153880,1217.16731243,1217.16731243,1172.81109736,1177.18606816,
2026-06-11 04:59:00,1781153940,1177.18606816,1201.31061119,1173.2618261,1190.08073575,
2026-06-11 05:00:00,1781154000,1190.08073575,1192.71272164,1127.99265163,1134.57796817,
2026-06-11 05:01:00,1781154060,1134.57796817,1140.10707362,1118.29629148,1118.6133046,
2026-06-11 05:02:00,1781154120,1118.6133046,1138.65111514,1108.28461949,1122.45736821,
2026-06-11 05:03:00,1781154180,1122.45736821,1127.79129915,1106.62817263,1116.53001008,
2026-06-11 05:04:00,1781154240,1116.53001008,1117.6922691,1105.53567207,1107.62098665,
2026-06-11 05:05:00,1781154300,1107.62098665,1108.12757311,1097.34197175,1105.19780167,
2026-06-11 05:06:00,1781154360,1105.19780167,1110.07793096,1088.05831293,1089.96944077,
2026-06-11 05:07:00,1781154420,1089.96944077,1112.15696936,1089.45403074,1102.09383521,
2026-06-11 05:08:00,1781154480,1102.09383521,1115.08299701,1101.95664728,1110.28342892,
2026-06-11 05:09:00,1781154540,1110.28342892,1126.18946056,1108.12529647,1123.92806853,
2026-06-11 05:10:00,1781154600,1123.92806853,1136.16266905,1111.82594819,1112.84707035,
2026-06-11 05:11:00,1781154660,1112.84707035,1115.4651923,1102.12967535,1105.61329485,
2026-06-11 05:12:00,1781154720,1105.61329485,1129.33449266,1104.36004307,1120.01882049,
2026-06-11 05:13:00,1781154780,1120.01882049,1123.25420219,1105.16480664,1106.02579751,
2026-06-11 05:14:00,1781154840,1106.02579751,1126.37634242,1105.79273815,1121.61628259,
2026-06-11 05:15:00,1781154900,1121.61628259,1141.55233622,1114.60613663,1133.97710645,
2026-06-11 05:16:00,1781154960,1133.97710645,1163.53241033,1133.97710645,1155.86671226,
2026-06-11 05:17:00,1781155020,1155.86671226,1174.61098663,1151.43620861,1158.50428857,
2026-06-11 05:18:00,1781155080,1158.50428857,1160.77537027,1125.03557593,1125.03557593,
2026-06-11 05:19:00,1781155140,1125.03557593,1152.30434626,1121.75748403,1126.49982086,
2026-06-11 05:20:00,1781155200,1126.49982086,1143.10558344,1122.0118104,1142.98312014,
2026-06-11 05:21:00,1781155260,1142.98312014,1170.77818519,1142.27279678,1169.46022267,
2026-06-11 05:22:00,1781155320,1169.46022267,1176.16137341,1154.02335799,1176.15917238,
2026-06-11 05:23:00,1781155380,1176.15917238,1181.11558054,1146.36395597,1146.36395597,
2026-06-11 05:24:00,1781155440,1146.36395597,1166.05730974,1143.62588561,1150.54015267,
2026-06-11 05:25:00,1781155500,1150.54015267,1152.3558014,1128.01927085,1142.67129829,
2026-06-11 05:26:00,1781155560,1142.67129829,1151.31397465,1123.2824553,1131.9288023,
2026-06-11 05:27:00,1781155620,1131.9288023,1137.59736582,1104.77186955,1104.77186955,
2026-06-11 05:28:00,1781155680,1104.77186955,1108.19118254,1090.99598939,1107.77869343,
2026-06-11 05:29:00,1781155740,1107.77869343,1124.68213023,1107.41051774,1121.11023059,
2026-06-11 05:30:00,1781155800,1121.11023059,1133.52508234,1114.11510747,1119.17170617,
2026-06-11 05:31:00,1781155860,1119.17170617,1120.49391254,1097.63151124,1104.76990914,
2026-06-11 05:32:00,1781155920,1104.76990914,1145.33877586,1104.7676854,1140.69029618,
2026-06-11 05:33:00,1781155980,1140.69029618,1153.11805552,1125.51729696,1136.0828209,
2026-06-11 05:34:00,1781156040,1136.0828209,1140.85857134,1125.42557534,1127.85921254,
2026-06-11 05:35:00,1781156100,1127.85921254,1132.3838361,1105.71890374,1111.81262086,
2026-06-11 05:36:00,1781156160,1111.81262086,1149.73408276,1105.99657935,1137.0287309,
2026-06-11 05:37:00,1781156220,1137.0287309,1146.23120413,1130.31362459,1139.22493029,
2026-06-11 05:38:00,1781156280,1139.22493029,1149.47303888,1135.82903343,1145.23075731,
2026-06-11 05:39:00,1781156340,1145.23075731,1146.29604522,1117.49837213,1117.84838431,
2026-06-11 05:40:00,1781156400,1117.84838431,1127.56417924,1114.29342989,1122.05331151,
2026-06-11 05:41:00,1781156460,1122.05331151,1139.00843755,1117.50776372,1139.00622223,
2026-06-11 05:42:00,1781156520,1139.00622223,1147.10412731,1134.89540675,1140.80820607,
2026-06-11 05:43:00,1781156580,1140.80820607,1162.85523709,1140.5696783,1150.17891409,
2026-06-11 05:44:00,1781156640,1150.17891409,1162.34638533,1141.39873658,1159.09760321,
2026-06-11 05:45:00,1781156700,1159.09760321,1166.43940111,1155.59116482,1158.31807167,
2026-06-11 05:46:00,1781156760,1158.31807167,1162.44801079,1148.64342496,1154.96153262,
2026-06-11 05:47:00,1781156820,1154.96153262,1156.74475382,1132.96422362,1133.1999319,
2026-06-11 05:48:00,1781156880,1133.1999319,1138.58135339,1116.48503079,1130.81742741,
2026-06-11 05:49:00,1781156940,1130.81742741,1139.69551325,1124.79423836,1127.74232272,
2026-06-11 05:50:00,1781157000,1127.74232272,1137.40783393,1113.08104898,1117.66481669,
2026-06-11 05:51:00,1781157060,1117.66481669,1140.1739295,1110.48650107,1118.1905768,
2026-06-11 05:52:00,1781157120,1118.1905768,1119.40749541,1108.16253479,1115.18072809,
2026-06-11 05:53:00,1781157180,1115.18072809,1148.5225537,1115.12001695,1147.38597303,
2026-06-11 05:54:00,1781157240,1147.38597303,1147.44547268,1112.65388923,1118.1079662,
2026-06-11 05:55:00,1781157300,1118.1079662,1150.18972652,1117.93004029,1143.83435494,
2026-06-11 05:56:00,1781157360,1143.83435494,1157.68010432,1124.4795266,1130.07209222,
2026-06-11 05:57:00,1781157420,1130.07209222,1142.794063,1123.36207727,1139.82676437,
2026-06-11 05:58:00,1781157480,1139.82676437,1144.69073399,1120.84895938,1120.96656485,
2026-06-11 05:59:00,1781157540,1120.96656485,1120.96656485,1091.17281791,1100.36551909,
2026-06-11 06:00:00,1781157600,1100.36551909,1108.70505772,1090.76666279,1101.9116955,
2026-06-11 06:01:00,1781157660,1101.9116955,1109.6318381,1088.77066322,1096.8650304,
2026-06-11 06:02:00,1781157720,1096.8650304,1097.94490526,1088.00507862,1089.04491011,
2026-06-11 06:03:00,1781157780,1089.04491011,1108.79964499,1089.04491011,1105.3110775,
2026-06-11 06:04:00,1781157840,1105.3110775,1105.3110775,1061.17142572,1061.17142572,
2026-06-11 06:05:00,1781157900,1061.17142572,1091.02769252,1056.21582513,1079.22737859,
2026-06-11 06:06:00,1781157960,1079.22737859,1081.43528232,1061.28279783,1077.87175189,
2026-06-11 06:07:00,1781158020,1077.87175189,1091.53523067,1072.90933886,1075.16815164,
2026-06-11 06:08:00,1781158080,1075.16815164,1117.29278009,1074.66720786,1114.87113686,
2026-06-11 06:09:00,1781158140,1114.87113686,1135.39392276,1111.13745062,1126.36559723,
2026-06-11 06:10:00,1781158200,1126.36559723,1139.14075035,1119.32168178,1134.57656633,
2026-06-11 06:11:00,1781158260,1134.57656633,1162.15126478,1125.63201846,1154.99734356,
2026-06-11 06:12:00,1781158320,1154.99734356,1207.25972734,1153.78557038,1207.25972734,
2026-06-11 06:13:00,1781158380,1207.25972734,1217.70874279,1184.2467101,1195.65428871,
2026-06-11 06:14:00,1781158440,1195.65428871,1201.93019919,1190.4545427,1199.93981387,
2026-06-11 06:15:00,1781158500,1199.93981387,1239.15248912,1199.93981387,1227.65871431,
2026-06-11 06:16:00,1781158560,1227.65871431,1262.07029214,1220.20745081,1222.61254734,
2026-06-11 06:17:00,1781158620,1222.61254734,1223.71417215,1206.41503296,1217.57112758,
2026-06-11 06:18:00,1781158680,1217.57112758,1217.57112758,1169.46861768,1173.85990409,
2026-06-11 06:19:00,1781158740,1173.85990409,1198.57167138,1171.79923699,1188.45937276,
2026-06-11 06:20:00,1781158800,1188.45937276,1238.17025407,1188.45719146,1235.547848,
2026-06-11 06:21:00,1781158860,1235.547848,1320.37922681,1235.23395611,1288.14538749,
2026-06-11 06:22:00,1781158920,1288.14538749,1288.14538749,1261.26779704,1266.95684141,
2026-06-11 06:23:00,1781158980,1266.95684141,1304.08705815,1255.80634245,1292.31040812,
2026-06-11 06:24:00,1781159040,1292.31040812,1324.82093317,1274.04320065,1314.83507737,
2026-06-11 06:25:00,1781159100,1314.83507737,1327.37778663,1277.75620323,1277.88326546,
2026-06-11 06:26:00,1781159160,1277.88326546,1287.63399585,1246.1402028,1254.61854956,
2026-06-11 06:27:00,1781159220,1254.61854956,1270.20905189,1237.52446783,1245.32186198,
2026-06-11 06:28:00,1781159280,1245.32186198,1253.30019464,1237.8850429,1245.37266597,
2026-06-11 06:29:00,1781159340,1245.37266597,1254.72252279,1232.01292638,1247.04184934,
2026-06-11 06:30:00,1781159400,1247.04184934,1254.83504734,1232.18114476,1232.60447684,
2026-06-11 06:31:00,1781159460,1232.60447684,1267.67947472,1232.53765641,1266.40851389,
2026-06-11 06:32:00,1781159520,1266.40851389,1291.2577825,1264.68969469,1279.93569811,
2026-06-11 06:33:00,1781159580,1279.93569811,1283.68978684,1262.6855648,1281.42874982,
2026-06-11 06:34:00,1781159640,1281.42874982,1305.8835629,1274.69135069,1295.90467512,
2026-06-11 06:35:00,1781159700,1295.90467512,1296.87773266,1278.61998031,1285.43315556,
2026-06-11 06:36:00,1781159760,1285.43315556,1320.46643569,1281.06717763,1311.21006249,
2026-06-11 06:37:00,1781159820,1311.21006249,1319.95323149,1293.91377403,1307.57179029,
2026-06-11 06:38:00,1781159880,1307.57179029,1311.63237602,1296.81131542,1310.40346964,
2026-06-11 06:39:00,1781159940,1310.40346964,1310.40346964,1302.19283777,1303.42899832,
2026-06-11 06:40:00,1781160000,1303.42899832,1310.17422056,1302.34580279,1302.93295978,
2026-06-11 06:41:00,1781160060,1302.93295978,1319.8648292,1264.59028836,1318.04826106,
2026-06-11 06:42:00,1781160120,1318.04826106,1318.04826106,1288.30023261,1291.72775647,
2026-06-11 06:43:00,1781160180,1291.72775647,1294.22338752,1269.84490685,1273.58059085,
2026-06-11 06:44:00,1781160240,1273.58059085,1295.26464058,1273.57417932,1295.07240485,
2026-06-11 06:45:00,1781160300,1295.07240485,1298.87388889,1269.21154393,1270.04872541,
2026-06-11 06:46:00,1781160360,1270.04872541,1271.12181617,1238.88311719,1247.51940396,
2026-06-11 06:47:00,1781160420,1247.51940396,1247.64090827,1228.97891406,1233.43453522,
2026-06-11 06:48:00,1781160480,1233.43453522,1238.04950644,1223.08308804,1236.9601397,
2026-06-11 06:49:00,1781160540,1236.9601397,1238.64004242,1206.47454066,1209.73632244,
2026-06-11 06:50:00,1781160600,1209.73632244,1219.4773158,1204.23290634,1214.75658572,
2026-06-11 06:51:00,1781160660,1214.75658572,1218.66163311,1209.77010303,1218.08792874,
2026-06-11 06:52:00,1781160720,1218.08792874,1220.67444906,1204.34910049,1206.58430617,
2026-06-11 06:53:00,1781160780,1206.58430617,1206.65394223,1194.29074256,1199.21729268,
2026-06-11 06:54:00,1781160840,1199.21729268,1213.26124734,1192.04224447,1213.25907202,
2026-06-11 06:55:00,1781160900,1213.25907202,1213.25907202,1168.88023103,1179.8720273,
2026-06-11 06:56:00,1781160960,1179.8720273,1186.87011513,1171.57313919,1174.52991852,
2026-06-11 06:57:00,1781161020,1174.52991852,1190.27625184,1174.52991852,1182.73738462,
2026-06-11 06:58:00,1781161080,1182.73738462,1200.26439135,1181.49423569,1185.96612387,
2026-06-11 06:59:00,1781161140,1185.96612387,1188.34362804,1177.29860958,1177.29860958,
2026-06-11 07:00:00,1781161200,1177.29860958,1181.8849295,1168.46318537,1170.76029261,
2026-06-11 07:01:00,1781161260,1170.76029261,1183.00030017,1162.30306824,1178.83902353,
2026-06-11 07:02:00,1781161320,1178.83902353,1192.65047598,1136.21341572,1136.21341572,
2026-06-11 07:03:00,1781161380,1136.21341572,1148.53400447,1119.50241761,1129.63205215,
2026-06-11 07:04:00,1781161440,1129.63205215,1136.77674907,1115.94016171,1115.99936249,
2026-06-11 07:05:00,1781161500,1115.99936249,1126.76685011,1114.69504259,1118.38496497,
2026-06-11 07:06:00,1781161560,1118.38496497,1128.17074721,1112.39737415,1114.04684491,
2026-06-11 07:07:00,1781161620,1114.04684491,1117.88811557,1085.52381514,1094.55186105,
2026-06-11 07:08:00,1781161680,1094.55186105,1111.6296671,1094.55186105,1111.6296671,
2026-06-11 07:09:00,1781161740,1111.6296671,1115.41166728,1099.4441133,1110.67857355,
2026-06-11 07:10:00,1781161800,1110.67857355,1126.75786134,1102.11066857,1123.86405536,
2026-06-11 07:11:00,1781161860,1123.86405536,1139.97109425,1119.27068715,1122.90015005,
2026-06-11 07:12:00,1781161920,1122.90015005,1125.40547474,1100.68353747,1102.67043255,
2026-06-11 07:13:00,1781161980,1102.67043255,1119.77568511,1087.35609594,1108.74815276,
2026-06-11 07:14:00,1781162040,1108.74815276,1125.11093577,1108.68711155,1116.81810788,
2026-06-11 07:15:00,1781162100,1116.81810788,1124.67798486,1110.30868128,1122.02506844,
2026-06-11 07:16:00,1781162160,1122.02506844,1137.24784085,1108.48290885,1133.99754578,
2026-06-11 07:17:00,1781162220,1133.99754578,1141.68065813,1127.79080144,1135.9808265,
2026-06-11 07:18:00,1781162280,1135.9808265,1159.59965763,1133.55625075,1145.15566676,
2026-06-11 07:19:00,1781162340,1145.15566676,1147.58049247,1135.04941065,1138.94923797,
2026-06-11 07:20:00,1781162400,1138.94923797,1173.49084229,1137.20387242,1172.94371805,
2026-06-11 07:21:00,1781162460,1172.94371805,1197.63780777,1171.95305214,1197.63780777,
2026-06-11 07:22:00,1781162520,1197.63780777,1209.67075909,1176.94549433,1184.88791789,
2026-06-11 07:23:00,1781162580,1184.88791789,1184.88791789,1163.03703044,1168.45117117,
2026-06-11 07:24:00,1781162640,1168.45117117,1196.22588028,1164.26142937,1196.16484313,
2026-06-11 07:25:00,1781162700,1196.16484313,1197.81345532,1170.56651116,1172.79295552,
2026-06-11 07:26:00,1781162760,1172.79295552,1181.78739554,1169.83203643,1177.1439104,
2026-06-11 07:27:00,1781162820,1177.1439104,1193.91124766,1177.13940611,1184.44854505,
2026-06-11 07:28:00,1781162880,1184.44854505,1190.69581344,1180.71545077,1190.69581344,
2026-06-11 07:29:00,1781162940,1190.69581344,1209.83869279,1184.07132299,1209.65669866,
2026-06-11 07:30:00,1781163000,1209.65669866,1243.09025681,1209.65445309,1216.95762465,
2026-06-11 07:31:00,1781163060,1216.95762465,1216.95762465,1181.41452375,1186.04497708,
2026-06-11 07:32:00,1781163120,1186.04497708,1189.84928248,1183.24711839,1187.20661982,
2026-06-11 07:33:00,1781163180,1187.20661982,1204.77236364,1187.20661982,1192.924547,
2026-06-11 07:34:00,1781163240,1192.924547,1193.70728634,1169.9365561,1170.70289006,
2026-06-11 07:35:00,1781163300,1170.70289006,1183.81104634,1167.94065212,1179.77914394,
2026-06-11 07:36:00,1781163360,1179.77914394,1193.05875523,1169.21733664,1171.1876196,
2026-06-11 07:37:00,1781163420,1171.1876196,1180.01866522,1164.59150467,1167.71283419,
2026-06-11 07:38:00,1781163480,1167.71283419,1167.71283419,1138.12239812,1139.90344613,
2026-06-11 07:39:00,1781163540,1139.90344613,1140.32883195,1122.5285834,1122.83803065,
2026-06-11 07:40:00,1781163600,1122.83803065,1122.83803065,1106.32081547,1109.31091096,
2026-06-11 07:41:00,1781163660,1109.31091096,1136.83310346,1109.01576173,1132.41265152,
2026-06-11 07:42:00,1781163720,1132.41265152,1154.57360565,1132.1186609,1147.58058368,
2026-06-11 07:43:00,1781163780,1147.58058368,1160.01967869,1136.01341073,1156.48376591,
2026-06-11 07:44:00,1781163840,1156.48376591,1156.86541676,1134.05382092,1147.01586971,
2026-06-11 07:45:00,1781163900,1147.01586971,1161.92908498,1146.42249102,1158.0106094,
2026-06-11 07:46:00,1781163960,1158.0106094,1170.58632904,1157.69099282,1170.07116966,
2026-06-11 07:47:00,1781164020,1170.07116966,1196.70155736,1169.46965061,1180.3792815,
2026-06-11 07:48:00,1781164080,1180.3792815,1187.17151045,1173.52046558,1175.88004819,
2026-06-11 07:49:00,1781164140,1175.88004819,1187.20897017,1175.03172543,1177.975544,
2026-06-11 07:50:00,1781164200,1177.975544,1184.8410305,1176.06632108,1180.4042971,
2026-06-11 07:51:00,1781164260,1180.4042971,1185.98881871,1164.94730049,1167.18812329,
2026-06-11 07:52:00,1781164320,1167.18812329,1167.21684109,1157.95726839,1160.6774028,
2026-06-11 07:53:00,1781164380,1160.6774028,1179.40423302,1159.42733761,1163.63643602,
2026-06-11 07:54:00,1781164440,1163.63643602,1173.41964755,1159.10975151,1168.99127098,
2026-06-11 07:55:00,1781164500,1168.99127098,1185.27736059,1167.28916559,1182.46176356,
2026-06-11 07:56:00,1781164560,1182.46176356,1189.54745216,1177.10159905,1184.01903701,
2026-06-11 07:57:00,1781164620,1184.01903701,1192.60811958,1183.12015532,1187.17576549,
2026-06-11 07:58:00,1781164680,1187.17576549,1189.52131478,1178.65486027,1178.71463134,
2026-06-11 07:59:00,1781164740,1178.71463134,1182.06835189,1175.71965106,1179.02714791,
2026-06-11 08:00:00,1781164800,1179.02714791,1213.90556044,1178.84550718,1205.98962364,
2026-06-11 08:01:00,1781164860,1205.98962364,1216.2765543,1183.34188903,1198.26063361,
2026-06-11 08:02:00,1781164920,1198.26063361,1224.0027613,1195.37712979,1210.34519098,
2026-06-11 08:03:00,1781164980,1210.34519098,1223.16805313,1206.94831831,1211.94505883,
2026-06-11 08:04:00,1781165040,1211.94505883,1212.65782734,1195.35858706,1195.41893507,
2026-06-11 08:05:00,1781165100,1195.41893507,1209.26493837,1194.44577966,1205.03203913,
2026-06-11 08:06:00,1781165160,1205.03203913,1220.10649728,1203.84828171,1219.24851985,
2026-06-11 08:07:00,1781165220,1219.24851985,1219.24851985,1204.72942033,1209.59421088,
2026-06-11 08:08:00,1781165280,1209.59421088,1217.00813695,1203.17219968,1216.70048808,
2026-06-11 08:09:00,1781165340,1216.70048808,1240.14121917,1212.60923477,1222.18730882,
2026-06-11 08:10:00,1781165400,1222.18730882,1234.31194512,1221.68150968,1225.40781583,
2026-06-11 08:11:00,1781165460,1225.40781583,1239.92622803,1220.60099104,1220.95846424,
2026-06-11 08:12:00,1781165520,1220.95846424,1230.1009863,1220.95614683,1227.73647452,
2026-06-11 08:13:00,1781165580,1227.73647452,1277.2796608,1227.67060941,1275.60119243,
2026-06-11 08:14:00,1781165640,1275.60119243,1275.60119243,1237.27364165,1250.07501942,
2026-06-11 08:15:00,1781165700,1250.07501942,1250.68905638,1240.93960724,1242.43301028,
2026-06-11 08:16:00,1781165760,1242.43301028,1242.73832011,1230.28311278,1234.01794112,
2026-06-11 08:17:00,1781165820,1234.01794112,1251.00959561,1234.01794112,1238.86952206,
2026-06-11 08:18:00,1781165880,1238.86952206,1262.22299857,1238.86952206,1259.1176991,
2026-06-11 08:19:00,1781165940,1259.1176991,1259.1176991,1247.22038205,1249.23582341,
2026-06-11 08:20:00,1781166000,1249.23582341,1249.4206884,1241.01786714,1243.56636867,
2026-06-11 08:21:00,1781166060,1243.56636867,1252.24483619,1243.4411178,1246.68569456,
2026-06-11 08:22:00,1781166120,1246.68569456,1280.37788386,1246.68336054,1277.14560647,
2026-06-11 08:23:00,1781166180,1277.14560647,1312.09139275,1277.08089283,1310.27319545,
2026-06-11 08:24:00,1781166240,1310.27319545,1319.72206757,1297.03843558,1313.6250897,
2026-06-11 08:25:00,1781166300,1313.6250897,1314.56998816,1295.3270875,1304.26907954,
2026-06-11 08:26:00,1781166360,1304.26907954,1314.48478702,1301.50698873,1304.38263123,
2026-06-11 08:27:00,1781166420,1304.38263123,1321.81677391,1301.542497,1315.2863372,
2026-06-11 08:28:00,1781166480,1315.2863372,1337.52061459,1312.56622318,1330.25705781,
2026-06-11 08:29:00,1781166540,1330.25705781,1334.21879826,1326.35084986,1333.89323808,
2026-06-11 08:30:00,1781166600,1333.89323808,1341.02480542,1327.48707517,1329.91820015,
2026-06-11 08:31:00,1781166660,1329.91820015,1330.16994256,1315.91076043,1323.49146155,
2026-06-11 08:32:00,1781166720,1323.49146155,1338.60996479,1320.37038282,1325.07622473,
2026-06-11 08:33:00,1781166780,1325.07622473,1336.5831305,1323.83076312,1334.10930206,
2026-06-11 08:34:00,1781166840,1334.10930206,1339.57707178,1327.65561211,1330.21099278,
2026-06-11 08:35:00,1781166900,1330.21099278,1334.9943693,1324.7924269,1329.95582009,
2026-06-11 08:36:00,1781166960,1329.95582009,1330.52063461,1323.37693863,1323.80418975,
2026-06-11 08:37:00,1781167020,1323.80418975,1335.00705063,1323.73383347,1328.90061661,
2026-06-11 08:38:00,1781167080,1328.90061661,1328.90061661,1322.83083302,1324.21366498,
2026-06-11 08:39:00,1781167140,1324.21366498,1355.20732254,1318.04275563,1345.36902188,
2026-06-11 08:40:00,1781167200,1345.36902188,1345.36902188,1332.523069,1334.30919895,
2026-06-11 08:41:00,1781167260,1334.30919895,1334.63362656,1319.1820243,1322.96652,
2026-06-11 08:42:00,1781167320,1322.96652,1323.89378843,1300.27808932,1300.59195283,
2026-06-11 08:43:00,1781167380,1300.59195283,1305.98202904,1269.62329909,1269.68291292,
2026-06-11 08:44:00,1781167440,1269.68291292,1270.69024718,1263.37079223,1270.00477796,
2026-06-11 08:45:00,1781167500,1270.00477796,1296.86270915,1266.4621065,1286.0567912,
2026-06-11 08:46:00,1781167560,1286.0567912,1301.37575667,1275.58542256,1301.34158738,
2026-06-11 08:47:00,1781167620,1301.34158738,1327.62357386,1295.80211296,1326.22395377,
2026-06-11 08:48:00,1781167680,1326.22395377,1389.40437439,1325.84005517,1364.52633681,
2026-06-11 08:49:00,1781167740,1364.52633681,1379.54521219,1336.95376306,1337.17764642,
2026-06-11 08:50:00,1781167800,1337.17764642,1353.43990052,1336.56706468,1342.92247303,
2026-06-11 08:51:00,1781167860,1342.92247303,1363.63878327,1332.0122279,1332.0122279,
2026-06-11 08:52:00,1781167920,1332.0122279,1333.29451768,1313.76027183,1325.88259844,
2026-06-11 08:53:00,1781167980,1325.88259844,1327.39255619,1320.22400773,1324.51564571,
2026-06-11 08:54:00,1781168040,1324.51564571,1326.10579652,1322.07807456,1324.41476186,
2026-06-11 08:55:00,1781168100,1324.41476186,1332.46511717,1321.12443599,1323.86031459,
2026-06-11 08:56:00,1781168160,1323.86031459,1324.36965695,1301.97079636,1307.78722876,
2026-06-11 08:57:00,1781168220,1307.78722876,1313.03718012,1293.8143659,1311.19382094,
2026-06-11 08:58:00,1781168280,1311.19382094,1318.33759463,1311.06341241,1312.8727007,
2026-06-11 08:59:00,1781168340,1312.8727007,1330.69847392,1311.66940954,1330.69847392,
2026-06-11 09:00:00,1781168400,1330.69847392,1330.82633592,1298.96005229,1312.45874786,
2026-06-11 09:01:00,1781168460,1312.45874786,1314.69744988,1302.08433802,1307.95142146,
2026-06-11 09:02:00,1781168520,1307.95142146,1327.42220474,1306.94133031,1324.3900934,
2026-06-11 09:03:00,1781168580,1324.3900934,1329.43313149,1319.99513015,1326.70031548,
2026-06-11 09:04:00,1781168640,1326.70031548,1330.58116127,1297.67708278,1301.54440932,
2026-06-11 09:05:00,1781168700,1301.54440932,1308.50769997,1282.69485107,1284.76711907,
2026-06-11 09:06:00,1781168760,1284.76711907,1284.76711907,1269.09236538,1275.8987844,
2026-06-11 09:07:00,1781168820,1275.8987844,1279.15288465,1254.94884021,1262.5004246,
2026-06-11 09:08:00,1781168880,1262.5004246,1272.34417792,1255.25212548,1261.85913441,
2026-06-11 09:09:00,1781168940,1261.85913441,1262.70568614,1252.14062571,1262.05066402,
2026-06-11 09:10:00,1781169000,1262.05066402,1278.98090773,1262.04599914,1271.27267034,
2026-06-11 09:11:00,1781169060,1271.27267034,1271.33295148,1250.12562928,1250.18298176,
2026-06-11 09:12:00,1781169120,1250.18298176,1255.44066434,1243.43510283,1252.53830531,
2026-06-11 09:13:00,1781169180,1252.53830531,1264.11470578,1239.14884912,1240.795814,
2026-06-11 09:14:00,1781169240,1240.795814,1267.81454006,1233.94773941,1265.39192545,
2026-06-11 09:15:00,1781169300,1265.39192545,1265.39192545,1232.89863558,1236.50124672,
2026-06-11 09:16:00,1781169360,1236.50124672,1237.35858696,1210.90399391,1223.74184287,
2026-06-11 09:17:00,1781169420,1223.74184287,1224.35632922,1210.03390779,1221.80458546,
2026-06-11 09:18:00,1781169480,1221.80458546,1249.74590257,1221.80458546,1249.03584617,
2026-06-11 09:19:00,1781169540,1249.03584617,1262.06355918,1245.63869645,1248.14862356,
2026-06-11 09:20:00,1781169600,1248.14862356,1248.14862356,1224.36113713,1228.62251485,
2026-06-11 09:21:00,1781169660,1228.62251485,1229.92793789,1218.96780914,1219.57960937,
2026-06-11 09:22:00,1781169720,1219.57960937,1226.14344921,1211.34736993,1221.51866648,
2026-06-11 09:23:00,1781169780,1221.51866648,1228.49119395,1213.45336507,1224.97893194,
2026-06-11 09:24:00,1781169840,1224.97893194,1228.84516053,1210.34383625,1228.49212496,
2026-06-11 09:25:00,1781169900,1228.49212496,1238.41806935,1217.37816872,1231.40642289,
2026-06-11 09:26:00,1781169960,1231.40642289,1231.83690976,1216.00435601,1223.03056489,
2026-06-11 09:27:00,1781170020,1223.03056489,1229.04240265,1216.6094089,1226.0839869,
2026-06-11 09:28:00,1781170080,1226.0839869,1234.8936242,1224.65713055,1234.21421459,
2026-06-11 09:29:00,1781170140,1234.21421459,1234.2761024,1222.27795351,1229.98052389,
2026-06-11 09:30:00,1781170200,1229.98052389,1248.89449859,1225.21495106,1227.24817729,
2026-06-11 09:31:00,1781170260,1227.24817729,1287.93126535,1225.53533044,1281.65764173,
2026-06-11 09:32:00,1781170320,1281.65764173,1286.19406676,1258.32803538,1275.87815191,
2026-06-11 09:33:00,1781170380,1275.87815191,1281.99518866,1264.77169699,1279.79856146,
2026-06-11 09:34:00,1781170440,1279.79856146,1306.48833602,1270.20840202,1306.48833602,
2026-06-11 09:35:00,1781170500,1306.48833602,1320.86841441,1285.05656232,1285.86770555,
2026-06-11 09:36:00,1781170560,1285.86770555,1302.42835654,1285.86770555,1299.88128624,
2026-06-11 09:37:00,1781170620,1299.88128624,1300.30322882,1291.3778633,1297.28207019,
2026-06-11 09:38:00,1781170680,1297.28207019,1300.47039919,1286.62174841,1288.39169573,
2026-06-11 09:39:00,1781170740,1288.39169573,1303.02845299,1286.21034724,1287.61296112,
2026-06-11 09:40:00,1781170800,1287.61296112,1291.02312457,1283.57970029,1287.16097406,
2026-06-11 09:41:00,1781170860,1287.16097406,1287.21716182,1271.82342938,1273.20356494,
2026-06-11 09:42:00,1781170920,1273.20356494,1291.30256626,1272.17262501,1284.09791007,
2026-06-11 09:43:00,1781170980,1284.09791007,1284.99053654,1271.88982395,1272.2000093,
2026-06-11 09:44:00,1781171040,1272.2000093,1296.39947323,1271.6553107,1293.588936,
2026-06-11 09:45:00,1781171100,1293.588936,1293.588936,1278.04550645,1290.4475903,
2026-06-11 09:46:00,1781171160,1290.4475903,1290.45916934,1286.23767648,1286.64260351,
2026-06-11 09:47:00,1781171220,1286.64260351,1288.27502718,1273.76426673,1276.66289557,
2026-06-11 09:48:00,1781171280,1276.66289557,1292.40360044,1274.86806737,1288.80996985,
2026-06-11 09:49:00,1781171340,1288.80996985,1291.88977764,1276.49381968,1289.39567267,
2026-06-11 09:50:00,1781171400,1289.39567267,1289.39567267,1281.88364409,1286.85673786,
2026-06-11 09:51:00,1781171460,1286.85673786,1322.69644161,1286.80910675,1316.31057139,
2026-06-11 09:52:00,1781171520,1316.31057139,1331.8607627,1307.44101416,1308.01491477,
2026-06-11 09:53:00,1781171580,1308.01491477,1309.84128487,1296.69298617,1309.38815005,
2026-06-11 09:54:00,1781171640,1309.38815005,1312.06662222,1291.76377742,1311.23942843,
2026-06-11 09:55:00,1781171700,1311.23942843,1321.46046227,1302.25129518,1303.01719455,
2026-06-11 09:56:00,1781171760,1303.01719455,1306.10005974,1279.558775,1279.558775,
2026-06-11 09:57:00,1781171820,1279.558775,1279.558775,1267.04742996,1269.58393742,
2026-06-11 09:58:00,1781171880,1269.58393742,1284.60703607,1269.32845938,1284.60703607,
2026-06-11 09:59:00,1781171940,1284.60703607,1299.58894816,1276.75310157,1286.11137519,
2026-06-11 10:00:00,1781172000,1286.11137519,1303.6226917,1279.84663721,1292.16950698,
2026-06-11 10:01:00,1781172060,1292.16950698,1308.82708164,1276.79208528,1286.80153485,
2026-06-11 10:02:00,1781172120,1286.80153485,1296.90668564,1258.66923976,1259.48751222,
2026-06-11 10:03:00,1781172180,1259.48751222,1264.49619235,1251.27469303,1256.90356556,
2026-06-11 10:04:00,1781172240,1256.90356556,1264.07187325,1226.94590473,1238.78318456,
2026-06-11 10:05:00,1781172300,1238.78318456,1251.15677428,1230.77751054,1249.10376506,
2026-06-11 10:06:00,1781172360,1249.10376506,1273.17548798,1237.37918765,1272.22006301,
2026-06-11 10:07:00,1781172420,1272.22006301,1302.22364769,1272.22006301,1295.21663501,
2026-06-11 10:08:00,1781172480,1295.21663501,1311.29060217,1287.0549682,1293.81616016,
2026-06-11 10:09:00,1781172540,1293.81616016,1293.81616016,1265.68373407,1284.23470958,
2026-06-11 10:10:00,1781172600,1284.23470958,1287.56357546,1263.46967946,1263.46967946,
2026-06-11 10:11:00,1781172660,1263.46967946,1281.05518103,1258.07216227,1280.54120748,
2026-06-11 10:12:00,1781172720,1280.54120748,1280.60061992,1263.63796955,1273.16031056,
2026-06-11 10:13:00,1781172780,1273.16031056,1296.44826343,1265.23991105,1288.04068142,
2026-06-11 10:14:00,1781172840,1288.04068142,1288.10484435,1265.56111222,1266.63131375,
2026-06-11 10:15:00,1781172900,1266.63131375,1281.81214786,1266.05911237,1274.29414842,
2026-06-11 10:16:00,1781172960,1274.29414842,1274.29414842,1252.12591004,1254.82301184,
2026-06-11 10:17:00,1781173020,1254.82301184,1255.20049949,1197.26618153,1211.11458787,
2026-06-11 10:18:00,1781173080,1211.11458787,1237.21741457,1209.74686647,1212.50757139,
2026-06-11 10:19:00,1781173140,1212.50757139,1221.41888599,1189.3881497,1212.87358961,
2026-06-11 10:20:00,1781173200,1212.87358961,1223.51581884,1209.78773536,1215.10110541,
2026-06-11 10:21:00,1781173260,1215.10110541,1232.43413853,1213.67649834,1226.09366052,
2026-06-11 10:22:00,1781173320,1226.09366052,1230.15164341,1200.60112899,1203.09118617,
2026-06-11 10:23:00,1781173380,1203.09118617,1222.31041097,1202.89350993,1221.41683775,
2026-06-11 10:24:00,1781173440,1221.41683775,1222.54473142,1202.9554818,1211.5928338,
2026-06-11 10:25:00,1781173500,1211.5928338,1220.35937641,1208.86735013,1218.71440652,
2026-06-11 10:26:00,1781173560,1218.71440652,1218.77474047,1198.2916027,1208.64383936,
2026-06-11 10:27:00,1781173620,1208.64383936,1211.50644741,1201.85949495,1208.37259901,
2026-06-11 10:28:00,1781173680,1208.37259901,1221.91565521,1207.24552423,1218.33476331,
2026-06-11 10:29:00,1781173740,1218.33476331,1234.46115132,1215.36213233,1220.38417291,
2026-06-11 10:30:00,1781173800,1220.38417291,1244.20362908,1213.67494631,1243.12036246,
2026-06-11 10:31:00,1781173860,1243.12036246,1270.49504116,1242.84451528,1254.36887594,
2026-06-11 10:32:00,1781173920,1254.36887594,1254.65289729,1243.59485912,1249.61185304,
2026-06-11 10:33:00,1781173980,1249.61185304,1249.63725728,1230.14740578,1232.15892925,
2026-06-11 10:34:00,1781174040,1232.15892925,1264.46948448,1232.15892925,1241.51087014,
2026-06-11 10:35:00,1781174100,1241.51087014,1259.3791329,1236.53960255,1259.3791329,
2026-06-11 10:36:00,1781174160,1259.3791329,1275.26241497,1259.12232743,1272.95213267,
2026-06-11 10:37:00,1781174220,1272.95213267,1279.60713443,1260.49484483,1273.22797637,
2026-06-11 10:38:00,1781174280,1273.22797637,1291.98763366,1270.92229678,1283.55453289,
2026-06-11 10:39:00,1781174340,1283.55453289,1284.04216682,1250.56691575,1255.41215607,
2026-06-11 10:40:00,1781174400,1255.41215607,1270.38268574,1254.21269964,1260.82023758,
2026-06-11 10:41:00,1781174460,1260.82023758,1268.45699446,1250.61019432,1262.60932728,
2026-06-11 10:42:00,1781174520,1262.60932728,1273.656603,1254.03029668,1270.14728558,
2026-06-11 10:43:00,1781174580,1270.14728558,1286.28787755,1269.14462074,1271.73241358,
2026-06-11 10:44:00,1781174640,1271.73241358,1287.87720686,1265.38912846,1274.40221287,
2026-06-11 10:45:00,1781174700,1274.40221287,1278.40702206,1272.46096479,1272.50341696,
2026-06-11 10:46:00,1781174760,1272.50341696,1294.50362588,1266.96727444,1287.8748442,
2026-06-11 10:47:00,1781174820,1287.8748442,1299.22154978,1281.60984392,1293.92284083,
2026-06-11 10:48:00,1781174880,1293.92284083,1295.25924945,1288.95825851,1291.47403789,
2026-06-11 10:49:00,1781174940,1291.47403789,1297.33178076,1285.08650871,1297.01199046,
2026-06-11 10:50:00,1781175000,1297.01199046,1303.40254156,1286.78845501,1298.17671681,
2026-06-11 10:51:00,1781175060,1298.17671681,1379.78831029,1296.91821793,1354.86587867,
2026-06-11 10:52:00,1781175120,1354.86587867,1354.86587867,1315.72141863,1335.13596537,
2026-06-11 10:53:00,1781175180,1335.13596537,1346.56381257,1319.80071667,1339.00554313,
2026-06-11 10:54:00,1781175240,1339.00554313,1384.41301067,1335.17199355,1379.02238297,
2026-06-11 10:55:00,1781175300,1379.02238297,1435.18964142,1353.69785262,1430.73293421,
2026-06-11 10:56:00,1781175360,1430.73293421,1432.63325283,1353.85670459,1358.8684543,
2026-06-11 10:57:00,1781175420,1358.8684543,1407.24266981,1356.47943801,1399.23598995,
2026-06-11 10:58:00,1781175480,1399.23598995,1432.64874072,1393.60112565,1410.27948592,
2026-06-11 10:59:00,1781175540,1410.27948592,1456.83926392,1402.87499612,1414.67014565,
2026-06-11 11:00:00,1781175600,1414.67014565,1415.50980855,1363.5850978,1363.64369812,
2026-06-11 11:01:00,1781175660,1363.64369812,1425.23568521,1363.64369812,1425.10032651,
2026-06-11 11:02:00,1781175720,1425.10032651,1445.29540934,1415.35615596,1433.95366291,
2026-06-11 11:03:00,1781175780,1433.95366291,1460.10310816,1433.88361677,1438.17987661,
2026-06-11 11:04:00,1781175840,1438.17987661,1456.26216153,1437.76310481,1445.38047307,
2026-06-11 11:05:00,1781175900,1445.38047307,1456.26730026,1420.35632315,1435.74158955,
2026-06-11 11:06:00,1781175960,1435.74158955,1435.80713473,1415.24299115,1421.46139964,
2026-06-11 11:07:00,1781176020,1421.46139964,1430.30130922,1395.56985899,1398.36616422,
2026-06-11 11:08:00,1781176080,1398.36616422,1406.56652951,1346.22546836,1405.82752585,
2026-06-11 11:09:00,1781176140,1405.82752585,1414.58851183,1396.72590007,1414.18176698,
2026-06-11 11:10:00,1781176200,1414.18176698,1437.17606819,1414.18176698,1434.73868227,
2026-06-11 11:11:00,1781176260,1434.73868227,1461.20469654,1433.20323408,1457.64573136,
2026-06-11 11:12:00,1781176320,1457.64573136,1460.38199503,1423.93869056,1446.1748945,
2026-06-11 11:13:00,1781176380,1446.1748945,1449.97162849,1434.48354906,1447.3222845,
2026-06-11 11:14:00,1781176440,1447.3222845,1454.1544657,1446.22862681,1451.29020835,
2026-06-11 11:15:00,1781176500,1451.29020835,1451.29020835,1421.77808236,1439.38595786,
2026-06-11 11:16:00,1781176560,1439.38595786,1447.83120609,1439.18019392,1447.81428844,
2026-06-11 11:17:00,1781176620,1447.81428844,1479.91575301,1447.06365107,1469.25982288,
2026-06-11 11:18:00,1781176680,1469.25982288,1469.53415103,1414.72743987,1428.52266375,
2026-06-11 11:19:00,1781176740,1428.52266375,1430.40538134,1397.30208757,1407.75851584,
2026-06-11 11:20:00,1781176800,1407.75851584,1409.88377032,1396.892044,1407.97356773,
2026-06-11 11:21:00,1781176860,1407.97356773,1423.00956348,1394.88409834,1422.25996652,
2026-06-11 11:22:00,1781176920,1422.25996652,1438.72303041,1421.2100598,1432.7574975,
2026-06-11 11:23:00,1781176980,1432.7574975,1435.65719312,1430.09456465,1431.98812187,
2026-06-11 11:24:00,1781177040,1431.98812187,1441.65033128,1424.49730073,1435.7150651,
2026-06-11 11:25:00,1781177100,1435.7150651,1436.4455098,1406.50631619,1414.61973119,
2026-06-11 11:26:00,1781177160,1414.61973119,1415.98710082,1395.99982994,1396.13339743,
2026-06-11 11:27:00,1781177220,1396.13339743,1418.19735972,1393.48010473,1413.88708321,
2026-06-11 11:28:00,1781177280,1413.88708321,1443.88311918,1408.89186474,1442.04431789,
2026-06-11 11:29:00,1781177340,1442.04431789,1461.75565708,1427.65000291,1431.35877797,
2026-06-11 11:30:00,1781177400,1431.35877797,1475.11045571,1429.84611677,1460.97486204,
2026-06-11 11:31:00,1781177460,1460.97486204,1497.07505485,1446.48577311,1493.75737882,
2026-06-11 11:32:00,1781177520,1493.75737882,1508.06984847,1466.3385267,1467.29295467,
2026-06-11 11:33:00,1781177580,1467.29295467,1477.72468997,1450.45651551,1472.13105955,
2026-06-11 11:34:00,1781177640,1472.13105955,1472.13105955,1440.40256784,1452.54609211,
2026-06-11 11:35:00,1781177700,1452.54609211,1461.75664541,1433.65830174,1436.76037297,
2026-06-11 11:36:00,1781177760,1436.76037297,1436.82601095,1416.71044275,1416.71044275,
2026-06-11 11:37:00,1781177820,1416.71044275,1428.21400924,1391.65485563,1395.0051605,
2026-06-11 11:38:00,1781177880,1395.0051605,1407.53371299,1375.18343195,1385.56643728,
2026-06-11 11:39:00,1781177940,1385.56643728,1423.65258302,1380.36694709,1415.93931517,
2026-06-11 11:40:00,1781178000,1415.93931517,1421.88538464,1400.86796416,1404.50431766,
2026-06-11 11:41:00,1781178060,1404.50431766,1427.05986459,1399.3037235,1410.68963609,
2026-06-11 11:42:00,1781178120,1410.68963609,1417.36531205,1399.75471882,1417.3252678,
2026-06-11 11:43:00,1781178180,1417.3252678,1423.32725435,1408.31113999,1419.38800415,
2026-06-11 11:44:00,1781178240,1419.38800415,1419.82626098,1395.62207319,1411.34597149,
2026-06-11 11:45:00,1781178300,1411.34597149,1411.34597149,1390.76218172,1396.81106423,
2026-06-11 11:46:00,1781178360,1396.81106423,1403.87600886,1396.6747417,1402.09093843,
2026-06-11 11:47:00,1781178420,1402.09093843,1407.69655843,1389.58189064,1389.58189064,
2026-06-11 11:48:00,1781178480,1389.58189064,1394.06134277,1381.78090268,1389.00913806,
2026-06-11 11:49:00,1781178540,1389.00913806,1412.15289028,1376.47063706,1412.15289028,
2026-06-11 11:50:00,1781178600,1412.15289028,1418.40755129,1402.74879724,1411.30954891,
2026-06-11 11:51:00,1781178660,1411.30954891,1487.57756417,1404.05339364,1468.05241708,
2026-06-11 11:52:00,1781178720,1468.05241708,1477.36342881,1436.98530525,1447.38832444,
2026-06-11 11:53:00,1781178780,1447.38832444,1457.7216893,1438.63178152,1447.62174814,
2026-06-11 11:54:00,1781178840,1447.62174814,1447.99562339,1434.19197242,1444.43925688,
2026-06-11 11:55:00,1781178900,1444.43925688,1444.43925688,1410.17223851,1413.40905634,
2026-06-11 11:56:00,1781178960,1413.40905634,1413.40905634,1389.26289045,1402.44187562,
2026-06-11 11:57:00,1781179020,1402.44187562,1413.84983995,1392.93408468,1395.50041093,
2026-06-11 11:58:00,1781179080,1395.50041093,1401.69179342,1391.64470022,1395.80672711,
2026-06-11 11:59:00,1781179140,1395.80672711,1400.798015,1385.76135179,1389.59491986,
2026-06-11 12:00:00,1781179200,1389.59491986,1395.16110199,1345.92192959,1352.03432808,
2026-06-11 12:01:00,1781179260,1352.03432808,1371.56362578,1351.99841121,1354.2494255,
2026-06-11 12:02:00,1781179320,1354.2494255,1360.19520741,1344.3300192,1355.44991595,
2026-06-11 12:03:00,1781179380,1355.44991595,1356.76380696,1325.64282877,1329.19118028,
2026-06-11 12:04:00,1781179440,1329.19118028,1366.81991583,1320.76556831,1364.64942077,
2026-06-11 12:05:00,1781179500,1364.64942077,1386.22422821,1363.16393355,1373.13606827,
2026-06-11 12:06:00,1781179560,1373.13606827,1395.00588751,1356.06345551,1360.13193355,
2026-06-11 12:07:00,1781179620,1360.13193355,1360.13193355,1322.81762996,1338.14590389,
2026-06-11 12:08:00,1781179680,1338.14590389,1350.81556031,1327.91665693,1345.47625896,
2026-06-11 12:09:00,1781179740,1345.47625896,1353.32105539,1322.08439374,1329.73602048,
2026-06-11 12:10:00,1781179800,1329.73602048,1395.62980531,1326.26377597,1393.65667091,
2026-06-11 12:11:00,1781179860,1393.65667091,1428.77017005,1377.14252565,1428.70985441,
2026-06-11 12:12:00,1781179920,1428.70985441,1448.49959592,1417.74206966,1447.65861585,
2026-06-11 12:13:00,1781179980,1447.65861585,1449.91315732,1395.14448643,1395.14448643,
2026-06-11 12:14:00,1781180040,1395.14448643,1426.80559794,1376.69595361,1421.04579029,
2026-06-11 12:15:00,1781180100,1421.04579029,1433.64710611,1395.66170487,1408.2377657,
2026-06-11 12:16:00,1781180160,1408.2377657,1422.34588652,1402.17940254,1415.06393017,
2026-06-11 12:17:00,1781180220,1415.06393017,1427.85433341,1395.77887862,1396.20582274,
2026-06-11 12:18:00,1781180280,1396.20582274,1446.33879436,1393.70072021,1431.74312661,
2026-06-11 12:19:00,1781180340,1431.74312661,1433.54347693,1391.62065006,1391.62065006,
2026-06-11 12:20:00,1781180400,1391.62065006,1391.75204294,1298.23840321,1298.25245485,
2026-06-11 12:21:00,1781180460,1298.25245485,1308.82234904,1247.13390867,1259.50470994,
2026-06-11 12:22:00,1781180520,1259.50470994,1264.6842736,1135.10828174,1139.35668642,
2026-06-11 12:23:00,1781180580,1139.35668642,1175.75106591,1114.73185495,1166.84655721,
2026-06-11 12:24:00,1781180640,1166.84655721,1204.01811477,1114.00007409,1130.55746719,
2026-06-11 12:25:00,1781180700,1130.55746719,1162.75894258,1127.33059381,1140.90752885,
2026-06-11 12:26:00,1781180760,1140.90752885,1176.43676141,1137.88212897,1175.09600131,
2026-06-11 12:27:00,1781180820,1175.09600131,1177.26131379,1120.26931186,1142.91570377,
2026-06-11 12:28:00,1781180880,1142.91570377,1160.74446271,1097.87634543,1105.56976356,
2026-06-11 12:29:00,1781180940,1105.56976356,1127.08480858,1102.33179533,1104.18777964,
2026-06-11 12:30:00,1781181000,1104.18777964,1174.14090369,1006.16774462,1079.45709475,
2026-06-11 12:31:00,1781181060,1079.45709475,1122.92599967,1047.86453201,1085.05818642,
2026-06-11 12:32:00,1781181120,1085.05818642,1093.11645642,1048.05127871,1086.8869763,
2026-06-11 12:33:00,1781181180,1086.8869763,1097.50670431,1044.02933429,1058.7419124,
2026-06-11 12:34:00,1781181240,1058.7419124,1166.57616798,1044.4624365,1147.92647374,
2026-06-11 12:35:00,1781181300,1147.92647374,1180.31187106,1135.5116718,1149.23014033,
2026-06-11 12:36:00,1781181360,1149.23014033,1195.77146666,1149.23014033,1178.0900298,
2026-06-11 12:37:00,1781181420,1178.0900298,1188.55307047,1146.51081087,1147.97324989,
2026-06-11 12:38:00,1781181480,1147.97324989,1222.64017561,1147.97324989,1174.17828473,
2026-06-11 12:39:00,1781181540,1174.17828473,1212.42848464,1164.85763548,1167.99018502,
2026-06-11 12:40:00,1781181600,1167.99018502,1183.15720229,1154.4376078,1174.85875615,
2026-06-11 12:41:00,1781181660,1174.85875615,1211.11297962,1159.95934804,1204.06856851,
2026-06-11 12:42:00,1781181720,1204.06856851,1213.8874076,1184.09105637,1206.36015848,
2026-06-11 12:43:00,1781181780,1206.36015848,1213.89614947,1164.81502064,1164.81502064,
2026-06-11 12:44:00,1781181840,1164.81502064,1264.88644778,1149.06021293,1247.78526931,
2026-06-11 12:45:00,1781181900,1247.78526931,1259.03253406,1208.73002686,1251.82327147,
2026-06-11 12:46:00,1781181960,1251.82327147,1277.2601853,1239.14047545,1272.385152,
2026-06-11 12:47:00,1781182020,1272.385152,1294.35108315,1233.22710147,1245.47602253,
2026-06-11 12:48:00,1781182080,1245.47602253,1258.54848806,1220.27169556,1221.72495787,
2026-06-11 12:49:00,1781182140,1221.72495787,1275.1832303,1210.15358341,1275.1832303,
2026-06-11 12:50:00,1781182200,1275.1832303,1281.60761508,1219.92354856,1230.04972643,
2026-06-11 12:51:00,1781182260,1230.04972643,1289.46520495,1228.71426532,1287.99067529,
2026-06-11 12:52:00,1781182320,1287.99067529,1321.9591367,1287.99067529,1298.3127737,
2026-06-11 12:53:00,1781182380,1298.3127737,1318.70290848,1257.24739536,1265.60201487,
2026-06-11 12:54:00,1781182440,1265.60201487,1275.61246082,1256.42793371,1265.17104333,
2026-06-11 12:55:00,1781182500,1265.17104333,1321.97637351,1262.26433234,1311.08293624,
2026-06-11 12:56:00,1781182560,1311.08293624,1316.24947232,1292.56883493,1302.10574131,
2026-06-11 12:57:00,1781182620,1302.10574131,1318.89181293,1287.00477969,1294.42551796,
2026-06-11 12:58:00,1781182680,1294.42551796,1327.88318003,1279.92858283,1319.40076789,
2026-06-11 12:59:00,1781182740,1319.40076789,1324.73421969,1302.776738,1304.85938316,
2026-06-11 13:00:00,1781182800,1304.85938316,1307.15227544,1259.63469401,1263.82354614,
2026-06-11 13:01:00,1781182860,1263.82354614,1285.52549272,1253.54329791,1253.67187508,
2026-06-11 13:02:00,1781182920,1253.67187508,1264.23835855,1232.95891807,1249.39951148,
2026-06-11 13:03:00,1781182980,1249.39951148,1251.89339877,1231.31012532,1245.84044609,
2026-06-11 13:04:00,1781183040,1245.84044609,1280.36579583,1240.32281675,1260.11526502,
2026-06-11 13:05:00,1781183100,1260.11526502,1260.30642556,1227.50864648,1244.72292754,
2026-06-11 13:06:00,1781183160,1244.72292754,1258.85518548,1228.1694831,1247.44242945,
2026-06-11 13:07:00,1781183220,1247.44242945,1258.46042468,1234.88365125,1245.35805463,
2026-06-11 13:08:00,1781183280,1245.35805463,1251.05311301,1235.70283955,1242.27882737,
2026-06-11 13:09:00,1781183340,1242.27882737,1244.82576044,1226.11892211,1231.03232634,
2026-06-11 13:10:00,1781183400,1231.03232634,1245.98530261,1230.83919159,1241.80720014,
2026-06-11 13:11:00,1781183460,1241.80720014,1258.48997858,1204.03839122,1216.23520946,
2026-06-11 13:12:00,1781183520,1216.23520946,1244.85180342,1216.23520946,1232.70372925,
2026-06-11 13:13:00,1781183580,1232.70372925,1248.58324781,1228.2141426,1232.03234318,
2026-06-11 13:14:00,1781183640,1232.03234318,1250.54656915,1230.97321069,1236.79630525,
2026-06-11 13:15:00,1781183700,1236.79630525,1251.31114522,1233.17057934,1248.17115632,
2026-06-11 13:16:00,1781183760,1248.17115632,1272.75889886,1248.16881541,1271.06803295,
2026-06-11 13:17:00,1781183820,1271.06803295,1273.09295246,1255.45616998,1260.88204009,
2026-06-11 13:18:00,1781183880,1260.88204009,1284.39738432,1257.97639183,1284.39738432,
2026-06-11 13:19:00,1781183940,1284.39738432,1302.33256453,1278.91831538,1300.09761405,
2026-06-11 13:20:00,1781184000,1300.09761405,1330.38365268,1300.09761405,1306.33901143,
2026-06-11 13:21:00,1781184060,1306.33901143,1313.06529511,1300.38540629,1307.40065368,
2026-06-11 13:22:00,1781184120,1307.40065368,1307.40065368,1245.55179554,1251.7989204,
2026-06-11 13:23:00,1781184180,1251.7989204,1260.55337973,1238.05125281,1238.42987304,
2026-06-11 13:24:00,1781184240,1238.42987304,1244.49743248,1188.69826101,1193.12558867,
2026-06-11 13:25:00,1781184300,1193.12558867,1204.19411577,1181.69317638,1200.00576753,
2026-06-11 13:26:00,1781184360,1200.00576753,1201.61312674,1183.70340483,1198.79272031,
2026-06-11 13:27:00,1781184420,1198.79272031,1202.56787838,1183.18651449,1196.21397789,
2026-06-11 13:28:00,1781184480,1196.21397789,1205.90388349,1185.03194415,1205.90149732,
2026-06-11 13:29:00,1781184540,1205.90149732,1206.02241558,1170.82331813,1183.37074875,
2026-06-11 13:30:00,1781184600,1183.37074875,1183.37074875,1153.4187696,1180.8580972,
2026-06-11 13:31:00,1781184660,1180.8580972,1182.84382186,1114.99006766,1129.5121614,
2026-06-11 13:32:00,1781184720,1129.5121614,1135.24553092,1093.2620036,1122.71216179,
2026-06-11 13:33:00,1781184780,1122.71216179,1177.15728791,1122.47043804,1145.98149612,
2026-06-11 13:34:00,1781184840,1145.98149612,1159.91388558,1114.12052731,1144.87394301,
2026-06-11 13:35:00,1781184900,1144.87394301,1209.71007974,1124.07237124,1208.38078484,
2026-06-11 13:36:00,1781184960,1208.38078484,1252.70051949,1192.68380658,1192.8092078,
2026-06-11 13:37:00,1781185020,1192.8092078,1233.74846084,1181.86154415,1223.40131729,
2026-06-11 13:38:00,1781185080,1223.40131729,1228.79033006,1151.63467365,1157.80486383,
2026-06-11 13:39:00,1781185140,1157.80486383,1221.23127203,1157.80486383,1190.93785677,
2026-06-11 13:40:00,1781185200,1190.93785677,1196.26702163,1135.00300749,1188.40932484,
2026-06-11 13:41:00,1781185260,1188.40932484,1196.24815457,1113.03081437,1134.85593082,
2026-06-11 13:42:00,1781185320,1134.85593082,1171.19895576,1113.24525511,1153.64595236,
2026-06-11 13:43:00,1781185380,1153.64595236,1227.47789246,1153.64595236,1219.03800003,
2026-06-11 13:44:00,1781185440,1219.03800003,1271.66604465,1217.19345249,1268.93406825,
2026-06-11 13:45:00,1781185500,1268.93406825,1372.61433838,1252.3271305,1328.97527352,
2026-06-11 13:46:00,1781185560,1328.97527352,1340.43390904,1290.52496872,1329.93208635,
2026-06-11 13:47:00,1781185620,1329.93208635,1353.32751313,1296.91029524,1330.85011787,
2026-06-11 13:48:00,1781185680,1330.85011787,1339.78254685,1310.78718745,1328.43562746,
2026-06-11 13:49:00,1781185740,1328.43562746,1348.03579117,1313.51430117,1313.77876033,
2026-06-11 13:50:00,1781185800,1313.77876033,1405.21208499,1310.86094549,1397.21412934,
2026-06-11 13:51:00,1781185860,1397.21412934,1397.21412934,1335.61337762,1360.87280032,
2026-06-11 13:52:00,1781185920,1360.87280032,1403.40357071,1340.03987428,1362.78661425,
2026-06-11 13:53:00,1781185980,1362.78661425,1457.05380713,1329.83151773,1450.67741168,
2026-06-11 13:54:00,1781186040,1450.67741168,1456.69374428,1397.44158374,1409.55005489,
2026-06-11 13:55:00,1781186100,1409.55005489,1409.55005489,1369.07155044,1383.18056798,
2026-06-11 13:56:00,1781186160,1383.18056798,1384.46886791,1322.55268018,1322.80738064,
2026-06-11 13:57:00,1781186220,1322.80738064,1332.69235528,1286.55825347,1289.57362575,
2026-06-11 13:58:00,1781186280,1289.57362575,1331.02157279,1289.57362575,1315.50402541,
2026-06-11 13:59:00,1781186340,1315.50402541,1351.03881105,1314.97425337,1342.63894286,
2026-06-11 14:00:00,1781186400,1342.63894286,1351.10504952,1313.92092554,1327.2140817,
2026-06-11 14:01:00,1781186460,1327.2140817,1336.83544063,1286.5145717,1322.03517325,
2026-06-11 14:02:00,1781186520,1322.03517325,1333.11454051,1296.03122001,1311.20602404,
2026-06-11 14:03:00,1781186580,1311.20602404,1332.02191606,1287.3382119,1290.40134368,
2026-06-11 14:04:00,1781186640,1290.40134368,1346.37874488,1276.81474596,1344.09313126,
2026-06-11 14:05:00,1781186700,1344.09313126,1345.29461701,1240.48968167,1245.46031908,
2026-06-11 14:06:00,1781186760,1245.46031908,1272.17144582,1226.82904964,1228.66056032,
2026-06-11 14:07:00,1781186820,1228.66056032,1284.2354154,1228.00709314,1281.47283016,
2026-06-11 14:08:00,1781186880,1281.47283016,1281.47283016,1251.16875675,1275.42697605,
2026-06-11 14:09:00,1781186940,1275.42697605,1278.69772335,1209.69271046,1230.32351972,
2026-06-11 14:10:00,1781187000,1230.32351972,1246.9479539,1171.11129849,1171.11129849,
2026-06-11 14:11:00,1781187060,1171.11129849,1193.62199808,1127.82479597,1192.89942781,
2026-06-11 14:12:00,1781187120,1192.89942781,1206.58830891,1147.83352536,1157.01037961,
2026-06-11 14:13:00,1781187180,1157.01037961,1181.64787087,1138.23836344,1179.12997539,
2026-06-11 14:14:00,1781187240,1179.12997539,1185.78782381,1146.61774487,1151.4464973,
2026-06-11 14:15:00,1781187300,1151.4464973,1204.83647488,1143.8766615,1182.68433405,
2026-06-11 14:16:00,1781187360,1182.68433405,1188.92195505,1112.47567679,1115.33139121,
2026-06-11 14:17:00,1781187420,1115.33139121,1176.81552762,1114.6035606,1159.20926148,
2026-06-11 14:18:00,1781187480,1159.20926148,1165.57358787,1116.90155853,1116.90155853,
2026-06-11 14:19:00,1781187540,1116.90155853,1167.12743338,1109.97952755,1150.94220902,
2026-06-11 14:20:00,1781187600,1150.94220902,1193.37037983,1139.97623924,1191.56478488,
2026-06-11 14:21:00,1781187660,1191.56478488,1208.5639562,1169.78392846,1208.13575604,
2026-06-11 14:22:00,1781187720,1208.13575604,1226.57964352,1160.11990759,1211.60784121,
2026-06-11 14:23:00,1781187780,1211.60784121,1262.63014963,1209.56273864,1233.24527505,
2026-06-11 14:24:00,1781187840,1233.24527505,1273.53571961,1212.8069786,1244.89055805,
2026-06-11 14:25:00,1781187900,1244.89055805,1263.83240083,1234.04824515,1248.25734069,
2026-06-11 14:26:00,1781187960,1248.25734069,1248.71010303,1193.9299765,1198.86407454,
2026-06-11 14:27:00,1781188020,1198.86407454,1242.54456816,1198.86171679,1224.95349852,
2026-06-11 14:28:00,1781188080,1224.95349852,1254.90470569,1212.8001937,1252.09637709,
2026-06-11 14:29:00,1781188140,1252.09637709,1291.40768185,1239.62596877,1285.63481978,
2026-06-11 14:30:00,1781188200,1285.63481978,1305.61847254,1214.80817804,1218.13928075,
2026-06-11 14:31:00,1781188260,1218.13928075,1245.9934273,1205.05787897,1236.2091928,
2026-06-11 14:32:00,1781188320,1236.2091928,1260.33775387,1217.89074181,1230.18498968,
2026-06-11 14:33:00,1781188380,1230.18498968,1244.01046619,1204.34784148,1209.56583532,
2026-06-11 14:34:00,1781188440,1209.56583532,1224.46950936,1182.79083921,1221.43080774,
2026-06-11 14:35:00,1781188500,1221.43080774,1252.66539731,1206.96213607,1246.78179403,
2026-06-11 14:36:00,1781188560,1246.78179403,1315.72765473,1230.10602178,1314.51729327,
2026-06-11 14:37:00,1781188620,1314.51729327,1320.16606857,1223.78602309,1223.78602309,
2026-06-11 14:38:00,1781188680,1223.78602309,1260.07891377,1223.78602309,1240.24805517,
2026-06-11 14:39:00,1781188740,1240.24805517,1243.04609024,1205.18027289,1212.73099287,
2026-06-11 14:40:00,1781188800,1212.73099287,1221.22020483,1191.59877719,1220.32905473,
2026-06-11 14:41:00,1781188860,1220.32905473,1240.59822624,1195.66196226,1202.83951306,
2026-06-11 14:42:00,1781188920,1202.83951306,1224.6601013,1185.10296034,1200.67186846,
2026-06-11 14:43:00,1781188980,1200.67186846,1209.59407531,1166.64764535,1187.12651522,
2026-06-11 14:44:00,1781189040,1187.12651522,1206.16752773,1168.93743581,1172.16804856,
2026-06-11 14:45:00,1781189100,1172.16804856,1201.14589741,1168.04105869,1191.5396519,
2026-06-11 14:46:00,1781189160,1191.5396519,1218.42650231,1173.09692783,1186.10738221,
2026-06-11 14:47:00,1781189220,1186.10738221,1211.28576392,1183.93204715,1189.9571057,
2026-06-11 14:48:00,1781189280,1189.9571057,1237.22290563,1188.09596823,1215.32856891,
2026-06-11 14:49:00,1781189340,1215.32856891,1226.86820058,1192.77856396,1197.91583511,
2026-06-11 14:50:00,1781189400,1197.91583511,1230.22131166,1175.12129432,1220.93514106,
2026-06-11 14:51:00,1781189460,1220.93514106,1271.99544912,1209.01406424,1246.01068129,
2026-06-11 14:52:00,1781189520,1246.01068129,1248.57223539,1203.98898319,1220.12171507,
2026-06-11 14:53:00,1781189580,1220.12171507,1256.84737386,1210.77112271,1218.99665153,
2026-06-11 14:54:00,1781189640,1218.99665153,1235.22450735,1198.25166872,1214.72551479,
2026-06-11 14:55:00,1781189700,1214.72551479,1215.46449544,1182.4063763,1184.0517879,
2026-06-11 14:56:00,1781189760,1184.0517879,1186.38877807,1117.72255203,1137.0863865,
2026-06-11 14:57:00,1781189820,1137.0863865,1164.6864984,1115.00050542,1162.46277748,
2026-06-11 14:58:00,1781189880,1162.46277748,1174.70910819,1097.19247733,1102.11123766,
2026-06-11 14:59:00,1781189940,1102.11123766,1107.70715819,1085.82151655,1087.59192678,
2026-06-11 15:00:00,1781190000,1087.59192678,1111.36003882,1063.11117924,1063.53214359,
2026-06-11 15:01:00,1781190060,1063.53214359,1063.66662632,972.60096484,991.02013944,
2026-06-11 15:02:00,1781190120,991.02013944,1046.87965729,981.33286443,1015.02507501,
2026-06-11 15:03:00,1781190180,1015.02507501,1079.38687335,1013.67154184,1059.35630463,
2026-06-11 15:04:00,1781190240,1059.35630463,1082.81038675,1048.41744234,1071.75052535,
2026-06-11 15:05:00,1781190300,1071.75052535,1073.27056403,1023.78802291,1032.22067876,
2026-06-11 15:06:00,1781190360,1032.22067876,1072.07972213,1024.79372884,1051.60657799,
2026-06-11 15:07:00,1781190420,1051.60657799,1146.60299747,1038.8169497,1141.04183945,
2026-06-11 15:08:00,1781190480,1141.04183945,1158.40608242,1099.48524458,1127.33911508,
2026-06-11 15:09:00,1781190540,1127.33911508,1139.68213,1092.66235442,1099.12389975,
2026-06-11 15:10:00,1781190600,1099.12389975,1099.3189849,1064.99057913,1079.46175116,
2026-06-11 15:11:00,1781190660,1079.46175116,1100.45444773,1073.13564783,1092.06648572,
2026-06-11 15:12:00,1781190720,1092.06648572,1163.14416798,1084.40163947,1130.93867927,
2026-06-11 15:13:00,1781190780,1130.93867927,1137.16815538,1100.37383467,1103.28646411,
2026-06-11 15:14:00,1781190840,1103.28646411,1103.53430617,1058.74721964,1060.80767582,
2026-06-11 15:15:00,1781190900,1060.80767582,1096.54873693,1048.71391813,1094.99912931,
2026-06-11 15:16:00,1781190960,1094.99912931,1106.52153962,1052.66638028,1054.51121249,
2026-06-11 15:17:00,1781191020,1054.51121249,1073.30109213,1045.34413675,1048.79138962,
2026-06-11 15:18:00,1781191080,1048.79138962,1057.6127673,1013.40892502,1017.81571299,
2026-06-11 15:19:00,1781191140,1017.81571299,1048.00029618,1014.5347236,1041.6113387,
2026-06-11 15:20:00,1781191200,1041.6113387,1112.2190984,1036.5630021,1102.74406188,
2026-06-11 15:21:00,1781191260,1102.74406188,1125.92153357,1096.72458003,1103.39030017,
2026-06-11 15:22:00,1781191320,1103.39030017,1104.38159121,1075.54820391,1087.07251355,
2026-06-11 15:23:00,1781191380,1087.07251355,1128.26146288,1080.31011841,1121.36105051,
2026-06-11 15:24:00,1781191440,1121.36105051,1128.10514857,1107.77241829,1107.78389449,
2026-06-11 15:25:00,1781191500,1107.78389449,1108.78066017,1074.65487388,1096.80454975,
2026-06-11 15:26:00,1781191560,1096.80454975,1100.28772833,1075.11138126,1100.28772833,
2026-06-11 15:27:00,1781191620,1100.28772833,1109.45653791,1073.31890091,1092.04687777,
2026-06-11 15:28:00,1781191680,1092.04687777,1095.19447295,1063.2638969,1076.12138573,
2026-06-11 15:29:00,1781191740,1076.12138573,1083.60793897,1059.76219615,1071.67066617,
2026-06-11 15:30:00,1781191800,1071.67066617,1085.07863777,1039.27436574,1042.83326639,
2026-06-11 15:31:00,1781191860,1042.83326639,1045.26908084,1017.45995983,1044.02817317,
2026-06-11 15:32:00,1781191920,1044.02817317,1069.95346647,1041.41790999,1069.76977368,
2026-06-11 15:33:00,1781191980,1069.76977368,1071.10290704,1038.76772732,1069.08347222,
2026-06-11 15:34:00,1781192040,1069.08347222,1102.38206374,1069.08347222,1089.48545075,
2026-06-11 15:35:00,1781192100,1089.48545075,1144.54828655,1082.74459147,1124.20142579,
2026-06-11 15:36:00,1781192160,1124.20142579,1142.31721843,1092.91714496,1136.69203154,
2026-06-11 15:37:00,1781192220,1136.69203154,1158.83106594,1133.01783819,1154.42066064,
2026-06-11 15:38:00,1781192280,1154.42066064,1158.36388254,1121.05051704,1156.5118683,
2026-06-11 15:39:00,1781192340,1156.5118683,1169.86344141,1134.09101991,1135.94271328,
2026-06-11 15:40:00,1781192400,1135.94271328,1164.89464403,1129.05380827,1160.86520137,
2026-06-11 15:41:00,1781192460,1160.86520137,1160.86520137,1121.45766434,1123.44052708,
2026-06-11 15:42:00,1781192520,1123.44052708,1131.30849458,1099.59560297,1111.85482543,
2026-06-11 15:43:00,1781192580,1111.85482543,1122.91261769,1061.99887024,1064.39071928,
2026-06-11 15:44:00,1781192640,1064.39071928,1077.39351448,1038.8952871,1040.39063426,
2026-06-11 15:45:00,1781192700,1040.39063426,1053.89794707,994.63109283,1003.43913748,
2026-06-11 15:46:00,1781192760,1003.43913748,1049.70354906,1003.43913748,1047.2979673,
2026-06-11 15:47:00,1781192820,1047.2979673,1070.20184992,1044.21384489,1060.0230954,
2026-06-11 15:48:00,1781192880,1060.0230954,1060.50986247,998.76180134,1019.53696613,
2026-06-11 15:49:00,1781192940,1019.53696613,1034.75671663,1000.21177936,1005.46727696,
2026-06-11 15:50:00,1781193000,1005.46727696,1014.39010562,993.1774591,999.94291089,
2026-06-11 15:51:00,1781193060,999.94291089,1021.45306079,996.66745028,1009.9587326,
2026-06-11 15:52:00,1781193120,1009.9587326,1018.10977581,974.56717798,987.57884735,
2026-06-11 15:53:00,1781193180,987.57884735,991.63129736,966.16537985,982.00597571,
2026-06-11 15:54:00,1781193240,982.00597571,1011.44051004,981.88844879,1009.8632927,
2026-06-11 15:55:00,1781193300,1009.8632927,1026.28938076,976.75452308,1021.88977028,
2026-06-11 15:56:00,1781193360,1021.88977028,1038.99362944,1008.66685603,1038.99362944,
2026-06-11 15:57:00,1781193420,1038.99362944,1055.75953443,1029.17427374,1050.09912382,
2026-06-11 15:58:00,1781193480,1050.09912382,1062.78745749,1043.03423565,1062.60090297,
2026-06-11 15:59:00,1781193540,1062.60090297,1078.09909895,1052.45509496,1077.78695804,
2026-06-11 16:00:00,1781193600,1077.78695804,1105.04859953,1075.07950663,1100.53450668,
2026-06-11 16:01:00,1781193660,1100.53450668,1118.70637729,1074.75391883,1078.57789048,
2026-06-11 16:02:00,1781193720,1078.57789048,1078.57789048,1061.62209405,1074.33423136,
2026-06-11 16:03:00,1781193780,1074.33423136,1082.83781557,1046.71692558,1047.01943352,
2026-06-11 16:04:00,1781193840,1047.01943352,1049.57245972,1026.12436088,1038.40358503,
2026-06-11 16:05:00,1781193900,1038.40358503,1065.42126266,1029.30089982,1063.19882897,
2026-06-11 16:06:00,1781193960,1063.19882897,1113.00368478,1062.82516717,1106.21615149,
2026-06-11 16:07:00,1781194020,1106.21615149,1129.50724776,1097.92851459,1127.48537073,
2026-06-11 16:08:00,1781194080,1127.48537073,1127.54661101,1100.11350752,1120.978618,
2026-06-11 16:09:00,1781194140,1120.978618,1120.978618,1064.61724495,1068.55325932,
2026-06-11 16:10:00,1781194200,1068.55325932,1098.01422134,1059.21741789,1064.77071657,
2026-06-11 16:11:00,1781194260,1064.77071657,1082.894723,1061.31745841,1075.46749394,
2026-06-11 16:12:00,1781194320,1075.46749394,1089.70625843,1065.79291242,1085.76520575,
2026-06-11 16:13:00,1781194380,1085.76520575,1091.87193216,1077.23382872,1083.45259067,
2026-06-11 16:14:00,1781194440,1083.45259067,1119.37060435,1080.52332617,1118.97632028,
2026-06-11 16:15:00,1781194500,1118.97632028,1131.13358759,1096.7750371,1107.38249461,
2026-06-11 16:16:00,1781194560,1107.38249461,1122.64702642,1099.51996214,1117.86453803,
2026-06-11 16:17:00,1781194620,1117.86453803,1120.9266732,1087.27877221,1116.86488987,
2026-06-11 16:18:00,1781194680,1116.86488987,1120.5223212,1100.76433521,1115.11773634,
2026-06-11 16:19:00,1781194740,1115.11773634,1117.88965551,1100.57083184,1113.33940996,
2026-06-11 16:20:00,1781194800,1113.33940996,1117.38935776,1082.07344394,1083.07447472,
2026-06-11 16:21:00,1781194860,1083.07447472,1105.7371522,1025.80457743,1039.15251259,
2026-06-11 16:22:00,1781194920,1039.15251259,1054.74865802,1011.81245623,1014.69673757,
2026-06-11 16:23:00,1781194980,1014.69673757,1027.54815934,997.32586662,1003.00808017,
2026-06-11 16:24:00,1781195040,1003.00808017,1009.00926265,982.24885078,986.6972983,
2026-06-11 16:25:00,1781195100,986.6972983,992.29422335,957.59502938,964.7625344,
2026-06-11 16:26:00,1781195160,964.7625344,993.5748204,962.81969651,978.97292549,
2026-06-11 16:27:00,1781195220,978.97292549,992.53300672,978.41569366,985.43024194,
2026-06-11 16:28:00,1781195280,985.43024194,1010.21946797,983.55008095,995.05757422,
2026-06-11 16:29:00,1781195340,995.05757422,1010.81010297,989.63106242,994.63152823,
2026-06-11 16:30:00,1781195400,994.63152823,1002.52891541,972.73205033,982.9319939,
2026-06-11 16:31:00,1781195460,982.9319939,988.99754126,964.40149502,964.40149502,
2026-06-11 16:32:00,1781195520,964.40149502,982.95247203,942.55001908,982.38579775,
2026-06-11 16:33:00,1781195580,982.38579775,1015.4235793,971.34079411,1015.4235793,
2026-06-11 16:34:00,1781195640,1015.4235793,1068.3286349,1012.83827111,1029.71321655,
2026-06-11 16:35:00,1781195700,1029.71321655,1056.35750024,1014.17947636,1047.31455043,
2026-06-11 16:36:00,1781195760,1047.31455043,1091.44660041,1041.04618665,1091.44660041,
2026-06-11 16:37:00,1781195820,1091.44660041,1102.26244274,1070.75711231,1073.82567966,
2026-06-11 16:38:00,1781195880,1073.82567966,1082.4660588,1045.67220106,1066.59329724,
2026-06-11 16:39:00,1781195940,1066.59329724,1066.8394467,1037.82718961,1048.21953838,
2026-06-11 16:40:00,1781196000,1048.21953838,1060.55793098,1022.77475857,1027.89781581,
2026-06-11 16:41:00,1781196060,1027.89781581,1041.92101029,1006.90109704,1008.43303814,
2026-06-11 16:42:00,1781196120,1008.43303814,1021.11145553,993.37145807,1017.24234598,
2026-06-11 16:43:00,1781196180,1017.24234598,1038.22971298,1004.49864356,1011.68118093,
2026-06-11 16:44:00,1781196240,1011.68118093,1016.06948141,990.78129981,1003.87920069,
2026-06-11 16:45:00,1781196300,1003.87920069,1022.90616064,974.51595827,974.51595827,
2026-06-11 16:46:00,1781196360,974.51595827,997.12883839,974.0943626,984.92002258,
2026-06-11 16:47:00,1781196420,984.92002258,994.47570678,974.03051035,991.2337665,
2026-06-11 16:48:00,1781196480,991.2337665,1017.27557508,991.2337665,1012.47699701,
2026-06-11 16:49:00,1781196540,1012.47699701,1012.97652001,968.63452259,984.05397841,
2026-06-11 16:50:00,1781196600,984.05397841,989.35022864,953.32470066,989.35022864,
2026-06-11 16:51:00,1781196660,989.35022864,991.14699124,970.00760951,971.99135438,
2026-06-11 16:52:00,1781196720,971.99135438,982.91390718,955.53101895,969.94647669,
2026-06-11 16:53:00,1781196780,969.94647669,993.35689475,964.76468145,985.75251183,
2026-06-11 16:54:00,1781196840,985.75251183,1006.98076415,975.8665317,977.9420678,
2026-06-11 16:55:00,1781196900,977.9420678,980.25380009,957.06290352,959.41057039,
2026-06-11 16:56:00,1781196960,959.41057039,977.75435593,953.00990132,961.48816752,
2026-06-11 16:57:00,1781197020,961.48816752,963.82665841,953.17102588,959.52888616,
2026-06-11 16:58:00,1781197080,959.52888616,968.59226181,955.62660926,955.62660926,
2026-06-11 16:59:00,1781197140,955.62660926,963.22420625,947.89481687,948.47395974,
2026-06-11 17:00:00,1781197200,948.47395974,949.73159593,932.62103309,943.39387545,
2026-06-11 17:01:00,1781197260,943.39387545,975.0119617,943.39152155,948.21086534,
2026-06-11 17:02:00,1781197320,948.21086534,958.71842243,925.77310614,925.94687836,
2026-06-11 17:03:00,1781197380,925.94687836,928.4192391,842.78037969,853.60397584,
2026-06-11 17:04:00,1781197440,853.60397584,858.08239937,833.12904218,856.99564197,
2026-06-11 17:05:00,1781197500,856.99564197,894.02730467,856.99564197,890.21114617,
2026-06-11 17:06:00,1781197560,890.21114617,905.75220379,881.78599389,894.13240572,
2026-06-11 17:07:00,1781197620,894.13240572,912.84284071,879.91798319,905.33050186,
2026-06-11 17:08:00,1781197680,905.33050186,908.1479982,888.5010376,891.86377124,
2026-06-11 17:09:00,1781197740,891.86377124,916.64813684,890.8387392,907.53958002,
2026-06-11 17:10:00,1781197800,907.53958002,939.4088568,897.96711562,925.82843529,
2026-06-11 17:11:00,1781197860,925.82843529,928.35866289,898.35173519,898.35173519,
2026-06-11 17:12:00,1781197920,898.35173519,917.64589236,865.45273133,866.56731023,
2026-06-11 17:13:00,1781197980,866.56731023,880.77946097,852.34474631,875.53086888,
2026-06-11 17:14:00,1781198040,875.53086888,884.50188305,870.17162439,872.98212783,
2026-06-11 17:15:00,1781198100,872.98212783,889.97654649,839.92369307,883.77961833,
2026-06-11 17:16:00,1781198160,883.77961833,898.52935728,881.71839966,896.00658245,
2026-06-11 17:17:00,1781198220,896.00658245,896.00658245,878.25157743,884.35998548,
2026-06-11 17:18:00,1781198280,884.35998548,884.35998548,839.25908942,843.38015779,
2026-06-11 17:19:00,1781198340,843.38015779,856.78021319,836.07791855,836.29052265,
2026-06-11 17:20:00,1781198400,836.29052265,852.07229353,819.91524392,848.05254528,
2026-06-11 17:21:00,1781198460,848.05254528,854.25821589,816.28320658,829.44993433,
2026-06-11 17:22:00,1781198520,829.44993433,846.13310829,811.38508132,821.19579782,
2026-06-11 17:23:00,1781198580,821.19579782,840.93224975,816.89611732,834.55174986,
2026-06-11 17:24:00,1781198640,834.55174986,845.21442888,810.10398523,840.97666954,
2026-06-11 17:25:00,1781198700,840.97666954,846.10507447,819.37983979,833.13954879,
2026-06-11 17:26:00,1781198760,833.13954879,839.01752579,807.59210618,809.61891451,
2026-06-11 17:27:00,1781198820,809.61891451,822.49072296,800.98801594,819.7938145,
2026-06-11 17:28:00,1781198880,819.7938145,1043.9062958,819.7938145,981.65388721,
2026-06-11 17:29:00,1781198940,981.65388721,1179.7255799,960.20724888,1164.34000016,
2026-06-11 17:30:00,1781199000,1164.34000016,1298.77470594,1164.34000016,1237.3151716,
2026-06-11 17:31:00,1781199060,1237.3151716,1363.57589,1193.2688226,1355.71884993,
2026-06-11 17:32:00,1781199120,1355.71884993,1544.79180341,1352.73057285,1544.71667904,
2026-06-11 17:33:00,1781199180,1544.71667904,1563.99649919,1444.49824047,1444.49824047,
2026-06-11 17:34:00,1781199240,1444.49824047,1458.08933357,1365.6323188,1419.4963485,
2026-06-11 17:35:00,1781199300,1419.4963485,1442.50189973,1323.49773238,1404.42117165,
2026-06-11 17:36:00,1781199360,1404.42117165,1418.86207645,1323.91286038,1339.37712104,
2026-06-11 17:37:00,1781199420,1339.37712104,1389.96212767,1322.25723194,1371.33485065,
2026-06-11 17:38:00,1781199480,1371.33485065,1404.69121684,1342.55059295,1390.22791158,
2026-06-11 17:39:00,1781199540,1390.22791158,1410.04931358,1355.9810364,1384.72047209,
2026-06-11 17:40:00,1781199600,1384.72047209,1466.43270327,1384.72047209,1454.87358135,
2026-06-11 17:41:00,1781199660,1454.87358135,1503.8577236,1434.48734178,1493.69191183,
2026-06-11 17:42:00,1781199720,1493.69191183,1508.74920963,1440.99809553,1472.44940755,
2026-06-11 17:43:00,1781199780,1472.44940755,1491.5786767,1436.99173104,1450.7689579,
2026-06-11 17:44:00,1781199840,1450.7689579,1476.94625612,1431.42632052,1465.54146108,
2026-06-11 17:45:00,1781199900,1465.54146108,1565.09070331,1464.59661418,1565.09070331,
2026-06-11 17:46:00,1781199960,1565.09070331,1565.19920448,1448.04382915,1476.27051206,
2026-06-11 17:47:00,1781200020,1476.27051206,1584.43607357,1474.88305887,1561.15693595,
2026-06-11 17:48:00,1781200080,1561.15693595,1617.26587958,1558.84344227,1570.52609218,
2026-06-11 17:49:00,1781200140,1570.52609218,1680.7823887,1512.82647019,1662.03747755,
2026-06-11 17:50:00,1781200200,1662.03747755,1665.37115516,1579.81595128,1579.9656243,
2026-06-11 17:51:00,1781200260,1579.9656243,1651.14367168,1554.57277711,1627.41667273,
2026-06-11 17:52:00,1781200320,1627.41667273,1666.8213084,1586.00329409,1589.4616823,
2026-06-11 17:53:00,1781200380,1589.4616823,1600.62870539,1548.70039921,1565.21809698,
2026-06-11 17:54:00,1781200440,1565.21809698,1568.32082487,1532.7219751,1563.41049787,
2026-06-11 17:55:00,1781200500,1563.41049787,1584.51032811,1545.98564155,1558.578809,
2026-06-11 17:56:00,1781200560,1558.578809,1561.04817819,1490.6997733,1526.45032169,
2026-06-11 17:57:00,1781200620,1526.45032169,1574.26675879,1505.24929946,1564.89100074,
2026-06-11 17:58:00,1781200680,1564.89100074,1630.70176109,1558.76808173,1612.09606028,
2026-06-11 17:59:00,1781200740,1612.09606028,1700.09812643,1587.76839905,1691.12925408,
2026-06-11 18:00:00,1781200800,1691.12925408,1747.06204202,1674.4860376,1715.16878291,
2026-06-11 18:01:00,1781200860,1715.16878291,1780.01940102,1709.21244313,1774.3689103,
2026-06-11 18:02:00,1781200920,1774.3689103,1814.74073624,1678.40325483,1681.26513064,
2026-06-11 18:03:00,1781200980,1681.26513064,1757.85797737,1640.82558205,1661.03900745,
2026-06-11 18:04:00,1781201040,1661.03900745,1665.15614627,1582.14776149,1600.68237241,
2026-06-11 18:05:00,1781201100,1600.68237241,1609.47175018,1530.22652137,1531.48854206,
2026-06-11 18:06:00,1781201160,1531.48854206,1546.17277867,1493.77147834,1519.73266678,
2026-06-11 18:07:00,1781201220,1519.73266678,1537.75007034,1496.3181217,1520.18475434,
2026-06-11 18:08:00,1781201280,1520.18475434,1540.08823951,1476.57806738,1476.57806738,
2026-06-11 18:09:00,1781201340,1476.57806738,1499.50907033,1455.33870908,1493.96101199,
2026-06-11 18:10:00,1781201400,1493.96101199,1503.69460603,1446.75206575,1475.15510792,
2026-06-11 18:11:00,1781201460,1475.15510792,1541.04646937,1451.3275357,1529.10466283,
2026-06-11 18:12:00,1781201520,1529.10466283,1587.90373449,1529.10466283,1546.85754906,
2026-06-11 18:13:00,1781201580,1546.85754906,1561.56561252,1519.57884403,1546.37876403,
2026-06-11 18:14:00,1781201640,1546.37876403,1566.0263651,1531.07674589,1560.92429354,
2026-06-11 18:15:00,1781201700,1560.92429354,1654.69901564,1555.26467931,1654.69901564,
2026-06-11 18:16:00,1781201760,1654.69901564,1672.25733342,1626.56725515,1659.19642732,
2026-06-11 18:17:00,1781201820,1659.19642732,1661.12180991,1610.51425058,1638.7951926,
2026-06-11 18:18:00,1781201880,1638.7951926,1651.78403013,1586.80829003,1611.26672758,
2026-06-11 18:19:00,1781201940,1611.26672758,1670.08790671,1585.1118716,1642.63440802,
2026-06-11 18:20:00,1781202000,1642.63440802,1656.02005418,1608.73671426,1628.80488046,
2026-06-11 18:21:00,1781202060,1628.80488046,1670.78640652,1619.47203252,1629.90934579,
2026-06-11 18:22:00,1781202120,1629.90934579,1629.90934579,1487.84069521,1535.3956499,
2026-06-11 18:23:00,1781202180,1535.3956499,1545.6900765,1486.10348636,1499.26052193,
2026-06-11 18:24:00,1781202240,1499.26052193,1523.45683991,1474.92474711,1511.41820686,
2026-06-11 18:25:00,1781202300,1511.41820686,1548.11513216,1505.89823658,1546.78791162,
2026-06-11 18:26:00,1781202360,1546.78791162,1554.44547597,1525.19367197,1552.47473206,
2026-06-11 18:27:00,1781202420,1552.47473206,1558.36594153,1530.40051951,1537.98681231,
2026-06-11 18:28:00,1781202480,1537.98681231,1540.65306324,1495.14150312,1524.8584734,
2026-06-11 18:29:00,1781202540,1524.8584734,1533.00611038,1491.89005862,1513.16367048,
2026-06-11 18:30:00,1781202600,1513.16367048,1569.28596155,1504.35576234,1568.71820449,
2026-06-11 18:31:00,1781202660,1568.71820449,1570.92650102,1541.53772884,1548.61727113,
2026-06-11 18:32:00,1781202720,1548.61727113,1548.68963572,1496.50049741,1520.02586963,
2026-06-11 18:33:00,1781202780,1520.02586963,1562.88968681,1503.00651131,1555.31764697,
2026-06-11 18:34:00,1781202840,1555.31764697,1566.14530362,1540.12314866,1541.23078076,
2026-06-11 18:35:00,1781202900,1541.23078076,1566.20535338,1540.38321315,1559.30078669,
2026-06-11 18:36:00,1781202960,1559.30078669,1621.64418041,1555.31556048,1614.40883236,
2026-06-11 18:37:00,1781203020,1614.40883236,1623.69288958,1597.01837238,1605.08676601,
2026-06-11 18:38:00,1781203080,1605.08676601,1615.3436748,1590.00629796,1609.80098095,
2026-06-11 18:39:00,1781203140,1609.80098095,1630.32198318,1600.00375064,1617.48502706,
2026-06-11 18:40:00,1781203200,1617.48502706,1644.54059635,1603.24998978,1604.75490771,
2026-06-11 18:41:00,1781203260,1604.75490771,1625.88843529,1595.43414957,1601.10104877,
2026-06-11 18:42:00,1781203320,1601.10104877,1609.56237876,1590.74134245,1602.25510054,
2026-06-11 18:43:00,1781203380,1602.25510054,1637.30671671,1596.60423958,1630.34514453,
2026-06-11 18:44:00,1781203440,1630.34514453,1634.47210617,1617.81306414,1631.80229292,
2026-06-11 18:45:00,1781203500,1631.80229292,1635.75025842,1606.02052747,1624.26584946,
2026-06-11 18:46:00,1781203560,1624.26584946,1630.75881924,1615.55359117,1620.16019647,
2026-06-11 18:47:00,1781203620,1620.16019647,1655.45064544,1613.57242395,1654.25194995,
2026-06-11 18:48:00,1781203680,1654.25194995,1654.25194995,1620.85842407,1623.66883487,
2026-06-11 18:49:00,1781203740,1623.66883487,1623.89410223,1589.53056049,1609.03190149,
2026-06-11 18:50:00,1781203800,1609.03190149,1628.43225676,1601.89886382,1605.74905153,
2026-06-11 18:51:00,1781203860,1605.74905153,1607.61134195,1582.18991476,1582.18991476,
2026-06-11 18:52:00,1781203920,1582.18991476,1629.57127019,1581.36029602,1629.57127019,
2026-06-11 18:53:00,1781203980,1629.57127019,1648.92603391,1615.2093764,1632.17462317,
2026-06-11 18:54:00,1781204040,1632.17462317,1634.82888561,1603.76291843,1603.83836503,
2026-06-11 18:55:00,1781204100,1603.83836503,1614.811317,1587.38609327,1590.01478648,
2026-06-11 18:56:00,1781204160,1590.01478648,1629.21846704,1579.32626099,1619.10698169,
2026-06-11 18:57:00,1781204220,1619.10698169,1624.79716975,1603.73902005,1620.23648531,
2026-06-11 18:58:00,1781204280,1620.23648531,1627.24956852,1592.70537521,1594.69417346,
2026-06-11 18:59:00,1781204340,1594.69417346,1594.69417346,1558.84781077,1561.74093779,
2026-06-11 19:00:00,1781204400,1561.74093779,1579.28028155,1530.87142922,1572.85576211,
2026-06-11 19:01:00,1781204460,1572.85576211,1627.74604123,1567.90389172,1614.69449618,
2026-06-11 19:02:00,1781204520,1614.69449618,1671.4327142,1614.38443033,1637.43729871,
2026-06-11 19:03:00,1781204580,1637.43729871,1641.58637544,1591.50888159,1602.68240907,
2026-06-11 19:04:00,1781204640,1602.68240907,1616.67897887,1586.20187871,1594.46500313,
2026-06-11 19:05:00,1781204700,1594.46500313,1609.4857611,1585.54480743,1588.21603567,
2026-06-11 19:06:00,1781204760,1588.21603567,1593.3377441,1562.37042878,1581.22104333,
2026-06-11 19:07:00,1781204820,1581.22104333,1582.88543627,1561.70953785,1566.1187916,
2026-06-11 19:08:00,1781204880,1566.1187916,1569.79200915,1508.38332979,1531.9080384,
2026-06-11 19:09:00,1781204940,1531.9080384,1559.23077738,1525.02842591,1527.79105256,
2026-06-11 19:10:00,1781205000,1527.79105256,1574.16719068,1526.08101522,1550.46675838,
2026-06-11 19:11:00,1781205060,1550.46675838,1557.09424862,1506.35595499,1533.99594581,
2026-06-11 19:12:00,1781205120,1533.99594581,1649.91503757,1533.99594581,1617.37830959,
2026-06-11 19:13:00,1781205180,1617.37830959,1633.24968506,1559.2480977,1609.88769402,
2026-06-11 19:14:00,1781205240,1609.88769402,1645.93164308,1600.95032024,1615.69888359,
2026-06-11 19:15:00,1781205300,1615.69888359,1661.39668731,1609.37869114,1654.74010863,
2026-06-11 19:16:00,1781205360,1654.74010863,1678.13074671,1649.85401616,1667.43930183,
2026-06-11 19:17:00,1781205420,1667.43930183,1716.443668,1657.41332749,1704.77675969,
2026-06-11 19:18:00,1781205480,1704.77675969,1735.52960046,1703.1065919,1718.41329584,
2026-06-11 19:19:00,1781205540,1718.41329584,1718.48920402,1670.80481403,1692.96272117,
2026-06-11 19:20:00,1781205600,1692.96272117,1744.8354031,1692.96069944,1704.95521906,
2026-06-11 19:21:00,1781205660,1704.95521906,1713.37920593,1690.61926374,1701.38941275,
2026-06-11 19:22:00,1781205720,1701.38941275,1725.76602995,1700.61265291,1716.0179593,
2026-06-11 19:23:00,1781205780,1716.0179593,1750.81970151,1715.24985967,1733.00246621,
2026-06-11 19:24:00,1781205840,1733.00246621,1752.62444589,1719.99694734,1735.68250446,
2026-06-11 19:25:00,1781205900,1735.68250446,1735.68250446,1688.03719602,1724.11812934,
2026-06-11 19:26:00,1781205960,1724.11812934,1737.34208513,1688.15027775,1733.58749963,
2026-06-11 19:27:00,1781206020,1733.58749963,1733.58749963,1673.78213394,1685.89978573,
2026-06-11 19:28:00,1781206080,1685.89978573,1691.59078627,1658.29310093,1689.46317339,
2026-06-11 19:29:00,1781206140,1689.46317339,1703.57959106,1663.71324536,1667.54116893,
2026-06-11 19:30:00,1781206200,1667.54116893,1900.64580398,1662.9893886,1900.64580398,
2026-06-11 19:31:00,1781206260,1900.64580398,1900.64580398,1806.51533897,1842.94487721,
2026-06-11 19:32:00,1781206320,1842.94487721,1911.2040379,1839.97174,1886.62840789,
2026-06-11 19:33:00,1781206380,1886.62840789,1944.8186206,1853.5154557,1904.9773384,
2026-06-11 19:34:00,1781206440,1904.9773384,1915.4512983,1771.54227937,1801.43309944,
2026-06-11 19:35:00,1781206500,1801.43309944,1817.42211814,1753.78813617,1806.091269,
2026-06-11 19:36:00,1781206560,1806.091269,1837.07713064,1785.65262717,1802.54446901,
2026-06-11 19:37:00,1781206620,1802.54446901,1856.0892811,1787.23725771,1833.57358357,
2026-06-11 19:38:00,1781206680,1833.57358357,1837.2532209,1780.83414343,1781.94895499,
2026-06-11 19:39:00,1781206740,1781.94895499,1793.26032409,1727.99238684,1732.4967941,
2026-06-11 19:40:00,1781206800,1732.4967941,1791.71627926,1732.4947372,1785.81889292,
2026-06-11 19:41:00,1781206860,1785.81889292,1832.83905192,1784.95102548,1822.58287866,
2026-06-11 19:42:00,1781206920,1822.58287866,1834.14322602,1815.38271065,1826.1310002,
2026-06-11 19:43:00,1781206980,1826.1310002,1830.3484447,1799.37900713,1812.17100376,
2026-06-11 19:44:00,1781207040,1812.17100376,1812.17100376,1733.30416167,1747.05807157,
2026-06-11 19:45:00,1781207100,1747.05807157,1749.78278143,1723.89334273,1741.51202119,
2026-06-11 19:46:00,1781207160,1741.51202119,1750.23360501,1702.86710133,1713.05087547,
2026-06-11 19:47:00,1781207220,1713.05087547,1769.74108129,1713.04880158,1769.55147988,
2026-06-11 19:48:00,1781207280,1769.55147988,1781.18469314,1738.73219043,1763.32876627,
2026-06-11 19:49:00,1781207340,1763.32876627,1777.36095575,1735.32379779,1740.34696513,
2026-06-11 19:50:00,1781207400,1740.34696513,1758.10061561,1691.75296674,1717.29684151,
2026-06-11 19:51:00,1781207460,1717.29684151,1757.96528283,1709.37825248,1756.10391402,
2026-06-11 19:52:00,1781207520,1756.10391402,1763.67672949,1713.60256966,1734.64709012,
2026-06-11 19:53:00,1781207580,1734.64709012,1748.37581626,1716.98188108,1746.52331166,
2026-06-11 19:54:00,1781207640,1746.52331166,1760.13755517,1737.09442128,1760.13755517,
2026-06-11 19:55:00,1781207700,1760.13755517,1760.13755517,1700.77917921,1732.52911456,
2026-06-11 19:56:00,1781207760,1732.52911456,1736.74807609,1722.55748452,1726.90403557,
2026-06-11 19:57:00,1781207820,1726.90403557,1736.68561998,1705.62130536,1730.25807238,
2026-06-11 19:58:00,1781207880,1730.25807238,1741.06029458,1705.96303077,1706.29661006,
2026-06-11 19:59:00,1781207940,1706.29661006,1723.5990321,1675.16506101,1687.45329458,
2026-06-11 20:00:00,1781208000,1687.45329458,1719.42237268,1632.26115225,1641.17845037,
2026-06-11 20:01:00,1781208060,1641.17845037,1690.77493145,1637.14925181,1666.92157976,
2026-06-11 20:02:00,1781208120,1666.92157976,1723.16597136,1647.12053745,1704.12087351,
2026-06-11 20:03:00,1781208180,1704.12087351,1717.53804939,1662.82107724,1684.46397937,
2026-06-11 20:04:00,1781208240,1684.46397937,1702.9446579,1674.11891964,1682.02008263,
2026-06-11 20:05:00,1781208300,1682.02008263,1721.54147526,1679.01843303,1710.58914261,
2026-06-11 20:06:00,1781208360,1710.58914261,1710.89121877,1678.23912007,1678.63728529,
2026-06-11 20:07:00,1781208420,1678.63728529,1681.96331974,1646.21505091,1664.934827,
2026-06-11 20:08:00,1781208480,1664.934827,1666.01435887,1631.64925021,1647.67923999,
2026-06-11 20:09:00,1781208540,1647.67923999,1658.19422906,1644.64580037,1650.25471444,
2026-06-11 20:10:00,1781208600,1650.25471444,1650.25471444,1601.97837561,1605.34808708,
2026-06-11 20:11:00,1781208660,1605.34808708,1616.9438464,1588.52839559,1611.37633652,
2026-06-11 20:12:00,1781208720,1611.37633652,1618.76488624,1608.33659339,1614.72450971,
2026-06-11 20:13:00,1781208780,1614.72450971,1624.72222023,1592.03658673,1604.11921272,
2026-06-11 20:14:00,1781208840,1604.11921272,1625.7089988,1601.37424148,1616.52664196,
2026-06-11 20:15:00,1781208900,1616.52664196,1623.5601581,1594.19366342,1598.13846508,
2026-06-11 20:16:00,1781208960,1598.13846508,1611.04549508,1592.15399219,1609.8943459,
2026-06-11 20:17:00,1781209020,1609.8943459,1626.9410057,1604.19059296,1620.934118,
2026-06-11 20:18:00,1781209080,1620.934118,1630.32639591,1608.47877674,1610.59584225,
2026-06-11 20:19:00,1781209140,1610.59584225,1632.40542093,1610.54610137,1615.01935521,
2026-06-11 20:20:00,1781209200,1615.01935521,1623.54943103,1614.43980107,1618.22141464,
2026-06-11 20:21:00,1781209260,1618.22141464,1622.96655724,1574.99759644,1574.99759644,
2026-06-11 20:22:00,1781209320,1574.99759644,1576.11915978,1558.02158864,1569.14239631,
2026-06-11 20:23:00,1781209380,1569.14239631,1583.87818277,1569.06504597,1583.57572044,
2026-06-11 20:24:00,1781209440,1583.57572044,1587.61426511,1573.242316,1575.62746806,
2026-06-11 20:25:00,1781209500,1575.62746806,1576.99296526,1542.81521622,1555.55080516,
2026-06-11 20:26:00,1781209560,1555.55080516,1577.62748658,1526.96904801,1529.42757672,
2026-06-11 20:27:00,1781209620,1529.42757672,1557.66073012,1518.81311806,1519.91576296,
2026-06-11 20:28:00,1781209680,1519.91576296,1519.91576296,1451.8479164,1480.98451534,
2026-06-11 20:29:00,1781209740,1480.98451534,1483.62549,1468.37574014,1480.82837012,
2026-06-11 20:30:00,1781209800,1480.82837012,1481.56404723,1461.76164753,1475.55385443,
2026-06-11 20:31:00,1781209860,1475.55385443,1497.70428264,1457.63505144,1462.37766778,
2026-06-11 20:32:00,1781209920,1462.37766778,1487.14760979,1458.4887692,1483.00056424,
2026-06-11 20:33:00,1781209980,1483.00056424,1511.0401968,1471.99529475,1498.77604196,
2026-06-11 20:34:00,1781210040,1498.77604196,1510.26966241,1487.08803883,1493.70013516,
2026-06-11 20:35:00,1781210100,1493.70013516,1493.70013516,1457.16655233,1462.8465403,
2026-06-11 20:36:00,1781210160,1462.8465403,1467.11413013,1443.24074156,1450.76338379,
2026-06-11 20:37:00,1781210220,1450.76338379,1455.96338493,1440.90984554,1452.88595531,
2026-06-11 20:38:00,1781210280,1452.88595531,1458.42611279,1444.02577409,1445.3657857,
2026-06-11 20:39:00,1781210340,1445.3657857,1453.54909649,1435.92902125,1453.29703198,
2026-06-11 20:40:00,1781210400,1453.29703198,1479.09196198,1447.65465669,1468.48301334,
2026-06-11 20:41:00,1781210460,1468.48301334,1468.99873352,1435.47756882,1435.78600518,
2026-06-11 20:42:00,1781210520,1435.78600518,1435.78600518,1417.65891092,1421.49568313,
2026-06-11 20:43:00,1781210580,1421.49568313,1433.24773406,1416.97042491,1420.78876002,
2026-06-11 20:44:00,1781210640,1420.78876002,1430.9095685,1405.76876409,1406.42266328,
2026-06-11 20:45:00,1781210700,1406.42266328,1414.00387381,1393.07275669,1412.68896686,
2026-06-11 20:46:00,1781210760,1412.68896686,1412.68896686,1392.14471708,1400.20081158,
2026-06-11 20:47:00,1781210820,1400.20081158,1415.5092651,1395.98936231,1402.12116661,
2026-06-11 20:48:00,1781210880,1402.12116661,1405.0700167,1394.31027774,1398.3934074,
2026-06-11 20:49:00,1781210940,1398.3934074,1408.05072989,1398.38679377,1401.51936464,
2026-06-11 20:50:00,1781211000,1401.51936464,1413.08974418,1401.51495941,1401.91753246,
2026-06-11 20:51:00,1781211060,1401.91753246,1438.7278775,1401.91532413,1438.7278775,
2026-06-11 20:52:00,1781211120,1438.7278775,1481.55363646,1431.47815445,1481.53749816,
2026-06-11 20:53:00,1781211180,1481.53749816,1485.91713009,1463.28423531,1485.91713009,
2026-06-11 20:54:00,1781211240,1485.91713009,1491.77362503,1477.01095646,1487.44867548,
2026-06-11 20:55:00,1781211300,1487.44867548,1487.67061299,1474.729969,1477.59581153,
2026-06-11 20:56:00,1781211360,1477.59581153,1488.09717009,1476.1042196,1485.08193877,
2026-06-11 20:57:00,1781211420,1485.08193877,1492.04675222,1478.96741242,1490.14617587,
2026-06-11 20:58:00,1781211480,1490.14617587,1496.73534138,1463.76192889,1474.50551457,
2026-06-11 20:59:00,1781211540,1474.50551457,1496.86526908,1474.50551457,1476.69987196,
2026-06-11 21:00:00,1781211600,1476.69987196,1499.03634863,1476.32451608,1493.83115944,
2026-06-11 21:01:00,1781211660,1493.83115944,1516.11471988,1493.82696795,1508.331845,
2026-06-11 21:02:00,1781211720,1508.331845,1508.331845,1487.38090936,1488.76245114,
2026-06-11 21:03:00,1781211780,1488.76245114,1489.33299037,1484.11767169,1489.31032555,
2026-06-11 21:04:00,1781211840,1489.31032555,1531.017811,1486.23532143,1528.52590911,
2026-06-11 21:05:00,1781211900,1528.52590911,1555.82157948,1525.94423796,1532.6546461,
2026-06-11 21:06:00,1781211960,1532.6546461,1539.08634444,1527.33009443,1533.26387276,
2026-06-11 21:07:00,1781212020,1533.26387276,1553.75493193,1533.25973917,1535.98976424,
2026-06-11 21:08:00,1781212080,1535.98976424,1556.57826892,1535.60595622,1551.04635916,
2026-06-11 21:09:00,1781212140,1551.04635916,1551.80339513,1539.27078027,1542.6133343,
2026-06-11 21:10:00,1781212200,1542.6133343,1545.63531156,1542.60299021,1543.25718658,
2026-06-11 21:11:00,1781212260,1543.25718658,1549.5221872,1535.62332464,1544.91892297,
2026-06-11 21:12:00,1781212320,1544.91892297,1554.35020767,1544.85227285,1554.34813576,
2026-06-11 21:13:00,1781212380,1554.34813576,1642.2643687,1554.34813576,1629.77462621,
2026-06-11 21:14:00,1781212440,1629.77462621,1631.35179135,1608.46197583,1610.19369774,
2026-06-11 21:15:00,1781212500,1610.19369774,1610.33214126,1591.39732403,1597.8532311,
2026-06-11 21:16:00,1781212560,1597.8532311,1603.30640953,1576.94662396,1585.88488714,
2026-06-11 21:17:00,1781212620,1585.88488714,1596.75715576,1577.88622149,1580.64464231,
2026-06-11 21:18:00,1781212680,1580.64464231,1590.34914752,1574.87808268,1584.3954468,
2026-06-11 21:19:00,1781212740,1584.3954468,1592.40146528,1579.71409038,1585.12314584,
2026-06-11 21:20:00,1781212800,1585.12314584,1592.91370246,1575.73252848,1581.17775826,
2026-06-11 21:21:00,1781212860,1581.17775826,1586.24531595,1566.85609698,1585.0196414,
2026-06-11 21:22:00,1781212920,1585.0196414,1601.82523658,1584.65072552,1601.13134473,
2026-06-11 21:23:00,1781212980,1601.13134473,1617.1403373,1601.070278,1606.89416556,
2026-06-11 21:24:00,1781213040,1606.89416556,1606.89416556,1576.88741444,1582.64122033,
2026-06-11 21:25:00,1781213100,1582.64122033,1582.64122033,1549.04897442,1560.18012409,
2026-06-11 21:26:00,1781213160,1560.18012409,1560.18012409,1530.49603219,1531.09880613,
2026-06-11 21:27:00,1781213220,1531.09880613,1538.00468113,1526.78921952,1537.2587147,
2026-06-11 21:28:00,1781213280,1537.2587147,1538.7142409,1518.44864581,1529.52792894,
2026-06-11 21:29:00,1781213340,1529.52792894,1551.01595796,1529.22329618,1550.63322855,
2026-06-11 21:30:00,1781213400,1550.63322855,1563.50991751,1550.47889613,1563.50369692,
2026-06-11 21:31:00,1781213460,1563.50369692,1568.65402461,1558.54629645,1565.11439012,
2026-06-11 21:32:00,1781213520,1565.11439012,1576.7399974,1559.30797579,1576.6591684,
2026-06-11 21:33:00,1781213580,1576.6591684,1577.09359204,1571.54049055,1574.11070824,
2026-06-11 21:34:00,1781213640,1574.11070824,1574.11070824,1553.26867008,1556.92710235,
2026-06-11 21:35:00,1781213700,1556.92710235,1557.5297961,1533.91004733,1540.93793072,
2026-06-11 21:36:00,1781213760,1540.93793072,1552.18751123,1540.71015518,1550.35739531,
2026-06-11 21:37:00,1781213820,1550.35739531,1550.95149104,1541.41051583,1541.71438365,
2026-06-11 21:38:00,1781213880,1541.71438365,1579.67398096,1541.63631578,1577.35704766,
2026-06-11 21:39:00,1781213940,1577.35704766,1583.62343735,1565.83503306,1583.35863347,
2026-06-11 21:40:00,1781214000,1583.35863347,1595.37447474,1549.93150658,1553.30829995,
2026-06-11 21:41:00,1781214060,1553.30829995,1564.22779003,1547.13627135,1563.72603956,
2026-06-11 21:42:00,1781214120,1563.72603956,1585.11262895,1563.70505893,1580.45629779,
2026-06-11 21:43:00,1781214180,1580.45629779,1581.53808478,1555.66367064,1557.4428182,
2026-06-11 21:44:00,1781214240,1557.4428182,1589.40330802,1555.68508673,1588.41696981,
2026-06-11 21:45:00,1781214300,1588.41696981,1606.62822224,1578.632027,1587.75988312,
2026-06-11 21:46:00,1781214360,1587.75988312,1611.76035812,1584.48452924,1598.11557019,
2026-06-11 21:47:00,1781214420,1598.11557019,1615.66100839,1586.70167287,1602.14248263,
2026-06-11 21:48:00,1781214480,1602.14248263,1620.5811165,1597.7447415,1617.87413515,
2026-06-11 21:49:00,1781214540,1617.87413515,1624.34225507,1599.75903861,1601.36293339,
2026-06-11 21:50:00,1781214600,1601.36293339,1602.36065314,1583.66923156,1583.74605494,
2026-06-11 21:51:00,1781214660,1583.74605494,1599.95812081,1577.09860244,1599.67870843,
2026-06-11 21:52:00,1781214720,1599.67870843,1615.68204582,1590.73167456,1601.36925951,
2026-06-11 21:53:00,1781214780,1601.36925951,1605.00062625,1593.01262423,1593.01262423,
2026-06-11 21:54:00,1781214840,1593.01262423,1596.08831161,1564.36571594,1575.83758574,
2026-06-11 21:55:00,1781214900,1575.83758574,1575.91430561,1543.79182196,1544.13922953,
2026-06-11 21:56:00,1781214960,1544.13922953,1550.34204861,1529.48277883,1534.98983688,
2026-06-11 21:57:00,1781215020,1534.98983688,1540.84979893,1525.02438604,1540.73657378,
2026-06-11 21:58:00,1781215080,1540.73657378,1563.80877397,1540.73657378,1563.62967911,
2026-06-11 21:59:00,1781215140,1563.62967911,1575.39940354,1535.88451109,1575.00040479,
2026-06-11 22:00:00,1781215200,1575.00040479,1607.58276328,1559.48203001,1605.99613074,
2026-06-11 22:01:00,1781215260,1605.99613074,1619.29827778,1587.03074977,1619.29827778,
2026-06-11 22:02:00,1781215320,1619.29827778,1631.75680368,1584.26215899,1610.8671257,
2026-06-11 22:03:00,1781215380,1610.8671257,1632.88497215,1610.8671257,1632.14343186,
2026-06-11 22:04:00,1781215440,1632.14343186,1676.27882054,1616.29714001,1620.98732577,
2026-06-11 22:05:00,1781215500,1620.98732577,1654.95989563,1615.21945133,1632.47936641,
2026-06-11 22:06:00,1781215560,1632.47936641,1662.49522429,1615.86576017,1641.19981898,
2026-06-11 22:07:00,1781215620,1641.19981898,1690.00696273,1641.19981898,1676.28353752,
2026-06-11 22:08:00,1781215680,1676.28353752,1682.20220662,1653.10566399,1667.33909604,
2026-06-11 22:09:00,1781215740,1667.33909604,1694.14738546,1667.33909604,1671.91901005,
2026-06-11 22:10:00,1781215800,1671.91901005,1671.91901005,1644.08145942,1666.61465942,
2026-06-11 22:11:00,1781215860,1666.61465942,1685.2229057,1646.59849807,1648.32242991,
2026-06-11 22:12:00,1781215920,1648.32242991,1651.91811366,1622.94267984,1630.20790964,
2026-06-11 22:13:00,1781215980,1630.20790964,1658.44926125,1627.5681362,1652.55330159,
2026-06-11 22:14:00,1781216040,1652.55330159,1668.90371406,1650.17353261,1659.73165439,
2026-06-11 22:15:00,1781216100,1659.73165439,1668.54820435,1633.84436441,1646.36324784,
2026-06-11 22:16:00,1781216160,1646.36324784,1694.2211084,1639.68682745,1664.97165218,
2026-06-11 22:17:00,1781216220,1664.97165218,1696.20613469,1660.00365194,1670.67876497,
2026-06-11 22:18:00,1781216280,1670.67876497,1674.46638815,1656.59147647,1665.30068758,
2026-06-11 22:19:00,1781216340,1665.30068758,1671.38106652,1655.55901465,1664.71960979,
2026-06-11 22:20:00,1781216400,1664.71960979,1667.21700262,1645.76091107,1654.36890944,
2026-06-11 22:21:00,1781216460,1654.36890944,1654.36890944,1638.39269698,1639.84428742,
2026-06-11 22:22:00,1781216520,1639.84428742,1639.84428742,1602.59849866,1604.13945263,
2026-06-11 22:23:00,1781216580,1604.13945263,1618.4152977,1592.76164551,1607.96154346,
2026-06-11 22:24:00,1781216640,1607.96154346,1617.50622294,1594.6824402,1595.61028826,
2026-06-11 22:25:00,1781216700,1595.61028826,1603.98256851,1578.56304432,1598.39005795,
2026-06-11 22:26:00,1781216760,1598.39005795,1603.69274794,1589.03272369,1594.56842557,
2026-06-11 22:27:00,1781216820,1594.56842557,1603.41859028,1590.64268375,1596.79724343,
2026-06-11 22:28:00,1781216880,1596.79724343,1612.95486678,1583.50521057,1607.36511483,
2026-06-11 22:29:00,1781216940,1607.36511483,1633.33479726,1607.36511483,1624.59085686,
2026-06-11 22:30:00,1781217000,1624.59085686,1639.32547167,1612.73856512,1636.67004881,
2026-06-11 22:31:00,1781217060,1636.67004881,1667.14715208,1628.52257962,1628.99322287,
2026-06-11 22:32:00,1781217120,1628.99322287,1629.61884971,1602.83644687,1603.76906261,
2026-06-11 22:33:00,1781217180,1603.76906261,1620.48856455,1594.19810369,1606.92906658,
2026-06-11 22:34:00,1781217240,1606.92906658,1618.58795321,1571.63633658,1571.63633658,
2026-06-11 22:35:00,1781217300,1571.63633658,1599.44610025,1549.27708755,1599.44610025,
2026-06-11 22:36:00,1781217360,1599.44610025,1615.72270161,1597.55927886,1610.48214085,
2026-06-11 22:37:00,1781217420,1610.48214085,1610.55829498,1592.69191837,1593.54577216,
2026-06-11 22:38:00,1781217480,1593.54577216,1593.7772142,1564.16572573,1568.34598111,
2026-06-11 22:39:00,1781217540,1568.34598111,1582.27355339,1553.29218577,1579.16180648,
2026-06-11 22:40:00,1781217600,1579.16180648,1599.14995473,1569.46286231,1579.07753163,
2026-06-11 22:41:00,1781217660,1579.07753163,1579.69627742,1557.56245867,1560.88231187,
2026-06-11 22:42:00,1781217720,1560.88231187,1563.89151764,1550.35784818,1550.35784818,
2026-06-11 22:43:00,1781217780,1550.35784818,1561.50952706,1545.03589117,1560.8420922,
2026-06-11 22:44:00,1781217840,1560.8420922,1560.99654995,1549.28059997,1551.79938685,
2026-06-11 22:45:00,1781217900,1551.79938685,1572.05159193,1548.63456914,1560.8358016,
2026-06-11 22:46:00,1781217960,1560.8358016,1561.29314225,1528.42743489,1532.49348698,
2026-06-11 22:47:00,1781218020,1532.49348698,1533.92237545,1522.29467434,1522.29767878,
2026-06-11 22:48:00,1781218080,1522.29767878,1532.66909062,1516.05398479,1528.73005975,
2026-06-11 22:49:00,1781218140,1528.73005975,1575.49838093,1528.18553068,1552.59650035,
2026-06-11 22:50:00,1781218200,1552.59650035,1579.3021612,1550.74100182,1576.66563923,
2026-06-11 22:51:00,1781218260,1576.66563923,1583.02635987,1563.46578629,1564.81638968,
2026-06-11 22:52:00,1781218320,1564.81638968,1578.52359217,1559.44813938,1577.6458458,
2026-06-11 22:53:00,1781218380,1577.6458458,1577.6458458,1559.06711753,1564.39020288,
2026-06-11 22:54:00,1781218440,1564.39020288,1585.11955565,1562.36951321,1584.7894001,
2026-06-11 22:55:00,1781218500,1584.7894001,1601.09444087,1576.93222784,1599.4471384,
2026-06-11 22:56:00,1781218560,1599.4471384,1616.16906878,1570.53773079,1570.53773079,
2026-06-11 22:57:00,1781218620,1570.53773079,1589.24063303,1570.53773079,1587.35041611,
2026-06-11 22:58:00,1781218680,1587.35041611,1587.35041611,1570.85597825,1581.15411655,
2026-06-11 22:59:00,1781218740,1581.15411655,1581.34635289,1542.96357967,1545.81907654,
2026-06-11 23:00:00,1781218800,1545.81907654,1546.2913174,1499.80036204,1500.81264439,
2026-06-11 23:01:00,1781218860,1500.81264439,1501.78495722,1484.15137917,1491.94827294,
2026-06-11 23:02:00,1781218920,1491.94827294,1514.13326146,1469.16328347,1500.75458693,
2026-06-11 23:03:00,1781218980,1500.75458693,1503.41192306,1442.27203366,1474.51617754,
2026-06-11 23:04:00,1781219040,1474.51617754,1496.37856675,1467.92429194,1487.2223561,
2026-06-11 23:05:00,1781219100,1487.2223561,1499.43540827,1478.74029083,1481.6327768,
2026-06-11 23:06:00,1781219160,1481.6327768,1483.70762392,1467.51628676,1472.80497825,
2026-06-11 23:07:00,1781219220,1472.80497825,1477.88002013,1461.40499129,1464.67477584,
2026-06-11 23:08:00,1781219280,1464.67477584,1466.22209004,1435.59069739,1445.30068462,
2026-06-11 23:09:00,1781219340,1445.30068462,1445.33124694,1433.57352385,1437.41545785,
2026-06-11 23:10:00,1781219400,1437.41545785,1456.74705099,1434.19589196,1449.02926615,
2026-06-11 23:11:00,1781219460,1449.02926615,1456.53442356,1441.88999661,1448.17592359,
2026-06-11 23:12:00,1781219520,1448.17592359,1484.57465974,1447.42285965,1482.82120883,
2026-06-11 23:13:00,1781219580,1482.82120883,1482.82120883,1452.67783798,1466.4200409,
2026-06-11 23:14:00,1781219640,1466.4200409,1478.59177069,1464.25500822,1468.64399689,
2026-06-11 23:15:00,1781219700,1468.64399689,1484.21801425,1455.48419655,1483.32910586,
2026-06-11 23:16:00,1781219760,1483.32910586,1494.99734805,1464.26374936,1484.69026777,
2026-06-11 23:17:00,1781219820,1484.69026777,1485.37401257,1456.63924739,1457.41373434,
2026-06-11 23:18:00,1781219880,1457.41373434,1467.64708213,1449.95543853,1464.03798804,
2026-06-11 23:19:00,1781219940,1464.03798804,1488.42521536,1460.76518132,1480.82737027,
2026-06-11 23:20:00,1781220000,1480.82737027,1482.34504298,1459.26345809,1462.83684435,
2026-06-11 23:21:00,1781220060,1462.83684435,1470.86073808,1460.3960805,1460.3960805,
2026-06-11 23:22:00,1781220120,1460.3960805,1490.93025054,1460.35743433,1486.96614826,
2026-06-11 23:23:00,1781220180,1486.96614826,1491.84794795,1477.81171551,1485.55716127,
2026-06-11 23:24:00,1781220240,1485.55716127,1485.70690522,1453.22967008,1460.8429007,
2026-06-11 23:25:00,1781220300,1460.8429007,1472.01876549,1451.87469059,1453.74752583,
2026-06-11 23:26:00,1781220360,1453.74752583,1479.57315206,1453.21873616,1471.77710723,
2026-06-11 23:27:00,1781220420,1471.77710723,1479.95997985,1444.19252493,1445.3425458,
2026-06-11 23:28:00,1781220480,1445.3425458,1446.06877186,1444.53101662,1445.11944456,
2026-06-11 23:29:00,1781220540,1445.11944456,1455.78713561,1442.87531148,1447.31598392,
2026-06-11 23:30:00,1781220600,1447.31598392,1472.8304383,1447.0085802,1463.09539827,
2026-06-11 23:31:00,1781220660,1463.09539827,1518.62055775,1456.44164954,1511.52748398,
2026-06-11 23:32:00,1781220720,1511.52748398,1536.77471733,1511.52748398,1526.64870257,
2026-06-11 23:33:00,1781220780,1526.64870257,1558.02866005,1507.72820177,1558.02663037,
2026-06-11 23:34:00,1781220840,1558.02663037,1558.25585089,1537.71474361,1555.30769492,
2026-06-11 23:35:00,1781220900,1555.30769492,1562.06824611,1532.36834889,1533.40217897,
2026-06-11 23:36:00,1781220960,1533.40217897,1552.54089478,1526.19474354,1537.12854407,
2026-06-11 23:37:00,1781221020,1537.12854407,1547.64096628,1528.37281048,1529.95744285,
2026-06-11 23:38:00,1781221080,1529.95744285,1541.61695273,1520.93726458,1540.37227785,
2026-06-11 23:39:00,1781221140,1540.37227785,1567.05313206,1532.81601475,1563.12756357,
2026-06-11 23:40:00,1781221200,1563.12756357,1688.71096555,1562.34326794,1674.40807377,
2026-06-11 23:41:00,1781221260,1674.40807377,1682.17617663,1666.05865379,1668.75507673,
2026-06-11 23:42:00,1781221320,1668.75507673,1670.45290593,1659.9616232,1669.14112403,
2026-06-11 23:43:00,1781221380,1669.14112403,1671.42401965,1636.20758512,1646.96487187,
2026-06-11 23:44:00,1781221440,1646.96487187,1647.05777787,1638.87634765,1642.2736064,
2026-06-11 23:45:00,1781221500,1642.2736064,1655.40082629,1641.54698356,1642.38739633,
2026-06-11 23:46:00,1781221560,1642.38739633,1661.41363986,1641.66346414,1649.93352548,
2026-06-11 23:47:00,1781221620,1649.93352548,1661.13951841,1620.75983192,1621.71432095,
2026-06-11 23:48:00,1781221680,1621.71432095,1630.15468816,1610.77461828,1618.99746809,
2026-06-11 23:49:00,1781221740,1618.99746809,1631.58969412,1613.63911861,1615.64226156,
2026-06-11 23:50:00,1781221800,1615.64226156,1616.12529695,1596.69525125,1603.76089094,
2026-06-11 23:51:00,1781221860,1603.76089094,1603.76089094,1570.0550833,1573.91778603,
2026-06-11 23:52:00,1781221920,1573.91778603,1574.01041288,1547.4202633,1572.01618959,
2026-06-11 23:53:00,1781221980,1572.01618959,1573.89637714,1549.34362821,1561.23335898,
2026-06-11 23:54:00,1781222040,1561.23335898,1639.67446674,1559.49115663,1632.25553651,
2026-06-11 23:55:00,1781222100,1632.25553651,1636.59684856,1622.81742965,1632.56734928,
2026-06-11 23:56:00,1781222160,1632.56734928,1632.77702924,1619.91801268,1629.0030123,
2026-06-11 23:57:00,1781222220,1629.0030123,1640.905943,1608.55890148,1633.1855567,
2026-06-11 23:58:00,1781222280,1633.1855567,1639.93151644,1613.15716004,1623.55317998,
2026-06-11 23:59:00,1781222340,1623.55317998,1635.06087464,1606.55547563,1635.06087464,
2026-06-12 00:00:00,1781222400,1635.06087464,1635.24298891,1579.85811531,1620.33277558,
2026-06-12 00:01:00,1781222460,1620.33277558,1631.95239131,1608.73647851,1615.57224825,
2026-06-12 00:02:00,1781222520,1615.57224825,1622.6740128,1589.13145724,1595.65209837,
2026-06-12 00:03:00,1781222580,1595.65209837,1595.65209837,1561.12867936,1568.95993373,
2026-06-12 00:04:00,1781222640,1568.95993373,1598.56260043,1568.2881108,1595.13503965,
2026-06-12 00:05:00,1781222700,1595.13503965,1621.71227586,1592.46125392,1604.31500843,
2026-06-12 00:06:00,1781222760,1604.31500843,1633.71517781,1596.30271918,1621.83076832,
2026-06-12 00:07:00,1781222820,1621.83076832,1759.94484045,1621.8288551,1743.89134431,
2026-06-12 00:08:00,1781222880,1743.89134431,1760.41788674,1716.25472983,1728.28631169,
2026-06-12 00:09:00,1781222940,1728.28631169,1728.28631169,1698.52006097,1706.70341037,
2026-06-12 00:10:00,1781223000,1706.70341037,1725.60391072,1702.57125723,1703.70830567,
2026-06-12 00:11:00,1781223060,1703.70830567,1724.56158385,1680.23918515,1689.00118531,
2026-06-12 00:12:00,1781223120,1689.00118531,1695.2130698,1678.08375315,1685.84287778,
2026-06-12 00:13:00,1781223180,1685.84287778,1702.43392529,1672.09132362,1699.82791622,
2026-06-12 00:14:00,1781223240,1699.82791622,1723.21834471,1698.46106846,1720.76820891,
2026-06-12 00:15:00,1781223300,1720.76820891,1720.76820891,1643.70066881,1655.36811095,
2026-06-12 00:16:00,1781223360,1655.36811095,1672.65742192,1618.6687473,1626.21121353,
2026-06-12 00:17:00,1781223420,1626.21121353,1637.83622854,1617.76885056,1627.03077528,
2026-06-12 00:18:00,1781223480,1627.03077528,1648.65721793,1627.03077528,1642.648041,
2026-06-12 00:19:00,1781223540,1642.648041,1662.42876294,1641.68081658,1645.82844154,
2026-06-12 00:20:00,1781223600,1645.82844154,1645.82844154,1629.74951791,1639.57685305,
2026-06-12 00:21:00,1781223660,1639.57685305,1670.28840001,1632.26362311,1646.11571505,
2026-06-12 00:22:00,1781223720,1646.11571505,1659.70610658,1608.04288254,1622.0265977,
2026-06-12 00:23:00,1781223780,1622.0265977,1622.0265977,1603.78417937,1607.91129652,
2026-06-12 00:24:00,1781223840,1607.91129652,1613.16201965,1586.91708726,1589.22008397,
2026-06-12 00:25:00,1781223900,1589.22008397,1616.43345538,1588.66407218,1615.28221779,
2026-06-12 00:26:00,1781223960,1615.28221779,1615.51770574,1561.90415624,1561.90415624,
2026-06-12 00:27:00,1781224020,1561.90415624,1590.94727624,1540.69923212,1580.37121815,
2026-06-12 00:28:00,1781224080,1580.37121815,1607.68889524,1579.57426604,1604.49084653,
2026-06-12 00:29:00,1781224140,1604.49084653,1632.77230322,1603.69216712,1616.0501121,
2026-06-12 00:30:00,1781224200,1616.0501121,1630.51731329,1602.55317278,1620.61628029,
2026-06-12 00:31:00,1781224260,1620.61628029,1620.61628029,1575.4496351,1596.18278566,
2026-06-12 00:32:00,1781224320,1596.18278566,1628.90098937,1592.76051394,1625.47904359,
2026-06-12 00:33:00,1781224380,1625.47904359,1655.61965881,1624.83205764,1651.90866778,
2026-06-12 00:34:00,1781224440,1651.90866778,1669.8512516,1606.86841397,1626.03847348,
2026-06-12 00:35:00,1781224500,1626.03847348,1657.42340949,1617.70826961,1655.71426064,
2026-06-12 00:36:00,1781224560,1655.71426064,1668.49689517,1635.75458068,1656.68560075,
2026-06-12 00:37:00,1781224620,1656.68560075,1675.11547174,1656.19927232,1668.30714647,
2026-06-12 00:38:00,1781224680,1668.30714647,1720.64375114,1668.30529431,1694.67180378,
2026-06-12 00:39:00,1781224740,1694.67180378,1694.99048436,1655.08077292,1655.95714821,
2026-06-12 00:40:00,1781224800,1655.95714821,1673.32315113,1639.59873158,1665.79895072,
2026-06-12 00:41:00,1781224860,1665.79895072,1679.86528583,1650.65144211,1664.57107366,
2026-06-12 00:42:00,1781224920,1664.57107366,1687.58934305,1662.31790276,1669.34752714,
2026-06-12 00:43:00,1781224980,1669.34752714,1674.64486148,1642.1891147,1643.4944699,
2026-06-12 00:44:00,1781225040,1643.4944699,1650.80586906,1632.57890861,1646.0858396,
2026-06-12 00:45:00,1781225100,1646.0858396,1673.40157922,1636.23742306,1671.6706877,
2026-06-12 00:46:00,1781225160,1671.6706877,1675.27031844,1654.66196764,1661.91504381,
2026-06-12 00:47:00,1781225220,1661.91504381,1670.27780667,1654.29470846,1664.98064672,
2026-06-12 00:48:00,1781225280,1664.98064672,1673.44368527,1660.98414534,1662.75928047,
2026-06-12 00:49:00,1781225340,1662.75928047,1674.68232968,1659.87035931,1666.37426724,
2026-06-12 00:50:00,1781225400,1666.37426724,1666.45343023,1645.52569892,1652.48910344,
2026-06-12 00:51:00,1781225460,1652.48910344,1697.80662399,1652.40832275,1686.8084442,
2026-06-12 00:52:00,1781225520,1686.8084442,1688.17403002,1671.07250077,1680.55730166,
2026-06-12 00:53:00,1781225580,1680.55730166,1689.30598254,1675.00214266,1685.36819601,
2026-06-12 00:54:00,1781225640,1685.36819601,1699.12448835,1680.35051446,1688.56800993,
2026-06-12 00:55:00,1781225700,1688.56800993,1695.91632333,1679.51603718,1687.77697317,
2026-06-12 00:56:00,1781225760,1687.77697317,1706.58785856,1683.29386106,1691.00136785,
2026-06-12 00:57:00,1781225820,1691.00136785,1691.40790063,1653.69915288,1661.52785306,
2026-06-12 00:58:00,1781225880,1661.52785306,1666.21091063,1624.6530164,1626.04718179,
2026-06-12 00:59:00,1781225940,1626.04718179,1640.50080844,1620.34092799,1632.0926589,
2026-06-12 01:00:00,1781226000,1632.0926589,1637.73356615,1558.11966393,1560.95413848,
2026-06-12 01:01:00,1781226060,1560.95413848,1565.54409501,1527.76792613,1527.92267669,
2026-06-12 01:02:00,1781226120,1527.92267669,1539.78597716,1492.41904267,1495.99241567,
2026-06-12 01:03:00,1781226180,1495.99241567,1544.62354206,1493.07425745,1528.47283921,
2026-06-12 01:04:00,1781226240,1528.47283921,1532.80917826,1508.94475663,1523.05878261,
2026-06-12 01:05:00,1781226300,1523.05878261,1530.07923042,1496.80472091,1497.25054681,
2026-06-12 01:06:00,1781226360,1497.25054681,1539.9781774,1497.17059682,1522.48515764,
2026-06-12 01:07:00,1781226420,1522.48515764,1537.97911542,1516.483674,1523.69155882,
2026-06-12 01:08:00,1781226480,1523.69155882,1526.38485098,1511.13839769,1515.79062716,
2026-06-12 01:09:00,1781226540,1515.79062716,1556.88168549,1514.7702204,1522.03565522,
2026-06-12 01:10:00,1781226600,1522.03565522,1536.63612366,1513.73742054,1522.19068613,
2026-06-12 01:11:00,1781226660,1522.19068613,1536.59346901,1498.93076491,1504.48664794,
2026-06-12 01:12:00,1781226720,1504.48664794,1509.92874084,1496.43872634,1506.2923311,
2026-06-12 01:13:00,1781226780,1506.2923311,1508.27809117,1489.46195934,1504.39999555,
2026-06-12 01:14:00,1781226840,1504.39999555,1516.74722922,1488.39556005,1502.81506017,
2026-06-12 01:15:00,1781226900,1502.81506017,1507.39855583,1484.93750367,1487.38157027,
2026-06-12 01:16:00,1781226960,1487.38157027,1544.40192702,1484.09002693,1542.55522117,
2026-06-12 01:17:00,1781227020,1542.55522117,1542.55522117,1480.45862767,1500.18508865,
2026-06-12 01:18:00,1781227080,1500.18508865,1510.42486589,1484.38540458,1484.38540458,
2026-06-12 01:19:00,1781227140,1484.38540458,1484.6191006,1457.29310202,1457.94980238,
2026-06-12 01:20:00,1781227200,1457.94980238,1462.54425724,1438.69787368,1449.76720064,
2026-06-12 01:21:00,1781227260,1449.76720064,1471.57404939,1442.84836747,1466.7916549,
2026-06-12 01:22:00,1781227320,1466.7916549,1466.7916549,1432.65612068,1432.80756526,
2026-06-12 01:23:00,1781227380,1432.80756526,1449.98836733,1423.78133247,1425.37751248,
2026-06-12 01:24:00,1781227440,1425.37751248,1438.71847258,1424.47083383,1424.47083383,
2026-06-12 01:25:00,1781227500,1424.47083383,1441.40446178,1417.24726993,1427.41955255,
2026-06-12 01:26:00,1781227560,1427.41955255,1427.41955255,1383.19486508,1393.0499881,
2026-06-12 01:27:00,1781227620,1393.0499881,1393.0499881,1353.81451791,1384.60263166,
2026-06-12 01:28:00,1781227680,1384.60263166,1400.51330373,1351.88664071,1392.86240562,
2026-06-12 01:29:00,1781227740,1392.86240562,1407.24799065,1390.27710019,1396.79430738,
2026-06-12 01:30:00,1781227800,1396.79430738,1432.96139223,1393.21548393,1432.37730177,
2026-06-12 01:31:00,1781227860,1432.37730177,1433.06524105,1397.48504685,1408.92898424,
2026-06-12 01:32:00,1781227920,1408.92898424,1441.91031013,1408.02215034,1431.82386162,
2026-06-12 01:33:00,1781227980,1431.82386162,1446.30799904,1417.07803594,1429.07495067,
2026-06-12 01:34:00,1781228040,1429.07495067,1437.88383911,1401.51306367,1402.19424123,
2026-06-12 01:35:00,1781228100,1402.19424123,1409.33425384,1365.76884191,1373.04897463,
2026-06-12 01:36:00,1781228160,1373.04897463,1384.07635507,1362.88668853,1363.93041293,
2026-06-12 01:37:00,1781228220,1363.93041293,1386.84131361,1363.93041293,1385.405494,
2026-06-12 01:38:00,1781228280,1385.405494,1395.34260032,1380.66859264,1393.66824441,
2026-06-12 01:39:00,1781228340,1393.66824441,1413.41259028,1376.03953463,1408.85959373,
2026-06-12 01:40:00,1781228400,1408.85959373,1409.87886255,1385.92571667,1389.48560556,
2026-06-12 01:41:00,1781228460,1389.48560556,1405.90882675,1388.36004551,1395.2580468,
2026-06-12 01:42:00,1781228520,1395.2580468,1422.23732855,1394.89295879,1422.23732855,
2026-06-12 01:43:00,1781228580,1422.23732855,1449.10620122,1421.77031971,1437.28094743,
2026-06-12 01:44:00,1781228640,1437.28094743,1445.59787408,1405.94489239,1406.61150458,
2026-06-12 01:45:00,1781228700,1406.61150458,1466.67639696,1406.36054818,1438.7506536,
2026-06-12 01:46:00,1781228760,1438.7506536,1462.53892842,1434.71003057,1447.90889943,
2026-06-12 01:47:00,1781228820,1447.90889943,1467.06825256,1439.60622463,1443.27552495,
2026-06-12 01:48:00,1781228880,1443.27552495,1470.85117715,1435.3849127,1463.78173513,
2026-06-12 01:49:00,1781228940,1463.78173513,1482.61453239,1458.30819226,1473.30472967,
2026-06-12 01:50:00,1781229000,1473.30472967,1473.53510072,1444.31161639,1451.36426064,
2026-06-12 01:51:00,1781229060,1451.36426064,1475.07163657,1441.8559089,1463.12196035,
2026-06-12 01:52:00,1781229120,1463.12196035,1465.8461563,1451.29879308,1458.36713705,
2026-06-12 01:53:00,1781229180,1458.36713705,1458.90448305,1448.92531131,1457.65302667,
2026-06-12 01:54:00,1781229240,1457.65302667,1486.07489995,1447.87488355,1482.55986869,
2026-06-12 01:55:00,1781229300,1482.55986869,1482.55986869,1438.28372787,1447.92715774,
2026-06-12 01:56:00,1781229360,1447.92715774,1453.54177495,1428.92128831,1429.84075054,
2026-06-12 01:57:00,1781229420,1429.84075054,1437.98496142,1420.05332355,1433.51552113,
2026-06-12 01:58:00,1781229480,1433.51552113,1449.86313986,1433.51552113,1449.32108207,
2026-06-12 01:59:00,1781229540,1449.32108207,1459.08604872,1443.63619938,1456.76679156,
2026-06-12 02:00:00,1781229600,1456.76679156,1475.8856147,1456.68742171,1463.29129659,
2026-06-12 02:01:00,1781229660,1463.29129659,1488.80854479,1461.8325808,1488.04495232,
2026-06-12 02:02:00,1781229720,1488.04495232,1510.40785406,1476.97893719,1510.32736149,
2026-06-12 02:03:00,1781229780,1510.32736149,1510.71564625,1487.20962315,1487.52163605,
2026-06-12 02:04:00,1781229840,1487.52163605,1500.4831404,1483.70182342,1490.50217593,
2026-06-12 02:05:00,1781229900,1490.50217593,1509.95197826,1486.42842723,1509.94995389,
2026-06-12 02:06:00,1781229960,1509.94995389,1522.99946127,1508.4353578,1522.52667244,
2026-06-12 02:07:00,1781230020,1522.52667244,1551.58460887,1516.71349318,1545.44704671,
2026-06-12 02:08:00,1781230080,1545.44704671,1545.44704671,1524.0185212,1534.05376901,
2026-06-12 02:09:00,1781230140,1534.05376901,1640.9096984,1528.83574475,1634.0692964,
2026-06-12 02:10:00,1781230200,1634.0692964,1743.31549538,1633.4184794,1687.75519,
2026-06-12 02:11:00,1781230260,1687.75519,1695.23708851,1657.97353006,1670.94196484,
2026-06-12 02:12:00,1781230320,1670.94196484,1678.34391156,1653.15728448,1669.37083947,
2026-06-12 02:13:00,1781230380,1669.37083947,1697.88596284,1645.83849797,1656.9121925,
2026-06-12 02:14:00,1781230440,1656.9121925,1657.00377771,1642.68704661,1650.83993462,
2026-06-12 02:15:00,1781230500,1650.83993462,1674.74270903,1643.63754841,1644.28465935,
2026-06-12 02:16:00,1781230560,1644.28465935,1650.24113978,1614.55060197,1629.68262732,
2026-06-12 02:17:00,1781230620,1629.68262732,1631.69398188,1605.96157267,1609.15592705,
2026-06-12 02:18:00,1781230680,1609.15592705,1609.23416815,1586.69897056,1596.62238768,
2026-06-12 02:19:00,1781230740,1596.62238768,1629.96904022,1595.25906442,1626.51284701,
2026-06-12 02:20:00,1781230800,1626.51284701,1630.46358804,1603.38309317,1622.54699229,
2026-06-12 02:21:00,1781230860,1622.54699229,1622.96056992,1599.90961298,1609.44776661,
2026-06-12 02:22:00,1781230920,1609.44776661,1644.96960239,1609.44580186,1618.99733578,
2026-06-12 02:23:00,1781230980,1618.99733578,1638.94904451,1612.59816466,1624.32318544,
2026-06-12 02:24:00,1781231040,1624.32318544,1656.47320391,1623.94458197,1629.8405242,
2026-06-12 02:25:00,1781231100,1629.8405242,1629.8405242,1590.50192566,1596.30257297,
2026-06-12 02:26:00,1781231160,1596.30257297,1602.16893212,1576.71857909,1577.75734916,
2026-06-12 02:27:00,1781231220,1577.75734916,1578.54938488,1561.40184833,1569.74685887,
2026-06-12 02:28:00,1781231280,1569.74685887,1571.96872327,1540.26285082,1553.9423854,
2026-06-12 02:29:00,1781231340,1553.9423854,1560.51946631,1543.55861795,1559.89543218,
2026-06-12 02:30:00,1781231400,1559.89543218,1588.82760333,1554.0117295,1583.62498881,
2026-06-12 02:31:00,1781231460,1583.62498881,1598.43695246,1575.38510387,1578.11438369,
2026-06-12 02:32:00,1781231520,1578.11438369,1587.94547847,1572.96678727,1582.79978728,
2026-06-12 02:33:00,1781231580,1582.79978728,1595.51823873,1548.21477328,1551.37736474,
2026-06-12 02:34:00,1781231640,1551.37736474,1552.50203903,1511.30279628,1523.77331152,
2026-06-12 02:35:00,1781231700,1523.77331152,1543.54327568,1520.99700614,1526.29695624,
2026-06-12 02:36:00,1781231760,1526.29695624,1572.51133071,1520.09526794,1572.51133071,
2026-06-12 02:37:00,1781231820,1572.51133071,1596.63108222,1569.6369752,1591.92272595,
2026-06-12 02:38:00,1781231880,1591.92272595,1609.88768738,1578.51500536,1586.48571861,
2026-06-12 02:39:00,1781231940,1586.48571861,1602.8299196,1571.05463104,1602.26682712,
2026-06-12 02:40:00,1781232000,1602.26682712,1630.07904766,1584.10534838,1596.63510054,
2026-06-12 02:41:00,1781232060,1596.63510054,1601.14514699,1580.73999878,1581.97801979,
2026-06-12 02:42:00,1781232120,1581.97801979,1587.40289545,1574.34680253,1583.85892,
2026-06-12 02:43:00,1781232180,1583.85892,1589.35410424,1580.44375806,1588.29047234,
2026-06-12 02:44:00,1781232240,1588.29047234,1624.18807262,1588.18922096,1622.32471341,
2026-06-12 02:45:00,1781232300,1622.32471341,1623.12380762,1590.84112991,1592.68144792,
2026-06-12 02:46:00,1781232360,1592.68144792,1595.41397923,1585.4579186,1593.69453812,
2026-06-12 02:47:00,1781232420,1593.69453812,1617.68851823,1593.20749413,1604.39737149,
2026-06-12 02:48:00,1781232480,1604.39737149,1611.45566461,1580.35567097,1592.21967274,
2026-06-12 02:49:00,1781232540,1592.21967274,1605.02020907,1585.60369177,1603.86509707,
2026-06-12 02:50:00,1781232600,1603.86509707,1607.45204021,1582.91758889,1592.75433989,
2026-06-12 02:51:00,1781232660,1592.75433989,1609.43603876,1575.33571797,1583.74788987,
2026-06-12 02:52:00,1781232720,1583.74788987,1594.12022139,1581.6098377,1594.12022139,
2026-06-12 02:53:00,1781232780,1594.12022139,1594.64836613,1578.12989415,1583.23683053,
2026-06-12 02:54:00,1781232840,1583.23683053,1593.78813667,1582.61586276,1587.24521128,
2026-06-12 02:55:00,1781232900,1587.24521128,1587.40420021,1575.80056664,1579.23561327,
2026-06-12 02:56:00,1781232960,1579.23561327,1581.03041598,1575.72582453,1576.21091218,
2026-06-12 02:57:00,1781233020,1576.21091218,1576.9409755,1563.0595341,1567.70152107,
2026-06-12 02:58:00,1781233080,1567.70152107,1573.17205477,1543.39717899,1572.68635776,
2026-06-12 02:59:00,1781233140,1572.68635776,1610.08881224,1572.30079504,1598.34822771,
2026-06-12 03:00:00,1781233200,1598.34822771,1611.92115902,1596.57326872,1607.59169929,
2026-06-12 03:01:00,1781233260,1607.59169929,1625.08707601,1586.09513153,1590.89831467,
2026-06-12 03:02:00,1781233320,1590.89831467,1596.26050526,1570.40984379,1571.35965657,
2026-06-12 03:03:00,1781233380,1571.35965657,1591.31052429,1564.89690075,1567.9151734,
2026-06-12 03:04:00,1781233440,1567.9151734,1583.56287654,1561.61781976,1562.42223822,
2026-06-12 03:05:00,1781233500,1562.42223822,1562.42223822,1543.22387846,1546.35257709,
2026-06-12 03:06:00,1781233560,1546.35257709,1564.79511684,1546.35257709,1559.12202196,
2026-06-12 03:07:00,1781233620,1559.12202196,1577.75046978,1553.5948571,1556.9376794,
2026-06-12 03:08:00,1781233680,1556.9376794,1559.24502915,1539.60851742,1547.93901796,
2026-06-12 03:09:00,1781233740,1547.93901796,1574.94958068,1540.6898754,1570.73562607,
2026-06-12 03:10:00,1781233800,1570.73562607,1570.73562607,1548.34738733,1548.96897506,
2026-06-12 03:11:00,1781233860,1548.96897506,1560.24950993,1541.52705864,1550.42895323,
2026-06-12 03:12:00,1781233920,1550.42895323,1554.92552496,1525.84675449,1539.68930427,
2026-06-12 03:13:00,1781233980,1539.68930427,1539.68930427,1503.76970714,1508.44887815,
2026-06-12 03:14:00,1781234040,1508.44887815,1519.43517163,1504.29543384,1515.82273223,
2026-06-12 03:15:00,1781234100,1515.82273223,1516.69897486,1495.23682615,1501.06977669,
2026-06-12 03:16:00,1781234160,1501.06977669,1508.35250687,1485.40291839,1502.1445417,
2026-06-12 03:17:00,1781234220,1502.1445417,1506.94923709,1486.22997534,1492.34255888,
2026-06-12 03:18:00,1781234280,1492.34255888,1495.83298744,1482.31445729,1492.0811736,
2026-06-12 03:19:00,1781234340,1492.0811736,1492.0811736,1475.15842655,1477.93810596,
2026-06-12 03:20:00,1781234400,1477.93810596,1480.16584664,1448.21706507,1455.52683396,
2026-06-12 03:21:00,1781234460,1455.52683396,1469.28839027,1433.62782497,1437.18250125,
2026-06-12 03:22:00,1781234520,1437.18250125,1455.51349235,1422.10023352,1422.17843242,
2026-06-12 03:23:00,1781234580,1422.17843242,1423.30356039,1407.04093033,1418.94270093,
2026-06-12 03:24:00,1781234640,1418.94270093,1433.44594303,1412.80677472,1424.2710181,
2026-06-12 03:25:00,1781234700,1424.2710181,1424.2710181,1369.73081945,1396.68791813,
2026-06-12 03:26:00,1781234760,1396.68791813,1422.69616437,1396.45266527,1419.42952911,
2026-06-12 03:27:00,1781234820,1419.42952911,1425.37024031,1402.33396151,1409.82856629,
2026-06-12 03:28:00,1781234880,1409.82856629,1444.98067729,1409.82856629,1444.7417515,
2026-06-12 03:29:00,1781234940,1444.7417515,1444.7417515,1430.5956071,1432.87836733,
2026-06-12 03:30:00,1781235000,1432.87836733,1464.25142078,1431.90597306,1438.1886914,
2026-06-12 03:31:00,1781235060,1438.1886914,1493.56302945,1437.85317341,1468.67743779,
2026-06-12 03:32:00,1781235120,1468.67743779,1468.67743779,1432.68896701,1458.04176561,
2026-06-12 03:33:00,1781235180,1458.04176561,1469.53410225,1450.6067794,1459.94115696,
2026-06-12 03:34:00,1781235240,1459.94115696,1493.81540583,1450.25527167,1492.60915095,
2026-06-12 03:35:00,1781235300,1492.60915095,1509.52577646,1464.77569375,1474.09442513,
2026-06-12 03:36:00,1781235360,1474.09442513,1478.07127096,1455.700641,1459.7882184,
2026-06-12 03:37:00,1781235420,1459.7882184,1482.40096074,1459.7882184,1479.45743214,
2026-06-12 03:38:00,1781235480,1479.45743214,1479.53719146,1460.2146829,1469.79480922,
2026-06-12 03:39:00,1781235540,1469.79480922,1470.11272814,1456.0157458,1456.25333212,
2026-06-12 03:40:00,1781235600,1456.25333212,1468.49007558,1449.93976215,1457.31082841,
2026-06-12 03:41:00,1781235660,1457.31082841,1476.40336621,1446.96398276,1459.37378983,
2026-06-12 03:42:00,1781235720,1459.37378983,1464.14405248,1437.04412402,1450.19516102,
2026-06-12 03:43:00,1781235780,1450.19516102,1455.3827293,1443.71344105,1447.88256935,
2026-06-12 03:44:00,1781235840,1447.88256935,1467.92255474,1447.24773904,1460.05447468,
2026-06-12 03:45:00,1781235900,1460.05447468,1471.89417559,1443.72175971,1453.17640765,
2026-06-12 03:46:00,1781235960,1453.17640765,1476.17013737,1449.88201057,1475.55170907,
2026-06-12 03:47:00,1781236020,1475.55170907,1487.20209353,1468.53953999,1476.97738305,
2026-06-12 03:48:00,1781236080,1476.97738305,1504.28807739,1467.38514003,1483.49973299,
2026-06-12 03:49:00,1781236140,1483.49973299,1493.07531538,1450.87165587,1455.26562338,
2026-06-12 03:50:00,1781236200,1455.26562338,1479.01891833,1455.26562338,1465.58304716,
2026-06-12 03:51:00,1781236260,1465.58304716,1486.95063615,1465.58110169,1477.90720624,
2026-06-12 03:52:00,1781236320,1477.90720624,1495.68684709,1477.34584989,1482.90649119,
2026-06-12 03:53:00,1781236380,1482.90649119,1495.2402045,1479.34933591,1493.49223289,
2026-06-12 03:54:00,1781236440,1493.49223289,1502.29713166,1486.44104185,1490.06999826,
2026-06-12 03:55:00,1781236500,1490.06999826,1509.14193313,1489.743976,1498.53206981,
2026-06-12 03:56:00,1781236560,1498.53206981,1498.53206981,1487.5460519,1493.03145701,
2026-06-12 03:57:00,1781236620,1493.03145701,1508.44406581,1492.95134721,1500.10941823,
2026-06-12 03:58:00,1781236680,1500.10941823,1500.50694807,1488.33795441,1491.2583419,
2026-06-12 03:59:00,1781236740,1491.2583419,1505.41275083,1491.2544744,1500.52871777,
2026-06-12 04:00:00,1781236800,1500.52871777,1507.84081815,1493.67696145,1495.56275438,
2026-06-12 04:01:00,1781236860,1495.56275438,1496.11802033,1461.99149865,1485.61917795,
2026-06-12 04:02:00,1781236920,1485.61917795,1485.61917795,1465.93906077,1474.89585154,
2026-06-12 04:03:00,1781236980,1474.89585154,1501.93922394,1473.61717778,1488.94834214,
2026-06-12 04:04:00,1781237040,1488.94834214,1496.6703044,1466.25877493,1496.50781196,
2026-06-12 04:05:00,1781237100,1496.50781196,1496.93759792,1476.13796241,1478.52947201,
2026-06-12 04:06:00,1781237160,1478.52947201,1480.04365273,1440.70621693,1440.75422046,
2026-06-12 04:07:00,1781237220,1440.75422046,1441.70854567,1421.65890853,1440.66673691,
2026-06-12 04:08:00,1781237280,1440.66673691,1490.74243776,1440.66475054,1480.13303529,
2026-06-12 04:09:00,1781237340,1480.13303529,1483.35402776,1460.73059557,1466.94774623,
2026-06-12 04:10:00,1781237400,1466.94774623,1476.30630292,1465.40051092,1473.64068214,
2026-06-12 04:11:00,1781237460,1473.64068214,1531.80074475,1473.63680457,1509.63893325,
2026-06-12 04:12:00,1781237520,1509.63893325,1513.83381513,1494.87834313,1504.55111347,
2026-06-12 04:13:00,1781237580,1504.55111347,1504.63162651,1456.75172501,1468.47658189,
2026-06-12 04:14:00,1781237640,1468.47658189,1488.3040085,1461.78324765,1478.22283116,
2026-06-12 04:15:00,1781237700,1478.22283116,1538.53062931,1478.22283116,1531.59194331,
2026-06-12 04:16:00,1781237760,1531.59194331,1642.31227009,1521.94630791,1636.92688141,
2026-06-12 04:17:00,1781237820,1636.92688141,1675.48661114,1604.82951791,1609.17797511,
2026-06-12 04:18:00,1781237880,1609.17797511,1639.37862797,1598.99514628,1613.40774388,
2026-06-12 04:19:00,1781237940,1613.40774388,1628.35013556,1609.77567711,1625.34562595,
2026-06-12 04:20:00,1781238000,1625.34562595,1625.50925722,1597.45123902,1613.17469242,
2026-06-12 04:21:00,1781238060,1613.17469242,1632.54694939,1612.32297427,1629.44767821,
2026-06-12 04:22:00,1781238120,1629.44767821,1661.23756176,1612.45347739,1658.62243082,
2026-06-12 04:23:00,1781238180,1658.62243082,1709.71112727,1655.1923125,1669.76393703,
2026-06-12 04:24:00,1781238240,1669.76393703,1691.91336839,1658.90361941,1680.67553302,
2026-06-12 04:25:00,1781238300,1680.67553302,1681.98785554,1667.78114954,1673.76650936,
2026-06-12 04:26:00,1781238360,1673.76650936,1725.52022947,1668.08755249,1725.34973645,
2026-06-12 04:27:00,1781238420,1725.34973645,1730.98637039,1701.45735809,1714.12161619,
2026-06-12 04:28:00,1781238480,1714.12161619,1733.66328013,1707.20725574,1721.88367139,
2026-06-12 04:29:00,1781238540,1721.88367139,1740.82377432,1712.85821564,1729.92687713,
2026-06-12 04:30:00,1781238600,1729.92687713,1731.96481525,1700.80578049,1731.96481525,
2026-06-12 04:31:00,1781238660,1731.96481525,1792.60631674,1721.40436304,1721.40436304,
2026-06-12 04:32:00,1781238720,1721.40436304,1743.060872,1693.62257981,1715.00692207,
2026-06-12 04:33:00,1781238780,1715.00692207,1755.01127039,1692.38963033,1692.38963033,
2026-06-12 04:34:00,1781238840,1692.38963033,1693.63508597,1660.0630418,1692.06794673,
2026-06-12 04:35:00,1781238900,1692.06794673,1698.82367758,1672.98006341,1680.22240086,
2026-06-12 04:36:00,1781238960,1680.22240086,1690.66682294,1668.45096473,1669.69728518,
2026-06-12 04:37:00,1781239020,1669.69728518,1687.10713364,1667.50428375,1675.75406127,
2026-06-12 04:38:00,1781239080,1675.75406127,1676.41893526,1652.15956924,1659.74557067,
2026-06-12 04:39:00,1781239140,1659.74557067,1695.48665444,1658.36196231,1678.65792405,
2026-06-12 04:40:00,1781239200,1678.65792405,1680.24189306,1657.84160093,1671.80925431,
2026-06-12 04:41:00,1781239260,1671.80925431,1671.89075894,1645.27064779,1659.02417315,
2026-06-12 04:42:00,1781239320,1659.02417315,1659.12272042,1639.1473425,1654.86408243,
2026-06-12 04:43:00,1781239380,1654.86408243,1676.45612785,1654.05179927,1660.89869041,
2026-06-12 04:44:00,1781239440,1660.89869041,1680.10981077,1660.89869041,1665.78759759,
2026-06-12 04:45:00,1781239500,1665.78759759,1695.3141592,1665.00099521,1671.89018078,
2026-06-12 04:46:00,1781239560,1671.89018078,1684.08190466,1660.29976832,1671.6111465,
2026-06-12 04:47:00,1781239620,1671.6111465,1673.02808396,1649.18864081,1662.34709698,
2026-06-12 04:48:00,1781239680,1662.34709698,1669.25579547,1657.34529804,1665.86248773,
2026-06-12 04:49:00,1781239740,1665.86248773,1666.36100195,1654.21870105,1662.05082672,
2026-06-12 04:50:00,1781239800,1662.05082672,1680.89481642,1654.84700787,1661.40439303,
2026-06-12 04:51:00,1781239860,1661.40439303,1677.64444613,1657.01033101,1677.4753342,
2026-06-12 04:52:00,1781239920,1677.4753342,1679.2192068,1673.01551905,1676.89156733,
2026-06-12 04:53:00,1781239980,1676.89156733,1682.75274038,1653.09720543,1654.65321321,
2026-06-12 04:54:00,1781240040,1654.65321321,1656.32327096,1651.26134027,1651.35607684,
2026-06-12 04:55:00,1781240100,1651.35607684,1668.85295298,1647.25831212,1647.42267377,
2026-06-12 04:56:00,1781240160,1647.42267377,1657.50445178,1641.44256062,1654.66463311,
2026-06-12 04:57:00,1781240220,1654.66463311,1666.75373886,1654.57198263,1657.59864155,
2026-06-12 04:58:00,1781240280,1657.59864155,1657.59864155,1646.57495909,1648.14509109,
2026-06-12 04:59:00,1781240340,1648.14509109,1655.04671475,1637.76280139,1646.02186464,
2026-06-12 05:00:00,1781240400,1646.02186464,1668.52415128,1633.16630284,1638.4105227,
2026-06-12 05:01:00,1781240460,1638.4105227,1638.98963636,1597.07494239,1625.72501857,
2026-06-12 05:02:00,1781240520,1625.72501857,1625.72501857,1576.87412075,1583.99072827,
2026-06-12 05:03:00,1781240580,1583.99072827,1600.87833446,1582.18345143,1599.59053703,
2026-06-12 05:04:00,1781240640,1599.59053703,1612.74209957,1582.05492535,1588.18865904,
2026-06-12 05:05:00,1781240700,1588.18865904,1599.29552312,1583.07912544,1587.76386252,
2026-06-12 05:06:00,1781240760,1587.76386252,1605.81657929,1582.58815833,1600.9709204,
2026-06-12 05:07:00,1781240820,1600.9709204,1608.47019395,1573.67018345,1574.68318106,
2026-06-12 05:08:00,1781240880,1574.68318106,1575.25458445,1538.28177099,1554.67207466,
2026-06-12 05:09:00,1781240940,1554.67207466,1563.05758029,1546.12349303,1558.51885395,
2026-06-12 05:10:00,1781241000,1558.51885395,1559.21848769,1522.11103277,1536.77097468,
2026-06-12 05:11:00,1781241060,1536.77097468,1538.11747859,1453.01287663,1453.01287663,
2026-06-12 05:12:00,1781241120,1453.01287663,1460.734994,1414.55473888,1445.06991351,
2026-06-12 05:13:00,1781241180,1445.06991351,1445.06991351,1419.617298,1426.40182863,
2026-06-12 05:14:00,1781241240,1426.40182863,1450.36383912,1425.44477304,1429.09858204,
2026-06-12 05:15:00,1781241300,1429.09858204,1465.25610054,1427.90897676,1461.01550091,
2026-06-12 05:16:00,1781241360,1461.01550091,1485.28695661,1459.2624462,1476.6042392,
2026-06-12 05:17:00,1781241420,1476.6042392,1493.02544626,1470.59821986,1488.56202641,
2026-06-12 05:18:00,1781241480,1488.56202641,1501.66110476,1483.85482494,1497.53791941,
2026-06-12 05:19:00,1781241540,1497.53791941,1503.26515352,1493.76158574,1495.71434788,
2026-06-12 05:20:00,1781241600,1495.71434788,1499.15839575,1476.08342417,1483.85269979,
2026-06-12 05:21:00,1781241660,1483.85269979,1484.00659202,1468.97636776,1478.06818654,
2026-06-12 05:22:00,1781241720,1478.06818654,1491.57862243,1453.75809146,1456.23776984,
2026-06-12 05:23:00,1781241780,1456.23776984,1479.70112699,1452.90301002,1454.01425235,
2026-06-12 05:24:00,1781241840,1454.01425235,1464.66585566,1432.14606613,1462.42067242,
2026-06-12 05:25:00,1781241900,1462.42067242,1470.58491962,1454.870755,1470.18436727,
2026-06-12 05:26:00,1781241960,1470.18436727,1473.96987997,1456.99781979,1458.04246676,
2026-06-12 05:27:00,1781242020,1458.04246676,1472.14353994,1451.64506301,1456.77522994,
2026-06-12 05:28:00,1781242080,1456.77522994,1468.71209722,1451.5203471,1459.06441918,
2026-06-12 05:29:00,1781242140,1459.06441918,1471.70801084,1458.18491609,1465.67986606,
2026-06-12 05:30:00,1781242200,1465.67986606,1475.3257652,1451.77578318,1471.58925922,
2026-06-12 05:31:00,1781242260,1471.58925922,1477.39944008,1449.68551227,1474.80928519,
2026-06-12 05:32:00,1781242320,1474.80928519,1476.65066923,1433.7239682,1436.27337989,
2026-06-12 05:33:00,1781242380,1436.27337989,1458.63557175,1419.11676528,1436.08866664,
2026-06-12 05:34:00,1781242440,1436.08866664,1455.04515185,1431.81441137,1447.31468644,
2026-06-12 05:35:00,1781242500,1447.31468644,1453.8338244,1431.66866614,1441.79375418,
2026-06-12 05:36:00,1781242560,1441.79375418,1445.04714778,1403.52643365,1407.53369328,
2026-06-12 05:37:00,1781242620,1407.53369328,1422.61087334,1376.35462886,1392.23673787,
2026-06-12 05:38:00,1781242680,1392.23673787,1403.77743143,1370.80614315,1373.97705212,
2026-06-12 05:39:00,1781242740,1373.97705212,1389.05199258,1347.56131686,1387.66617827,
2026-06-12 05:40:00,1781242800,1387.66617827,1392.36943615,1365.05304698,1373.92585559,
2026-06-12 05:41:00,1781242860,1373.92585559,1387.43516164,1359.3601162,1381.04212085,
2026-06-12 05:42:00,1781242920,1381.04212085,1390.20992119,1373.02799272,1390.01424303,
2026-06-12 05:43:00,1781242980,1390.01424303,1404.94430093,1378.57500492,1383.80739122,
2026-06-12 05:44:00,1781243040,1383.80739122,1391.93511039,1378.63555012,1389.9407261,
2026-06-12 05:45:00,1781243100,1389.9407261,1401.49563257,1389.93865919,1396.30485785,
2026-06-12 05:46:00,1781243160,1396.30485785,1396.30485785,1369.0379602,1370.57270311,
2026-06-12 05:47:00,1781243220,1370.57270311,1377.77359011,1349.91229264,1370.53990177,
2026-06-12 05:48:00,1781243280,1370.53990177,1370.77259972,1357.53225689,1365.27400593,
2026-06-12 05:49:00,1781243340,1365.27400593,1396.99201838,1357.34290289,1396.91106632,
2026-06-12 05:50:00,1781243400,1396.91106632,1398.48523237,1315.20041229,1315.20041229,
2026-06-12 05:51:00,1781243460,1315.20041229,1361.67850868,1314.72254819,1358.79067923,
2026-06-12 05:52:00,1781243520,1358.79067923,1375.85646358,1322.91389572,1324.06773861,
2026-06-12 05:53:00,1781243580,1324.06773861,1355.81865795,1320.78670382,1352.13151234,
2026-06-12 05:54:00,1781243640,1352.13151234,1373.83084004,1352.13151234,1365.1925822,
2026-06-12 05:55:00,1781243700,1365.1925822,1374.00146439,1361.28322989,1374.00146439,
2026-06-12 05:56:00,1781243760,1374.00146439,1383.9332261,1366.45751544,1376.03810706,
2026-06-12 05:57:00,1781243820,1376.03810706,1397.45055312,1368.52202252,1391.58198416,
2026-06-12 05:58:00,1781243880,1391.58198416,1393.46803912,1377.17101064,1380.28871431,
2026-06-12 05:59:00,1781243940,1380.28871431,1380.28871431,1351.24696909,1356.17662401,
2026-06-12 06:00:00,1781244000,1356.17662401,1370.72462295,1336.56929055,1366.02980161,
2026-06-12 06:01:00,1781244060,1366.02980161,1373.83929362,1344.1606865,1358.2503078,
2026-06-12 06:02:00,1781244120,1358.2503078,1389.21284655,1349.5405829,1382.25319145,
2026-06-12 06:03:00,1781244180,1382.25319145,1396.1941205,1364.63258542,1395.95803377,
2026-06-12 06:04:00,1781244240,1395.95803377,1399.02638289,1375.89147709,1390.5660561,
2026-06-12 06:05:00,1781244300,1390.5660561,1405.59185139,1385.52557755,1396.24807774,
2026-06-12 06:06:00,1781244360,1396.24807774,1405.1470108,1382.51563516,1387.35223221,
2026-06-12 06:07:00,1781244420,1387.35223221,1389.2171917,1363.90464293,1369.41811597,
2026-06-12 06:08:00,1781244480,1369.41811597,1394.22724666,1349.71386037,1375.36807294,
2026-06-12 06:09:00,1781244540,1375.36807294,1380.37761983,1324.92073343,1333.49095509,
2026-06-12 06:10:00,1781244600,1333.49095509,1342.69632964,1299.57579584,1342.69632964,
2026-06-12 06:11:00,1781244660,1342.69632964,1356.8678672,1322.53613211,1336.63003358,
2026-06-12 06:12:00,1781244720,1336.63003358,1336.79253683,1307.6894154,1318.44362212,
2026-06-12 06:13:00,1781244780,1318.44362212,1328.4387525,1308.8606195,1312.04588154,
2026-06-12 06:14:00,1781244840,1312.04588154,1319.73343079,1300.48224379,1317.27930508,
2026-06-12 06:15:00,1781244900,1317.27930508,1318.97317677,1248.50943207,1250.15996036,
2026-06-12 06:16:00,1781244960,1250.15996036,1250.68533701,1209.91597012,1216.97355223,
2026-06-12 06:17:00,1781245020,1216.97355223,1227.92852518,1203.17800717,1208.93493358,
2026-06-12 06:18:00,1781245080,1208.93493358,1242.88161373,1208.71079988,1239.36218211,
2026-06-12 06:19:00,1781245140,1239.36218211,1241.25589379,1210.59249496,1216.2062583,
2026-06-12 06:20:00,1781245200,1216.2062583,1227.27494086,1208.77072958,1211.6719937,
2026-06-12 06:21:00,1781245260,1211.6719937,1218.71364153,1165.12725861,1216.0948236,
2026-06-12 06:22:00,1781245320,1216.0948236,1222.24942766,1197.69460178,1216.81343359,
2026-06-12 06:23:00,1781245380,1216.81343359,1232.45050669,1215.54263917,1228.86217899,
2026-06-12 06:24:00,1781245440,1228.86217899,1247.26158861,1228.29205127,1234.92164547,
2026-06-12 06:25:00,1781245500,1234.92164547,1242.52633899,1223.51314102,1228.40270861,
2026-06-12 06:26:00,1781245560,1228.40270861,1237.58270587,1201.89164418,1229.03055499,
2026-06-12 06:27:00,1781245620,1229.03055499,1234.33230974,1209.21925197,1216.50699077,
2026-06-12 06:28:00,1781245680,1216.50699077,1225.61770953,1209.29886927,1211.99208752,
2026-06-12 06:29:00,1781245740,1211.99208752,1212.28530647,1200.81080105,1205.63226423,
2026-06-12 06:30:00,1781245800,1205.63226423,1205.63226423,1160.72641282,1175.01683991,
2026-06-12 06:31:00,1781245860,1175.01683991,1175.1623728,1125.30049716,1130.22298693,
2026-06-12 06:32:00,1781245920,1130.22298693,1151.7408226,1125.43394094,1141.219888,
2026-06-12 06:33:00,1781245980,1141.219888,1142.11024606,1014.73487998,1024.03244516,
2026-06-12 06:34:00,1781246040,1024.03244516,1071.61072309,1011.13173928,1046.97311211,
2026-06-12 06:35:00,1781246100,1046.97311211,1076.49250983,1042.87441527,1053.13774979,
2026-06-12 06:36:00,1781246160,1053.13774979,1062.87709151,1027.72912697,1040.59548152,
2026-06-12 06:37:00,1781246220,1040.59548152,1051.73129516,1011.25673008,1013.5273575,
2026-06-12 06:38:00,1781246280,1013.5273575,1015.61914348,982.7423332,993.30405884,
2026-06-12 06:39:00,1781246340,993.30405884,1062.54425251,993.23444974,1061.17348465,
2026-06-12 06:40:00,1781246400,1061.17348465,1073.258998,1048.88491098,1070.0102969,
2026-06-12 06:41:00,1781246460,1070.0102969,1070.20883069,1029.88655879,1059.873552,
2026-06-12 06:42:00,1781246520,1059.873552,1065.60338289,1043.08267428,1050.95731829,
2026-06-12 06:43:00,1781246580,1050.95731829,1068.78034325,1038.69121026,1044.38049552,
2026-06-12 06:44:00,1781246640,1044.38049552,1057.76380052,1036.9603824,1043.5635564,
2026-06-12 06:45:00,1781246700,1043.5635564,1082.97376061,1036.62828037,1076.62905046,
2026-06-12 06:46:00,1781246760,1076.62905046,1089.40108443,1068.84893958,1087.5856317,
2026-06-12 06:47:00,1781246820,1087.5856317,1105.62835906,1087.58309087,1104.98962747,
2026-06-12 06:48:00,1781246880,1104.98962747,1104.98962747,1079.06258283,1094.48547799,
2026-06-12 06:49:00,1781246940,1094.48547799,1094.68893215,1062.88689781,1080.82510632,
2026-06-12 06:50:00,1781247000,1080.82510632,1094.74992651,1061.70787383,1062.82717978,
2026-06-12 06:51:00,1781247060,1062.82717978,1071.79531683,1047.87952984,1057.39095247,
2026-06-12 06:52:00,1781247120,1057.39095247,1080.69010355,1052.71871602,1070.21797747,
2026-06-12 06:53:00,1781247180,1070.21797747,1081.11546526,1059.59305076,1063.12396266,
2026-06-12 06:54:00,1781247240,1063.12396266,1078.07124155,1060.33723328,1070.70821443,
2026-06-12 06:55:00,1781247300,1070.70821443,1070.75078904,1057.84675856,1057.90710536,
2026-06-12 06:56:00,1781247360,1057.90710536,1080.53768999,1053.89045697,1077.85952646,
2026-06-12 06:57:00,1781247420,1077.85952646,1091.43409263,1077.85696599,1091.43409263,
2026-06-12 06:58:00,1781247480,1091.43409263,1110.526291,1083.40809591,1091.83070421,
2026-06-12 06:59:00,1781247540,1091.83070421,1093.0841541,1074.02511582,1082.67031119,
2026-06-12 07:00:00,1781247600,1082.67031119,1135.45465352,1082.10508979,1128.46530088,
2026-06-12 07:01:00,1781247660,1128.46530088,1158.98600008,1125.24027483,1150.40253018,
2026-06-12 07:02:00,1781247720,1150.40253018,1161.51915779,1143.59005337,1143.59005337,
2026-06-12 07:03:00,1781247780,1143.59005337,1148.12595632,1129.52371319,1148.05368977,
2026-06-12 07:04:00,1781247840,1148.05368977,1162.0913468,1145.53499316,1156.46073124,
2026-06-12 07:05:00,1781247900,1156.46073124,1172.49589205,1151.87918626,1169.05457672,
2026-06-12 07:06:00,1781247960,1169.05457672,1175.10134425,1156.94253567,1164.78746056,
2026-06-12 07:07:00,1781248020,1164.78746056,1164.78746056,1120.93452569,1138.09669131,
2026-06-12 07:08:00,1781248080,1138.09669131,1159.4616683,1136.82882561,1158.59556723,
2026-06-12 07:09:00,1781248140,1158.59556723,1160.23826051,1147.47385789,1147.61355404,
2026-06-12 07:10:00,1781248200,1147.61355404,1148.97717152,1137.93391719,1143.47057581,
2026-06-12 07:11:00,1781248260,1143.47057581,1160.51775627,1115.69543878,1117.97774134,
2026-06-12 07:12:00,1781248320,1117.97774134,1136.22439425,1108.19808037,1122.57867755,
2026-06-12 07:13:00,1781248380,1122.57867755,1126.96384132,1094.55481793,1095.12175397,
2026-06-12 07:14:00,1781248440,1095.12175397,1112.89430059,1071.43691495,1076.29216695,
2026-06-12 07:15:00,1781248500,1076.29216695,1094.31231753,1075.69541232,1079.78402789,
2026-06-12 07:16:00,1781248560,1079.78402789,1099.6180502,1051.88164193,1092.05388134,
2026-06-12 07:17:00,1781248620,1092.05388134,1100.89738989,1066.80436889,1100.89738989,
2026-06-12 07:18:00,1781248680,1100.89738989,1143.10267728,1099.34388161,1118.03762121,
2026-06-12 07:19:00,1781248740,1118.03762121,1125.20923627,1093.09447392,1104.18680831,
2026-06-12 07:20:00,1781248800,1104.18680831,1133.08621995,1101.85592785,1133.0812917,
2026-06-12 07:21:00,1781248860,1133.0812917,1138.922424,1081.41326354,1106.29236923,
2026-06-12 07:22:00,1781248920,1106.29236923,1106.86118023,1071.91472132,1076.07988318,
2026-06-12 07:23:00,1781248980,1076.07988318,1104.66046387,1071.87173568,1104.66046387,
2026-06-12 07:24:00,1781249040,1104.66046387,1122.52137126,1104.65546482,1116.11812345,
2026-06-12 07:25:00,1781249100,1116.11812345,1116.11812345,1088.9102073,1096.3040346,
2026-06-12 07:26:00,1781249160,1096.3040346,1106.27830583,1094.12045333,1102.47856463,
2026-06-12 07:27:00,1781249220,1102.47856463,1102.47856463,1086.41571743,1094.71146216,
2026-06-12 07:28:00,1781249280,1094.71146216,1103.11380316,1083.08381062,1101.85444594,
2026-06-12 07:29:00,1781249340,1101.85444594,1112.54302868,1094.90512191,1100.63500827,
2026-06-12 07:30:00,1781249400,1100.63500827,1111.10306253,1091.84275973,1110.05516997,
2026-06-12 07:31:00,1781249460,1110.05516997,1116.16919725,1101.90423945,1116.16919725,
2026-06-12 07:32:00,1781249520,1116.16919725,1118.0198844,1087.42920476,1102.73063394,
2026-06-12 07:33:00,1781249580,1102.73063394,1105.16007601,1080.42185305,1098.86248431,
2026-06-12 07:34:00,1781249640,1098.86248431,1116.6227531,1075.5898455,1075.5898455,
2026-06-12 07:35:00,1781249700,1075.5898455,1108.10642454,1073.89293459,1097.44582969,
2026-06-12 07:36:00,1781249760,1097.44582969,1098.0082971,1074.72624808,1082.56968113,
2026-06-12 07:37:00,1781249820,1082.56968113,1090.88266331,1054.71213938,1059.10336515,
2026-06-12 07:38:00,1781249880,1059.10336515,1083.02434075,1046.52885608,1083.0170284,
2026-06-12 07:39:00,1781249940,1083.0170284,1129.38012443,1080.94731546,1128.91759527,
2026-06-12 07:40:00,1781250000,1128.91759527,1146.08622884,1113.87462862,1128.21140287,
2026-06-12 07:41:00,1781250060,1128.21140287,1147.75178463,1126.32051168,1147.60380486,
2026-06-12 07:42:00,1781250120,1147.60380486,1153.30557163,1132.88410059,1151.30371423,
2026-06-12 07:43:00,1781250180,1151.30371423,1151.30371423,1133.80101131,1133.87324088,
2026-06-12 07:44:00,1781250240,1133.87324088,1148.07287078,1126.23655443,1144.55042983,
2026-06-12 07:45:00,1781250300,1144.55042983,1154.90678024,1143.98014414,1152.99652649,
2026-06-12 07:46:00,1781250360,1152.99652649,1153.56434321,1125.15352265,1131.29392572,
2026-06-12 07:47:00,1781250420,1131.29392572,1131.36500566,1104.42514539,1106.12291162,
2026-06-12 07:48:00,1781250480,1106.12291162,1110.85743061,1092.33118491,1102.55282638,
2026-06-12 07:49:00,1781250540,1102.55282638,1112.15467065,1098.24533879,1098.24533879,
2026-06-12 07:50:00,1781250600,1098.24533879,1098.53260672,1077.6148266,1081.07137964,
2026-06-12 07:51:00,1781250660,1081.07137964,1081.50115429,1074.28027422,1078.09250196,
2026-06-12 07:52:00,1781250720,1078.09250196,1088.53819812,1069.39527531,1080.11759943,
2026-06-12 07:53:00,1781250780,1080.11759943,1082.50221125,1063.10288928,1063.38818504,
2026-06-12 07:54:00,1781250840,1063.38818504,1065.45464792,1058.97506131,1064.42859094,
2026-06-12 07:55:00,1781250900,1064.42859094,1094.54152261,1063.01548136,1092.85829156,
2026-06-12 07:56:00,1781250960,1092.85829156,1207.70178704,1092.11869932,1163.01610081,
2026-06-12 07:57:00,1781251020,1163.01610081,1196.05832227,1115.23887392,1124.55298031,
2026-06-12 07:58:00,1781251080,1124.55298031,1132.61089623,1097.35633924,1114.3223953,
2026-06-12 07:59:00,1781251140,1114.3223953,1115.29765465,1093.79505059,1098.84080761,
2026-06-12 08:00:00,1781251200,1098.84080761,1117.78020701,1095.08077433,1109.1210101,
2026-06-12 08:01:00,1781251260,1109.1210101,1133.50158999,1104.80640555,1124.69929985,
2026-06-12 08:02:00,1781251320,1124.69929985,1171.04817138,1117.12819234,1154.85312494,
2026-06-12 08:03:00,1781251380,1154.85312494,1155.39387617,1117.2898663,1138.97977967,
2026-06-12 08:04:00,1781251440,1138.97977967,1153.82734749,1118.32348324,1122.91936919,
2026-06-12 08:05:00,1781251500,1122.91936919,1170.44798971,1117.48555771,1163.03707338,
2026-06-12 08:06:00,1781251560,1163.03707338,1206.77048257,1163.03707338,1197.2600068,
2026-06-12 08:07:00,1781251620,1197.2600068,1230.41472287,1196.1865899,1223.21383256,
2026-06-12 08:08:00,1781251680,1223.21383256,1247.12710003,1222.13429436,1247.04391034,
2026-06-12 08:09:00,1781251740,1247.04391034,1252.65528094,1237.05774492,1240.41435891,
2026-06-12 08:10:00,1781251800,1240.41435891,1284.35299386,1238.91067677,1255.93064057,
2026-06-12 08:11:00,1781251860,1255.93064057,1272.88564768,1239.30348431,1261.50553203,
2026-06-12 08:12:00,1781251920,1261.50553203,1279.80316219,1261.50553203,1278.45810904,
2026-06-12 08:13:00,1781251980,1278.45810904,1303.42621264,1264.68730224,1282.88911347,
2026-06-12 08:14:00,1781252040,1282.88911347,1282.93747026,1263.654607,1263.89260367,
2026-06-12 08:15:00,1781252100,1263.89260367,1273.39834566,1255.4364602,1272.00015676,
2026-06-12 08:16:00,1781252160,1272.00015676,1345.49493585,1267.12668483,1340.87409491,
2026-06-12 08:17:00,1781252220,1340.87409491,1368.9635063,1313.9063672,1345.5482859,
2026-06-12 08:18:00,1781252280,1345.5482859,1403.87894109,1339.38083974,1392.71836505,
2026-06-12 08:19:00,1781252340,1392.71836505,1406.24192128,1376.51024267,1398.09943773,
2026-06-12 08:20:00,1781252400,1398.09943773,1403.59640664,1383.41399316,1400.17542261,
2026-06-12 08:21:00,1781252460,1400.17542261,1507.45305791,1399.13010278,1481.24936764,
2026-06-12 08:22:00,1781252520,1481.24936764,1530.86896944,1466.79322295,1482.89078261,
2026-06-12 08:23:00,1781252580,1482.89078261,1482.89078261,1431.77078881,1448.59251443,
2026-06-12 08:24:00,1781252640,1448.59251443,1474.08287376,1433.77040281,1433.77040281,
2026-06-12 08:25:00,1781252700,1433.77040281,1440.69938805,1419.40553704,1428.95183682,
2026-06-12 08:26:00,1781252760,1428.95183682,1434.0861515,1415.15482229,1417.9085034,
2026-06-12 08:27:00,1781252820,1417.9085034,1464.33510521,1417.90669048,1442.85099911,
2026-06-12 08:28:00,1781252880,1442.85099911,1472.43495857,1431.88074203,1464.60590783,
2026-06-12 08:29:00,1781252940,1464.60590783,1469.03921695,1445.0203567,1458.82236014,
2026-06-12 08:30:00,1781253000,1458.82236014,1469.77379614,1427.61508311,1428.47771787,
2026-06-12 08:31:00,1781253060,1428.47771787,1441.72464767,1413.63803643,1419.3130045,
2026-06-12 08:32:00,1781253120,1419.3130045,1427.71243088,1406.20225557,1421.42287389,
2026-06-12 08:33:00,1781253180,1421.42287389,1459.72466458,1416.80763963,1451.25415562,
2026-06-12 08:34:00,1781253240,1451.25415562,1459.00812021,1424.20834222,1425.86066339,
2026-06-12 08:35:00,1781253300,1425.86066339,1426.60612112,1388.95204009,1401.6119971,
2026-06-12 08:36:00,1781253360,1401.6119971,1407.87135863,1395.75504841,1400.96075554,
2026-06-12 08:37:00,1781253420,1400.96075554,1400.96075554,1362.6600388,1378.21125021,
2026-06-12 08:38:00,1781253480,1378.21125021,1401.36991787,1372.0141441,1399.70636081,
2026-06-12 08:39:00,1781253540,1399.70636081,1424.59969291,1397.09654537,1419.36796307,
2026-06-12 08:40:00,1781253600,1419.36796307,1421.118884,1367.67992996,1372.02149203,
2026-06-12 08:41:00,1781253660,1372.02149203,1385.73397221,1356.17100055,1358.72259006,
2026-06-12 08:42:00,1781253720,1358.72259006,1363.56550243,1328.17875551,1336.14377346,
2026-06-12 08:43:00,1781253780,1336.14377346,1337.67705582,1327.00800119,1329.44637943,
2026-06-12 08:44:00,1781253840,1329.44637943,1334.36585658,1322.47688761,1333.74663517,
2026-06-12 08:45:00,1781253900,1333.74663517,1334.92522369,1306.29557309,1306.96991349,
2026-06-12 08:46:00,1781253960,1306.96991349,1358.44134131,1301.11398729,1358.44134131,
2026-06-12 08:47:00,1781254020,1358.44134131,1386.19966573,1347.67630399,1356.92426947,
2026-06-12 08:48:00,1781254080,1356.92426947,1384.1360621,1356.28516255,1376.37822948,
2026-06-12 08:49:00,1781254140,1376.37822948,1379.75244203,1354.31899191,1358.79908638,
2026-06-12 08:50:00,1781254200,1358.79908638,1362.34106829,1347.44488236,1357.99212865,
2026-06-12 08:51:00,1781254260,1357.99212865,1377.5350227,1346.40469854,1359.0557698,
2026-06-12 08:52:00,1781254320,1359.0557698,1399.10405156,1359.0557698,1388.86411196,
2026-06-12 08:53:00,1781254380,1388.86411196,1404.33767994,1382.31114052,1395.89579072,
2026-06-12 08:54:00,1781254440,1395.89579072,1395.91080832,1379.2656736,1388.07945489,
2026-06-12 08:55:00,1781254500,1388.07945489,1400.85583846,1384.20779916,1392.3848475,
2026-06-12 08:56:00,1781254560,1392.3848475,1411.44080228,1382.34643057,1402.92969359,
2026-06-12 08:57:00,1781254620,1402.92969359,1405.43974337,1398.81741169,1401.16677549,
2026-06-12 08:58:00,1781254680,1401.16677549,1407.34714744,1391.64477205,1393.49421969,
2026-06-12 08:59:00,1781254740,1393.49421969,1408.34835907,1391.85771396,1392.86679902,
2026-06-12 09:00:00,1781254800,1392.86679902,1393.94655875,1378.25591358,1386.52467033,
2026-06-12 09:01:00,1781254860,1386.52467033,1409.7931373,1385.86165699,1403.16959624,
2026-06-12 09:02:00,1781254920,1403.16959624,1435.67713422,1399.6311785,1423.94293223,
2026-06-12 09:03:00,1781254980,1423.94293223,1423.94293223,1371.67051907,1374.14338139,
2026-06-12 09:04:00,1781255040,1374.14338139,1378.7108889,1365.61874011,1368.90781388,
2026-06-12 09:05:00,1781255100,1368.90781388,1414.7844638,1364.982277,1384.13560453,
2026-06-12 09:06:00,1781255160,1384.13560453,1413.49045634,1384.13560453,1405.31720203,
2026-06-12 09:07:00,1781255220,1405.31720203,1463.05917933,1404.48220433,1453.83429666,
2026-06-12 09:08:00,1781255280,1453.83429666,1457.12575652,1404.37008195,1414.37639635,
2026-06-12 09:09:00,1781255340,1414.37639635,1444.93977733,1414.37639635,1432.13233777,
2026-06-12 09:10:00,1781255400,1432.13233777,1432.13233777,1409.21278269,1423.89206668,
2026-06-12 09:11:00,1781255460,1423.89206668,1457.8877142,1423.80664985,1450.94410451,
2026-06-12 09:12:00,1781255520,1450.94410451,1456.65034261,1431.89964883,1431.89964883,
2026-06-12 09:13:00,1781255580,1431.89964883,1449.91796842,1426.0261016,1448.30906551,
2026-06-12 09:14:00,1781255640,1448.30906551,1488.84057912,1444.63223974,1477.07004595,
2026-06-12 09:15:00,1781255700,1477.07004595,1488.02990166,1462.89393953,1483.38087146,
2026-06-12 09:16:00,1781255760,1483.38087146,1509.8160636,1462.62304458,1505.42877184,
2026-06-12 09:17:00,1781255820,1505.42877184,1513.5270851,1460.51337509,1475.21673736,
2026-06-12 09:18:00,1781255880,1475.21673736,1486.97589281,1466.63048113,1469.95205363,
2026-06-12 09:19:00,1781255940,1469.95205363,1499.68526367,1469.95205363,1496.07933823,
2026-06-12 09:20:00,1781256000,1496.07933823,1530.1320002,1494.32850388,1503.88975286,
2026-06-12 09:21:00,1781256060,1503.88975286,1590.79224971,1499.62577686,1587.50492722,
2026-06-12 09:22:00,1781256120,1587.50492722,1612.87471598,1538.20855648,1555.88543498,
2026-06-12 09:23:00,1781256180,1555.88543498,1568.60365268,1552.52755591,1556.65109409,
2026-06-12 09:24:00,1781256240,1556.65109409,1579.23374075,1556.47262404,1568.14771452,
2026-06-12 09:25:00,1781256300,1568.14771452,1593.85274258,1565.35549837,1593.44587789,
2026-06-12 09:26:00,1781256360,1593.44587789,1614.25364609,1585.74283956,1614.25212575,
2026-06-12 09:27:00,1781256420,1614.25212575,1650.89106678,1612.85465803,1628.35399563,
2026-06-12 09:28:00,1781256480,1628.35399563,1677.57409583,1621.99330753,1658.95056154,
2026-06-12 09:29:00,1781256540,1658.95056154,1679.08461604,1645.80073086,1658.37260579,
2026-06-12 09:30:00,1781256600,1658.37260579,1683.99638853,1652.54791873,1683.99625255,
2026-06-12 09:31:00,1781256660,1683.99625255,1690.36911653,1662.2900454,1684.30031813,
2026-06-12 09:32:00,1781256720,1684.30031813,1795.32576073,1684.21231612,1769.0449932,
2026-06-12 09:33:00,1781256780,1769.0449932,1801.69610882,1754.89562967,1786.13795177,
2026-06-12 09:34:00,1781256840,1786.13795177,1830.99383549,1767.97404878,1786.42423678,
2026-06-12 09:35:00,1781256900,1786.42423678,1793.33918217,1739.92233681,1780.61742052,
2026-06-12 09:36:00,1781256960,1780.61742052,1788.59585518,1743.34988435,1745.00744039,
2026-06-12 09:37:00,1781257020,1745.00744039,1761.79018729,1737.83418082,1740.63981517,
2026-06-12 09:38:00,1781257080,1740.63981517,1759.36366363,1733.03827411,1738.7468996,
2026-06-12 09:39:00,1781257140,1738.7468996,1751.73591027,1726.23515336,1740.11315055,
2026-06-12 09:40:00,1781257200,1740.11315055,1767.39459781,1733.0661592,1749.67362268,
2026-06-12 09:41:00,1781257260,1749.67362268,1749.67362268,1712.346912,1718.09625911,
2026-06-12 09:42:00,1781257320,1718.09625911,1760.2375788,1716.74962172,1751.03193892,
2026-06-12 09:43:00,1781257380,1751.03193892,1776.51797714,1751.03193892,1765.24323245,
2026-06-12 09:44:00,1781257440,1765.24323245,1788.44423909,1761.78322886,1764.11043144,
2026-06-12 09:45:00,1781257500,1764.11043144,1784.67295195,1713.29047509,1774.21034589,
2026-06-12 09:46:00,1781257560,1774.21034589,1774.21034589,1751.17698842,1751.44111066,
2026-06-12 09:47:00,1781257620,1751.44111066,1811.77349578,1751.44111066,1785.44585403,
2026-06-12 09:48:00,1781257680,1785.44585403,1800.404709,1723.75626964,1736.23467186,
2026-06-12 09:49:00,1781257740,1736.23467186,1737.6826951,1720.59325777,1723.90809122,
2026-06-12 09:50:00,1781257800,1723.90809122,1748.89549942,1723.75122771,1745.27100226,
2026-06-12 09:51:00,1781257860,1745.27100226,1745.27100226,1697.42512685,1710.08708491,
2026-06-12 09:52:00,1781257920,1710.08708491,1710.08708491,1685.55169855,1694.05916015,
2026-06-12 09:53:00,1781257980,1694.05916015,1704.57168075,1682.47920675,1688.68246497,
2026-06-12 09:54:00,1781258040,1688.68246497,1703.13143104,1679.54399984,1679.54399984,
2026-06-12 09:55:00,1781258100,1679.54399984,1736.67170257,1674.1307959,1723.38824877,
2026-06-12 09:56:00,1781258160,1723.38824877,1732.65497062,1687.83140658,1689.75405643,
2026-06-12 09:57:00,1781258220,1689.75405643,1703.46203245,1686.86535263,1698.88693178,
2026-06-12 09:58:00,1781258280,1698.88693178,1708.29756542,1681.81346382,1683.31941102,
2026-06-12 09:59:00,1781258340,1683.31941102,1683.92861494,1645.02140255,1653.48817338,
2026-06-12 10:00:00,1781258400,1653.48817338,1653.48817338,1595.11361027,1611.74802446,
2026-06-12 10:01:00,1781258460,1611.74802446,1628.15332094,1609.934057,1623.66655352,
2026-06-12 10:02:00,1781258520,1623.66655352,1652.89698196,1623.66490006,1637.12544944,
2026-06-12 10:03:00,1781258580,1637.12544944,1642.92904079,1599.79577444,1611.20812165,
2026-06-12 10:04:00,1781258640,1611.20812165,1635.8695253,1610.45034499,1612.52339013,
2026-06-12 10:05:00,1781258700,1612.52339013,1612.52339013,1594.23409774,1596.97946668,
2026-06-12 10:06:00,1781258760,1596.97946668,1614.61796205,1595.85735123,1612.30597776,
2026-06-12 10:07:00,1781258820,1612.30597776,1638.80067936,1609.45571408,1638.80067936,
2026-06-12 10:08:00,1781258880,1638.80067936,1646.78747347,1631.32638785,1644.50845886,
2026-06-12 10:09:00,1781258940,1644.50845886,1712.38770158,1624.20513985,1712.38770158,
2026-06-12 10:10:00,1781259000,1712.38770158,1740.31138446,1669.97725832,1687.85188842,
2026-06-12 10:11:00,1781259060,1687.85188842,1690.56880071,1618.75996931,1648.91209756,
2026-06-12 10:12:00,1781259120,1648.91209756,1648.91209756,1614.50435425,1620.46052526,
2026-06-12 10:13:00,1781259180,1620.46052526,1667.03982297,1620.19910456,1651.78436134,
2026-06-12 10:14:00,1781259240,1651.78436134,1662.51029669,1643.41566981,1662.51029669,
2026-06-12 10:15:00,1781259300,1662.51029669,1662.51029669,1613.97682446,1638.62844025,
2026-06-12 10:16:00,1781259360,1638.62844025,1662.50994899,1638.62844025,1644.6603443,
2026-06-12 10:17:00,1781259420,1644.6603443,1676.76490894,1639.17508401,1660.1098561,
2026-06-12 10:18:00,1781259480,1660.1098561,1675.29095957,1638.11281788,1641.45994178,
2026-06-12 10:19:00,1781259540,1641.45994178,1660.65561805,1641.19553229,1658.80358796,
2026-06-12 10:20:00,1781259600,1658.80358796,1662.69853249,1637.13165259,1640.88071206,
2026-06-12 10:21:00,1781259660,1640.88071206,1662.73631294,1640.61296773,1658.61179576,
2026-06-12 10:22:00,1781259720,1658.61179576,1666.26591019,1639.96434222,1661.78550631,
2026-06-12 10:23:00,1781259780,1661.78550631,1670.49112004,1652.83392591,1664.56137704,
2026-06-12 10:24:00,1781259840,1664.56137704,1694.19153897,1663.59525147,1693.68723205,
2026-06-12 10:25:00,1781259900,1693.68723205,1703.26562151,1545.55601766,1556.9733869,
2026-06-12 10:26:00,1781259960,1556.9733869,1563.25329947,1517.11699224,1517.11699224,
2026-06-12 10:27:00,1781260020,1517.11699224,1534.89263033,1504.9248551,1515.67490831,
2026-06-12 10:28:00,1781260080,1515.67490831,1530.86619168,1513.37947279,1523.68881638,
2026-06-12 10:29:00,1781260140,1523.68881638,1533.11370132,1500.49485489,1525.6637789,
2026-06-12 10:30:00,1781260200,1525.6637789,1584.95666718,1523.5737621,1549.98784034,
2026-06-12 10:31:00,1781260260,1549.98784034,1566.98751957,1540.41222362,1555.13267055,
2026-06-12 10:32:00,1781260320,1555.13267055,1585.83530738,1542.2388675,1585.83530738,
2026-06-12 10:33:00,1781260380,1585.83530738,1619.32438661,1571.98727168,1585.3514793,
2026-06-12 10:34:00,1781260440,1585.3514793,1634.19277891,1585.34982745,1632.09952917,
2026-06-12 10:35:00,1781260500,1632.09952917,1649.87899507,1609.14536441,1616.92696541,
2026-06-12 10:36:00,1781260560,1616.92696541,1655.1235999,1596.22952715,1648.95544097,
2026-06-12 10:37:00,1781260620,1648.95544097,1648.95544097,1610.92485861,1634.96023073,
2026-06-12 10:38:00,1781260680,1634.96023073,1638.48681012,1622.35892153,1632.20933391,
2026-06-12 10:39:00,1781260740,1632.20933391,1649.65859918,1591.67044012,1602.44056378,
2026-06-12 10:40:00,1781260800,1602.44056378,1621.76579587,1581.4306425,1605.42464893,
2026-06-12 10:41:00,1781260860,1605.42464893,1615.62155169,1574.70130167,1576.5067908,
2026-06-12 10:42:00,1781260920,1576.5067908,1587.49228067,1566.71687851,1585.64413581,
2026-06-12 10:43:00,1781260980,1585.64413581,1585.87701501,1565.09092456,1567.00549971,
2026-06-12 10:44:00,1781261040,1567.00549971,1589.39360986,1566.05820322,1588.35689109,
2026-06-12 10:45:00,1781261100,1588.35689109,1594.61498726,1570.23890752,1594.44034148,
2026-06-12 10:46:00,1781261160,1594.44034148,1604.41966881,1586.64840888,1592.01944663,
2026-06-12 10:47:00,1781261220,1592.01944663,1597.39219438,1569.96608187,1597.13121983,
2026-06-12 10:48:00,1781261280,1597.13121983,1641.34372929,1596.87025857,1628.23361805,
2026-06-12 10:49:00,1781261340,1628.23361805,1634.88964678,1604.78076224,1622.37622126,
2026-06-12 10:50:00,1781261400,1622.37622126,1631.41226082,1609.64098044,1622.87936261,
2026-06-12 10:51:00,1781261460,1622.87936261,1623.51482285,1602.33811538,1603.87549827,
2026-06-12 10:52:00,1781261520,1603.87549827,1610.003053,1585.98184293,1608.00565389,
2026-06-12 10:53:00,1781261580,1608.00565389,1623.57379657,1605.60534849,1609.0578299,
2026-06-12 10:54:00,1781261640,1609.0578299,1624.45787174,1598.55636777,1599.46763482,
2026-06-12 10:55:00,1781261700,1599.46763482,1613.66835495,1583.4585598,1609.04228328,
2026-06-12 10:56:00,1781261760,1609.04228328,1624.25146031,1602.37932973,1604.63131583,
2026-06-12 10:57:00,1781261820,1604.63131583,1604.63131583,1564.58398929,1600.66983645,
2026-06-12 10:58:00,1781261880,1600.66983645,1636.69145659,1587.23141456,1606.1749431,
2026-06-12 10:59:00,1781261940,1606.1749431,1617.63574332,1592.11236836,1596.56344704,
2026-06-12 11:00:00,1781262000,1596.56344704,1612.56817563,1583.50845433,1583.55111395,
2026-06-12 11:01:00,1781262060,1583.55111395,1622.37957148,1582.52546441,1622.29254272,
2026-06-12 11:02:00,1781262120,1622.29254272,1678.73760188,1599.4526533,1670.02150612,
2026-06-12 11:03:00,1781262180,1670.02150612,1750.6667795,1663.50877047,1734.67853801,
2026-06-12 11:04:00,1781262240,1734.67853801,1743.33665542,1668.86551398,1701.64290365,
2026-06-12 11:05:00,1781262300,1701.64290365,1764.49932162,1687.30524839,1750.4595024,
2026-06-12 11:06:00,1781262360,1750.4595024,1765.2276304,1706.96309132,1708.78045458,
2026-06-12 11:07:00,1781262420,1708.78045458,1737.73581099,1703.41375185,1712.03922464,
2026-06-12 11:08:00,1781262480,1712.03922464,1721.92305491,1691.29932116,1691.29932116,
2026-06-12 11:09:00,1781262540,1691.29932116,1691.73670521,1652.14998572,1656.88434615,
2026-06-12 11:10:00,1781262600,1656.88434615,1669.04003585,1642.11923646,1642.2062751,
2026-06-12 11:11:00,1781262660,1642.2062751,1669.64479406,1638.55381806,1667.42186077,
2026-06-12 11:12:00,1781262720,1667.42186077,1710.62200294,1667.4098362,1700.94979087,
2026-06-12 11:13:00,1781262780,1700.94979087,1736.92834415,1699.84958741,1718.40065663,
2026-06-12 11:14:00,1781262840,1718.40065663,1728.9649536,1711.2669395,1713.92791515,
2026-06-12 11:15:00,1781262900,1713.92791515,1735.55609326,1711.74777177,1726.22788576,
2026-06-12 11:16:00,1781262960,1726.22788576,1726.49119014,1689.32825084,1713.58758121,
2026-06-12 11:17:00,1781263020,1713.58758121,1713.6741002,1681.24740154,1685.54171041,
2026-06-12 11:18:00,1781263080,1685.54171041,1692.6140975,1648.67478456,1670.07104996,
2026-06-12 11:19:00,1781263140,1670.07104996,1670.24433824,1653.64197604,1668.95160746,
2026-06-12 11:20:00,1781263200,1668.95160746,1714.16853107,1665.19360025,1692.29900017,
2026-06-12 11:21:00,1781263260,1692.29900017,1710.62784262,1685.55514085,1708.9491583,
2026-06-12 11:22:00,1781263320,1708.9491583,1729.1629683,1703.39638844,1725.28438521,
2026-06-12 11:23:00,1781263380,1725.28438521,1741.07555924,1708.25390121,1737.26398876,
2026-06-12 11:24:00,1781263440,1737.26398876,1758.69298176,1716.60629133,1749.45925796,
2026-06-12 11:25:00,1781263500,1749.45925796,1763.08421046,1730.5187137,1739.54526025,
2026-06-12 11:26:00,1781263560,1739.54526025,1745.14207025,1717.87487322,1719.1585031,
2026-06-12 11:27:00,1781263620,1719.1585031,1721.59282544,1711.80212607,1711.80212607,
2026-06-12 11:28:00,1781263680,1711.80212607,1741.01539994,1709.62365021,1738.21706326,
2026-06-12 11:29:00,1781263740,1738.21706326,1739.31719762,1710.04008568,1711.2688064,
2026-06-12 11:30:00,1781263800,1711.2688064,1711.69779924,1663.47473273,1682.61432593,
2026-06-12 11:31:00,1781263860,1682.61432593,1712.75330652,1659.53223844,1671.70724552,
2026-06-12 11:32:00,1781263920,1671.70724552,1688.78328511,1626.64302419,1633.59487019,
2026-06-12 11:33:00,1781263980,1633.59487019,1651.54538788,1623.27897793,1637.08736277,
2026-06-12 11:34:00,1781264040,1637.08736277,1654.89856516,1633.20629324,1638.88881553,
2026-06-12 11:35:00,1781264100,1638.88881553,1646.38946317,1589.44667475,1610.53811046,
2026-06-12 11:36:00,1781264160,1610.53811046,1621.10240144,1605.99379174,1612.57205744,
2026-06-12 11:37:00,1781264220,1612.57205744,1617.77138679,1596.03048195,1601.34017167,
2026-06-12 11:38:00,1781264280,1601.34017167,1619.57338925,1587.53882996,1598.48983609,
2026-06-12 11:39:00,1781264340,1598.48983609,1612.97068906,1588.01763366,1592.42723555,
2026-06-12 11:40:00,1781264400,1592.42723555,1627.93360488,1590.61335294,1624.62886516,
2026-06-12 11:41:00,1781264460,1624.62886516,1696.79610025,1615.33589412,1671.70981962,
2026-06-12 11:42:00,1781264520,1671.70981962,1676.92890843,1655.39025266,1667.56571431,
2026-06-12 11:43:00,1781264580,1667.56571431,1689.57123384,1657.27689271,1684.88280213,
2026-06-12 11:44:00,1781264640,1684.88280213,1688.76084293,1677.52419014,1686.16932477,
2026-06-12 11:45:00,1781264700,1686.16932477,1767.24970359,1686.07981893,1747.46187366,
2026-06-12 11:46:00,1781264760,1747.46187366,1747.46187366,1714.74371975,1725.37032237,
2026-06-12 11:47:00,1781264820,1725.37032237,1725.37032237,1679.63677313,1716.97340952,
2026-06-12 11:48:00,1781264880,1716.97340952,1729.70292983,1709.34128459,1720.67351777,
2026-06-12 11:49:00,1781264940,1720.67351777,1721.73345506,1698.88468204,1701.45478013,
2026-06-12 11:50:00,1781265000,1701.45478013,1711.49542504,1696.79085924,1704.61770608,
2026-06-12 11:51:00,1781265060,1704.61770608,1708.22863874,1680.97571626,1696.12515847,
2026-06-12 11:52:00,1781265120,1696.12515847,1708.87429375,1696.1235406,1707.15817938,
2026-06-12 11:53:00,1781265180,1707.15817938,1725.12766147,1690.03712983,1722.77288902,
2026-06-12 11:54:00,1781265240,1722.77288902,1725.30561807,1718.69429127,1724.04968195,
2026-06-12 11:55:00,1781265300,1724.04968195,1735.14876571,1699.38794909,1724.6707064,
2026-06-12 11:56:00,1781265360,1724.6707064,1724.6707064,1684.39046475,1705.96939963,
2026-06-12 11:57:00,1781265420,1705.96939963,1705.96939963,1687.11738588,1687.11738588,
2026-06-12 11:58:00,1781265480,1687.11738588,1692.03578318,1665.27482455,1683.25604457,
2026-06-12 11:59:00,1781265540,1683.25604457,1683.4083531,1650.11733404,1652.58889487,
2026-06-12 12:00:00,1781265600,1652.58889487,1652.58889487,1564.95602484,1569.33265613,
2026-06-12 12:01:00,1781265660,1569.33265613,1635.33431007,1550.60562595,1598.34151625,
2026-06-12 12:02:00,1781265720,1598.34151625,1649.11733923,1583.6527065,1637.87772511,
2026-06-12 12:03:00,1781265780,1637.87772511,1667.22024083,1635.59738258,1636.39221398,
2026-06-12 12:04:00,1781265840,1636.39221398,1638.89395543,1557.02361707,1574.4868847,
2026-06-12 12:05:00,1781265900,1574.4868847,1595.01791627,1565.43060012,1574.22359519,
2026-06-12 12:06:00,1781265960,1574.22359519,1599.12204253,1543.70252884,1558.707762,
2026-06-12 12:07:00,1781266020,1558.707762,1573.44065054,1549.71669185,1552.87879579,
2026-06-12 12:08:00,1781266080,1552.87879579,1583.90873033,1551.67092803,1577.3453902,
2026-06-12 12:09:00,1781266140,1577.3453902,1584.77466628,1562.24177081,1567.17258976,
2026-06-12 12:10:00,1781266200,1567.17258976,1602.27115296,1566.56436444,1586.30967109,
2026-06-12 12:11:00,1781266260,1586.30967109,1588.91320195,1548.21086886,1558.06644354,
2026-06-12 12:12:00,1781266320,1558.06644354,1558.06644354,1523.68316858,1523.74168415,
2026-06-12 12:13:00,1781266380,1523.74168415,1547.14510249,1523.73989214,1537.87685782,
2026-06-12 12:14:00,1781266440,1537.87685782,1540.67164388,1521.79108436,1531.70120859,
2026-06-12 12:15:00,1781266500,1531.70120859,1558.59283383,1523.12964352,1526.74033113,
2026-06-12 12:16:00,1781266560,1526.74033113,1555.0303464,1513.9069639,1546.01180753,
2026-06-12 12:17:00,1781266620,1546.01180753,1551.04561807,1528.32526008,1549.42550627,
2026-06-12 12:18:00,1781266680,1549.42550627,1554.56609591,1536.56761581,1539.50085178,
2026-06-12 12:19:00,1781266740,1539.50085178,1575.5253919,1538.6263946,1538.79911736,
2026-06-12 12:20:00,1781266800,1538.79911736,1551.774473,1497.35289021,1497.94997446,
2026-06-12 12:21:00,1781266860,1497.94997446,1512.02480929,1467.93972606,1469.21258982,
2026-06-12 12:22:00,1781266920,1469.21258982,1519.05525848,1469.21076468,1507.27959229,
2026-06-12 12:23:00,1781266980,1507.27959229,1516.15948037,1484.72105869,1498.22632549,
2026-06-12 12:24:00,1781267040,1498.22632549,1498.26941038,1465.81196046,1466.32042559,
2026-06-12 12:25:00,1781267100,1466.32042559,1470.39939861,1440.3417361,1455.95993633,
2026-06-12 12:26:00,1781267160,1455.95993633,1459.05418184,1444.67768238,1444.67768238,
2026-06-12 12:27:00,1781267220,1444.67768238,1446.58903025,1403.70579748,1419.33921103,
2026-06-12 12:28:00,1781267280,1419.33921103,1431.87894803,1391.98223246,1406.95168491,
2026-06-12 12:29:00,1781267340,1406.95168491,1406.95168491,1376.98312139,1376.98312139,
2026-06-12 12:30:00,1781267400,1376.98312139,1418.65726188,1365.12450412,1411.02573195,
2026-06-12 12:31:00,1781267460,1411.02573195,1432.50370484,1402.47122889,1406.25185744,
2026-06-12 12:32:00,1781267520,1406.25185744,1436.76745504,1406.25185744,1429.01205245,
2026-06-12 12:33:00,1781267580,1429.01205245,1453.41817202,1426.42804041,1440.32404853,
2026-06-12 12:34:00,1781267640,1440.32404853,1471.57392173,1432.32951242,1460.46478429,
2026-06-12 12:35:00,1781267700,1460.46478429,1475.51552119,1432.4433186,1435.75581415,
2026-06-12 12:36:00,1781267760,1435.75581415,1436.73518853,1416.00469345,1416.92913627,
2026-06-12 12:37:00,1781267820,1416.92913627,1447.41516291,1416.67506639,1428.85038491,
2026-06-12 12:38:00,1781267880,1428.85038491,1429.43868723,1383.62777161,1383.62777161,
2026-06-12 12:39:00,1781267940,1383.62777161,1383.62777161,1331.50668387,1349.89294012,
2026-06-12 12:40:00,1781268000,1349.89294012,1362.27413536,1322.16869003,1356.79962355,
2026-06-12 12:41:00,1781268060,1356.79962355,1379.83343149,1341.68812547,1371.12166069,
2026-06-12 12:42:00,1781268120,1371.12166069,1381.80151819,1350.06193843,1381.38207469,
2026-06-12 12:43:00,1781268180,1381.38207469,1402.51599135,1373.59189387,1396.85967586,
2026-06-12 12:44:00,1781268240,1396.85967586,1404.74573573,1322.72319303,1355.18370532,
2026-06-12 12:45:00,1781268300,1355.18370532,1363.16424375,1333.61932528,1356.0683912,
2026-06-12 12:46:00,1781268360,1356.0683912,1402.33484802,1353.90473255,1389.86106282,
2026-06-12 12:47:00,1781268420,1389.86106282,1408.94889371,1373.1655708,1399.59887985,
2026-06-12 12:48:00,1781268480,1399.59887985,1424.99519947,1377.61903658,1419.26064754,
2026-06-12 12:49:00,1781268540,1419.26064754,1439.61251658,1406.25329588,1406.25329588,
2026-06-12 12:50:00,1781268600,1406.25329588,1451.01727432,1395.05233926,1407.17777357,
2026-06-12 12:51:00,1781268660,1407.17777357,1413.24710224,1374.8078658,1391.21653075,
2026-06-12 12:52:00,1781268720,1391.21653075,1443.59424998,1390.37842393,1437.77690169,
2026-06-12 12:53:00,1781268780,1437.77690169,1437.77690169,1408.17108542,1408.57699719,
2026-06-12 12:54:00,1781268840,1408.57699719,1408.57699719,1344.11006229,1351.59762381,
2026-06-12 12:55:00,1781268900,1351.59762381,1369.19044143,1297.76388137,1341.13798356,
2026-06-12 12:56:00,1781268960,1341.13798356,1353.92574073,1325.86075885,1338.27239104,
2026-06-12 12:57:00,1781269020,1338.27239104,1376.1783081,1337.68615808,1371.46265727,
2026-06-12 12:58:00,1781269080,1371.46265727,1381.35362542,1360.81243296,1375.67897336,
2026-06-12 12:59:00,1781269140,1375.67897336,1404.95528759,1369.24596107,1372.88367267,
2026-06-12 13:00:00,1781269200,1372.88367267,1400.1069977,1356.01283991,1356.42718405,
2026-06-12 13:01:00,1781269260,1356.42718405,1361.9154975,1338.28191395,1347.6136151,
2026-06-12 13:02:00,1781269320,1347.6136151,1370.60446597,1315.66102436,1369.1342797,
2026-06-12 13:03:00,1781269380,1369.1342797,1369.46733428,1335.09962489,1353.18321606,
2026-06-12 13:04:00,1781269440,1353.18321606,1353.51735839,1336.19488125,1338.20076748,
2026-06-12 13:05:00,1781269500,1338.20076748,1361.62348398,1334.92778746,1356.47405183,
2026-06-12 13:06:00,1781269560,1356.47405183,1360.3386163,1337.34497795,1346.73166032,
2026-06-12 13:07:00,1781269620,1346.73166032,1372.06415037,1344.25280582,1361.45213894,
2026-06-12 13:08:00,1781269680,1361.45213894,1387.40419958,1361.45213894,1370.72615734,
2026-06-12 13:09:00,1781269740,1370.72615734,1409.96338158,1367.79114408,1367.80699638,
2026-06-12 13:10:00,1781269800,1367.80699638,1384.07885058,1343.11226756,1372.13275585,
2026-06-12 13:11:00,1781269860,1372.13275585,1373.1725542,1334.78374789,1338.57250759,
2026-06-12 13:12:00,1781269920,1338.57250759,1353.73618403,1296.79709739,1298.26067239,
2026-06-12 13:13:00,1781269980,1298.26067239,1348.78639244,1285.16151325,1346.92337776,
2026-06-12 13:14:00,1781270040,1346.92337776,1387.84296234,1344.78867615,1385.71614517,
2026-06-12 13:15:00,1781270100,1385.71614517,1392.36632364,1347.13675724,1347.13675724,
2026-06-12 13:16:00,1781270160,1347.13675724,1376.66295563,1347.13675724,1370.59828638,
2026-06-12 13:17:00,1781270220,1370.59828638,1387.34484936,1354.65840329,1365.34074394,
2026-06-12 13:18:00,1781270280,1365.34074394,1430.58913102,1361.36652243,1424.74803267,
2026-06-12 13:19:00,1781270340,1424.74803267,1427.34078954,1395.43769034,1401.89711285,
2026-06-12 13:20:00,1781270400,1401.89711285,1405.15005465,1374.48126675,1395.41013423,
2026-06-12 13:21:00,1781270460,1395.41013423,1395.6656252,1367.5474957,1376.13343548,
2026-06-12 13:22:00,1781270520,1376.13343548,1376.30314727,1338.09122021,1338.5895844,
2026-06-12 13:23:00,1781270580,1338.5895844,1344.84070992,1299.98966198,1301.50405294,
2026-06-12 13:24:00,1781270640,1301.50405294,1330.93314119,1300.91745947,1330.00968347,
2026-06-12 13:25:00,1781270700,1330.00968347,1336.59161886,1308.83391619,1315.10980827,
2026-06-12 13:26:00,1781270760,1315.10980827,1331.87296329,1314.10858002,1317.02168411,
2026-06-12 13:27:00,1781270820,1317.02168411,1324.37741301,1304.05095154,1318.5533628,
2026-06-12 13:28:00,1781270880,1318.5533628,1319.63879254,1273.16790514,1298.05684815,
2026-06-12 13:29:00,1781270940,1298.05684815,1328.62941605,1298.05684815,1320.49775573,
2026-06-12 13:30:00,1781271000,1320.49775573,1357.25661097,1229.18512463,1250.04300536,
2026-06-12 13:31:00,1781271060,1250.04300536,1272.2229454,1186.4604587,1189.17943391,
2026-06-12 13:32:00,1781271120,1189.17943391,1264.029238,1187.57972737,1219.89267221,
2026-06-12 13:33:00,1781271180,1219.89267221,1234.41730664,1184.28838946,1184.44640891,
2026-06-12 13:34:00,1781271240,1184.44640891,1230.25067931,1171.33260386,1186.18907125,
2026-06-12 13:35:00,1781271300,1186.18907125,1289.18427156,1165.19259263,1272.12147431,
2026-06-12 13:36:00,1781271360,1272.12147431,1274.02172996,1212.01008094,1232.91325463,
2026-06-12 13:37:00,1781271420,1232.91325463,1259.1295183,1201.3572945,1250.13482581,
2026-06-12 13:38:00,1781271480,1250.13482581,1279.82138712,1222.16582485,1259.49263743,
2026-06-12 13:39:00,1781271540,1259.49263743,1299.27120481,1238.22082368,1296.39155917,
2026-06-12 13:40:00,1781271600,1296.39155917,1315.83933542,1157.84846217,1173.44135308,
2026-06-12 13:41:00,1781271660,1173.44135308,1182.29481821,1076.24735892,1118.91369039,
2026-06-12 13:42:00,1781271720,1118.91369039,1118.91369039,1031.14647076,1031.2786113,
2026-06-12 13:43:00,1781271780,1031.2786113,1134.68449517,1022.41238749,1113.49104501,
2026-06-12 13:44:00,1781271840,1113.49104501,1122.03757643,1087.04480462,1090.14443884,
2026-06-12 13:45:00,1781271900,1090.14443884,1156.57991262,1074.72296458,1085.76719137,
2026-06-12 13:46:00,1781271960,1085.76719137,1151.84700499,1081.69193182,1132.62736663,
2026-06-12 13:47:00,1781272020,1132.62736663,1159.11551087,1126.96825789,1126.96825789,
2026-06-12 13:48:00,1781272080,1126.96825789,1135.53027563,1061.27894201,1102.2965134,
2026-06-12 13:49:00,1781272140,1102.2965134,1156.3998341,1091.05162855,1140.15201157,
2026-06-12 13:50:00,1781272200,1140.15201157,1178.63420848,1137.58551952,1170.05037891,
2026-06-12 13:51:00,1781272260,1170.05037891,1193.89556918,1126.44544787,1144.62386888,
2026-06-12 13:52:00,1781272320,1144.62386888,1170.59616823,1113.0225253,1165.18704519,
2026-06-12 13:53:00,1781272380,1165.18704519,1186.73135592,1096.9375255,1097.65301631,
2026-06-12 13:54:00,1781272440,1097.65301631,1114.09151938,1066.23023782,1099.31006795,
2026-06-12 13:55:00,1781272500,1099.31006795,1099.31006795,1055.08770161,1058.74258233,
2026-06-12 13:56:00,1781272560,1058.74258233,1089.22594048,1051.51381117,1074.97712338,
2026-06-12 13:57:00,1781272620,1074.97712338,1108.87736923,1070.53048165,1092.58049175,
2026-06-12 13:58:00,1781272680,1092.58049175,1121.7422414,1080.01612885,1115.77464603,
2026-06-12 13:59:00,1781272740,1115.77464603,1169.32787675,1109.67974456,1151.32203086,
2026-06-12 14:00:00,1781272800,1151.32203086,1334.50283519,1125.02592567,1316.68907502,
2026-06-12 14:01:00,1781272860,1316.68907502,1370.70324043,1278.18221622,1329.07007684,
2026-06-12 14:02:00,1781272920,1329.07007684,1338.63158276,1258.11423543,1282.22743751,
2026-06-12 14:03:00,1781272980,1282.22743751,1356.93061048,1251.19849205,1328.61294772,
2026-06-12 14:04:00,1781273040,1328.61294772,1332.24856993,1260.88246281,1288.59305675,
2026-06-12 14:05:00,1781273100,1288.59305675,1288.59305675,1232.07621697,1246.92904634,
2026-06-12 14:06:00,1781273160,1246.92904634,1324.91587921,1244.28920119,1324.22763784,
2026-06-12 14:07:00,1781273220,1324.22763784,1432.76118058,1320.88171952,1416.12214262,
2026-06-12 14:08:00,1781273280,1416.12214262,1420.37845165,1316.65411329,1321.72007409,
2026-06-12 14:09:00,1781273340,1321.72007409,1345.4721308,1305.89038454,1329.39852265,
2026-06-12 14:10:00,1781273400,1329.39852265,1345.58918156,1293.13175678,1345.58918156,
2026-06-12 14:11:00,1781273460,1345.58918156,1345.58918156,1273.28015295,1316.51824464,
2026-06-12 14:12:00,1781273520,1316.51824464,1334.10661385,1281.50996849,1281.50996849,
2026-06-12 14:13:00,1781273580,1281.50996849,1316.40062297,1247.11160425,1257.89475157,
2026-06-12 14:14:00,1781273640,1257.89475157,1341.38509539,1257.38795791,1330.92540546,
2026-06-12 14:15:00,1781273700,1330.92540546,1386.28343759,1318.00520647,1373.19374897,
2026-06-12 14:16:00,1781273760,1373.19374897,1388.46818103,1356.26801439,1382.9557462,
2026-06-12 14:17:00,1781273820,1382.9557462,1430.50271829,1364.63778099,1366.46311362,
2026-06-12 14:18:00,1781273880,1366.46311362,1366.46311362,1288.23774878,1301.0490877,
2026-06-12 14:19:00,1781273940,1301.0490877,1327.3837788,1291.32688287,1293.41278213,
2026-06-12 14:20:00,1781274000,1293.41278213,1337.67782117,1280.91414015,1326.64918219,
2026-06-12 14:21:00,1781274060,1326.64918219,1393.46490572,1268.50029422,1277.15102623,
2026-06-12 14:22:00,1781274120,1277.15102623,1283.45667357,1217.15803,1225.03109796,
2026-06-12 14:23:00,1781274180,1225.03109796,1274.39486546,1219.91564016,1268.22559352,
2026-06-12 14:24:00,1781274240,1268.22559352,1340.51645739,1268.22559352,1309.16461743,
2026-06-12 14:25:00,1781274300,1309.16461743,1463.32732742,1304.43395999,1436.52755964,
2026-06-12 14:26:00,1781274360,1436.52755964,1459.95368804,1367.6552098,1406.77177698,
2026-06-12 14:27:00,1781274420,1406.77177698,1500.18113797,1404.65508963,1472.1006612,
2026-06-12 14:28:00,1781274480,1472.1006612,1516.26083676,1450.01556536,1474.95532795,
2026-06-12 14:29:00,1781274540,1474.95532795,1500.45669438,1467.41517506,1490.12577486,
2026-06-12 14:30:00,1781274600,1490.12577486,1531.67023461,1483.81365476,1521.03650756,
2026-06-12 14:31:00,1781274660,1521.03650756,1549.54015046,1447.93639133,1473.32205737,
2026-06-12 14:32:00,1781274720,1473.32205737,1506.18332455,1436.27481526,1453.83687766,
2026-06-12 14:33:00,1781274780,1453.83687766,1485.72525255,1417.21720246,1466.65923116,
2026-06-12 14:34:00,1781274840,1466.65923116,1550.49905994,1466.65923116,1535.7872435,
2026-06-12 14:35:00,1781274900,1535.7872435,1589.54735517,1526.65428872,1544.78308841,
2026-06-12 14:36:00,1781274960,1544.78308841,1624.04772088,1517.04310926,1606.54128842,
2026-06-12 14:37:00,1781275020,1606.54128842,1627.52056681,1541.90907109,1575.12000022,
2026-06-12 14:38:00,1781275080,1575.12000022,1613.88147959,1562.6071761,1590.98096594,
2026-06-12 14:39:00,1781275140,1590.98096594,1621.0438978,1574.53083049,1575.75263901,
2026-06-12 14:40:00,1781275200,1575.75263901,1583.46516521,1490.27242311,1514.02043439,
2026-06-12 14:41:00,1781275260,1514.02043439,1525.3304995,1453.44511134,1475.92502549,
2026-06-12 14:42:00,1781275320,1475.92502549,1509.16656148,1457.11235097,1468.62425553,
2026-06-12 14:43:00,1781275380,1468.62425553,1472.25824605,1349.13191753,1357.80928898,
2026-06-12 14:44:00,1781275440,1357.80928898,1422.47257751,1357.80770591,1374.61349123,
2026-06-12 14:45:00,1781275500,1374.61349123,1424.08909174,1347.11731016,1405.0959049,
2026-06-12 14:46:00,1781275560,1405.0959049,1432.92590527,1373.16464583,1407.40364875,
2026-06-12 14:47:00,1781275620,1407.40364875,1422.74393689,1343.45404392,1368.3124172,
2026-06-12 14:48:00,1781275680,1368.3124172,1412.81919785,1355.22388425,1368.49392226,
2026-06-12 14:49:00,1781275740,1368.49392226,1389.99683644,1328.43085426,1382.95732901,
2026-06-12 14:50:00,1781275800,1382.95732901,1497.68843129,1378.89248976,1487.31035499,
2026-06-12 14:51:00,1781275860,1487.31035499,1499.06156099,1430.62855842,1431.04723198,
2026-06-12 14:52:00,1781275920,1431.04723198,1728.70561584,1417.59822154,1683.5810713,
2026-06-12 14:53:00,1781275980,1683.5810713,1770.45766332,1671.94471717,1700.50933704,
2026-06-12 14:54:00,1781276040,1700.50933704,1775.08138387,1682.46361322,1771.60620623,
2026-06-12 14:55:00,1781276100,1771.60620623,1824.10953023,1692.54405198,1709.0460055,
2026-06-12 14:56:00,1781276160,1709.0460055,1822.5539922,1696.70843132,1801.27378393,
2026-06-12 14:57:00,1781276220,1801.27378393,1817.44649877,1749.67887895,1798.5203872,
2026-06-12 14:58:00,1781276280,1798.5203872,1811.55751786,1755.94580759,1807.7151971,
2026-06-12 14:59:00,1781276340,1807.7151971,1835.58457668,1785.82762437,1833.42665385,
2026-06-12 15:00:00,1781276400,1833.42665385,1948.57091889,1815.39403999,1942.18898602,
2026-06-12 15:01:00,1781276460,1942.18898602,2015.68564685,1928.18816462,1993.44242905,
2026-06-12 15:02:00,1781276520,1993.44242905,2010.13171384,1930.40691516,1930.40691516,
2026-06-12 15:03:00,1781276580,1930.40691516,1972.44444448,1755.85339102,1758.51844532,
2026-06-12 15:04:00,1781276640,1758.51844532,1815.61664333,1734.62932,1767.96336598,
2026-06-12 15:05:00,1781276700,1767.96336598,1865.69084445,1762.65003296,1865.41071647,
2026-06-12 15:06:00,1781276760,1865.41071647,1946.0648903,1853.26791245,1927.62495027,
2026-06-12 15:07:00,1781276820,1927.62495027,2015.91858858,1899.2898029,1982.31130569,
2026-06-12 15:08:00,1781276880,1982.31130569,2001.70905058,1911.19057115,1940.63230814,
2026-06-12 15:09:00,1781276940,1940.63230814,1982.20781244,1917.25633837,1922.55587069,
2026-06-12 15:10:00,1781277000,1922.55587069,2066.49237599,1910.46966788,2066.49237599,
2026-06-12 15:11:00,1781277060,2066.49237599,2098.17251484,2047.73233624,2064.23501973,
2026-06-12 15:12:00,1781277120,2064.23501973,2086.87078788,1995.81701395,2082.90818546,
2026-06-12 15:13:00,1781277180,2082.90818546,2207.23882338,2081.70074224,2201.82518265,
2026-06-12 15:14:00,1781277240,2201.82518265,2206.77148356,2163.69000951,2194.69971016,
2026-06-12 15:15:00,1781277300,2194.69971016,2221.92327336,2138.5013036,2138.5013036,
2026-06-12 15:16:00,1781277360,2138.5013036,2160.71792643,2111.39443999,2159.19921147,
2026-06-12 15:17:00,1781277420,2159.19921147,2216.45890809,2152.77188489,2167.46566508,
2026-06-12 15:18:00,1781277480,2167.46566508,2183.86717661,2120.96753562,2153.77746566,
2026-06-12 15:19:00,1781277540,2153.77746566,2158.48164648,2082.47828391,2108.44779807,
2026-06-12 15:20:00,1781277600,2108.44779807,2119.11214017,2048.93707151,2063.64934057,
2026-06-12 15:21:00,1781277660,2063.64934057,2113.07016707,2047.60982801,2079.59878572,
2026-06-12 15:22:00,1781277720,2079.59878572,2112.37683453,2036.61205814,2065.30100458,
2026-06-12 15:23:00,1781277780,2065.30100458,2104.76865623,2039.05763379,2077.76828926,
2026-06-12 15:24:00,1781277840,2077.76828926,2116.95943997,2074.05233267,2095.12503526,
2026-06-12 15:25:00,1781277900,2095.12503526,2147.29539679,2095.12503526,2140.80223951,
2026-06-12 15:26:00,1781277960,2140.80223951,2146.13085832,2080.44682597,2103.12865677,
2026-06-12 15:27:00,1781278020,2103.12865677,2134.16032459,2092.14636234,2127.87531787,
2026-06-12 15:28:00,1781278080,2127.87531787,2129.77875339,2025.66320439,2032.25023411,
2026-06-12 15:29:00,1781278140,2032.25023411,2069.91590565,1969.73316329,1970.51701689,
2026-06-12 15:30:00,1781278200,1970.51701689,1975.67694963,1887.58018045,1919.06988881,
2026-06-12 15:31:00,1781278260,1919.06988881,1929.9154291,1844.03010441,1871.63556445,
2026-06-12 15:32:00,1781278320,1871.63556445,1922.46811801,1838.64720652,1847.91521507,
2026-06-12 15:33:00,1781278380,1847.91521507,1868.30269551,1802.42264415,1809.58388628,
2026-06-12 15:34:00,1781278440,1809.58388628,1821.63176987,1774.4172105,1775.56768009,
2026-06-12 15:35:00,1781278500,1775.56768009,1910.57979578,1751.80841628,1910.57979578,
2026-06-12 15:36:00,1781278560,1910.57979578,1910.86278028,1816.09419085,1834.12734521,
2026-06-12 15:37:00,1781278620,1834.12734521,1860.9731312,1748.71005299,1769.05053357,
2026-06-12 15:38:00,1781278680,1769.05053357,1797.43660981,1713.11795247,1729.73251689,
2026-06-12 15:39:00,1781278740,1729.73251689,1814.521367,1709.72715679,1793.27068946,
2026-06-12 15:40:00,1781278800,1793.27068946,1822.53518007,1726.26526323,1732.2508575,
2026-06-12 15:41:00,1781278860,1732.2508575,1783.99217585,1685.84738865,1704.56707106,
2026-06-12 15:42:00,1781278920,1704.56707106,1721.61860972,1653.38152887,1700.80354572,
2026-06-12 15:43:00,1781278980,1700.80354572,1763.76634573,1687.19428146,1763.76634573,
2026-06-12 15:44:00,1781279040,1763.76634573,1764.79473271,1717.70686652,1745.78146145,
2026-06-12 15:45:00,1781279100,1745.78146145,1758.10967092,1693.40068199,1728.56880204,
2026-06-12 15:46:00,1781279160,1728.56880204,1778.430027,1689.20790516,1701.09754512,
2026-06-12 15:47:00,1781279220,1701.09754512,1706.95698548,1624.39641638,1631.84233628,
2026-06-12 15:48:00,1781279280,1631.84233628,1639.74662793,1553.36113002,1573.59787046,
2026-06-12 15:49:00,1781279340,1573.59787046,1598.71412113,1526.26219023,1551.95947156,
2026-06-12 15:50:00,1781279400,1551.95947156,1621.17370517,1551.86398385,1611.09087646,
2026-06-12 15:51:00,1781279460,1611.09087646,1634.32996691,1580.58634578,1610.1398571,
2026-06-12 15:52:00,1781279520,1610.1398571,1656.40330717,1603.95363885,1652.89574773,
2026-06-12 15:53:00,1781279580,1652.89574773,1695.39659951,1641.51560509,1665.85174458,
2026-06-12 15:54:00,1781279640,1665.85174458,1707.93478205,1653.60836682,1690.37969211,
2026-06-12 15:55:00,1781279700,1690.37969211,1693.71470642,1598.48305406,1600.86064278,
2026-06-12 15:56:00,1781279760,1600.86064278,1621.22502028,1521.21455044,1551.92118103,
2026-06-12 15:57:00,1781279820,1551.92118103,1574.22630181,1544.17909524,1548.8448256,
2026-06-12 15:58:00,1781279880,1548.8448256,1557.06554553,1508.47712746,1508.47712746,
2026-06-12 15:59:00,1781279940,1508.47712746,1508.47712746,1414.04536017,1451.94824505,
2026-06-12 16:00:00,1781280000,1451.94824505,1543.77301437,1436.8487829,1510.79562091,
2026-06-12 16:01:00,1781280060,1510.79562091,1534.93442557,1459.10771381,1466.99132323,
2026-06-12 16:02:00,1781280120,1466.99132323,1479.58887036,1396.92259317,1397.831434,
2026-06-12 16:03:00,1781280180,1397.831434,1524.88689924,1376.99660313,1518.255369,
2026-06-12 16:04:00,1781280240,1518.255369,1584.80572682,1511.81046478,1527.80429715,
2026-06-12 16:05:00,1781280300,1527.80429715,1549.73842584,1502.82096613,1515.36811528,
2026-06-12 16:06:00,1781280360,1515.36811528,1574.8276058,1514.25942604,1569.14219855,
