datetime,time,open,high,low,close,volume
2026-06-10 12:00:00,1781092800,640.72997874,1587.60157043,616.26009806,1587.53301607,
2026-06-10 12:01:00,1781092860,1587.53301607,1589.21983303,1563.52499867,1584.1793245,
2026-06-10 12:02:00,1781092920,1584.1793245,1600.9016768,1566.66943101,1600.9016768,
2026-06-10 12:03:00,1781092980,1600.9016768,1627.51544792,1600.57372041,1607.24127881,
2026-06-10 12:04:00,1781093040,1607.24127881,1646.29567022,1605.31085572,1643.80963991,
2026-06-10 12:05:00,1781093100,1643.80963991,1676.18791916,1643.80963991,1668.10320964,
2026-06-10 12:06:00,1781093160,1668.10320964,1692.05516784,1667.92084147,1681.01058231,
2026-06-10 12:07:00,1781093220,1681.01058231,1681.22276668,1644.82485189,1644.88727843,
2026-06-10 12:08:00,1781093280,1644.88727843,1652.30312489,1608.55452677,1624.56158987,
2026-06-10 12:09:00,1781093340,1624.56158987,1662.86157581,1623.45253193,1648.70017445,
2026-06-10 12:10:00,1781093400,1648.70017445,1679.81288775,1648.04014889,1679.5715184,
2026-06-10 12:11:00,1781093460,1679.5715184,1696.85263413,1675.57689879,1695.56882422,
2026-06-10 12:12:00,1781093520,1695.56882422,1704.2216761,1675.84037808,1690.62985969,
2026-06-10 12:13:00,1781093580,1690.62985969,1723.12461947,1671.63987656,1712.30342391,
2026-06-10 12:14:00,1781093640,1712.30342391,1721.61585916,1690.62909848,1704.20262665,
2026-06-10 12:15:00,1781093700,1704.20262665,1741.35647432,1650.27189355,1663.15860902,
2026-06-10 12:16:00,1781093760,1663.15860902,1688.3060914,1663.15860902,1687.0086468,
2026-06-10 12:17:00,1781093820,1687.0086468,1688.63161262,1657.49853007,1684.24292329,
2026-06-10 12:18:00,1781093880,1684.24292329,1689.02815913,1645.67554875,1658.90824632,
2026-06-10 12:19:00,1781093940,1658.90824632,1672.34447769,1629.29962332,1644.02722056,
2026-06-10 12:20:00,1781094000,1644.02722056,1660.55007798,1635.90781333,1648.12501369,
2026-06-10 12:21:00,1781094060,1648.12501369,1681.88465871,1647.64318366,1665.00376961,
2026-06-10 12:22:00,1781094120,1665.00376961,1669.61385156,1620.41573895,1623.25297697,
2026-06-10 12:23:00,1781094180,1623.25297697,1646.55107993,1619.08936582,1635.97820372,
2026-06-10 12:24:00,1781094240,1635.97820372,1649.76127947,1621.40988894,1630.70150582,
2026-06-10 12:25:00,1781094300,1630.70150582,1662.41772512,1630.46208364,1657.73254831,
2026-06-10 12:26:00,1781094360,1657.73254831,1678.20471742,1648.33082349,1673.87976841,
2026-06-10 12:27:00,1781094420,1673.87976841,1673.87976841,1652.98504564,1660.96163544,
2026-06-10 12:28:00,1781094480,1660.96163544,1702.38282382,1660.95921653,1678.43025433,
2026-06-10 12:29:00,1781094540,1678.43025433,1706.38876503,1667.57005084,1701.25594484,
2026-06-10 12:30:00,1781094600,1701.25594484,2012.80690862,1685.85825681,1926.49350342,
2026-06-10 12:31:00,1781094660,1926.49350342,2046.6366593,1893.36843841,1925.43968847,
2026-06-10 12:32:00,1781094720,1925.43968847,2047.27913564,1892.59033806,2023.89167432,
2026-06-10 12:33:00,1781094780,2023.89167432,2210.16556649,2018.14214273,2164.69393198,
2026-06-10 12:34:00,1781094840,2164.69393198,2171.25802402,2031.79400016,2042.53201869,
2026-06-10 12:35:00,1781094900,2042.53201869,2065.49275405,1976.36156717,1984.07404001,
2026-06-10 12:36:00,1781094960,1984.07404001,2094.99319891,1981.50954234,2093.94216481,
2026-06-10 12:37:00,1781095020,2093.94216481,2093.94216481,2046.95648217,2046.95648217,
2026-06-10 12:38:00,1781095080,2046.95648217,2086.82563344,2007.3141726,2085.81711824,
2026-06-10 12:39:00,1781095140,2085.81711824,2088.66244453,2029.2835218,2055.03227085,
2026-06-10 12:40:00,1781095200,2055.03227085,2056.31458585,2008.02862138,2029.44789485,
2026-06-10 12:41:00,1781095260,2029.44789485,2074.42738444,2006.55827831,2040.52409566,
2026-06-10 12:42:00,1781095320,2040.52409566,2063.86232328,1990.98572774,2004.85197471,
2026-06-10 12:43:00,1781095380,2004.85197471,2033.02065819,2001.38984427,2001.45590587,
2026-06-10 12:44:00,1781095440,2001.45590587,2027.26075941,2000.00750038,2020.16755507,
2026-06-10 12:45:00,1781095500,2020.16755507,2043.53524215,1992.75819285,2004.39827546,
2026-06-10 12:46:00,1781095560,2004.39827546,2066.97817104,2001.33714594,2057.64278758,
2026-06-10 12:47:00,1781095620,2057.64278758,2080.24351316,2038.09245962,2038.09245962,
2026-06-10 12:48:00,1781095680,2038.09245962,2089.31114432,2033.43275812,2061.97110302,
2026-06-10 12:49:00,1781095740,2061.97110302,2083.87490662,2057.33899553,2071.82370012,
2026-06-10 12:50:00,1781095800,2071.82370012,2073.04133463,2028.52747389,2060.65023597,
2026-06-10 12:51:00,1781095860,2060.65023597,2060.90238925,2017.15752347,2022.48578555,
2026-06-10 12:52:00,1781095920,2022.48578555,2027.82034931,1983.97873939,1991.41358196,
2026-06-10 12:53:00,1781095980,1991.41358196,2010.82305716,1989.22854523,2006.80585042,
2026-06-10 12:54:00,1781096040,2006.80585042,2023.61979665,1980.26654515,1986.84455921,
2026-06-10 12:55:00,1781096100,1986.84455921,1990.51495123,1963.80694687,1966.78709583,
2026-06-10 12:56:00,1781096160,1966.78709583,1992.04225528,1966.78709583,1985.76101529,
2026-06-10 12:57:00,1781096220,1985.76101529,1998.70496315,1968.09707742,1970.04990203,
2026-06-10 12:58:00,1781096280,1970.04990203,1970.04990203,1943.32275796,1943.51913407,
2026-06-10 12:59:00,1781096340,1943.51913407,1949.75144481,1900.79602089,1900.79602089,
2026-06-10 13:00:00,1781096400,1900.79602089,1938.80807643,1892.82441878,1920.98280737,
2026-06-10 13:01:00,1781096460,1920.98280737,1924.56006243,1862.37795665,1863.43521303,
2026-06-10 13:02:00,1781096520,1863.43521303,1873.76566968,1851.95624617,1852.9164805,
2026-06-10 13:03:00,1781096580,1852.9164805,1861.94787725,1845.66573304,1859.92714516,
2026-06-10 13:04:00,1781096640,1859.92714516,1870.78890326,1844.54676273,1868.90182916,
2026-06-10 13:05:00,1781096700,1868.90182916,1872.76484497,1848.34541068,1871.48035278,
2026-06-10 13:06:00,1781096760,1871.48035278,1905.50057914,1871.48035278,1894.9181538,
2026-06-10 13:07:00,1781096820,1894.9181538,1909.33803771,1879.88576383,1887.81840894,
2026-06-10 13:08:00,1781096880,1887.81840894,1911.86080767,1885.6331924,1886.09274649,
2026-06-10 13:09:00,1781096940,1886.09274649,1894.14549213,1875.82799966,1887.20475391,
2026-06-10 13:10:00,1781097000,1887.20475391,1890.70063577,1836.57765602,1838.35480246,
2026-06-10 13:11:00,1781097060,1838.35480246,1853.77651432,1837.39333343,1847.16732354,
2026-06-10 13:12:00,1781097120,1847.16732354,1883.81143623,1838.53862294,1868.99774525,
2026-06-10 13:13:00,1781097180,1868.99774525,1874.85196511,1857.57715953,1857.57715953,
2026-06-10 13:14:00,1781097240,1857.57715953,1864.68025078,1832.97282738,1850.17391586,
2026-06-10 13:15:00,1781097300,1850.17391586,1857.37002383,1816.43404266,1825.60031273,
2026-06-10 13:16:00,1781097360,1825.60031273,1841.23481214,1814.08013136,1823.81472647,
2026-06-10 13:17:00,1781097420,1823.81472647,1830.99429744,1805.32777754,1807.53861548,
2026-06-10 13:18:00,1781097480,1807.53861548,1830.03776464,1807.27060031,1815.75949198,
2026-06-10 13:19:00,1781097540,1815.75949198,1822.13063763,1803.52122034,1816.39700096,
2026-06-10 13:20:00,1781097600,1816.39700096,1817.80727192,1797.52951931,1816.46236448,
2026-06-10 13:21:00,1781097660,1816.46236448,1871.02949518,1813.66122125,1862.30334089,
2026-06-10 13:22:00,1781097720,1862.30334089,1864.62422905,1808.27066467,1828.18705459,
2026-06-10 13:23:00,1781097780,1828.18705459,1848.4736017,1828.1848592,1845.08564298,
2026-06-10 13:24:00,1781097840,1845.08564298,1857.45863015,1827.06473288,1842.85257348,
2026-06-10 13:25:00,1781097900,1842.85257348,1844.29926498,1789.4033397,1813.30510419,
2026-06-10 13:26:00,1781097960,1813.30510419,1816.77436193,1781.75782693,1783.42976247,
2026-06-10 13:27:00,1781098020,1783.42976247,1857.40211381,1783.08957878,1855.81767506,
2026-06-10 13:28:00,1781098080,1855.81767506,1878.7860483,1843.46492049,1852.88827711,
2026-06-10 13:29:00,1781098140,1852.88827711,1864.47609244,1840.06134818,1858.79401803,
2026-06-10 13:30:00,1781098200,1858.79401803,1982.20098765,1817.83554606,1973.26013204,
2026-06-10 13:31:00,1781098260,1973.26013204,2030.77266257,1937.61349726,2005.32596378,
2026-06-10 13:32:00,1781098320,2005.32596378,2017.15559968,1931.84918883,1953.90546056,
2026-06-10 13:33:00,1781098380,1953.90546056,1973.05523185,1907.89470862,1952.17769736,
2026-06-10 13:34:00,1781098440,1952.17769736,2013.78742732,1947.19932852,1994.98784783,
2026-06-10 13:35:00,1781098500,1994.98784783,2074.0689597,1973.11071035,2036.18374969,
2026-06-10 13:36:00,1781098560,2036.18374969,2122.12425407,2022.15379077,2091.91458388,
2026-06-10 13:37:00,1781098620,2091.91458388,2255.20258229,2091.91458388,2247.11081613,
2026-06-10 13:38:00,1781098680,2247.11081613,2257.82179721,2185.05637235,2223.06939462,
2026-06-10 13:39:00,1781098740,2223.06939462,2272.91674483,2203.92077529,2270.58115875,
2026-06-10 13:40:00,1781098800,2270.58115875,2309.65683066,2219.55221598,2274.92758279,
2026-06-10 13:41:00,1781098860,2274.92758279,2288.21648713,2199.42379813,2212.92404354,
2026-06-10 13:42:00,1781098920,2212.92404354,2310.79578044,2195.59487631,2243.99030307,
2026-06-10 13:43:00,1781098980,2243.99030307,2380.82731224,2241.12677309,2367.06012563,
2026-06-10 13:44:00,1781099040,2367.06012563,2431.09566366,2330.49136076,2428.07103613,
2026-06-10 13:45:00,1781099100,2428.07103613,2440.81206999,2314.99335177,2374.12328585,
2026-06-10 13:46:00,1781099160,2374.12328585,2381.14263229,2318.58166646,2318.58166646,
2026-06-10 13:47:00,1781099220,2318.58166646,2417.25421776,2311.00294691,2374.16233277,
2026-06-10 13:48:00,1781099280,2374.16233277,2425.77018957,2345.26183391,2420.78736916,
2026-06-10 13:49:00,1781099340,2420.78736916,2479.26334368,2408.25860111,2470.0204116,
2026-06-10 13:50:00,1781099400,2470.0204116,2476.34198413,2357.81982368,2379.486671,
2026-06-10 13:51:00,1781099460,2379.486671,2394.82056319,2315.93827018,2316.82364072,
2026-06-10 13:52:00,1781099520,2316.82364072,2375.76481869,2315.71259701,2317.54464909,
2026-06-10 13:53:00,1781099580,2317.54464909,2339.09395069,2282.22069952,2290.44216354,
2026-06-10 13:54:00,1781099640,2290.44216354,2338.90762488,2276.70174047,2301.57146809,
2026-06-10 13:55:00,1781099700,2301.57146809,2331.96445889,2283.86124063,2310.94346674,
2026-06-10 13:56:00,1781099760,2310.94346674,2318.83015426,2257.90232848,2258.33976923,
2026-06-10 13:57:00,1781099820,2258.33976923,2322.11008695,2247.66696625,2271.89611623,
2026-06-10 13:58:00,1781099880,2271.89611623,2271.89611623,2197.38455207,2207.18290361,
2026-06-10 13:59:00,1781099940,2207.18290361,2250.94750364,2204.96894737,2246.91879612,
2026-06-10 14:00:00,1781100000,2246.91879612,2258.79086032,2197.79350741,2209.02280144,
2026-06-10 14:01:00,1781100060,2209.02280144,2225.31609151,2161.52876182,2162.57178139,
2026-06-10 14:02:00,1781100120,2162.57178139,2218.69093644,2150.25013486,2212.70003161,
2026-06-10 14:03:00,1781100180,2212.70003161,2297.86939876,2196.84129876,2282.74301837,
2026-06-10 14:04:00,1781100240,2282.74301837,2296.10935784,2254.46797592,2290.16814052,
2026-06-10 14:05:00,1781100300,2290.16814052,2304.49458655,2246.377293,2265.16604647,
2026-06-10 14:06:00,1781100360,2265.16604647,2313.25016677,2252.7355848,2289.57961277,
2026-06-10 14:07:00,1781100420,2289.57961277,2306.92963299,2258.84388244,2264.4009985,
2026-06-10 14:08:00,1781100480,2264.4009985,2322.38369487,2248.2172822,2322.38369487,
2026-06-10 14:09:00,1781100540,2322.38369487,2322.38369487,2287.20371662,2293.21621285,
2026-06-10 14:10:00,1781100600,2293.21621285,2308.14272817,2239.60595484,2260.25998952,
2026-06-10 14:11:00,1781100660,2260.25998952,2281.74604966,2245.62840328,2266.06199993,
2026-06-10 14:12:00,1781100720,2266.06199993,2283.48079531,2258.15256609,2260.76906292,
2026-06-10 14:13:00,1781100780,2260.76906292,2263.34693709,2160.17218866,2220.52244342,
2026-06-10 14:14:00,1781100840,2220.52244342,2223.56896756,2126.79069547,2131.08654909,
2026-06-10 14:15:00,1781100900,2131.08654909,2135.54354424,2059.68074206,2059.68074206,
2026-06-10 14:16:00,1781100960,2059.68074206,2173.04362433,2053.87210023,2169.6549288,
2026-06-10 14:17:00,1781101020,2169.6549288,2170.0915745,2075.7822636,2082.26741847,
2026-06-10 14:18:00,1781101080,2082.26741847,2087.43934783,2032.17347313,2059.47691164,
2026-06-10 14:19:00,1781101140,2059.47691164,2065.28817578,2020.38845688,2062.15113702,
2026-06-10 14:20:00,1781101200,2062.15113702,2095.5933216,2030.87622961,2030.87622961,
2026-06-10 14:21:00,1781101260,2030.87622961,2070.26652903,2013.07793835,2057.53305999,
2026-06-10 14:22:00,1781101320,2057.53305999,2128.96347582,2046.41696648,2112.35660377,
2026-06-10 14:23:00,1781101380,2112.35660377,2138.2369709,2080.05465311,2128.81031631,
2026-06-10 14:24:00,1781101440,2128.81031631,2221.95100062,2119.70010449,2213.2227939,
2026-06-10 14:25:00,1781101500,2213.2227939,2231.39118609,2098.46803556,2119.71055205,
2026-06-10 14:26:00,1781101560,2119.71055205,2162.81446656,2117.42325948,2144.19202509,
2026-06-10 14:27:00,1781101620,2144.19202509,2194.21669469,2144.19202509,2193.62490915,
2026-06-10 14:28:00,1781101680,2193.62490915,2205.65567797,2128.74612526,2153.90503428,
2026-06-10 14:29:00,1781101740,2153.90503428,2164.10100482,2116.63245959,2145.43772609,
2026-06-10 14:30:00,1781101800,2145.43772609,2157.38561811,2107.26912577,2124.65996217,
2026-06-10 14:31:00,1781101860,2124.65996217,2124.87773413,2011.61059178,2012.24639289,
2026-06-10 14:32:00,1781101920,2012.24639289,2070.89866744,1994.63205497,2070.89866744,
2026-06-10 14:33:00,1781101980,2070.89866744,2109.99947791,2029.61751224,2099.18376674,
2026-06-10 14:34:00,1781102040,2099.18376674,2130.19004009,2065.20518532,2121.21099286,
2026-06-10 14:35:00,1781102100,2121.21099286,2124.02522072,2068.21184321,2074.02123279,
2026-06-10 14:36:00,1781102160,2074.02123279,2074.16490072,2028.13308253,2049.07986813,
2026-06-10 14:37:00,1781102220,2049.07986813,2050.672532,1966.97465328,1985.35407343,
2026-06-10 14:38:00,1781102280,1985.35407343,2007.45340734,1969.18858706,1984.81623572,
2026-06-10 14:39:00,1781102340,1984.81623572,2040.80585778,1981.71397087,2040.16075899,
2026-06-10 14:40:00,1781102400,2040.16075899,2104.3340867,2032.73369161,2102.95521391,
2026-06-10 14:41:00,1781102460,2102.95521391,2185.35465938,2101.11945565,2166.45098198,
2026-06-10 14:42:00,1781102520,2166.45098198,2184.92962364,2116.91778424,2116.99029228,
2026-06-10 14:43:00,1781102580,2116.99029228,2156.42575107,2113.49898296,2115.82161633,
2026-06-10 14:44:00,1781102640,2115.82161633,2129.44884762,2060.71571671,2060.71571671,
2026-06-10 14:45:00,1781102700,2060.71571671,2086.35140353,2021.60711659,2056.3065647,
2026-06-10 14:46:00,1781102760,2056.3065647,2060.77787116,2037.80604421,2051.30931035,
2026-06-10 14:47:00,1781102820,2051.30931035,2119.91195432,2047.22284207,2097.23319264,
2026-06-10 14:48:00,1781102880,2097.23319264,2107.0852867,2046.61521982,2055.64671048,
2026-06-10 14:49:00,1781102940,2055.64671048,2062.66957892,2003.08104616,2055.97520737,
2026-06-10 14:50:00,1781103000,2055.97520737,2082.58417145,2007.46427651,2050.01189037,
2026-06-10 14:51:00,1781103060,2050.01189037,2081.43603247,2026.64327844,2037.78026003,
2026-06-10 14:52:00,1781103120,2037.78026003,2040.60833332,2002.6113715,2015.26578325,
2026-06-10 14:53:00,1781103180,2015.26578325,2030.64296042,1999.98339191,2020.7877244,
2026-06-10 14:54:00,1781103240,2020.7877244,2057.12152984,2017.2749563,2035.3881525,
2026-06-10 14:55:00,1781103300,2035.3881525,2082.14305395,2004.40124912,2010.18238787,
2026-06-10 14:56:00,1781103360,2010.18238787,2026.74284839,1989.19684707,2014.66890902,
2026-06-10 14:57:00,1781103420,2014.66890902,2028.56679682,1962.32644261,2016.77114871,
2026-06-10 14:58:00,1781103480,2016.77114871,2144.00040518,2012.21877691,2138.74370752,
2026-06-10 14:59:00,1781103540,2138.74370752,2244.94531923,2130.25729768,2241.99788142,
2026-06-10 15:00:00,1781103600,2241.99788142,2309.64893009,2209.15344606,2299.91724055,
2026-06-10 15:01:00,1781103660,2299.91724055,2416.54197609,2278.30069251,2372.16547231,
2026-06-10 15:02:00,1781103720,2372.16547231,2390.92955526,2315.44276553,2347.96586821,
2026-06-10 15:03:00,1781103780,2347.96586821,2387.29467846,2309.18037697,2328.36891098,
2026-06-10 15:04:00,1781103840,2328.36891098,2343.5821436,2205.39838792,2237.27392935,
2026-06-10 15:05:00,1781103900,2237.27392935,2240.01267704,2110.15098797,2110.34793413,
2026-06-10 15:06:00,1781103960,2110.34793413,2146.99342561,2079.31134205,2079.31134205,
2026-06-10 15:07:00,1781104020,2079.31134205,2138.425951,2062.80958147,2134.65250213,
2026-06-10 15:08:00,1781104080,2134.65250213,2134.65250213,2056.13237106,2087.30394208,
2026-06-10 15:09:00,1781104140,2087.30394208,2109.72019584,2056.45080085,2057.26340163,
2026-06-10 15:10:00,1781104200,2057.26340163,2076.29176449,2047.55167286,2072.37966478,
2026-06-10 15:11:00,1781104260,2072.37966478,2076.04242732,2003.56460659,2036.79456067,
2026-06-10 15:12:00,1781104320,2036.79456067,2056.52694164,2020.62604733,2056.52694164,
2026-06-10 15:13:00,1781104380,2056.52694164,2127.16098386,2053.42999054,2110.88867582,
2026-06-10 15:14:00,1781104440,2110.88867582,2112.48018683,2057.26233457,2058.77721153,
2026-06-10 15:15:00,1781104500,2058.77721153,2059.08910061,2000.95591676,2010.0887386,
2026-06-10 15:16:00,1781104560,2010.0887386,2077.86331303,1995.5853886,2063.12820158,
2026-06-10 15:17:00,1781104620,2063.12820158,2102.73753032,2060.73407008,2088.94511045,
2026-06-10 15:18:00,1781104680,2088.94511045,2089.30870098,2040.31724346,2075.05766056,
2026-06-10 15:19:00,1781104740,2075.05766056,2178.43041035,2074.4874827,2172.63570906,
2026-06-10 15:20:00,1781104800,2172.63570906,2242.09670847,2154.47665177,2239.9389019,
2026-06-10 15:21:00,1781104860,2239.9389019,2329.23915803,2237.70231096,2298.09626201,
2026-06-10 15:22:00,1781104920,2298.09626201,2323.27417791,2251.18411971,2284.37224737,
2026-06-10 15:23:00,1781104980,2284.37224737,2346.94799267,2277.86241005,2343.22898978,
2026-06-10 15:24:00,1781105040,2343.22898978,2371.0075295,2310.36438055,2332.84239127,
2026-06-10 15:25:00,1781105100,2332.84239127,2374.16326081,2330.1922947,2335.99438297,
2026-06-10 15:26:00,1781105160,2335.99438297,2344.28076813,2306.34116317,2324.97269231,
2026-06-10 15:27:00,1781105220,2324.97269231,2324.97269231,2292.30412952,2318.99748539,
2026-06-10 15:28:00,1781105280,2318.99748539,2370.13512632,2318.84495129,2334.51798635,
2026-06-10 15:29:00,1781105340,2334.51798635,2350.84752854,2302.3598245,2302.46459706,
2026-06-10 15:30:00,1781105400,2302.46459706,2380.76373057,2291.12911268,2370.76782215,
2026-06-10 15:31:00,1781105460,2370.76782215,2393.98354887,2331.46278695,2342.61046903,
2026-06-10 15:32:00,1781105520,2342.61046903,2367.85416446,2328.28941035,2347.96560298,
2026-06-10 15:33:00,1781105580,2347.96560298,2387.72467178,2326.29160403,2336.63519605,
2026-06-10 15:34:00,1781105640,2336.63519605,2379.988156,2323.67224504,2339.24796901,
2026-06-10 15:35:00,1781105700,2339.24796901,2359.47988514,2328.91026347,2331.93073224,
2026-06-10 15:36:00,1781105760,2331.93073224,2380.41943401,2325.14495161,2365.44849734,
2026-06-10 15:37:00,1781105820,2365.44849734,2370.09721493,2339.3551207,2353.96134148,
2026-06-10 15:38:00,1781105880,2353.96134148,2354.0353062,2268.64901387,2273.19518113,
2026-06-10 15:39:00,1781105940,2273.19518113,2328.78583023,2249.75737068,2307.593778,
2026-06-10 15:40:00,1781106000,2307.593778,2307.8929836,2269.95689306,2272.94414066,
2026-06-10 15:41:00,1781106060,2272.94414066,2323.92982254,2252.46592707,2314.03830718,
2026-06-10 15:42:00,1781106120,2314.03830718,2362.10325438,2291.31330729,2302.41983784,
2026-06-10 15:43:00,1781106180,2302.41983784,2363.7841279,2302.41983784,2353.5248221,
2026-06-10 15:44:00,1781106240,2353.5248221,2413.48285061,2353.5248221,2392.97456804,
2026-06-10 15:45:00,1781106300,2392.97456804,2413.40526571,2355.11772924,2409.87438732,
2026-06-10 15:46:00,1781106360,2409.87438732,2537.51573105,2409.87438732,2509.16914227,
2026-06-10 15:47:00,1781106420,2509.16914227,2509.4921468,2336.53690963,2336.53690963,
2026-06-10 15:48:00,1781106480,2336.53690963,2357.56547552,2211.17417364,2211.83838892,
2026-06-10 15:49:00,1781106540,2211.83838892,2342.76277052,2204.90554959,2326.26746521,
2026-06-10 15:50:00,1781106600,2326.26746521,2396.1453887,2271.11830755,2324.75026825,
2026-06-10 15:51:00,1781106660,2324.75026825,2438.18123281,2322.47837904,2353.03694922,
2026-06-10 15:52:00,1781106720,2353.03694922,2467.71705359,2324.84052559,2461.89951819,
2026-06-10 15:53:00,1781106780,2461.89951819,2618.55313794,2427.52453656,2613.45634154,
2026-06-10 15:54:00,1781106840,2613.45634154,2772.08163662,2601.78507671,2742.91651049,
2026-06-10 15:55:00,1781106900,2742.91651049,2768.32907245,2627.8106946,2638.83196196,
2026-06-10 15:56:00,1781106960,2638.83196196,2663.15294621,2593.84099509,2595.25352698,
2026-06-10 15:57:00,1781107020,2595.25352698,2697.62645884,2593.03810932,2669.43898501,
2026-06-10 15:58:00,1781107080,2669.43898501,2674.84309447,2612.5198455,2617.23703198,
2026-06-10 15:59:00,1781107140,2617.23703198,2618.20984551,2582.51829192,2603.62651957,
2026-06-10 16:00:00,1781107200,2603.62651957,2617.02396695,2551.14937504,2551.33598673,
2026-06-10 16:01:00,1781107260,2551.33598673,2567.38658046,2500.76671256,2526.90922471,
2026-06-10 16:02:00,1781107320,2526.90922471,2534.41683566,2502.18603283,2502.18603283,
2026-06-10 16:03:00,1781107380,2502.18603283,2539.83045378,2481.66146104,2501.38460809,
2026-06-10 16:04:00,1781107440,2501.38460809,2523.53167255,2461.50365521,2465.55634235,
2026-06-10 16:05:00,1781107500,2465.55634235,2511.67995948,2456.54235691,2469.83474012,
2026-06-10 16:06:00,1781107560,2469.83474012,2551.98890059,2453.93433401,2544.45774908,
2026-06-10 16:07:00,1781107620,2544.45774908,2587.21074629,2520.33164369,2527.7023482,
2026-06-10 16:08:00,1781107680,2527.7023482,2532.48147676,2422.52436653,2422.52436653,
2026-06-10 16:09:00,1781107740,2422.52436653,2478.67838168,2415.28235648,2466.02984347,
2026-06-10 16:10:00,1781107800,2466.02984347,2481.6716486,2386.69487725,2396.78145308,
2026-06-10 16:11:00,1781107860,2396.78145308,2427.09779896,2382.83192384,2408.0786691,
2026-06-10 16:12:00,1781107920,2408.0786691,2455.10608033,2401.29806153,2407.56894599,
2026-06-10 16:13:00,1781107980,2407.56894599,2410.10148828,2378.96667462,2395.13194211,
2026-06-10 16:14:00,1781108040,2395.13194211,2404.35726501,2349.84490118,2366.97732707,
2026-06-10 16:15:00,1781108100,2366.97732707,2432.60131282,2361.47703398,2408.59286008,
2026-06-10 16:16:00,1781108160,2408.59286008,2443.03033035,2371.03202606,2408.10981836,
2026-06-10 16:17:00,1781108220,2408.10981836,2444.58262972,2352.39067573,2355.72153907,
2026-06-10 16:18:00,1781108280,2355.72153907,2369.33292314,2344.63076805,2353.17303306,
2026-06-10 16:19:00,1781108340,2353.17303306,2362.43076484,2341.54002804,2347.16946497,
2026-06-10 16:20:00,1781108400,2347.16946497,2373.27003637,2328.26466856,2330.37631576,
2026-06-10 16:21:00,1781108460,2330.37631576,2366.40147637,2301.41821791,2365.68630314,
2026-06-10 16:22:00,1781108520,2365.68630314,2397.0807551,2328.91686889,2329.51851848,
2026-06-10 16:23:00,1781108580,2329.51851848,2353.0007839,2320.1934664,2340.46649346,
2026-06-10 16:24:00,1781108640,2340.46649346,2340.46649346,2271.12660441,2279.04059909,
2026-06-10 16:25:00,1781108700,2279.04059909,2303.84295841,2188.15760067,2235.01962812,
2026-06-10 16:26:00,1781108760,2235.01962812,2279.29700976,2233.06363506,2258.62425911,
2026-06-10 16:27:00,1781108820,2258.62425911,2316.52354322,2258.4749876,2299.83187399,
2026-06-10 16:28:00,1781108880,2299.83187399,2333.02226435,2280.01221989,2302.11449545,
2026-06-10 16:29:00,1781108940,2302.11449545,2318.1263421,2286.09555434,2318.1263421,
2026-06-10 16:30:00,1781109000,2318.1263421,2337.12592855,2286.20820141,2286.35839678,
2026-06-10 16:31:00,1781109060,2286.35839678,2298.77374147,2244.63300185,2267.31340246,
2026-06-10 16:32:00,1781109120,2267.31340246,2308.24141,2216.88824198,2285.0557209,
2026-06-10 16:33:00,1781109180,2285.0557209,2315.30224503,2281.61339272,2281.68843101,
2026-06-10 16:34:00,1781109240,2281.68843101,2402.36385297,2266.25861703,2401.59397538,
2026-06-10 16:35:00,1781109300,2401.59397538,2413.81530151,2347.1186187,2376.3983263,
2026-06-10 16:36:00,1781109360,2376.3983263,2395.62355467,2330.31168368,2348.99328892,
2026-06-10 16:37:00,1781109420,2348.99328892,2402.92185439,2347.73816909,2362.7499379,
2026-06-10 16:38:00,1781109480,2362.7499379,2384.48547975,2312.18414759,2359.30016334,
2026-06-10 16:39:00,1781109540,2359.30016334,2359.30016334,2307.87861391,2327.27857463,
2026-06-10 16:40:00,1781109600,2327.27857463,2371.25044261,2313.88697087,2352.33752914,
2026-06-10 16:41:00,1781109660,2352.33752914,2362.34293722,2291.24489449,2297.83921413,
2026-06-10 16:42:00,1781109720,2297.83921413,2317.57238764,2280.13837306,2305.28874761,
2026-06-10 16:43:00,1781109780,2305.28874761,2322.63647839,2281.6692293,2286.47909769,
2026-06-10 16:44:00,1781109840,2286.47909769,2301.70240115,2264.4289004,2266.6210483,
2026-06-10 16:45:00,1781109900,2266.6210483,2266.69589497,2219.29070348,2226.57809638,
2026-06-10 16:46:00,1781109960,2226.57809638,2254.5942874,2152.61213243,2169.31499401,
2026-06-10 16:47:00,1781110020,2169.31499401,2184.84710378,2091.50863041,2091.50863041,
2026-06-10 16:48:00,1781110080,2091.50863041,2152.30792186,2067.24120243,2100.12332217,
2026-06-10 16:49:00,1781110140,2100.12332217,2108.87757524,2068.23239375,2084.49072287,
2026-06-10 16:50:00,1781110200,2084.49072287,2096.82703313,2037.67663068,2072.78712767,
2026-06-10 16:51:00,1781110260,2072.78712767,2124.57651179,2039.46592665,2124.57651179,
2026-06-10 16:52:00,1781110320,2124.57651179,2213.66567079,2111.23609968,2213.34491686,
2026-06-10 16:53:00,1781110380,2213.34491686,2217.65766681,2167.87979605,2184.89476386,
2026-06-10 16:54:00,1781110440,2184.89476386,2245.08009787,2184.89476386,2213.93692957,
2026-06-10 16:55:00,1781110500,2213.93692957,2217.65037722,2143.87793303,2153.28431698,
2026-06-10 16:56:00,1781110560,2153.28431698,2192.20907911,2149.90183467,2192.20907911,
2026-06-10 16:57:00,1781110620,2192.20907911,2220.20652061,2161.64646823,2219.44243192,
2026-06-10 16:58:00,1781110680,2219.44243192,2233.7439049,2208.54620479,2224.57215938,
2026-06-10 16:59:00,1781110740,2224.57215938,2262.47701966,2222.77855155,2255.4631676,
2026-06-10 17:00:00,1781110800,2255.4631676,2288.03194896,2234.53796182,2244.41846641,
2026-06-10 17:01:00,1781110860,2244.41846641,2284.28323586,2238.95271608,2281.1098785,
2026-06-10 17:02:00,1781110920,2281.1098785,2341.68827557,2272.56261592,2326.53705918,
2026-06-10 17:03:00,1781110980,2326.53705918,2341.77134403,2308.42715898,2319.82723308,
2026-06-10 17:04:00,1781111040,2319.82723308,2364.64826956,2316.42919606,2358.29828034,
2026-06-10 17:05:00,1781111100,2358.29828034,2359.22110846,2290.27965467,2293.22792366,
2026-06-10 17:06:00,1781111160,2293.22792366,2308.62840245,2266.80283628,2303.95170487,
2026-06-10 17:07:00,1781111220,2303.95170487,2324.45586312,2232.02996782,2255.37612826,
2026-06-10 17:08:00,1781111280,2255.37612826,2256.10039848,2207.40015491,2219.34385257,
2026-06-10 17:09:00,1781111340,2219.34385257,2237.40258945,2181.64213456,2217.65668383,
2026-06-10 17:10:00,1781111400,2217.65668383,2219.60295948,2093.74090792,2101.88984506,
2026-06-10 17:11:00,1781111460,2101.88984506,2164.78359743,2092.47577529,2146.34598404,
2026-06-10 17:12:00,1781111520,2146.34598404,2153.6943074,2097.86605918,2131.91781337,
2026-06-10 17:13:00,1781111580,2131.91781337,2167.11146286,2131.7373464,2147.00862193,
2026-06-10 17:14:00,1781111640,2147.00862193,2150.60228478,2118.73077721,2149.78188736,
2026-06-10 17:15:00,1781111700,2149.78188736,2183.44785483,2130.93591369,2167.30597433,
2026-06-10 17:16:00,1781111760,2167.30597433,2213.36578547,2153.85653916,2186.57161193,
2026-06-10 17:17:00,1781111820,2186.57161193,2225.51430376,2159.7577469,2165.42051023,
2026-06-10 17:18:00,1781111880,2165.42051023,2214.78234294,2165.42051023,2190.92322423,
2026-06-10 17:19:00,1781111940,2190.92322423,2197.69133978,2161.05574367,2196.64363012,
2026-06-10 17:20:00,1781112000,2196.64363012,2200.32744514,2157.70787734,2199.65530908,
2026-06-10 17:21:00,1781112060,2199.65530908,2200.6625631,2123.08620824,2164.45061093,
2026-06-10 17:22:00,1781112120,2164.45061093,2164.45061093,2097.29968807,2113.20237082,
2026-06-10 17:23:00,1781112180,2113.20237082,2138.27671069,2108.29273077,2128.4643933,
2026-06-10 17:24:00,1781112240,2128.4643933,2179.59368962,2122.4426902,2155.49730052,
2026-06-10 17:25:00,1781112300,2155.49730052,2197.54463714,2144.91594056,2174.78102352,
2026-06-10 17:26:00,1781112360,2174.78102352,2174.78102352,2096.62054234,2123.089934,
2026-06-10 17:27:00,1781112420,2123.089934,2143.11541758,2086.10179221,2104.33035768,
2026-06-10 17:28:00,1781112480,2104.33035768,2104.33035768,2084.08359317,2087.79889082,
2026-06-10 17:29:00,1781112540,2087.79889082,2087.79889082,1992.75116636,2006.91325736,
2026-06-10 17:30:00,1781112600,2006.91325736,2023.87565269,1959.14135234,1966.69580947,
2026-06-10 17:31:00,1781112660,1966.69580947,1989.74930758,1918.8001629,1918.8001629,
2026-06-10 17:32:00,1781112720,1918.8001629,1942.04020961,1842.17890925,1874.95861429,
2026-06-10 17:33:00,1781112780,1874.95861429,1961.27573306,1874.95861429,1961.20469839,
2026-06-10 17:34:00,1781112840,1961.20469839,2007.58049134,1941.07849139,1957.00771492,
2026-06-10 17:35:00,1781112900,1957.00771492,1971.03553995,1919.77573579,1919.94846739,
2026-06-10 17:36:00,1781112960,1919.94846739,1941.35551759,1877.66447107,1888.30794165,
2026-06-10 17:37:00,1781113020,1888.30794165,1950.67255699,1888.30591102,1927.26665824,
2026-06-10 17:38:00,1781113080,1927.26665824,1928.68421702,1863.2429337,1886.70172815,
2026-06-10 17:39:00,1781113140,1886.70172815,1923.60280705,1881.63534272,1907.7499357,
2026-06-10 17:40:00,1781113200,1907.7499357,1962.52369325,1855.73392609,1892.52259199,
2026-06-10 17:41:00,1781113260,1892.52259199,1905.83707204,1836.06399867,1864.95409731,
2026-06-10 17:42:00,1781113320,1864.95409731,1872.24945008,1828.42752307,1871.82857443,
2026-06-10 17:43:00,1781113380,1871.82857443,1967.36695531,1862.69785357,1962.51747763,
2026-06-10 17:44:00,1781113440,1962.51747763,1963.15620347,1893.25790603,1896.17339327,
2026-06-10 17:45:00,1781113500,1896.17339327,1937.74326701,1879.83155216,1930.40925409,
2026-06-10 17:46:00,1781113560,1930.40925409,2008.81781562,1929.14541553,1999.73914769,
2026-06-10 17:47:00,1781113620,1999.73914769,2040.27476845,1976.35515684,2029.33440234,
2026-06-10 17:48:00,1781113680,2029.33440234,2087.2760546,2028.46770562,2074.62740807,
2026-06-10 17:49:00,1781113740,2074.62740807,2115.74267766,2061.12019459,2112.60272976,
2026-06-10 17:50:00,1781113800,2112.60272976,2114.94967469,1962.52219247,2013.30056988,
2026-06-10 17:51:00,1781113860,2013.30056988,2047.33192275,2003.96985728,2033.14062715,
2026-06-10 17:52:00,1781113920,2033.14062715,2034.5786251,1963.20194215,1966.8694627,
2026-06-10 17:53:00,1781113980,1966.8694627,1995.44765285,1959.33270872,1990.92951045,
2026-06-10 17:54:00,1781114040,1990.92951045,2024.70056548,1977.27327966,1999.16896954,
2026-06-10 17:55:00,1781114100,1999.16896954,2058.58998195,1999.16896954,2025.59738962,
2026-06-10 17:56:00,1781114160,2025.59738962,2060.8504045,2009.45413457,2058.88737926,
2026-06-10 17:57:00,1781114220,2058.88737926,2059.88021921,2016.17896584,2019.79259742,
2026-06-10 17:58:00,1781114280,2019.79259742,2083.30965611,2019.79259742,2067.59518497,
2026-06-10 17:59:00,1781114340,2067.59518497,2080.29355051,2049.92021943,2059.34876297,
2026-06-10 18:00:00,1781114400,2059.34876297,2099.47780305,2055.85696941,2073.77553115,
2026-06-10 18:01:00,1781114460,2073.77553115,2093.74147891,2031.8181348,2045.55039853,
2026-06-10 18:02:00,1781114520,2045.55039853,2116.76719398,2032.85827653,2114.11836952,
2026-06-10 18:03:00,1781114580,2114.11836952,2132.54355832,2086.8080783,2126.13549136,
2026-06-10 18:04:00,1781114640,2126.13549136,2163.67321967,2114.09803781,2152.15211891,
2026-06-10 18:05:00,1781114700,2152.15211891,2179.79730674,2143.82435421,2175.65694589,
2026-06-10 18:06:00,1781114760,2175.65694589,2195.86517788,2097.01765404,2097.08672594,
2026-06-10 18:07:00,1781114820,2097.08672594,2097.08672594,2035.47554133,2040.58676507,
2026-06-10 18:08:00,1781114880,2040.58676507,2111.82434321,2040.51465032,2099.11548794,
2026-06-10 18:09:00,1781114940,2099.11548794,2099.91853299,2059.91961375,2077.38897819,
2026-06-10 18:10:00,1781115000,2077.38897819,2080.14816255,2017.41108474,2022.43522578,
2026-06-10 18:11:00,1781115060,2022.43522578,2069.90167445,2015.5311174,2068.30026562,
2026-06-10 18:12:00,1781115120,2068.30026562,2083.87285666,2058.03472289,2061.81306777,
2026-06-10 18:13:00,1781115180,2061.81306777,2067.1877646,2012.48694113,2031.48333751,
2026-06-10 18:14:00,1781115240,2031.48333751,2054.06787385,2031.48333751,2045.94832762,
2026-06-10 18:15:00,1781115300,2045.94832762,2075.99196865,2039.9413386,2054.73271111,
2026-06-10 18:16:00,1781115360,2054.73271111,2076.08554582,2046.53838063,2056.9631707,
2026-06-10 18:17:00,1781115420,2056.9631707,2056.9631707,1989.85077662,1993.63517463,
2026-06-10 18:18:00,1781115480,1993.63517463,2015.84788553,1986.40810841,2007.49403436,
2026-06-10 18:19:00,1781115540,2007.49403436,2022.83968031,1991.47987422,2006.08632562,
2026-06-10 18:20:00,1781115600,2006.08632562,2044.79713149,2005.65371545,2026.60817446,
2026-06-10 18:21:00,1781115660,2026.60817446,2049.6799557,1995.5612624,1996.67288966,
2026-06-10 18:22:00,1781115720,1996.67288966,1997.31305223,1962.54233447,1986.66799642,
2026-06-10 18:23:00,1781115780,1986.66799642,2035.93409304,1986.66799642,2026.63496232,
2026-06-10 18:24:00,1781115840,2026.63496232,2057.29050231,2011.85400942,2049.92085009,
2026-06-10 18:25:00,1781115900,2049.92085009,2055.00189672,1977.53131268,1980.90212601,
2026-06-10 18:26:00,1781115960,1980.90212601,2018.29291178,1971.71795749,2000.38478911,
2026-06-10 18:27:00,1781116020,2000.38478911,2000.38478911,1958.99088019,1968.27788293,
2026-06-10 18:28:00,1781116080,1968.27788293,2006.92959939,1968.27788293,1990.34735687,
2026-06-10 18:29:00,1781116140,1990.34735687,2085.06227766,1982.59779955,2081.538031,
2026-06-10 18:30:00,1781116200,2081.538031,2081.538031,2029.66429431,2075.87479028,
2026-06-10 18:31:00,1781116260,2075.87479028,2076.31206205,2025.25539046,2030.19078501,
2026-06-10 18:32:00,1781116320,2030.19078501,2045.98824294,2011.00971242,2033.60298694,
2026-06-10 18:33:00,1781116380,2033.60298694,2054.44428241,2011.75843278,2012.47908974,
2026-06-10 18:34:00,1781116440,2012.47908974,2031.14310496,1986.80298787,2022.48162965,
2026-06-10 18:35:00,1781116500,2022.48162965,2022.553963,1939.55188203,1961.04910962,
2026-06-10 18:36:00,1781116560,1961.04910962,1981.03308176,1943.75443835,1944.79372525,
2026-06-10 18:37:00,1781116620,1944.79372525,1948.33221184,1910.29902848,1920.62727226,
2026-06-10 18:38:00,1781116680,1920.62727226,1930.91165561,1909.94236515,1925.23869236,
2026-06-10 18:39:00,1781116740,1925.23869236,1937.80834586,1912.0184441,1919.52212911,
2026-06-10 18:40:00,1781116800,1919.52212911,1931.13461916,1909.47431039,1913.94873911,
2026-06-10 18:41:00,1781116860,1913.94873911,1927.12266164,1895.9111403,1895.9111403,
2026-06-10 18:42:00,1781116920,1895.9111403,1933.36713589,1895.9111403,1898.66482434,
2026-06-10 18:43:00,1781116980,1898.66482434,1919.13026464,1881.10471254,1881.16912478,
2026-06-10 18:44:00,1781117040,1881.16912478,1903.44352439,1870.11589507,1896.71426287,
2026-06-10 18:45:00,1781117100,1896.71426287,1907.72666351,1873.91243568,1886.97433568,
2026-06-10 18:46:00,1781117160,1886.97433568,1895.29923868,1858.56086621,1873.56051502,
2026-06-10 18:47:00,1781117220,1873.56051502,1883.26105285,1868.10146754,1875.18542854,
2026-06-10 18:48:00,1781117280,1875.18542854,1926.2678143,1875.16761244,1908.69762708,
2026-06-10 18:49:00,1781117340,1908.69762708,1936.13813896,1896.82138229,1902.57269372,
2026-06-10 18:50:00,1781117400,1902.57269372,1904.45187888,1767.42292332,1810.87662703,
2026-06-10 18:51:00,1781117460,1810.87662703,1866.62542286,1810.87662703,1852.04387296,
2026-06-10 18:52:00,1781117520,1852.04387296,1875.80057887,1845.18097633,1856.1596767,
2026-06-10 18:53:00,1781117580,1856.1596767,1912.58485819,1855.31091485,1900.30619998,
2026-06-10 18:54:00,1781117640,1900.30619998,1936.36829588,1884.70355201,1926.10317734,
2026-06-10 18:55:00,1781117700,1926.10317734,1926.10317734,1872.7061024,1877.99080381,
2026-06-10 18:56:00,1781117760,1877.99080381,1903.03947422,1863.0098229,1898.38555606,
2026-06-10 18:57:00,1781117820,1898.38555606,1967.82056487,1898.38360322,1960.64578194,
2026-06-10 18:58:00,1781117880,1960.64578194,1960.90908531,1944.52725534,1946.43712083,
2026-06-10 18:59:00,1781117940,1946.43712083,1957.49991157,1940.11283646,1955.07613685,
2026-06-10 19:00:00,1781118000,1955.07613685,1970.27287386,1938.93014557,1942.73600832,
2026-06-10 19:01:00,1781118060,1942.73600832,1977.6658693,1942.2312197,1948.48888367,
2026-06-10 19:02:00,1781118120,1948.48888367,1948.48888367,1889.22497713,1926.63080592,
2026-06-10 19:03:00,1781118180,1926.63080592,1948.88798081,1912.58319019,1939.19804816,
2026-06-10 19:04:00,1781118240,1939.19804816,1942.35776731,1888.55666522,1906.49794296,
2026-06-10 19:05:00,1781118300,1906.49794296,1906.71161726,1848.24510769,1876.11215069,
2026-06-10 19:06:00,1781118360,1876.11215069,1926.08800575,1875.7565886,1918.5484395,
2026-06-10 19:07:00,1781118420,1918.5484395,1974.1314163,1918.5484395,1972.22438206,
2026-06-10 19:08:00,1781118480,1972.22438206,1998.2739106,1961.11428999,1988.19246495,
2026-06-10 19:09:00,1781118540,1988.19246495,1988.27602123,1964.00228525,1983.71400407,
2026-06-10 19:10:00,1781118600,1983.71400407,1986.03516233,1925.74759439,1943.60804159,
2026-06-10 19:11:00,1781118660,1943.60804159,1946.07698967,1882.46488694,1882.89048342,
2026-06-10 19:12:00,1781118720,1882.89048342,1885.15722795,1851.67950619,1883.53805308,
2026-06-10 19:13:00,1781118780,1883.53805308,1899.16502292,1868.02086216,1869.78979466,
2026-06-10 19:14:00,1781118840,1869.78979466,1875.23932042,1843.62955961,1855.92851964,
2026-06-10 19:15:00,1781118900,1855.92851964,1897.71380455,1836.66876611,1890.87092862,
2026-06-10 19:16:00,1781118960,1890.87092862,1907.17912654,1881.38736708,1894.47487007,
2026-06-10 19:17:00,1781119020,1894.47487007,1899.74574772,1806.53223553,1809.82717369,
2026-06-10 19:18:00,1781119080,1809.82717369,1852.16580669,1803.7076309,1849.21702838,
2026-06-10 19:19:00,1781119140,1849.21702838,1864.7193186,1819.89437629,1835.95080426,
2026-06-10 19:20:00,1781119200,1835.95080426,1854.3675631,1821.50100399,1823.93938715,
2026-06-10 19:21:00,1781119260,1823.93938715,1837.21762667,1806.45847453,1829.53308743,
2026-06-10 19:22:00,1781119320,1829.53308743,1849.24777447,1820.93567278,1827.65165071,
2026-06-10 19:23:00,1781119380,1827.65165071,1827.65165071,1800.43618933,1808.94614665,
2026-06-10 19:24:00,1781119440,1808.94614665,1853.37326049,1808.94614665,1853.37326049,
2026-06-10 19:25:00,1781119500,1853.37326049,1907.73529091,1848.57998024,1882.2788724,
2026-06-10 19:26:00,1781119560,1882.2788724,1895.04047599,1835.25847005,1837.4159878,
2026-06-10 19:27:00,1781119620,1837.4159878,1851.1367482,1824.8965288,1838.51862554,
2026-06-10 19:28:00,1781119680,1838.51862554,1884.51524109,1833.66963382,1867.85839692,
2026-06-10 19:29:00,1781119740,1867.85839692,1893.69563343,1864.44414319,1879.83505211,
2026-06-10 19:30:00,1781119800,1879.83505211,1932.52878162,1877.37258428,1921.35525646,
2026-06-10 19:31:00,1781119860,1921.35525646,1957.73471374,1914.00981938,1914.00981938,
2026-06-10 19:32:00,1781119920,1914.00981938,1947.23027691,1910.46732252,1941.20906569,
2026-06-10 19:33:00,1781119980,1941.20906569,1968.00849627,1938.78504679,1961.54104248,
2026-06-10 19:34:00,1781120040,1961.54104248,2004.43538197,1961.54104248,2000.81608598,
2026-06-10 19:35:00,1781120100,2000.81608598,2015.38920262,1972.60378343,2002.31029242,
2026-06-10 19:36:00,1781120160,2002.31029242,2002.31029242,1966.70591662,1979.76588296,
2026-06-10 19:37:00,1781120220,1979.76588296,2032.70921695,1979.7639679,2016.06249444,
2026-06-10 19:38:00,1781120280,2016.06249444,2050.80839684,2012.22570958,2045.81187635,
2026-06-10 19:39:00,1781120340,2045.81187635,2089.45961492,2030.21596875,2032.265982,
2026-06-10 19:40:00,1781120400,2032.265982,2065.35156702,2005.03837478,2026.72897601,
2026-06-10 19:41:00,1781120460,2026.72897601,2044.56994337,1997.99305248,2041.72777289,
2026-06-10 19:42:00,1781120520,2041.72777289,2046.65786359,2024.91063583,2029.36825644,
2026-06-10 19:43:00,1781120580,2029.36825644,2058.01607625,2013.57883281,2044.16578648,
2026-06-10 19:44:00,1781120640,2044.16578648,2060.15008745,2038.6010319,2054.2190976,
2026-06-10 19:45:00,1781120700,2054.2190976,2069.71554452,2041.62984251,2047.60972134,
2026-06-10 19:46:00,1781120760,2047.60972134,2047.60972134,1985.2695628,2035.20621137,
2026-06-10 19:47:00,1781120820,2035.20621137,2036.23261249,1999.44738834,1999.51645934,
2026-06-10 19:48:00,1781120880,1999.51645934,2007.09049678,1968.41901469,1971.52034827,
2026-06-10 19:49:00,1781120940,1971.52034827,2021.77274974,1971.52034827,2021.77274974,
2026-06-10 19:50:00,1781121000,2021.77274974,2026.62127958,1920.00906718,2018.19917708,
2026-06-10 19:51:00,1781121060,2018.19917708,2020.61657343,1974.4776266,2016.65461148,
2026-06-10 19:52:00,1781121120,2016.65461148,2027.0379414,1995.79407003,2002.14269861,
2026-06-10 19:53:00,1781121180,2002.14269861,2041.76614048,2002.14080006,2039.9938151,
2026-06-10 19:54:00,1781121240,2039.9938151,2045.01953179,1978.96529878,2010.00638441,
2026-06-10 19:55:00,1781121300,2010.00638441,2032.44138285,1989.50892511,2032.06796294,
2026-06-10 19:56:00,1781121360,2032.06796294,2062.77403973,2023.83623381,2043.75328541,
2026-06-10 19:57:00,1781121420,2043.75328541,2073.0753129,2031.86443188,2055.89061602,
2026-06-10 19:58:00,1781121480,2055.89061602,2055.89061602,2022.60209719,2052.05660715,
2026-06-10 19:59:00,1781121540,2052.05660715,2052.05660715,1983.78184022,1992.65378956,
2026-06-10 20:00:00,1781121600,1992.65378956,2000.56450987,1954.9739122,1961.82499044,
2026-06-10 20:01:00,1781121660,1961.82499044,1961.82499044,1892.15164037,1892.15164037,
2026-06-10 20:02:00,1781121720,1892.15164037,1944.29998205,1883.9753838,1923.87441193,
2026-06-10 20:03:00,1781121780,1923.87441193,1978.59375677,1918.65097182,1962.60336522,
2026-06-10 20:04:00,1781121840,1962.60336522,1962.60336522,1910.38158584,1924.70782535,
2026-06-10 20:05:00,1781121900,1924.70782535,1931.59414321,1857.00620361,1887.96070475,
2026-06-10 20:06:00,1781121960,1887.96070475,1935.68146937,1872.61772334,1875.91599176,
2026-06-10 20:07:00,1781122020,1875.91599176,1875.91599176,1850.70175811,1871.43643578,
2026-06-10 20:08:00,1781122080,1871.43643578,1889.62779386,1869.09920737,1869.09920737,
2026-06-10 20:09:00,1781122140,1869.09920737,1869.09920737,1807.17691472,1857.01031322,
2026-06-10 20:10:00,1781122200,1857.01031322,1882.57156683,1849.89997238,1881.36753019,
2026-06-10 20:11:00,1781122260,1881.36753019,1898.46181308,1878.58881568,1891.18813778,
2026-06-10 20:12:00,1781122320,1891.18813778,1905.54113825,1886.98491621,1892.45654217,
2026-06-10 20:13:00,1781122380,1892.45654217,1915.15260957,1872.75720565,1896.13066117,
2026-06-10 20:14:00,1781122440,1896.13066117,1904.77494035,1886.07131238,1896.45004429,
2026-06-10 20:15:00,1781122500,1896.45004429,1925.5722579,1889.19658419,1908.05977779,
2026-06-10 20:16:00,1781122560,1908.05977779,1915.26711834,1864.07427671,1873.89447913,
2026-06-10 20:17:00,1781122620,1873.89447913,1894.55063941,1844.69705361,1883.43416451,
2026-06-10 20:18:00,1781122680,1883.43416451,1925.30927602,1880.02715793,1910.55765686,
2026-06-10 20:19:00,1781122740,1910.55765686,1924.44610563,1906.43226144,1907.0738162,
2026-06-10 20:20:00,1781122800,1907.0738162,1907.0738162,1845.58487973,1865.64845911,
2026-06-10 20:21:00,1781122860,1865.64845911,1903.3093449,1852.74415854,1861.32697314,
2026-06-10 20:22:00,1781122920,1861.32697314,1970.02102476,1860.54451311,1967.5714744,
2026-06-10 20:23:00,1781122980,1967.5714744,1993.2523842,1925.25502958,1935.54342465,
2026-06-10 20:24:00,1781123040,1935.54342465,1993.00527741,1933.89967796,1982.5344456,
2026-06-10 20:25:00,1781123100,1982.5344456,1990.87153715,1969.54441283,1986.62945583,
2026-06-10 20:26:00,1781123160,1986.62945583,1986.62945583,1960.36093928,1969.01860701,
2026-06-10 20:27:00,1781123220,1969.01860701,1969.59920408,1952.57698092,1960.8671564,
2026-06-10 20:28:00,1781123280,1960.8671564,1965.90096648,1948.75395748,1960.76047637,
2026-06-10 20:29:00,1781123340,1960.76047637,1970.7679193,1956.93282389,1965.08420685,
2026-06-10 20:30:00,1781123400,1965.08420685,1965.08420685,1907.3228478,1916.67793059,
2026-06-10 20:31:00,1781123460,1916.67793059,1931.27810244,1907.29147507,1914.33270262,
2026-06-10 20:32:00,1781123520,1914.33270262,1939.34859634,1890.56642736,1930.67563571,
2026-06-10 20:33:00,1781123580,1930.67563571,1961.80792332,1930.67563571,1960.78364856,
2026-06-10 20:34:00,1781123640,1960.78364856,1979.49992227,1959.01120512,1968.10817719,
2026-06-10 20:35:00,1781123700,1968.10817719,1973.74021176,1946.11745068,1949.6726113,
2026-06-10 20:36:00,1781123760,1949.6726113,1953.69999772,1937.54309729,1939.16338067,
2026-06-10 20:37:00,1781123820,1939.16338067,1970.06941722,1939.12789449,1969.12129779,
2026-06-10 20:38:00,1781123880,1969.12129779,1979.03283006,1942.01958498,1943.24360954,
2026-06-10 20:39:00,1781123940,1943.24360954,1961.2376643,1931.41197615,1932.99103103,
2026-06-10 20:40:00,1781124000,1932.99103103,1938.49399014,1921.85906391,1930.26903814,
2026-06-10 20:41:00,1781124060,1930.26903814,1945.2539687,1929.61629924,1941.25789425,
2026-06-10 20:42:00,1781124120,1941.25789425,1941.25789425,1920.47811011,1921.69065278,
2026-06-10 20:43:00,1781124180,1921.69065278,1946.59193072,1909.82415669,1922.70129831,
2026-06-10 20:44:00,1781124240,1922.70129831,1933.25032197,1891.25967832,1892.11467373,
2026-06-10 20:45:00,1781124300,1892.11467373,1914.43978727,1880.26699022,1880.33408648,
2026-06-10 20:46:00,1781124360,1880.33408648,1880.33408648,1848.08412111,1865.05157871,
2026-06-10 20:47:00,1781124420,1865.05157871,1873.75971932,1847.04873936,1870.2007225,
2026-06-10 20:48:00,1781124480,1870.2007225,1880.74573745,1850.70986428,1877.5602163,
2026-06-10 20:49:00,1781124540,1877.5602163,1892.81511315,1872.35722033,1892.81511315,
2026-06-10 20:50:00,1781124600,1892.81511315,1914.1566002,1846.07657297,1853.0808222,
2026-06-10 20:51:00,1781124660,1853.0808222,1869.44017319,1824.70996627,1867.42267505,
2026-06-10 20:52:00,1781124720,1867.42267505,1878.10224206,1855.64941092,1862.4988843,
2026-06-10 20:53:00,1781124780,1862.4988843,1862.4988843,1820.83127655,1836.42343537,
2026-06-10 20:54:00,1781124840,1836.42343537,1866.44651856,1832.16128338,1866.44254681,
2026-06-10 20:55:00,1781124900,1866.44254681,1873.46410031,1823.91166201,1824.08018956,
2026-06-10 20:56:00,1781124960,1824.08018956,1836.03550176,1821.48281982,1835.965153,
2026-06-10 20:57:00,1781125020,1835.965153,1835.965153,1819.3501596,1826.14662643,
2026-06-10 20:58:00,1781125080,1826.14662643,1889.22430915,1826.14662643,1876.76266499,
2026-06-10 20:59:00,1781125140,1876.76266499,1891.30191581,1871.15811311,1885.47681979,
2026-06-10 21:00:00,1781125200,1885.47681979,1885.54418235,1842.05798853,1847.20283341,
2026-06-10 21:01:00,1781125260,1847.20283341,1874.26030887,1847.20082981,1868.01301634,
2026-06-10 21:02:00,1781125320,1868.01301634,1876.16638083,1852.00792957,1854.53918369,
2026-06-10 21:03:00,1781125380,1854.53918369,1878.62301488,1854.25062927,1868.28212925,
2026-06-10 21:04:00,1781125440,1868.28212925,1868.84904802,1846.34772131,1846.76873367,
2026-06-10 21:05:00,1781125500,1846.76873367,1846.76873367,1787.97978172,1802.57066897,
2026-06-10 21:06:00,1781125560,1802.57066897,1826.19384451,1785.28060962,1785.62757022,
2026-06-10 21:07:00,1781125620,1785.62757022,1797.91843563,1775.55718033,1777.34715952,
2026-06-10 21:08:00,1781125680,1777.34715952,1781.91140574,1762.72831739,1766.78096379,
2026-06-10 21:09:00,1781125740,1766.78096379,1775.70231775,1753.68869254,1756.37656961,
2026-06-10 21:10:00,1781125800,1756.37656961,1760.28064651,1688.76185195,1725.35076142,
2026-06-10 21:11:00,1781125860,1725.35076142,1735.09352333,1692.24636408,1698.02440052,
2026-06-10 21:12:00,1781125920,1698.02440052,1729.12580273,1674.90911162,1674.97638594,
2026-06-10 21:13:00,1781125980,1674.97638594,1707.2292623,1674.97430266,1706.73855471,
2026-06-10 21:14:00,1781126040,1706.73855471,1709.67218082,1689.92566256,1709.67010227,
2026-06-10 21:15:00,1781126100,1709.67010227,1764.16930124,1709.67010227,1760.96544824,
2026-06-10 21:16:00,1781126160,1760.96544824,1793.00775817,1760.96544824,1792.00841014,
2026-06-10 21:17:00,1781126220,1792.00841014,1814.23037055,1781.01185398,1785.58220886,
2026-06-10 21:18:00,1781126280,1785.58220886,1785.78797913,1720.5696123,1740.63224382,
2026-06-10 21:19:00,1781126340,1740.63224382,1780.33050771,1734.7771638,1761.72607178,
2026-06-10 21:20:00,1781126400,1761.72607178,1761.72607178,1726.82762265,1750.70013862,
2026-06-10 21:21:00,1781126460,1750.70013862,1751.65257243,1722.49384425,1733.79834778,
2026-06-10 21:22:00,1781126520,1733.79834778,1773.86855698,1732.29389495,1773.18631906,
2026-06-10 21:23:00,1781126580,1773.18631906,1789.88228332,1743.00730007,1748.08907863,
2026-06-10 21:24:00,1781126640,1748.08907863,1751.0362563,1702.78676771,1707.58252481,
2026-06-10 21:25:00,1781126700,1707.58252481,1733.20381843,1704.19539314,1732.12917046,
2026-06-10 21:26:00,1781126760,1732.12917046,1738.64121557,1725.64053892,1734.87763982,
2026-06-10 21:27:00,1781126820,1734.87763982,1763.38003423,1729.50885436,1730.53181163,
2026-06-10 21:28:00,1781126880,1730.53181163,1753.28527404,1727.76248246,1727.76248246,
2026-06-10 21:29:00,1781126940,1727.76248246,1745.87885598,1725.27756534,1730.38549292,
2026-06-10 21:30:00,1781127000,1730.38549292,1789.56310387,1725.65657367,1772.62244281,
2026-06-10 21:31:00,1781127060,1772.62244281,1785.4920813,1771.38977908,1783.60442909,
2026-06-10 21:32:00,1781127120,1783.60442909,1816.2910526,1775.48257515,1808.72627033,
2026-06-10 21:33:00,1781127180,1808.72627033,1827.98159413,1803.39535065,1827.98159413,
2026-06-10 21:34:00,1781127240,1827.98159413,1831.84826742,1797.84467971,1817.18038569,
2026-06-10 21:35:00,1781127300,1817.18038569,1827.59973609,1772.20569928,1790.44848828,
2026-06-10 21:36:00,1781127360,1790.44848828,1793.49198189,1774.17635494,1786.06679158,
2026-06-10 21:37:00,1781127420,1786.06679158,1789.66746453,1774.08305773,1788.21464429,
2026-06-10 21:38:00,1781127480,1788.21464429,1789.78687085,1768.17372917,1783.02886755,
2026-06-10 21:39:00,1781127540,1783.02886755,1783.0961476,1748.33950302,1748.33950302,
2026-06-10 21:40:00,1781127600,1748.33950302,1765.20929087,1744.08222874,1764.47783297,
2026-06-10 21:41:00,1781127660,1764.47783297,1775.88475839,1763.56741159,1774.28844344,
2026-06-10 21:42:00,1781127720,1774.28844344,1780.97929154,1765.5702859,1780.83459646,
2026-06-10 21:43:00,1781127780,1780.83459646,1804.57158649,1776.11828041,1783.01287163,
2026-06-10 21:44:00,1781127840,1783.01287163,1806.12641752,1781.73698265,1805.43869627,
2026-06-10 21:45:00,1781127900,1805.43869627,1808.5429679,1774.99984928,1774.99984928,
2026-06-10 21:46:00,1781127960,1774.99984928,1797.83423094,1769.94456464,1794.87441021,
2026-06-10 21:47:00,1781128020,1794.87441021,1794.94198022,1772.85302091,1791.70780467,
2026-06-10 21:48:00,1781128080,1791.70780467,1803.78225515,1791.61039372,1798.91420601,
2026-06-10 21:49:00,1781128140,1798.91420601,1798.91420601,1644.37200035,1650.96581962,
2026-06-10 21:50:00,1781128200,1650.96581962,1650.96581962,1491.92661997,1593.48651193,
2026-06-10 21:51:00,1781128260,1593.48651193,1593.48651193,1488.16905476,1493.19258587,
2026-06-10 21:52:00,1781128320,1493.19258587,1531.49673123,1485.83399327,1509.277233,
2026-06-10 21:53:00,1781128380,1509.277233,1545.13982219,1491.45829441,1498.73497509,
2026-06-10 21:54:00,1781128440,1498.73497509,1526.13782902,1498.73497509,1512.71431229,
2026-06-10 21:55:00,1781128500,1512.71431229,1537.92143272,1502.54714622,1516.92872261,
2026-06-10 21:56:00,1781128560,1516.92872261,1553.57416391,1515.39934663,1553.57416391,
2026-06-10 21:57:00,1781128620,1553.57416391,1563.06503606,1490.84376395,1496.40327455,
2026-06-10 21:58:00,1781128680,1496.40327455,1543.3926329,1475.84751869,1543.3926329,
2026-06-10 21:59:00,1781128740,1543.3926329,1594.2833778,1540.38040788,1586.64913851,
2026-06-10 22:00:00,1781128800,1586.64913851,1593.75953226,1505.98649701,1540.98849615,
2026-06-10 22:01:00,1781128860,1540.98849615,1551.72666081,1508.66147984,1510.54225535,
2026-06-10 22:02:00,1781128920,1510.54225535,1528.2950717,1482.4181389,1482.4181389,
2026-06-10 22:03:00,1781128980,1482.4181389,1531.76334676,1476.89898883,1517.61417275,
2026-06-10 22:04:00,1781129040,1517.61417275,1517.61417275,1474.72604744,1481.93462854,
2026-06-10 22:05:00,1781129100,1481.93462854,1522.78077338,1477.7278596,1486.62349701,
2026-06-10 22:06:00,1781129160,1486.62349701,1535.28321407,1479.1539094,1522.12465943,
2026-06-10 22:07:00,1781129220,1522.12465943,1543.68838714,1512.02957149,1539.98636102,
2026-06-10 22:08:00,1781129280,1539.98636102,1549.65251941,1526.57798407,1548.31177632,
2026-06-10 22:09:00,1781129340,1548.31177632,1549.85148169,1536.94093885,1545.52471363,
2026-06-10 22:10:00,1781129400,1545.52471363,1584.12648715,1545.33310129,1574.12797454,
2026-06-10 22:11:00,1781129460,1574.12797454,1583.41560695,1519.94583436,1520.38814302,
2026-06-10 22:12:00,1781129520,1520.38814302,1568.87679387,1509.69078767,1540.2956673,
2026-06-10 22:13:00,1781129580,1540.2956673,1549.74173858,1509.08122468,1522.85163229,
2026-06-10 22:14:00,1781129640,1522.85163229,1534.55312297,1514.76290825,1533.844699,
2026-06-10 22:15:00,1781129700,1533.844699,1533.844699,1482.26281378,1488.91816237,
2026-06-10 22:16:00,1781129760,1488.91816237,1505.27406444,1476.93109312,1485.98639589,
2026-06-10 22:17:00,1781129820,1485.98639589,1489.65835562,1456.24142376,1462.84052983,
2026-06-10 22:18:00,1781129880,1462.84052983,1485.77589075,1459.37067942,1480.08976681,
2026-06-10 22:19:00,1781129940,1480.08976681,1546.75982489,1463.73777631,1464.72450516,
2026-06-10 22:20:00,1781130000,1464.72450516,1485.56511376,1449.08089045,1470.88983463,
2026-06-10 22:21:00,1781130060,1470.88983463,1560.74842758,1470.51445246,1548.72434003,
2026-06-10 22:22:00,1781130120,1548.72434003,1555.61208087,1511.5829486,1520.44018222,
2026-06-10 22:23:00,1781130180,1520.44018222,1533.55635027,1504.10822595,1532.27311841,
2026-06-10 22:24:00,1781130240,1532.27311841,1557.60420058,1494.34827983,1555.6789845,
2026-06-10 22:25:00,1781130300,1555.6789845,1593.38725647,1530.89694011,1589.96314891,
2026-06-10 22:26:00,1781130360,1589.96314891,1589.96314891,1543.90833224,1555.5980426,
2026-06-10 22:27:00,1781130420,1555.5980426,1585.81527762,1540.6464276,1576.89884779,
2026-06-10 22:28:00,1781130480,1576.89884779,1601.25304254,1570.05864418,1570.05864418,
2026-06-10 22:29:00,1781130540,1570.05864418,1570.49225975,1525.84131475,1542.90390642,
2026-06-10 22:30:00,1781130600,1542.90390642,1617.60267643,1534.22977533,1598.6066615,
2026-06-10 22:31:00,1781130660,1598.6066615,1654.09328624,1598.02184886,1646.12871514,
2026-06-10 22:32:00,1781130720,1646.12871514,1660.05072235,1621.20034085,1631.95147712,
2026-06-10 22:33:00,1781130780,1631.95147712,1641.87317607,1622.25990855,1622.98028237,
2026-06-10 22:34:00,1781130840,1622.98028237,1627.43090199,1564.45967457,1573.99624686,
2026-06-10 22:35:00,1781130900,1573.99624686,1624.04290386,1573.09614223,1622.22359138,
2026-06-10 22:36:00,1781130960,1622.22359138,1622.48486743,1572.39094746,1587.40440241,
2026-06-10 22:37:00,1781131020,1587.40440241,1630.2206388,1577.44744844,1611.14668402,
2026-06-10 22:38:00,1781131080,1611.14668402,1636.29801345,1594.80547412,1631.50309784,
2026-06-10 22:39:00,1781131140,1631.50309784,1631.50309784,1611.071783,1621.16491484,
2026-06-10 22:40:00,1781131200,1621.16491484,1661.51483028,1610.89152545,1652.48925736,
2026-06-10 22:41:00,1781131260,1652.48925736,1652.62129409,1629.34131527,1641.55828207,
2026-06-10 22:42:00,1781131320,1641.55828207,1691.42408661,1640.22780234,1690.92719879,
2026-06-10 22:43:00,1781131380,1690.92719879,1748.92591904,1690.85817525,1731.29038673,
2026-06-10 22:44:00,1781131440,1731.29038673,1745.54428365,1680.57070327,1733.08438466,
2026-06-10 22:45:00,1781131500,1733.08438466,1739.0391954,1659.61229407,1679.41445535,
2026-06-10 22:46:00,1781131560,1679.41445535,1698.63208028,1658.55303364,1696.68297222,
2026-06-10 22:47:00,1781131620,1696.68297222,1696.68297222,1655.04765957,1658.22408434,
2026-06-10 22:48:00,1781131680,1658.22408434,1688.84317331,1636.96197216,1666.50169937,
2026-06-10 22:49:00,1781131740,1666.50169937,1666.50169937,1629.61769774,1647.44683009,
2026-06-10 22:50:00,1781131800,1647.44683009,1679.47365083,1645.1346628,1654.27999598,
2026-06-10 22:51:00,1781131860,1654.27999598,1673.60587779,1646.80896331,1652.98653389,
2026-06-10 22:52:00,1781131920,1652.98653389,1682.20914501,1648.8827904,1658.83425672,
2026-06-10 22:53:00,1781131980,1658.83425672,1658.89619829,1611.31347817,1649.1951229,
2026-06-10 22:54:00,1781132040,1649.1951229,1659.17061413,1643.86286331,1656.10766606,
2026-06-10 22:55:00,1781132100,1656.10766606,1673.85878564,1636.45020652,1640.77732478,
2026-06-10 22:56:00,1781132160,1640.77732478,1644.10166106,1635.31640181,1639.94147542,
2026-06-10 22:57:00,1781132220,1639.94147542,1649.03840008,1628.52393366,1649.03840008,
2026-06-10 22:58:00,1781132280,1649.03840008,1651.41791183,1629.54376496,1633.66623919,
2026-06-10 22:59:00,1781132340,1633.66623919,1633.73203834,1601.70682949,1615.05628076,
2026-06-10 23:00:00,1781132400,1615.05628076,1616.22842531,1563.17685553,1571.80846956,
2026-06-10 23:01:00,1781132460,1571.80846956,1602.05598026,1571.74400823,1588.64237689,
2026-06-10 23:02:00,1781132520,1588.64237689,1608.36862511,1574.17434898,1592.22615404,
2026-06-10 23:03:00,1781132580,1592.22615404,1609.27303129,1586.01948237,1593.51568309,
2026-06-10 23:04:00,1781132640,1593.51568309,1603.59759072,1583.71671266,1595.38434495,
2026-06-10 23:05:00,1781132700,1595.38434495,1605.4750597,1582.93738921,1593.34969639,
2026-06-10 23:06:00,1781132760,1593.34969639,1598.95268389,1585.46738024,1592.94843066,
2026-06-10 23:07:00,1781132820,1592.94843066,1603.08372067,1573.61802166,1600.61058545,
2026-06-10 23:08:00,1781132880,1600.61058545,1600.86613306,1572.19373692,1573.60498416,
2026-06-10 23:09:00,1781132940,1573.60498416,1590.55242346,1518.473685,1532.12470762,
2026-06-10 23:10:00,1781133000,1532.12470762,1532.31285958,1505.07856281,1520.18178157,
2026-06-10 23:11:00,1781133060,1520.18178157,1522.82957439,1490.58213977,1514.13211641,
2026-06-10 23:12:00,1781133120,1514.13211641,1524.39748611,1491.51315888,1509.19346173,
2026-06-10 23:13:00,1781133180,1509.19346173,1520.22096243,1498.49355513,1503.5348756,
2026-06-10 23:14:00,1781133240,1503.5348756,1510.72117644,1497.0272033,1505.19482664,
2026-06-10 23:15:00,1781133300,1505.19482664,1511.93865855,1477.29625526,1496.42897554,
2026-06-10 23:16:00,1781133360,1496.42897554,1502.68212948,1476.93728053,1502.24289469,
2026-06-10 23:17:00,1781133420,1502.24289469,1535.49810831,1498.29115883,1529.96860741,
2026-06-10 23:18:00,1781133480,1529.96860741,1562.86512772,1529.96860741,1545.76937907,
2026-06-10 23:19:00,1781133540,1545.76937907,1628.31629073,1533.55054096,1605.22489803,
2026-06-10 23:20:00,1781133600,1605.22489803,1691.9850899,1590.03556694,1682.66883842,
2026-06-10 23:21:00,1781133660,1682.66883842,1696.29278473,1658.65525707,1679.78543739,
2026-06-10 23:22:00,1781133720,1679.78543739,1700.72096498,1667.25814634,1689.5077183,
2026-06-10 23:23:00,1781133780,1689.5077183,1705.14140272,1685.51443998,1697.90544663,
2026-06-10 23:24:00,1781133840,1697.90544663,1701.11544235,1658.35035856,1672.97170578,
2026-06-10 23:25:00,1781133900,1672.97170578,1715.49339204,1660.96991317,1663.41471474,
2026-06-10 23:26:00,1781133960,1663.41471474,1691.25452759,1653.38770736,1677.34953913,
2026-06-10 23:27:00,1781134020,1677.34953913,1702.92780214,1670.95000191,1699.5123258,
2026-06-10 23:28:00,1781134080,1699.5123258,1708.66322177,1683.40790122,1708.66322177,
2026-06-10 23:29:00,1781134140,1708.66322177,1746.71661984,1706.54764049,1728.462177,
2026-06-10 23:30:00,1781134200,1728.462177,1748.17154539,1723.87057048,1736.10498763,
2026-06-10 23:31:00,1781134260,1736.10498763,1736.10498763,1680.67706309,1692.98480868,
2026-06-10 23:32:00,1781134320,1692.98480868,1714.56273592,1669.53733638,1708.29098926,
2026-06-10 23:33:00,1781134380,1708.29098926,1714.66130275,1669.04634366,1673.1000512,
2026-06-10 23:34:00,1781134440,1673.1000512,1689.97441721,1670.82745172,1689.67027556,
2026-06-10 23:35:00,1781134500,1689.67027556,1724.76273913,1689.66806872,1709.67293973,
2026-06-10 23:36:00,1781134560,1709.67293973,1742.23497723,1709.67293973,1715.22069614,
2026-06-10 23:37:00,1781134620,1715.22069614,1716.78243669,1708.93873984,1713.78992702,
2026-06-10 23:38:00,1781134680,1713.78992702,1713.85527851,1687.82657755,1696.54782822,
2026-06-10 23:39:00,1781134740,1696.54782822,1697.86279313,1676.10071752,1681.37929164,
2026-06-10 23:40:00,1781134800,1681.37929164,1706.21681559,1667.17182392,1705.06470178,
2026-06-10 23:41:00,1781134860,1705.06470178,1730.91647178,1701.25611213,1724.77395891,
2026-06-10 23:42:00,1781134920,1724.77395891,1758.73642802,1724.02459042,1739.76904741,
2026-06-10 23:43:00,1781134980,1739.76904741,1748.07612837,1729.00091288,1730.79054351,
2026-06-10 23:44:00,1781135040,1730.79054351,1730.85852354,1710.80973266,1715.61522253,
2026-06-10 23:45:00,1781135100,1715.61522253,1716.71138683,1679.77810949,1706.68617648,
2026-06-10 23:46:00,1781135160,1706.68617648,1706.68617648,1691.27269311,1694.45082579,
2026-06-10 23:47:00,1781135220,1694.45082579,1706.70799913,1681.65199358,1706.36354261,
2026-06-10 23:48:00,1781135280,1706.36354261,1713.23686659,1682.64613023,1682.64613023,
2026-06-10 23:49:00,1781135340,1682.64613023,1683.31608383,1667.91865952,1671.73927549,
2026-06-10 23:50:00,1781135400,1671.73927549,1682.47473815,1661.86855823,1677.08155184,
2026-06-10 23:51:00,1781135460,1677.08155184,1695.22453511,1672.61594905,1685.79595359,
2026-06-10 23:52:00,1781135520,1685.79595359,1714.54019272,1685.79595359,1710.51802585,
2026-06-10 23:53:00,1781135580,1710.51802585,1736.37438426,1709.28714888,1717.20807334,
2026-06-10 23:54:00,1781135640,1717.20807334,1717.20807334,1689.33519246,1707.07730762,
2026-06-10 23:55:00,1781135700,1707.07730762,1713.23949547,1699.22452364,1701.67627035,
2026-06-10 23:56:00,1781135760,1701.67627035,1703.76876099,1684.36831983,1691.10214669,
2026-06-10 23:57:00,1781135820,1691.10214669,1693.88180741,1675.8777407,1677.59507947,
2026-06-10 23:58:00,1781135880,1677.59507947,1684.35054349,1676.2155852,1682.19675969,
2026-06-10 23:59:00,1781135940,1682.19675969,1699.56863182,1677.84506218,1681.16788774,
2026-06-11 00:00:00,1781136000,1681.16788774,1729.26764958,1681.16788774,1725.17353208,
2026-06-11 00:01:00,1781136060,1725.17353208,1754.0787617,1718.94625441,1751.87996938,
2026-06-11 00:02:00,1781136120,1751.87996938,1781.73090585,1750.75584073,1758.15519098,
2026-06-11 00:03:00,1781136180,1758.15519098,1765.40846345,1745.55209787,1746.61391468,
2026-06-11 00:04:00,1781136240,1746.61391468,1772.01352279,1717.42110723,1725.80270905,
2026-06-11 00:05:00,1781136300,1725.80270905,1770.72988198,1724.36857584,1766.41600585,
2026-06-11 00:06:00,1781136360,1766.41600585,1778.12223401,1737.44014655,1767.08417808,
2026-06-11 00:07:00,1781136420,1767.08417808,1795.31101319,1766.79916079,1779.82081435,
2026-06-11 00:08:00,1781136480,1779.82081435,1779.82081435,1742.24590221,1761.15733746,
2026-06-11 00:09:00,1781136540,1761.15733746,1761.15733746,1722.02395868,1745.34039722,
2026-06-11 00:10:00,1781136600,1745.34039722,1764.05942187,1730.80236492,1743.18283003,
2026-06-11 00:11:00,1781136660,1743.18283003,1779.40576251,1743.18068051,1779.40363197,
2026-06-11 00:12:00,1781136720,1779.40363197,1780.25024454,1751.90063717,1780.24598027,
2026-06-11 00:13:00,1781136780,1780.24598027,1807.52665628,1779.07287851,1789.47353538,
2026-06-11 00:14:00,1781136840,1789.47353538,1804.97461992,1778.95583336,1799.07417482,
2026-06-11 00:15:00,1781136900,1799.07417482,1870.40871384,1799.01334995,1864.28678893,
2026-06-11 00:16:00,1781136960,1864.28678893,1917.04525385,1853.81083912,1898.35627948,
2026-06-11 00:17:00,1781137020,1898.35627948,2006.01533145,1896.84923604,2002.92361366,
2026-06-11 00:18:00,1781137080,2002.92361366,2002.92361366,1897.66844543,1917.12107218,
2026-06-11 00:19:00,1781137140,1917.12107218,1980.29211965,1916.25669998,1965.31970399,
2026-06-11 00:20:00,1781137200,1965.31970399,2000.92398716,1958.59020273,1988.59725638,
2026-06-11 00:21:00,1781137260,1988.59725638,2016.49146116,1972.67401842,1997.8351248,
2026-06-11 00:22:00,1781137320,1997.8351248,1999.37294712,1943.59809977,1948.42388254,
2026-06-11 00:23:00,1781137380,1948.42388254,1948.85826527,1898.79146343,1916.58334721,
2026-06-11 00:24:00,1781137440,1916.58334721,1924.77863603,1884.86279867,1924.2736443,
2026-06-11 00:25:00,1781137500,1924.2736443,1929.08822916,1899.66715081,1923.39997754,
2026-06-11 00:26:00,1781137560,1923.39997754,1932.67635356,1909.71033778,1930.40583863,
2026-06-11 00:27:00,1781137620,1930.40583863,1936.26265745,1887.3694665,1893.79654043,
2026-06-11 00:28:00,1781137680,1893.79654043,1939.22518537,1882.71301776,1939.15273881,
2026-06-11 00:29:00,1781137740,1939.15273881,1942.66626028,1924.36873596,1942.66626028,
2026-06-11 00:30:00,1781137800,1942.66626028,1950.27087128,1919.23731316,1924.89863572,
2026-06-11 00:31:00,1781137860,1924.89863572,1931.89045572,1904.37343594,1930.02104237,
2026-06-11 00:32:00,1781137920,1930.02104237,1942.43420827,1923.98551997,1934.95938937,
2026-06-11 00:33:00,1781137980,1934.95938937,1950.50944435,1907.66075346,1927.27144976,
2026-06-11 00:34:00,1781138040,1927.27144976,1944.5615701,1894.23439366,1894.23439366,
2026-06-11 00:35:00,1781138100,1894.23439366,1919.95113679,1885.81921959,1919.73484552,
2026-06-11 00:36:00,1781138160,1919.73484552,1919.96474436,1864.07178838,1871.7499666,
2026-06-11 00:37:00,1781138220,1871.7499666,1905.05347152,1867.19872007,1903.14433914,
2026-06-11 00:38:00,1781138280,1903.14433914,1907.35694852,1872.79354213,1880.52322634,
2026-06-11 00:39:00,1781138340,1880.52322634,1881.30617873,1859.59282554,1871.88831832,
2026-06-11 00:40:00,1781138400,1871.88831832,1878.13674197,1866.00309155,1873.80663043,
2026-06-11 00:41:00,1781138460,1873.80663043,1905.4869815,1867.85186528,1903.34708788,
2026-06-11 00:42:00,1781138520,1903.34708788,1944.46309393,1903.34708788,1934.94680422,
2026-06-11 00:43:00,1781138580,1934.94680422,1946.12677831,1908.26198969,1908.47735364,
2026-06-11 00:44:00,1781138640,1908.47735364,1908.47735364,1865.32134612,1866.15310396,
2026-06-11 00:45:00,1781138700,1866.15310396,1924.711226,1866.15310396,1916.21504307,
2026-06-11 00:46:00,1781138760,1916.21504307,1961.67691124,1909.83961146,1960.21416762,
2026-06-11 00:47:00,1781138820,1960.21416762,1976.03830859,1920.39877302,1924.87279622,
2026-06-11 00:48:00,1781138880,1924.87279622,1962.10907761,1921.47813408,1961.28836638,
2026-06-11 00:49:00,1781138940,1961.28836638,1961.28836638,1944.65376591,1956.36186171,
2026-06-11 00:50:00,1781139000,1956.36186171,1956.43455339,1936.54844037,1944.61018533,
2026-06-11 00:51:00,1781139060,1944.61018533,1950.13733001,1916.71372784,1934.4671692,
2026-06-11 00:52:00,1781139120,1934.4671692,1969.36720189,1934.4671692,1955.07122803,
2026-06-11 00:53:00,1781139180,1955.07122803,1956.95436096,1929.35605295,1930.30281442,
2026-06-11 00:54:00,1781139240,1930.30281442,1930.30281442,1887.12011824,1898.01384861,
2026-06-11 00:55:00,1781139300,1898.01384861,1920.01793267,1887.67688113,1910.67873343,
2026-06-11 00:56:00,1781139360,1910.67873343,1911.40089399,1890.80611104,1897.82948942,
2026-06-11 00:57:00,1781139420,1897.82948942,1905.99053657,1894.53001795,1902.50400665,
2026-06-11 00:58:00,1781139480,1902.50400665,1922.41810219,1899.992847,1917.35324197,
2026-06-11 00:59:00,1781139540,1917.35324197,1935.11060015,1885.70057897,1886.1562058,
2026-06-11 01:00:00,1781139600,1886.1562058,1922.70385308,1885.51056657,1895.52230919,
2026-06-11 01:01:00,1781139660,1895.52230919,1959.45241632,1895.03385048,1957.3311011,
2026-06-11 01:02:00,1781139720,1957.3311011,1974.41531321,1949.01077609,1949.80686585,
2026-06-11 01:03:00,1781139780,1949.80686585,1963.27682596,1939.67470001,1948.50203043,
2026-06-11 01:04:00,1781139840,1948.50203043,2016.39098444,1944.81345938,1992.20311058,
2026-06-11 01:05:00,1781139900,1992.20311058,2028.93884697,1971.56360245,2014.56153496,
2026-06-11 01:06:00,1781139960,2014.56153496,2024.83186558,1990.51070776,1990.55627378,
2026-06-11 01:07:00,1781140020,1990.55627378,1990.55627378,1954.25927789,1976.16983859,
2026-06-11 01:08:00,1781140080,1976.16983859,1989.29453211,1960.05174632,1988.84813014,
2026-06-11 01:09:00,1781140140,1988.84813014,1995.10671036,1957.28909984,1963.04277684,
2026-06-11 01:10:00,1781140200,1963.04277684,2004.56134144,1963.04277684,1997.34913017,
2026-06-11 01:11:00,1781140260,1997.34913017,2010.39806307,1991.88358846,2000.68269499,
2026-06-11 01:12:00,1781140320,2000.68269499,2029.25556511,1995.69746437,2019.42496026,
2026-06-11 01:13:00,1781140380,2019.42496026,2098.43929028,2009.30581146,2092.35377212,
2026-06-11 01:14:00,1781140440,2092.35377212,2110.86179141,2051.32932364,2051.84741867,
2026-06-11 01:15:00,1781140500,2051.84741867,2093.73391593,2034.0394605,2057.03428911,
2026-06-11 01:16:00,1781140560,2057.03428911,2153.89040491,2050.86947145,2140.32363851,
2026-06-11 01:17:00,1781140620,2140.32363851,2146.38730768,2082.51145801,2109.61220682,
2026-06-11 01:18:00,1781140680,2109.61220682,2123.68077686,2093.71976002,2112.72538571,
2026-06-11 01:19:00,1781140740,2112.72538571,2185.99606698,2112.72538571,2174.93347461,
2026-06-11 01:20:00,1781140800,2174.93347461,2175.00594293,2114.80445616,2119.21976483,
2026-06-11 01:21:00,1781140860,2119.21976483,2161.55388487,2115.97156584,2151.44744901,
2026-06-11 01:22:00,1781140920,2151.44744901,2162.65774739,2103.71949946,2121.80640262,
2026-06-11 01:23:00,1781140980,2121.80640262,2161.45741732,2121.12513526,2160.15530297,
2026-06-11 01:24:00,1781141040,2160.15530297,2170.8078195,2144.20796856,2154.36328645,
2026-06-11 01:25:00,1781141100,2154.36328645,2170.57168302,2141.41461413,2161.79687116,
2026-06-11 01:26:00,1781141160,2161.79687116,2198.06177947,2141.43343989,2143.42297297,
2026-06-11 01:27:00,1781141220,2143.42297297,2149.16245151,2112.748216,2147.53093069,
2026-06-11 01:28:00,1781141280,2147.53093069,2153.8636175,2134.4802167,2136.04325896,
2026-06-11 01:29:00,1781141340,2136.04325896,2157.93443076,2123.52960532,2156.17773817,
2026-06-11 01:30:00,1781141400,2156.17773817,2176.05479429,2149.01683551,2151.14706869,
2026-06-11 01:31:00,1781141460,2151.14706869,2151.14706869,2112.22430304,2115.15593408,
2026-06-11 01:32:00,1781141520,2115.15593408,2172.5223501,2115.15396552,2172.44406858,
2026-06-11 01:33:00,1781141580,2172.44406858,2174.19680307,2123.01973931,2133.35779807,
2026-06-11 01:34:00,1781141640,2133.35779807,2162.2058651,2127.90999947,2160.48329011,
2026-06-11 01:35:00,1781141700,2160.48329011,2160.48329011,2126.1504856,2140.70352123,
2026-06-11 01:36:00,1781141760,2140.70352123,2140.70352123,2100.46123961,2100.46765652,
2026-06-11 01:37:00,1781141820,2100.46765652,2117.51225601,2092.37943153,2106.56925251,
2026-06-11 01:38:00,1781141880,2106.56925251,2228.42552848,2106.5672861,2228.42552848,
2026-06-11 01:39:00,1781141940,2228.42552848,2234.61377442,2192.60644371,2217.62716294,
2026-06-11 01:40:00,1781142000,2217.62716294,2217.62716294,2196.3351058,2197.42600844,
2026-06-11 01:41:00,1781142060,2197.42600844,2304.14333506,2197.42600844,2298.20367626,
2026-06-11 01:42:00,1781142120,2298.20367626,2298.20367626,2238.71507736,2248.68021069,
2026-06-11 01:43:00,1781142180,2248.68021069,2269.09830202,2238.92204081,2252.55787159,
2026-06-11 01:44:00,1781142240,2252.55787159,2252.55787159,2205.66017869,2220.31093244,
2026-06-11 01:45:00,1781142300,2220.31093244,2223.08235176,2201.8681369,2201.8681369,
2026-06-11 01:46:00,1781142360,2201.8681369,2245.94839767,2198.02808352,2232.28015124,
2026-06-11 01:47:00,1781142420,2232.28015124,2249.97294604,2220.52581566,2223.80237845,
2026-06-11 01:48:00,1781142480,2223.80237845,2231.26880426,2197.29015879,2197.34673973,
2026-06-11 01:49:00,1781142540,2197.34673973,2241.13212449,2195.65869554,2226.09133584,
2026-06-11 01:50:00,1781142600,2226.09133584,2226.2458323,2176.82972861,2197.29354578,
2026-06-11 01:51:00,1781142660,2197.29354578,2235.96502678,2196.98626266,2225.78272472,
2026-06-11 01:52:00,1781142720,2225.78272472,2246.40418085,2209.2711898,2213.52113302,
2026-06-11 01:53:00,1781142780,2213.52113302,2228.62499345,2208.54163252,2216.06101254,
2026-06-11 01:54:00,1781142840,2216.06101254,2226.69966674,2182.69279547,2183.52651942,
2026-06-11 01:55:00,1781142900,2183.52651942,2183.69965664,2150.35228695,2155.76639327,
2026-06-11 01:56:00,1781142960,2155.76639327,2177.61701832,2151.67670939,2175.75861047,
2026-06-11 01:57:00,1781143020,2175.75861047,2194.46854015,2171.67703555,2194.31476585,
2026-06-11 01:58:00,1781143080,2194.31476585,2200.35714082,2181.20053836,2196.66017301,
2026-06-11 01:59:00,1781143140,2196.66017301,2218.09847816,2171.08932951,2172.6334597,
2026-06-11 02:00:00,1781143200,2172.6334597,2196.06628057,2172.6334597,2183.20786576,
2026-06-11 02:01:00,1781143260,2183.20786576,2200.28736119,2152.67836166,2200.28736119,
2026-06-11 02:02:00,1781143320,2200.28736119,2228.37319898,2175.3474108,2175.49895264,
2026-06-11 02:03:00,1781143380,2175.49895264,2192.95796496,2160.11093595,2187.82739296,
2026-06-11 02:04:00,1781143440,2187.82739296,2223.39519382,2183.75069635,2216.53701414,
2026-06-11 02:05:00,1781143500,2216.53701414,2222.52840249,2175.82954591,2186.19199471,
2026-06-11 02:06:00,1781143560,2186.19199471,2196.35963465,2150.6816204,2153.35316447,
2026-06-11 02:07:00,1781143620,2153.35316447,2156.33685362,2136.39846966,2140.54182285,
2026-06-11 02:08:00,1781143680,2140.54182285,2150.41706337,2124.81556076,2127.09544216,
2026-06-11 02:09:00,1781143740,2127.09544216,2140.26178522,2120.8058553,2138.31351498,
2026-06-11 02:10:00,1781143800,2138.31351498,2138.31351498,2114.28427209,2119.11212743,
2026-06-11 02:11:00,1781143860,2119.11212743,2122.18239209,2101.24608179,2102.07261683,
2026-06-11 02:12:00,1781143920,2102.07261683,2123.41000624,2092.31849714,2117.0703016,
2026-06-11 02:13:00,1781143980,2117.0703016,2139.64034,2116.05909138,2128.58232308,
2026-06-11 02:14:00,1781144040,2128.58232308,2153.41193745,2118.31009292,2141.1329369,
2026-06-11 02:15:00,1781144100,2141.1329369,2163.66072597,2141.01324851,2151.21017198,
2026-06-11 02:16:00,1781144160,2151.21017198,2184.90223673,2117.71466338,2182.36468847,
2026-06-11 02:17:00,1781144220,2182.36468847,2211.37037326,2172.23725032,2210.50027136,
2026-06-11 02:18:00,1781144280,2210.50027136,2246.01427926,2205.93226171,2225.52518094,
2026-06-11 02:19:00,1781144340,2225.52518094,2245.95275167,2211.9595494,2236.35235409,
2026-06-11 02:20:00,1781144400,2236.35235409,2240.14218469,2169.11223816,2183.78080933,
2026-06-11 02:21:00,1781144460,2183.78080933,2183.78080933,2104.84642844,2110.82198763,
2026-06-11 02:22:00,1781144520,2110.82198763,2110.82198763,2061.0607334,2065.73546448,
2026-06-11 02:23:00,1781144580,2065.73546448,2094.64987011,2061.90580151,2074.81902802,
2026-06-11 02:24:00,1781144640,2074.81902802,2086.98905447,2063.4457052,2086.98905447,
2026-06-11 02:25:00,1781144700,2086.98905447,2090.96861359,2070.47502878,2078.05899035,
2026-06-11 02:26:00,1781144760,2078.05899035,2121.78368263,2070.40456639,2121.08107959,
2026-06-11 02:27:00,1781144820,2121.08107959,2131.34079694,2074.32084973,2074.32084973,
2026-06-11 02:28:00,1781144880,2074.32084973,2074.39614117,2054.14064487,2054.14064487,
2026-06-11 02:29:00,1781144940,2054.14064487,2054.51164075,2043.19622449,2053.20675989,
2026-06-11 02:30:00,1781145000,2053.20675989,2076.15691285,2037.58668587,2044.35064023,
2026-06-11 02:31:00,1781145060,2044.35064023,2051.98797672,1994.40603704,1995.08208514,
2026-06-11 02:32:00,1781145120,1995.08208514,1998.41209756,1979.78450524,1986.04463307,
2026-06-11 02:33:00,1781145180,1986.04463307,2015.61159011,1986.04463307,2004.87399408,
2026-06-11 02:34:00,1781145240,2004.87399408,2005.91282797,1960.50423993,1985.71914048,
2026-06-11 02:35:00,1781145300,1985.71914048,2010.85329785,1979.43181413,2000.92775692,
2026-06-11 02:36:00,1781145360,2000.92775692,2035.30952144,2000.92775692,2032.40857964,
2026-06-11 02:37:00,1781145420,2032.40857964,2050.54201767,2028.87472507,2031.83415222,
2026-06-11 02:38:00,1781145480,2031.83415222,2037.90770178,2018.6909425,2033.44712302,
2026-06-11 02:39:00,1781145540,2033.44712302,2068.12822354,2030.5294133,2046.14071537,
2026-06-11 02:40:00,1781145600,2046.14071537,2089.61553368,2045.16675036,2070.58213765,
2026-06-11 02:41:00,1781145660,2070.58213765,2075.93048905,2060.97286143,2074.16618994,
2026-06-11 02:42:00,1781145720,2074.16618994,2074.16618994,2041.76347155,2048.41162755,
2026-06-11 02:43:00,1781145780,2048.41162755,2074.3963259,2048.25572481,2068.37818324,
2026-06-11 02:44:00,1781145840,2068.37818324,2073.05118008,2051.65008779,2058.91968372,
2026-06-11 02:45:00,1781145900,2058.91968372,2060.17823178,2036.40503211,2050.88833211,
2026-06-11 02:46:00,1781145960,2050.88833211,2056.66287093,2023.45930916,2027.45729981,
2026-06-11 02:47:00,1781146020,2027.45729981,2038.70620554,2019.85779522,2025.56093781,
2026-06-11 02:48:00,1781146080,2025.56093781,2034.32626261,2018.07044147,2020.17237626,
2026-06-11 02:49:00,1781146140,2020.17237626,2021.13824391,2007.78432348,2015.46433969,
2026-06-11 02:50:00,1781146200,2015.46433969,2074.91192463,2015.18802341,2066.81161494,
2026-06-11 02:51:00,1781146260,2066.81161494,2090.42045057,2035.92359353,2038.16418882,
2026-06-11 02:52:00,1781146320,2038.16418882,2059.60338924,2038.16418882,2059.60338924,
2026-06-11 02:53:00,1781146380,2059.60338924,2084.77897844,2054.45950774,2075.77993886,
2026-06-11 02:54:00,1781146440,2075.77993886,2109.57619937,2069.00875061,2086.28437529,
2026-06-11 02:55:00,1781146500,2086.28437529,2121.2179313,2077.16309905,2084.27879388,
2026-06-11 02:56:00,1781146560,2084.27879388,2168.25206932,2084.27879388,2149.27262472,
2026-06-11 02:57:00,1781146620,2149.27262472,2180.72275923,2144.78498797,2168.75077388,
2026-06-11 02:58:00,1781146680,2168.75077388,2174.27031802,2147.2617256,2147.2617256,
2026-06-11 02:59:00,1781146740,2147.2617256,2147.2617256,2112.14748537,2115.38168852,
2026-06-11 03:00:00,1781146800,2115.38168852,2136.38458644,2111.33867433,2129.82349061,
2026-06-11 03:01:00,1781146860,2129.82349061,2149.90196491,2121.58354447,2138.0858506,
2026-06-11 03:02:00,1781146920,2138.0858506,2141.98285589,2113.26497331,2133.56685843,
2026-06-11 03:03:00,1781146980,2133.56685843,2143.57635579,2122.46411414,2128.36893978,
2026-06-11 03:04:00,1781147040,2128.36893978,2133.54083394,2120.5497422,2131.717766,
2026-06-11 03:05:00,1781147100,2131.717766,2144.73838348,2111.9868062,2115.10743429,
2026-06-11 03:06:00,1781147160,2115.10743429,2115.18353169,2053.47066234,2061.63756815,
2026-06-11 03:07:00,1781147220,2061.63756815,2090.9982347,2054.90932532,2082.51082876,
2026-06-11 03:08:00,1781147280,2082.51082876,2082.58451734,2060.35729952,2074.23752981,
2026-06-11 03:09:00,1781147340,2074.23752981,2104.93551496,2074.16007601,2091.47988223,
2026-06-11 03:10:00,1781147400,2091.47988223,2093.07109594,2069.46999943,2075.73116422,
2026-06-11 03:11:00,1781147460,2075.73116422,2081.33073863,2048.674622,2058.43658169,
2026-06-11 03:12:00,1781147520,2058.43658169,2058.51177855,2013.44973342,2015.98243402,
2026-06-11 03:13:00,1781147580,2015.98243402,2043.22610196,2007.189942,2043.22610196,
2026-06-11 03:14:00,1781147640,2043.22610196,2075.03520915,2041.78422866,2053.36253668,
2026-06-11 03:15:00,1781147700,2053.36253668,2067.61580976,2041.64738815,2065.96186831,
2026-06-11 03:16:00,1781147760,2065.96186831,2072.13086864,2053.13589763,2069.6141985,
2026-06-11 03:17:00,1781147820,2069.6141985,2103.93254934,2063.10364509,2082.08694603,
2026-06-11 03:18:00,1781147880,2082.08694603,2097.45145106,2080.49591027,2083.9337689,
2026-06-11 03:19:00,1781147940,2083.9337689,2086.17315906,2049.32604854,2049.47620143,
2026-06-11 03:20:00,1781148000,2049.47620143,2049.62436519,2023.8195422,2025.08061289,
2026-06-11 03:21:00,1781148060,2025.08061289,2055.83050132,2015.59726137,2054.55765708,
2026-06-11 03:22:00,1781148120,2054.55765708,2071.70647874,2035.64507395,2041.66766768,
2026-06-11 03:23:00,1781148180,2041.66766768,2051.52278906,2038.95105361,2050.90604692,
2026-06-11 03:24:00,1781148240,2050.90604692,2082.30091246,2047.57762456,2081.54464092,
2026-06-11 03:25:00,1781148300,2081.54464092,2088.76415798,2061.97390355,2088.44337272,
2026-06-11 03:26:00,1781148360,2088.44337272,2088.44337272,2069.04213073,2080.66160384,
2026-06-11 03:27:00,1781148420,2080.66160384,2095.25359762,2070.5342455,2089.04657145,
2026-06-11 03:28:00,1781148480,2089.04657145,2090.44383806,2083.51650296,2089.32392715,
2026-06-11 03:29:00,1781148540,2089.32392715,2093.83389148,2080.20528884,2089.18717821,
2026-06-11 03:30:00,1781148600,2089.18717821,2112.2917667,2085.32286838,2107.50804428,
2026-06-11 03:31:00,1781148660,2107.50804428,2165.63894329,2105.67839195,2164.31491834,
2026-06-11 03:32:00,1781148720,2164.31491834,2231.29620758,2158.63741573,2206.64515526,
2026-06-11 03:33:00,1781148780,2206.64515526,2360.76875179,2197.27116482,2352.91985599,
2026-06-11 03:34:00,1781148840,2352.91985599,2442.99565521,2326.88728655,2332.8544353,
2026-06-11 03:35:00,1781148900,2332.8544353,2384.28400804,2296.10008264,2341.27014595,
2026-06-11 03:36:00,1781148960,2341.27014595,2356.1648545,2273.76691789,2300.3636707,
2026-06-11 03:37:00,1781149020,2300.3636707,2321.61677361,2280.96786456,2315.95595885,
2026-06-11 03:38:00,1781149080,2315.95595885,2327.36729446,2295.76667295,2301.55579174,
2026-06-11 03:39:00,1781149140,2301.55579174,2323.74123101,2296.69733125,2296.69733125,
2026-06-11 03:40:00,1781149200,2296.69733125,2321.80363493,2284.14127266,2288.7035013,
2026-06-11 03:41:00,1781149260,2288.7035013,2311.75499159,2281.17409816,2311.75499159,
2026-06-11 03:42:00,1781149320,2311.75499159,2336.98884391,2297.6461782,2328.19517997,
2026-06-11 03:43:00,1781149380,2328.19517997,2335.70066459,2326.55656386,2332.27830597,
2026-06-11 03:44:00,1781149440,2332.27830597,2332.27830597,2293.11637539,2299.02135907,
2026-06-11 03:45:00,1781149500,2299.02135907,2370.11518407,2299.02135907,2342.73036222,
2026-06-11 03:46:00,1781149560,2342.73036222,2343.067492,2310.73680368,2314.71472557,
2026-06-11 03:47:00,1781149620,2314.71472557,2365.57015215,2297.49847775,2334.60788331,
2026-06-11 03:48:00,1781149680,2334.60788331,2375.84354169,2319.27587855,2336.75070896,
2026-06-11 03:49:00,1781149740,2336.75070896,2373.75427686,2329.83208966,2329.83208966,
2026-06-11 03:50:00,1781149800,2329.83208966,2379.55392321,2329.75135493,2371.1998953,
2026-06-11 03:51:00,1781149860,2371.1998953,2379.00352873,2360.51063917,2367.22743024,
2026-06-11 03:52:00,1781149920,2367.22743024,2404.83389578,2344.87587206,2373.71684487,
2026-06-11 03:53:00,1781149980,2373.71684487,2406.452458,2357.91989914,2392.45460409,
2026-06-11 03:54:00,1781150040,2392.45460409,2392.45460409,2376.49709579,2381.83706055,
2026-06-11 03:55:00,1781150100,2381.83706055,2581.77140658,2374.96363521,2571.90742728,
2026-06-11 03:56:00,1781150160,2571.90742728,2670.91729673,2538.13482698,2584.590957,
2026-06-11 03:57:00,1781150220,2584.590957,2628.37800672,2581.10472625,2620.73954775,
2026-06-11 03:58:00,1781150280,2620.73954775,2661.36814545,2589.5723512,2596.84158422,
2026-06-11 03:59:00,1781150340,2596.84158422,2614.68059166,2562.52801139,2562.52801139,
2026-06-11 04:00:00,1781150400,2562.52801139,2579.27527257,2533.47354639,2533.55471538,
2026-06-11 04:01:00,1781150460,2533.55471538,2535.82430185,2478.54516784,2486.99261491,
2026-06-11 04:02:00,1781150520,2486.99261491,2557.02232985,2486.99080482,2527.31382845,
2026-06-11 04:03:00,1781150580,2527.31382845,2527.31382845,2485.98360114,2510.85944012,
2026-06-11 04:04:00,1781150640,2510.85944012,2549.51459272,2510.77671775,2521.43729383,
2026-06-11 04:05:00,1781150700,2521.43729383,2521.43729383,2488.1963416,2504.09104169,
2026-06-11 04:06:00,1781150760,2504.09104169,2513.31344502,2472.12562814,2481.04931222,
2026-06-11 04:07:00,1781150820,2481.04931222,2501.71603688,2477.64374628,2487.96969871,
2026-06-11 04:08:00,1781150880,2487.96969871,2517.50025287,2487.96969871,2515.31012242,
2026-06-11 04:09:00,1781150940,2515.31012242,2519.12134037,2485.53427407,2512.33220111,
2026-06-11 04:10:00,1781151000,2512.33220111,2549.12080193,2468.20526256,2534.01014546,
2026-06-11 04:11:00,1781151060,2534.01014546,2560.55135125,2508.84992312,2558.22594849,
2026-06-11 04:12:00,1781151120,2558.22594849,2581.00807699,2542.571226,2569.34682441,
2026-06-11 04:13:00,1781151180,2569.34682441,2604.9643856,2555.97691274,2579.66445993,
2026-06-11 04:14:00,1781151240,2579.66445993,2585.83407701,2544.15072735,2544.15072735,
2026-06-11 04:15:00,1781151300,2544.15072735,2548.5151372,2521.79966818,2545.07721861,
2026-06-11 04:16:00,1781151360,2545.07721861,2581.21177433,2515.92708078,2516.33297154,
2026-06-11 04:17:00,1781151420,2516.33297154,2530.58359343,2508.88931981,2523.29299211,
2026-06-11 04:18:00,1781151480,2523.29299211,2528.81614904,2491.43202734,2499.30595567,
2026-06-11 04:19:00,1781151540,2499.30595567,2535.64203563,2498.51524318,2535.41408716,
2026-06-11 04:20:00,1781151600,2535.41408716,2575.71056958,2518.92318594,2565.95886158,
2026-06-11 04:21:00,1781151660,2565.95886158,2574.22793506,2513.28410913,2516.37363601,
2026-06-11 04:22:00,1781151720,2516.37363601,2518.92689805,2491.42568126,2508.38263243,
2026-06-11 04:23:00,1781151780,2508.38263243,2523.81776393,2495.38038632,2513.45457474,
2026-06-11 04:24:00,1781151840,2513.45457474,2536.00663583,2498.95865811,2500.86996791,
2026-06-11 04:25:00,1781151900,2500.86996791,2508.03878781,2485.27651219,2499.87384277,
2026-06-11 04:26:00,1781151960,2499.87384277,2521.89931391,2499.38770259,2514.35881706,
2026-06-11 04:27:00,1781152020,2514.35881706,2514.35881706,2488.07981459,2493.79370821,
2026-06-11 04:28:00,1781152080,2493.79370821,2504.20165067,2485.8360196,2495.3810509,
2026-06-11 04:29:00,1781152140,2495.3810509,2510.40242355,2494.8550645,2503.55469683,
2026-06-11 04:30:00,1781152200,2503.55469683,2524.81359122,2500.38814785,2517.8121819,
2026-06-11 04:31:00,1781152260,2517.8121819,2528.41778144,2499.22345741,2499.2982243,
2026-06-11 04:32:00,1781152320,2499.2982243,2500.18637053,2477.01166328,2493.92814844,
2026-06-11 04:33:00,1781152380,2493.92814844,2500.95923057,2461.65833782,2462.76367281,
2026-06-11 04:34:00,1781152440,2462.76367281,2472.57516744,2435.78830698,2446.14701196,
2026-06-11 04:35:00,1781152500,2446.14701196,2473.18077055,2441.84442106,2465.42160204,
2026-06-11 04:36:00,1781152560,2465.42160204,2491.17624203,2458.88082785,2487.40960986,
2026-06-11 04:37:00,1781152620,2487.40960986,2489.21545981,2469.54649827,2481.55813147,
2026-06-11 04:38:00,1781152680,2481.55813147,2546.50832493,2481.55813147,2536.75246077,
2026-06-11 04:39:00,1781152740,2536.75246077,2558.38672017,2531.04959541,2557.8105497,
2026-06-11 04:40:00,1781152800,2557.8105497,2572.56504324,2524.45785986,2545.51364347,
2026-06-11 04:41:00,1781152860,2545.51364347,2545.99623899,2512.41414685,2521.16609981,
2026-06-11 04:42:00,1781152920,2521.16609981,2530.97090035,2512.06697356,2512.06697356,
2026-06-11 04:43:00,1781152980,2512.06697356,2520.02936236,2503.56516394,2517.1628938,
2026-06-11 04:44:00,1781153040,2517.1628938,2547.88399631,2517.00695987,2547.88399631,
2026-06-11 04:45:00,1781153100,2547.88399631,2569.23942051,2540.26383263,2565.04353958,
2026-06-11 04:46:00,1781153160,2565.04353958,2572.8012179,2559.74695203,2568.50219106,
2026-06-11 04:47:00,1781153220,2568.50219106,2631.37755531,2567.85405051,2620.89694412,
2026-06-11 04:48:00,1781153280,2620.89694412,2620.89694412,2578.48855691,2619.59128404,
2026-06-11 04:49:00,1781153340,2619.59128404,2645.30670091,2611.01065431,2632.50986597,
2026-06-11 04:50:00,1781153400,2632.50986597,2684.92398204,2631.52483474,2684.09026036,
2026-06-11 04:51:00,1781153460,2684.09026036,2688.85462727,2649.63298272,2649.71580202,
2026-06-11 04:52:00,1781153520,2649.71580202,2700.49345574,2649.71580202,2667.93628769,
2026-06-11 04:53:00,1781153580,2667.93628769,2675.01467203,2643.19802553,2655.92234042,
2026-06-11 04:54:00,1781153640,2655.92234042,2672.915355,2642.47213727,2669.86215468,
2026-06-11 04:55:00,1781153700,2669.86215468,2678.12710996,2637.0685379,2639.81665977,
2026-06-11 04:56:00,1781153760,2639.81665977,2648.22011752,2627.51236675,2628.17219055,
2026-06-11 04:57:00,1781153820,2628.17219055,2630.54919791,2607.03383988,2614.88636788,
2026-06-11 04:58:00,1781153880,2614.88636788,2614.88636788,2553.54683062,2559.49389647,
2026-06-11 04:59:00,1781153940,2559.49389647,2593.7514098,2554.16555983,2579.23807539,
2026-06-11 05:00:00,1781154000,2579.23807539,2582.19931872,2491.32954739,2500.33345869,
2026-06-11 05:01:00,1781154060,2500.33345869,2508.05550516,2478.10564208,2479.07712656,
2026-06-11 05:02:00,1781154120,2479.07712656,2505.75431891,2464.24568166,2483.38245959,
2026-06-11 05:03:00,1781154180,2483.38245959,2490.86247355,2461.72264651,2475.53622892,
2026-06-11 05:04:00,1781154240,2475.53622892,2476.90664674,2459.98703674,2463.09248579,
2026-06-11 05:05:00,1781154300,2463.09248579,2463.62032521,2448.62356808,2459.68864134,
2026-06-11 05:06:00,1781154360,2459.68864134,2466.65525337,2435.00987131,2437.77174161,
2026-06-11 05:07:00,1781154420,2437.77174161,2470.22496712,2437.04282302,2456.65090817,
2026-06-11 05:08:00,1781154480,2456.65090817,2475.06316246,2456.64914092,2468.35466846,
2026-06-11 05:09:00,1781154540,2468.35466846,2490.83053892,2465.71277307,2487.625894,
2026-06-11 05:10:00,1781154600,2487.625894,2505.01378458,2470.97888261,2472.68501775,
2026-06-11 05:11:00,1781154660,2472.68501775,2476.29743504,2457.88226528,2462.96742164,
2026-06-11 05:12:00,1781154720,2462.96742164,2497.57449746,2461.68702911,2484.72543193,
2026-06-11 05:13:00,1781154780,2484.72543193,2489.35263281,2463.41064021,2465.12818773,
2026-06-11 05:14:00,1781154840,2465.12818773,2494.45041331,2464.31344031,2491.03423293,
2026-06-11 05:15:00,1781154900,2491.03423293,2517.43314588,2478.48989297,2506.76985376,
2026-06-11 05:16:00,1781154960,2506.76985376,2548.26379732,2506.76985376,2537.04180961,
2026-06-11 05:17:00,1781155020,2537.04180961,2563.22020227,2530.49842216,2540.77621091,
2026-06-11 05:18:00,1781155080,2540.77621091,2543.49992631,2494.06917901,2494.06917901,
2026-06-11 05:19:00,1781155140,2494.06917901,2532.94783985,2489.48767724,2497.68807697,
2026-06-11 05:20:00,1781155200,2497.68807697,2522.22832543,2490.92649563,2521.90323416,
2026-06-11 05:21:00,1781155260,2521.90323416,2559.30099605,2520.91612166,2557.52605397,
2026-06-11 05:22:00,1781155320,2557.52605397,2567.60981657,2537.12283378,2567.60981657,
2026-06-11 05:23:00,1781155380,2567.60981657,2574.26787039,2527.1436549,2527.1436549,
2026-06-11 05:24:00,1781155440,2527.1436549,2553.76495693,2522.86828298,2532.96375826,
2026-06-11 05:25:00,1781155500,2532.96375826,2536.00125808,2502.38612158,2522.82783304,
2026-06-11 05:26:00,1781155560,2522.82783304,2534.76484853,2496.6767122,2508.55160267,
2026-06-11 05:27:00,1781155620,2508.55160267,2516.34162311,2468.9622925,2468.9622925,
2026-06-11 05:28:00,1781155680,2468.9622925,2472.66287506,2448.74558292,2472.30255929,
2026-06-11 05:29:00,1781155740,2472.30255929,2497.07382373,2471.99242881,2492.07751968,
2026-06-11 05:30:00,1781155800,2492.07751968,2509.70115166,2483.76908777,2490.97494472,
2026-06-11 05:31:00,1781155860,2490.97494472,2492.82251079,2460.30148535,2470.01707987,
2026-06-11 05:32:00,1781155920,2470.01707987,2527.42473633,2470.01533687,2521.11668925,
2026-06-11 05:33:00,1781155980,2521.11668925,2537.98027975,2499.23314331,2513.34153701,
2026-06-11 05:34:00,1781156040,2513.34153701,2520.10666319,2498.80376719,2502.64804397,
2026-06-11 05:35:00,1781156100,2502.64804397,2508.63576706,2470.72847481,2479.46021871,
2026-06-11 05:36:00,1781156160,2479.46021871,2533.84033967,2471.27582873,2516.58634185,
2026-06-11 05:37:00,1781156220,2516.58634185,2528.6512362,2506.11017434,2517.31963067,
2026-06-11 05:38:00,1781156280,2517.31963067,2531.40228375,2512.46640178,2527.29151577,
2026-06-11 05:39:00,1781156340,2527.29151577,2527.29151577,2490.62678885,2490.62678885,
2026-06-11 05:40:00,1781156400,2490.62678885,2500.56425662,2481.74494646,2492.35393305,
2026-06-11 05:41:00,1781156460,2492.35393305,2518.29044331,2487.41906581,2518.28873966,
2026-06-11 05:42:00,1781156520,2518.28873966,2530.27549973,2512.94832349,2521.3156636,
2026-06-11 05:43:00,1781156580,2521.3156636,2551.36162863,2520.98509982,2534.22917834,
2026-06-11 05:44:00,1781156640,2534.22917834,2552.78994837,2522.98491033,2548.49081121,
2026-06-11 05:45:00,1781156700,2548.49081121,2558.47276248,2544.43739911,2548.01971294,
2026-06-11 05:46:00,1781156760,2548.01971294,2554.28978063,2535.42895259,2543.93643484,
2026-06-11 05:47:00,1781156820,2543.93643484,2546.40743909,2514.01924214,2514.42966987,
2026-06-11 05:48:00,1781156880,2514.42966987,2520.83909359,2490.93144516,2510.04702138,
2026-06-11 05:49:00,1781156940,2510.04702138,2522.74517252,2502.42204431,2506.70154577,
2026-06-11 05:50:00,1781157000,2506.70154577,2520.17310743,2487.24848098,2494.22483486,
2026-06-11 05:51:00,1781157060,2494.22483486,2525.65996836,2484.16388779,2494.91179061,
2026-06-11 05:52:00,1781157120,2494.91179061,2496.28363685,2480.72032617,2490.74112318,
2026-06-11 05:53:00,1781157180,2490.74112318,2537.50920575,2490.65750266,2536.28498425,
2026-06-11 05:54:00,1781157240,2536.28498425,2536.28498425,2487.64178064,2495.22788062,
2026-06-11 05:55:00,1781157300,2495.22788062,2540.29463667,2494.8165586,2531.84747728,
2026-06-11 05:56:00,1781157360,2531.84747728,2551.3163572,2506.64033912,2513.97742982,
2026-06-11 05:57:00,1781157420,2513.97742982,2531.94039254,2504.43842305,2528.79414223,
2026-06-11 05:58:00,1781157480,2528.79414223,2535.51545615,2503.45837227,2503.52879405,
2026-06-11 05:59:00,1781157540,2503.52879405,2503.69291406,2461.96930397,2475.16655545,
2026-06-11 06:00:00,1781157600,2475.16655545,2487.95042549,2462.15566991,2478.15178401,
2026-06-11 06:01:00,1781157660,2478.15178401,2488.87974686,2459.43042777,2469.80821616,
2026-06-11 06:02:00,1781157720,2469.80821616,2471.4184813,2457.60009597,2459.72013708,
2026-06-11 06:03:00,1781157780,2459.72013708,2486.54641062,2459.71839678,2481.27044184,
2026-06-11 06:04:00,1781157840,2481.27044184,2481.27044184,2412.31034644,2412.31034644,
2026-06-11 06:05:00,1781157900,2412.31034644,2459.67790873,2411.25550341,2444.09905968,
2026-06-11 06:06:00,1781157960,2444.09905968,2449.26043397,2420.34721688,2443.78805159,
2026-06-11 06:07:00,1781158020,2443.78805159,2463.0710075,2436.72567629,2439.81296059,
2026-06-11 06:08:00,1781158080,2439.81296059,2498.71119023,2438.99269477,2495.22768846,
2026-06-11 06:09:00,1781158140,2495.22768846,2523.95149606,2489.64141739,2510.53777916,
2026-06-11 06:10:00,1781158200,2510.53777916,2528.9833999,2501.63053884,2522.92031012,
2026-06-11 06:11:00,1781158260,2522.92031012,2563.06336061,2511.70272414,2553.43965089,
2026-06-11 06:12:00,1781158320,2553.43965089,2623.33151813,2550.701357,2623.33151813,
2026-06-11 06:13:00,1781158380,2623.33151813,2637.94271266,2593.35357773,2609.27182371,
2026-06-11 06:14:00,1781158440,2609.27182371,2617.49101436,2601.24159424,2612.74170947,
2026-06-11 06:15:00,1781158500,2612.74170947,2665.52309174,2612.74170947,2649.0949504,
2026-06-11 06:16:00,1781158560,2649.0949504,2696.25594867,2640.97053612,2644.31733695,
2026-06-11 06:17:00,1781158620,2644.31733695,2645.65044067,2622.1628002,2637.66139738,
2026-06-11 06:18:00,1781158680,2637.66139738,2637.66139738,2570.85745721,2577.07174271,
2026-06-11 06:19:00,1781158740,2577.07174271,2614.36912828,2574.25114118,2601.14320926,
2026-06-11 06:20:00,1781158800,2601.14320926,2666.78416901,2600.97817552,2663.32738569,
2026-06-11 06:21:00,1781158860,2663.32738569,2776.91572383,2662.80231678,2733.909119,
2026-06-11 06:22:00,1781158920,2733.909119,2733.909119,2697.16780565,2706.6669588,
2026-06-11 06:23:00,1781158980,2706.6669588,2757.51464057,2692.41352401,2742.23478351,
2026-06-11 06:24:00,1781159040,2742.23478351,2787.0637241,2718.06263561,2773.87526797,
2026-06-11 06:25:00,1781159100,2773.87526797,2790.14934439,2723.34939112,2723.51897775,
2026-06-11 06:26:00,1781159160,2723.51897775,2736.2730752,2681.99312881,2693.38793623,
2026-06-11 06:27:00,1781159220,2693.38793623,2714.33776872,2670.2795849,2680.94729614,
2026-06-11 06:28:00,1781159280,2680.94729614,2691.89011319,2672.46443947,2682.77049387,
2026-06-11 06:29:00,1781159340,2682.77049387,2695.7334672,2664.72874964,2685.91700178,
2026-06-11 06:30:00,1781159400,2685.91700178,2697.32846052,2666.30767919,2666.95702706,
2026-06-11 06:31:00,1781159460,2666.95702706,2715.13150969,2666.88570211,2713.43171031,
2026-06-11 06:32:00,1781159520,2713.43171031,2748.35460924,2711.19567365,2732.89794669,
2026-06-11 06:33:00,1781159580,2732.89794669,2735.83002971,2708.57325385,2732.67927608,
2026-06-11 06:34:00,1781159640,2732.67927608,2765.26922244,2724.3961384,2752.6046256,
2026-06-11 06:35:00,1781159700,2752.6046256,2754.42586828,2729.56162854,2738.8540445,
2026-06-11 06:36:00,1781159760,2738.8540445,2785.25014867,2732.92988821,2773.20370414,
2026-06-11 06:37:00,1781159820,2773.20370414,2784.2258318,2750.00336072,2767.44972138,
2026-06-11 06:38:00,1781159880,2767.44972138,2774.00855504,2754.08564435,2772.38470469,
2026-06-11 06:39:00,1781159940,2772.38470469,2772.38470469,2762.86955167,2765.22282414,
2026-06-11 06:40:00,1781160000,2765.22282414,2774.35571172,2763.84906932,2765.14005569,
2026-06-11 06:41:00,1781160060,2765.14005569,2787.94911239,2713.91815154,2785.24226425,
2026-06-11 06:42:00,1781160120,2785.24226425,2785.24226425,2746.61849101,2751.36487858,
2026-06-11 06:43:00,1781160180,2751.36487858,2754.20825891,2720.98303767,2723.47820487,
2026-06-11 06:44:00,1781160240,2723.47820487,2751.30410796,2722.70220039,2751.13208036,
2026-06-11 06:45:00,1781160300,2751.13208036,2756.66360117,2717.00487226,2718.06489328,
2026-06-11 06:46:00,1781160360,2718.06489328,2719.56051959,2674.84508956,2687.5098251,
2026-06-11 06:47:00,1781160420,2687.5098251,2687.79284938,2662.61441223,2668.04091845,
2026-06-11 06:48:00,1781160480,2668.04091845,2674.08156501,2654.57395647,2672.57075026,
2026-06-11 06:49:00,1781160540,2672.57075026,2673.32668538,2628.5710509,2633.23435766,
2026-06-11 06:50:00,1781160600,2633.23435766,2645.42961454,2624.4165656,2639.15667174,
2026-06-11 06:51:00,1781160660,2639.15667174,2644.38374096,2632.73966636,2643.62485493,
2026-06-11 06:52:00,1781160720,2643.62485493,2647.04693616,2624.9350551,2627.87962757,
2026-06-11 06:53:00,1781160780,2627.87962757,2627.89932018,2610.65271901,2617.49900553,
2026-06-11 06:54:00,1781160840,2617.49900553,2637.32455581,2608.37159524,2637.23884105,
2026-06-11 06:55:00,1781160900,2637.23884105,2637.32135831,2578.24073536,2593.30384363,
2026-06-11 06:56:00,1781160960,2593.30384363,2602.43161681,2581.66378985,2584.87772291,
2026-06-11 06:57:00,1781161020,2584.87772291,2607.36249451,2584.87772291,2596.72604934,
2026-06-11 06:58:00,1781161080,2596.72604934,2621.07523345,2595.29616941,2603.24438967,
2026-06-11 06:59:00,1781161140,2603.24438967,2606.6868116,2592.15270779,2592.15270779,
2026-06-11 07:00:00,1781161200,2592.15270779,2598.22416622,2580.13249877,2582.94714582,
2026-06-11 07:01:00,1781161260,2582.94714582,2600.21672566,2571.38829467,2594.47008936,
2026-06-11 07:02:00,1781161320,2594.47008936,2612.42760373,2534.34172372,2534.34172372,
2026-06-11 07:03:00,1781161380,2534.34172372,2552.54956704,2512.75903528,2526.9673067,
2026-06-11 07:04:00,1781161440,2526.9673067,2536.99280058,2506.76154816,2506.92258817,
2026-06-11 07:05:00,1781161500,2506.92258817,2521.83083441,2504.80989926,2510.31313859,
2026-06-11 07:06:00,1781161560,2510.31313859,2523.79592286,2502.3536385,2504.514403,
2026-06-11 07:07:00,1781161620,2504.514403,2509.87111426,2465.41469453,2478.34023984,
2026-06-11 07:08:00,1781161680,2478.34023984,2501.25660548,2478.34023984,2501.25660548,
2026-06-11 07:09:00,1781161740,2501.25660548,2506.30633439,2484.04575261,2499.73470618,
2026-06-11 07:10:00,1781161800,2499.73470618,2521.97431252,2487.77835173,2517.40814792,
2026-06-11 07:11:00,1781161860,2517.40814792,2539.21443191,2509.57298717,2515.69788773,
2026-06-11 07:12:00,1781161920,2515.69788773,2519.36553659,2483.72870595,2486.51408893,
2026-06-11 07:13:00,1781161980,2486.51408893,2509.68387825,2464.43212112,2495.44551962,
2026-06-11 07:14:00,1781162040,2495.44551962,2519.05083139,2495.23725994,2505.08992465,
2026-06-11 07:15:00,1781162100,2505.08992465,2515.90873255,2495.30687797,2512.17178091,
2026-06-11 07:16:00,1781162160,2512.17178091,2532.80445463,2493.3500588,2528.31439522,
2026-06-11 07:17:00,1781162220,2528.31439522,2539.22945551,2520.02455567,2532.05144899,
2026-06-11 07:18:00,1781162280,2532.05144899,2563.49851802,2527.86288768,2545.70593783,
2026-06-11 07:19:00,1781162340,2545.70593783,2546.72858675,2529.84996484,2534.35323403,
2026-06-11 07:20:00,1781162400,2534.35323403,2583.85294924,2531.95613483,2583.02110564,
2026-06-11 07:21:00,1781162460,2583.02110564,2615.67991844,2580.92787833,2615.67991844,
2026-06-11 07:22:00,1781162520,2615.67991844,2631.51155614,2587.02669534,2597.99459948,
2026-06-11 07:23:00,1781162580,2597.99459948,2597.99459948,2569.12605388,2575.83034549,
2026-06-11 07:24:00,1781162640,2575.83034549,2615.19948183,2570.32504137,2615.11637851,
2026-06-11 07:25:00,1781162700,2615.11637851,2617.36051021,2580.28650625,2583.34064741,
2026-06-11 07:26:00,1781162760,2583.34064741,2595.2253334,2579.16686808,2588.93030812,
2026-06-11 07:27:00,1781162820,2588.93030812,2613.23762649,2588.91789036,2600.67685418,
2026-06-11 07:28:00,1781162880,2600.67685418,2608.42002204,2594.69004554,2607.73038688,
2026-06-11 07:29:00,1781162940,2607.73038688,2633.16510496,2598.82086699,2632.80096242,
2026-06-11 07:30:00,1781163000,2632.80096242,2677.27031251,2632.79923326,2640.63631885,
2026-06-11 07:31:00,1781163060,2640.63631885,2640.63631885,2589.49113559,2595.51694348,
2026-06-11 07:32:00,1781163120,2595.51694348,2600.66462479,2593.0900612,2599.23172636,
2026-06-11 07:33:00,1781163180,2599.23172636,2623.231194,2599.23172636,2607.25698144,
2026-06-11 07:34:00,1781163240,2607.25698144,2608.45591737,2575.47248805,2576.51917475,
2026-06-11 07:35:00,1781163300,2576.51917475,2594.43265428,2571.59265484,2587.93776388,
2026-06-11 07:36:00,1781163360,2587.93776388,2605.98692954,2573.26386748,2575.42439407,
2026-06-11 07:37:00,1781163420,2575.42439407,2586.80829394,2564.67546612,2568.95894313,
2026-06-11 07:38:00,1781163480,2568.95894313,2568.95894313,2527.96200755,2530.86373149,
2026-06-11 07:39:00,1781163540,2530.86373149,2531.22432578,2505.31057681,2505.52518301,
2026-06-11 07:40:00,1781163600,2505.52518301,2505.52518301,2481.31568006,2485.87217349,
2026-06-11 07:41:00,1781163660,2485.87217349,2523.02447816,2485.05509952,2516.7036028,
2026-06-11 07:42:00,1781163720,2516.7036028,2546.22992142,2516.29471625,2536.30096412,
2026-06-11 07:43:00,1781163780,2536.30096412,2552.74919383,2519.13469658,2546.6606665,
2026-06-11 07:44:00,1781163840,2546.6606665,2547.35418585,2514.75837305,2533.23967292,
2026-06-11 07:45:00,1781163900,2533.23967292,2555.80464559,2532.41832134,2549.82435737,
2026-06-11 07:46:00,1781163960,2549.82435737,2563.91089278,2548.2582802,2563.16919313,
2026-06-11 07:47:00,1781164020,2563.16919313,2599.32659152,2562.34297428,2577.38993062,
2026-06-11 07:48:00,1781164080,2577.38993062,2586.93276219,2567.02876367,2570.09914449,
2026-06-11 07:49:00,1781164140,2570.09914449,2585.24722883,2568.7781928,2572.8536317,
2026-06-11 07:50:00,1781164200,2572.8536317,2581.87777427,2570.24756919,2575.65522957,
2026-06-11 07:51:00,1781164260,2575.65522957,2583.31139521,2554.01082825,2556.71009413,
2026-06-11 07:52:00,1781164320,2556.71009413,2556.71009413,2543.56990756,2547.55595352,
2026-06-11 07:53:00,1781164380,2547.55595352,2574.06315374,2546.56623525,2552.43986922,
2026-06-11 07:54:00,1781164440,2552.43986922,2565.45096692,2545.82925234,2559.37186344,
2026-06-11 07:55:00,1781164500,2559.37186344,2582.05474729,2557.25663542,2577.96290322,
2026-06-11 07:56:00,1781164560,2577.96290322,2587.09881268,2570.28078822,2579.66051253,
2026-06-11 07:57:00,1781164620,2579.66051253,2591.64519829,2578.58602584,2583.72979766,
2026-06-11 07:58:00,1781164680,2583.72979766,2586.51234744,2570.64175357,2570.74761298,
2026-06-11 07:59:00,1781164740,2570.74761298,2575.18473845,2566.56068525,2571.19384625,
2026-06-11 08:00:00,1781164800,2571.19384625,2619.46635641,2570.78072713,2608.72388671,
2026-06-11 08:01:00,1781164860,2608.72388671,2622.96948487,2578.07996911,2599.29329267,
2026-06-11 08:02:00,1781164920,2599.29329267,2633.90392109,2594.2666404,2615.02646159,
2026-06-11 08:03:00,1781164980,2615.02646159,2632.81923214,2610.38675413,2618.17000794,
2026-06-11 08:04:00,1781165040,2618.17000794,2619.40768802,2597.69466659,2597.81674599,
2026-06-11 08:05:00,1781165100,2597.81674599,2616.69587454,2596.41443334,2611.14463739,
2026-06-11 08:06:00,1781165160,2611.14463739,2633.2220387,2609.64834836,2632.05767627,
2026-06-11 08:07:00,1781165220,2632.05767627,2632.05767627,2612.81660224,2619.90720602,
2026-06-11 08:08:00,1781165280,2619.90720602,2629.66103201,2611.2043934,2629.24416347,
2026-06-11 08:09:00,1781165340,2629.24416347,2661.50356092,2624.16499272,2638.08237921,
2026-06-11 08:10:00,1781165400,2638.08237921,2652.96610197,2636.80104429,2640.32103655,
2026-06-11 08:11:00,1781165460,2640.32103655,2659.54863006,2632.46165525,2632.54287381,
2026-06-11 08:12:00,1781165520,2632.54287381,2644.9039324,2632.54110098,2640.63679157,
2026-06-11 08:13:00,1781165580,2640.63679157,2708.71999722,2640.63679157,2706.68492422,
2026-06-11 08:14:00,1781165640,2706.68492422,2706.68492422,2652.86666269,2668.75296,
2026-06-11 08:15:00,1781165700,2668.75296,2669.55476629,2656.25557902,2658.65456004,
2026-06-11 08:16:00,1781165760,2658.65456004,2658.65456004,2641.3268333,2646.12673091,
2026-06-11 08:17:00,1781165820,2646.12673091,2669.26995378,2646.12673091,2652.7636815,
2026-06-11 08:18:00,1781165880,2652.7636815,2684.37112629,2652.7636815,2680.07976002,
2026-06-11 08:19:00,1781165940,2680.07976002,2680.24493316,2662.47981588,2665.05701744,
2026-06-11 08:20:00,1781166000,2665.05701744,2665.05701744,2653.62730595,2657.19025613,
2026-06-11 08:21:00,1781166060,2657.19025613,2669.04704668,2657.10531627,2661.20277562,
2026-06-11 08:22:00,1781166120,2661.20277562,2707.04198732,2661.20100701,2702.76607065,
2026-06-11 08:23:00,1781166180,2702.76607065,2748.85609565,2702.68061879,2745.3639052,
2026-06-11 08:24:00,1781166240,2745.3639052,2756.147453,2726.90103183,2748.27524599,
2026-06-11 08:25:00,1781166300,2748.27524599,2749.53380296,2723.90520054,2735.57980205,
2026-06-11 08:26:00,1781166360,2735.57980205,2750.2633484,2733.05579353,2736.84932696,
2026-06-11 08:27:00,1781166420,2736.84932696,2758.19201588,2733.02748778,2749.78914622,
2026-06-11 08:28:00,1781166480,2749.78914622,2777.85567317,2745.91879653,2768.23630133,
2026-06-11 08:29:00,1781166540,2768.23630133,2773.59457882,2763.0557955,2773.38879188,
2026-06-11 08:30:00,1781166600,2773.38879188,2782.83395642,2764.56675394,2767.77837256,
2026-06-11 08:31:00,1781166660,2767.77837256,2768.13267962,2749.21699397,2758.06269742,
2026-06-11 08:32:00,1781166720,2758.06269742,2777.42840258,2754.13255626,2760.5611818,
2026-06-11 08:33:00,1781166780,2760.5611818,2775.82839548,2759.21197696,2772.45929833,
2026-06-11 08:34:00,1781166840,2772.45929833,2779.83924647,2764.71883045,2768.08278481,
2026-06-11 08:35:00,1781166900,2768.08278481,2773.78498674,2760.82872093,2767.15546356,
2026-06-11 08:36:00,1781166960,2767.15546356,2767.90902689,2758.67944022,2758.92317967,
2026-06-11 08:37:00,1781167020,2758.92317967,2774.16067305,2758.83381455,2766.7041931,
2026-06-11 08:38:00,1781167080,2766.7041931,2766.7041931,2758.02817238,2759.75140547,
2026-06-11 08:39:00,1781167140,2759.75140547,2800.89315166,2751.69790235,2789.03677861,
2026-06-11 08:40:00,1781167200,2789.03677861,2789.03677861,2771.62185937,2772.67184436,
2026-06-11 08:41:00,1781167260,2772.67184436,2773.76935975,2752.95681445,2757.56821209,
2026-06-11 08:42:00,1781167320,2757.56821209,2759.08442551,2728.82807825,2730.00204275,
2026-06-11 08:43:00,1781167380,2730.00204275,2736.37467803,2686.86288477,2686.94456078,
2026-06-11 08:44:00,1781167440,2686.94456078,2688.746254,2678.27293609,2688.22637915,
2026-06-11 08:45:00,1781167500,2688.22637915,2725.49859641,2684.13484156,2711.22385798,
2026-06-11 08:46:00,1781167560,2711.22385798,2731.40823606,2697.25713495,2731.33431923,
2026-06-11 08:47:00,1781167620,2731.33431923,2766.0504807,2723.62022768,2766.0504807,
2026-06-11 08:48:00,1781167680,2766.0504807,2847.87951145,2763.68411644,2814.83229223,
2026-06-11 08:49:00,1781167740,2814.83229223,2832.92646217,2777.08776825,2777.31943305,
2026-06-11 08:50:00,1781167800,2777.31943305,2800.94410349,2777.31943305,2786.85658305,
2026-06-11 08:51:00,1781167860,2786.85658305,2814.47159941,2772.30858837,2772.30858837,
2026-06-11 08:52:00,1781167920,2772.30858837,2774.77952768,2748.16917412,2764.96987573,
2026-06-11 08:53:00,1781167980,2764.96987573,2767.28871524,2758.10660491,2764.03049167,
2026-06-11 08:54:00,1781168040,2764.03049167,2766.66452916,2761.10693017,2764.13549432,
2026-06-11 08:55:00,1781168100,2764.13549432,2774.56219916,2759.57433926,2763.46426685,
2026-06-11 08:56:00,1781168160,2763.46426685,2764.20457102,2734.44993959,2742.38424924,
2026-06-11 08:57:00,1781168220,2742.38424924,2749.61531458,2724.06185252,2747.16413712,
2026-06-11 08:58:00,1781168280,2747.16413712,2756.93953108,2747.16413712,2750.32279057,
2026-06-11 08:59:00,1781168340,2750.32279057,2773.96259887,2748.73109195,2773.96259887,
2026-06-11 09:00:00,1781168400,2773.96259887,2773.96259887,2732.03158064,2750.10703154,
2026-06-11 09:01:00,1781168460,2750.10703154,2753.32385088,2736.74018612,2745.36785108,
2026-06-11 09:02:00,1781168520,2745.36785108,2771.75421282,2744.11575701,2767.96310818,
2026-06-11 09:03:00,1781168580,2767.96310818,2774.68002577,2762.22829127,2770.75939536,
2026-06-11 09:04:00,1781168640,2770.75939536,2775.6911554,2731.32602068,2735.04102598,
2026-06-11 09:05:00,1781168700,2735.04102598,2744.8801463,2712.05877184,2715.17093356,
2026-06-11 09:06:00,1781168760,2715.17093356,2715.17093356,2692.46028976,2701.78122233,
2026-06-11 09:07:00,1781168820,2701.78122233,2706.15013936,2674.31156424,2684.86453883,
2026-06-11 09:08:00,1781168880,2684.86453883,2698.11072936,2676.29618453,2685.30131144,
2026-06-11 09:09:00,1781168940,2685.30131144,2685.77547486,2671.78177101,2684.9307732,
2026-06-11 09:10:00,1781169000,2684.9307732,2707.89616247,2684.87865644,2697.79282909,
2026-06-11 09:11:00,1781169060,2697.79282909,2697.87524161,2669.66053094,2669.74083972,
2026-06-11 09:12:00,1781169120,2669.74083972,2676.98979012,2660.93229503,2673.58469284,
2026-06-11 09:13:00,1781169180,2673.58469284,2689.15968974,2654.96590644,2657.20142221,
2026-06-11 09:14:00,1781169240,2657.20142221,2694.3232288,2648.36440498,2691.54088519,
2026-06-11 09:15:00,1781169300,2691.54088519,2691.54088519,2646.78786917,2651.71176349,
2026-06-11 09:16:00,1781169360,2651.71176349,2653.0575675,2618.22855204,2636.02937798,
2026-06-11 09:17:00,1781169420,2636.02937798,2636.86467101,2617.24129457,2632.56237326,
2026-06-11 09:18:00,1781169480,2632.56237326,2671.2666872,2632.56237326,2670.33847996,
2026-06-11 09:19:00,1781169540,2670.33847996,2687.32098252,2665.30965041,2668.13716532,
2026-06-11 09:20:00,1781169600,2668.13716532,2668.13716532,2636.06271104,2640.76429541,
2026-06-11 09:21:00,1781169660,2640.76429541,2644.02474222,2629.58046395,2630.41489209,
2026-06-11 09:22:00,1781169720,2630.41489209,2639.76861096,2619.6224581,2633.26949993,
2026-06-11 09:23:00,1781169780,2633.26949993,2642.93697493,2622.62236041,2639.48750783,
2026-06-11 09:24:00,1781169840,2639.48750783,2643.68517995,2619.22413634,2643.19729716,
2026-06-11 09:25:00,1781169900,2643.19729716,2657.46333164,2628.1385099,2648.14806936,
2026-06-11 09:26:00,1781169960,2648.14806936,2648.6495924,2626.46239534,2635.72449548,
2026-06-11 09:27:00,1781170020,2635.72449548,2643.8717013,2626.89582481,2639.61953252,
2026-06-11 09:28:00,1781170080,2639.61953252,2650.91141621,2637.67212048,2650.16749757,
2026-06-11 09:29:00,1781170140,2650.16749757,2650.16749757,2634.674827,2645.71233477,
2026-06-11 09:30:00,1781170200,2645.71233477,2671.81577001,2639.25770425,2642.71179667,
2026-06-11 09:31:00,1781170260,2642.71179667,2724.45423909,2640.21923742,2716.26524122,
2026-06-11 09:32:00,1781170320,2716.26524122,2724.42268515,2686.91659412,2710.45082327,
2026-06-11 09:33:00,1781170380,2710.45082327,2717.78838688,2694.11520567,2715.13251216,
2026-06-11 09:34:00,1781170440,2715.13251216,2751.12865697,2702.27969051,2751.12865697,
2026-06-11 09:35:00,1781170500,2751.12865697,2770.3242888,2722.45242753,2723.55469543,
2026-06-11 09:36:00,1781170560,2723.55469543,2744.63232833,2723.38352003,2741.57032372,
2026-06-11 09:37:00,1781170620,2741.57032372,2742.25786696,2730.35710638,2738.33365077,
2026-06-11 09:38:00,1781170680,2738.33365077,2742.58061536,2724.38711409,2728.47945833,
2026-06-11 09:39:00,1781170740,2728.47945833,2747.47906959,2724.63838917,2725.09620834,
2026-06-11 09:40:00,1781170800,2725.09620834,2731.47239361,2721.78294346,2725.6849615,
2026-06-11 09:41:00,1781170860,2725.6849615,2725.76825056,2704.72112221,2706.54506083,
2026-06-11 09:42:00,1781170920,2706.54506083,2731.02922568,2705.33099139,2712.61979321,
2026-06-11 09:43:00,1781170980,2712.61979321,2725.01540825,2705.26189719,2705.48227052,
2026-06-11 09:44:00,1781171040,2705.48227052,2736.96610978,2704.1513159,2733.68550693,
2026-06-11 09:45:00,1781171100,2733.68550693,2733.68550693,2712.96403223,2729.49916735,
2026-06-11 09:46:00,1781171160,2729.49916735,2729.53217326,2724.09941289,2724.56441106,
2026-06-11 09:47:00,1781171220,2724.56441106,2726.24791457,2706.5329873,2710.08998954,
2026-06-11 09:48:00,1781171280,2710.08998954,2732.13832878,2707.7471784,2727.97011296,
2026-06-11 09:49:00,1781171340,2727.97011296,2731.16999984,2711.46503695,2727.83714831,
2026-06-11 09:50:00,1781171400,2727.83714831,2727.83714831,2717.3042432,2723.52141592,
2026-06-11 09:51:00,1781171460,2723.52141592,2771.36993134,2723.49354565,2762.58389338,
2026-06-11 09:52:00,1781171520,2762.58389338,2783.67933572,2751.99556271,2752.85895152,
2026-06-11 09:53:00,1781171580,2752.85895152,2754.90801705,2737.84272932,2754.06060489,
2026-06-11 09:54:00,1781171640,2754.06060489,2758.31390025,2730.45222904,2757.26122119,
2026-06-11 09:55:00,1781171700,2757.26122119,2772.24042708,2746.26911098,2747.29259935,
2026-06-11 09:56:00,1781171760,2747.29259935,2750.86310128,2715.36137922,2715.36137922,
2026-06-11 09:57:00,1781171820,2715.36137922,2715.36137922,2698.38607666,2701.92369939,
2026-06-11 09:58:00,1781171880,2701.92369939,2723.55975587,2701.53223836,2723.55975587,
2026-06-11 09:59:00,1781171940,2723.55975587,2743.22785238,2711.95923548,2724.5023096,
2026-06-11 10:00:00,1781172000,2724.5023096,2748.08976504,2716.22578966,2734.10362975,
2026-06-11 10:01:00,1781172060,2734.10362975,2756.69666619,2713.63088758,2727.29309686,
2026-06-11 10:02:00,1781172120,2727.29309686,2740.49716151,2687.68046679,2688.78483629,
2026-06-11 10:03:00,1781172180,2688.78483629,2695.94202138,2678.0413711,2685.41511043,
2026-06-11 10:04:00,1781172240,2685.41511043,2695.1529451,2645.36707456,2661.11241728,
2026-06-11 10:05:00,1781172300,2661.11241728,2680.12894385,2652.92037811,2678.19193781,
2026-06-11 10:06:00,1781172360,2678.19193781,2711.9925185,2662.26861401,2710.71118907,
2026-06-11 10:07:00,1781172420,2710.71118907,2752.06208305,2710.71118907,2742.83050777,
2026-06-11 10:08:00,1781172480,2742.83050777,2763.01588932,2732.0504395,2740.06001682,
2026-06-11 10:09:00,1781172540,2740.06001682,2740.06001682,2702.6870022,2728.18339414,
2026-06-11 10:10:00,1781172600,2728.18339414,2732.63153085,2698.32364416,2698.32364416,
2026-06-11 10:11:00,1781172660,2698.32364416,2724.01508785,2691.83468272,2723.32902963,
2026-06-11 10:12:00,1781172720,2723.32902963,2723.4114339,2700.80599306,2713.09070691,
2026-06-11 10:13:00,1781172780,2713.09070691,2743.63646788,2701.97894336,2732.37348082,
2026-06-11 10:14:00,1781172840,2732.37348082,2732.45919366,2702.59029662,2703.96122286,
2026-06-11 10:15:00,1781172900,2703.96122286,2724.59114967,2703.19270262,2715.14289335,
2026-06-11 10:16:00,1781172960,2715.14289335,2715.14289335,2684.62007451,2688.28375921,
2026-06-11 10:17:00,1781173020,2688.28375921,2688.79373572,2610.14182267,2629.74356138,
2026-06-11 10:18:00,1781173080,2629.74356138,2666.28630915,2627.88121392,2632.99043481,
2026-06-11 10:19:00,1781173140,2632.99043481,2645.11288251,2602.46484166,2633.63106769,
2026-06-11 10:20:00,1781173200,2633.63106769,2647.31084944,2630.43059784,2636.08901256,
2026-06-11 10:21:00,1781173260,2636.08901256,2660.5183703,2634.5656627,2652.83938441,
2026-06-11 10:22:00,1781173320,2652.83938441,2658.220661,2617.78231193,2621.370143,
2026-06-11 10:23:00,1781173380,2621.370143,2648.64489499,2621.17131987,2647.51055729,
2026-06-11 10:24:00,1781173440,2647.51055729,2649.04171048,2621.99762227,2633.87352378,
2026-06-11 10:25:00,1781173500,2633.87352378,2645.98451381,2631.03609073,2644.19960714,
2026-06-11 10:26:00,1781173560,2644.19960714,2644.28309234,2616.27568378,2630.485923,
2026-06-11 10:27:00,1781173620,2630.485923,2635.91586809,2621.23569967,2631.86981335,
2026-06-11 10:28:00,1781173680,2631.86981335,2649.3686634,2630.25278342,2644.49647147,
2026-06-11 10:29:00,1781173740,2644.49647147,2666.28669107,2640.38356127,2648.07875724,
2026-06-11 10:30:00,1781173800,2648.07875724,2678.83527097,2638.5136719,2677.20602682,
2026-06-11 10:31:00,1781173860,2677.20602682,2715.25795165,2677.20445609,2694.59292974,
2026-06-11 10:32:00,1781173920,2694.59292974,2694.59292974,2679.55859597,2685.7720392,
2026-06-11 10:33:00,1781173980,2685.7720392,2685.82379261,2658.67278275,2661.42046368,
2026-06-11 10:34:00,1781174040,2661.42046368,2704.92188788,2661.42046368,2673.03004084,
2026-06-11 10:35:00,1781174100,2673.03004084,2696.15525226,2665.10402782,2696.15525226,
2026-06-11 10:36:00,1781174160,2696.15525226,2718.64931165,2695.81119871,2715.38766259,
2026-06-11 10:37:00,1781174220,2715.38766259,2721.7833314,2698.05908396,2713.54234429,
2026-06-11 10:38:00,1781174280,2713.54234429,2738.13477267,2709.87280514,2727.01306815,
2026-06-11 10:39:00,1781174340,2727.01306815,2727.18182374,2682.30638629,2688.43072082,
2026-06-11 10:40:00,1781174400,2688.43072082,2708.71977595,2686.88584351,2695.84496324,
2026-06-11 10:41:00,1781174460,2695.84496324,2704.67015335,2681.18393748,2696.85506768,
2026-06-11 10:42:00,1781174520,2696.85506768,2711.54361727,2685.18239077,2708.74102529,
2026-06-11 10:43:00,1781174580,2708.74102529,2730.60503193,2707.41380522,2710.69588634,
2026-06-11 10:44:00,1781174640,2710.69588634,2732.37882415,2703.19658202,2715.18239111,
2026-06-11 10:45:00,1781174700,2715.18239111,2720.5246076,2712.8366086,2712.97634402,
2026-06-11 10:46:00,1781174760,2712.97634402,2744.31622109,2705.63813682,2735.58267637,
2026-06-11 10:47:00,1781174820,2735.58267637,2751.16975143,2727.80179856,2742.83223825,
2026-06-11 10:48:00,1781174880,2742.83223825,2744.33516957,2735.63159095,2738.54615642,
2026-06-11 10:49:00,1781174940,2738.54615642,2747.17381105,2730.18417792,2747.16757733,
2026-06-11 10:50:00,1781175000,2747.16757733,2756.05630024,2733.5452235,2749.37529808,
2026-06-11 10:51:00,1781175060,2749.37529808,2858.93602388,2747.80956931,2828.01069068,
2026-06-11 10:52:00,1781175120,2828.01069068,2828.01069068,2774.82037694,2800.27182579,
2026-06-11 10:53:00,1781175180,2800.27182579,2814.93568549,2780.9766655,2804.98318601,
2026-06-11 10:54:00,1781175240,2804.98318601,2863.27557137,2799.05923739,2856.39261212,
2026-06-11 10:55:00,1781175300,2856.39261212,2929.54429284,2823.57282494,2923.75716812,
2026-06-11 10:56:00,1781175360,2923.75716812,2926.20921465,2823.87580615,2830.44877724,
2026-06-11 10:57:00,1781175420,2830.44877724,2891.69772273,2825.64798818,2881.62085141,
2026-06-11 10:58:00,1781175480,2881.62085141,2925.71403792,2873.80480255,2897.64959833,
2026-06-11 10:59:00,1781175540,2897.64959833,2958.96228497,2887.78081452,2902.20803886,
2026-06-11 11:00:00,1781175600,2902.20803886,2905.00703263,2833.5842822,2834.02903036,
2026-06-11 11:01:00,1781175660,2834.02903036,2915.31253134,2834.02903036,2915.13766908,
2026-06-11 11:02:00,1781175720,2915.13766908,2941.55023543,2901.93606005,2926.22854233,
2026-06-11 11:03:00,1781175780,2926.22854233,2959.9432342,2926.13963063,2932.95377234,
2026-06-11 11:04:00,1781175840,2932.95377234,2955.48833994,2932.36065946,2941.62569914,
2026-06-11 11:05:00,1781175900,2941.62569914,2954.18486023,2907.47726517,2926.49455773,
2026-06-11 11:06:00,1781175960,2926.49455773,2926.58049894,2899.23482205,2908.10356225,
2026-06-11 11:07:00,1781176020,2908.10356225,2918.67367069,2873.87469722,2878.34085743,
2026-06-11 11:08:00,1781176080,2878.34085743,2891.03282727,2810.8162021,2890.50695573,
2026-06-11 11:09:00,1781176140,2890.50695573,2902.18296111,2879.34006328,2901.45161399,
2026-06-11 11:10:00,1781176200,2901.45161399,2931.60152019,2901.45161399,2928.50953361,
2026-06-11 11:11:00,1781176260,2928.50953361,2962.04155093,2926.30376379,2957.38784692,
2026-06-11 11:12:00,1781176320,2957.38784692,2960.89733027,2914.01692226,2941.49482956,
2026-06-11 11:13:00,1781176380,2941.49482956,2945.02081056,2925.03923818,2941.82740326,
2026-06-11 11:14:00,1781176440,2941.82740326,2950.86817939,2940.42318843,2947.29133652,
2026-06-11 11:15:00,1781176500,2947.29133652,2947.29133652,2907.99755477,2930.72535294,
2026-06-11 11:16:00,1781176560,2930.72535294,2941.56538085,2930.46154366,2940.51335161,
2026-06-11 11:17:00,1781176620,2940.51335161,2983.1122934,2940.51188039,2969.80651718,
2026-06-11 11:18:00,1781176680,2969.80651718,2969.80651718,2896.91949795,2914.13466348,
2026-06-11 11:19:00,1781176740,2914.13466348,2916.92140934,2876.02604255,2891.51592394,
2026-06-11 11:20:00,1781176800,2891.51592394,2895.77097138,2878.27954873,2891.79201437,
2026-06-11 11:21:00,1781176860,2891.79201437,2912.20491538,2875.34125238,2911.30120807,
2026-06-11 11:22:00,1781176920,2911.30120807,2932.38150662,2909.89901238,2924.42508368,
2026-06-11 11:23:00,1781176980,2924.42508368,2927.98858386,2920.67782455,2923.16380174,
2026-06-11 11:24:00,1781177040,2923.16380174,2935.57187384,2913.41115266,2927.10815179,
2026-06-11 11:25:00,1781177100,2927.10815179,2928.10574597,2888.79778943,2899.171231,
2026-06-11 11:26:00,1781177160,2899.171231,2900.67104351,2874.91400644,2875.08778519,
2026-06-11 11:27:00,1781177220,2875.08778519,2905.89989601,2871.69817932,2900.46485954,
2026-06-11 11:28:00,1781177280,2900.46485954,2939.76063679,2894.64723671,2937.44953749,
2026-06-11 11:29:00,1781177340,2937.44953749,2963.46428849,2919.82887434,2924.10890517,
2026-06-11 11:30:00,1781177400,2924.10890517,2979.0541659,2921.45812301,2961.80736099,
2026-06-11 11:31:00,1781177460,2961.80736099,3006.42690411,2942.97191702,3002.27055829,
2026-06-11 11:32:00,1781177520,3002.27055829,3020.17038085,2967.06979077,2968.42903689,
2026-06-11 11:33:00,1781177580,2968.42903689,2982.63157584,2947.5684336,2975.78750602,
2026-06-11 11:34:00,1781177640,2975.78750602,2975.78750602,2936.4056959,2952.96316435,
2026-06-11 11:35:00,1781177700,2952.96316435,2963.91509899,2928.17530097,2932.06440083,
2026-06-11 11:36:00,1781177760,2932.06440083,2932.06440083,2903.81098881,2903.81098881,
2026-06-11 11:37:00,1781177820,2903.81098881,2921.86805059,2874.551563,2878.88823814,
2026-06-11 11:38:00,1781177880,2878.88823814,2895.16685096,2853.12221854,2866.67426093,
2026-06-11 11:39:00,1781177940,2866.67426093,2917.11944599,2859.86026846,2908.23762855,
2026-06-11 11:40:00,1781178000,2908.23762855,2915.98368109,2888.58022603,2892.79231117,
2026-06-11 11:41:00,1781178060,2892.79231117,2922.09474848,2886.07533272,2902.75196967,
2026-06-11 11:42:00,1781178120,2902.75196967,2908.5009327,2886.05880563,2907.53665606,
2026-06-11 11:43:00,1781178180,2907.53665606,2915.50663639,2896.08235438,2910.51827653,
2026-06-11 11:44:00,1781178240,2910.51827653,2911.6479409,2879.97381283,2900.90925716,
2026-06-11 11:45:00,1781178300,2900.90925716,2900.90925716,2873.45925636,2881.22639021,
2026-06-11 11:46:00,1781178360,2881.22639021,2890.70799515,2881.05080797,2888.85726191,
2026-06-11 11:47:00,1781178420,2888.85726191,2896.45665843,2872.53163739,2872.53163739,
2026-06-11 11:48:00,1781178480,2872.53163739,2878.30901169,2862.74111782,2872.48404774,
2026-06-11 11:49:00,1781178540,2872.48404774,2904.58323423,2856.20945277,2904.58323423,
2026-06-11 11:50:00,1781178600,2904.58323423,2912.1671593,2892.78500089,2905.94323151,
2026-06-11 11:51:00,1781178660,2905.94323151,3000.10550621,2893.46739942,2975.17044081,
2026-06-11 11:52:00,1781178720,2975.17044081,2987.05731744,2934.75902539,2947.48286137,
2026-06-11 11:53:00,1781178780,2947.48286137,2960.41288859,2936.19416284,2947.72058985,
2026-06-11 11:54:00,1781178840,2947.72058985,2948.09142139,2930.28610131,2943.12381069,
2026-06-11 11:55:00,1781178900,2943.12381069,2943.12381069,2898.47155639,2902.36146281,
2026-06-11 11:56:00,1781178960,2902.36146281,2902.36146281,2870.79576528,2891.19339436,
2026-06-11 11:57:00,1781179020,2891.19339436,2903.90678876,2877.40245919,2880.77407009,
2026-06-11 11:58:00,1781179080,2880.77407009,2889.24873278,2876.46865914,2882.18856644,
2026-06-11 11:59:00,1781179140,2882.18856644,2888.73102795,2869.4524014,2874.45048034,
2026-06-11 12:00:00,1781179200,2874.45048034,2881.82353768,2817.94338646,2825.97634121,
2026-06-11 12:01:00,1781179260,2825.97634121,2852.08488662,2825.78565241,2830.28395469,
2026-06-11 12:02:00,1781179320,2830.28395469,2837.92084605,2816.86728021,2830.0188635,
2026-06-11 12:03:00,1781179380,2830.0188635,2831.67581519,2790.75979071,2795.9204859,
2026-06-11 12:04:00,1781179440,2795.9204859,2845.18825286,2784.81256234,2841.74240076,
2026-06-11 12:05:00,1781179500,2841.74240076,2870.18296608,2840.48896963,2852.86348251,
2026-06-11 12:06:00,1781179560,2852.86348251,2881.0929065,2830.33576868,2835.52487762,
2026-06-11 12:07:00,1781179620,2835.52487762,2835.52487762,2785.62865965,2805.75105033,
2026-06-11 12:08:00,1781179680,2805.75105033,2824.47114349,2793.917127,2817.68129937,
2026-06-11 12:09:00,1781179740,2817.68129937,2828.2084112,2787.12433804,2797.13862619,
2026-06-11 12:10:00,1781179800,2797.13862619,2884.119588,2792.47965869,2881.59717746,
2026-06-11 12:11:00,1781179860,2881.59717746,2927.9787674,2860.54089683,2927.89123439,
2026-06-11 12:12:00,1781179920,2927.89123439,2951.51778575,2912.80128675,2950.07153918,
2026-06-11 12:13:00,1781179980,2950.07153918,2952.96321859,2881.17775692,2881.17775692,
2026-06-11 12:14:00,1781180040,2881.17775692,2922.73094879,2856.97492309,2915.54129411,
2026-06-11 12:15:00,1781180100,2915.54129411,2932.53524981,2884.44830568,2900.72369867,
2026-06-11 12:16:00,1781180160,2900.72369867,2917.61947757,2892.35640372,2909.26409059,
2026-06-11 12:17:00,1781180220,2909.26409059,2926.37142724,2885.76008734,2886.48996195,
2026-06-11 12:18:00,1781180280,2886.48996195,2950.1888067,2882.73468256,2930.48867342,
2026-06-11 12:19:00,1781180340,2930.48867342,2932.93393006,2877.34579767,2877.60615449,
2026-06-11 12:20:00,1781180400,2877.60615449,2877.60615449,2753.85916708,2755.12368782,
2026-06-11 12:21:00,1781180460,2755.12368782,2768.04349857,2686.33046823,2703.57513759,
2026-06-11 12:22:00,1781180520,2703.57513759,2710.04274255,2534.49567107,2541.51952041,
2026-06-11 12:23:00,1781180580,2541.51952041,2588.79126061,2505.12222808,2576.54302694,
2026-06-11 12:24:00,1781180640,2576.54302694,2627.89381707,2507.41931323,2532.49786136,
2026-06-11 12:25:00,1781180700,2532.49786136,2576.10320747,2525.45690654,2543.66615087,
2026-06-11 12:26:00,1781180760,2543.66615087,2595.05720418,2540.8038313,2593.26631555,
2026-06-11 12:27:00,1781180820,2593.26631555,2597.07162628,2518.34392077,2548.75979627,
2026-06-11 12:28:00,1781180880,2548.75979627,2572.99510266,2484.25227352,2495.06063802,
2026-06-11 12:29:00,1781180940,2495.06063802,2523.76334183,2488.80986872,2491.82360385,
2026-06-11 12:30:00,1781181000,2491.82360385,2588.96284082,2353.41825004,2458.09690119,
2026-06-11 12:31:00,1781181060,2458.09690119,2517.77285969,2415.11724289,2468.08374853,
2026-06-11 12:32:00,1781181120,2468.08374853,2479.34203054,2415.06437324,2469.04842161,
2026-06-11 12:33:00,1781181180,2469.04842161,2483.64284076,2405.96485206,2425.91268929,
2026-06-11 12:34:00,1781181240,2425.91268929,2580.06440216,2405.31663932,2554.26281719,
2026-06-11 12:35:00,1781181300,2554.26281719,2600.40897405,2539.27452359,2556.75014908,
2026-06-11 12:36:00,1781181360,2556.75014908,2621.71489632,2556.75014908,2598.1859963,
2026-06-11 12:37:00,1781181420,2598.1859963,2612.49573891,2552.3853049,2554.48059843,
2026-06-11 12:38:00,1781181480,2554.48059843,2657.32442136,2554.48059843,2588.44194297,
2026-06-11 12:39:00,1781181540,2588.44194297,2645.278389,2575.89718612,2584.5597327,
2026-06-11 12:40:00,1781181600,2584.5597327,2606.16400007,2565.99967403,2595.39276468,
2026-06-11 12:41:00,1781181660,2595.39276468,2646.62219605,2576.04400515,2637.06255797,
2026-06-11 12:42:00,1781181720,2637.06255797,2649.73893018,2608.61430025,2640.76517377,
2026-06-11 12:43:00,1781181780,2640.76517377,2650.50593094,2582.10015876,2582.10015876,
2026-06-11 12:44:00,1781181840,2582.10015876,2718.87638667,2561.32545705,2697.16772424,
2026-06-11 12:45:00,1781181900,2697.16772424,2710.75788329,2645.04806411,2701.29989505,
2026-06-11 12:46:00,1781181960,2701.29989505,2736.97780769,2684.91994831,2730.79040712,
2026-06-11 12:47:00,1781182020,2730.79040712,2760.12391471,2678.14352192,2694.44330235,
2026-06-11 12:48:00,1781182080,2694.44330235,2711.96682803,2662.93512705,2664.89885663,
2026-06-11 12:49:00,1781182140,2664.89885663,2737.35941862,2650.18033165,2737.35941862,
2026-06-11 12:50:00,1781182200,2737.35941862,2745.90289109,2663.36452559,2676.52771519,
2026-06-11 12:51:00,1781182260,2676.52771519,2753.4430929,2674.49640173,2752.31242771,
2026-06-11 12:52:00,1781182320,2752.31242771,2799.70288406,2752.31090146,2769.99365802,
2026-06-11 12:53:00,1781182380,2769.99365802,2795.62464263,2714.49254667,2725.6862094,
2026-06-11 12:54:00,1781182440,2725.6862094,2739.37591708,2713.19730194,2725.41083124,
2026-06-11 12:55:00,1781182500,2725.41083124,2802.98314213,2721.53520864,2789.78952988,
2026-06-11 12:56:00,1781182560,2789.78952988,2798.94333709,2766.45608291,2779.87757059,
2026-06-11 12:57:00,1781182620,2779.87757059,2801.02226687,2755.75407469,2765.4689687,
2026-06-11 12:58:00,1781182680,2765.4689687,2808.63728848,2745.37024114,2797.85020559,
2026-06-11 12:59:00,1781182740,2797.85020559,2804.82036352,2776.08164803,2778.60411167,
2026-06-11 13:00:00,1781182800,2778.60411167,2781.8020391,2721.23202915,2726.63290081,
2026-06-11 13:01:00,1781182860,2726.63290081,2754.94650428,2712.95432539,2713.45559464,
2026-06-11 13:02:00,1781182920,2713.45559464,2726.892545,2684.46027218,2705.77824219,
2026-06-11 13:03:00,1781182980,2705.77824219,2708.68870572,2681.16486239,2702.14037119,
2026-06-11 13:04:00,1781183040,2702.14037119,2748.32578441,2695.08160473,2721.18633666,
2026-06-11 13:05:00,1781183100,2721.18633666,2721.4427618,2677.14466043,2700.59703411,
2026-06-11 13:06:00,1781183160,2700.59703411,2720.2850973,2679.60129904,2705.1689394,
2026-06-11 13:07:00,1781183220,2705.1689394,2719.47948225,2688.33259896,2702.2402478,
2026-06-11 13:08:00,1781183280,2702.2402478,2709.78257075,2689.08729769,2697.06955556,
2026-06-11 13:09:00,1781183340,2697.06955556,2700.46334006,2674.60792972,2681.06467285,
2026-06-11 13:10:00,1781183400,2681.06467285,2701.59471788,2680.80653763,2696.31933005,
2026-06-11 13:11:00,1781183460,2696.31933005,2718.77784402,2644.72903197,2661.33903908,
2026-06-11 13:12:00,1781183520,2661.33903908,2700.17773611,2661.33903908,2686.18035387,
2026-06-11 13:13:00,1781183580,2686.18035387,2706.00216239,2679.19780488,2683.75788059,
2026-06-11 13:14:00,1781183640,2683.75788059,2707.81440956,2682.21651483,2689.81641409,
2026-06-11 13:15:00,1781183700,2689.81641409,2710.62329302,2686.36620002,2705.61706304,
2026-06-11 13:16:00,1781183760,2705.61706304,2738.16709898,2705.61379241,2736.44797036,
2026-06-11 13:17:00,1781183820,2736.44797036,2738.62767208,2715.43343791,2722.47838166,
2026-06-11 13:18:00,1781183880,2722.47838166,2753.31681032,2718.25343298,2753.31681032,
2026-06-11 13:19:00,1781183940,2753.31681032,2775.9569058,2745.2623373,2773.11139003,
2026-06-11 13:20:00,1781184000,2773.11139003,2813.28413625,2773.11139003,2782.95140541,
2026-06-11 13:21:00,1781184060,2782.95140541,2791.4148142,2774.46916644,2783.54566223,
2026-06-11 13:22:00,1781184120,2783.54566223,2783.54566223,2701.32258825,2708.90693103,
2026-06-11 13:23:00,1781184180,2708.90693103,2720.15511556,2690.58014286,2690.90466164,
2026-06-11 13:24:00,1781184240,2690.90466164,2698.93209578,2622.63642191,2628.65746037,
2026-06-11 13:25:00,1781184300,2628.65746037,2643.99757772,2612.77281683,2639.61559213,
2026-06-11 13:26:00,1781184360,2639.61559213,2642.70217078,2618.15837748,2637.93286037,
2026-06-11 13:27:00,1781184420,2637.93286037,2642.45064534,2616.0355695,2633.50589646,
2026-06-11 13:28:00,1781184480,2633.50589646,2645.98196096,2617.31848159,2645.98026177,
2026-06-11 13:29:00,1781184540,2645.98026177,2646.10078656,2598.15247064,2616.14304901,
2026-06-11 13:30:00,1781184600,2616.14304901,2616.14304901,2573.94171663,2611.34694805,
2026-06-11 13:31:00,1781184660,2611.34694805,2614.05601646,2523.07643325,2544.88367375,
2026-06-11 13:32:00,1781184720,2544.88367375,2552.0974068,2493.89076403,2531.5837573,
2026-06-11 13:33:00,1781184780,2531.5837573,2606.80744695,2531.5837573,2567.44303274,
2026-06-11 13:34:00,1781184840,2567.44303274,2586.6107007,2523.35157894,2566.33715655,
2026-06-11 13:35:00,1781184900,2566.33715655,2657.83126323,2539.54166801,2653.73636444,
2026-06-11 13:36:00,1781184960,2653.73636444,2712.85807244,2631.52328704,2631.69357449,
2026-06-11 13:37:00,1781185020,2631.69357449,2685.87269887,2616.80617013,2672.62265023,
2026-06-11 13:38:00,1781185080,2672.62265023,2680.47299296,2574.33484231,2583.30251089,
2026-06-11 13:39:00,1781185140,2583.30251089,2671.40270963,2583.30251089,2630.96396152,
2026-06-11 13:40:00,1781185200,2630.96396152,2638.52965032,2554.48050853,2628.81156622,
2026-06-11 13:41:00,1781185260,2628.81156622,2639.41277849,2524.80545444,2554.64366917,
2026-06-11 13:42:00,1781185320,2554.64366917,2605.42642104,2523.819275,2581.7919261,
2026-06-11 13:43:00,1781185380,2581.7919261,2682.63960967,2581.7919261,2671.08026434,
2026-06-11 13:44:00,1781185440,2671.08026434,2741.88852232,2668.59614056,2738.26080809,
2026-06-11 13:45:00,1781185500,2738.26080809,2875.36076005,2716.70718827,2820.5730263,
2026-06-11 13:46:00,1781185560,2820.5730263,2833.05093292,2770.57602075,2818.75208673,
2026-06-11 13:47:00,1781185620,2818.75208673,2849.92494657,2774.08578457,2820.87377533,
2026-06-11 13:48:00,1781185680,2820.87377533,2833.52323964,2795.8732348,2819.20465279,
2026-06-11 13:49:00,1781185740,2819.20465279,2844.39349108,2797.36703937,2797.71423785,
2026-06-11 13:50:00,1781185800,2797.71423785,2919.26460648,2794.34146966,2903.82270735,
2026-06-11 13:51:00,1781185860,2903.82270735,2904.2594864,2828.14495655,2853.02946494,
2026-06-11 13:52:00,1781185920,2853.02946494,2915.62402587,2835.93253946,2865.04468691,
2026-06-11 13:53:00,1781185980,2865.04468691,2985.72141713,2821.98661895,2977.54888938,
2026-06-11 13:54:00,1781186040,2977.54888938,2985.58304143,2908.31901699,2923.8916831,
2026-06-11 13:55:00,1781186100,2923.8916831,2923.8916831,2870.38268912,2888.13605602,
2026-06-11 13:56:00,1781186160,2888.13605602,2890.23582375,2809.77032081,2809.77032081,
2026-06-11 13:57:00,1781186220,2809.77032081,2822.87659346,2763.72922251,2767.87393215,
2026-06-11 13:58:00,1781186280,2767.87393215,2822.04243565,2767.87231372,2802.60060722,
2026-06-11 13:59:00,1781186340,2802.60060722,2849.00432053,2802.60060722,2839.94169016,
2026-06-11 14:00:00,1781186400,2839.94169016,2850.14453635,2800.37625045,2818.47198494,
2026-06-11 14:01:00,1781186460,2818.47198494,2830.32942423,2764.37299611,2811.24283192,
2026-06-11 14:02:00,1781186520,2811.24283192,2826.72020832,2777.96950216,2798.44825919,
2026-06-11 14:03:00,1781186580,2798.44825919,2825.25475012,2766.95714689,2770.8264964,
2026-06-11 14:04:00,1781186640,2770.8264964,2845.79285075,2753.289564,2842.81055687,
2026-06-11 14:05:00,1781186700,2842.81055687,2844.38046134,2704.86040799,2711.73495251,
2026-06-11 14:06:00,1781186760,2711.73495251,2747.56278436,2685.52410476,2688.09293514,
2026-06-11 14:07:00,1781186820,2688.09293514,2764.39159259,2686.71743828,2760.29937011,
2026-06-11 14:08:00,1781186880,2760.29937011,2760.29937011,2719.98463632,2752.70577001,
2026-06-11 14:09:00,1781186940,2752.70577001,2756.33833683,2664.68431827,2694.95167158,
2026-06-11 14:10:00,1781187000,2694.95167158,2713.75890395,2610.01360812,2610.01360812,
2026-06-11 14:11:00,1781187060,2610.01360812,2644.82648268,2551.85357771,2643.35877554,
2026-06-11 14:12:00,1781187120,2643.35877554,2660.39668665,2579.06919049,2591.09002047,
2026-06-11 14:13:00,1781187180,2591.09002047,2626.48560175,2565.2669059,2622.82059843,
2026-06-11 14:14:00,1781187240,2622.82059843,2632.23909449,2579.09281848,2586.8274611,
2026-06-11 14:15:00,1781187300,2586.8274611,2659.89436892,2575.87487861,2628.2386192,
2026-06-11 14:16:00,1781187360,2628.2386192,2636.95646374,2529.30387238,2533.35911584,
2026-06-11 14:17:00,1781187420,2533.35911584,2619.39047464,2532.50860433,2600.40282371,
2026-06-11 14:18:00,1781187480,2600.40282371,2604.97827674,2538.87575736,2538.87575736,
2026-06-11 14:19:00,1781187540,2538.87575736,2609.12477811,2528.89605253,2588.15243097,
2026-06-11 14:20:00,1781187600,2588.15243097,2647.21986068,2572.47029931,2645.7545294,
2026-06-11 14:21:00,1781187660,2645.7545294,2664.2470945,2616.43332252,2663.46550202,
2026-06-11 14:22:00,1781187720,2663.46550202,2687.13526107,2597.97557844,2668.62412551,
2026-06-11 14:23:00,1781187780,2668.62412551,2736.77899788,2665.87173061,2699.57251343,
2026-06-11 14:24:00,1781187840,2699.57251343,2754.51255993,2672.74480121,2716.75921977,
2026-06-11 14:25:00,1781187900,2716.75921977,2742.38040555,2702.59061979,2720.48972865,
2026-06-11 14:26:00,1781187960,2720.48972865,2721.09407619,2647.14289106,2653.72687203,
2026-06-11 14:27:00,1781188020,2653.72687203,2713.49406871,2653.72522468,2690.67517532,
2026-06-11 14:28:00,1781188080,2690.67517532,2731.27271001,2674.6451075,2727.54236719,
2026-06-11 14:29:00,1781188140,2727.54236719,2780.48144991,2710.93335274,2772.93256175,
2026-06-11 14:30:00,1781188200,2772.93256175,2798.7297294,2675.48796945,2679.96371424,
2026-06-11 14:31:00,1781188260,2679.96371424,2720.12151562,2663.1975612,2709.12315296,
2026-06-11 14:32:00,1781188320,2709.12315296,2742.68939802,2685.52242587,2701.66840605,
2026-06-11 14:33:00,1781188380,2701.66840605,2720.21361455,2667.45056639,2675.14822984,
2026-06-11 14:34:00,1781188440,2675.14822984,2694.71143701,2638.27697125,2690.64726656,
2026-06-11 14:35:00,1781188500,2690.64726656,2733.62777525,2671.54765971,2724.89995373,
2026-06-11 14:36:00,1781188560,2724.89995373,2816.9422193,2703.8592092,2815.36197318,
2026-06-11 14:37:00,1781188620,2815.36197318,2822.4682641,2694.44186468,2694.44186468,
2026-06-11 14:38:00,1781188680,2694.44186468,2741.80705188,2694.44186468,2716.13700085,
2026-06-11 14:39:00,1781188740,2716.13700085,2719.86470514,2669.00741312,2680.52290449,
2026-06-11 14:40:00,1781188800,2680.52290449,2691.83588082,2653.85771558,2690.15765253,
2026-06-11 14:41:00,1781188860,2690.15765253,2717.5616741,2659.02341891,2669.59597946,
2026-06-11 14:42:00,1781188920,2669.59597946,2699.59894973,2645.45605177,2665.97514872,
2026-06-11 14:43:00,1781188980,2665.97514872,2677.42568028,2620.56597973,2648.33498568,
2026-06-11 14:44:00,1781189040,2648.33498568,2673.54990735,2623.61426265,2627.86156422,
2026-06-11 14:45:00,1781189100,2627.86156422,2669.70254358,2623.18795458,2657.67363759,
2026-06-11 14:46:00,1781189160,2657.67363759,2692.52345329,2629.90299521,2646.72039798,
2026-06-11 14:47:00,1781189220,2646.72039798,2680.79058783,2643.78390959,2653.25158796,
2026-06-11 14:48:00,1781189280,2653.25158796,2719.34844887,2650.74376787,2690.7969598,
2026-06-11 14:49:00,1781189340,2690.7969598,2704.4133131,2658.11807894,2664.09623485,
2026-06-11 14:50:00,1781189400,2664.09623485,2706.98271729,2632.78120428,2695.16140198,
2026-06-11 14:51:00,1781189460,2695.16140198,2765.01977465,2680.59329709,2729.25299077,
2026-06-11 14:52:00,1781189520,2729.25299077,2733.78882005,2674.28084172,2695.38214349,
2026-06-11 14:53:00,1781189580,2695.38214349,2744.68617457,2684.01306057,2691.26769205,
2026-06-11 14:54:00,1781189640,2691.26769205,2716.2326167,2667.01743229,2689.4790607,
2026-06-11 14:55:00,1781189700,2689.4790607,2690.73099585,2645.89443769,2648.04426563,
2026-06-11 14:56:00,1781189760,2648.04426563,2651.01634185,2552.99046332,2578.92722215,
2026-06-11 14:57:00,1781189820,2578.92722215,2620.21481939,2550.80245327,2617.1173864,
2026-06-11 14:58:00,1781189880,2617.1173864,2633.6962665,2527.20272727,2533.99597565,
2026-06-11 14:59:00,1781189940,2533.99597565,2541.58941007,2512.44004085,2515.00871112,
2026-06-11 15:00:00,1781190000,2515.00871112,2549.62642104,2482.44035032,2483.03186012,
2026-06-11 15:01:00,1781190060,2483.03186012,2483.1149167,2354.17451531,2382.46506382,
2026-06-11 15:02:00,1781190120,2382.46506382,2462.4637426,2369.28767765,2416.36427942,
2026-06-11 15:03:00,1781190180,2416.36427942,2506.49989076,2414.00576451,2477.44778614,
2026-06-11 15:04:00,1781190240,2477.44778614,2511.72162891,2461.4664696,2494.4525587,
2026-06-11 15:05:00,1781190300,2494.4525587,2496.57894626,2424.58974493,2435.75820065,
2026-06-11 15:06:00,1781190360,2435.75820065,2494.00627229,2425.12752493,2465.94606692,
2026-06-11 15:07:00,1781190420,2465.94606692,2596.95629917,2448.76245284,2587.10997578,
2026-06-11 15:08:00,1781190480,2587.10997578,2613.02658284,2531.27289743,2568.87552648,
2026-06-11 15:09:00,1781190540,2568.87552648,2587.5311365,2523.3272143,2532.16204121,
2026-06-11 15:10:00,1781190600,2532.16204121,2532.58800515,2483.84861746,2504.73239601,
2026-06-11 15:11:00,1781190660,2504.73239601,2534.3290979,2497.13802418,2524.82049884,
2026-06-11 15:12:00,1781190720,2524.82049884,2626.62277562,2515.58502057,2584.16821221,
2026-06-11 15:13:00,1781190780,2584.16821221,2592.52805198,2538.56959583,2542.83176516,
2026-06-11 15:14:00,1781190840,2542.83176516,2542.83176516,2479.09643711,2480.93048039,
2026-06-11 15:15:00,1781190900,2480.93048039,2533.05795357,2463.38528021,2531.25690849,
2026-06-11 15:16:00,1781190960,2531.25690849,2547.19378701,2471.17348673,2473.83841518,
2026-06-11 15:17:00,1781191020,2473.83841518,2501.43696842,2461.16333739,2465.76440399,
2026-06-11 15:18:00,1781191080,2465.76440399,2477.60782671,2416.29095463,2422.47579939,
2026-06-11 15:19:00,1781191140,2422.47579939,2465.32064699,2418.65149847,2456.77581839,
2026-06-11 15:20:00,1781191200,2456.77581839,2557.29428537,2449.90701342,2544.09691576,
2026-06-11 15:21:00,1781191260,2544.09691576,2575.69907435,2535.68858811,2544.14116471,
2026-06-11 15:22:00,1781191320,2544.14116471,2545.64583401,2505.04043464,2521.34505144,
2026-06-11 15:23:00,1781191380,2521.34505144,2579.71090127,2511.83926366,2570.43744758,
2026-06-11 15:24:00,1781191440,2570.43744758,2579.47729879,2552.12226848,2552.12226848,
2026-06-11 15:25:00,1781191500,2552.12226848,2553.49576732,2504.7231026,2535.93475385,
2026-06-11 15:26:00,1781191560,2535.93475385,2541.82019081,2506.80758257,2541.64384142,
2026-06-11 15:27:00,1781191620,2541.64384142,2553.61648433,2503.24086242,2525.8701691,
2026-06-11 15:28:00,1781191680,2525.8701691,2533.80452525,2489.64360568,2507.64655056,
2026-06-11 15:29:00,1781191740,2507.64655056,2519.7765693,2485.18743129,2503.58690675,
2026-06-11 15:30:00,1781191800,2503.58690675,2523.27003151,2460.18229991,2465.23170469,
2026-06-11 15:31:00,1781191860,2465.23170469,2469.00607589,2429.06467469,2463.74974588,
2026-06-11 15:32:00,1781191920,2463.74974588,2501.23487267,2462.79001494,2501.23487267,
2026-06-11 15:33:00,1781191980,2501.23487267,2503.71616715,2457.16450356,2503.71616715,
2026-06-11 15:34:00,1781192040,2503.71616715,2545.11847444,2502.34863049,2527.27795824,
2026-06-11 15:35:00,1781192100,2527.27795824,2604.05164899,2517.90556439,2575.547851,
2026-06-11 15:36:00,1781192160,2575.547851,2601.48974549,2533.22989232,2594.79834047,
2026-06-11 15:37:00,1781192220,2594.79834047,2623.47038592,2588.79347881,2617.52510799,
2026-06-11 15:38:00,1781192280,2617.52510799,2622.81814584,2571.83185235,2620.81522443,
2026-06-11 15:39:00,1781192340,2620.81522443,2639.40251329,2591.00842635,2592.74857157,
2026-06-11 15:40:00,1781192400,2592.74857157,2633.87974081,2583.26718271,2628.76995513,
2026-06-11 15:41:00,1781192460,2628.76995513,2628.76995513,2574.19932552,2574.65385848,
2026-06-11 15:42:00,1781192520,2574.65385848,2585.12859652,2543.34013893,2560.86119348,
2026-06-11 15:43:00,1781192580,2560.86119348,2576.32374532,2492.16787235,2495.23393297,
2026-06-11 15:44:00,1781192640,2495.23393297,2513.88433927,2462.03650543,2464.13307183,
2026-06-11 15:45:00,1781192700,2464.13307183,2483.08742091,2399.09188504,2410.74286475,
2026-06-11 15:46:00,1781192760,2410.74286475,2477.08285682,2410.74286475,2474.03463966,
2026-06-11 15:47:00,1781192820,2474.03463966,2506.54791664,2470.7500527,2492.35769866,
2026-06-11 15:48:00,1781192880,2492.35769866,2493.03926275,2404.7637328,2433.79565725,
2026-06-11 15:49:00,1781192940,2433.79565725,2456.2817978,2409.54957041,2417.33078431,
2026-06-11 15:50:00,1781193000,2417.33078431,2430.15154646,2400.77097985,2410.95521095,
2026-06-11 15:51:00,1781193060,2410.95521095,2440.83245556,2406.75636523,2425.60418859,
2026-06-11 15:52:00,1781193120,2425.60418859,2437.09673539,2374.87830585,2393.36730517,
2026-06-11 15:53:00,1781193180,2393.36730517,2398.60114541,2362.68810673,2385.23316877,
2026-06-11 15:54:00,1781193240,2385.23316877,2427.56591726,2385.23145798,2424.5261908,
2026-06-11 15:55:00,1781193300,2424.5261908,2447.57748576,2378.44827973,2441.82343437,
2026-06-11 15:56:00,1781193360,2441.82343437,2465.24427805,2422.46794135,2465.24427805,
2026-06-11 15:57:00,1781193420,2465.24427805,2487.53331744,2450.81971767,2481.07289222,
2026-06-11 15:58:00,1781193480,2481.07289222,2498.68471577,2470.72177943,2498.43430152,
2026-06-11 15:59:00,1781193540,2498.43430152,2521.72028414,2485.05761416,2521.45327604,
2026-06-11 16:00:00,1781193600,2521.45327604,2559.48174793,2517.66963308,2554.55663157,
2026-06-11 16:01:00,1781193660,2554.55663157,2579.36207462,2519.0865887,2524.19537456,
2026-06-11 16:02:00,1781193720,2524.19537456,2524.19537456,2499.92258705,2517.15495034,
2026-06-11 16:03:00,1781193780,2517.15495034,2528.91459934,2478.42177819,2479.04740427,
2026-06-11 16:04:00,1781193840,2479.04740427,2481.30056304,2449.06265719,2464.98258701,
2026-06-11 16:05:00,1781193900,2464.98258701,2503.3870373,2452.4176481,2500.71265278,
2026-06-11 16:06:00,1781193960,2500.71265278,2569.92092571,2500.19498058,2562.32011002,
2026-06-11 16:07:00,1781194020,2562.32011002,2592.116729,2551.03996162,2589.64279901,
2026-06-11 16:08:00,1781194080,2589.64279901,2589.71023998,2552.32242726,2582.48986977,
2026-06-11 16:09:00,1781194140,2582.48986977,2582.48986977,2504.41201602,2509.89047262,
2026-06-11 16:10:00,1781194200,2509.89047262,2551.75406489,2499.54423864,2508.09108442,
2026-06-11 16:11:00,1781194260,2508.09108442,2532.87567765,2502.96949613,2521.17746638,
2026-06-11 16:12:00,1781194320,2521.17746638,2541.71465789,2508.00867066,2535.91926524,
2026-06-11 16:13:00,1781194380,2535.91926524,2544.23969498,2523.17091442,2532.07474293,
2026-06-11 16:14:00,1781194440,2532.07474293,2582.6594417,2528.1577147,2582.6594417,
2026-06-11 16:15:00,1781194500,2582.6594417,2599.62497065,2553.07880008,2567.0491842,
2026-06-11 16:16:00,1781194560,2567.0491842,2587.27214029,2556.11995146,2581.53384706,
2026-06-11 16:17:00,1781194620,2581.53384706,2585.2089257,2539.33515489,2579.65974528,
2026-06-11 16:18:00,1781194680,2579.65974528,2586.24950108,2558.81634355,2579.48553902,
2026-06-11 16:19:00,1781194740,2579.48553902,2583.34495092,2560.07078036,2577.30909856,
2026-06-11 16:20:00,1781194800,2577.30909856,2582.8908053,2534.0497457,2535.81649182,
2026-06-11 16:21:00,1781194860,2535.81649182,2567.16549909,2460.30806734,2479.90474239,
2026-06-11 16:22:00,1781194920,2479.90474239,2501.75268772,2435.37195638,2439.45191467,
2026-06-11 16:23:00,1781194980,2439.45191467,2459.0385979,2418.09163422,2423.4373675,
2026-06-11 16:24:00,1781195040,2423.4373675,2434.91549524,2396.91968317,2399.63941886,
2026-06-11 16:25:00,1781195100,2399.63941886,2411.76683295,2362.9786488,2374.10514819,
2026-06-11 16:26:00,1781195160,2374.10514819,2413.28846214,2370.34435904,2391.60830961,
2026-06-11 16:27:00,1781195220,2391.60830961,2410.75739109,2390.78613825,2400.82771786,
2026-06-11 16:28:00,1781195280,2400.82771786,2436.218958,2397.6980435,2414.29287159,
2026-06-11 16:29:00,1781195340,2414.29287159,2435.46318852,2405.90926853,2412.09596389,
2026-06-11 16:30:00,1781195400,2412.09596389,2422.5216849,2378.73107587,2393.57503651,
2026-06-11 16:31:00,1781195460,2393.57503651,2403.50489269,2368.33494114,2368.33494114,
2026-06-11 16:32:00,1781195520,2368.33494114,2395.23311573,2336.71871337,2394.63888166,
2026-06-11 16:33:00,1781195580,2394.63888166,2442.08176407,2380.46682917,2442.08176407,
2026-06-11 16:34:00,1781195640,2442.08176407,2515.71346654,2437.81706072,2461.50490953,
2026-06-11 16:35:00,1781195700,2461.50490953,2499.58021799,2440.16048379,2486.80493258,
2026-06-11 16:36:00,1781195760,2486.80493258,2547.83790208,2478.03293582,2547.83790208,
2026-06-11 16:37:00,1781195820,2547.83790208,2562.38364691,2518.94716398,2524.41287369,
2026-06-11 16:38:00,1781195880,2524.41287369,2536.41163413,2485.53074317,2514.92426204,
2026-06-11 16:39:00,1781195940,2514.92426204,2515.26761085,2476.7246786,2490.96110285,
2026-06-11 16:40:00,1781196000,2490.96110285,2508.36729451,2454.89903706,2462.23721708,
2026-06-11 16:41:00,1781196060,2462.23721708,2481.518135,2432.66128135,2434.79367898,
2026-06-11 16:42:00,1781196120,2434.79367898,2451.9374689,2412.33447586,2447.01331436,
2026-06-11 16:43:00,1781196180,2447.01331436,2478.64549148,2431.45019281,2441.94506319,
2026-06-11 16:44:00,1781196240,2441.94506319,2447.69496166,2412.0273023,2430.79312834,
2026-06-11 16:45:00,1781196300,2430.79312834,2458.60729441,2390.30065353,2390.30065353,
2026-06-11 16:46:00,1781196360,2390.30065353,2422.73238575,2389.36240772,2405.57738307,
2026-06-11 16:47:00,1781196420,2405.57738307,2418.60785561,2390.66988024,2414.22483842,
2026-06-11 16:48:00,1781196480,2414.22483842,2451.0630488,2414.22483842,2444.24509058,
2026-06-11 16:49:00,1781196540,2444.24509058,2444.50064746,2381.02412007,2402.67060966,
2026-06-11 16:50:00,1781196600,2402.67060966,2410.64976769,2358.58937533,2410.64976769,
2026-06-11 16:51:00,1781196660,2410.64976769,2413.37559306,2383.55907494,2386.23634479,
2026-06-11 16:52:00,1781196720,2386.23634479,2401.01793425,2360.5443593,2380.70456064,
2026-06-11 16:53:00,1781196780,2380.70456064,2415.84263334,2373.39500033,2406.02147857,
2026-06-11 16:54:00,1781196840,2406.02147857,2436.73432072,2392.48031719,2395.52137815,
2026-06-11 16:55:00,1781196900,2395.52137815,2398.33108201,2364.07783114,2366.77732866,
2026-06-11 16:56:00,1781196960,2366.77732866,2395.40469073,2358.46808334,2372.09213242,
2026-06-11 16:57:00,1781197020,2372.09213242,2376.74830479,2361.61077713,2370.70086073,
2026-06-11 16:58:00,1781197080,2370.70086073,2383.20416025,2364.91121961,2364.92183943,
2026-06-11 16:59:00,1781197140,2364.92183943,2376.34387753,2354.60783828,2355.45084238,
2026-06-11 17:00:00,1781197200,2355.45084238,2357.51721406,2332.85299774,2349.71351404,
2026-06-11 17:01:00,1781197260,2349.71351404,2397.10645422,2349.67333687,2358.36615639,
2026-06-11 17:02:00,1781197320,2358.36615639,2373.55993599,2325.90162566,2326.15480236,
2026-06-11 17:03:00,1781197380,2326.15480236,2329.71794488,2201.92512343,2216.33108936,
2026-06-11 17:04:00,1781197440,2216.33108936,2226.6175381,2188.0497538,2226.6175381,
2026-06-11 17:05:00,1781197500,2226.6175381,2281.46559559,2226.6175381,2275.8321173,
2026-06-11 17:06:00,1781197560,2275.8321173,2298.63553135,2262.13321583,2281.03104305,
2026-06-11 17:07:00,1781197620,2281.03104305,2308.93510836,2259.16822362,2297.42846811,
2026-06-11 17:08:00,1781197680,2297.42846811,2302.93263719,2273.23172582,2277.64492488,
2026-06-11 17:09:00,1781197740,2277.64492488,2313.68371317,2276.13190109,2300.89696171,
2026-06-11 17:10:00,1781197800,2300.89696171,2345.97051354,2286.74685067,2326.25995657,
2026-06-11 17:11:00,1781197860,2326.25995657,2331.65262526,2287.35954593,2287.35954593,
2026-06-11 17:12:00,1781197920,2287.35954593,2315.16138907,2236.42198988,2238.09061043,
2026-06-11 17:13:00,1781197980,2238.09061043,2259.77328488,2216.97714715,2253.92821523,
2026-06-11 17:14:00,1781198040,2253.92821523,2269.16710958,2247.46598465,2248.47001522,
2026-06-11 17:15:00,1781198100,2248.47001522,2276.82875619,2202.36069484,2270.55415302,
2026-06-11 17:16:00,1781198160,2270.55415302,2290.99468619,2266.40811236,2287.19394526,
2026-06-11 17:17:00,1781198220,2287.19394526,2287.19394526,2261.19232796,2269.92604213,
2026-06-11 17:18:00,1781198280,2269.92604213,2269.92604213,2201.61547056,2207.64882941,
2026-06-11 17:19:00,1781198340,2207.64882941,2227.7739644,2196.53651354,2197.20953556,
2026-06-11 17:20:00,1781198400,2197.20953556,2220.89919073,2172.19382065,2214.14696427,
2026-06-11 17:21:00,1781198460,2214.14696427,2224.76359319,2167.81947455,2186.85014005,
2026-06-11 17:22:00,1781198520,2186.85014005,2211.88783158,2160.07295191,2175.68686909,
2026-06-11 17:23:00,1781198580,2175.68686909,2205.22315993,2168.53054865,2194.21549863,
2026-06-11 17:24:00,1781198640,2194.21549863,2211.2880178,2159.15149382,2205.06781075,
2026-06-11 17:25:00,1781198700,2205.06781075,2213.17303515,2173.55982023,2194.38128289,
2026-06-11 17:26:00,1781198760,2194.38128289,2202.70844733,2154.96017357,2156.29330727,
2026-06-11 17:27:00,1781198820,2156.29330727,2179.29126874,2144.78805899,2176.9976436,
2026-06-11 17:28:00,1781198880,2176.9976436,2501.68959249,2174.95282642,2415.49707589,
2026-06-11 17:29:00,1781198940,2415.49707589,2692.88931814,2384.85888245,2672.68605854,
2026-06-11 17:30:00,1781199000,2672.68605854,2849.79469623,2672.68605854,2769.47496361,
2026-06-11 17:31:00,1781199060,2769.47496361,2926.3303831,2707.64834418,2916.61896202,
2026-06-11 17:32:00,1781199120,2916.61896202,3143.54731091,2913.60734301,3143.45552558,
2026-06-11 17:33:00,1781199180,3143.45552558,3166.97080195,3019.71163862,3019.71163862,
2026-06-11 17:34:00,1781199240,3019.71163862,3031.87694947,2911.89414427,2979.25996048,
2026-06-11 17:35:00,1781199300,2979.25996048,3008.14392538,2861.04885903,2965.02034418,
2026-06-11 17:36:00,1781199360,2965.02034418,2983.8610754,2863.15239742,2884.96871276,
2026-06-11 17:37:00,1781199420,2884.96871276,2947.52821395,2858.66183885,2919.97277373,
2026-06-11 17:38:00,1781199480,2919.97277373,2968.44250354,2885.17106172,2950.84145227,
2026-06-11 17:39:00,1781199540,2950.84145227,2972.83195263,2906.43257538,2939.57520901,
2026-06-11 17:40:00,1781199600,2939.57520901,3039.38768918,2939.57520901,3024.81073836,
2026-06-11 17:41:00,1781199660,3024.81073836,3087.27662631,3001.76280012,3077.93374278,
2026-06-11 17:42:00,1781199720,3077.93374278,3095.50252639,3009.91100641,3047.94832937,
2026-06-11 17:43:00,1781199780,3047.94832937,3070.86212821,3003.09732718,3020.55932876,
2026-06-11 17:44:00,1781199840,3020.55932876,3054.141344,2997.04166384,3036.34368081,
2026-06-11 17:45:00,1781199900,3036.34368081,3161.28523647,3036.34239664,3161.10219805,
2026-06-11 17:46:00,1781199960,3161.10219805,3161.74165853,3017.6201666,3053.90388339,
2026-06-11 17:47:00,1781200020,3053.90388339,3186.67414129,3051.45796468,3158.79537599,
2026-06-11 17:48:00,1781200080,3158.79537599,3225.42340397,3156.23226672,3168.31963919,
2026-06-11 17:49:00,1781200140,3168.31963919,3297.5856572,3093.17406162,3279.99863617,
2026-06-11 17:50:00,1781200200,3279.99863617,3284.81294935,3175.40970314,3175.44130827,
2026-06-11 17:51:00,1781200260,3175.44130827,3263.46203744,3145.70857673,3234.75808906,
2026-06-11 17:52:00,1781200320,3234.75808906,3281.03811372,3184.91759049,3189.12453616,
2026-06-11 17:53:00,1781200380,3189.12453616,3204.44649544,3140.25742549,3160.68272386,
2026-06-11 17:54:00,1781200440,3160.68272386,3166.54038152,3122.36297732,3160.61319283,
2026-06-11 17:55:00,1781200500,3160.61319283,3186.59849099,3139.98165951,3155.45729717,
2026-06-11 17:56:00,1781200560,3155.45729717,3158.59403487,3074.39340362,3119.83988522,
2026-06-11 17:57:00,1781200620,3119.83988522,3177.65977952,3093.00411152,3166.51580986,
2026-06-11 17:58:00,1781200680,3166.51580986,3248.82977729,3159.68891404,3226.5667002,
2026-06-11 17:59:00,1781200740,3226.5667002,3330.340615,3196.4801649,3320.05993575,
2026-06-11 18:00:00,1781200800,3320.05993575,3385.99092215,3299.66173182,3347.26518646,
2026-06-11 18:01:00,1781200860,3347.26518646,3423.78612648,3339.81201081,3416.71222591,
2026-06-11 18:02:00,1781200920,3416.71222591,3464.37133386,3302.89971473,3306.31010819,
2026-06-11 18:03:00,1781200980,3306.31010819,3395.06839687,3256.01003151,3280.96331963,
2026-06-11 18:04:00,1781201040,3280.96331963,3286.28450129,3186.85245779,3212.7049494,
2026-06-11 18:05:00,1781201100,3212.7049494,3218.70303228,3120.78056145,3122.68955238,
2026-06-11 18:06:00,1781201160,3122.68955238,3141.21138362,3076.99100941,3109.35580493,
2026-06-11 18:07:00,1781201220,3109.35580493,3133.40566956,3083.92224089,3116.15485114,
2026-06-11 18:08:00,1781201280,3116.15485114,3138.74536077,3061.66508809,3061.66508809,
2026-06-11 18:09:00,1781201340,3061.66508809,3089.10394202,3032.82365989,3082.37346799,
2026-06-11 18:10:00,1781201400,3082.37346799,3095.06743614,3028.17792937,3062.87454796,
2026-06-11 18:11:00,1781201460,3062.87454796,3143.12073974,3032.89949821,3128.89437813,
2026-06-11 18:12:00,1781201520,3128.89437813,3200.86005086,3128.89437813,3152.15969893,
2026-06-11 18:13:00,1781201580,3152.15969893,3169.68781988,3118.29043575,3149.31287045,
2026-06-11 18:14:00,1781201640,3149.31287045,3174.04876691,3131.18815886,3166.4665801,
2026-06-11 18:15:00,1781201700,3166.4665801,3280.30770329,3160.41120184,3280.30770329,
2026-06-11 18:16:00,1781201760,3280.30770329,3299.51118345,3246.58445614,3283.84636435,
2026-06-11 18:17:00,1781201820,3283.84636435,3286.14623439,3223.3793796,3257.42533256,
2026-06-11 18:18:00,1781201880,3257.42533256,3269.51086707,3193.09065019,3224.99248837,
2026-06-11 18:19:00,1781201940,3224.99248837,3292.51904204,3191.22982789,3263.14629948,
2026-06-11 18:20:00,1781202000,3263.14629948,3276.70470404,3220.87265274,3243.49375503,
2026-06-11 18:21:00,1781202060,3243.49375503,3288.84109616,3225.89958296,3235.1341748,
2026-06-11 18:22:00,1781202120,3235.1341748,3239.46621303,3072.72138745,3130.27529257,
2026-06-11 18:23:00,1781202180,3130.27529257,3140.43670238,3067.46753852,3087.61367233,
2026-06-11 18:24:00,1781202240,3087.61367233,3115.3628453,3056.61865479,3099.49631577,
2026-06-11 18:25:00,1781202300,3099.49631577,3146.73427404,3094.69618093,3145.26931075,
2026-06-11 18:26:00,1781202360,3145.26931075,3152.55386088,3116.96824249,3149.4198047,
2026-06-11 18:27:00,1781202420,3149.4198047,3156.60705179,3122.37718875,3132.06895414,
2026-06-11 18:28:00,1781202480,3132.06895414,3135.33450425,3077.53213585,3113.27252668,
2026-06-11 18:29:00,1781202540,3113.27252668,3124.82399387,3074.90873264,3101.69859359,
2026-06-11 18:30:00,1781202600,3101.69859359,3170.42046545,3091.12498309,3169.93146712,
2026-06-11 18:31:00,1781202660,3169.93146712,3172.74803428,3137.18712277,3145.44764136,
2026-06-11 18:32:00,1781202720,3145.44764136,3145.53726274,3081.33285748,3110.11643993,
2026-06-11 18:33:00,1781202780,3110.11643993,3161.46364729,3089.56204716,3152.39940688,
2026-06-11 18:34:00,1781202840,3152.39940688,3166.66890306,3135.31723722,3136.78065792,
2026-06-11 18:35:00,1781202900,3136.78065792,3166.09649048,3135.41754213,3155.77730303,
2026-06-11 18:36:00,1781202960,3155.77730303,3233.21716124,3151.22660409,3224.48298002,
2026-06-11 18:37:00,1781203020,3224.48298002,3234.34266158,3203.2440902,3211.24533346,
2026-06-11 18:38:00,1781203080,3211.24533346,3224.18616339,3192.80935526,3218.45749375,
2026-06-11 18:39:00,1781203140,3218.45749375,3242.91628894,3206.49926124,3227.02213547,
2026-06-11 18:40:00,1781203200,3227.02213547,3259.24308207,3209.17744805,3211.31209303,
2026-06-11 18:41:00,1781203260,3211.31209303,3237.08439184,3201.13214777,3208.0674281,
2026-06-11 18:42:00,1781203320,3208.0674281,3216.78859008,3194.87321155,3207.72159032,
2026-06-11 18:43:00,1781203380,3207.72159032,3250.60002857,3200.88123049,3242.54628764,
2026-06-11 18:44:00,1781203440,3242.54628764,3247.4843675,3226.92119493,3243.80273807,
2026-06-11 18:45:00,1781203500,3243.80273807,3248.65655691,3213.46913857,3230.26412489,
2026-06-11 18:46:00,1781203560,3230.26412489,3242.61551116,3224.00854741,3229.31694015,
2026-06-11 18:47:00,1781203620,3229.31694015,3272.47967641,3221.78534686,3271.41328308,
2026-06-11 18:48:00,1781203680,3271.41328308,3271.47411953,3230.35754194,3233.1556696,
2026-06-11 18:49:00,1781203740,3233.1556696,3233.74127126,3192.53054784,3217.25986812,
2026-06-11 18:50:00,1781203800,3217.25986812,3240.98386805,3209.23661039,3213.78452341,
2026-06-11 18:51:00,1781203860,3213.78452341,3215.27959559,3184.87840021,3184.87840021,
2026-06-11 18:52:00,1781203920,3184.87840021,3244.97195105,3183.86146955,3244.97195105,
2026-06-11 18:53:00,1781203980,3244.97195105,3266.85501056,3227.38163895,3244.95586005,
2026-06-11 18:54:00,1781204040,3244.95586005,3247.9921632,3209.32104887,3209.41233917,
2026-06-11 18:55:00,1781204100,3209.41233917,3222.71353218,3189.70189246,3195.25236992,
2026-06-11 18:56:00,1781204160,3195.25236992,3242.21168421,3182.49858437,3230.47383206,
2026-06-11 18:57:00,1781204220,3230.47383206,3235.59952793,3211.33008352,3230.02410258,
2026-06-11 18:58:00,1781204280,3230.02410258,3237.7190404,3196.1739642,3198.3968437,
2026-06-11 18:59:00,1781204340,3198.3968437,3198.3968437,3155.80855637,3159.1164878,
2026-06-11 19:00:00,1781204400,3159.1164878,3180.68605745,3121.5767062,3172.99526573,
2026-06-11 19:01:00,1781204460,3172.99526573,3238.97887508,3166.86186743,3223.17990322,
2026-06-11 19:02:00,1781204520,3223.17990322,3290.72999923,3223.00513716,3250.29369708,
2026-06-11 19:03:00,1781204580,3250.29369708,3255.39259793,3193.89497056,3208.05965844,
2026-06-11 19:04:00,1781204640,3208.05965844,3224.79229617,3187.35771127,3197.14051242,
2026-06-11 19:05:00,1781204700,3197.14051242,3215.73497214,3186.04439932,3189.62692583,
2026-06-11 19:06:00,1781204760,3189.62692583,3195.84782624,3157.7799472,3182.21381594,
2026-06-11 19:07:00,1781204820,3182.21381594,3184.50481969,3158.22160851,3163.59894506,
2026-06-11 19:08:00,1781204880,3163.59894506,3168.07630509,3093.4833644,3122.35705208,
2026-06-11 19:09:00,1781204940,3122.35705208,3157.02373658,3114.25703249,3116.7883104,
2026-06-11 19:10:00,1781205000,3116.7883104,3172.69202328,3114.77898596,3144.91210563,
2026-06-11 19:11:00,1781205060,3144.91210563,3152.96613926,3089.61722351,3121.74681856,
2026-06-11 19:12:00,1781205120,3121.74681856,3264.81371031,3121.74681856,3224.10917662,
2026-06-11 19:13:00,1781205180,3224.10917662,3242.15008392,3151.99415592,3212.94086795,
2026-06-11 19:14:00,1781205240,3212.94086795,3257.17655174,3202.10154079,3223.25709505,
2026-06-11 19:15:00,1781205300,3223.25709505,3277.49991127,3215.57240103,3269.25061756,
2026-06-11 19:16:00,1781205360,3269.25061756,3297.58676105,3263.68593796,3289.5286406,
2026-06-11 19:17:00,1781205420,3289.5286406,3343.60763692,3272.63471547,3336.15786423,
2026-06-11 19:18:00,1781205480,3336.15786423,3365.80447704,3324.99578834,3343.61144541,
2026-06-11 19:19:00,1781205540,3343.61144541,3343.61144541,3285.85856961,3312.53978038,
2026-06-11 19:20:00,1781205600,3312.53978038,3374.23025526,3312.53863682,3328.80068133,
2026-06-11 19:21:00,1781205660,3328.80068133,3337.41048308,3310.05881242,3322.50838716,
2026-06-11 19:22:00,1781205720,3322.50838716,3351.46716809,3321.49083412,3339.47803935,
2026-06-11 19:23:00,1781205780,3339.47803935,3381.42819283,3338.5649507,3361.73175388,
2026-06-11 19:24:00,1781205840,3361.73175388,3383.23721136,3345.2486983,3362.86932622,
2026-06-11 19:25:00,1781205900,3362.86932622,3362.86932622,3306.13993942,3340.95232635,
2026-06-11 19:26:00,1781205960,3340.95232635,3365.64007694,3306.98550347,3361.20292849,
2026-06-11 19:27:00,1781206020,3361.20292849,3361.29428024,3289.53527798,3304.12181222,
2026-06-11 19:28:00,1781206080,3304.12181222,3310.10079588,3269.83534699,3307.14616776,
2026-06-11 19:29:00,1781206140,3307.14616776,3324.33896736,3277.9825135,3282.53002055,
2026-06-11 19:30:00,1781206200,3282.53002055,3560.99494613,3277.09855693,3556.8675276,
2026-06-11 19:31:00,1781206260,3556.8675276,3557.9920967,3451.79123445,3488.19990221,
2026-06-11 19:32:00,1781206320,3488.19990221,3567.40313115,3485.07501646,3539.70007061,
2026-06-11 19:33:00,1781206380,3539.70007061,3605.37438734,3501.24166322,3559.48835969,
2026-06-11 19:34:00,1781206440,3559.48835969,3571.33103425,3404.57359996,3439.19833206,
2026-06-11 19:35:00,1781206500,3439.19833206,3458.20253097,3382.04509783,3445.39051598,
2026-06-11 19:36:00,1781206560,3445.39051598,3481.68423662,3421.51241706,3441.40810382,
2026-06-11 19:37:00,1781206620,3441.40810382,3505.22982166,3425.32527402,3479.53090071,
2026-06-11 19:38:00,1781206680,3479.53090071,3484.04425404,3415.41758208,3416.07932553,
2026-06-11 19:39:00,1781206740,3416.07932553,3429.55064064,3353.40636224,3359.40917124,
2026-06-11 19:40:00,1781206800,3359.40917124,3428.17876714,3358.89643036,3421.7043115,
2026-06-11 19:41:00,1781206860,3421.7043115,3477.71802952,3420.68579404,3465.9473041,
2026-06-11 19:42:00,1781206920,3465.9473041,3479.21483029,3457.42617689,3468.22517019,
2026-06-11 19:43:00,1781206980,3468.22517019,3472.87900364,3432.15579341,3437.34023241,
2026-06-11 19:44:00,1781207040,3437.34023241,3441.15968144,3358.26341079,3374.91805767,
2026-06-11 19:45:00,1781207100,3374.91805767,3376.23997305,3347.46982145,3368.91209081,
2026-06-11 19:46:00,1781207160,3368.91209081,3380.00350774,3323.79372773,3334.66167691,
2026-06-11 19:47:00,1781207220,3334.66167691,3402.42444791,3334.66045519,3402.08884477,
2026-06-11 19:48:00,1781207280,3402.08884477,3412.08326735,3362.80940759,3391.00007755,
2026-06-11 19:49:00,1781207340,3391.00007755,3407.7847568,3357.60728599,3363.1592943,
2026-06-11 19:50:00,1781207400,3363.1592943,3384.21851387,3304.48276378,3335.29780477,
2026-06-11 19:51:00,1781207460,3335.29780477,3383.57053392,3325.68689438,3381.36636864,
2026-06-11 19:52:00,1781207520,3381.36636864,3390.54705347,3330.43710468,3354.38097542,
2026-06-11 19:53:00,1781207580,3354.38097542,3372.54977384,3334.64396509,3370.3531818,
2026-06-11 19:54:00,1781207640,3370.3531818,3385.08506421,3358.25366087,3385.08506421,
2026-06-11 19:55:00,1781207700,3385.08506421,3385.08506421,3315.33618705,3352.89379914,
2026-06-11 19:56:00,1781207760,3352.89379914,3356.80385025,3339.28231101,3344.43586167,
2026-06-11 19:57:00,1781207820,3344.43586167,3356.56984688,3318.72621844,3349.04961382,
2026-06-11 19:58:00,1781207880,3349.04961382,3361.91219576,3320.64790841,3323.28727559,
2026-06-11 19:59:00,1781207940,3323.28727559,3344.35748932,3286.7527567,3292.9855888,
2026-06-11 20:00:00,1781208000,3292.9855888,3337.59632156,3231.43921073,3244.53498796,
2026-06-11 20:01:00,1781208060,3244.53498796,3308.18906465,3239.6014973,3279.69327761,
2026-06-11 20:02:00,1781208120,3279.69327761,3348.58645512,3256.36207353,3324.05304169,
2026-06-11 20:03:00,1781208180,3324.05304169,3340.13438055,3272.86671726,3306.06798855,
2026-06-11 20:04:00,1781208240,3306.06798855,3320.80653329,3285.0585117,3295.40203686,
2026-06-11 20:05:00,1781208300,3295.40203686,3343.79171757,3291.34077982,3330.63020151,
2026-06-11 20:06:00,1781208360,3330.63020151,3330.98473238,3291.51949143,3292.0875934,
2026-06-11 20:07:00,1781208420,3292.0875934,3296.14048467,3254.02287138,3276.33063748,
2026-06-11 20:08:00,1781208480,3276.33063748,3277.46755732,3236.24631749,3255.98502265,
2026-06-11 20:09:00,1781208540,3255.98502265,3268.85705923,3252.65579166,3259.1622059,
2026-06-11 20:10:00,1781208600,3259.1622059,3259.1622059,3203.50915416,3207.40366301,
2026-06-11 20:11:00,1781208660,3207.40366301,3222.08868355,3186.09364671,3216.2762084,
2026-06-11 20:12:00,1781208720,3216.2762084,3224.27733548,3212.59903271,3218.81201352,
2026-06-11 20:13:00,1781208780,3218.81201352,3230.87313556,3191.49121023,3206.60467537,
2026-06-11 20:14:00,1781208840,3206.60467537,3232.86338989,3203.47603514,3222.55782143,
2026-06-11 20:15:00,1781208900,3222.55782143,3230.64186474,3196.8934854,3201.4667484,
2026-06-11 20:16:00,1781208960,3201.4667484,3217.68887198,3195.04069141,3215.81881226,
2026-06-11 20:17:00,1781209020,3215.81881226,3237.05365634,3208.91087477,3229.78168128,
2026-06-11 20:18:00,1781209080,3229.78168128,3241.11987743,3213.09765866,3214.01340826,
2026-06-11 20:19:00,1781209140,3214.01340826,3240.3327566,3213.92012732,3221.43494742,
2026-06-11 20:20:00,1781209200,3221.43494742,3230.75098812,3220.78879349,3223.22663715,
2026-06-11 20:21:00,1781209260,3223.22663715,3230.03188614,3172.21352991,3172.21352991,
2026-06-11 20:22:00,1781209320,3172.21352991,3173.65658906,3151.29562992,3164.91445301,
2026-06-11 20:23:00,1781209380,3164.91445301,3184.24406619,3164.82141255,3183.77996975,
2026-06-11 20:24:00,1781209440,3183.77996975,3188.82575344,3171.30683022,3174.16748611,
2026-06-11 20:25:00,1781209500,3174.16748611,3175.51230795,3134.32844187,3149.86545598,
2026-06-11 20:26:00,1781209560,3149.86545598,3178.61120365,3116.4432432,3119.45106204,
2026-06-11 20:27:00,1781209620,3119.45106204,3154.23787187,3106.36517324,3107.55096854,
2026-06-11 20:28:00,1781209680,3107.55096854,3107.55096854,3022.76044123,3060.29661985,
2026-06-11 20:29:00,1781209740,3060.29661985,3063.82713138,3045.57761751,3062.05882192,
2026-06-11 20:30:00,1781209800,3062.05882192,3062.87895733,3038.2612881,3055.09413686,
2026-06-11 20:31:00,1781209860,3055.09413686,3082.67500946,3034.54485109,3040.24546038,
2026-06-11 20:32:00,1781209920,3040.24546038,3070.38767144,3035.08200367,3066.24684737,
2026-06-11 20:33:00,1781209980,3066.24684737,3101.71813156,3053.24869294,3087.42055721,
2026-06-11 20:34:00,1781210040,3087.42055721,3100.93391626,3073.04344467,3080.90011212,
2026-06-11 20:35:00,1781210100,3080.90011212,3081.01211474,3036.13828605,3043.04482675,
2026-06-11 20:36:00,1781210160,3043.04482675,3047.69576126,3018.34379014,3030.84259555,
2026-06-11 20:37:00,1781210220,3030.84259555,3034.29232204,3017.10892234,3032.6459366,
2026-06-11 20:38:00,1781210280,3032.6459366,3040.30688243,3022.68553563,3024.994224,
2026-06-11 20:39:00,1781210340,3024.994224,3035.38509903,3012.94263311,3033.46147368,
2026-06-11 20:40:00,1781210400,3033.46147368,3068.50523091,3028.33581924,3055.57056688,
2026-06-11 20:41:00,1781210460,3055.57056688,3056.21056968,3013.77766798,3013.95646226,
2026-06-11 20:42:00,1781210520,3013.95646226,3013.95646226,2991.69954394,2996.58769963,
2026-06-11 20:43:00,1781210580,2996.58769963,3011.50177901,2991.56335669,2996.92007169,
2026-06-11 20:44:00,1781210640,2996.92007169,3009.70480199,2979.22600299,2979.55948492,
2026-06-11 20:45:00,1781210700,2979.55948492,2991.33860527,2963.73391245,2989.69461587,
2026-06-11 20:46:00,1781210760,2989.69461587,2989.69461587,2963.76846882,2972.54349002,
2026-06-11 20:47:00,1781210820,2972.54349002,2992.83927428,2967.29918401,2977.21435368,
2026-06-11 20:48:00,1781210880,2977.21435368,2979.95276626,2965.01566418,2969.61867984,
2026-06-11 20:49:00,1781210940,2969.61867984,2981.66730691,2969.59673015,2973.30596011,
2026-06-11 20:50:00,1781211000,2973.30596011,2986.90929027,2971.04955824,2971.27231706,
2026-06-11 20:51:00,1781211060,2971.27231706,3019.61467467,2971.27108001,3019.61467467,
2026-06-11 20:52:00,1781211120,3019.61467467,3074.99435355,3011.20883657,3074.93753463,
2026-06-11 20:53:00,1781211180,3074.93753463,3078.62687986,3051.77908004,3078.62687986,
2026-06-11 20:54:00,1781211240,3078.62687986,3086.69878192,3068.34122654,3081.56125691,
2026-06-11 20:55:00,1781211300,3081.56125691,3081.83614903,3065.87013185,3070.17051409,
2026-06-11 20:56:00,1781211360,3070.17051409,3083.64666002,3068.33078515,3080.45643172,
2026-06-11 20:57:00,1781211420,3080.45643172,3089.55581663,3073.24150357,3087.44094096,
2026-06-11 20:58:00,1781211480,3087.44094096,3095.27152248,3054.52390637,3077.9740102,
2026-06-11 20:59:00,1781211540,3077.9740102,3096.00932291,3072.74566306,3073.20429375,
2026-06-11 21:00:00,1781211600,3073.20429375,3100.59220524,3072.46743567,3094.07950214,
2026-06-11 21:01:00,1781211660,3094.07950214,3122.14005077,3094.07718369,3112.98544762,
2026-06-11 21:02:00,1781211720,3112.98544762,3112.98544762,3086.24817463,3087.71317836,
2026-06-11 21:03:00,1781211780,3087.71317836,3089.57042862,3082.98268195,3089.52147184,
2026-06-11 21:04:00,1781211840,3089.52147184,3141.74631426,3085.74611398,3138.90536249,
2026-06-11 21:05:00,1781211900,3138.90536249,3173.08904985,3135.76422126,3144.15753869,
2026-06-11 21:06:00,1781211960,3144.15753869,3149.76690713,3136.33716432,3142.72645585,
2026-06-11 21:07:00,1781212020,3142.72645585,3166.73508285,3142.7241771,3145.45465518,
2026-06-11 21:08:00,1781212080,3145.45465518,3171.18300144,3144.99037274,3163.74219903,
2026-06-11 21:09:00,1781212140,3163.74219903,3164.70840499,3149.55259801,3152.39074175,
2026-06-11 21:10:00,1781212200,3152.39074175,3155.80611373,3152.04591762,3152.1615423,
2026-06-11 21:11:00,1781212260,3152.1615423,3159.04293415,3142.82736296,3153.4438706,
2026-06-11 21:12:00,1781212320,3153.4438706,3164.52145322,3153.35030452,3164.37669168,
2026-06-11 21:13:00,1781212380,3164.37669168,3270.51227115,3164.37556587,3256.09102059,
2026-06-11 21:14:00,1781212440,3256.09102059,3256.89846646,3228.86480673,3230.81606284,
2026-06-11 21:15:00,1781212500,3230.81606284,3230.90883254,3208.10491855,3214.90606999,
2026-06-11 21:16:00,1781212560,3214.90606999,3221.47625073,3191.60786844,3202.54590904,
2026-06-11 21:17:00,1781212620,3202.54590904,3215.76534963,3193.47594925,3194.989613,
2026-06-11 21:18:00,1781212680,3194.989613,3206.23228606,3187.49424921,3199.37276746,
2026-06-11 21:19:00,1781212740,3199.37276746,3210.26202358,3194.94543856,3201.69852853,
2026-06-11 21:20:00,1781212800,3201.69852853,3211.06011746,3190.28314486,3196.7708054,
2026-06-11 21:21:00,1781212860,3196.7708054,3202.24890077,3179.16893995,3201.21825211,
2026-06-11 21:22:00,1781212920,3201.21825211,3223.36960198,3201.21825211,3222.53536217,
2026-06-11 21:23:00,1781212980,3222.53536217,3241.47642845,3222.42033324,3228.58437914,
2026-06-11 21:24:00,1781213040,3228.58437914,3228.70578753,3191.87365751,3198.35398516,
2026-06-11 21:25:00,1781213100,3198.35398516,3198.35398516,3158.57192819,3172.95607653,
2026-06-11 21:26:00,1781213160,3172.95607653,3172.95607653,3137.23172653,3137.96770264,
2026-06-11 21:27:00,1781213220,3137.96770264,3146.24100493,3132.70898369,3145.56122332,
2026-06-11 21:28:00,1781213280,3145.56122332,3147.50467871,3122.99862082,3136.65151979,
2026-06-11 21:29:00,1781213340,3136.65151979,3163.04412933,3136.24876793,3162.58110074,
2026-06-11 21:30:00,1781213400,3162.58110074,3178.11355967,3162.39519893,3178.10898844,
2026-06-11 21:31:00,1781213460,3178.10898844,3184.11413344,3172.0499165,3179.76057843,
2026-06-11 21:32:00,1781213520,3179.76057843,3194.68865164,3172.77026334,3194.59379593,
2026-06-11 21:33:00,1781213580,3194.59379593,3196.30255773,3189.68310321,3192.27008841,
2026-06-11 21:34:00,1781213640,3192.27008841,3192.3970724,3167.71018035,3171.8456014,
2026-06-11 21:35:00,1781213700,3171.8456014,3172.08915232,3143.01663167,3151.77958952,
2026-06-11 21:36:00,1781213760,3151.77958952,3165.05449568,3151.5028342,3162.83612931,
2026-06-11 21:37:00,1781213820,3162.83612931,3163.58335632,3152.30608035,3152.67527152,
2026-06-11 21:38:00,1781213880,3152.67527152,3198.37827304,3152.58180248,3195.55811098,
2026-06-11 21:39:00,1781213940,3195.55811098,3204.43096605,3181.98651281,3204.15368233,
2026-06-11 21:40:00,1781214000,3204.15368233,3218.64757447,3163.02923076,3167.87509404,
2026-06-11 21:41:00,1781214060,3167.87509404,3180.47300901,3159.37634065,3179.88112182,
2026-06-11 21:42:00,1781214120,3179.88112182,3206.15406082,3179.87996933,3200.88362538,
2026-06-11 21:43:00,1781214180,3200.88362538,3202.26397568,3170.71373917,3172.90011606,
2026-06-11 21:44:00,1781214240,3172.90011606,3212.15461409,3170.77359888,3210.59335898,
2026-06-11 21:45:00,1781214300,3210.59335898,3231.59612786,3198.60723794,3209.11342031,
2026-06-11 21:46:00,1781214360,3209.11342031,3237.83824409,3205.09116732,3220.557913,
2026-06-11 21:47:00,1781214420,3220.557913,3241.69823895,3206.87783653,3226.07555222,
2026-06-11 21:48:00,1781214480,3226.07555222,3247.95707362,3220.75368977,3244.62673274,
2026-06-11 21:49:00,1781214540,3244.62673274,3252.36348004,3222.55442293,3224.44936427,
2026-06-11 21:50:00,1781214600,3224.44936427,3225.65180083,3203.15327306,3203.24586124,
2026-06-11 21:51:00,1781214660,3203.24586124,3223.38279948,3195.24598895,3223.22370198,
2026-06-11 21:52:00,1781214720,3223.22370198,3242.37866026,3212.85435625,3223.9830052,
2026-06-11 21:53:00,1781214780,3223.9830052,3229.44327376,3214.16841681,3214.77111789,
2026-06-11 21:54:00,1781214840,3214.77111789,3217.21633927,3179.41725879,3193.46836976,
2026-06-11 21:55:00,1781214900,3193.46836976,3193.56099972,3155.48900159,3156.00873017,
2026-06-11 21:56:00,1781214960,3156.00873017,3163.88156342,3138.18787119,3145.31035385,
2026-06-11 21:57:00,1781215020,3145.31035385,3153.25522404,3133.61192436,3153.25406322,
2026-06-11 21:58:00,1781215080,3153.25406322,3183.18718766,3153.25406322,3183.07406363,
2026-06-11 21:59:00,1781215140,3183.07406363,3194.88824447,3147.38183035,3194.41937528,
2026-06-11 22:00:00,1781215200,3194.41937528,3235.61699086,3175.66727137,3233.46378457,
2026-06-11 22:01:00,1781215260,3233.46378457,3248.81098599,3211.28641487,3248.81098599,
2026-06-11 22:02:00,1781215320,3248.81098599,3263.78636956,3206.15585244,3236.59102332,
2026-06-11 22:03:00,1781215380,3236.59102332,3263.79211768,3236.59102332,3263.79211768,
2026-06-11 22:04:00,1781215440,3263.79211768,3317.96761805,3245.577754,3251.04731105,
2026-06-11 22:05:00,1781215500,3251.04731105,3291.21143909,3243.60847356,3265.43590193,
2026-06-11 22:06:00,1781215560,3265.43590193,3302.98047082,3245.70303261,3279.7647143,
2026-06-11 22:07:00,1781215620,3279.7647143,3335.01400435,3279.76363522,3318.23501218,
2026-06-11 22:08:00,1781215680,3318.23501218,3324.76678652,3290.07943899,3307.77742179,
2026-06-11 22:09:00,1781215740,3307.77742179,3339.35683978,3307.77742179,3309.29170163,
2026-06-11 22:10:00,1781215800,3309.29170163,3309.29170163,3278.94227538,3306.36059279,
2026-06-11 22:11:00,1781215860,3306.36059279,3330.12725721,3284.64409604,3286.49305209,
2026-06-11 22:12:00,1781215920,3286.49305209,3290.68009202,3255.45069346,3264.35983018,
2026-06-11 22:13:00,1781215980,3264.35983018,3299.06277117,3260.63378946,3292.25285458,
2026-06-11 22:14:00,1781216040,3292.25285458,3311.8873532,3289.59721529,3300.58580857,
2026-06-11 22:15:00,1781216100,3300.58580857,3311.19035745,3270.10888244,3284.92506451,
2026-06-11 22:16:00,1781216160,3284.92506451,3341.28020153,3276.90072121,3306.69713901,
2026-06-11 22:17:00,1781216220,3306.69713901,3343.31252247,3300.96521373,3314.0938542,
2026-06-11 22:18:00,1781216280,3314.0938542,3318.6340999,3297.09659043,3307.19361283,
2026-06-11 22:19:00,1781216340,3307.19361283,3314.66870447,3295.8856706,3306.55265754,
2026-06-11 22:20:00,1781216400,3306.55265754,3310.6207778,3285.20697214,3295.95692294,
2026-06-11 22:21:00,1781216460,3295.95692294,3295.95692294,3276.83753628,3278.1867592,
2026-06-11 22:22:00,1781216520,3278.1867592,3278.1867592,3234.35672005,3236.4834557,
2026-06-11 22:23:00,1781216580,3236.4834557,3254.25993197,3223.07081939,3242.02086751,
2026-06-11 22:24:00,1781216640,3242.02086751,3253.55480348,3225.76208144,3229.19814628,
2026-06-11 22:25:00,1781216700,3229.19814628,3237.34647772,3205.39953409,3230.48517013,
2026-06-11 22:26:00,1781216760,3230.48517013,3238.13563142,3220.29941369,3226.73905544,
2026-06-11 22:27:00,1781216820,3226.73905544,3237.0818933,3222.25042642,3229.1725735,
2026-06-11 22:28:00,1781216880,3229.1725735,3248.82394615,3213.7111127,3243.97872979,
2026-06-11 22:29:00,1781216940,3243.97872979,3274.97309187,3243.97872979,3263.58558212,
2026-06-11 22:30:00,1781217000,3263.58558212,3280.63995426,3249.4095246,3277.07560785,
2026-06-11 22:31:00,1781217060,3277.07560785,3313.60497343,3268.84866801,3269.40739543,
2026-06-11 22:32:00,1781217120,3269.40739543,3270.15130027,3237.94644227,3239.06018695,
2026-06-11 22:33:00,1781217180,3239.06018695,3259.58090184,3227.49386173,3243.7173658,
2026-06-11 22:34:00,1781217240,3243.7173658,3257.60105609,3201.42431718,3201.42431718,
2026-06-11 22:35:00,1781217300,3201.42431718,3234.73481933,3174.05126678,3234.26960985,
2026-06-11 22:36:00,1781217360,3234.26960985,3254.67417691,3232.62931501,3247.43242804,
2026-06-11 22:37:00,1781217420,3247.43242804,3247.62664423,3225.83113624,3227.55665878,
2026-06-11 22:38:00,1781217480,3227.55665878,3227.74150407,3193.24659365,3197.56285773,
2026-06-11 22:39:00,1781217540,3197.56285773,3215.25830733,3179.70848328,3211.47912233,
2026-06-11 22:40:00,1781217600,3211.47912233,3235.25674067,3199.78424648,3209.46076904,
2026-06-11 22:41:00,1781217660,3209.46076904,3211.96792206,3184.83899525,3188.85916121,
2026-06-11 22:42:00,1781217720,3188.85916121,3192.80726727,3176.60857989,3176.60857989,
2026-06-11 22:43:00,1781217780,3176.60857989,3190.24335701,3169.85968213,3189.43676637,
2026-06-11 22:44:00,1781217840,3189.43676637,3189.62234517,3175.38685808,3177.72021172,
2026-06-11 22:45:00,1781217900,3177.72021172,3201.82609232,3173.91394839,3188.47602058,
2026-06-11 22:46:00,1781217960,3188.47602058,3189.02989494,3149.83975109,3154.65496723,
2026-06-11 22:47:00,1781218020,3154.65496723,3156.11755527,3141.65756737,3141.65756737,
2026-06-11 22:48:00,1781218080,3141.65756737,3154.02392751,3133.97353842,3149.57133901,
2026-06-11 22:49:00,1781218140,3149.57133901,3207.04815093,3148.89975232,3179.09871973,
2026-06-11 22:50:00,1781218200,3179.09871973,3210.11746702,3176.86687619,3206.96460706,
2026-06-11 22:51:00,1781218260,3206.96460706,3214.69679112,3191.37553534,3192.80700895,
2026-06-11 22:52:00,1781218320,3192.80700895,3209.12000099,3186.20557758,3208.15768228,
2026-06-11 22:53:00,1781218380,3208.15768228,3208.15768228,3185.59719066,3192.47755348,
2026-06-11 22:54:00,1781218440,3192.47755348,3217.46999148,3190.47438814,3217.13852266,
2026-06-11 22:55:00,1781218500,3217.13852266,3237.60945899,3208.18864007,3235.64301243,
2026-06-11 22:56:00,1781218560,3235.64301243,3255.89730356,3202.6241351,3202.6241351,
2026-06-11 22:57:00,1781218620,3202.6241351,3225.15674155,3202.6241351,3222.32453041,
2026-06-11 22:58:00,1781218680,3222.32453041,3222.32453041,3203.12228406,3215.57106051,
2026-06-11 22:59:00,1781218740,3215.57106051,3215.75611939,3169.56277617,3173.04615967,
2026-06-11 23:00:00,1781218800,3173.04615967,3173.60059077,3117.37056864,3119.02919404,
2026-06-11 23:01:00,1781218860,3119.02919404,3119.88877118,3098.46086677,3108.29577396,
2026-06-11 23:02:00,1781218920,3108.29577396,3135.31246419,3080.72406682,3119.08174503,
2026-06-11 23:03:00,1781218980,3119.08174503,3122.2501425,3047.85076436,3087.65361003,
2026-06-11 23:04:00,1781219040,3087.65361003,3114.30755557,3079.36665696,3102.70023344,
2026-06-11 23:05:00,1781219100,3102.70023344,3118.03764334,3092.71328561,3096.81729391,
2026-06-11 23:06:00,1781219160,3096.81729391,3099.44386819,3079.33538313,3085.80052956,
2026-06-11 23:07:00,1781219220,3085.80052956,3092.28543945,3072.14393352,3076.51072933,
2026-06-11 23:08:00,1781219280,3076.51072933,3078.47744073,3039.98311771,3051.83641674,
2026-06-11 23:09:00,1781219340,3051.83641674,3051.83929206,3037.3725931,3042.71115911,
2026-06-11 23:10:00,1781219400,3042.71115911,3066.09470352,3038.61116569,3056.61354783,
2026-06-11 23:11:00,1781219460,3056.61354783,3065.82150727,3047.87895069,3055.80755955,
2026-06-11 23:12:00,1781219520,3055.80755955,3100.82610179,3054.69966428,3098.79534813,
2026-06-11 23:13:00,1781219580,3098.79534813,3098.79534813,3060.93441808,3077.6946534,
2026-06-11 23:14:00,1781219640,3077.6946534,3092.73145776,3075.1695538,3080.83933831,
2026-06-11 23:15:00,1781219700,3080.83933831,3100.00422996,3064.39375675,3098.98241299,
2026-06-11 23:16:00,1781219760,3098.98241299,3113.42853091,3075.75835682,3099.92339384,
2026-06-11 23:17:00,1781219820,3099.92339384,3100.75676004,3066.38217648,3066.95461477,
2026-06-11 23:18:00,1781219880,3066.95461477,3078.63645687,3056.92244079,3074.20705434,
2026-06-11 23:19:00,1781219940,3074.20705434,3103.98970833,3070.32615479,3095.66145627,
2026-06-11 23:20:00,1781220000,3095.66145627,3097.57367801,3070.04030038,3072.76813735,
2026-06-11 23:21:00,1781220060,3072.76813735,3082.423403,3069.39980333,3069.39980333,
2026-06-11 23:22:00,1781220120,3069.39980333,3106.83302945,3069.19841499,3102.0144697,
2026-06-11 23:23:00,1781220180,3102.0144697,3107.96428225,3090.90698756,3100.3700771,
2026-06-11 23:24:00,1781220240,3100.3700771,3100.55404722,3060.83215119,3070.35651461,
2026-06-11 23:25:00,1781220300,3070.35651461,3084.25402024,3059.89151374,3062.19658501,
2026-06-11 23:26:00,1781220360,3062.19658501,3093.84166903,3061.54926498,3085.00191015,
2026-06-11 23:27:00,1781220420,3085.00191015,3095.20854105,3051.13726702,3052.51903367,
2026-06-11 23:28:00,1781220480,3052.51903367,3053.16313588,3051.23948815,3052.13311117,
2026-06-11 23:29:00,1781220540,3052.13311117,3066.39103704,3049.52312594,3056.67123024,
2026-06-11 23:30:00,1781220600,3056.67123024,3085.78142175,3056.0968657,3074.33232074,
2026-06-11 23:31:00,1781220660,3074.33232074,3142.55325383,3066.28845431,3134.57460458,
2026-06-11 23:32:00,1781220720,3134.57460458,3164.91026444,3134.2947659,3154.08939101,
2026-06-11 23:33:00,1781220780,3154.08939101,3189.95106706,3131.06868048,3189.95106706,
2026-06-11 23:34:00,1781220840,3189.95106706,3190.13564516,3165.06158412,3186.68374733,
2026-06-11 23:35:00,1781220900,3186.68374733,3196.51105492,3160.52631087,3160.57670712,
2026-06-11 23:36:00,1781220960,3160.57670712,3184.64091187,3152.85153879,3166.73200801,
2026-06-11 23:37:00,1781221020,3166.73200801,3179.79633828,3156.89601558,3158.61610651,
2026-06-11 23:38:00,1781221080,3158.61610651,3173.45857789,3147.93494029,3167.89838507,
2026-06-11 23:39:00,1781221140,3167.89838507,3205.02368069,3163.09642881,3200.39322886,
2026-06-11 23:40:00,1781221200,3200.39322886,3334.79737057,3199.45783582,3319.61518642,
2026-06-11 23:41:00,1781221260,3319.61518642,3332.73060867,3308.24892172,3325.46303266,
2026-06-11 23:42:00,1781221320,3325.46303266,3326.7133982,3314.33140891,3325.36348223,
2026-06-11 23:43:00,1781221380,3325.36348223,3328.20286224,3286.6660921,3299.29734231,
2026-06-11 23:44:00,1781221440,3299.29734231,3299.34546014,3289.92633932,3295.00290896,
2026-06-11 23:45:00,1781221500,3295.00290896,3310.92746131,3294.46123578,3295.61851714,
2026-06-11 23:46:00,1781221560,3295.61851714,3317.91979361,3294.77100148,3304.74458859,
2026-06-11 23:47:00,1781221620,3304.74458859,3318.46964489,3270.77724296,3271.87392474,
2026-06-11 23:48:00,1781221680,3271.87392474,3281.67826343,3259.33902717,3266.16343617,
2026-06-11 23:49:00,1781221740,3266.16343617,3284.92395889,3263.12114031,3265.42445216,
2026-06-11 23:50:00,1781221800,3265.42445216,3265.51803628,3243.76562116,3252.85776465,
2026-06-11 23:51:00,1781221860,3252.85776465,3252.9512047,3212.33653073,3216.89924882,
2026-06-11 23:52:00,1781221920,3216.89924882,3216.89924882,3185.40927853,3214.63780222,
2026-06-11 23:53:00,1781221980,3214.63780222,3217.25004256,3188.76914164,3202.63175975,
2026-06-11 23:54:00,1781222040,3202.63175975,3295.34917638,3200.19743267,3287.84255345,
2026-06-11 23:55:00,1781222100,3287.84255345,3292.80448478,3276.64806651,3287.54864661,
2026-06-11 23:56:00,1781222160,3287.54864661,3287.63927571,3272.70155362,3284.23785715,
2026-06-11 23:57:00,1781222220,3284.23785715,3299.66151312,3262.21885545,3290.66461389,
2026-06-11 23:58:00,1781222280,3290.66461389,3298.78428131,3265.55298241,3277.58045254,
2026-06-11 23:59:00,1781222340,3277.58045254,3291.29990767,3257.2256877,3291.29990767,
2026-06-12 00:00:00,1781222400,3291.29990767,3291.51156089,3226.46704409,3274.50267461,
2026-06-12 00:01:00,1781222460,3274.50267461,3286.70977075,3260.44549152,3267.80590311,
2026-06-12 00:02:00,1781222520,3267.80590311,3275.70792067,3237.66563705,3245.5933485,
2026-06-12 00:03:00,1781222580,3245.5933485,3245.5933485,3205.3716099,3214.26705799,
2026-06-12 00:04:00,1781222640,3214.26705799,3251.05158486,3213.9869497,3247.1242101,
2026-06-12 00:05:00,1781222700,3247.1242101,3278.45342245,3243.5695257,3259.02711073,
2026-06-12 00:06:00,1781222760,3259.02711073,3293.57214511,3249.58389886,3280.03034946,
2026-06-12 00:07:00,1781222820,3280.03034946,3436.07078974,3280.02931631,3417.05947596,
2026-06-12 00:08:00,1781222880,3417.05947596,3440.9701577,3385.02165354,3402.40112074,
2026-06-12 00:09:00,1781222940,3402.40112074,3402.40112074,3367.04703819,3378.25475301,
2026-06-12 00:10:00,1781223000,3378.25475301,3400.88974534,3374.1954038,3375.89029419,
2026-06-12 00:11:00,1781223060,3375.89029419,3399.7380002,3348.50511642,3357.42362211,
2026-06-12 00:12:00,1781223120,3357.42362211,3365.46970391,3345.55997641,3354.52943473,
2026-06-12 00:13:00,1781223180,3354.52943473,3374.1768614,3338.80031307,3371.52228582,
2026-06-12 00:14:00,1781223240,3371.52228582,3399.30229756,3370.01750376,3396.47383576,
2026-06-12 00:15:00,1781223300,3396.47383576,3396.47383576,3305.12521391,3317.85544758,
2026-06-12 00:16:00,1781223360,3317.85544758,3338.86422089,3276.44127495,3285.18999553,
2026-06-12 00:17:00,1781223420,3285.18999553,3298.65468714,3275.27440042,3285.60856875,
2026-06-12 00:18:00,1781223480,3285.60856875,3311.34704208,3285.60856875,3305.00743094,
2026-06-12 00:19:00,1781223540,3305.00743094,3328.11546786,3304.047465,3309.01121347,
2026-06-12 00:20:00,1781223600,3309.01121347,3309.01121347,3290.11130534,3302.2361339,
2026-06-12 00:21:00,1781223660,3302.2361339,3338.44563943,3293.9619011,3309.42315165,
2026-06-12 00:22:00,1781223720,3309.42315165,3325.39685818,3264.73426553,3281.51637556,
2026-06-12 00:23:00,1781223780,3281.51637556,3281.51637556,3260.28990956,3265.74710588,
2026-06-12 00:24:00,1781223840,3265.74710588,3271.64507949,3240.55679648,3243.45194166,
2026-06-12 00:25:00,1781223900,3243.45194166,3276.45577278,3242.70291305,3275.21627639,
2026-06-12 00:26:00,1781223960,3275.21627639,3275.49532679,3210.86930435,3210.86930435,
2026-06-12 00:27:00,1781224020,3210.86930435,3245.4045719,3184.15864188,3233.29653768,
2026-06-12 00:28:00,1781224080,3233.29653768,3266.56872156,3232.79129678,3262.89554162,
2026-06-12 00:29:00,1781224140,3262.89554162,3292.79802849,3261.95667682,3273.05865721,
2026-06-12 00:30:00,1781224200,3273.05865721,3295.08870087,3261.17516831,3282.74359843,
2026-06-12 00:31:00,1781224260,3282.74359843,3282.74359843,3227.51755946,3252.83556261,
2026-06-12 00:32:00,1781224320,3252.83556261,3292.55695333,3248.11316874,3288.65912339,
2026-06-12 00:33:00,1781224380,3288.65912339,3324.27274786,3287.90459552,3319.60636124,
2026-06-12 00:34:00,1781224440,3319.60636124,3340.58893558,3267.34391431,3289.96543368,
2026-06-12 00:35:00,1781224500,3289.96543368,3325.58734336,3280.01861586,3323.85528893,
2026-06-12 00:36:00,1781224560,3323.85528893,3339.12222412,3301.06434026,3325.22289573,
2026-06-12 00:37:00,1781224620,3325.22289573,3347.29643163,3324.65734515,3339.43576751,
2026-06-12 00:38:00,1781224680,3339.43576751,3400.21457712,3339.43477062,3370.15410194,
2026-06-12 00:39:00,1781224740,3370.15410194,3370.52740977,3323.49075406,3325.10937063,
2026-06-12 00:40:00,1781224800,3325.10937063,3345.01978332,3305.6355025,3336.05078394,
2026-06-12 00:41:00,1781224860,3336.05078394,3353.19559046,3319.4666331,3335.82687037,
2026-06-12 00:42:00,1781224920,3335.82687037,3362.10745766,3333.18866904,3340.45251868,
2026-06-12 00:43:00,1781224980,3340.45251868,3346.36214614,3309.90296539,3309.90296539,
2026-06-12 00:44:00,1781225040,3309.90296539,3319.64634969,3298.38231168,3314.33244661,
2026-06-12 00:45:00,1781225100,3314.33244661,3346.1552959,3303.15046844,3344.22637926,
2026-06-12 00:46:00,1781225160,3344.22637926,3348.75929312,3324.72635784,3333.37277164,
2026-06-12 00:47:00,1781225220,3333.37277164,3343.12932835,3324.53478637,3336.79554421,
2026-06-12 00:48:00,1781225280,3336.79554421,3346.17507591,3331.61617199,3333.71591082,
2026-06-12 00:49:00,1781225340,3333.71591082,3347.79079184,3330.29381836,3337.77078798,
2026-06-12 00:50:00,1781225400,3337.77078798,3337.86396765,3313.83963638,3322.01988768,
2026-06-12 00:51:00,1781225460,3322.01988768,3374.80822247,3321.94160017,3362.06048875,
2026-06-12 00:52:00,1781225520,3362.06048875,3363.59981862,3343.50666662,3354.83489819,
2026-06-12 00:53:00,1781225580,3354.83489819,3365.21450725,3348.61043988,3360.7717672,
2026-06-12 00:54:00,1781225640,3360.7717672,3376.59020426,3354.93778657,3363.92936999,
2026-06-12 00:55:00,1781225700,3363.92936999,3372.13081542,3352.68407556,3366.56340667,
2026-06-12 00:56:00,1781225760,3366.56340667,3385.12966676,3358.57368801,3367.46131452,
2026-06-12 00:57:00,1781225820,3367.46131452,3367.86037626,3324.35309743,3328.30413647,
2026-06-12 00:58:00,1781225880,3328.30413647,3339.10084023,3291.85246926,3293.60000245,
2026-06-12 00:59:00,1781225940,3293.60000245,3309.60279421,3286.86610725,3299.76301702,
2026-06-12 01:00:00,1781226000,3299.76301702,3306.17765028,3212.24908124,3221.0148822,
2026-06-12 01:01:00,1781226060,3221.0148822,3221.13124223,3174.71470838,3174.90052598,
2026-06-12 01:02:00,1781226120,3174.90052598,3189.24143499,3134.90528649,3139.18891307,
2026-06-12 01:03:00,1781226180,3139.18891307,3197.80784114,3135.43096088,3177.65877985,
2026-06-12 01:04:00,1781226240,3177.65877985,3183.12873057,3154.69325569,3171.7737434,
2026-06-12 01:05:00,1781226300,3171.7737434,3179.8321662,3139.9335674,3140.39832381,
2026-06-12 01:06:00,1781226360,3140.39832381,3191.66231901,3140.30385339,3171.09752691,
2026-06-12 01:07:00,1781226420,3171.09752691,3189.00445709,3162.59233066,3171.14308181,
2026-06-12 01:08:00,1781226480,3171.14308181,3174.72882882,3156.00929274,3161.38277707,
2026-06-12 01:09:00,1781226540,3161.38277707,3210.52489252,3161.00750473,3171.39741541,
2026-06-12 01:10:00,1781226600,3171.39741541,3188.44522405,3161.70825038,3169.1695259,
2026-06-12 01:11:00,1781226660,3169.1695259,3186.81223037,3142.60318687,3148.59347207,
2026-06-12 01:12:00,1781226720,3148.59347207,3156.31433966,3140.0490921,3150.9589251,
2026-06-12 01:13:00,1781226780,3150.9589251,3152.746551,3130.49301127,3148.63642473,
2026-06-12 01:14:00,1781226840,3148.63642473,3163.37302439,3129.55859135,3146.81754944,
2026-06-12 01:15:00,1781226900,3146.81754944,3151.90780116,3125.65537287,3128.69640727,
2026-06-12 01:16:00,1781226960,3128.69640727,3197.51857276,3124.93344632,3195.26036938,
2026-06-12 01:17:00,1781227020,3195.26036938,3195.26036938,3121.55956161,3145.56493201,
2026-06-12 01:18:00,1781227080,3145.56493201,3158.33288296,3126.34411162,3126.34411162,
2026-06-12 01:19:00,1781227140,3126.34411162,3126.6247181,3092.76798507,3093.32595927,
2026-06-12 01:20:00,1781227200,3093.32595927,3098.82487517,3069.92874438,3082.03987493,
2026-06-12 01:21:00,1781227260,3082.03987493,3110.83277021,3076.11102629,3105.24367105,
2026-06-12 01:22:00,1781227320,3105.24367105,3105.24367105,3063.0359761,3063.22139593,
2026-06-12 01:23:00,1781227380,3063.22139593,3083.75504906,3052.11690059,3054.84180309,
2026-06-12 01:24:00,1781227440,3054.84180309,3071.07966395,3053.56152035,3053.56152035,
2026-06-12 01:25:00,1781227500,3053.56152035,3074.50573072,3045.03213673,3057.37843213,
2026-06-12 01:26:00,1781227560,3057.37843213,3057.37843213,3004.51362446,3016.59410173,
2026-06-12 01:27:00,1781227620,3016.59410173,3016.59410173,2970.66165123,3008.1080537,
2026-06-12 01:28:00,1781227680,3008.1080537,3024.22073355,2967.95234686,3014.83437876,
2026-06-12 01:29:00,1781227740,3014.83437876,3033.81541861,3011.3643763,3020.16756518,
2026-06-12 01:30:00,1781227800,3020.16756518,3064.14533011,3015.73300939,3063.67841468,
2026-06-12 01:31:00,1781227860,3063.67841468,3064.5167343,3020.24013924,3033.33855529,
2026-06-12 01:32:00,1781227920,3033.33855529,3072.16403946,3032.12271696,3059.89913957,
2026-06-12 01:33:00,1781227980,3059.89913957,3077.55229101,3042.04618199,3057.31540388,
2026-06-12 01:34:00,1781228040,3057.31540388,3067.40304555,3022.34755476,3023.05657836,
2026-06-12 01:35:00,1781228100,3023.05657836,3031.80446579,2978.03669732,2986.97255144,
2026-06-12 01:36:00,1781228160,2986.97255144,3001.00413827,2975.10173772,2976.53290342,
2026-06-12 01:37:00,1781228220,2976.53290342,3003.61606294,2976.53290342,3001.84897396,
2026-06-12 01:38:00,1781228280,3001.84897396,3015.82342527,2997.1359072,3015.22003641,
2026-06-12 01:39:00,1781228340,3015.22003641,3041.13327515,2994.9899565,3035.26010094,
2026-06-12 01:40:00,1781228400,3035.26010094,3036.74857152,3006.29413686,3007.3955391,
2026-06-12 01:41:00,1781228460,3007.3955391,3028.26516801,3006.18605942,3016.92102498,
2026-06-12 01:42:00,1781228520,3016.92102498,3047.12584925,3015.24670479,3047.12584925,
2026-06-12 01:43:00,1781228580,3047.12584925,3080.30474362,3047.12365174,3066.58110404,
2026-06-12 01:44:00,1781228640,3066.58110404,3075.65503298,3026.85410207,3027.59386968,
2026-06-12 01:45:00,1781228700,3027.59386968,3100.93242832,3027.15697214,3067.20075961,
2026-06-12 01:46:00,1781228760,3067.20075961,3095.96794694,3062.12255567,3078.08774488,
2026-06-12 01:47:00,1781228820,3078.08774488,3101.62839135,3068.53545362,3072.98514299,
2026-06-12 01:48:00,1781228880,3072.98514299,3104.86251346,3063.15853013,3096.36994457,
2026-06-12 01:49:00,1781228940,3096.36994457,3119.79434701,3089.94614885,3108.5554016,
2026-06-12 01:50:00,1781229000,3108.5554016,3108.8817431,3073.40094359,3081.42807224,
2026-06-12 01:51:00,1781229060,3081.42807224,3110.93865799,3070.00580073,3097.192957,
2026-06-12 01:52:00,1781229120,3097.192957,3100.14379779,3081.14502637,3089.45351914,
2026-06-12 01:53:00,1781229180,3089.45351914,3091.72455804,3078.52105177,3090.59561789,
2026-06-12 01:54:00,1781229240,3090.59561789,3126.18903127,3079.38529385,3122.14185175,
2026-06-12 01:55:00,1781229300,3122.14185175,3122.14185175,3068.70560627,3079.53475318,
2026-06-12 01:56:00,1781229360,3079.53475318,3087.97401744,3058.10061691,3058.10061691,
2026-06-12 01:57:00,1781229420,3058.10061691,3068.7305195,3046.94422564,3063.0089229,
2026-06-12 01:58:00,1781229480,3063.0089229,3084.24155567,3063.0089229,3083.58702194,
2026-06-12 01:59:00,1781229540,3083.58702194,3095.39788725,3076.5496054,3092.60681173,
2026-06-12 02:00:00,1781229600,3092.60681173,3117.26298593,3092.51233596,3102.34861192,
2026-06-12 02:01:00,1781229660,3102.34861192,3131.2331909,3099.57236627,3123.69207199,
2026-06-12 02:02:00,1781229720,3123.69207199,3155.88492031,3117.13890154,3155.79004712,
2026-06-12 02:03:00,1781229780,3155.79004712,3156.81597476,3129.9733043,3130.81568955,
2026-06-12 02:04:00,1781229840,3130.81568955,3145.72642099,3125.97810147,3133.58937021,
2026-06-12 02:05:00,1781229900,3133.58937021,3151.27481359,3129.06164986,3148.71877127,
2026-06-12 02:06:00,1781229960,3148.71877127,3172.50163115,3148.43747933,3171.93823029,
2026-06-12 02:07:00,1781230020,3171.93823029,3206.59279368,3164.53059542,3198.9984514,
2026-06-12 02:08:00,1781230080,3198.9984514,3198.9984514,3173.3914064,3185.93786741,
2026-06-12 02:09:00,1781230140,3185.93786741,3312.28229215,3179.74512658,3304.36978059,
2026-06-12 02:10:00,1781230200,3304.36978059,3431.6778588,3303.61185013,3367.26890512,
2026-06-12 02:11:00,1781230260,3367.26890512,3375.46554039,3331.08816472,3346.09527854,
2026-06-12 02:12:00,1781230320,3346.09527854,3354.91211674,3323.27348045,3342.36160066,
2026-06-12 02:13:00,1781230380,3342.36160066,3375.78569017,3316.14371624,3329.48062306,
2026-06-12 02:14:00,1781230440,3329.48062306,3329.50089238,3312.33956682,3321.86881958,
2026-06-12 02:15:00,1781230500,3321.86881958,3349.54861704,3313.13980798,3313.89417828,
2026-06-12 02:16:00,1781230560,3313.89417828,3320.17209879,3278.73961863,3297.41619272,
2026-06-12 02:17:00,1781230620,3297.41619272,3299.76773508,3268.68259797,3272.45185714,
2026-06-12 02:18:00,1781230680,3272.45185714,3272.54492681,3246.13226434,3258.67746526,
2026-06-12 02:19:00,1781230740,3258.67746526,3297.63739287,3256.97763651,3293.66889501,
2026-06-12 02:20:00,1781230800,3293.66889501,3298.28848112,3265.72307301,3287.44302999,
2026-06-12 02:21:00,1781230860,3287.44302999,3288.36673947,3260.72544032,3272.21520528,
2026-06-12 02:22:00,1781230920,3272.21520528,3314.15243694,3272.21520528,3285.03071635,
2026-06-12 02:23:00,1781230980,3285.03071635,3308.67252049,3277.39598862,3291.2746201,
2026-06-12 02:24:00,1781231040,3291.2746201,3328.36186575,3289.6720764,3296.11179723,
2026-06-12 02:25:00,1781231100,3296.11179723,3296.11179723,3250.11675748,3257.18850619,
2026-06-12 02:26:00,1781231160,3257.18850619,3264.88909582,3235.41574944,3236.63810057,
2026-06-12 02:27:00,1781231220,3236.63810057,3237.57614987,3215.57669547,3225.20688274,
2026-06-12 02:28:00,1781231280,3225.20688274,3227.84402013,3191.51483605,3208.07427183,
2026-06-12 02:29:00,1781231340,3208.07427183,3216.26767897,3195.87621671,3215.7974661,
2026-06-12 02:30:00,1781231400,3215.7974661,3249.38861523,3208.64781215,3243.3247774,
2026-06-12 02:31:00,1781231460,3243.3247774,3261.37383787,3234.34517514,3237.59001444,
2026-06-12 02:32:00,1781231520,3237.59001444,3249.07123398,3231.38259944,3242.65846018,
2026-06-12 02:33:00,1781231580,3242.65846018,3257.1275175,3202.42747922,3205.1989921,
2026-06-12 02:34:00,1781231640,3205.1989921,3208.1098614,3158.99216904,3173.81781082,
2026-06-12 02:35:00,1781231700,3173.81781082,3198.02755997,3170.44241803,3177.39332461,
2026-06-12 02:36:00,1781231760,3177.39332461,3233.50757813,3170.16925123,3233.50757813,
2026-06-12 02:37:00,1781231820,3233.50757813,3261.70159004,3230.58970861,3256.19358643,
2026-06-12 02:38:00,1781231880,3256.19358643,3276.68817071,3238.93939647,3248.7379788,
2026-06-12 02:39:00,1781231940,3248.7379788,3268.43489407,3230.43281693,3267.84567236,
2026-06-12 02:40:00,1781232000,3267.84567236,3299.9188545,3246.96288601,3260.96649901,
2026-06-12 02:41:00,1781232060,3260.96649901,3265.77871996,3241.73810694,3243.2514218,
2026-06-12 02:42:00,1781232120,3243.2514218,3249.09684503,3234.41109096,3244.96008642,
2026-06-12 02:43:00,1781232180,3244.96008642,3251.44743744,3241.05555117,3250.20953388,
2026-06-12 02:44:00,1781232240,3250.20953388,3292.52513847,3250.15245426,3290.34979194,
2026-06-12 02:45:00,1781232300,3290.34979194,3291.29378717,3253.63491547,3255.80026763,
2026-06-12 02:46:00,1781232360,3255.80026763,3259.04800276,3247.33214155,3257.27708979,
2026-06-12 02:47:00,1781232420,3257.27708979,3285.3350857,3256.64691664,3269.9784855,
2026-06-12 02:48:00,1781232480,3269.9784855,3278.28745337,3241.706913,3255.83680914,
2026-06-12 02:49:00,1781232540,3255.83680914,3270.95603577,3247.87385997,3269.70944902,
2026-06-12 02:50:00,1781232600,3269.70944902,3273.90423972,3244.06678964,3255.76682655,
2026-06-12 02:51:00,1781232660,3255.76682655,3275.39384821,3236.66915773,3246.45696451,
2026-06-12 02:52:00,1781232720,3246.45696451,3258.90606928,3244.22968826,3258.90606928,
2026-06-12 02:53:00,1781232780,3258.90606928,3259.6136645,3239.92556553,3246.59308341,
2026-06-12 02:54:00,1781232840,3246.59308341,3259.38364518,3246.26252205,3252.79843004,
2026-06-12 02:55:00,1781232900,3252.79843004,3252.98636286,3239.28255636,3245.23338347,
2026-06-12 02:56:00,1781232960,3245.23338347,3248.07752833,3244.08007349,3244.54531686,
2026-06-12 02:57:00,1781233020,3244.54531686,3245.3289568,3229.66041034,3235.83168757,
2026-06-12 02:58:00,1781233080,3235.83168757,3242.96658028,3207.53470212,3242.39875776,
2026-06-12 02:59:00,1781233140,3242.39875776,3286.35245587,3241.94368509,3273.14582413,
2026-06-12 03:00:00,1781233200,3273.14582413,3290.60676225,3272.16982724,3285.64714467,
2026-06-12 03:01:00,1781233260,3285.64714467,3305.07085198,3259.48017378,3264.88023964,
2026-06-12 03:02:00,1781233320,3264.88023964,3272.06429259,3242.30842648,3243.85576186,
2026-06-12 03:03:00,1781233380,3243.85576186,3266.55827248,3236.57998551,3240.37904195,
2026-06-12 03:04:00,1781233440,3240.37904195,3257.76391254,3232.37360587,3233.41192632,
2026-06-12 03:05:00,1781233500,3233.41192632,3233.41192632,3211.51859008,3215.18560458,
2026-06-12 03:06:00,1781233560,3215.18560458,3237.14847308,3214.90242295,3230.62122628,
2026-06-12 03:07:00,1781233620,3230.62122628,3252.35187924,3224.32247471,3228.23705634,
2026-06-12 03:08:00,1781233680,3228.23705634,3230.8816874,3207.55731561,3217.43194649,
2026-06-12 03:09:00,1781233740,3217.43194649,3249.60648607,3209.25559145,3244.49598475,
2026-06-12 03:10:00,1781233800,3244.49598475,3244.5896373,3218.61635864,3218.80433404,
2026-06-12 03:11:00,1781233860,3218.80433404,3231.67335313,3209.86094933,3221.25966861,
2026-06-12 03:12:00,1781233920,3221.25966861,3226.01934094,3192.13306738,3208.46273551,
2026-06-12 03:13:00,1781233980,3208.46273551,3208.46273551,3166.25170088,3172.68204805,
2026-06-12 03:14:00,1781234040,3172.68204805,3185.98052564,3168.1203629,3181.90740581,
2026-06-12 03:15:00,1781234100,3181.90740581,3183.02015337,3157.59385675,3164.21152537,
2026-06-12 03:16:00,1781234160,3164.21152537,3173.55724977,3145.3720443,3166.11501197,
2026-06-12 03:17:00,1781234220,3166.11501197,3172.25170685,3147.4406433,3154.32608854,
2026-06-12 03:18:00,1781234280,3154.32608854,3159.20572899,3142.28511901,3154.99626898,
2026-06-12 03:19:00,1781234340,3154.99626898,3154.99626898,3135.10092111,3138.39642123,
2026-06-12 03:20:00,1781234400,3138.39642123,3141.09606122,3102.84784496,3111.78743539,
2026-06-12 03:21:00,1781234460,3111.78743539,3128.34150094,3086.17543145,3090.40824975,
2026-06-12 03:22:00,1781234520,3090.40824975,3112.50366,3072.91629551,3073.01020975,
2026-06-12 03:23:00,1781234580,3073.01020975,3074.31254528,3054.99226612,3069.62866319,
2026-06-12 03:24:00,1781234640,3069.62866319,3086.60126053,3062.34080743,3076.574897,
2026-06-12 03:25:00,1781234700,3076.574897,3076.574897,3010.69462782,3041.17850432,
2026-06-12 03:26:00,1781234760,3041.17850432,3074.69234411,3041.17850432,3073.90122251,
2026-06-12 03:27:00,1781234820,3073.90122251,3078.94573768,3051.04629198,3059.38819529,
2026-06-12 03:28:00,1781234880,3059.38819529,3102.36802925,3059.38819529,3102.08335576,
2026-06-12 03:29:00,1781234940,3102.08335576,3102.08335576,3085.05664174,3088.68089056,
2026-06-12 03:30:00,1781235000,3088.68089056,3126.15852937,3087.36200037,3093.53370283,
2026-06-12 03:31:00,1781235060,3093.53370283,3161.40192337,3092.70314134,3132.24916533,
2026-06-12 03:32:00,1781235120,3132.24916533,3132.24916533,3090.02947994,3117.19893078,
2026-06-12 03:33:00,1781235180,3117.19893078,3130.58675532,3108.47510918,3120.4312245,
2026-06-12 03:34:00,1781235240,3120.4312245,3160.24844752,3108.84106639,3158.16464494,
2026-06-12 03:35:00,1781235300,3158.16464494,3178.66827162,3125.13956433,3135.9637966,
2026-06-12 03:36:00,1781235360,3135.9637966,3140.6613723,3114.03836632,3119.03528705,
2026-06-12 03:37:00,1781235420,3119.03528705,3147.03185488,3118.98322587,3143.85011679,
2026-06-12 03:38:00,1781235480,3143.85011679,3143.85011679,3118.88901309,3130.59722266,
2026-06-12 03:39:00,1781235540,3130.59722266,3130.97509597,3114.39858341,3114.68175888,
2026-06-12 03:40:00,1781235600,3114.68175888,3129.13522487,3106.93995488,3115.88193723,
2026-06-12 03:41:00,1781235660,3115.88193723,3139.5049484,3103.81966422,3119.36613378,
2026-06-12 03:42:00,1781235720,3119.36613378,3125.29174305,3092.52202528,3107.73922033,
2026-06-12 03:43:00,1781235780,3107.73922033,3114.50492466,3100.51667303,3104.24205302,
2026-06-12 03:44:00,1781235840,3104.24205302,3129.7816039,3104.24205302,3120.49239622,
2026-06-12 03:45:00,1781235900,3120.49239622,3134.71943457,3101.09518964,3112.47924305,
2026-06-12 03:46:00,1781235960,3112.47924305,3140.49289648,3108.51138869,3139.90254876,
2026-06-12 03:47:00,1781236020,3139.90254876,3154.36991711,3132.06757668,3141.82379456,
2026-06-12 03:48:00,1781236080,3141.82379456,3173.49181848,3129.64662202,3148.84457341,
2026-06-12 03:49:00,1781236140,3148.84457341,3160.28564003,3109.36539627,3114.51809544,
2026-06-12 03:50:00,1781236200,3114.51809544,3143.08873477,3114.51809544,3127.77184846,
2026-06-12 03:51:00,1781236260,3127.77184846,3153.42989878,3127.77089957,3144.43899568,
2026-06-12 03:52:00,1781236320,3144.43899568,3163.88820577,3143.68151065,3148.14141462,
2026-06-12 03:53:00,1781236380,3148.14141462,3163.17255523,3144.4632229,3161.66261021,
2026-06-12 03:54:00,1781236440,3161.66261021,3171.68678475,3153.13341573,3157.42137242,
2026-06-12 03:55:00,1781236500,3157.42137242,3179.4457706,3157.01465926,3165.69505138,
2026-06-12 03:56:00,1781236560,3165.69505138,3165.69505138,3154.37886748,3160.82451815,
2026-06-12 03:57:00,1781236620,3160.82451815,3178.91375,3160.72993627,3168.99421822,
2026-06-12 03:58:00,1781236680,3168.99421822,3169.37096619,3154.88635284,3158.81023301,
2026-06-12 03:59:00,1781236740,3158.81023301,3175.59897937,3158.80830303,3171.62452645,
2026-06-12 04:00:00,1781236800,3171.62452645,3178.72274115,3161.25742735,3163.46463421,
2026-06-12 04:01:00,1781236860,3163.46463421,3164.08265076,3124.42724509,3152.84940384,
2026-06-12 04:02:00,1781236920,3152.84940384,3152.84940384,3130.07368743,3140.90638639,
2026-06-12 04:03:00,1781236980,3140.90638639,3172.84190761,3139.39393725,3157.08065563,
2026-06-12 04:04:00,1781237040,3157.08065563,3166.20877506,3129.72862663,3166.01851964,
2026-06-12 04:05:00,1781237100,3166.01851964,3166.44790016,3141.90658124,3145.22357139,
2026-06-12 04:06:00,1781237160,3145.22357139,3146.35615281,3099.52429314,3100.56044053,
2026-06-12 04:07:00,1781237220,3100.56044053,3100.56044053,3076.17330804,3099.14761778,
2026-06-12 04:08:00,1781237280,3099.14761778,3161.45691845,3099.14663737,3149.09815869,
2026-06-12 04:09:00,1781237340,3149.09815869,3152.92294042,3124.91993187,3131.68362885,
2026-06-12 04:10:00,1781237400,3131.68362885,3143.16525596,3130.03279605,3140.27761807,
2026-06-12 04:11:00,1781237460,3140.27761807,3209.95975312,3140.27570131,3184.01583706,
2026-06-12 04:12:00,1781237520,3184.01583706,3189.33695414,3166.65844139,3176.48173111,
2026-06-12 04:13:00,1781237580,3176.48173111,3176.57643181,3119.44216208,3132.48457273,
2026-06-12 04:14:00,1781237640,3132.48457273,3157.38814847,3124.54407135,3146.41177266,
2026-06-12 04:15:00,1781237700,3146.41177266,3215.94988648,3146.41177266,3207.61351555,
2026-06-12 04:16:00,1781237760,3207.61351555,3336.4418892,3196.37864868,3320.53688594,
2026-06-12 04:17:00,1781237820,3320.53688594,3374.69451994,3293.13742458,3298.38143721,
2026-06-12 04:18:00,1781237880,3298.38143721,3332.12157261,3285.67103712,3301.58995927,
2026-06-12 04:19:00,1781237940,3301.58995927,3319.81693551,3297.40278355,3316.28848588,
2026-06-12 04:20:00,1781238000,3316.28848588,3316.47793093,3283.93852537,3302.1311957,
2026-06-12 04:21:00,1781238060,3302.1311957,3324.80588869,3301.44226786,3322.05052082,
2026-06-12 04:22:00,1781238120,3322.05052082,3357.91589877,3302.38143344,3355.57952213,
2026-06-12 04:23:00,1781238180,3355.57952213,3413.50284089,3351.12919236,3366.58323071,
2026-06-12 04:24:00,1781238240,3366.58323071,3392.42447667,3354.30008255,3379.69631752,
2026-06-12 04:25:00,1781238300,3379.69631752,3381.1390766,3365.08799468,3372.23229536,
2026-06-12 04:26:00,1781238360,3372.23229536,3431.55298157,3365.95408062,3431.36118689,
2026-06-12 04:27:00,1781238420,3431.36118689,3437.34901882,3403.04289232,3417.58574737,
2026-06-12 04:28:00,1781238480,3417.58574737,3439.5579605,3409.97790826,3426.24077022,
2026-06-12 04:29:00,1781238540,3426.24077022,3448.2467869,3416.58139648,3436.31719804,
2026-06-12 04:30:00,1781238600,3436.31719804,3436.49157819,3402.13982183,3408.43971837,
2026-06-12 04:31:00,1781238660,3408.43971837,3505.97439505,3408.43971837,3433.18057403,
2026-06-12 04:32:00,1781238720,3433.18057403,3451.22408701,3394.73064964,3417.56389176,
2026-06-12 04:33:00,1781238780,3417.56389176,3462.58294704,3392.32270723,3392.32270723,
2026-06-12 04:34:00,1781238840,3392.32270723,3394.02308313,3356.15840793,3393.25987628,
2026-06-12 04:35:00,1781238900,3393.25987628,3400.24127143,3370.49175352,3378.05058213,
2026-06-12 04:36:00,1781238960,3378.05058213,3390.98722333,3366.2724859,3367.69604845,
2026-06-12 04:37:00,1781239020,3367.69604845,3387.4360249,3364.41103645,3373.52291798,
2026-06-12 04:38:00,1781239080,3373.52291798,3374.28267825,3347.10567597,3356.10548571,
2026-06-12 04:39:00,1781239140,3356.10548571,3397.44000769,3354.48654655,3378.41549813,
2026-06-12 04:40:00,1781239200,3378.41549813,3380.2207796,3354.55147637,3370.19675991,
2026-06-12 04:41:00,1781239260,3370.19675991,3370.29083614,3339.25700887,3354.96969875,
2026-06-12 04:42:00,1781239320,3354.96969875,3355.66350309,3333.32791561,3352.12897133,
2026-06-12 04:43:00,1781239380,3352.12897133,3377.18971778,3351.19941808,3358.84042835,
2026-06-12 04:44:00,1781239440,3358.84042835,3380.57652947,3358.84042835,3364.37886413,
2026-06-12 04:45:00,1781239500,3364.37886413,3397.636343,3362.11487597,3369.96996036,
2026-06-12 04:46:00,1781239560,3369.96996036,3386.41801778,3357.13975149,3372.49995575,
2026-06-12 04:47:00,1781239620,3372.49995575,3374.02041799,3345.23355535,3359.15396289,
2026-06-12 04:48:00,1781239680,3359.15396289,3368.25477235,3354.75962429,3365.07464974,
2026-06-12 04:49:00,1781239740,3365.07464974,3365.26397111,3351.58469359,3360.30864957,
2026-06-12 04:50:00,1781239800,3360.30864957,3381.5715386,3352.12352712,3359.37582436,
2026-06-12 04:51:00,1781239860,3359.37582436,3378.76198586,3354.96054294,3378.57059155,
2026-06-12 04:52:00,1781239920,3378.57059155,3380.6093286,3373.54118674,3379.38621997,
2026-06-12 04:53:00,1781239980,3379.38621997,3384.15962644,3350.27935533,3352.00302562,
2026-06-12 04:54:00,1781240040,3352.00302562,3353.65493553,3347.87704069,3348.07748319,
2026-06-12 04:55:00,1781240100,3348.07748319,3368.08911933,3343.85603452,3344.05985098,
2026-06-12 04:56:00,1781240160,3344.05985098,3355.75535383,3337.31205407,3352.49858292,
2026-06-12 04:57:00,1781240220,3352.49858292,3366.33707895,3352.40065001,3356.17872402,
2026-06-12 04:58:00,1781240280,3356.17872402,3356.17872402,3343.19264089,3344.91151253,
2026-06-12 04:59:00,1781240340,3344.91151253,3353.47194253,3333.05224497,3343.24377059,
2026-06-12 05:00:00,1781240400,3343.24377059,3368.933445,3328.36775527,3334.27669692,
2026-06-12 05:01:00,1781240460,3334.27669692,3334.37084331,3286.80725878,3319.79182921,
2026-06-12 05:02:00,1781240520,3319.79182921,3319.79182921,3265.33248433,3273.91531749,
2026-06-12 05:03:00,1781240580,3273.91531749,3292.64789072,3271.73103389,3290.10724317,
2026-06-12 05:04:00,1781240640,3290.10724317,3305.58144078,3270.61937554,3278.01804822,
2026-06-12 05:05:00,1781240700,3278.01804822,3290.73154884,3272.29645078,3277.78368536,
2026-06-12 05:06:00,1781240760,3277.78368536,3298.56317153,3271.81162355,3293.10081955,
2026-06-12 05:07:00,1781240820,3293.10081955,3302.03510413,3262.29697312,3263.5680269,
2026-06-12 05:08:00,1781240880,3263.5680269,3263.85103233,3219.41288904,3238.54920907,
2026-06-12 05:09:00,1781240940,3238.54920907,3248.56325149,3228.61571514,3243.66791995,
2026-06-12 05:10:00,1781241000,3243.66791995,3244.5601757,3201.42553707,3219.4017038,
2026-06-12 05:11:00,1781241060,3219.4017038,3219.45757661,3108.1854238,3108.1854238,
2026-06-12 05:12:00,1781241120,3108.1854238,3125.44954092,3070.85840441,3101.99403748,
2026-06-12 05:13:00,1781241180,3101.99403748,3106.22458456,3078.42998884,3087.49525268,
2026-06-12 05:14:00,1781241240,3087.49525268,3117.40418519,3087.43041673,3091.68328549,
2026-06-12 05:15:00,1781241300,3091.68328549,3133.21245006,3090.26942817,3128.17497574,
2026-06-12 05:16:00,1781241360,3128.17497574,3156.40533518,3126.2818754,3148.28678314,
2026-06-12 05:17:00,1781241420,3148.28678314,3168.13331942,3141.01166115,3163.22915939,
2026-06-12 05:18:00,1781241480,3163.22915939,3178.90967577,3157.51995922,3174.11186084,
2026-06-12 05:19:00,1781241540,3174.11186084,3180.3236855,3168.3641701,3170.65691996,
2026-06-12 05:20:00,1781241600,3170.65691996,3174.50705131,3147.61882038,3156.76867781,
2026-06-12 05:21:00,1781241660,3156.76867781,3157.05087036,3139.35511002,3149.16385267,
2026-06-12 05:22:00,1781241720,3149.16385267,3165.17361677,3120.87957269,3123.94847796,
2026-06-12 05:23:00,1781241780,3123.94847796,3151.67635658,3120.37013519,3120.83975758,
2026-06-12 05:24:00,1781241840,3120.83975758,3134.48095066,3096.1476834,3131.92775372,
2026-06-12 05:25:00,1781241900,3131.92775372,3141.76744457,3122.69120476,3141.29487461,
2026-06-12 05:26:00,1781241960,3141.29487461,3145.66598019,3125.32001263,3126.53026276,
2026-06-12 05:27:00,1781242020,3126.53026276,3143.99883084,3119.86577529,3125.67841162,
2026-06-12 05:28:00,1781242080,3125.67841162,3138.57541448,3117.6318463,3129.64272278,
2026-06-12 05:29:00,1781242140,3129.64272278,3142.53801547,3126.14843508,3135.43264125,
2026-06-12 05:30:00,1781242200,3135.43264125,3147.14955546,3119.27491801,3142.53888423,
2026-06-12 05:31:00,1781242260,3142.53888423,3149.71134244,3116.96905219,3146.68096359,
2026-06-12 05:32:00,1781242320,3146.68096359,3148.85223313,3097.83714754,3100.85964818,
2026-06-12 05:33:00,1781242380,3100.85964818,3127.43194122,3080.48849247,3100.65517034,
2026-06-12 05:34:00,1781242440,3100.65517034,3123.34802056,3095.94092336,3114.39693976,
2026-06-12 05:35:00,1781242500,3114.39693976,3122.45513049,3095.84372455,3108.10386268,
2026-06-12 05:36:00,1781242560,3108.10386268,3112.05871921,3061.38938274,3066.69042515,
2026-06-12 05:37:00,1781242620,3066.69042515,3084.47316768,3030.80072085,3049.45098165,
2026-06-12 05:38:00,1781242680,3049.45098165,3063.55340627,3024.60492217,3028.43154549,
2026-06-12 05:39:00,1781242740,3028.43154549,3046.80633929,2996.77661838,3045.84449512,
2026-06-12 05:40:00,1781242800,3045.84449512,3051.19765606,3019.11354387,3029.8227148,
2026-06-12 05:41:00,1781242860,3029.8227148,3046.26582887,3012.42600763,3038.84277244,
2026-06-12 05:42:00,1781242920,3038.84277244,3049.64525456,3028.50163958,3048.36517007,
2026-06-12 05:43:00,1781242980,3048.36517007,3067.97208914,3036.24573614,3042.38769542,
2026-06-12 05:44:00,1781243040,3042.38769542,3053.50396167,3036.70501135,3051.57063715,
2026-06-12 05:45:00,1781243100,3051.57063715,3064.37057133,3051.56955512,3058.71986039,
2026-06-12 05:46:00,1781243160,3058.71986039,3058.71986039,3026.16197475,3027.39783415,
2026-06-12 05:47:00,1781243220,3027.39783415,3037.18056219,3002.69545505,3028.70893027,
2026-06-12 05:48:00,1781243280,3028.70893027,3028.98969718,3013.49417057,3021.93469562,
2026-06-12 05:49:00,1781243340,3021.93469562,3059.88543491,3012.43500487,3058.51390957,
2026-06-12 05:50:00,1781243400,3058.51390957,3060.39780969,2965.53110313,2965.53110313,
2026-06-12 05:51:00,1781243460,2965.53110313,3017.11089604,2963.04943307,3013.63276471,
2026-06-12 05:52:00,1781243520,3013.63276471,3033.91380269,2969.81719373,2971.22087432,
2026-06-12 05:53:00,1781243580,2971.22087432,3008.97115519,2967.60175049,3004.3320306,
2026-06-12 05:54:00,1781243640,3004.3320306,3030.49777088,3004.3320306,3019.818837,
2026-06-12 05:55:00,1781243700,3019.818837,3030.07529557,3015.1127036,3029.58672351,
2026-06-12 05:56:00,1781243760,3029.58672351,3041.45035108,3020.10237098,3031.09442864,
2026-06-12 05:57:00,1781243820,3031.09442864,3056.9780586,3022.01784807,3050.2951876,
2026-06-12 05:58:00,1781243880,3050.2951876,3052.55596129,3032.474684,3035.99030585,
2026-06-12 05:59:00,1781243940,3035.99030585,3035.99030585,3000.92095702,3006.96993586,
2026-06-12 06:00:00,1781244000,3006.96993586,3025.41283812,2983.22229063,3019.81729495,
2026-06-12 06:01:00,1781244060,3019.81729495,3029.054441,2992.32197957,3009.18164728,
2026-06-12 06:02:00,1781244120,3009.18164728,3047.63437873,2998.74722471,3039.54452689,
2026-06-12 06:03:00,1781244180,3039.54452689,3053.92044116,3016.57203054,3053.6374404,
2026-06-12 06:04:00,1781244240,3053.6374404,3057.31582223,3030.49790889,3047.91697466,
2026-06-12 06:05:00,1781244300,3047.91697466,3066.19009801,3041.86423992,3054.7879706,
2026-06-12 06:06:00,1781244360,3054.7879706,3065.44153017,3037.61924047,3043.55159837,
2026-06-12 06:07:00,1781244420,3043.55159837,3046.00995697,3016.10477017,3022.60885373,
2026-06-12 06:08:00,1781244480,3022.60885373,3052.77568397,2999.02031267,3030.18240188,
2026-06-12 06:09:00,1781244540,3030.18240188,3036.39520207,2967.80991211,2977.92103153,
2026-06-12 06:10:00,1781244600,2977.92103153,2989.05897624,2936.56895908,2989.05897624,
2026-06-12 06:11:00,1781244660,2989.05897624,3007.1227382,2965.79268221,2983.49489453,
2026-06-12 06:12:00,1781244720,2983.49489453,2983.57492469,2947.23735524,2960.45816163,
2026-06-12 06:13:00,1781244780,2960.45816163,2972.80053345,2949.64705428,2954.83215078,
2026-06-12 06:14:00,1781244840,2954.83215078,2962.3059791,2939.07603428,2959.36218801,
2026-06-12 06:15:00,1781244900,2959.36218801,2961.49236082,2874.19031261,2876.89367791,
2026-06-12 06:16:00,1781244960,2876.89367791,2876.89367791,2824.55723556,2833.69895588,
2026-06-12 06:17:00,1781245020,2833.69895588,2848.64051432,2816.91310541,2823.9636703,
2026-06-12 06:18:00,1781245080,2823.9636703,2866.87046092,2823.96244349,2862.49022617,
2026-06-12 06:19:00,1781245140,2862.49022617,2864.78047108,2825.32500685,2832.2012431,
2026-06-12 06:20:00,1781245200,2832.2012431,2845.35034317,2822.3577153,2825.57564139,
2026-06-12 06:21:00,1781245260,2825.57564139,2832.7490122,2765.34315208,2829.57595978,
2026-06-12 06:22:00,1781245320,2829.57595978,2837.40169515,2806.29636047,2830.47487136,
2026-06-12 06:23:00,1781245380,2830.47487136,2850.39314911,2829.14586923,2845.98456115,
2026-06-12 06:24:00,1781245440,2845.98456115,2869.42889491,2845.21076272,2853.76507299,
2026-06-12 06:25:00,1781245500,2853.76507299,2863.16284472,2838.19734432,2844.38418147,
2026-06-12 06:26:00,1781245560,2844.38418147,2856.45905368,2811.27457591,2845.9220181,
2026-06-12 06:27:00,1781245620,2845.9220181,2852.7350979,2821.41103785,2830.32737316,
2026-06-12 06:28:00,1781245680,2830.32737316,2841.50893874,2821.33936512,2824.92702612,
2026-06-12 06:29:00,1781245740,2824.92702612,2825.29785032,2810.7773425,2817.54707801,
2026-06-12 06:30:00,1781245800,2817.54707801,2817.54707801,2759.11426192,2777.34531565,
2026-06-12 06:31:00,1781245860,2777.34531565,2777.53056009,2714.01479538,2720.37516531,
2026-06-12 06:32:00,1781245920,2720.37516531,2747.89563819,2714.44731405,2734.72438664,
2026-06-12 06:33:00,1781245980,2734.72438664,2735.6653578,2568.92110328,2579.51820214,
2026-06-12 06:34:00,1781246040,2579.51820214,2640.40357395,2561.62628025,2608.19862412,
2026-06-12 06:35:00,1781246100,2608.19862412,2647.63350248,2603.70249821,2617.26005735,
2026-06-12 06:36:00,1781246160,2617.26005735,2630.13276908,2582.26208517,2598.14512602,
2026-06-12 06:37:00,1781246220,2598.14512602,2612.91821659,2558.13543027,2560.5814454,
2026-06-12 06:38:00,1781246280,2560.5814454,2563.42739726,2519.4962041,2534.41731817,
2026-06-12 06:39:00,1781246340,2534.41731817,2626.50975789,2533.96092471,2624.77006976,
2026-06-12 06:40:00,1781246400,2624.77006976,2639.38241745,2605.8202847,2633.68281268,
2026-06-12 06:41:00,1781246460,2633.68281268,2633.8653152,2580.22630825,2621.67704299,
2026-06-12 06:42:00,1781246520,2621.67704299,2630.26651831,2600.43644585,2609.92383712,
2026-06-12 06:43:00,1781246580,2609.92383712,2633.77988106,2593.8540081,2601.77634216,
2026-06-12 06:44:00,1781246640,2601.77634216,2620.06545558,2591.60742015,2600.5778099,
2026-06-12 06:45:00,1781246700,2600.5778099,2652.1680919,2591.31197127,2643.7766835,
2026-06-12 06:46:00,1781246760,2643.7766835,2661.97750942,2634.8016354,2659.83926362,
2026-06-12 06:47:00,1781246820,2659.83926362,2682.35235762,2659.83795783,2681.51959399,
2026-06-12 06:48:00,1781246880,2681.51959399,2681.51959399,2647.4740804,2668.04049908,
2026-06-12 06:49:00,1781246940,2668.04049908,2668.31339134,2627.58845515,2651.28247258,
2026-06-12 06:50:00,1781247000,2651.28247258,2669.59515889,2625.05008222,2625.64898429,
2026-06-12 06:51:00,1781247060,2625.64898429,2637.61236697,2605.83351838,2619.22689298,
2026-06-12 06:52:00,1781247120,2619.22689298,2650.69564319,2613.66622899,2637.30040771,
2026-06-12 06:53:00,1781247180,2637.30040771,2651.94914974,2623.30446031,2627.72527014,
2026-06-12 06:54:00,1781247240,2627.72527014,2647.42003698,2623.37823307,2636.78657245,
2026-06-12 06:55:00,1781247300,2636.78657245,2637.13942095,2620.45524016,2620.64189206,
2026-06-12 06:56:00,1781247360,2620.64189206,2650.9883781,2615.31093696,2647.61033571,
2026-06-12 06:57:00,1781247420,2647.61033571,2665.36254159,2647.60901892,2665.36254159,
2026-06-12 06:58:00,1781247480,2665.36254159,2689.91380077,2654.25816879,2664.93560738,
2026-06-12 06:59:00,1781247540,2664.93560738,2666.63423221,2642.14230096,2653.41706291,
2026-06-12 07:00:00,1781247600,2653.41706291,2722.59643979,2652.67732732,2714.06854048,
2026-06-12 07:01:00,1781247660,2714.06854048,2753.20793154,2709.89643089,2741.63829828,
2026-06-12 07:02:00,1781247720,2741.63829828,2757.40312522,2734.23243136,2734.23243136,
2026-06-12 07:03:00,1781247780,2734.23243136,2742.70024432,2717.65440985,2742.60739212,
2026-06-12 07:04:00,1781247840,2742.60739212,2761.16822608,2739.60446514,2753.98182766,
2026-06-12 07:05:00,1781247900,2753.98182766,2774.50556577,2748.14345385,2770.1930891,
2026-06-12 07:06:00,1781247960,2770.1930891,2777.97494064,2754.90598313,2764.75261002,
2026-06-12 07:07:00,1781248020,2764.75261002,2764.75261002,2708.55583808,2730.91129262,
2026-06-12 07:08:00,1781248080,2730.91129262,2757.70432085,2729.10186461,2756.6763609,
2026-06-12 07:09:00,1781248140,2756.6763609,2758.81312097,2743.00360893,2743.18686881,
2026-06-12 07:10:00,1781248200,2743.18686881,2745.44966689,2730.90493959,2738.28490346,
2026-06-12 07:11:00,1781248260,2738.28490346,2760.41651537,2703.79344558,2706.75361355,
2026-06-12 07:12:00,1781248320,2706.75361355,2729.79602981,2694.10391127,2712.12657076,
2026-06-12 07:13:00,1781248380,2712.12657076,2717.69709107,2675.50808869,2676.24844549,
2026-06-12 07:14:00,1781248440,2676.24844549,2698.65356016,2644.09607384,2650.28416601,
2026-06-12 07:15:00,1781248500,2650.28416601,2674.05911811,2649.39398836,2655.47831638,
2026-06-12 07:16:00,1781248560,2655.47831638,2681.55883336,2618.92315712,2672.09651576,
2026-06-12 07:17:00,1781248620,2672.09651576,2684.05883216,2639.23210084,2684.05883216,
2026-06-12 07:18:00,1781248680,2684.05883216,2739.81067501,2682.24084397,2707.98756256,
2026-06-12 07:19:00,1781248740,2707.98756256,2717.4623872,2675.76562564,2689.92958807,
2026-06-12 07:20:00,1781248800,2689.92958807,2727.48964201,2686.90801216,2727.48723585,
2026-06-12 07:21:00,1781248860,2727.48723585,2735.11022318,2661.8157055,2694.32272914,
2026-06-12 07:22:00,1781248920,2694.32272914,2695.06297103,2645.69009877,2651.04213086,
2026-06-12 07:23:00,1781248980,2651.04213086,2690.9457851,2647.22218091,2690.9457851,
2026-06-12 07:24:00,1781249040,2690.9457851,2714.312213,2690.94331888,2706.29905096,
2026-06-12 07:25:00,1781249100,2706.29905096,2706.29905096,2670.66224851,2680.22447958,
2026-06-12 07:26:00,1781249160,2680.22447958,2693.52967568,2677.55260481,2688.64643497,
2026-06-12 07:27:00,1781249220,2688.64643497,2688.64643497,2667.73516117,2678.95810183,
2026-06-12 07:28:00,1781249280,2678.95810183,2689.90376119,2663.76811441,2688.44300483,
2026-06-12 07:29:00,1781249340,2688.44300483,2702.52709292,2679.75766453,2687.49375856,
2026-06-12 07:30:00,1781249400,2687.49375856,2700.44121222,2675.45594474,2699.13319535,
2026-06-12 07:31:00,1781249460,2699.13319535,2710.76449838,2689.51414029,2710.11249671,
2026-06-12 07:32:00,1781249520,2710.11249671,2710.48436728,2670.82670726,2691.02274305,
2026-06-12 07:33:00,1781249580,2691.02274305,2694.17942937,2661.18451802,2685.31096119,
2026-06-12 07:34:00,1781249640,2685.31096119,2709.18626617,2655.36710181,2655.36710181,
2026-06-12 07:35:00,1781249700,2655.36710181,2698.89182803,2653.14346317,2685.06473143,
2026-06-12 07:36:00,1781249760,2685.06473143,2685.96877724,2654.92751315,2665.05677413,
2026-06-12 07:37:00,1781249820,2665.05677413,2675.81963001,2628.51409128,2634.35286156,
2026-06-12 07:38:00,1781249880,2634.35286156,2666.64541178,2617.95991296,2666.64417542,
2026-06-12 07:39:00,1781249940,2666.64417542,2727.08078749,2664.01251874,2726.69297682,
2026-06-12 07:40:00,1781250000,2726.69297682,2748.84281506,2707.44775122,2725.7103718,
2026-06-12 07:41:00,1781250060,2725.7103718,2747.51032903,2723.13036608,2747.26327495,
2026-06-12 07:42:00,1781250120,2747.26327495,2753.68127617,2728.13374723,2749.38123525,
2026-06-12 07:43:00,1781250180,2749.38123525,2749.46970749,2727.62280473,2730.13654947,
2026-06-12 07:44:00,1781250240,2730.13654947,2741.27227788,2716.39522441,2720.79342469,
2026-06-12 07:45:00,1781250300,2720.79342469,2728.69733564,2720.79342469,2727.60989762,
2026-06-12 07:46:00,1781250360,2727.60989762,2727.79407736,2692.76597633,2707.72321454,
2026-06-12 07:47:00,1781250420,2707.72321454,2707.72321454,2690.86745535,2694.00337413,
2026-06-12 07:48:00,1781250480,2694.00337413,2707.42766687,2681.16876578,2698.52317641,
2026-06-12 07:49:00,1781250540,2698.52317641,2712.24675506,2698.52317641,2702.54890288,
2026-06-12 07:50:00,1781250600,2702.54890288,2702.92045273,2678.27267745,2683.05073549,
2026-06-12 07:51:00,1781250660,2683.05073549,2683.60785025,2675.77013908,2680.77077646,
2026-06-12 07:52:00,1781250720,2680.77077646,2694.38139289,2669.81893196,2684.67090975,
2026-06-12 07:53:00,1781250780,2684.67090975,2687.7316365,2666.24512874,2666.97560679,
2026-06-12 07:54:00,1781250840,2666.97560679,2669.91045008,2661.53068763,2667.1906834,
2026-06-12 07:55:00,1781250900,2667.1906834,2708.57488397,2665.74690218,2706.42462891,
2026-06-12 07:56:00,1781250960,2706.42462891,2858.28351146,2706.23786878,2801.36357837,
2026-06-12 07:57:00,1781251020,2801.36357837,2847.3057969,2756.21405166,2767.99762059,
2026-06-12 07:58:00,1781251080,2767.99762059,2778.94565325,2741.24491365,2765.5475312,
2026-06-12 07:59:00,1781251140,2765.5475312,2767.80304316,2741.32473326,2747.90050146,
2026-06-12 08:00:00,1781251200,2747.90050146,2773.36089071,2743.70404862,2762.81098431,
2026-06-12 08:01:00,1781251260,2762.81098431,2792.85047114,2757.14731232,2782.00317051,
2026-06-12 08:02:00,1781251320,2782.00317051,2838.80213059,2772.18473054,2819.60061904,
2026-06-12 08:03:00,1781251380,2819.60061904,2820.26176614,2774.62312233,2801.36218339,
2026-06-12 08:04:00,1781251440,2801.36218339,2819.54239123,2775.18957605,2780.660711,
2026-06-12 08:05:00,1781251500,2780.660711,2838.42869961,2773.77742933,2829.29172647,
2026-06-12 08:06:00,1781251560,2829.29172647,2881.61466805,2829.29172647,2869.8690788,
2026-06-12 08:07:00,1781251620,2869.8690788,2908.27262566,2867.89739175,2899.31497762,
2026-06-12 08:08:00,1781251680,2899.31497762,2926.70174802,2897.38150098,2926.60495324,
2026-06-12 08:09:00,1781251740,2926.60495324,2932.97528338,2914.63274255,2917.45056813,
2026-06-12 08:10:00,1781251800,2917.45056813,2968.49871594,2915.64792135,2934.96201695,
2026-06-12 08:11:00,1781251860,2934.96201695,2954.90366428,2915.19725973,2941.0082457,
2026-06-12 08:12:00,1781251920,2941.0082457,2962.54171213,2941.0082457,2960.17943907,
2026-06-12 08:13:00,1781251980,2960.17943907,2989.62335516,2943.93363208,2966.42825359,
2026-06-12 08:14:00,1781252040,2966.42825359,2966.48096243,2942.06311837,2942.34759748,
2026-06-12 08:15:00,1781252100,2942.34759748,2953.85752321,2932.06438815,2952.13855461,
2026-06-12 08:16:00,1781252160,2952.13855461,3039.89210585,2946.59756484,3031.92083541,
2026-06-12 08:17:00,1781252220,3031.92083541,3066.87311956,3002.53623707,3038.67453436,
2026-06-12 08:18:00,1781252280,3038.67453436,3107.01826751,3031.44082036,3078.31021069,
2026-06-12 08:19:00,1781252340,3078.31021069,3110.75153012,3075.6514807,3098.86505799,
2026-06-12 08:20:00,1781252400,3098.86505799,3106.74631182,3083.0805288,3102.90073129,
2026-06-12 08:21:00,1781252460,3102.90073129,3227.00228293,3101.8825204,3198.17232978,
2026-06-12 08:22:00,1781252520,3198.17232978,3254.29190125,3181.54747281,3198.49619932,
2026-06-12 08:23:00,1781252580,3198.49619932,3198.49619932,3140.11266224,3159.60034771,
2026-06-12 08:24:00,1781252640,3159.60034771,3189.03778422,3143.39030681,3143.39030681,
2026-06-12 08:25:00,1781252700,3143.39030681,3151.17360594,3126.47972729,3138.84944253,
2026-06-12 08:26:00,1781252760,3138.84944253,3143.4172415,3121.5180863,3124.95758412,
2026-06-12 08:27:00,1781252820,3124.95758412,3179.10691898,3124.95660579,3155.62797618,
2026-06-12 08:28:00,1781252880,3155.62797618,3188.56485706,3142.23832174,3179.47123327,
2026-06-12 08:29:00,1781252940,3179.47123327,3184.81136639,3157.41454054,3173.05523,
2026-06-12 08:30:00,1781253000,3173.05523,3185.54500227,3137.33924929,3138.25983011,
2026-06-12 08:31:00,1781253060,3138.25983011,3153.49736265,3121.44388462,3127.41294543,
2026-06-12 08:32:00,1781253120,3127.41294543,3137.25311105,3112.7326846,3130.84513359,
2026-06-12 08:33:00,1781253180,3130.84513359,3175.38580325,3125.61164314,3165.80528416,
2026-06-12 08:34:00,1781253240,3165.80528416,3174.81581811,3134.67237162,3136.32235871,
2026-06-12 08:35:00,1781253300,3136.32235871,3137.17786176,3093.35453551,3108.19340464,
2026-06-12 08:36:00,1781253360,3108.19340464,3115.83272113,3102.15918158,3109.17939109,
2026-06-12 08:37:00,1781253420,3109.17939109,3109.17939109,3067.03201542,3085.44856712,
2026-06-12 08:38:00,1781253480,3085.44856712,3114.26316779,3078.90781212,3112.47498322,
2026-06-12 08:39:00,1781253540,3112.47498322,3140.97310967,3109.43042581,3134.96464691,
2026-06-12 08:40:00,1781253600,3134.96464691,3136.96671387,3075.42267569,3080.4794252,
2026-06-12 08:41:00,1781253660,3080.4794252,3096.43577509,3062.41472757,3065.55179705,
2026-06-12 08:42:00,1781253720,3065.55179705,3071.1559748,3030.51397035,3040.3646479,
2026-06-12 08:43:00,1781253780,3040.3646479,3042.18767338,3029.60286897,3032.2662246,
2026-06-12 08:44:00,1781253840,3032.2662246,3037.849003,3024.01015253,3037.18377101,
2026-06-12 08:45:00,1781253900,3037.18377101,3038.61863536,3006.12254954,3006.87991432,
2026-06-12 08:46:00,1781253960,3006.87991432,3066.92845702,2999.87099223,3066.92845702,
2026-06-12 08:47:00,1781254020,3066.92845702,3099.35458833,3054.52429648,3065.24794614,
2026-06-12 08:48:00,1781254080,3065.24794614,3096.44870419,3064.26597685,3087.2393573,
2026-06-12 08:49:00,1781254140,3087.2393573,3091.31599842,3061.93068193,3067.17845727,
2026-06-12 08:50:00,1781254200,3067.17845727,3071.48868222,3054.08439676,3066.61791902,
2026-06-12 08:51:00,1781254260,3066.61791902,3088.8569881,3053.17260585,3067.48501987,
2026-06-12 08:52:00,1781254320,3067.48501987,3113.82151434,3067.48501987,3102.08168808,
2026-06-12 08:53:00,1781254380,3102.08168808,3119.86115716,3094.55280253,3109.7835018,
2026-06-12 08:54:00,1781254440,3109.7835018,3109.7835018,3089.88252868,3099.56881264,
2026-06-12 08:55:00,1781254500,3099.56881264,3114.40057671,3095.21777081,3104.87579026,
2026-06-12 08:56:00,1781254560,3104.87579026,3126.78695544,3093.276968,3117.09453986,
2026-06-12 08:57:00,1781254620,3117.09453986,3119.69098676,3111.63175922,3114.30452743,
2026-06-12 08:58:00,1781254680,3114.30452743,3121.09362792,3102.19946639,3104.10788684,
2026-06-12 08:59:00,1781254740,3104.10788684,3121.1113483,3102.2887266,3103.63285413,
2026-06-12 09:00:00,1781254800,3103.63285413,3104.87470031,3086.25018257,3095.75629493,
2026-06-12 09:01:00,1781254860,3095.75629493,3122.86468991,3094.9922079,3115.59294894,
2026-06-12 09:02:00,1781254920,3115.59294894,3152.91627988,3111.51314652,3139.46544642,
2026-06-12 09:03:00,1781254980,3139.46544642,3139.46544642,3077.66600266,3080.52738387,
2026-06-12 09:04:00,1781255040,3080.52738387,3085.59565866,3070.46256169,3074.27439052,
2026-06-12 09:05:00,1781255100,3074.27439052,3127.99532406,3070.63133799,3090.92348607,
2026-06-12 09:06:00,1781255160,3090.92348607,3125.19656514,3090.92348607,3116.9247709,
2026-06-12 09:07:00,1781255220,3116.9247709,3183.04567731,3115.96690037,3172.5425995,
2026-06-12 09:08:00,1781255280,3172.5425995,3176.28594684,3115.77617938,3126.91111141,
2026-06-12 09:09:00,1781255340,3126.91111141,3161.71163544,3126.91111141,3148.36865996,
2026-06-12 09:10:00,1781255400,3148.36865996,3148.36865996,3121.7399284,3138.30722336,
2026-06-12 09:11:00,1781255460,3138.30722336,3177.02783945,3138.21061183,3169.10006683,
2026-06-12 09:12:00,1781255520,3169.10006683,3175.63072535,3148.33524973,3148.33524973,
2026-06-12 09:13:00,1781255580,3148.33524973,3168.54321538,3141.63020791,3166.9115969,
2026-06-12 09:14:00,1781255640,3166.9115969,3213.39434706,3163.28074737,3200.06077598,
2026-06-12 09:15:00,1781255700,3200.06077598,3211.95301218,3183.79660055,3206.4732699,
2026-06-12 09:16:00,1781255760,3206.4732699,3235.5339038,3182.5494037,3230.74443125,
2026-06-12 09:17:00,1781255820,3230.74443125,3240.00169903,3180.11829643,3196.28395428,
2026-06-12 09:18:00,1781255880,3196.28395428,3209.34059625,3186.11815697,3189.58204545,
2026-06-12 09:19:00,1781255940,3189.58204545,3223.2655397,3189.4859349,3218.83505699,
2026-06-12 09:20:00,1781256000,3218.83505699,3257.29128591,3216.45325763,3227.19461587,
2026-06-12 09:21:00,1781256060,3227.19461587,3324.14994541,3222.39806892,3321.02308661,
2026-06-12 09:22:00,1781256120,3321.02308661,3349.13960439,3265.11120312,3284.23116887,
2026-06-12 09:23:00,1781256180,3284.23116887,3298.36355191,3280.49488077,3284.9083398,
2026-06-12 09:24:00,1781256240,3284.9083398,3310.08355748,3284.71243565,3298.18246741,
2026-06-12 09:25:00,1781256300,3298.18246741,3325.32093901,3293.95914022,3324.86068939,
2026-06-12 09:26:00,1781256360,3324.86068939,3349.38076668,3316.96633164,3349.09012807,
2026-06-12 09:27:00,1781256420,3349.09012807,3389.70312498,3347.83171382,3364.48777988,
2026-06-12 09:28:00,1781256480,3364.48777988,3415.55587287,3357.38261437,3394.89220702,
2026-06-12 09:29:00,1781256540,3394.89220702,3418.82971453,3382.03980925,3396.15192337,
2026-06-12 09:30:00,1781256600,3396.15192337,3425.39380757,3390.48837529,3425.39380757,
2026-06-12 09:31:00,1781256660,3425.39380757,3431.63077274,3401.05748089,3424.69323488,
2026-06-12 09:32:00,1781256720,3424.69323488,3546.1595273,3424.59637253,3517.50731801,
2026-06-12 09:33:00,1781256780,3517.50731801,3551.76517113,3501.68654517,3534.5597074,
2026-06-12 09:34:00,1781256840,3534.5597074,3582.95622483,3513.51319608,3533.60278783,
2026-06-12 09:35:00,1781256900,3533.60278783,3542.1739066,3482.81669684,3528.25813085,
2026-06-12 09:36:00,1781256960,3528.25813085,3537.01160686,3485.23041014,3487.94427876,
2026-06-12 09:37:00,1781257020,3487.94427876,3505.16317277,3479.23951727,3483.0199065,
2026-06-12 09:38:00,1781257080,3483.0199065,3502.91599107,3474.15268471,3479.53490876,
2026-06-12 09:39:00,1781257140,3479.53490876,3493.70049843,3466.41981675,3481.34537956,
2026-06-12 09:40:00,1781257200,3481.34537956,3510.1544271,3473.48850855,3491.07872672,
2026-06-12 09:41:00,1781257260,3491.07872672,3491.07872672,3449.8057658,3455.46118895,
2026-06-12 09:42:00,1781257320,3455.46118895,3500.51680838,3454.09476826,3490.69127901,
2026-06-12 09:43:00,1781257380,3490.69127901,3519.2140062,3490.69071768,3507.1320637,
2026-06-12 09:44:00,1781257440,3507.1320637,3533.08097003,3503.37822262,3505.89283237,
2026-06-12 09:45:00,1781257500,3505.89283237,3527.50647503,3449.66220441,3516.27426197,
2026-06-12 09:46:00,1781257560,3516.27426197,3516.27426197,3491.26408254,3494.66586292,
2026-06-12 09:47:00,1781257620,3494.66586292,3556.82600439,3494.56800822,3527.70795606,
2026-06-12 09:48:00,1781257680,3527.70795606,3543.91168572,3458.47130699,3472.33409919,
2026-06-12 09:49:00,1781257740,3472.33409919,3474.29021725,3455.53612447,3459.38971393,
2026-06-12 09:50:00,1781257800,3459.38971393,3487.00022164,3459.0781815,3482.97051759,
2026-06-12 09:51:00,1781257860,3482.97051759,3482.97051759,3429.81832555,3443.55955262,
2026-06-12 09:52:00,1781257920,3443.55955262,3443.55955262,3416.2529483,3426.16960297,
2026-06-12 09:53:00,1781257980,3426.16960297,3437.94497198,3413.8458326,3420.73221322,
2026-06-12 09:54:00,1781258040,3420.73221322,3436.95579826,3407.10046518,3407.10046518,
2026-06-12 09:55:00,1781258100,3407.10046518,3474.44799593,3404.96657595,3458.66669244,
2026-06-12 09:56:00,1781258160,3458.66669244,3468.77727802,3420.44872961,3420.44872961,
2026-06-12 09:57:00,1781258220,3420.44872961,3437.49196438,3418.99843478,3431.02496922,
2026-06-12 09:58:00,1781258280,3431.02496922,3441.60581802,3411.86794507,3413.5204523,
2026-06-12 09:59:00,1781258340,3413.5204523,3414.33298597,3370.98395579,3380.73284558,
2026-06-12 10:00:00,1781258400,3380.73284558,3380.73284558,3314.85653418,3333.69540041,
2026-06-12 10:01:00,1781258460,3333.69540041,3352.50977363,3332.32348029,3347.91331605,
2026-06-12 10:02:00,1781258520,3347.91331605,3380.4433426,3347.91262302,3363.00035069,
2026-06-12 10:03:00,1781258580,3363.00035069,3369.64653267,3321.33860037,3341.40250235,
2026-06-12 10:04:00,1781258640,3341.40250235,3362.25925159,3333.85326008,3336.11655103,
2026-06-12 10:05:00,1781258700,3336.11655103,3336.11655103,3315.73611264,3318.18972302,
2026-06-12 10:06:00,1781258760,3318.18972302,3339.75025223,3317.70423372,3337.29650233,
2026-06-12 10:07:00,1781258820,3337.29650233,3367.42784078,3334.34279301,3359.76451044,
2026-06-12 10:08:00,1781258880,3359.76451044,3376.14209621,3359.08491848,3373.81338705,
2026-06-12 10:09:00,1781258940,3373.81338705,3450.65664895,3351.12172976,3450.65664895,
2026-06-12 10:10:00,1781259000,3450.65664895,3481.5852326,3403.37463158,3419.49627834,
2026-06-12 10:11:00,1781259060,3419.49627834,3425.02899369,3345.0286193,3378.86710974,
2026-06-12 10:12:00,1781259120,3378.86710974,3378.86710974,3340.52711999,3347.21883027,
2026-06-12 10:13:00,1781259180,3347.21883027,3399.27223235,3346.9275347,3383.78355811,
2026-06-12 10:14:00,1781259240,3383.78355811,3395.25865745,3374.09048368,3395.25865745,
2026-06-12 10:15:00,1781259300,3395.25865745,3395.25865745,3341.53700946,3369.59338038,
2026-06-12 10:16:00,1781259360,3369.59338038,3396.19505543,3369.59338038,3376.46164296,
2026-06-12 10:17:00,1781259420,3376.46164296,3412.03488019,3370.39558986,3394.53525065,
2026-06-12 10:18:00,1781259480,3394.53525065,3409.19523816,3367.930712,3371.62264084,
2026-06-12 10:19:00,1781259540,3371.62264084,3393.71918966,3371.33030605,3391.96844343,
2026-06-12 10:20:00,1781259600,3391.96844343,3396.14740073,3367.73738332,3371.43386459,
2026-06-12 10:21:00,1781259660,3371.43386459,3395.30354322,3371.13943137,3391.24070228,
2026-06-12 10:22:00,1781259720,3391.24070228,3400.30469253,3370.94429785,3395.34641378,
2026-06-12 10:23:00,1781259780,3395.34641378,3404.42084989,3385.06489877,3397.88859368,
2026-06-12 10:24:00,1781259840,3397.88859368,3431.14445947,3396.8188258,3430.57549488,
2026-06-12 10:25:00,1781259900,3430.57549488,3441.19829677,3264.5505341,3277.15830304,
2026-06-12 10:26:00,1781259960,3277.15830304,3284.50596782,3233.89687321,3233.89687321,
2026-06-12 10:27:00,1781260020,3233.89687321,3252.87046127,3218.48843883,3229.86760299,
2026-06-12 10:28:00,1781260080,3229.86760299,3248.33087002,3226.7947743,3239.86246758,
2026-06-12 10:29:00,1781260140,3239.86246758,3250.87324241,3212.89656589,3242.39787525,
2026-06-12 10:30:00,1781260200,3242.39787525,3310.77163741,3239.84391508,3271.04854462,
2026-06-12 10:31:00,1781260260,3271.04854462,3289.81410721,3260.20463053,3275.8975394,
2026-06-12 10:32:00,1781260320,3275.8975394,3327.59925522,3260.86546583,3327.59925522,
2026-06-12 10:33:00,1781260380,3327.59925522,3348.80437533,3295.65050172,3310.7216115,
2026-06-12 10:34:00,1781260440,3310.7216115,3364.37684759,3310.72092729,3362.04481854,
2026-06-12 10:35:00,1781260500,3362.04481854,3381.87937198,3336.6670359,3345.15430723,
2026-06-12 10:36:00,1781260560,3345.15430723,3387.04574035,3321.74454931,3380.2491222,
2026-06-12 10:37:00,1781260620,3380.2491222,3380.2491222,3337.8436161,3365.30200615,
2026-06-12 10:38:00,1781260680,3365.30200615,3369.38067378,3351.45195071,3362.31564762,
2026-06-12 10:39:00,1781260740,3362.31564762,3381.4998088,3316.79887671,3329.87118972,
2026-06-12 10:40:00,1781260800,3329.87118972,3349.89787012,3304.71883771,3332.60426139,
2026-06-12 10:41:00,1781260860,3332.60426139,3343.96790284,3297.98701494,3300.02024869,
2026-06-12 10:42:00,1781260920,3300.02024869,3312.16015848,3288.96970139,3310.1208067,
2026-06-12 10:43:00,1781260980,3310.1208067,3310.29807024,3287.06172817,3289.21936549,
2026-06-12 10:44:00,1781261040,3289.21936549,3314.55601693,3288.1532949,3314.36209915,
2026-06-12 10:45:00,1781261100,3314.36209915,3320.49316713,3293.07058544,3320.39551048,
2026-06-12 10:46:00,1781261160,3320.39551048,3331.33433132,3311.80668995,3317.4296125,
2026-06-12 10:47:00,1781261220,3317.4296125,3322.82161517,3292.37412528,3322.53013484,
2026-06-12 10:48:00,1781261280,3322.53013484,3372.18920299,3322.23865751,3358.19456581,
2026-06-12 10:49:00,1781261340,3358.19456581,3365.18243035,3331.69387959,3351.03564699,
2026-06-12 10:50:00,1781261400,3351.03564699,3361.49826598,3336.92204222,3352.1654209,
2026-06-12 10:51:00,1781261460,3352.1654209,3352.54299199,3328.90829842,3330.67109186,
2026-06-12 10:52:00,1781261520,3330.67109186,3338.1615533,3310.69059712,3335.92960163,
2026-06-12 10:53:00,1781261580,3335.92960163,3353.58733688,3333.39824547,3337.13698344,
2026-06-12 10:54:00,1781261640,3337.13698344,3354.26111464,3325.41084299,3326.33598109,
2026-06-12 10:55:00,1781261700,3326.33598109,3341.669205,3308.15167539,3336.70336046,
2026-06-12 10:56:00,1781261760,3336.70336046,3353.08043229,3328.42841176,3330.95140125,
2026-06-12 10:57:00,1781261820,3330.95140125,3330.95140125,3287.12606598,3327.92467774,
2026-06-12 10:58:00,1781261880,3327.92467774,3368.77538052,3313.52825052,3334.98684208,
2026-06-12 10:59:00,1781261940,3334.98684208,3347.76355808,3318.65899483,3323.70316517,
2026-06-12 11:00:00,1781262000,3323.70316517,3341.72726682,3309.01942943,3309.05108303,
2026-06-12 11:01:00,1781262060,3309.05108303,3352.83882429,3307.93321199,3352.7418167,
2026-06-12 11:02:00,1781262120,3352.7418167,3417.85470539,3327.03414919,3408.36479108,
2026-06-12 11:03:00,1781262180,3408.36479108,3495.01276886,3401.17417419,3477.81866121,
2026-06-12 11:04:00,1781262240,3477.81866121,3486.95847768,3405.37568552,3438.97690901,
2026-06-12 11:05:00,1781262300,3438.97690901,3508.12499446,3423.14446243,3492.73310672,
2026-06-12 11:06:00,1781262360,3492.73310672,3509.22737896,3445.2117111,3447.07535115,
2026-06-12 11:07:00,1781262420,3447.07535115,3478.23973016,3440.12826011,3449.86069028,
2026-06-12 11:08:00,1781262480,3449.86069028,3459.45556087,3426.41233502,3426.50944507,
2026-06-12 11:09:00,1781262540,3426.50944507,3426.89720378,3381.85415294,3386.67581701,
2026-06-12 11:10:00,1781262600,3386.67581701,3400.06835245,3372.25722991,3372.35417854,
2026-06-12 11:11:00,1781262660,3372.35417854,3402.51816842,3368.5451751,3400.35811498,
2026-06-12 11:12:00,1781262720,3400.35811498,3448.84617668,3400.35811498,3438.28898348,
2026-06-12 11:13:00,1781262780,3438.28898348,3476.11745317,3434.46427129,3454.68937415,
2026-06-12 11:14:00,1781262840,3454.68937415,3467.9474588,3448.45568761,3451.25517158,
2026-06-12 11:15:00,1781262900,3451.25517158,3474.82544126,3449.03614324,3464.20200861,
2026-06-12 11:16:00,1781262960,3464.20200861,3464.49308786,3423.11266124,3450.28147887,
2026-06-12 11:17:00,1781263020,3450.28147887,3450.37801962,3414.25825605,3418.81576336,
2026-06-12 11:18:00,1781263080,3418.81576336,3426.52908769,3378.1394889,3402.38394024,
2026-06-12 11:19:00,1781263140,3402.38394024,3402.67451241,3383.54261928,3400.78853183,
2026-06-12 11:20:00,1781263200,3400.78853183,3450.75440963,3396.4193537,3426.53058344,
2026-06-12 11:21:00,1781263260,3426.53058344,3447.58124899,3418.9025018,3445.73216227,
2026-06-12 11:22:00,1781263320,3445.73216227,3468.08033991,3439.65585502,3463.69021488,
2026-06-12 11:23:00,1781263380,3463.69021488,3481.22584366,3445.2778927,3476.62893276,
2026-06-12 11:24:00,1781263440,3476.62893276,3500.40049395,3453.88031461,3490.32500419,
2026-06-12 11:25:00,1781263500,3490.32500419,3506.43762088,3469.53954952,3479.3911363,
2026-06-12 11:26:00,1781263560,3479.3911363,3484.27853902,3455.33835192,3456.75021765,
2026-06-12 11:27:00,1781263620,3456.75021765,3460.10271156,3448.18455389,3448.18455389,
2026-06-12 11:28:00,1781263680,3448.18455389,3480.11379003,3445.75753864,3477.54825706,
2026-06-12 11:29:00,1781263740,3477.54825706,3478.51642101,3446.05458398,3447.41229553,
2026-06-12 11:30:00,1781263800,3447.41229553,3447.85746429,3393.50856049,3414.76157472,
2026-06-12 11:31:00,1781263860,3414.76157472,3449.13196199,3391.02651254,3404.98636904,
2026-06-12 11:32:00,1781263920,3404.98636904,3424.17008765,3354.76082271,3362.33826665,
2026-06-12 11:33:00,1781263980,3362.33826665,3381.94647474,3350.53069705,3366.45073696,
2026-06-12 11:34:00,1781264040,3366.45073696,3386.68930018,3362.45284198,3368.88696577,
2026-06-12 11:35:00,1781264100,3368.88696577,3377.09531154,3310.76659023,3334.4108402,
2026-06-12 11:36:00,1781264160,3334.4108402,3347.32546407,3329.41837254,3340.01989244,
2026-06-12 11:37:00,1781264220,3340.01989244,3345.98291008,3321.00155011,3326.69714231,
2026-06-12 11:38:00,1781264280,3326.69714231,3347.71062591,3311.882235,3324.45883772,
2026-06-12 11:39:00,1781264340,3324.45883772,3339.20848902,3312.34613341,3317.26676933,
2026-06-12 11:40:00,1781264400,3317.26676933,3357.88034344,3315.23208248,3354.00246351,
2026-06-12 11:41:00,1781264460,3354.00246351,3433.97470327,3343.3786393,3406.39741161,
2026-06-12 11:42:00,1781264520,3406.39741161,3412.82958965,3388.46149559,3402.62537425,
2026-06-12 11:43:00,1781264580,3402.62537425,3426.30540894,3391.1786553,3420.48621927,
2026-06-12 11:44:00,1781264640,3420.48621927,3425.36340168,3412.74035602,3422.32749388,
2026-06-12 11:45:00,1781264700,3422.32749388,3510.69913871,3422.32679914,3488.51494001,
2026-06-12 11:46:00,1781264760,3488.51494001,3488.51494001,3452.36130119,3465.0547401,
2026-06-12 11:47:00,1781264820,3465.0547401,3465.0547401,3414.91869074,3456.10165066,
2026-06-12 11:48:00,1781264880,3456.10165066,3469.89172389,3447.71248843,3459.62614666,
2026-06-12 11:49:00,1781264940,3459.62614666,3460.79269821,3435.81973883,3438.70828722,
2026-06-12 11:50:00,1781265000,3438.70828722,3449.94636198,3433.34146996,3442.00633734,
2026-06-12 11:51:00,1781265060,3442.00633734,3445.9895366,3415.80550312,3432.81447877,
2026-06-12 11:52:00,1781265120,3432.81447877,3447.07606989,3432.81378316,3444.77135167,
2026-06-12 11:53:00,1781265180,3444.77135167,3464.81789046,3426.27158175,3462.77058121,
2026-06-12 11:54:00,1781265240,3462.77058121,3465.28008369,3458.08807346,3463.91266111,
2026-06-12 11:55:00,1781265300,3463.91266111,3476.55302259,3437.03787916,3463.95914326,
2026-06-12 11:56:00,1781265360,3463.95914326,3463.95914326,3419.33888185,3444.09505421,
2026-06-12 11:57:00,1781265420,3444.09505421,3444.09505421,3423.31235198,3423.31235198,
2026-06-12 11:58:00,1781265480,3423.31235198,3428.83022503,3398.99590186,3418.89851134,
2026-06-12 11:59:00,1781265540,3418.89851134,3418.89851134,3382.10803828,3384.80162536,
2026-06-12 12:00:00,1781265600,3384.80162536,3384.80162536,3286.99786742,3291.833615,
2026-06-12 12:01:00,1781265660,3291.833615,3365.29300965,3271.5295126,3324.6992591,
2026-06-12 12:02:00,1781265720,3324.6992591,3380.29403945,3308.22395897,3368.55408451,
2026-06-12 12:03:00,1781265780,3368.55408451,3402.09032636,3368.29113849,3369.52009465,
2026-06-12 12:04:00,1781265840,3369.52009465,3372.19655652,3281.51320033,3300.92971047,
2026-06-12 12:05:00,1781265900,3300.92971047,3322.75032854,3290.46422873,3300.33846861,
2026-06-12 12:06:00,1781265960,3300.33846861,3328.45619105,3264.96933425,3281.58257795,
2026-06-12 12:07:00,1781266020,3281.58257795,3299.36184288,3273.49422687,3277.054752,
2026-06-12 12:08:00,1781266080,3277.054752,3311.7651922,3275.69643165,3304.17062846,
2026-06-12 12:09:00,1781266140,3304.17062846,3312.21944035,3286.43702568,3292.36085031,
2026-06-12 12:10:00,1781266200,3292.36085031,3333.053992,3291.67992366,3315.27708899,
2026-06-12 12:11:00,1781266260,3315.27708899,3318.28277633,3271.85515152,3283.28527616,
2026-06-12 12:12:00,1781266320,3283.28527616,3283.28527616,3244.46168295,3244.5579305,
2026-06-12 12:13:00,1781266380,3244.5579305,3271.11563677,3244.52952376,3261.39124792,
2026-06-12 12:14:00,1781266440,3261.39124792,3265.23882728,3243.98310007,3255.8925854,
2026-06-12 12:15:00,1781266500,3255.8925854,3286.03166348,3244.98037641,3249.05392391,
2026-06-12 12:16:00,1781266560,3249.05392391,3281.66629326,3234.18056946,3271.72676241,
2026-06-12 12:17:00,1781266620,3271.72676241,3278.85718386,3252.53484699,3277.38677187,
2026-06-12 12:18:00,1781266680,3277.38677187,3283.04117729,3262.9107346,3266.21008727,
2026-06-12 12:19:00,1781266740,3266.21008727,3306.5106919,3264.78199797,3264.97619777,
2026-06-12 12:20:00,1781266800,3264.97619777,3279.41091899,3217.96009933,3218.63783658,
2026-06-12 12:21:00,1781266860,3218.63783658,3234.83444104,3185.73492301,3187.18589648,
2026-06-12 12:22:00,1781266920,3187.18589648,3244.52517425,3187.18515973,3232.05853817,
2026-06-12 12:23:00,1781266980,3232.05853817,3241.87785429,3206.57593093,3220.92381496,
2026-06-12 12:24:00,1781267040,3220.92381496,3220.92381496,3183.10453125,3183.68483361,
2026-06-12 12:25:00,1781267100,3183.68483361,3188.35968474,3154.72477324,3172.84149137,
2026-06-12 12:26:00,1781267160,3172.84149137,3176.23926032,3159.42586752,3159.42586752,
2026-06-12 12:27:00,1781267220,3159.42586752,3161.64900358,3113.02298109,3131.65176456,
2026-06-12 12:28:00,1781267280,3131.65176456,3146.29517457,3100.70299926,3118.40655229,
2026-06-12 12:29:00,1781267340,3118.40655229,3118.40655229,3084.46059681,3084.46059681,
2026-06-12 12:30:00,1781267400,3084.46059681,3132.66910794,3070.64044751,3125.216277,
2026-06-12 12:31:00,1781267460,3125.216277,3148.26268018,3113.83121591,3117.27231578,
2026-06-12 12:32:00,1781267520,3117.27231578,3151.36575781,3117.27231578,3140.70974327,
2026-06-12 12:33:00,1781267580,3140.70974327,3169.01432241,3138.06754761,3155.42502887,
2026-06-12 12:34:00,1781267640,3155.42502887,3189.54565022,3145.89872098,3175.94932329,
2026-06-12 12:35:00,1781267700,3175.94932329,3193.32197775,3144.40530418,3147.2241706,
2026-06-12 12:36:00,1781267760,3147.2241706,3148.18139641,3123.65547454,3124.72133985,
2026-06-12 12:37:00,1781267820,3124.72133985,3159.38217781,3124.42993073,3138.88253196,
2026-06-12 12:38:00,1781267880,3138.88253196,3139.5602257,3086.57000561,3086.57000561,
2026-06-12 12:39:00,1781267940,3086.57000561,3086.57000561,3025.11860717,3046.35037615,
2026-06-12 12:40:00,1781268000,3046.35037615,3061.82435454,3014.09733305,3055.63169658,
2026-06-12 12:41:00,1781268060,3055.63169658,3081.66699452,3037.66440739,3073.69904452,
2026-06-12 12:42:00,1781268120,3073.69904452,3084.59857809,3047.58674574,3084.11299133,
2026-06-12 12:43:00,1781268180,3084.11299133,3111.43090372,3076.57759154,3105.75210071,
2026-06-12 12:44:00,1781268240,3105.75210071,3113.75391279,3019.51523288,3057.33524578,
2026-06-12 12:45:00,1781268300,3057.33524578,3067.17845519,3032.27721662,3057.37050472,
2026-06-12 12:46:00,1781268360,3057.37050472,3111.85032999,3056.78961511,3097.42898751,
2026-06-12 12:47:00,1781268420,3097.42898751,3120.45827871,3079.51566429,3109.88217727,
2026-06-12 12:48:00,1781268480,3109.88217727,3139.87905539,3084.33658763,3133.52776674,
2026-06-12 12:49:00,1781268540,3133.52776674,3156.78621551,3118.29380946,3118.29380946,
2026-06-12 12:50:00,1781268600,3118.29380946,3169.30647431,3105.40937672,3120.42189034,
2026-06-12 12:51:00,1781268660,3120.42189034,3127.78511628,3084.70336146,3104.14476198,
2026-06-12 12:52:00,1781268720,3104.14476198,3162.29231509,3103.29438,3155.62309001,
2026-06-12 12:53:00,1781268780,3155.62309001,3155.62309001,3123.48896015,3123.75524028,
2026-06-12 12:54:00,1781268840,3123.75524028,3123.85153399,3049.48622852,3058.77240969,
2026-06-12 12:55:00,1781268900,3058.77240969,3080.70882334,2998.17680473,3049.04138026,
2026-06-12 12:56:00,1781268960,3049.04138026,3064.45667822,3030.91551282,3046.2781846,
2026-06-12 12:57:00,1781269020,3046.2781846,3091.52964078,3045.60008716,3085.88471367,
2026-06-12 12:58:00,1781269080,3085.88471367,3096.01242495,3072.34227671,3089.11849413,
2026-06-12 12:59:00,1781269140,3089.11849413,3122.60710755,3080.14826061,3084.59265472,
2026-06-12 13:00:00,1781269200,3084.59265472,3116.76799991,3067.54657199,3068.03207138,
2026-06-12 13:01:00,1781269260,3068.03207138,3074.02636207,3045.58365967,3056.38031179,
2026-06-12 13:02:00,1781269320,3056.38031179,3084.21423861,3020.02232873,3082.75849854,
2026-06-12 13:03:00,1781269380,3082.75849854,3083.20054911,3044.29700559,3065.86102142,
2026-06-12 13:04:00,1781269440,3065.86102142,3066.24760659,3046.13154342,3048.23036374,
2026-06-12 13:05:00,1781269500,3048.23036374,3075.32738965,3044.52653007,3069.73575098,
2026-06-12 13:06:00,1781269560,3069.73575098,3074.16791431,3047.97844457,3058.61771036,
2026-06-12 13:07:00,1781269620,3058.61771036,3088.46130517,3056.00441511,3076.16763028,
2026-06-12 13:08:00,1781269680,3076.16763028,3105.49553288,3075.97316945,3086.83090941,
2026-06-12 13:09:00,1781269740,3086.83090941,3131.86812174,3083.34110537,3083.38548779,
2026-06-12 13:10:00,1781269800,3083.38548779,3101.66734609,3054.5375252,3088.87159618,
2026-06-12 13:11:00,1781269860,3088.87159618,3090.32325022,3047.07491649,3051.12850669,
2026-06-12 13:12:00,1781269920,3051.12850669,3068.42008522,3001.74697062,3003.4479366,
2026-06-12 13:13:00,1781269980,3003.4479366,3062.98098176,2988.31901832,3061.31861798,
2026-06-12 13:14:00,1781270040,3061.31861798,3109.08174179,3058.93594535,3106.65750061,
2026-06-12 13:15:00,1781270100,3106.65750061,3113.95789074,3063.00374956,3063.00374956,
2026-06-12 13:16:00,1781270160,3063.00374956,3096.15482537,3063.00374956,3088.80266302,
2026-06-12 13:17:00,1781270220,3088.80266302,3107.74121556,3071.48199553,3082.89114083,
2026-06-12 13:18:00,1781270280,3082.89114083,3156.17393511,3079.37712393,3149.84707322,
2026-06-12 13:19:00,1781270340,3149.84707322,3152.55487431,3117.41110881,3124.4973178,
2026-06-12 13:20:00,1781270400,3124.4973178,3128.32357001,3093.26989468,3117.45119485,
2026-06-12 13:21:00,1781270460,3117.45119485,3117.45119485,3085.65537961,3096.31490019,
2026-06-12 13:22:00,1781270520,3096.31490019,3096.50876654,3052.27436727,3052.82707384,
2026-06-12 13:23:00,1781270580,3052.82707384,3060.0687903,3008.84461049,3010.5996697,
2026-06-12 13:24:00,1781270640,3010.5996697,3044.36994403,3009.92145236,3043.30433236,
2026-06-12 13:25:00,1781270700,3043.30433236,3050.73070079,3018.08877326,3025.3197579,
2026-06-12 13:26:00,1781270760,3025.3197579,3045.35316909,3024.41354914,3028.59502207,
2026-06-12 13:27:00,1781270820,3028.59502207,3035.96197983,3012.71883545,3029.21325531,
2026-06-12 13:28:00,1781270880,3029.21325531,3030.4715924,2976.23782258,3005.46366967,
2026-06-12 13:29:00,1781270940,3005.46366967,3040.15954855,3005.46366967,3030.75030847,
2026-06-12 13:30:00,1781271000,3030.75030847,3073.16363971,2923.55211238,2948.32049143,
2026-06-12 13:31:00,1781271060,2948.32049143,2972.16566654,2870.98201819,2872.3249394,
2026-06-12 13:32:00,1781271120,2872.3249394,2964.44727636,2872.3249394,2907.57236747,
2026-06-12 13:33:00,1781271180,2907.57236747,2929.58327435,2868.34936218,2868.63719922,
2026-06-12 13:34:00,1781271240,2868.63719922,2921.85128619,2852.86028979,2870.15759125,
2026-06-12 13:35:00,1781271300,2870.15759125,2991.87692514,2845.53870057,2974.17373882,
2026-06-12 13:36:00,1781271360,2974.17373882,2974.17373882,2900.71008204,2927.12410375,
2026-06-12 13:37:00,1781271420,2927.12410375,2959.82086685,2889.9353173,2951.66677678,
2026-06-12 13:38:00,1781271480,2951.66677678,2985.34420584,2917.16803037,2958.32090463,
2026-06-12 13:39:00,1781271540,2958.32090463,3006.3266144,2935.86044071,2996.45828675,
2026-06-12 13:40:00,1781271600,2996.45828675,3026.99937297,2842.4872411,2860.61375568,
2026-06-12 13:41:00,1781271660,2860.61375568,2871.22131759,2742.88624866,2794.09086032,
2026-06-12 13:42:00,1781271720,2794.09086032,2794.09086032,2686.57833957,2686.57833957,
2026-06-12 13:43:00,1781271780,2686.57833957,2814.06390677,2677.26934974,2788.63029794,
2026-06-12 13:44:00,1781271840,2788.63029794,2798.19455322,2753.9048625,2759.76313993,
2026-06-12 13:45:00,1781271900,2759.76313993,2843.25990091,2741.18085074,2757.6312139,
2026-06-12 13:46:00,1781271960,2757.6312139,2836.42497116,2751.21599956,2813.34237414,
2026-06-12 13:47:00,1781272020,2813.34237414,2847.85390536,2803.2286149,2803.2286149,
2026-06-12 13:48:00,1781272080,2803.2286149,2818.19340319,2726.33138018,2780.11499005,
2026-06-12 13:49:00,1781272140,2780.11499005,2845.58781195,2767.24636249,2823.18027222,
2026-06-12 13:50:00,1781272200,2823.18027222,2871.87022126,2823.18027222,2864.93723928,
2026-06-12 13:51:00,1781272260,2864.93723928,2892.74247524,2814.07623109,2835.88040622,
2026-06-12 13:52:00,1781272320,2835.88040622,2867.15488139,2798.31620688,2860.68183944,
2026-06-12 13:53:00,1781272380,2860.68183944,2886.64265481,2779.53580824,2780.01605871,
2026-06-12 13:54:00,1781272440,2780.01605871,2801.40382169,2742.35843978,2783.95144813,
2026-06-12 13:55:00,1781272500,2783.95144813,2783.95144813,2730.24335011,2736.07281043,
2026-06-12 13:56:00,1781272560,2736.07281043,2771.0345363,2726.06166314,2755.15088185,
2026-06-12 13:57:00,1781272620,2755.15088185,2798.11761674,2750.61780441,2778.22278677,
2026-06-12 13:58:00,1781272680,2778.22278677,2812.86553075,2763.11431838,2806.57003577,
2026-06-12 13:59:00,1781272740,2806.57003577,2871.02982909,2799.14832696,2851.6210316,
2026-06-12 14:00:00,1781272800,2851.6210316,3062.28736012,2819.08225236,3041.89610162,
2026-06-12 14:01:00,1781272860,3041.89610162,3103.16984608,2996.27582203,3059.85570278,
2026-06-12 14:02:00,1781272920,3059.85570278,3070.46031492,2976.37362774,3003.75006961,
2026-06-12 14:03:00,1781272980,3003.75006961,3090.39400662,2968.77869914,3058.55943669,
2026-06-12 14:04:00,1781273040,3058.55943669,3062.03966615,2979.26202202,3010.42168391,
2026-06-12 14:05:00,1781273100,3010.42168391,3010.61579667,2948.23350021,2967.31892335,
2026-06-12 14:06:00,1781273160,2967.31892335,3053.40636675,2964.27658991,3052.62499838,
2026-06-12 14:07:00,1781273220,3052.62499838,3175.9943069,3048.91593635,3158.70362742,
2026-06-12 14:08:00,1781273280,3158.70362742,3163.28687906,3045.81784467,3048.55351195,
2026-06-12 14:09:00,1781273340,3048.55351195,3078.58196939,3034.00865455,3061.65513511,
2026-06-12 14:10:00,1781273400,3061.65513511,3080.13157652,3020.24756739,3080.13157652,
2026-06-12 14:11:00,1781273460,3080.13157652,3080.13157652,2997.44757643,3046.50325236,
2026-06-12 14:12:00,1781273520,3046.50325236,3067.7526144,3008.69170717,3008.69170717,
2026-06-12 14:13:00,1781273580,3008.69170717,3049.52961981,2970.01206618,2982.1914836,
2026-06-12 14:14:00,1781273640,2982.1914836,3077.53750673,2981.61000248,3066.29107077,
2026-06-12 14:15:00,1781273700,3066.29107077,3127.60419206,3050.7461319,3116.48167014,
2026-06-12 14:16:00,1781273760,3116.48167014,3130.7281183,3094.05639694,3121.55565013,
2026-06-12 14:17:00,1781273820,3121.55565013,3178.94929394,3105.67216822,3109.85920353,
2026-06-12 14:18:00,1781273880,3109.85920353,3109.85920353,3014.30552577,3029.77676984,
2026-06-12 14:19:00,1781273940,3029.77676984,3062.40844311,3020.11593188,3025.2136216,
2026-06-12 14:20:00,1781274000,3025.2136216,3073.7630765,3010.80045262,3061.40461875,
2026-06-12 14:21:00,1781274060,3061.40461875,3136.35831099,2995.53551934,3005.52266899,
2026-06-12 14:22:00,1781274120,3005.52266899,3012.94795289,2936.68198887,2945.78486463,
2026-06-12 14:23:00,1781274180,2945.78486463,3005.26735803,2939.87554155,2998.90529061,
2026-06-12 14:24:00,1781274240,2998.90529061,3079.72828922,2998.90529061,3039.96171152,
2026-06-12 14:25:00,1781274300,3039.96171152,3216.25243977,3037.13763197,3188.09833764,
2026-06-12 14:26:00,1781274360,3188.09833764,3213.81448844,3111.56834156,3151.12829027,
2026-06-12 14:27:00,1781274420,3151.12829027,3250.75283185,3151.12829027,3220.86149463,
2026-06-12 14:28:00,1781274480,3220.86149463,3272.3918062,3194.90235381,3228.61477615,
2026-06-12 14:29:00,1781274540,3228.61477615,3255.26322479,3219.60093,3244.09502679,
2026-06-12 14:30:00,1781274600,3244.09502679,3290.48863974,3238.12098655,3273.67784963,
2026-06-12 14:31:00,1781274660,3273.67784963,3306.36553234,3193.43181383,3227.98161728,
2026-06-12 14:32:00,1781274720,3227.98161728,3262.1828041,3186.26737637,3204.9289254,
2026-06-12 14:33:00,1781274780,3204.9289254,3239.75741744,3164.78465543,3219.16063523,
2026-06-12 14:34:00,1781274840,3219.16063523,3309.17344633,3219.16063523,3293.54472969,
2026-06-12 14:35:00,1781274900,3293.54472969,3348.14770654,3283.11469822,3300.17960185,
2026-06-12 14:36:00,1781274960,3300.17960185,3390.54105158,3275.02170804,3371.50286375,
2026-06-12 14:37:00,1781275020,3371.50286375,3393.23212271,3298.94311045,3334.95471201,
2026-06-12 14:38:00,1781275080,3334.95471201,3375.74584644,3321.81119979,3351.55772516,
2026-06-12 14:39:00,1781275140,3351.55772516,3384.41885731,3334.03510059,3334.99635141,
2026-06-12 14:40:00,1781275200,3334.99635141,3343.28571779,3242.06984216,3266.98170593,
2026-06-12 14:41:00,1781275260,3266.98170593,3279.31966568,3200.47130313,3226.84500011,
2026-06-12 14:42:00,1781275320,3226.84500011,3264.4323347,3206.98518488,3222.6638833,
2026-06-12 14:43:00,1781275380,3222.6638833,3226.93493382,3087.85123946,3097.89826276,
2026-06-12 14:44:00,1781275440,3097.89826276,3171.24628849,3097.89766113,3120.06656566,
2026-06-12 14:45:00,1781275500,3120.06656566,3173.88030137,3087.86392508,3153.094375,
2026-06-12 14:46:00,1781275560,3153.094375,3183.61464542,3118.11231184,3154.40644847,
2026-06-12 14:47:00,1781275620,3154.40644847,3169.71258598,3078.89503999,3108.67212404,
2026-06-12 14:48:00,1781275680,3108.67212404,3162.80797469,3098.24677189,3114.60073947,
2026-06-12 14:49:00,1781275740,3114.60073947,3137.06871866,3068.62341392,3129.34313787,
2026-06-12 14:50:00,1781275800,3129.34313787,3255.98407066,3124.82983074,3244.12075513,
2026-06-12 14:51:00,1781275860,3244.12075513,3256.92257055,3185.03373284,3185.03373284,
2026-06-12 14:52:00,1781275920,3185.03373284,3509.95266053,3169.85872282,3461.78209041,
2026-06-12 14:53:00,1781275980,3461.78209041,3552.21841811,3449.54022454,3476.44413811,
2026-06-12 14:54:00,1781276040,3476.44413811,3552.65042516,3459.4052559,3549.13480317,
2026-06-12 14:55:00,1781276100,3549.13480317,3604.94539398,3465.04090251,3479.02159945,
2026-06-12 14:56:00,1781276160,3479.02159945,3597.96186322,3464.30792858,3575.37619942,
2026-06-12 14:57:00,1781276220,3575.37619942,3591.4466576,3521.41328655,3571.47151181,
2026-06-12 14:58:00,1781276280,3571.47151181,3586.35286791,3524.63579358,3582.30599707,
2026-06-12 14:59:00,1781276340,3582.30599707,3610.15814312,3557.8971931,3607.88697286,
2026-06-12 15:00:00,1781276400,3607.88697286,3727.65912463,3589.8260028,3721.4025764,
2026-06-12 15:01:00,1781276460,3721.4025764,3797.19135652,3706.72758527,3773.24631809,
2026-06-12 15:02:00,1781276520,3773.24631809,3789.57806183,3705.20365731,3705.20365731,
2026-06-12 15:03:00,1781276580,3705.20365731,3749.34291312,3517.86304434,3520.72155948,
2026-06-12 15:04:00,1781276640,3520.72155948,3585.82776591,3494.87958336,3534.61516824,
2026-06-12 15:05:00,1781276700,3534.61516824,3639.18823481,3529.36366169,3638.89291697,
2026-06-12 15:06:00,1781276760,3638.89291697,3715.68264198,3625.90048137,3695.68034494,
2026-06-12 15:07:00,1781276820,3695.68034494,3790.91270361,3668.97390575,3763.55103075,
2026-06-12 15:08:00,1781276880,3763.55103075,3780.48595108,3690.56384801,3725.13177666,
2026-06-12 15:09:00,1781276940,3725.13177666,3761.07770983,3697.62732726,3697.62732726,
2026-06-12 15:10:00,1781277000,3697.62732726,3852.41278095,3684.08363557,3852.41278095,
2026-06-12 15:11:00,1781277060,3852.41278095,3881.55779682,3826.62854911,3844.81183472,
2026-06-12 15:12:00,1781277120,3844.81183472,3865.57183608,3772.20441076,3861.53488417,
2026-06-12 15:13:00,1781277180,3861.53488417,3988.80813369,3860.24707907,3983.73137528,
2026-06-12 15:14:00,1781277240,3983.73137528,3988.69135797,3944.99133331,3981.09704603,
2026-06-12 15:15:00,1781277300,3981.09704603,4006.27316212,3913.47703769,3916.10677363,
2026-06-12 15:16:00,1781277360,3916.10677363,3935.36028286,3881.85489974,3932.22296186,
2026-06-12 15:17:00,1781277420,3932.22296186,3992.93374164,3928.12186686,3946.82181609,
2026-06-12 15:18:00,1781277480,3946.82181609,3962.1834223,3892.10351851,3930.09180309,
2026-06-12 15:19:00,1781277540,3930.09180309,3935.8843513,3857.61177869,3884.41967152,
2026-06-12 15:20:00,1781277600,3884.41967152,3896.12857623,3822.94469074,3838.54762862,
2026-06-12 15:21:00,1781277660,3838.54762862,3890.19260538,3822.08021557,3857.17134713,
2026-06-12 15:22:00,1781277720,3857.17134713,3890.47225085,3812.08061049,3842.41777198,
2026-06-12 15:23:00,1781277780,3842.41777198,3883.83527792,3814.78960693,3855.68325792,
2026-06-12 15:24:00,1781277840,3855.68325792,3896.49618771,3851.36145718,3875.08737618,
2026-06-12 15:25:00,1781277900,3875.08737618,3929.37500134,3875.08737618,3922.40637181,
2026-06-12 15:26:00,1781277960,3922.40637181,3927.93512893,3859.61587083,3882.24129889,
2026-06-12 15:27:00,1781278020,3882.24129889,3915.08222233,3870.41300495,3908.6767574,
2026-06-12 15:28:00,1781278080,3908.6767574,3910.55588845,3802.19384115,3808.34922025,
2026-06-12 15:29:00,1781278140,3808.34922025,3848.0868981,3744.81506706,3747.71128117,
2026-06-12 15:30:00,1781278200,3747.71128117,3750.9609446,3658.56489686,3692.29766759,
2026-06-12 15:31:00,1781278260,3692.29766759,3703.61976239,3616.48714342,3645.00346618,
2026-06-12 15:32:00,1781278320,3645.00346618,3700.84926303,3612.7392487,3629.40506324,
2026-06-12 15:33:00,1781278380,3629.40506324,3644.60126115,3573.49566368,3580.03983549,
2026-06-12 15:34:00,1781278440,3580.03983549,3593.85931351,3545.5760676,3546.85363097,
2026-06-12 15:35:00,1781278500,3546.85363097,3685.65513292,3522.28271045,3685.65513292,
2026-06-12 15:36:00,1781278560,3685.65513292,3685.95253933,3590.96475746,3609.65172411,
2026-06-12 15:37:00,1781278620,3609.65172411,3636.78726481,3517.95931417,3539.27752898,
2026-06-12 15:38:00,1781278680,3539.27752898,3570.5722556,3482.48844764,3502.0590332,
2026-06-12 15:39:00,1781278740,3502.0590332,3585.43248143,3476.88588708,3562.9856459,
2026-06-12 15:40:00,1781278800,3562.9856459,3594.26232456,3497.44373397,3503.9353713,
2026-06-12 15:41:00,1781278860,3503.9353713,3557.88020599,3454.46477688,3474.094949,
2026-06-12 15:42:00,1781278920,3474.094949,3492.53918071,3418.64352609,3469.79394262,
2026-06-12 15:43:00,1781278980,3469.79394262,3534.26908105,3456.72707118,3534.26908105,
2026-06-12 15:44:00,1781279040,3534.26908105,3534.91496697,3490.4282365,3520.02358322,
2026-06-12 15:45:00,1781279100,3520.02358322,3533.27574995,3464.50788107,3501.50417777,
2026-06-12 15:46:00,1781279160,3501.50417777,3554.25984384,3459.52671703,3471.77959405,
2026-06-12 15:47:00,1781279220,3471.77959405,3478.0220442,3391.03386653,3399.19299847,
2026-06-12 15:48:00,1781279280,3399.19299847,3407.28336208,3313.27614897,3335.26510789,
2026-06-12 15:49:00,1781279340,3335.26510789,3362.86631423,3285.42955154,3314.19660024,
2026-06-12 15:50:00,1781279400,3314.19660024,3388.41500572,3313.50870085,3377.64430218,
2026-06-12 15:51:00,1781279460,3377.64430218,3402.4273016,3344.56716068,3375.66414727,
2026-06-12 15:52:00,1781279520,3375.66414727,3424.60076924,3369.36920113,3420.84856667,
2026-06-12 15:53:00,1781279580,3420.84856667,3466.79956094,3409.10808414,3435.7489621,
2026-06-12 15:54:00,1781279640,3435.7489621,3480.66976634,3422.0935224,3461.26259976,
2026-06-12 15:55:00,1781279700,3461.26259976,3464.8747811,3362.69318983,3365.24904648,
2026-06-12 15:56:00,1781279760,3365.24904648,3387.05197449,3280.69849665,3314.26526885,
2026-06-12 15:57:00,1781279820,3314.26526885,3337.42376077,3304.69209728,3309.88491057,
2026-06-12 15:58:00,1781279880,3309.88491057,3319.1531467,3266.1833929,3266.1833929,
2026-06-12 15:59:00,1781279940,3266.1833929,3266.1833929,3163.57547946,3204.91745219,
2026-06-12 16:00:00,1781280000,3204.91745219,3301.49212408,3188.50690314,3265.86573503,
2026-06-12 16:01:00,1781280060,3265.86573503,3298.60257299,3216.99187514,3226.84880465,
2026-06-12 16:02:00,1781280120,3226.84880465,3239.38570442,3140.51634325,3140.58177549,
2026-06-12 16:03:00,1781280180,3140.58177549,3283.8343524,3118.02613607,3276.55406006,
2026-06-12 16:04:00,1781280240,3276.55406006,3349.33730642,3269.54581841,3292.54269537,
