datetime,time,open,high,low,close,volume
2026-06-10 16:05:00,1781107500,578.385778,594.09637457,570.21109485,571.8701435,
2026-06-10 16:06:00,1781107560,571.8701435,609.63979955,564.83438049,603.70866411,
2026-06-10 16:07:00,1781107620,603.70866411,625.24264488,594.40850519,597.67982942,
2026-06-10 16:08:00,1781107680,597.67982942,600.0744582,550.23506122,550.23506122,
2026-06-10 16:09:00,1781107740,550.23506122,575.17972692,546.3623788,568.19034567,
2026-06-10 16:10:00,1781107800,568.19034567,575.45686022,532.54296624,537.94383703,
2026-06-10 16:11:00,1781107860,537.94383703,552.07636386,531.48485616,543.10423805,
2026-06-10 16:12:00,1781107920,543.10423805,564.68422412,540.2424674,542.20249546,
2026-06-10 16:13:00,1781107980,542.20249546,543.37563353,529.97676958,537.0923296,
2026-06-10 16:14:00,1781108040,537.0923296,541.23220065,518.36371553,526.24797329,
2026-06-10 16:15:00,1781108100,526.24797329,556.03951587,524.15213693,545.35634837,
2026-06-10 16:16:00,1781108160,545.35634837,561.23466802,529.24708446,545.49948829,
2026-06-10 16:17:00,1781108220,545.49948829,561.85301365,521.53200421,523.05260045,
2026-06-10 16:18:00,1781108280,523.05260045,529.02793458,517.91511563,521.33672434,
2026-06-10 16:19:00,1781108340,521.33672434,525.67309225,516.25181385,518.83838685,
2026-06-10 16:20:00,1781108400,518.83838685,530.66605699,510.81371997,511.97478765,
2026-06-10 16:21:00,1781108460,511.97478765,528.4972798,499.79877278,527.41599002,
2026-06-10 16:22:00,1781108520,527.41599002,541.1930799,511.12732501,511.76153562,
2026-06-10 16:23:00,1781108580,511.76153562,522.87144964,507.86110009,516.1105458,
2026-06-10 16:24:00,1781108640,516.1105458,516.1105458,484.91894788,488.32125726,
2026-06-10 16:25:00,1781108700,488.32125726,499.02166603,449.44929426,468.92737593,
2026-06-10 16:26:00,1781108760,468.92737593,488.27845724,468.64531019,478.99354065,
2026-06-10 16:27:00,1781108820,478.99354065,503.78946571,478.9301083,497.14917728,
2026-06-10 16:28:00,1781108880,497.14917728,511.53691509,488.27974897,498.39279393,
2026-06-10 16:29:00,1781108940,498.39279393,505.32733271,491.65832834,505.32733271,
2026-06-10 16:30:00,1781109000,505.32733271,514.11783887,491.72497556,491.78959121,
2026-06-10 16:31:00,1781109060,491.78959121,497.2980768,473.50405703,482.82345379,
2026-06-10 16:32:00,1781109120,482.82345379,500.23004184,461.26141152,490.17797529,
2026-06-10 16:33:00,1781109180,490.17797529,503.13751865,488.75510603,488.75510603,
2026-06-10 16:34:00,1781109240,488.75510603,542.34269947,482.14772487,541.99446688,
2026-06-10 16:35:00,1781109300,541.99446688,546.88074195,517.6307882,531.04228094,
2026-06-10 16:36:00,1781109360,531.04228094,540.03044513,511.3244188,519.24416241,
2026-06-10 16:37:00,1781109420,519.24416241,543.17040137,518.76653959,524.96761749,
2026-06-10 16:38:00,1781109480,524.96761749,535.27977385,502.59024329,523.64399739,
2026-06-10 16:39:00,1781109540,523.64399739,523.64399739,500.18479314,508.7235118,
2026-06-10 16:40:00,1781109600,508.7235118,527.0636121,502.83556885,514.98056459,
2026-06-10 16:41:00,1781109660,514.98056459,522.49123895,491.71358275,494.95169925,
2026-06-10 16:42:00,1781109720,494.95169925,502.58317205,486.42749755,492.60398664,
2026-06-10 16:43:00,1781109780,492.60398664,504.8525126,486.50104182,488.7519332,
2026-06-10 16:44:00,1781109840,488.7519332,495.91818299,481.29861117,482.98681519,
2026-06-10 16:45:00,1781109900,482.98681519,482.98681519,462.91804571,465.70864895,
2026-06-10 16:46:00,1781109960,465.70864895,477.21085671,434.34825314,440.98178249,
2026-06-10 16:47:00,1781110020,440.98178249,448.26871625,414.83727371,416.06491385,
2026-06-10 16:48:00,1781110080,416.06491385,439.75492334,405.4016238,419.6945355,
2026-06-10 16:49:00,1781110140,419.6945355,423.76389046,407.05356654,414.07727867,
2026-06-10 16:50:00,1781110200,414.07727867,419.2255939,396.3812359,408.95411154,
2026-06-10 16:51:00,1781110260,408.95411154,427.60756079,396.49992447,426.63943584,
2026-06-10 16:52:00,1781110320,426.63943584,463.99176892,423.80749683,463.99176892,
2026-06-10 16:53:00,1781110380,463.99176892,465.91763971,445.51788516,452.53142742,
2026-06-10 16:54:00,1781110440,452.53142742,475.41354175,452.53142742,462.05762386,
2026-06-10 16:55:00,1781110500,462.05762386,463.57418179,434.10575263,437.9598527,
2026-06-10 16:56:00,1781110560,437.9598527,452.02078274,436.53408751,452.02078274,
2026-06-10 16:57:00,1781110620,452.02078274,462.51174922,439.10448985,462.29430839,
2026-06-10 16:58:00,1781110680,462.29430839,467.3462662,456.67230775,463.01280813,
2026-06-10 16:59:00,1781110740,463.01280813,479.23452029,462.26253971,475.93025117,
2026-06-10 17:00:00,1781110800,475.93025117,490.2654749,467.1950297,470.97713414,
2026-06-10 17:01:00,1781110860,470.97713414,487.46333237,468.60638166,485.54954252,
2026-06-10 17:02:00,1781110920,485.54954252,510.29142686,481.77822788,503.40152442,
2026-06-10 17:03:00,1781110980,503.40152442,509.69423336,494.52485783,499.71486743,
2026-06-10 17:04:00,1781111040,499.71486743,518.61166291,498.13243886,515.56134013,
2026-06-10 17:05:00,1781111100,515.56134013,516.03049618,485.85395356,486.9139336,
2026-06-10 17:06:00,1781111160,486.9139336,493.52067529,475.10121984,490.87408632,
2026-06-10 17:07:00,1781111220,490.87408632,497.99817387,458.66914034,468.71548847,
2026-06-10 17:08:00,1781111280,468.71548847,468.87187633,448.91619267,453.8180611,
2026-06-10 17:09:00,1781111340,453.8180611,460.84214608,438.00729356,452.74252244,
2026-06-10 17:10:00,1781111400,452.74252244,453.63685738,401.69349132,404.8534246,
2026-06-10 17:11:00,1781111460,404.8534246,430.61395778,401.56300864,423.52304988,
2026-06-10 17:12:00,1781111520,423.52304988,426.68185987,404.80955085,418.78640912,
2026-06-10 17:13:00,1781111580,418.78640912,433.31751396,418.40177796,426.02953955,
2026-06-10 17:14:00,1781111640,426.02953955,427.77510202,415.11315582,427.20838402,
2026-06-10 17:15:00,1781111700,427.20838402,440.51144857,419.56025997,434.3408592,
2026-06-10 17:16:00,1781111760,434.3408592,452.84947623,428.92438151,441.60120012,
2026-06-10 17:17:00,1781111820,441.60120012,458.08000275,430.78951353,432.84718085,
2026-06-10 17:18:00,1781111880,432.84718085,451.41117781,432.7199307,441.68683304,
2026-06-10 17:19:00,1781111940,441.68683304,444.33240936,429.04880774,443.66932348,
2026-06-10 17:20:00,1781112000,443.66932348,444.5652277,427.81504675,444.17484408,
2026-06-10 17:21:00,1781112060,444.17484408,444.59619385,413.43987345,429.22098363,
2026-06-10 17:22:00,1781112120,429.22098363,429.22098363,402.60336599,408.78480537,
2026-06-10 17:23:00,1781112180,408.78480537,418.83802557,406.87693656,414.85104759,
2026-06-10 17:24:00,1781112240,414.85104759,434.9411174,411.93129678,425.34931918,
2026-06-10 17:25:00,1781112300,425.34931918,442.75826088,421.13336293,433.66864447,
2026-06-10 17:26:00,1781112360,433.66864447,433.66864447,403.30834683,413.46672178,
2026-06-10 17:27:00,1781112420,413.46672178,419.30257594,398.37040925,404.11073565,
2026-06-10 17:28:00,1781112480,404.11073565,404.11073565,396.3601366,398.32659364,
2026-06-10 17:29:00,1781112540,398.32659364,398.32659364,361.36645093,365.8701561,
2026-06-10 17:30:00,1781112600,365.8701561,373.17705419,349.27900181,351.95667413,
2026-06-10 17:31:00,1781112660,351.95667413,360.90550897,335.74928356,336.64945089,
2026-06-10 17:32:00,1781112720,336.64945089,344.1627369,309.90116683,324.20537579,
2026-06-10 17:33:00,1781112780,324.20537579,356.69141096,324.15540751,356.69141096,
2026-06-10 17:34:00,1781112840,356.69141096,374.08201881,349.95951878,355.09981566,
2026-06-10 17:35:00,1781112900,355.09981566,360.34179135,342.9637158,343.54926782,
2026-06-10 17:36:00,1781112960,343.54926782,350.56573751,327.24174454,331.16932522,
2026-06-10 17:37:00,1781113020,331.16932522,354.97503178,331.1677988,347.82377825,
2026-06-10 17:38:00,1781113080,347.82377825,348.06214793,326.20198288,334.89202916,
2026-06-10 17:39:00,1781113140,334.89202916,348.20653356,333.09662821,342.70716112,
2026-06-10 17:40:00,1781113200,342.70716112,364.43541173,326.05792977,339.3955206,
2026-06-10 17:41:00,1781113260,339.3955206,344.15988892,320.22200802,331.30382919,
2026-06-10 17:42:00,1781113320,331.30382919,334.39157221,318.91311237,334.2675268,
2026-06-10 17:43:00,1781113380,334.2675268,368.73390695,331.18292792,366.96795856,
2026-06-10 17:44:00,1781113440,366.96795856,367.20459655,342.45520928,343.30154253,
2026-06-10 17:45:00,1781113500,343.30154253,359.19220284,338.23405665,356.38235481,
2026-06-10 17:46:00,1781113560,356.38235481,385.02520958,355.92084264,381.87917204,
2026-06-10 17:47:00,1781113620,381.87917204,398.71474687,373.15342732,394.19343978,
2026-06-10 17:48:00,1781113680,394.19343978,416.01529787,393.85900242,409.9415362,
2026-06-10 17:49:00,1781113740,409.9415362,424.74281126,403.33635193,423.57105354,
2026-06-10 17:50:00,1781113800,423.57105354,424.50555396,363.34076781,381.40096341,
2026-06-10 17:51:00,1781113860,381.40096341,395.02619461,377.59372245,389.93926789,
2026-06-10 17:52:00,1781113920,389.93926789,390.48847302,365.63247433,366.94875322,
2026-06-10 17:53:00,1781113980,366.94875322,377.4265602,363.73827501,375.14753436,
2026-06-10 17:54:00,1781114040,375.14753436,387.39905451,370.14207862,378.25276949,
2026-06-10 17:55:00,1781114100,378.25276949,400.06654069,377.30807312,386.9173635,
2026-06-10 17:56:00,1781114160,386.9173635,400.51403453,380.68248073,399.73945767,
2026-06-10 17:57:00,1781114220,399.73945767,400.16823872,384.05114519,385.68283414,
2026-06-10 17:58:00,1781114280,385.68283414,409.90416982,385.68283414,403.0568702,
2026-06-10 17:59:00,1781114340,403.0568702,408.37916952,397.2348873,400.72535884,
2026-06-10 18:00:00,1781114400,400.72535884,414.88021936,398.6561638,404.21999043,
2026-06-10 18:01:00,1781114460,404.21999043,412.2766528,388.96528535,394.50694169,
2026-06-10 18:02:00,1781114520,394.50694169,420.99377904,389.63941541,417.59468885,
2026-06-10 18:03:00,1781114580,417.59468885,427.11254118,409.10975957,423.89245113,
2026-06-10 18:04:00,1781114640,423.89245113,439.39608773,418.6687457,435.05515345,
2026-06-10 18:05:00,1781114700,435.05515345,445.85078538,431.37178882,443.91531562,
2026-06-10 18:06:00,1781114760,443.91531562,452.16289239,410.98475162,411.09731534,
2026-06-10 18:07:00,1781114820,411.09731534,411.09731534,387.10175824,388.85021631,
2026-06-10 18:08:00,1781114880,388.85021631,415.33966774,388.82264678,409.50892572,
2026-06-10 18:09:00,1781114940,409.50892572,409.82313157,394.87770621,401.60578509,
2026-06-10 18:10:00,1781115000,401.60578509,402.20371845,377.53234897,379.65214778,
2026-06-10 18:11:00,1781115060,379.65214778,397.06289892,377.14416254,396.12307539,
2026-06-10 18:12:00,1781115120,396.12307539,402.42263051,392.28841747,393.96298164,
2026-06-10 18:13:00,1781115180,393.96298164,396.11641456,376.28380853,382.91033162,
2026-06-10 18:14:00,1781115240,382.91033162,391.2454762,382.91033162,387.32464663,
2026-06-10 18:15:00,1781115300,387.32464663,399.23127239,385.05940555,390.88077361,
2026-06-10 18:16:00,1781115360,390.88077361,399.42473814,387.82124261,392.44835212,
2026-06-10 18:17:00,1781115420,392.44835212,392.44835212,366.83750847,368.24472918,
2026-06-10 18:18:00,1781115480,368.24472918,376.76010662,365.72984918,373.34992948,
2026-06-10 18:19:00,1781115540,373.34992948,379.09317498,366.47271911,371.4576378,
2026-06-10 18:20:00,1781115600,371.4576378,385.44642726,371.11197854,378.09213469,
2026-06-10 18:21:00,1781115660,378.09213469,387.51579585,367.27903274,367.74933306,
2026-06-10 18:22:00,1781115720,367.74933306,368.01473451,355.53562522,364.53265704,
2026-06-10 18:23:00,1781115780,364.53265704,382.55620681,364.53265704,379.04227724,
2026-06-10 18:24:00,1781115840,379.04227724,390.47762234,373.45070312,387.5575667,
2026-06-10 18:25:00,1781115900,387.5575667,389.29329935,361.07305787,362.56984193,
2026-06-10 18:26:00,1781115960,362.56984193,376.356386,359.2078481,369.13097841,
2026-06-10 18:27:00,1781116020,369.13097841,369.13097841,354.56937816,358.0175033,
2026-06-10 18:28:00,1781116080,358.0175033,372.02036075,357.88579101,365.70583459,
2026-06-10 18:29:00,1781116140,365.70583459,401.25336783,362.9870009,400.08267347,
2026-06-10 18:30:00,1781116200,400.08267347,400.08267347,380.05307084,397.85305614,
2026-06-10 18:31:00,1781116260,397.85305614,398.0494001,378.96173973,380.73565126,
2026-06-10 18:32:00,1781116320,380.73565126,387.06176774,374.42682256,382.64517604,
2026-06-10 18:33:00,1781116380,382.64517604,389.96653068,372.39118117,372.66079512,
2026-06-10 18:34:00,1781116440,372.66079512,380.4871686,363.4426906,376.77429019,
2026-06-10 18:35:00,1781116500,376.77429019,376.80149226,345.93717283,354.12611765,
2026-06-10 18:36:00,1781116560,354.12611765,361.08993201,347.72961927,348.08728733,
2026-06-10 18:37:00,1781116620,348.08728733,350.36731437,337.15135559,341.26740062,
2026-06-10 18:38:00,1781116680,341.26740062,344.67262541,337.0820018,341.36513519,
2026-06-10 18:39:00,1781116740,341.36513519,345.84874725,336.3722184,339.40978983,
2026-06-10 18:40:00,1781116800,339.40978983,343.53308193,335.77755359,338.00162379,
2026-06-10 18:41:00,1781116860,338.00162379,341.6551696,330.79979179,330.82145,
2026-06-10 18:42:00,1781116920,330.82145,344.03474003,330.82145,331.37510358,
2026-06-10 18:43:00,1781116980,331.37510358,338.53587587,325.26099572,325.38327324,
2026-06-10 18:44:00,1781117040,325.38327324,333.03028915,321.37519886,330.43514536,
2026-06-10 18:45:00,1781117100,330.43514536,334.06073879,321.87146498,326.25088083,
2026-06-10 18:46:00,1781117160,326.25088083,328.94776896,316.37631406,321.22823746,
2026-06-10 18:47:00,1781117220,321.22823746,324.07369592,318.72608913,320.89775987,
2026-06-10 18:48:00,1781117280,320.89775987,337.83340051,320.89472756,331.27870858,
2026-06-10 18:49:00,1781117340,331.27870858,340.944262,326.77953001,329.01117639,
2026-06-10 18:50:00,1781117400,329.01117639,329.65527608,284.69495568,299.35125644,
2026-06-10 18:51:00,1781117460,299.35125644,317.89403046,299.35125644,311.87297147,
2026-06-10 18:52:00,1781117520,311.87297147,319.91477153,309.49216316,313.60812473,
2026-06-10 18:53:00,1781117580,313.60812473,332.97663183,313.27149929,328.14219572,
2026-06-10 18:54:00,1781117640,328.14219572,340.01953079,322.55143682,336.24533568,
2026-06-10 18:55:00,1781117700,336.24533568,336.24533568,316.6545235,318.30094011,
2026-06-10 18:56:00,1781117760,318.30094011,325.06187431,312.15398638,322.96252225,
2026-06-10 18:57:00,1781117820,322.96252225,347.0386119,322.96101031,343.42403374,
2026-06-10 18:58:00,1781117880,343.42403374,343.42403374,337.2249828,337.80321298,
2026-06-10 18:59:00,1781117940,337.80321298,341.47783348,335.53069666,340.30442198,
2026-06-10 19:00:00,1781118000,340.30442198,344.93118371,333.56965212,334.91650694,
2026-06-10 19:01:00,1781118060,334.91650694,347.06040239,334.73685864,336.22665764,
2026-06-10 19:02:00,1781118120,336.22665764,336.22665764,315.89271727,329.89134158,
2026-06-10 19:03:00,1781118180,329.89134158,335.21429968,323.64513532,331.3930857,
2026-06-10 19:04:00,1781118240,331.3930857,332.45826858,313.96711815,320.22136957,
2026-06-10 19:05:00,1781118300,320.22136957,320.22136957,299.85770178,309.07894164,
2026-06-10 19:06:00,1781118360,309.07894164,325.67494866,308.95720892,323.09483905,
2026-06-10 19:07:00,1781118420,323.09483905,342.78215296,323.09483905,341.9063808,
2026-06-10 19:08:00,1781118480,341.9063808,351.09636717,337.91839522,347.66539619,
2026-06-10 19:09:00,1781118540,347.66539619,348.32449562,339.64367855,346.53129065,
2026-06-10 19:10:00,1781118600,346.53129065,347.36729902,325.53321893,331.85532546,
2026-06-10 19:11:00,1781118660,331.85532546,332.61081394,310.31363857,310.45868256,
2026-06-10 19:12:00,1781118720,310.45868256,311.7385475,300.42370533,311.11900374,
2026-06-10 19:13:00,1781118780,311.11900374,315.24301691,304.9117747,305.5093009,
2026-06-10 19:14:00,1781118840,305.5093009,307.60524688,297.67053865,301.63965523,
2026-06-10 19:15:00,1781118900,301.63965523,315.25916627,294.6151593,312.2955368,
2026-06-10 19:16:00,1781118960,312.2955368,317.95286952,309.25702266,313.95047029,
2026-06-10 19:17:00,1781119020,313.95047029,316.04689088,286.00004853,287.08836459,
2026-06-10 19:18:00,1781119080,287.08836459,300.18953614,285.13283172,299.19521736,
2026-06-10 19:19:00,1781119140,299.19521736,304.67126003,289.68417862,295.46739635,
2026-06-10 19:20:00,1781119200,295.46739635,301.92780631,291.09552583,291.9783528,
2026-06-10 19:21:00,1781119260,291.9783528,296.44004164,286.36641026,293.62514156,
2026-06-10 19:22:00,1781119320,293.62514156,299.9528543,290.69525613,292.8017943,
2026-06-10 19:23:00,1781119380,292.8017943,292.82349458,283.97599154,287.58379852,
2026-06-10 19:24:00,1781119440,287.58379852,301.3417394,287.58379852,301.24709486,
2026-06-10 19:25:00,1781119500,301.24709486,320.24462751,299.78141222,311.54031868,
2026-06-10 19:26:00,1781119560,311.54031868,316.00771979,296.51346852,297.31164098,
2026-06-10 19:27:00,1781119620,297.31164098,301.89866928,292.7921213,297.07671658,
2026-06-10 19:28:00,1781119680,297.07671658,312.37644735,295.38364135,306.87531734,
2026-06-10 19:29:00,1781119740,306.87531734,315.91721442,305.60859172,311.18137237,
2026-06-10 19:30:00,1781119800,311.18137237,328.43543972,309.82301944,324.30028227,
2026-06-10 19:31:00,1781119860,324.30028227,336.85409657,321.55653746,321.55653746,
2026-06-10 19:32:00,1781119920,321.55653746,333.80431189,320.5381489,331.58254308,
2026-06-10 19:33:00,1781119980,331.58254308,340.04448394,330.59598681,337.74968769,
2026-06-10 19:34:00,1781120040,337.74968769,352.9815536,337.74968769,351.55745378,
2026-06-10 19:35:00,1781120100,351.55745378,357.09107537,341.94226048,353.46739208,
2026-06-10 19:36:00,1781120160,353.46739208,353.46739208,341.9152943,346.70424041,
2026-06-10 19:37:00,1781120220,346.70424041,365.61990855,346.70267594,359.69303104,
2026-06-10 19:38:00,1781120280,359.69303104,373.42005086,358.26592281,371.55424072,
2026-06-10 19:39:00,1781120340,371.55424072,387.97411052,365.40201607,366.33322075,
2026-06-10 19:40:00,1781120400,366.33322075,378.48621675,355.87970781,363.69643981,
2026-06-10 19:41:00,1781120460,363.69643981,370.33228811,353.37685863,369.28355358,
2026-06-10 19:42:00,1781120520,369.28355358,371.0384782,362.97893355,364.75321318,
2026-06-10 19:43:00,1781120580,364.75321318,375.8465239,358.80277445,370.41836495,
2026-06-10 19:44:00,1781120640,370.41836495,376.23390291,368.41407222,374.06454592,
2026-06-10 19:45:00,1781120700,374.06454592,379.03246556,368.06467677,370.3732799,
2026-06-10 19:46:00,1781120760,370.3732799,370.3732799,348.65109282,367.22913492,
2026-06-10 19:47:00,1781120820,367.22913492,367.6641608,353.18038153,353.69221275,
2026-06-10 19:48:00,1781120880,353.69221275,356.71460411,343.33232775,344.50381498,
2026-06-10 19:49:00,1781120940,344.50381498,362.03917928,344.50381498,362.03917928,
2026-06-10 19:50:00,1781121000,362.03917928,363.9621626,325.45363358,361.91190445,
2026-06-10 19:51:00,1781121060,361.91190445,363.75628202,346.28791047,361.69018805,
2026-06-10 19:52:00,1781121120,361.69018805,365.87892279,354.33904952,356.79190798,
2026-06-10 19:53:00,1781121180,356.79190798,372.14463241,356.79190798,371.34426669,
2026-06-10 19:54:00,1781121240,371.34426669,373.19499895,349.49163189,361.20274784,
2026-06-10 19:55:00,1781121300,361.20274784,368.64898824,353.70390868,368.50636477,
2026-06-10 19:56:00,1781121360,368.50636477,379.9919032,365.45378396,372.27238492,
2026-06-10 19:57:00,1781121420,372.27238492,383.34212004,368.50765373,376.80747485,
2026-06-10 19:58:00,1781121480,376.80747485,376.80747485,363.89984713,374.70317854,
2026-06-10 19:59:00,1781121540,374.70317854,374.70317854,349.44449236,354.19327024,
2026-06-10 20:00:00,1781121600,354.19327024,356.11191263,339.42393939,341.44730713,
2026-06-10 20:01:00,1781121660,341.44730713,341.44730713,317.30887767,317.30887767,
2026-06-10 20:02:00,1781121720,317.30887767,334.40756216,314.21647122,326.7152016,
2026-06-10 20:03:00,1781121780,326.7152016,345.74046381,325.015888,340.0300053,
2026-06-10 20:04:00,1781121840,340.0300053,340.0300053,322.1001247,327.81396613,
2026-06-10 20:05:00,1781121900,327.81396613,330.22921753,305.05596552,315.84405919,
2026-06-10 20:06:00,1781121960,315.84405919,330.81432042,308.47744832,309.75131181,
2026-06-10 20:07:00,1781122020,309.75131181,309.82482056,301.55984998,308.69249189,
2026-06-10 20:08:00,1781122080,308.69249189,314.63514171,307.30348845,307.30348845,
2026-06-10 20:09:00,1781122140,307.30348845,307.37209832,287.01824247,303.99579467,
2026-06-10 20:10:00,1781122200,303.99579467,312.14921039,301.31802703,310.87383867,
2026-06-10 20:11:00,1781122260,310.87383867,316.78451581,309.92257665,314.46114012,
2026-06-10 20:12:00,1781122320,314.46114012,318.43912928,312.12046474,313.49865115,
2026-06-10 20:13:00,1781122380,313.49865115,321.14864544,306.63191149,314.46167463,
2026-06-10 20:14:00,1781122440,314.46167463,316.60527209,310.62357192,313.37796714,
2026-06-10 20:15:00,1781122500,313.37796714,322.12986704,310.58504592,315.22776426,
2026-06-10 20:16:00,1781122560,315.22776426,318.79503899,302.49695355,305.770583,
2026-06-10 20:17:00,1781122620,305.770583,312.4458091,296.16229284,308.48741858,
2026-06-10 20:18:00,1781122680,308.48741858,322.75350148,307.0654904,317.56427033,
2026-06-10 20:19:00,1781122740,317.56427033,322.37976601,315.2316261,315.45129692,
2026-06-10 20:20:00,1781122800,315.45129692,315.45129692,294.72089308,301.8148881,
2026-06-10 20:21:00,1781122860,301.8148881,313.88281071,296.50586631,299.23780715,
2026-06-10 20:22:00,1781122920,299.23780715,335.5098353,298.99821688,334.32770551,
2026-06-10 20:23:00,1781122980,334.32770551,342.75583172,318.70156654,323.56054352,
2026-06-10 20:24:00,1781123040,323.56054352,343.3970298,323.1903615,339.58623455,
2026-06-10 20:25:00,1781123100,339.58623455,342.35271927,334.75377387,340.61182019,
2026-06-10 20:26:00,1781123160,340.61182019,340.61182019,331.94131771,335.17652859,
2026-06-10 20:27:00,1781123220,335.17652859,335.17652859,328.81361103,331.37220929,
2026-06-10 20:28:00,1781123280,331.37220929,333.19329827,327.32376881,331.59624809,
2026-06-10 20:29:00,1781123340,331.59624809,335.20076583,330.22478337,332.86789098,
2026-06-10 20:30:00,1781123400,332.86789098,332.86789098,312.93392777,316.51534969,
2026-06-10 20:31:00,1781123460,316.51534969,320.98775781,312.28962241,314.59563055,
2026-06-10 20:32:00,1781123520,314.59563055,323.41998658,306.27501407,320.26916728,
2026-06-10 20:33:00,1781123580,320.26916728,330.6802597,320.26764656,330.2735628,
2026-06-10 20:34:00,1781123640,330.2735628,336.59703332,329.48086773,332.80085289,
2026-06-10 20:35:00,1781123700,332.80085289,334.73144168,325.38844906,326.30837442,
2026-06-10 20:36:00,1781123760,326.30837442,327.44047393,322.08780376,322.56559551,
2026-06-10 20:37:00,1781123820,322.56559551,332.53975045,322.53897419,332.15083085,
2026-06-10 20:38:00,1781123880,332.15083085,335.79220555,322.66544531,322.89005886,
2026-06-10 20:39:00,1781123940,322.89005886,329.52087238,319.2025888,319.67438448,
2026-06-10 20:40:00,1781124000,319.67438448,321.30140776,315.71949289,318.32935236,
2026-06-10 20:41:00,1781124060,318.32935236,323.47732148,318.07772978,321.9619689,
2026-06-10 20:42:00,1781124120,321.9619689,321.9619689,314.1625001,314.91702577,
2026-06-10 20:43:00,1781124180,314.91702577,323.08351154,310.32824197,314.62674957,
2026-06-10 20:44:00,1781124240,314.62674957,318.32577242,304.1672771,304.45626185,
2026-06-10 20:45:00,1781124300,304.45626185,312.36150886,300.45572356,300.45572356,
2026-06-10 20:46:00,1781124360,300.45572356,300.45572356,289.5184038,295.23793549,
2026-06-10 20:47:00,1781124420,295.23793549,298.00050169,289.40022675,297.31861727,
2026-06-10 20:48:00,1781124480,297.31861727,300.96087922,290.78561008,299.94666324,
2026-06-10 20:49:00,1781124540,299.94666324,304.86558697,298.20653913,304.4155942,
2026-06-10 20:50:00,1781124600,304.4155942,312.33176538,289.62847414,292.3440887,
2026-06-10 20:51:00,1781124660,292.3440887,297.6847023,283.25181421,296.82027906,
2026-06-10 20:52:00,1781124720,296.82027906,300.42363316,292.87346938,295.57910714,
2026-06-10 20:53:00,1781124780,295.57910714,295.57910714,282.15673962,287.59641866,
2026-06-10 20:54:00,1781124840,287.59641866,296.86894102,286.10569499,296.83931821,
2026-06-10 20:55:00,1781124900,296.83931821,299.1843628,283.38861778,283.4626762,
2026-06-10 20:56:00,1781124960,283.4626762,287.24016756,282.60004633,287.0079175,
2026-06-10 20:57:00,1781125020,287.0079175,287.09279426,281.7806877,284.36447685,
2026-06-10 20:58:00,1781125080,284.36447685,304.57757887,284.36447685,300.42667356,
2026-06-10 20:59:00,1781125140,300.42667356,305.13535304,298.25193983,303.05234607,
2026-06-10 21:00:00,1781125200,303.05234607,303.12143274,288.60004297,290.64878442,
2026-06-10 21:01:00,1781125260,290.64878442,299.3858196,290.62407014,296.45135624,
2026-06-10 21:02:00,1781125320,296.45135624,299.16747936,291.21202461,292.12832959,
2026-06-10 21:03:00,1781125380,292.12832959,300.11897663,292.02687605,295.93987988,
2026-06-10 21:04:00,1781125440,295.93987988,296.33014524,289.41311118,289.62052811,
2026-06-10 21:05:00,1781125500,289.62052811,289.67380924,271.57235487,278.63828236,
2026-06-10 21:06:00,1781125560,278.63828236,284.22743242,270.63366981,270.63366981,
2026-06-10 21:07:00,1781125620,270.63366981,274.88495557,268.34282346,268.89239421,
2026-06-10 21:08:00,1781125680,268.89239421,270.43911128,265.07171268,266.59564242,
2026-06-10 21:09:00,1781125740,266.59564242,270.69534701,263.91864039,265.10393552,
2026-06-10 21:10:00,1781125800,265.10393552,266.76605708,245.61607391,257.57300385,
2026-06-10 21:11:00,1781125860,257.57300385,261.51433959,249.6708193,255.77252061,
2026-06-10 21:12:00,1781125920,255.77252061,267.93778856,254.20165464,254.22226121,
2026-06-10 21:13:00,1781125980,254.22226121,264.50269654,254.22085546,264.10121093,
2026-06-10 21:14:00,1781126040,264.10121093,265.15767218,259.00708643,265.15767218,
2026-06-10 21:15:00,1781126100,265.15767218,281.52284015,265.15623617,280.4321566,
2026-06-10 21:16:00,1781126160,280.4321566,290.73816154,280.4321566,290.11826968,
2026-06-10 21:17:00,1781126220,290.11826968,296.04006851,286.30977787,286.34551267,
2026-06-10 21:18:00,1781126280,286.34551267,286.41179084,265.34601911,272.22173585,
2026-06-10 21:19:00,1781126340,272.22173585,283.55586866,270.12784856,277.29751421,
2026-06-10 21:20:00,1781126400,277.29751421,277.29751421,266.07650856,273.59252553,
2026-06-10 21:21:00,1781126460,273.59252553,273.85753355,264.51028652,268.15459547,
2026-06-10 21:22:00,1781126520,268.15459547,280.99157089,267.67967763,280.87999249,
2026-06-10 21:23:00,1781126580,280.87999249,285.8259943,270.61363868,272.0687034,
2026-06-10 21:24:00,1781126640,272.0687034,273.02129426,257.9065602,259.18308946,
2026-06-10 21:25:00,1781126700,259.18308946,265.7777557,257.92405749,265.21671255,
2026-06-10 21:26:00,1781126760,265.21671255,267.45778994,263.1822863,266.32028023,
2026-06-10 21:27:00,1781126820,266.32028023,275.49574114,264.06794754,265.94009425,
2026-06-10 21:28:00,1781126880,265.94009425,271.75430918,263.55338102,263.55338102,
2026-06-10 21:29:00,1781126940,263.55338102,269.06351661,262.58159646,264.16745595,
2026-06-10 21:30:00,1781127000,264.16745595,282.13030426,262.65160074,276.17939342,
2026-06-10 21:31:00,1781127060,276.17939342,280.26737819,275.82260191,279.60239839,
2026-06-10 21:32:00,1781127120,279.60239839,289.9388191,276.77260497,287.45289278,
2026-06-10 21:33:00,1781127180,287.45289278,293.52821867,285.80862634,293.52821867,
2026-06-10 21:34:00,1781127240,293.52821867,294.51502299,283.08719968,288.76695867,
2026-06-10 21:35:00,1781127300,288.76695867,291.86086923,273.42909514,278.59340194,
2026-06-10 21:36:00,1781127360,278.59340194,279.96839382,273.8794847,277.36838108,
2026-06-10 21:37:00,1781127420,277.36838108,278.76053562,273.73737398,278.40394556,
2026-06-10 21:38:00,1781127480,278.40394556,278.93082179,272.10031539,276.77426514,
2026-06-10 21:39:00,1781127540,276.77426514,276.79505218,266.44337465,266.55618382,
2026-06-10 21:40:00,1781127600,266.55618382,272.41020836,265.21783243,272.38825711,
2026-06-10 21:41:00,1781127660,272.38825711,275.75779537,271.98994493,275.21558904,
2026-06-10 21:42:00,1781127720,275.21558904,277.33386683,272.53922975,277.28791692,
2026-06-10 21:43:00,1781127780,277.28791692,285.06364156,275.70634112,278.1919899,
2026-06-10 21:44:00,1781127840,278.1919899,285.61254066,277.87548199,285.00616516,
2026-06-10 21:45:00,1781127900,285.00616516,286.1649672,275.43270054,275.60247924,
2026-06-10 21:46:00,1781127960,275.60247924,282.92148495,273.98003611,281.76124167,
2026-06-10 21:47:00,1781128020,281.76124167,281.78229873,274.71781048,280.5998958,
2026-06-10 21:48:00,1781128080,280.5998958,284.14360562,280.5998958,282.62143504,
2026-06-10 21:49:00,1781128140,282.62143504,282.62143504,236.98176702,239.01041505,
2026-06-10 21:50:00,1781128200,239.01041505,239.01041505,195.57607047,225.22816701,
2026-06-10 21:51:00,1781128260,225.22816701,225.22816701,199.38280336,201.14322846,
2026-06-10 21:52:00,1781128320,201.14322846,211.66752957,199.58586402,209.48790915,
2026-06-10 21:53:00,1781128380,209.48790915,220.90965599,206.34291824,208.95559789,
2026-06-10 21:54:00,1781128440,208.95559789,218.68045,208.95559789,215.39288969,
2026-06-10 21:55:00,1781128500,215.39288969,222.80800255,213.06604756,217.54291932,
2026-06-10 21:56:00,1781128560,217.54291932,229.1059511,217.12392953,229.1059511,
2026-06-10 21:57:00,1781128620,229.1059511,231.85040636,212.9576646,214.6801915,
2026-06-10 21:58:00,1781128680,214.6801915,229.07444665,209.77728831,228.86927749,
2026-06-10 21:59:00,1781128740,228.86927749,244.32652295,227.43864153,241.80875615,
2026-06-10 22:00:00,1781128800,241.80875615,244.48150582,219.12800188,229.28906522,
2026-06-10 22:01:00,1781128860,229.28906522,232.5158198,220.56018853,220.93359734,
2026-06-10 22:02:00,1781128920,220.93359734,226.07772965,213.63343099,213.63343099,
2026-06-10 22:03:00,1781128980,213.63343099,228.53524974,212.38392032,224.68593265,
2026-06-10 22:04:00,1781129040,224.68593265,224.68593265,213.87848054,216.66989871,
2026-06-10 22:05:00,1781129100,216.66989871,228.48310526,216.20933991,218.95891611,
2026-06-10 22:06:00,1781129160,218.95891611,233.61679645,217.39174827,229.72088197,
2026-06-10 22:07:00,1781129220,229.72088197,236.88948308,226.74963811,235.8138071,
2026-06-10 22:08:00,1781129280,235.8138071,239.33703252,232.41573369,238.9038795,
2026-06-10 22:09:00,1781129340,238.9038795,239.27239479,235.32921297,237.81185332,
2026-06-10 22:10:00,1781129400,237.81185332,249.01016148,237.75500481,245.85197906,
2026-06-10 22:11:00,1781129460,245.85197906,248.59158517,229.65157912,229.78066637,
2026-06-10 22:12:00,1781129520,229.78066637,244.60713387,226.90854882,236.00989073,
2026-06-10 22:13:00,1781129580,236.00989073,238.80826277,227.00974182,230.35277204,
2026-06-10 22:14:00,1781129640,230.35277204,234.63234142,228.73830321,233.94368556,
2026-06-10 22:15:00,1781129700,233.94368556,233.94368556,219.50777909,221.68736382,
2026-06-10 22:16:00,1781129760,221.68736382,226.75455669,218.36684154,221.07778573,
2026-06-10 22:17:00,1781129820,221.07778573,222.23434111,213.84667013,215.94160987,
2026-06-10 22:18:00,1781129880,215.94160987,222.63298838,215.06768676,221.25573018,
2026-06-10 22:19:00,1781129940,221.25573018,241.21866555,217.3788695,217.65964073,
2026-06-10 22:20:00,1781130000,217.65964073,224.51245315,213.70654584,220.59418551,
2026-06-10 22:21:00,1781130060,220.59418551,246.22798353,220.5928117,243.19784579,
2026-06-10 22:22:00,1781130120,243.19784579,244.72265278,232.16236014,235.04168556,
2026-06-10 22:23:00,1781130180,235.04168556,239.27108385,230.52799984,238.87319828,
2026-06-10 22:24:00,1781130240,238.87319828,245.88517457,227.38589884,245.17235675,
2026-06-10 22:25:00,1781130300,245.17235675,256.61237856,237.85263626,255.56685779,
2026-06-10 22:26:00,1781130360,255.56685779,255.56685779,241.15560634,244.71123211,
2026-06-10 22:27:00,1781130420,244.71123211,252.75815284,240.00948948,249.53386007,
2026-06-10 22:28:00,1781130480,249.53386007,256.93718319,247.27548063,247.27548063,
2026-06-10 22:29:00,1781130540,247.27548063,247.27548063,234.24564617,239.26992559,
2026-06-10 22:30:00,1781130600,239.26992559,260.05598638,236.6886708,253.73078134,
2026-06-10 22:31:00,1781130660,253.73078134,271.48449393,253.55058223,269.18345854,
2026-06-10 22:32:00,1781130720,269.18345854,273.84471392,261.10492718,264.18697512,
2026-06-10 22:33:00,1781130780,264.18697512,266.91057224,260.05700069,260.37729484,
2026-06-10 22:34:00,1781130840,260.37729484,261.75289952,243.1111466,245.83508408,
2026-06-10 22:35:00,1781130900,245.83508408,259.81367482,245.50426867,258.81025249,
2026-06-10 22:36:00,1781130960,258.81025249,258.89119785,243.91780344,249.03635978,
2026-06-10 22:37:00,1781131020,249.03635978,261.84453235,246.00973246,256.10313432,
2026-06-10 22:38:00,1781131080,256.10313432,264.01250795,251.33083666,262.38257065,
2026-06-10 22:39:00,1781131140,262.38257065,262.38257065,256.08863856,259.42778627,
2026-06-10 22:40:00,1781131200,259.42778627,271.94477135,256.29965012,268.68624098,
2026-06-10 22:41:00,1781131260,268.68624098,268.68624098,261.12730369,264.95221824,
2026-06-10 22:42:00,1781131320,264.95221824,279.75816688,264.43308404,278.74379898,
2026-06-10 22:43:00,1781131380,278.74379898,297.04431919,278.72079143,291.00743859,
2026-06-10 22:44:00,1781131440,291.00743859,295.42229517,274.26526034,291.45927436,
2026-06-10 22:45:00,1781131500,291.45927436,293.41855339,266.33248127,272.15006185,
2026-06-10 22:46:00,1781131560,272.15006185,277.92386419,264.8484028,277.29725922,
2026-06-10 22:47:00,1781131620,277.29725922,277.29725922,263.66591598,264.15683314,
2026-06-10 22:48:00,1781131680,264.15683314,273.87311298,257.54423764,265.7394993,
2026-06-10 22:49:00,1781131740,265.7394993,265.7394993,254.56302433,260.56721214,
2026-06-10 22:50:00,1781131800,260.56721214,268.95227215,259.50189478,260.75458636,
2026-06-10 22:51:00,1781131860,260.75458636,267.16582856,258.36337983,260.34799577,
2026-06-10 22:52:00,1781131920,260.34799577,269.44406171,258.95137828,262.04254623,
2026-06-10 22:53:00,1781131980,262.04254623,262.04254623,247.43687556,258.92116968,
2026-06-10 22:54:00,1781132040,258.92116968,261.99180215,256.90559089,260.27820509,
2026-06-10 22:55:00,1781132100,260.27820509,265.78810806,254.29880933,255.61117112,
2026-06-10 22:56:00,1781132160,255.61117112,256.71272816,254.05760472,255.05892592,
2026-06-10 22:57:00,1781132220,255.05892592,257.76477169,251.48837977,257.76477169,
2026-06-10 22:58:00,1781132280,257.76477169,258.49974206,251.97203887,253.19910387,
2026-06-10 22:59:00,1781132340,253.19910387,253.19910387,243.58954731,247.89435421,
2026-06-10 23:00:00,1781132400,247.89435421,248.3922943,232.49013346,235.07013209,
2026-06-10 23:01:00,1781132460,235.07013209,244.61508761,235.07013209,240.58044953,
2026-06-10 23:02:00,1781132520,240.58044953,246.52723386,236.35626369,241.70264234,
2026-06-10 23:03:00,1781132580,241.70264234,246.20567707,239.45915041,241.70675212,
2026-06-10 23:04:00,1781132640,241.70675212,244.8990135,238.94086758,242.00190696,
2026-06-10 23:05:00,1781132700,242.00190696,244.95264833,238.22579134,241.61721764,
2026-06-10 23:06:00,1781132760,241.61721764,243.2349508,239.00177441,240.54183416,
2026-06-10 23:07:00,1781132820,240.54183416,243.66320848,234.82154492,242.98693379,
2026-06-10 23:08:00,1781132880,242.98693379,243.06210213,234.42647944,234.76391372,
2026-06-10 23:09:00,1781132940,234.76391372,239.98210971,219.07237312,223.11202414,
2026-06-10 23:10:00,1781133000,223.11202414,223.91221975,215.84791187,221.02340403,
2026-06-10 23:11:00,1781133060,221.02340403,221.79205604,212.93790728,220.92188465,
2026-06-10 23:12:00,1781133120,220.92188465,224.58890886,215.45579966,220.80649623,
2026-06-10 23:13:00,1781133180,220.80649623,224.63773137,218.60162548,220.16754109,
2026-06-10 23:14:00,1781133240,220.16754109,223.14484859,218.79049075,221.56981475,
2026-06-10 23:15:00,1781133300,221.56981475,224.72737017,214.00344109,220.58117413,
2026-06-10 23:16:00,1781133360,220.58117413,222.74703559,215.17779833,222.62078942,
2026-06-10 23:17:00,1781133420,222.62078942,233.75646018,221.53679532,232.13131598,
2026-06-10 23:18:00,1781133480,232.13131598,242.0013966,232.13131598,237.46416386,
2026-06-10 23:19:00,1781133540,237.46416386,262.36160758,233.62320287,254.8877894,
2026-06-10 23:20:00,1781133600,254.8877894,282.44653704,250.43989965,279.34854456,
2026-06-10 23:21:00,1781133660,279.34854456,282.57645388,271.33735024,277.63188248,
2026-06-10 23:22:00,1781133720,277.63188248,284.30520002,273.76015021,280.08117745,
2026-06-10 23:23:00,1781133780,280.08117745,285.05410764,278.1423439,281.4553797,
2026-06-10 23:24:00,1781133840,281.4553797,282.49310254,268.07897625,272.73230296,
2026-06-10 23:25:00,1781133900,272.73230296,285.46378041,267.52873252,268.29000147,
2026-06-10 23:26:00,1781133960,268.29000147,277.41328906,265.20157222,272.14405149,
2026-06-10 23:27:00,1781134020,272.14405149,279.97332357,270.0617369,278.26305657,
2026-06-10 23:28:00,1781134080,278.26305657,280.26632401,273.12335837,280.26632401,
2026-06-10 23:29:00,1781134140,280.26632401,292.19505836,279.54708682,286.21106541,
2026-06-10 23:30:00,1781134200,286.21106541,292.53978116,284.83865095,288.44559203,
2026-06-10 23:31:00,1781134260,288.44559203,288.44559203,269.81176189,273.66461726,
2026-06-10 23:32:00,1781134320,273.66461726,279.48416631,266.10293039,277.20443144,
2026-06-10 23:33:00,1781134380,277.20443144,279.2301719,264.88468937,266.33770259,
2026-06-10 23:34:00,1781134440,266.33770259,271.29984043,265.708643,271.05135717,
2026-06-10 23:35:00,1781134500,271.05135717,281.72873924,271.04983093,276.84751051,
2026-06-10 23:36:00,1781134560,276.84751051,287.45237706,276.84751051,278.46126424,
2026-06-10 23:37:00,1781134620,278.46126424,278.77699373,276.44723459,277.57839195,
2026-06-10 23:38:00,1781134680,277.57839195,277.59850384,269.17178206,271.66808162,
2026-06-10 23:39:00,1781134740,271.66808162,271.98952047,265.4089266,267.13571219,
2026-06-10 23:40:00,1781134800,267.13571219,275.34767225,263.30588479,274.68721373,
2026-06-10 23:41:00,1781134860,274.68721373,282.14933357,272.87383024,280.0635459,
2026-06-10 23:42:00,1781134920,280.0635459,291.15109017,279.95654037,284.84882604,
2026-06-10 23:43:00,1781134980,284.84882604,287.59475825,281.51791874,282.12621183,
2026-06-10 23:44:00,1781135040,282.12621183,282.14817726,275.79781073,277.35205958,
2026-06-10 23:45:00,1781135100,277.35205958,277.63829889,265.94273783,274.09741604,
2026-06-10 23:46:00,1781135160,274.09741604,274.09741604,268.79620938,269.86462969,
2026-06-10 23:47:00,1781135220,269.86462969,273.76941871,266.00129484,273.72332762,
2026-06-10 23:48:00,1781135280,273.72332762,275.98719898,266.54838877,266.54838877,
2026-06-10 23:49:00,1781135340,266.54838877,266.75775989,262.00105343,263.15401901,
2026-06-10 23:50:00,1781135400,263.15401901,266.3634048,259.9840168,263.67211381,
2026-06-10 23:51:00,1781135460,263.67211381,270.47235922,263.66973052,267.67091232,
2026-06-10 23:52:00,1781135520,267.67091232,275.90940358,267.34979895,274.66002277,
2026-06-10 23:53:00,1781135580,274.66002277,282.97465427,274.303168,276.77457775,
2026-06-10 23:54:00,1781135640,276.77457775,276.77457775,267.83171041,273.48543298,
2026-06-10 23:55:00,1781135700,273.48543298,275.29950362,270.56196158,271.32059479,
2026-06-10 23:56:00,1781135760,271.32059479,271.98766444,265.67456752,267.6484528,
2026-06-10 23:57:00,1781135820,267.6484528,268.44506121,262.72658008,263.22552326,
2026-06-10 23:58:00,1781135880,263.22552326,264.99837985,262.5993348,264.3542774,
2026-06-10 23:59:00,1781135940,264.3542774,269.71331431,263.02090999,264.0024942,
2026-06-11 00:00:00,1781136000,264.0024942,279.41495194,264.0024942,278.29624197,
2026-06-11 00:01:00,1781136060,278.29624197,286.94154255,275.6563355,286.31191926,
2026-06-11 00:02:00,1781136120,286.31191926,296.18994158,285.82407778,287.98120097,
2026-06-11 00:03:00,1781136180,287.98120097,290.25358114,283.47039682,283.66144672,
2026-06-11 00:04:00,1781136240,283.66144672,291.85639076,274.13650906,276.77339773,
2026-06-11 00:05:00,1781136300,276.77339773,290.62742022,276.31428203,289.22367175,
2026-06-11 00:06:00,1781136360,289.22367175,292.6907712,279.56333745,288.76371492,
2026-06-11 00:07:00,1781136420,288.76371492,297.82445923,288.67191583,292.0389444,
2026-06-11 00:08:00,1781136480,292.0389444,292.0389444,279.91393783,286.41766345,
2026-06-11 00:09:00,1781136540,286.41766345,286.41766345,273.61004979,280.77291914,
2026-06-11 00:10:00,1781136600,280.77291914,286.52627071,275.64087402,279.78363781,
2026-06-11 00:11:00,1781136660,279.78363781,291.41801428,279.78209019,291.15822732,
2026-06-11 00:12:00,1781136720,291.15822732,291.33978696,281.97547862,291.28763866,
2026-06-11 00:13:00,1781136780,291.28763866,300.03216795,290.92204878,293.81303681,
2026-06-11 00:14:00,1781136840,293.81303681,298.28577348,290.28232301,296.05662955,
2026-06-11 00:15:00,1781136900,296.05662955,319.56371275,296.05662955,317.3740741,
2026-06-11 00:16:00,1781136960,317.3740741,335.73390042,313.60156907,328.97303611,
2026-06-11 00:17:00,1781137020,328.97303611,367.11174251,328.44631796,365.86470712,
2026-06-11 00:18:00,1781137080,365.86470712,365.86470712,328.85659485,335.44980164,
2026-06-11 00:19:00,1781137140,335.44980164,356.76577409,335.14401279,351.27790012,
2026-06-11 00:20:00,1781137200,351.27790012,363.85918336,347.87116955,358.85839624,
2026-06-11 00:21:00,1781137260,358.85839624,369.863555,353.0336997,362.97722317,
2026-06-11 00:22:00,1781137320,362.97722317,363.54119736,343.5049652,345.21946868,
2026-06-11 00:23:00,1781137380,345.21946868,345.37504502,327.50566639,333.61605565,
2026-06-11 00:24:00,1781137440,333.61605565,336.94682685,322.49981735,336.76837049,
2026-06-11 00:25:00,1781137500,336.76837049,338.35956202,327.86046101,335.80876587,
2026-06-11 00:26:00,1781137560,335.80876587,340.27629372,332.14206084,339.51396112,
2026-06-11 00:27:00,1781137620,339.51396112,341.5935114,325.16818551,327.63128594,
2026-06-11 00:28:00,1781137680,327.63128594,343.02361585,324.0686103,342.87358353,
2026-06-11 00:29:00,1781137740,342.87358353,343.99844627,337.08366936,343.9585709,
2026-06-11 00:30:00,1781137800,343.9585709,346.83329135,335.9998701,338.14326162,
2026-06-11 00:31:00,1781137860,338.14326162,341.10069644,331.11822663,340.4709856,
2026-06-11 00:32:00,1781137920,340.4709856,344.69601632,338.29996407,341.42088361,
2026-06-11 00:33:00,1781137980,341.42088361,347.907113,332.50411806,339.79463964,
2026-06-11 00:34:00,1781138040,339.79463964,345.74519264,328.50385312,329.25322921,
2026-06-11 00:35:00,1781138100,329.25322921,337.30281993,325.67292621,337.12129166,
2026-06-11 00:36:00,1781138160,337.12129166,337.12129166,317.23831983,320.52543484,
2026-06-11 00:37:00,1781138220,320.52543484,330.9150376,318.27392117,330.19685317,
2026-06-11 00:38:00,1781138280,330.19685317,331.56081164,319.19448678,321.70830593,
2026-06-11 00:39:00,1781138340,321.70830593,322.19896817,314.42968224,317.85744601,
2026-06-11 00:40:00,1781138400,317.85744601,319.43149561,315.16500432,317.78268728,
2026-06-11 00:41:00,1781138460,317.78268728,328.18581189,315.73858827,327.30554841,
2026-06-11 00:42:00,1781138520,327.30554841,340.92016932,327.30554841,337.54694392,
2026-06-11 00:43:00,1781138580,337.54694392,341.74920244,328.65516476,328.73040499,
2026-06-11 00:44:00,1781138640,328.73040499,328.73040499,314.00858112,315.09261281,
2026-06-11 00:45:00,1781138700,315.09261281,333.24136308,314.96950221,329.90773116,
2026-06-11 00:46:00,1781138760,329.90773116,346.06502682,327.85096188,345.6456497,
2026-06-11 00:47:00,1781138820,345.6456497,351.06415406,330.91877453,332.52628637,
2026-06-11 00:48:00,1781138880,332.52628637,346.22615349,332.3990725,345.77755791,
2026-06-11 00:49:00,1781138940,345.77755791,345.77755791,340.50213508,344.72477659,
2026-06-11 00:50:00,1781139000,344.72477659,344.75079667,337.4919768,340.64405561,
2026-06-11 00:51:00,1781139060,340.64405561,342.63868727,330.91797776,337.04962959,
2026-06-11 00:52:00,1781139120,337.04962959,348.75526483,337.04962959,343.44031084,
2026-06-11 00:53:00,1781139180,343.44031084,344.20157379,335.23150887,335.74976169,
2026-06-11 00:54:00,1781139240,335.74976169,335.74976169,320.94235118,325.11669972,
2026-06-11 00:55:00,1781139300,325.11669972,331.78076581,321.13319638,328.13553332,
2026-06-11 00:56:00,1781139360,328.13553332,328.74500772,321.35983735,324.14051186,
2026-06-11 00:57:00,1781139420,324.14051186,326.86717695,322.99639526,325.53051516,
2026-06-11 00:58:00,1781139480,325.53051516,332.43724884,324.70181463,330.10614737,
2026-06-11 00:59:00,1781139540,330.10614737,335.92244942,318.0530679,318.38867569,
2026-06-11 01:00:00,1781139600,318.38867569,331.87093461,318.1658294,322.5861041,
2026-06-11 01:01:00,1781139660,322.5861041,343.8472789,322.50999736,343.0405474,
2026-06-11 01:02:00,1781139720,343.0405474,349.31322228,340.59777318,340.87900578,
2026-06-11 01:03:00,1781139780,340.87900578,346.0152924,337.65758507,340.629448,
2026-06-11 01:04:00,1781139840,340.629448,365.58409794,339.36224372,356.18037208,
2026-06-11 01:05:00,1781139900,356.18037208,369.40514314,348.71521004,363.50728566,
2026-06-11 01:06:00,1781139960,363.50728566,367.03579182,354.75744201,354.76163541,
2026-06-11 01:07:00,1781140020,354.76163541,354.76163541,341.46363918,348.65380775,
2026-06-11 01:08:00,1781140080,348.65380775,352.9087727,342.35129526,352.73292527,
2026-06-11 01:09:00,1781140140,352.73292527,354.95283523,341.96629291,344.3176255,
2026-06-11 01:10:00,1781140200,344.3176255,359.26089345,344.3176255,356.02967213,
2026-06-11 01:11:00,1781140260,356.02967213,360.81549022,354.0492422,356.80837703,
2026-06-11 01:12:00,1781140320,356.80837703,366.97775071,354.90169938,363.03612871,
2026-06-11 01:13:00,1781140380,363.03612871,391.24697196,359.41548211,388.84271101,
2026-06-11 01:14:00,1781140440,388.84271101,395.96681715,373.90196644,374.09462594,
2026-06-11 01:15:00,1781140500,374.09462594,389.2246519,367.24643377,375.11967938,
2026-06-11 01:16:00,1781140560,375.11967938,413.62031918,372.81261584,407.64261227,
2026-06-11 01:17:00,1781140620,407.64261227,408.42173799,383.81109093,394.97680567,
2026-06-11 01:18:00,1781140680,394.97680567,400.67086881,389.29617239,395.96055393,
2026-06-11 01:19:00,1781140740,395.96055393,422.7842263,395.96055393,418.21996459,
2026-06-11 01:20:00,1781140800,418.21996459,418.24653134,394.19642701,396.24650914,
2026-06-11 01:21:00,1781140860,396.24650914,412.9299541,394.99092812,409.12152011,
2026-06-11 01:22:00,1781140920,409.12152011,413.80312621,392.20773429,396.43647699,
2026-06-11 01:23:00,1781140980,396.43647699,415.34444852,396.43647699,414.62595489,
2026-06-11 01:24:00,1781141040,414.62595489,418.61335941,408.18675869,412.6819602,
2026-06-11 01:25:00,1781141100,412.6819602,419.20455466,407.55411232,415.4149268,
2026-06-11 01:26:00,1781141160,415.4149268,429.97209821,407.4151126,408.25844749,
2026-06-11 01:27:00,1781141220,408.25844749,411.09639926,396.86565499,410.50709363,
2026-06-11 01:28:00,1781141280,410.50709363,412.6630626,404.98980516,405.68877045,
2026-06-11 01:29:00,1781141340,405.68877045,414.13107674,400.94000675,413.4286598,
2026-06-11 01:30:00,1781141400,413.4286598,421.26883406,411.29200455,412.5422509,
2026-06-11 01:31:00,1781141460,412.5422509,412.5422509,396.81281225,397.94183613,
2026-06-11 01:32:00,1781141520,397.94183613,420.15999056,397.899346,420.09760964,
2026-06-11 01:33:00,1781141580,420.09760964,420.78812377,401.04185411,403.33223402,
2026-06-11 01:34:00,1781141640,403.33223402,416.32360382,403.07339288,415.60150096,
2026-06-11 01:35:00,1781141700,415.60150096,415.86602876,402.98527982,408.7596731,
2026-06-11 01:36:00,1781141760,408.7596731,408.7596731,393.01275819,393.0667505,
2026-06-11 01:37:00,1781141820,393.0667505,399.554555,390.1370365,395.25332269,
2026-06-11 01:38:00,1781141880,395.25332269,442.07538313,395.13526235,442.07538313,
2026-06-11 01:39:00,1781141940,442.07538313,444.59551877,427.2455808,436.80270709,
2026-06-11 01:40:00,1781142000,436.80270709,436.80270709,428.38686848,429.39327084,
2026-06-11 01:41:00,1781142060,429.39327084,471.68639169,429.39327084,469.34594113,
2026-06-11 01:42:00,1781142120,469.34594113,469.34594113,444.87129269,449.06128747,
2026-06-11 01:43:00,1781142180,449.06128747,456.97882566,445.06066933,449.70107392,
2026-06-11 01:44:00,1781142240,449.70107392,449.70107392,431.00666179,437.12466537,
2026-06-11 01:45:00,1781142300,437.12466537,438.24650011,429.49033729,429.57456614,
2026-06-11 01:46:00,1781142360,429.57456614,446.19664636,427.97236191,440.25406367,
2026-06-11 01:47:00,1781142420,440.25406367,447.08217256,435.4044969,436.87215728,
2026-06-11 01:48:00,1781142480,436.87215728,440.41071707,426.76579876,426.76579876,
2026-06-11 01:49:00,1781142540,426.76579876,443.88041742,426.09072337,436.2120414,
2026-06-11 01:50:00,1781142600,436.2120414,436.27457816,416.50657072,425.9876437,
2026-06-11 01:51:00,1781142660,425.9876437,441.15134592,425.86483767,436.35949547,
2026-06-11 01:52:00,1781142720,436.35949547,444.82854465,429.6478767,431.47690018,
2026-06-11 01:53:00,1781142780,431.47690018,437.81575692,429.45413855,432.50921119,
2026-06-11 01:54:00,1781142840,432.50921119,436.81830082,419.03536357,419.40652806,
2026-06-11 01:55:00,1781142900,419.40652806,419.46550213,406.13823288,408.1780947,
2026-06-11 01:56:00,1781142960,408.1780947,416.74325182,406.30183241,415.94571698,
2026-06-11 01:57:00,1781143020,415.94571698,423.67740014,414.36883914,423.67740014,
2026-06-11 01:58:00,1781143080,423.67740014,426.07602506,418.57058877,424.46800406,
2026-06-11 01:59:00,1781143140,424.46800406,432.67921676,413.81438397,414.49050098,
2026-06-11 02:00:00,1781143200,414.49050098,423.73716453,414.49050098,418.18962919,
2026-06-11 02:01:00,1781143260,418.18962919,426.29759009,406.9170426,426.29759009,
2026-06-11 02:02:00,1781143320,426.29759009,436.57030004,415.06191319,415.21137677,
2026-06-11 02:03:00,1781143380,415.21137677,422.26918561,409.30486361,419.28283531,
2026-06-11 02:04:00,1781143440,419.28283531,433.4898002,417.88006846,430.39865978,
2026-06-11 02:05:00,1781143500,430.39865978,432.85667656,414.1860074,418.49831626,
2026-06-11 02:06:00,1781143560,418.49831626,422.47826367,403.76328754,404.73786521,
2026-06-11 02:07:00,1781143620,404.73786521,406.55264204,398.46914441,400.79104486,
2026-06-11 02:08:00,1781143680,400.79104486,404.44051612,394.98783817,395.27547236,
2026-06-11 02:09:00,1781143740,395.27547236,401.79396085,393.71186867,400.95548263,
2026-06-11 02:10:00,1781143800,400.95548263,400.95548263,391.42282365,393.04343405,
2026-06-11 02:11:00,1781143860,393.04343405,394.46237842,386.00077976,386.32015326,
2026-06-11 02:12:00,1781143920,386.32015326,394.20855149,382.4613926,390.99795093,
2026-06-11 02:13:00,1781143980,390.99795093,399.03107899,390.58432695,394.39070204,
2026-06-11 02:14:00,1781144040,394.39070204,403.28188082,390.41992048,398.346803,
2026-06-11 02:15:00,1781144100,398.346803,406.3377907,397.65257053,401.5826628,
2026-06-11 02:16:00,1781144160,401.5826628,414.63851834,388.71512623,413.8809538,
2026-06-11 02:17:00,1781144220,413.8809538,425.09751972,409.44900576,425.09751972,
2026-06-11 02:18:00,1781144280,425.09751972,438.78563395,423.43646313,430.25597225,
2026-06-11 02:19:00,1781144340,430.25597225,438.58439751,424.78894204,434.53140398,
2026-06-11 02:20:00,1781144400,434.53140398,436.03021169,406.32599333,411.89089445,
2026-06-11 02:21:00,1781144460,411.89089445,411.89089445,381.65077102,384.00857996,
2026-06-11 02:22:00,1781144520,384.00857996,384.14127313,365.25403133,366.9502498,
2026-06-11 02:23:00,1781144580,366.9502498,377.50116789,365.28678095,370.64777209,
2026-06-11 02:24:00,1781144640,370.64777209,376.6593906,366.65648804,376.6593906,
2026-06-11 02:25:00,1781144700,376.6593906,378.60047869,370.78962142,374.50158678,
2026-06-11 02:26:00,1781144760,374.50158678,392.57833332,372.11743914,392.37067186,
2026-06-11 02:27:00,1781144820,392.37067186,396.15558683,374.88968279,374.88968279,
2026-06-11 02:28:00,1781144880,374.88968279,374.91786001,367.41452179,367.41452179,
2026-06-11 02:29:00,1781144940,367.41452179,367.41452179,363.17446347,366.89611353,
2026-06-11 02:30:00,1781145000,366.89611353,375.4496034,361.12406597,363.6134267,
2026-06-11 02:31:00,1781145060,363.6134267,366.41596582,345.66115735,345.90572527,
2026-06-11 02:32:00,1781145120,345.90572527,347.11523411,340.46907461,342.38661201,
2026-06-11 02:33:00,1781145180,342.38661201,353.3478295,342.38661201,350.47046,
2026-06-11 02:34:00,1781145240,350.47046,350.84456236,335.90659918,344.91071882,
2026-06-11 02:35:00,1781145300,344.91071882,353.42083761,342.52375484,351.76557348,
2026-06-11 02:36:00,1781145360,351.76557348,363.99065102,350.998942,362.99711553,
2026-06-11 02:37:00,1781145420,362.99711553,369.91515243,362.17635731,363.52921671,
2026-06-11 02:38:00,1781145480,363.52921671,365.19096692,358.63111745,363.5007885,
2026-06-11 02:39:00,1781145540,363.5007885,376.39238755,362.42686892,368.34485608,
2026-06-11 02:40:00,1781145600,368.34485608,383.34386762,367.91006293,376.02361033,
2026-06-11 02:41:00,1781145660,376.02361033,378.05824194,372.45376256,377.28766572,
2026-06-11 02:42:00,1781145720,377.28766572,377.42896714,365.35540347,367.51103841,
2026-06-11 02:43:00,1781145780,367.51103841,376.63488193,367.33306917,374.36432362,
2026-06-11 02:44:00,1781145840,374.36432362,376.10908849,368.00981564,369.91343798,
2026-06-11 02:45:00,1781145900,369.91343798,370.31193761,361.55678577,366.82084967,
2026-06-11 02:46:00,1781145960,366.82084967,368.95985521,357.02114233,358.49668384,
2026-06-11 02:47:00,1781146020,358.49668384,362.14916775,355.3428809,357.29786559,
2026-06-11 02:48:00,1781146080,357.29786559,360.5194944,354.64622677,355.45166506,
2026-06-11 02:49:00,1781146140,355.45166506,355.75722146,351.32407244,354.09015621,
2026-06-11 02:50:00,1781146200,354.09015621,376.44684848,354.00555837,373.53280389,
2026-06-11 02:51:00,1781146260,373.53280389,382.61853365,362.46786295,363.47933362,
2026-06-11 02:52:00,1781146320,363.47933362,370.85563304,363.47933362,370.85563304,
2026-06-11 02:53:00,1781146380,370.85563304,379.79449857,368.80198458,376.49708431,
2026-06-11 02:54:00,1781146440,376.49708431,389.13729041,373.92520661,379.96034149,
2026-06-11 02:55:00,1781146500,379.96034149,392.77615301,376.5173853,379.32709617,
2026-06-11 02:56:00,1781146560,379.32709617,410.79567385,379.32709617,403.01103402,
2026-06-11 02:57:00,1781146620,403.01103402,414.21940246,401.18792927,409.10623375,
2026-06-11 02:58:00,1781146680,409.10623375,411.05009889,399.63826377,399.63826377,
2026-06-11 02:59:00,1781146740,399.63826377,399.63826377,384.76359397,385.78007886,
2026-06-11 03:00:00,1781146800,385.78007886,393.47976841,384.25648728,390.7980096,
2026-06-11 03:01:00,1781146860,390.7980096,398.35282628,387.28208374,393.5390993,
2026-06-11 03:02:00,1781146920,393.5390993,394.89020613,383.5361104,391.39973294,
2026-06-11 03:03:00,1781146980,391.39973294,395.01650282,386.91403776,388.63389017,
2026-06-11 03:04:00,1781147040,388.63389017,390.86811719,385.56887347,389.72685678,
2026-06-11 03:05:00,1781147100,389.72685678,394.59424184,382.23798701,383.510073,
2026-06-11 03:06:00,1781147160,383.510073,383.510073,361.26401223,364.33156407,
2026-06-11 03:07:00,1781147220,364.33156407,373.79306338,361.02325073,370.30418656,
2026-06-11 03:08:00,1781147280,370.30418656,370.33059511,362.19382115,367.76664282,
2026-06-11 03:09:00,1781147340,367.76664282,378.90176123,367.73684868,373.77804515,
2026-06-11 03:10:00,1781147400,373.77804515,374.67576737,366.3329486,369.01622539,
2026-06-11 03:11:00,1781147460,369.01622539,371.06204708,359.22716745,362.70756751,
2026-06-11 03:12:00,1781147520,362.70756751,362.70756751,346.29264881,347.09567075,
2026-06-11 03:13:00,1781147580,347.09567075,357.57707611,344.12742439,357.57707611,
2026-06-11 03:14:00,1781147640,357.57707611,369.29384985,356.85678778,361.80830555,
2026-06-11 03:15:00,1781147700,361.80830555,367.77826548,357.93114058,367.56906538,
2026-06-11 03:16:00,1781147760,367.56906538,370.00048699,362.82065649,368.75994079,
2026-06-11 03:17:00,1781147820,368.75994079,381.92754024,366.61492776,372.94163176,
2026-06-11 03:18:00,1781147880,372.94163176,378.42307128,372.21851457,373.68248488,
2026-06-11 03:19:00,1781147940,373.68248488,373.93126819,359.52491639,359.57998735,
2026-06-11 03:20:00,1781148000,359.57998735,359.63329819,350.30668841,350.86421219,
2026-06-11 03:21:00,1781148060,350.86421219,362.34420771,347.53967441,361.83332813,
2026-06-11 03:22:00,1781148120,361.83332813,368.14380325,355.39995982,358.00549977,
2026-06-11 03:23:00,1781148180,358.00549977,361.6408055,357.05519683,361.47157822,
2026-06-11 03:24:00,1781148240,361.47157822,373.72520304,360.44432152,373.44251987,
2026-06-11 03:25:00,1781148300,373.44251987,376.20740515,366.191468,376.02363191,
2026-06-11 03:26:00,1781148360,376.02363191,376.02363191,368.45198024,372.74894039,
2026-06-11 03:27:00,1781148420,372.74894039,377.32049856,368.73665077,375.0484774,
2026-06-11 03:28:00,1781148480,375.0484774,375.36845305,373.00556782,374.76080747,
2026-06-11 03:29:00,1781148540,374.76080747,376.28722846,371.27472887,374.40921425,
2026-06-11 03:30:00,1781148600,374.40921425,382.83774762,372.18206278,379.94924457,
2026-06-11 03:31:00,1781148660,379.94924457,400.79524649,379.21391662,400.6739169,
2026-06-11 03:32:00,1781148720,400.6739169,426.51500037,397.99978468,416.80718776,
2026-06-11 03:33:00,1781148780,416.80718776,478.69611776,413.09735984,475.34025549,
2026-06-11 03:34:00,1781148840,475.34025549,513.82471471,465.25924378,468.27259876,
2026-06-11 03:35:00,1781148900,468.27259876,490.10969756,453.21449869,470.59767944,
2026-06-11 03:36:00,1781148960,470.59767944,476.91229095,442.9203211,454.0411351,
2026-06-11 03:37:00,1781149020,454.0411351,463.39342556,446.21048376,460.93309317,
2026-06-11 03:38:00,1781149080,460.93309317,465.69301894,452.51005672,454.84787934,
2026-06-11 03:39:00,1781149140,454.84787934,464.16192833,453.03065791,453.2771038,
2026-06-11 03:40:00,1781149200,453.2771038,463.43014191,447.63013967,449.5294105,
2026-06-11 03:41:00,1781149260,449.5294105,459.86365312,446.63061398,459.86365312,
2026-06-11 03:42:00,1781149320,459.86365312,469.36905932,452.90872535,465.67101865,
2026-06-11 03:43:00,1781149380,465.67101865,469.25682914,465.2049556,467.59801022,
2026-06-11 03:44:00,1781149440,467.59801022,467.59801022,451.10522506,453.66774441,
2026-06-11 03:45:00,1781149500,453.66774441,483.8112213,453.66774441,470.84481952,
2026-06-11 03:46:00,1781149560,470.84481952,470.93886299,457.79067698,459.51716446,
2026-06-11 03:47:00,1781149620,459.51716446,480.76624915,452.20493503,467.09968579,
2026-06-11 03:48:00,1781149680,467.09968579,484.96194027,460.58705103,468.31617134,
2026-06-11 03:49:00,1781149740,468.31617134,483.98193042,464.50615151,464.50615151,
2026-06-11 03:50:00,1781149800,464.50615151,485.31148545,464.47106038,481.58494864,
2026-06-11 03:51:00,1781149860,481.58494864,484.6138045,476.55064378,479.45658498,
2026-06-11 03:52:00,1781149920,479.45658498,496.07580519,469.69198046,483.65034897,
2026-06-11 03:53:00,1781149980,483.65034897,497.15192894,477.18622715,490.83967181,
2026-06-11 03:54:00,1781150040,490.83967181,490.83967181,484.86173668,487.74093843,
2026-06-11 03:55:00,1781150100,487.74093843,576.47344533,484.7524609,572.08002577,
2026-06-11 03:56:00,1781150160,572.08002577,618.41065494,556.78422588,577.38758003,
2026-06-11 03:57:00,1781150220,577.38758003,597.00056266,575.65911614,593.28484792,
2026-06-11 03:58:00,1781150280,593.28484792,612.51925572,577.8092528,581.52449796,
2026-06-11 03:59:00,1781150340,581.52449796,589.9372251,565.80954473,565.80954473,
2026-06-11 04:00:00,1781150400,565.80954473,573.65773378,552.57166532,552.60900742,
2026-06-11 04:01:00,1781150460,552.60900742,553.65118776,527.87876434,531.44894562,
2026-06-11 04:02:00,1781150520,531.44894562,561.74582243,531.44691484,548.06124493,
2026-06-11 04:03:00,1781150580,548.06124493,548.06124493,529.96685893,541.73541044,
2026-06-11 04:04:00,1781150640,541.73541044,558.8504353,541.69650661,546.29815341,
2026-06-11 04:05:00,1781150700,546.29815341,546.29815341,531.29332013,538.0260695,
2026-06-11 04:06:00,1781150760,538.0260695,541.93169843,522.70725191,526.6405814,
2026-06-11 04:07:00,1781150820,526.6405814,536.08236652,525.07750875,531.31880165,
2026-06-11 04:08:00,1781150880,531.31880165,543.63652663,530.98879822,542.63109569,
2026-06-11 04:09:00,1781150940,542.63109569,544.34887106,529.12237205,541.72727096,
2026-06-11 04:10:00,1781151000,541.72727096,558.07389594,521.19661807,550.73955734,
2026-06-11 04:11:00,1781151060,550.73955734,563.72064796,539.13409831,562.53817312,
2026-06-11 04:12:00,1781151120,562.53817312,573.82636716,556.02075881,568.54406028,
2026-06-11 04:13:00,1781151180,568.54406028,584.63594719,562.17082253,572.95969461,
2026-06-11 04:14:00,1781151240,572.95969461,575.96891555,557.42714941,557.42714941,
2026-06-11 04:15:00,1781151300,557.42714941,558.96587475,546.74981964,557.02916909,
2026-06-11 04:16:00,1781151360,557.02916909,573.44177827,542.80118757,542.9122182,
2026-06-11 04:17:00,1781151420,542.9122182,549.48051245,540.23339821,546.23183518,
2026-06-11 04:18:00,1781151480,546.23183518,548.47782681,531.61439202,534.32186303,
2026-06-11 04:19:00,1781151540,534.32186303,549.71143678,533.85659243,549.63253168,
2026-06-11 04:20:00,1781151600,549.63253168,569.44854897,542.54754196,564.4597442,
2026-06-11 04:21:00,1781151660,564.4597442,568.03142309,539.70436384,541.1050733,
2026-06-11 04:22:00,1781151720,541.1050733,542.38834027,529.52692029,536.68313894,
2026-06-11 04:23:00,1781151780,536.68313894,543.01664277,530.14163879,539.01952725,
2026-06-11 04:24:00,1781151840,539.01952725,548.9979453,532.12471713,533.42945177,
2026-06-11 04:25:00,1781151900,533.42945177,535.76450017,524.65400653,530.76142256,
2026-06-11 04:26:00,1781151960,530.76142256,541.09030896,530.76142256,536.8495956,
2026-06-11 04:27:00,1781152020,536.8495956,536.8495956,526.5093079,528.60905128,
2026-06-11 04:28:00,1781152080,528.60905128,533.83345679,525.80446868,529.83829675,
2026-06-11 04:29:00,1781152140,529.83829675,536.81430493,529.56732298,533.9581665,
2026-06-11 04:30:00,1781152200,533.9581665,543.9884933,532.52339655,540.73129854,
2026-06-11 04:31:00,1781152260,540.73129854,545.60353686,532.71283157,532.8172167,
2026-06-11 04:32:00,1781152320,532.8172167,533.21626554,522.19336704,529.77112423,
2026-06-11 04:33:00,1781152380,529.77112423,533.25544444,516.64814522,517.22527274,
2026-06-11 04:34:00,1781152440,517.22527274,522.18547469,506.25645409,510.82238677,
2026-06-11 04:35:00,1781152500,510.82238677,521.72445164,508.74884781,517.88076179,
2026-06-11 04:36:00,1781152560,517.88076179,528.11996046,514.44246828,526.25610883,
2026-06-11 04:37:00,1781152620,526.25610883,527.051759,518.15884791,523.91496631,
2026-06-11 04:38:00,1781152680,523.91496631,552.6866218,523.91496631,548.03768514,
2026-06-11 04:39:00,1781152740,548.03768514,558.40715433,545.80469423,557.94124736,
2026-06-11 04:40:00,1781152800,557.94124736,564.59283047,541.84299716,550.88926353,
2026-06-11 04:41:00,1781152860,550.88926353,551.07472321,535.9685834,539.98327624,
2026-06-11 04:42:00,1781152920,539.98327624,544.32406379,534.8710398,534.8710398,
2026-06-11 04:43:00,1781152980,534.8710398,538.45311731,530.95936698,537.0152452,
2026-06-11 04:44:00,1781153040,537.0152452,550.79786401,537.01115759,550.79786401,
2026-06-11 04:45:00,1781153100,550.79786401,560.64984779,547.19744519,558.68640501,
2026-06-11 04:46:00,1781153160,558.68640501,561.82433325,555.92586145,559.85881498,
2026-06-11 04:47:00,1781153220,559.85881498,589.97010267,559.37903375,584.79731167,
2026-06-11 04:48:00,1781153280,584.79731167,584.79731167,564.33632867,583.91120379,
2026-06-11 04:49:00,1781153340,583.91120379,596.25939719,579.80866799,589.72650972,
2026-06-11 04:50:00,1781153400,589.72650972,614.03593897,589.48809717,613.08261477,
2026-06-11 04:51:00,1781153460,613.08261477,614.68318153,596.33733693,596.65544846,
2026-06-11 04:52:00,1781153520,596.65544846,620.31283195,596.61149462,603.61994963,
2026-06-11 04:53:00,1781153580,603.61994963,607.03069116,592.60387831,598.29429387,
2026-06-11 04:54:00,1781153640,598.29429387,605.32448232,591.00247538,603.77459398,
2026-06-11 04:55:00,1781153700,603.77459398,607.22213726,587.1723017,588.35118878,
2026-06-11 04:56:00,1781153760,588.35118878,592.13487898,581.24680355,581.31312474,
2026-06-11 04:57:00,1781153820,581.31312474,582.34163147,571.19370074,574.78670437,
2026-06-11 04:58:00,1781153880,574.78670437,574.78670437,546.32968534,549.11916713,
2026-06-11 04:59:00,1781153940,549.11916713,564.05599649,546.70273597,556.86026582,
2026-06-11 05:00:00,1781154000,556.86026582,558.23579289,516.81277547,520.98550304,
2026-06-11 05:01:00,1781154060,520.98550304,524.4574472,510.49605056,510.92670228,
2026-06-11 05:02:00,1781154120,510.92670228,522.37394097,503.85247691,512.33185074,
2026-06-11 05:03:00,1781154180,512.33185074,515.67491046,502.62726528,508.27839052,
2026-06-11 05:04:00,1781154240,508.27839052,508.6306104,500.89385251,502.50154163,
2026-06-11 05:05:00,1781154300,502.50154163,502.83985827,496.76444199,501.77718463,
2026-06-11 05:06:00,1781154360,501.77718463,504.8949286,491.82511202,493.05574502,
2026-06-11 05:07:00,1781154420,493.05574502,507.57311665,492.73669471,501.70119783,
2026-06-11 05:08:00,1781154480,501.70119783,509.92958816,501.63993079,506.91892275,
2026-06-11 05:09:00,1781154540,506.91892275,516.88503858,505.66336062,515.43735202,
2026-06-11 05:10:00,1781154600,515.43735202,523.02099534,507.40612031,508.19525903,
2026-06-11 05:11:00,1781154660,508.19525903,509.80918873,501.62188408,503.32890213,
2026-06-11 05:12:00,1781154720,503.32890213,518.57315531,502.57407216,512.82947326,
2026-06-11 05:13:00,1781154780,512.82947326,514.70229251,503.23275574,503.76627325,
2026-06-11 05:14:00,1781154840,503.76627325,516.23040353,503.62090322,514.6137434,
2026-06-11 05:15:00,1781154900,514.6137434,525.36666428,508.8947908,520.47798946,
2026-06-11 05:16:00,1781154960,520.47798946,539.13192853,520.47798946,533.8322298,
2026-06-11 05:17:00,1781155020,533.8322298,545.8009994,530.99601779,535.50417273,
2026-06-11 05:18:00,1781155080,535.50417273,536.65491479,513.71546413,513.71546413,
2026-06-11 05:19:00,1781155140,513.71546413,531.12025726,511.78883459,515.12028999,
2026-06-11 05:20:00,1781155200,515.12028999,525.21052461,512.24501501,525.1323871,
2026-06-11 05:21:00,1781155260,525.1323871,541.01378471,524.52057713,540.17901139,
2026-06-11 05:22:00,1781155320,540.17901139,544.27116477,529.9412318,544.26913787,
2026-06-11 05:23:00,1781155380,544.26913787,547.17940551,524.75885041,525.05580133,
2026-06-11 05:24:00,1781155440,525.05580133,536.93655801,522.96633663,527.14680576,
2026-06-11 05:25:00,1781155500,527.14680576,528.32139004,513.60738174,523.18616638,
2026-06-11 05:26:00,1781155560,523.18616638,528.31881076,509.8311373,514.60977115,
2026-06-11 05:27:00,1781155620,514.60977115,518.19357857,497.0147208,497.0147208,
2026-06-11 05:28:00,1781155680,497.0147208,498.63868983,488.34204559,498.32332362,
2026-06-11 05:29:00,1781155740,498.32332362,508.93518121,497.92238631,506.56979865,
2026-06-11 05:30:00,1781155800,506.56979865,514.44145387,502.61014686,506.48636194,
2026-06-11 05:31:00,1781155860,506.48636194,507.36332193,493.52852871,498.03380031,
2026-06-11 05:32:00,1781155920,498.03380031,523.21240353,498.03181737,520.54804628,
2026-06-11 05:33:00,1781155980,520.54804628,528.44927506,511.00326959,516.53923894,
2026-06-11 05:34:00,1781156040,516.53923894,519.10173511,509.27750842,510.40421638,
2026-06-11 05:35:00,1781156100,510.40421638,513.06453858,495.63360687,499.39506354,
2026-06-11 05:36:00,1781156160,499.39506354,523.16289789,495.84206201,515.48632881,
2026-06-11 05:37:00,1781156220,515.48632881,520.96833552,511.18146618,516.11625772,
2026-06-11 05:38:00,1781156280,516.11625772,521.81037405,513.91260738,519.46364808,
2026-06-11 05:39:00,1781156340,519.46364808,519.46364808,501.02425768,501.74776759,
2026-06-11 05:40:00,1781156400,501.74776759,507.24614809,498.97619534,503.14707552,
2026-06-11 05:41:00,1781156460,503.14707552,514.01752269,500.31372084,514.01552945,
2026-06-11 05:42:00,1781156520,514.01552945,519.43412504,511.49038051,515.72807164,
2026-06-11 05:43:00,1781156580,515.72807164,529.25987461,515.57844006,520.83343474,
2026-06-11 05:44:00,1781156640,520.83343474,528.66540789,515.61942143,526.44984691,
2026-06-11 05:45:00,1781156700,526.44984691,530.88031449,523.22931105,524.9729641,
2026-06-11 05:46:00,1781156760,524.9729641,527.70503298,519.17811037,522.97720311,
2026-06-11 05:47:00,1781156820,522.97720311,524.09465606,508.73381601,508.87386075,
2026-06-11 05:48:00,1781156880,508.87386075,511.55597157,498.41760342,506.80472755,
2026-06-11 05:49:00,1781156940,506.80472755,512.32270906,502.74643293,504.69901593,
2026-06-11 05:50:00,1781157000,504.69901593,510.70895861,496.01796722,499.65851108,
2026-06-11 05:51:00,1781157060,499.65851108,513.76669665,495.11047945,500.5469067,
2026-06-11 05:52:00,1781157120,500.5469067,501.4992094,494.50706115,499.20600029,
2026-06-11 05:53:00,1781157180,499.20600029,520.02961613,499.16782289,519.46481438,
2026-06-11 05:54:00,1781157240,519.46481438,519.46481438,498.62298487,502.394296,
2026-06-11 05:55:00,1781157300,502.394296,521.44576422,502.394296,517.52147546,
2026-06-11 05:56:00,1781157360,517.52147546,526.10273562,506.12427227,506.60845511,
2026-06-11 05:57:00,1781157420,506.60845511,516.29977238,504.66112087,514.6716374,
2026-06-11 05:58:00,1781157480,514.6716374,517.67515783,503.76437497,503.76437497,
2026-06-11 05:59:00,1781157540,503.76437497,503.89571489,485.61616868,491.45008732,
2026-06-11 06:00:00,1781157600,491.45008732,496.61736299,485.63266868,491.62317434,
2026-06-11 06:01:00,1781157660,491.62317434,496.23928965,483.60822254,488.54198692,
2026-06-11 06:02:00,1781157720,488.54198692,488.70583357,482.09525763,482.73162545,
2026-06-11 06:03:00,1781157780,482.73162545,494.17815711,482.73162545,491.7530191,
2026-06-11 06:04:00,1781157840,491.7530191,491.7530191,464.62219215,464.62219215,
2026-06-11 06:05:00,1781157900,464.62219215,482.26958614,461.6201475,475.57869079,
2026-06-11 06:06:00,1781157960,475.57869079,477.67493568,465.55916356,475.67851239,
2026-06-11 06:07:00,1781158020,475.67851239,484.22917009,472.66267232,473.99146032,
2026-06-11 06:08:00,1781158080,473.99146032,499.28522934,473.58607508,497.71921111,
2026-06-11 06:09:00,1781158140,497.71921111,510.62094326,495.90598126,505.5608865,
2026-06-11 06:10:00,1781158200,505.5608865,513.96632106,502.22419064,511.69508987,
2026-06-11 06:11:00,1781158260,511.69508987,529.37212727,506.694864,524.77398688,
2026-06-11 06:12:00,1781158320,524.77398688,557.28480008,523.52953359,557.28480008,
2026-06-11 06:13:00,1781158380,557.28480008,564.02422367,543.252663,550.26201611,
2026-06-11 06:14:00,1781158440,550.26201611,554.22474867,546.67569578,552.27429139,
2026-06-11 06:15:00,1781158500,552.27429139,576.47820096,552.27429139,568.25544081,
2026-06-11 06:16:00,1781158560,568.25544081,590.72793157,563.88675137,565.42507135,
2026-06-11 06:17:00,1781158620,565.42507135,566.1929466,555.08016221,562.94462568,
2026-06-11 06:18:00,1781158680,562.94462568,562.94462568,531.6634668,534.36186325,
2026-06-11 06:19:00,1781158740,534.36186325,549.6758769,533.00995806,543.06141532,
2026-06-11 06:20:00,1781158800,543.06141532,573.53469952,543.05939328,571.84909461,
2026-06-11 06:21:00,1781158860,571.84909461,625.03642298,571.64685167,604.35434931,
2026-06-11 06:22:00,1781158920,604.35434931,604.35434931,586.70444627,591.3227785,
2026-06-11 06:23:00,1781158980,591.3227785,614.67666285,583.49304162,606.88371123,
2026-06-11 06:24:00,1781159040,606.88371123,627.35781312,594.68039444,620.47878705,
2026-06-11 06:25:00,1781159100,620.47878705,628.57172998,595.62876605,595.71135122,
2026-06-11 06:26:00,1781159160,595.71135122,602.25725754,576.45547864,581.29389095,
2026-06-11 06:27:00,1781159220,581.29389095,591.17566543,570.15663868,575.53242267,
2026-06-11 06:28:00,1781159280,575.53242267,580.86534402,571.35527572,576.50902531,
2026-06-11 06:29:00,1781159340,576.50902531,582.17553765,567.83934839,577.29299356,
2026-06-11 06:30:00,1781159400,577.29299356,582.65223252,567.56832966,567.87793905,
2026-06-11 06:31:00,1781159460,567.87793905,590.75304455,567.83381333,589.75223599,
2026-06-11 06:32:00,1781159520,589.75223599,605.82350972,588.72060042,598.40715651,
2026-06-11 06:33:00,1781159580,598.40715651,600.10332145,586.65724308,598.25050085,
2026-06-11 06:34:00,1781159640,598.25050085,614.05508004,593.97308155,606.66934257,
2026-06-11 06:35:00,1781159700,606.66934257,606.91729224,595.17432274,600.45415311,
2026-06-11 06:36:00,1781159760,600.45415311,623.11266016,597.70467259,616.71697749,
2026-06-11 06:37:00,1781159820,616.71697749,622.13782352,605.25536554,613.01320064,
2026-06-11 06:38:00,1781159880,613.01320064,617.68797709,607.70808951,616.75453207,
2026-06-11 06:39:00,1781159940,616.75453207,617.31872709,612.75993862,614.63349028,
2026-06-11 06:40:00,1781160000,614.63349028,619.16243476,613.94410136,615.06486683,
2026-06-11 06:41:00,1781160060,615.06486683,627.34498218,591.06877576,625.76777546,
2026-06-11 06:42:00,1781160120,625.76777546,625.76777546,605.48661622,608.71407528,
2026-06-11 06:43:00,1781160180,608.71407528,611.3187095,595.53626939,597.16478025,
2026-06-11 06:44:00,1781160240,597.16478025,609.18016413,596.50132248,608.96243959,
2026-06-11 06:45:00,1781160300,608.96243959,611.30739356,590.95065856,591.37020329,
2026-06-11 06:46:00,1781160360,591.37020329,592.06395718,571.34399357,577.17381512,
2026-06-11 06:47:00,1781160420,577.17381512,577.30972584,565.42528124,568.13777821,
2026-06-11 06:48:00,1781160480,568.13777821,570.19939792,561.16887348,569.54808273,
2026-06-11 06:49:00,1781160540,569.54808273,569.54808273,547.64139061,549.34637076,
2026-06-11 06:50:00,1781160600,549.34637076,554.46081149,545.08138088,552.15430996,
2026-06-11 06:51:00,1781160660,552.15430996,554.11006813,548.29997781,553.75237768,
2026-06-11 06:52:00,1781160720,553.75237768,555.41590232,545.18626964,546.42741169,
2026-06-11 06:53:00,1781160780,546.42741169,546.44644861,538.3111433,541.72216215,
2026-06-11 06:54:00,1781160840,541.72216215,551.05282656,538.01530849,551.05079955,
2026-06-11 06:55:00,1781160900,551.05079955,551.05079955,524.04093941,531.65418006,
2026-06-11 06:56:00,1781160960,531.65418006,536.07643,526.76400762,527.41974838,
2026-06-11 06:57:00,1781161020,527.41974838,538.20175552,527.33561091,533.44839862,
2026-06-11 06:58:00,1781161080,533.44839862,544.60276315,532.66554353,534.65364714,
2026-06-11 06:59:00,1781161140,534.65364714,537.09961554,530.92985091,530.92985091,
2026-06-11 07:00:00,1781161200,530.92985091,534.78070038,525.77986041,527.85919222,
2026-06-11 07:01:00,1781161260,527.85919222,536.15602998,522.74612588,533.50691361,
2026-06-11 07:02:00,1781161320,533.50691361,541.59317433,507.12326626,507.12326626,
2026-06-11 07:03:00,1781161380,507.12326626,515.75618857,498.45602992,505.156863,
2026-06-11 07:04:00,1781161440,505.156863,509.66201798,497.87836724,497.91490357,
2026-06-11 07:05:00,1781161500,497.91490357,505.76581418,497.55932009,500.56853068,
2026-06-11 07:06:00,1781161560,500.56853068,506.64709814,496.99400934,498.74993859,
2026-06-11 07:07:00,1781161620,498.74993859,501.33373634,483.2486525,492.28391757,
2026-06-11 07:08:00,1781161680,492.28391757,498.97439339,491.9569371,498.97439339,
2026-06-11 07:09:00,1781161740,498.97439339,501.35877175,491.51004979,498.47448311,
2026-06-11 07:10:00,1781161800,498.47448311,509.00134612,493.40058282,506.86079616,
2026-06-11 07:11:00,1781161860,506.86079616,516.56384838,503.34783227,506.01344032,
2026-06-11 07:12:00,1781161920,506.01344032,507.85411355,492.64334889,493.86562294,
2026-06-11 07:13:00,1781161980,493.86562294,505.32563254,484.87597702,499.01326658,
2026-06-11 07:14:00,1781162040,499.01326658,508.65198756,498.97491983,502.279913,
2026-06-11 07:15:00,1781162100,502.279913,507.09591245,498.01012429,505.19748467,
2026-06-11 07:16:00,1781162160,505.19748467,513.72909359,496.5168667,511.66673869,
2026-06-11 07:17:00,1781162220,511.66673869,517.07308441,508.21176467,513.83100994,
2026-06-11 07:18:00,1781162280,513.83100994,529.87558074,512.45523218,520.77552492,
2026-06-11 07:19:00,1781162340,520.77552492,522.40009078,514.57409487,517.13562599,
2026-06-11 07:20:00,1781162400,517.13562599,539.24059094,516.13129999,538.85627125,
2026-06-11 07:21:00,1781162460,538.85627125,553.78478331,538.00835942,552.2675867,
2026-06-11 07:22:00,1781162520,552.2675867,561.43707746,540.87588696,545.80803068,
2026-06-11 07:23:00,1781162580,545.80803068,545.80803068,531.90866344,534.61498721,
2026-06-11 07:24:00,1781162640,534.61498721,553.2611088,532.07487824,553.22227385,
2026-06-11 07:25:00,1781162700,553.22227385,554.27146944,537.87009262,539.42048489,
2026-06-11 07:26:00,1781162760,539.42048489,544.97899971,537.42687648,542.01334075,
2026-06-11 07:27:00,1781162820,542.01334075,552.92345552,542.00917153,547.13757632,
2026-06-11 07:28:00,1781162880,547.13757632,550.7425238,544.43798245,550.32950035,
2026-06-11 07:29:00,1781162940,550.32950035,561.16873278,546.12050581,560.97974266,
2026-06-11 07:30:00,1781163000,560.97974266,581.85610786,560.97764194,564.42184331,
2026-06-11 07:31:00,1781163060,564.42184331,564.42184331,541.44521154,544.61179895,
2026-06-11 07:32:00,1781163120,544.61179895,548.27105131,542.90589295,548.27105131,
2026-06-11 07:33:00,1781163180,548.27105131,556.63375535,547.65246719,548.90181948,
2026-06-11 07:34:00,1781163240,548.90181948,549.75997082,534.86366117,536.27523879,
2026-06-11 07:35:00,1781163300,536.27523879,543.6071061,533.54681,540.98984997,
2026-06-11 07:36:00,1781163360,540.98984997,549.3822115,533.92076391,535.16005297,
2026-06-11 07:37:00,1781163420,535.16005297,540.35072143,530.35528867,532.54831562,
2026-06-11 07:38:00,1781163480,532.54831562,532.54831562,514.79831477,516.14659014,
2026-06-11 07:39:00,1781163540,516.14659014,516.3497992,505.40119038,505.60772064,
2026-06-11 07:40:00,1781163600,505.60772064,505.60772064,495.27124358,497.13190569,
2026-06-11 07:41:00,1781163660,497.13190569,514.59205929,496.94812545,512.12855432,
2026-06-11 07:42:00,1781163720,512.12855432,527.30279018,511.94524293,522.82561172,
2026-06-11 07:43:00,1781163780,522.82561172,530.84154049,515.68053893,528.45680966,
2026-06-11 07:44:00,1781163840,528.45680966,529.04508773,515.21088524,523.84920094,
2026-06-11 07:45:00,1781163900,523.84920094,533.89774074,523.50185006,531.49299314,
2026-06-11 07:46:00,1781163960,531.49299314,539.67315694,531.4776444,539.36665739,
2026-06-11 07:47:00,1781164020,539.36665739,555.697056,538.90369141,545.49937257,
2026-06-11 07:48:00,1781164080,545.49937257,550.30608323,541.29010458,542.76857169,
2026-06-11 07:49:00,1781164140,542.76857169,550.02247444,542.28855358,543.83646818,
2026-06-11 07:50:00,1781164200,543.83646818,547.9162942,542.58307864,545.0686248,
2026-06-11 07:51:00,1781164260,545.0686248,548.54332992,535.044375,536.46427549,
2026-06-11 07:52:00,1781164320,536.46427549,536.46427549,530.90305018,533.02391971,
2026-06-11 07:53:00,1781164380,533.02391971,545.03284598,532.41052855,535.06578478,
2026-06-11 07:54:00,1781164440,535.06578478,541.81261013,532.44064306,540.05505134,
2026-06-11 07:55:00,1781164500,540.05505134,550.60709563,539.17914662,548.76737151,
2026-06-11 07:56:00,1781164560,548.76737151,553.31590336,545.25192522,549.88215058,
2026-06-11 07:57:00,1781164620,549.88215058,555.35364917,549.38196516,551.16705661,
2026-06-11 07:58:00,1781164680,551.16705661,552.2235369,544.40992389,544.44786196,
2026-06-11 07:59:00,1781164740,544.44786196,546.57584747,542.66922482,544.55263112,
2026-06-11 08:00:00,1781164800,544.55263112,566.15604681,544.43667809,561.10282928,
2026-06-11 08:01:00,1781164860,561.10282928,567.7943161,547.00265709,556.78149622,
2026-06-11 08:02:00,1781164920,556.78149622,572.71820254,554.47615188,563.77952724,
2026-06-11 08:03:00,1781164980,563.77952724,571.0844207,561.63851117,563.54346566,
2026-06-11 08:04:00,1781165040,563.54346566,563.91741523,552.82140222,552.85986414,
2026-06-11 08:05:00,1781165100,552.85986414,561.49278238,552.15358088,557.83459493,
2026-06-11 08:06:00,1781165160,557.83459493,567.1117676,556.75736515,566.40374331,
2026-06-11 08:07:00,1781165220,566.40374331,566.51920334,557.1813442,560.2814767,
2026-06-11 08:08:00,1781165280,560.2814767,565.98498679,556.2762174,565.78703224,
2026-06-11 08:09:00,1781165340,565.78703224,581.10461954,563.47316261,570.88659842,
2026-06-11 08:10:00,1781165400,570.88659842,579.01720966,570.62797674,573.51896022,
2026-06-11 08:11:00,1781165460,573.51896022,582.71794857,569.95499445,569.99208234,
2026-06-11 08:12:00,1781165520,569.99208234,575.80238996,569.98992332,573.59662448,
2026-06-11 08:13:00,1781165580,573.59662448,606.47065461,573.55287727,605.52185931,
2026-06-11 08:14:00,1781165640,605.52185931,605.52185931,580.74882463,589.64446269,
2026-06-11 08:15:00,1781165700,589.64446269,590.3969585,583.75405039,584.85021997,
2026-06-11 08:16:00,1781165760,584.85021997,584.85021997,576.5883695,578.74715532,
2026-06-11 08:17:00,1781165820,578.74715532,589.72440657,578.74715532,581.57003711,
2026-06-11 08:18:00,1781165880,581.57003711,596.06940215,581.57003711,593.74648112,
2026-06-11 08:19:00,1781165940,593.74648112,593.82487162,586.05332068,587.99046446,
2026-06-11 08:20:00,1781166000,587.99046446,587.99046446,582.68626657,584.51105382,
2026-06-11 08:21:00,1781166060,584.51105382,590.11964152,584.46907473,585.99304801,
2026-06-11 08:22:00,1781166120,585.99304801,607.74935755,585.99086253,605.64419469,
2026-06-11 08:23:00,1781166180,605.64419469,628.87723963,605.6011988,627.93262968,
2026-06-11 08:24:00,1781166240,627.93262968,635.64552049,619.77894544,631.6294459,
2026-06-11 08:25:00,1781166300,631.6294459,632.25397094,619.46324016,625.60761555,
2026-06-11 08:26:00,1781166360,625.60761555,632.7574533,623.63848583,624.80477054,
2026-06-11 08:27:00,1781166420,624.80477054,635.48779009,622.88935638,631.27974462,
2026-06-11 08:28:00,1781166480,631.27974462,645.48198198,629.35399749,640.50486473,
2026-06-11 08:29:00,1781166540,640.50486473,643.0301859,637.85529645,643.01672932,
2026-06-11 08:30:00,1781166600,643.01672932,647.76330175,638.56516237,639.99720415,
2026-06-11 08:31:00,1781166660,639.99720415,640.16375178,630.97948168,636.37246563,
2026-06-11 08:32:00,1781166720,636.37246563,646.48024741,634.83930857,638.12670704,
2026-06-11 08:33:00,1781166780,638.12670704,646.44152169,637.31874698,645.00157476,
2026-06-11 08:34:00,1781166840,645.00157476,649.38958925,641.53099647,643.316542,
2026-06-11 08:35:00,1781166900,643.316542,647.45644778,639.8683332,644.14905954,
2026-06-11 08:36:00,1781166960,644.14905954,644.45401411,640.21847306,640.56399417,
2026-06-11 08:37:00,1781167020,640.56399417,648.47682047,640.56399417,644.76967207,
2026-06-11 08:38:00,1781167080,644.76967207,644.76967207,640.40916165,641.22123307,
2026-06-11 08:39:00,1781167140,641.22123307,662.10777541,637.27279319,655.58311196,
2026-06-11 08:40:00,1781167200,655.58311196,655.58311196,646.65105118,647.71333928,
2026-06-11 08:41:00,1781167260,647.71333928,647.77363037,636.80814212,639.10587433,
2026-06-11 08:42:00,1781167320,639.10587433,639.73862546,624.92905663,625.13605756,
2026-06-11 08:43:00,1781167380,625.13605756,628.74609667,604.99248331,605.03076235,
2026-06-11 08:44:00,1781167440,605.03076235,605.56500394,601.0901107,604.87532305,
2026-06-11 08:45:00,1781167500,604.87532305,623.26654878,602.63117671,616.31176413,
2026-06-11 08:46:00,1781167560,616.31176413,626.11995031,609.40789267,626.11322175,
2026-06-11 08:47:00,1781167620,626.11322175,644.10335459,622.56493104,643.17346674,
2026-06-11 08:48:00,1781167680,643.17346674,684.84184357,642.91776046,668.49825984,
2026-06-11 08:49:00,1781167740,668.49825984,679.20824813,651.44942355,651.85981728,
2026-06-11 08:50:00,1781167800,651.85981728,662.44302869,651.45196356,655.18040556,
2026-06-11 08:51:00,1781167860,655.18040556,669.12432401,647.99294726,648.33253158,
2026-06-11 08:52:00,1781167920,648.33253158,648.61447943,635.7390681,643.57483732,
2026-06-11 08:53:00,1781167980,643.57483732,644.68383567,639.48711137,642.90840722,
2026-06-11 08:54:00,1781168040,642.90840722,644.1380996,641.22813881,643.26030888,
2026-06-11 08:55:00,1781168100,643.26030888,648.81718172,641.04290968,642.92192669,
2026-06-11 08:56:00,1781168160,642.92192669,643.26006497,628.4400936,632.9169515,
2026-06-11 08:57:00,1781168220,632.9169515,635.1757983,623.23769683,633.95505079,
2026-06-11 08:58:00,1781168280,633.95505079,637.53749046,632.78312013,633.30206326,
2026-06-11 08:59:00,1781168340,633.30206326,644.06912326,632.33283368,644.06912326,
2026-06-11 09:00:00,1781168400,644.06912326,644.15407107,623.52025887,631.42567817,
2026-06-11 09:01:00,1781168460,631.42567817,632.15882786,623.08260448,627.03238421,
2026-06-11 09:02:00,1781168520,627.03238421,639.34121497,626.14263706,636.70154933,
2026-06-11 09:03:00,1781168580,636.70154933,639.78845166,633.48017675,637.95502033,
2026-06-11 09:04:00,1781168640,637.95502033,640.58919939,618.79091673,621.34319024,
2026-06-11 09:05:00,1781168700,621.34319024,625.59680252,607.75184796,609.10801386,
2026-06-11 09:06:00,1781168760,609.10801386,609.10801386,599.05625688,604.08394117,
2026-06-11 09:07:00,1781168820,604.08394117,606.16857661,590.93589333,596.27875137,
2026-06-11 09:08:00,1781168880,596.27875137,602.74890579,591.44348895,595.11013404,
2026-06-11 09:09:00,1781168940,595.11013404,595.11013404,588.23526196,594.3995279,
2026-06-11 09:10:00,1781169000,594.3995279,604.83235684,594.39510868,599.22572204,
2026-06-11 09:11:00,1781169060,599.22572204,599.2643039,586.82292932,586.91996344,
2026-06-11 09:12:00,1781169120,586.91996344,590.47935974,582.80687035,588.48635636,
2026-06-11 09:13:00,1781169180,588.48635636,595.77130006,579.06102182,580.13568078,
2026-06-11 09:14:00,1781169240,580.13568078,596.78040688,575.78724561,595.12782088,
2026-06-11 09:15:00,1781169300,595.12782088,595.12782088,574.7419414,577.21964748,
2026-06-11 09:16:00,1781169360,577.21964748,577.80799631,561.13247905,569.75179552,
2026-06-11 09:17:00,1781169420,569.75179552,570.14645426,561.39188559,568.83636361,
2026-06-11 09:18:00,1781169480,568.83636361,586.71404973,568.83636361,586.34685451,
2026-06-11 09:19:00,1781169540,586.34685451,594.81883724,584.00733667,585.55002632,
2026-06-11 09:20:00,1781169600,585.55002632,585.55002632,570.08404676,572.10326512,
2026-06-11 09:21:00,1781169660,572.10326512,573.7170101,567.47590277,567.98720394,
2026-06-11 09:22:00,1781169720,567.98720394,572.85382272,563.36462937,570.43515171,
2026-06-11 09:23:00,1781169780,570.43515171,575.17308006,565.72523048,573.56592818,
2026-06-11 09:24:00,1781169840,573.56592818,576.17528544,564.04517033,575.98251296,
2026-06-11 09:25:00,1781169900,575.98251296,582.82089733,569.01734355,578.39587584,
2026-06-11 09:26:00,1781169960,578.39587584,578.6326976,568.43505838,573.37756986,
2026-06-11 09:27:00,1781170020,573.37756986,577.4918919,569.34105083,575.72135562,
2026-06-11 09:28:00,1781170080,575.72135562,581.7217482,574.80065394,581.36908293,
2026-06-11 09:29:00,1781170140,581.36908293,581.36908293,574.36090966,579.78225618,
2026-06-11 09:30:00,1781170200,579.78225618,592.23368265,577.00269938,578.25359144,
2026-06-11 09:31:00,1781170260,578.25359144,617.90427647,577.30542583,613.90622816,
2026-06-11 09:32:00,1781170320,613.90622816,616.80790909,598.12846134,609.8799996,
2026-06-11 09:33:00,1781170380,609.8799996,614.00894561,602.46614048,611.50296424,
2026-06-11 09:34:00,1781170440,611.50296424,627.05403776,605.0614549,627.05403776,
2026-06-11 09:35:00,1781170500,627.05403776,636.24957089,613.35715911,613.97411248,
2026-06-11 09:36:00,1781170560,613.97411248,624.83253008,613.93037295,622.66998823,
2026-06-11 09:37:00,1781170620,622.66998823,622.83483286,617.04546612,621.10804502,
2026-06-11 09:38:00,1781170680,621.10804502,623.16076579,614.51139476,616.57961345,
2026-06-11 09:39:00,1781170740,616.57961345,625.64821831,614.7197268,615.5869236,
2026-06-11 09:40:00,1781170800,615.5869236,617.82065882,612.95797113,615.32544904,
2026-06-11 09:41:00,1781170860,615.32544904,615.36481717,604.71883477,605.62126568,
2026-06-11 09:42:00,1781170920,605.62126568,617.30004185,605.16031663,612.74948899,
2026-06-11 09:43:00,1781170980,612.74948899,613.27194974,604.94985088,605.37506776,
2026-06-11 09:44:00,1781171040,605.37506776,621.37327701,605.15077506,619.23562777,
2026-06-11 09:45:00,1781171100,619.23562777,619.35886471,609.24859338,617.40337312,
2026-06-11 09:46:00,1781171160,617.40337312,617.57432717,614.92813266,615.19094546,
2026-06-11 09:47:00,1781171220,615.19094546,616.13745797,606.57480203,608.59286141,
2026-06-11 09:48:00,1781171280,608.59286141,618.97092744,607.50858619,613.42508989,
2026-06-11 09:49:00,1781171340,613.42508989,617.02505624,607.50259396,615.32412229,
2026-06-11 09:50:00,1781171400,615.32412229,615.32412229,610.41075232,612.96211962,
2026-06-11 09:51:00,1781171460,612.96211962,635.58420564,612.64338561,630.62330236,
2026-06-11 09:52:00,1781171520,630.62330236,640.46520467,623.99313845,624.36902682,
2026-06-11 09:53:00,1781171580,624.36902682,625.43326219,616.9391931,625.07674714,
2026-06-11 09:54:00,1781171640,625.07674714,627.52638909,613.51199719,627.22528314,
2026-06-11 09:55:00,1781171700,627.22528314,634.47735274,621.3219178,621.82330721,
2026-06-11 09:56:00,1781171760,621.82330721,623.45318249,606.42168345,606.42168345,
2026-06-11 09:57:00,1781171820,606.42168345,606.42168345,598.63959965,600.0105081,
2026-06-11 09:58:00,1781171880,600.0105081,607.6435261,599.84366013,607.6435261,
2026-06-11 09:59:00,1781171940,607.6435261,617.38827493,601.73274384,608.0404072,
2026-06-11 10:00:00,1781172000,608.0404072,619.18214893,603.7527918,610.79594503,
2026-06-11 10:01:00,1781172060,610.79594503,621.7511083,600.75484871,607.60544297,
2026-06-11 10:02:00,1781172120,607.60544297,613.89667013,588.43046618,588.95924913,
2026-06-11 10:03:00,1781172180,588.95924913,592.34350697,583.17873211,586.39234143,
2026-06-11 10:04:00,1781172240,586.39234143,590.98678153,567.50528947,575.04260126,
2026-06-11 10:05:00,1781172300,575.04260126,584.09678383,570.91276776,582.9981907,
2026-06-11 10:06:00,1781172360,582.9981907,600.05025953,576.02345738,599.42939171,
2026-06-11 10:07:00,1781172420,599.42939171,619.32283321,599.42939171,614.47339611,
2026-06-11 10:08:00,1781172480,614.47339611,624.39123189,609.13949181,612.87117658,
2026-06-11 10:09:00,1781172540,612.87117658,612.87117658,595.51249499,607.73071108,
2026-06-11 10:10:00,1781172600,607.73071108,609.90195789,592.16248601,592.16248601,
2026-06-11 10:11:00,1781172660,592.16248601,602.73176234,589.08317586,602.18841255,
2026-06-11 10:12:00,1781172720,602.18841255,602.43370724,591.10496738,597.08583085,
2026-06-11 10:13:00,1781172780,597.08583085,611.3117685,591.44016301,604.95342102,
2026-06-11 10:14:00,1781172840,604.95342102,604.95342102,590.30936342,591.08749885,
2026-06-11 10:15:00,1781172900,591.08749885,600.33331165,590.71696427,595.47431286,
2026-06-11 10:16:00,1781172960,595.47431286,595.47431286,580.39495974,580.84469738,
2026-06-11 10:17:00,1781173020,580.84469738,582.35189113,545.9731531,555.83899156,
2026-06-11 10:18:00,1781173080,555.83899156,572.1256792,554.61247738,556.07187539,
2026-06-11 10:19:00,1781173140,556.07187539,561.90831353,541.71305842,556.24158236,
2026-06-11 10:20:00,1781173200,556.24158236,562.53719354,554.33140049,557.13891697,
2026-06-11 10:21:00,1781173260,557.13891697,567.4661469,556.03010101,563.452629,
2026-06-11 10:22:00,1781173320,563.452629,565.83971505,547.96464275,549.48357597,
2026-06-11 10:23:00,1781173380,549.48357597,561.3953714,549.32963666,559.87911107,
2026-06-11 10:24:00,1781173440,559.87911107,560.59823069,548.4735254,553.99938722,
2026-06-11 10:25:00,1781173500,553.99938722,558.7973138,552.02170445,557.83001969,
2026-06-11 10:26:00,1781173560,557.83001969,557.83001969,545.00606527,551.75657603,
2026-06-11 10:27:00,1781173620,551.75657603,554.51612107,547.86238417,552.6346602,
2026-06-11 10:28:00,1781173680,552.6346602,560.75729139,551.5773465,558.47357527,
2026-06-11 10:29:00,1781173740,558.47357527,568.42868241,556.39669317,562.21275549,
2026-06-11 10:30:00,1781173800,562.21275549,573.46882599,554.82338754,572.8121663,
2026-06-11 10:31:00,1781173860,572.8121663,588.38962989,572.7693711,578.39249628,
2026-06-11 10:32:00,1781173920,578.39249628,578.88085647,572.39102928,577.40854923,
2026-06-11 10:33:00,1781173980,577.40854923,577.40854923,564.95096241,566.42913586,
2026-06-11 10:34:00,1781174040,566.42913586,587.17587303,566.42913586,571.90995599,
2026-06-11 10:35:00,1781174100,571.90995599,582.9081501,568.83968374,582.9081501,
2026-06-11 10:36:00,1781174160,582.9081501,594.14444191,582.9081501,592.63558486,
2026-06-11 10:37:00,1781174220,592.63558486,596.94068377,584.4709045,593.08480095,
2026-06-11 10:38:00,1781174280,593.08480095,604.85920226,591.21112465,599.02717403,
2026-06-11 10:39:00,1781174340,599.02717403,599.06958897,577.40915728,579.92555087,
2026-06-11 10:40:00,1781174400,579.92555087,589.03081386,579.15102068,582.70451504,
2026-06-11 10:41:00,1781174460,582.70451504,587.51531285,575.91281236,583.78279022,
2026-06-11 10:42:00,1781174520,583.78279022,590.29029606,577.67584096,588.12432483,
2026-06-11 10:43:00,1781174580,588.12432483,599.17208465,588.07861908,589.94301549,
2026-06-11 10:44:00,1781174640,589.94301549,600.39291918,585.81736079,591.26052257,
2026-06-11 10:45:00,1781174700,591.26052257,593.78458059,589.74618359,590.12435911,
2026-06-11 10:46:00,1781174760,590.12435911,605.66010402,586.84737076,601.30106305,
2026-06-11 10:47:00,1781174820,601.30106305,608.37036952,596.97007293,604.24078732,
2026-06-11 10:48:00,1781174880,604.24078732,604.96387644,600.10269452,601.58872036,
2026-06-11 10:49:00,1781174940,601.58872036,605.39540469,597.45810532,605.18396142,
2026-06-11 10:50:00,1781175000,605.18396142,609.01154642,598.50520589,605.58964486,
2026-06-11 10:51:00,1781175060,605.58964486,659.26240366,604.82554939,642.49051487,
2026-06-11 10:52:00,1781175120,642.49051487,642.49051487,617.32239709,632.06434118,
2026-06-11 10:53:00,1781175180,632.06434118,638.54903602,622.38042349,633.37703281,
2026-06-11 10:54:00,1781175240,633.37703281,662.63645716,629.90283864,659.37375449,
2026-06-11 10:55:00,1781175300,659.37375449,695.3736985,642.07856019,692.41088306,
2026-06-11 10:56:00,1781175360,692.41088306,693.6987321,642.8830379,646.16733771,
2026-06-11 10:57:00,1781175420,646.16733771,678.98618033,644.66660561,673.30406387,
2026-06-11 10:58:00,1781175480,673.30406387,695.67671517,669.51880125,681.55318407,
2026-06-11 10:59:00,1781175540,681.55318407,715.61293087,676.56135112,686.60841785,
2026-06-11 11:00:00,1781175600,686.60841785,687.0904455,650.71352269,650.9097708,
2026-06-11 11:01:00,1781175660,650.9097708,691.24293506,650.9097708,691.15125258,
2026-06-11 11:02:00,1781175720,691.15125258,705.13122347,685.76949031,698.74333671,
2026-06-11 11:03:00,1781175780,698.74333671,716.90310327,698.69498786,702.57133713,
2026-06-11 11:04:00,1781175840,702.57133713,713.90002198,702.05377251,705.16187945,
2026-06-11 11:05:00,1781175900,705.16187945,712.43786814,687.10363778,697.30874071,
2026-06-11 11:06:00,1781175960,697.30874071,697.35251298,682.96147646,686.97278826,
2026-06-11 11:07:00,1781176020,686.97278826,693.32551852,670.16065249,672.64561993,
2026-06-11 11:08:00,1781176080,672.64561993,678.10909132,637.68790835,677.5516072,
2026-06-11 11:09:00,1781176140,677.5516072,682.46660886,670.91197407,682.30042498,
2026-06-11 11:10:00,1781176200,682.30042498,698.07493344,682.30042498,696.55743634,
2026-06-11 11:11:00,1781176260,696.55743634,714.23450149,695.74226112,711.66409519,
2026-06-11 11:12:00,1781176320,711.66409519,713.53352948,688.68186087,703.26142834,
2026-06-11 11:13:00,1781176380,703.26142834,705.05471996,694.51830922,703.26388323,
2026-06-11 11:14:00,1781176440,703.26388323,707.73242801,702.42449201,705.13420906,
2026-06-11 11:15:00,1781176500,705.13420906,705.13420906,684.43826932,696.20067014,
2026-06-11 11:16:00,1781176560,696.20067014,701.47590205,695.99457269,700.91737343,
2026-06-11 11:17:00,1781176620,700.91737343,722.93172429,700.91737343,715.30601052,
2026-06-11 11:18:00,1781176680,715.30601052,715.30601052,678.43361349,688.1161416,
2026-06-11 11:19:00,1781176740,688.1161416,689.66472776,668.2265253,676.17140175,
2026-06-11 11:20:00,1781176800,676.17140175,679.05827695,669.83989978,677.31855995,
2026-06-11 11:21:00,1781176860,677.31855995,685.67958219,667.70856847,685.17013652,
2026-06-11 11:22:00,1781176920,685.17013652,695.79789155,684.27477755,692.01186845,
2026-06-11 11:23:00,1781176980,692.01186845,694.50953402,691.28875435,692.64268765,
2026-06-11 11:24:00,1781177040,692.64268765,699.26626018,687.54073829,694.98367593,
2026-06-11 11:25:00,1781177100,694.98367593,695.48434294,675.65181235,681.02142119,
2026-06-11 11:26:00,1781177160,681.02142119,682.20371062,669.43229938,669.65807603,
2026-06-11 11:27:00,1781177220,669.65807603,684.75152599,667.90703499,681.76592481,
2026-06-11 11:28:00,1781177280,681.76592481,701.65356653,677.89845718,700.40136007,
2026-06-11 11:29:00,1781177340,700.40136007,714.22708257,691.39601137,694.05279891,
2026-06-11 11:30:00,1781177400,694.05279891,723.38274264,692.74042872,713.18846101,
2026-06-11 11:31:00,1781177460,713.18846101,738.11447289,703.42061437,735.81078312,
2026-06-11 11:32:00,1781177520,735.81078312,746.18721346,717.46579063,718.31287289,
2026-06-11 11:33:00,1781177580,718.31287289,725.62417716,707.51016352,721.9383448,
2026-06-11 11:34:00,1781177640,721.9383448,721.9383448,699.64499098,708.859809,
2026-06-11 11:35:00,1781177700,708.859809,715.19799307,696.66200424,698.87374015,
2026-06-11 11:36:00,1781177760,698.87374015,698.91757119,682.98294053,682.98294053,
2026-06-11 11:37:00,1781177820,682.98294053,692.29890555,667.92344793,670.23993269,
2026-06-11 11:38:00,1781177880,670.23993269,678.38145034,656.49436893,662.60328919,
2026-06-11 11:39:00,1781177940,662.60328919,688.81827365,659.12317411,683.84890577,
2026-06-11 11:40:00,1781178000,683.84890577,687.8859686,674.29833742,677.01217995,
2026-06-11 11:41:00,1781178060,677.01217995,691.7189349,672.56026405,680.22157987,
2026-06-11 11:42:00,1781178120,680.22157987,684.183951,672.740366,683.95425928,
2026-06-11 11:43:00,1781178180,683.95425928,687.44445291,677.1449189,684.86006618,
2026-06-11 11:44:00,1781178240,684.86006618,685.51598466,669.12734874,678.82528264,
2026-06-11 11:45:00,1781178300,678.82528264,678.82528264,663.94032098,668.00289023,
2026-06-11 11:46:00,1781178360,668.00289023,672.66874503,667.91059397,671.38232484,
2026-06-11 11:47:00,1781178420,671.38232484,674.9431398,662.98416043,662.98416043,
2026-06-11 11:48:00,1781178480,662.98416043,666.22388626,657.88928485,662.42432477,
2026-06-11 11:49:00,1781178540,662.42432477,677.2955596,653.73956318,677.2955596,
2026-06-11 11:50:00,1781178600,677.2955596,681.47667878,670.96801404,676.79452354,
2026-06-11 11:51:00,1781178660,676.79452354,729.36997749,671.74759904,714.93998414,
2026-06-11 11:52:00,1781178720,714.93998414,721.31965903,692.83734605,699.63532624,
2026-06-11 11:53:00,1781178780,699.63532624,706.63649216,693.30933775,699.52548653,
2026-06-11 11:54:00,1781178840,699.52548653,699.78244216,690.43619657,697.1549516,
2026-06-11 11:55:00,1781178900,697.1549516,697.1549516,674.45356331,676.63326331,
2026-06-11 11:56:00,1781178960,676.63326331,676.63326331,660.26429077,669.67554036,
2026-06-11 11:57:00,1781179020,669.67554036,676.08608019,661.91289299,663.62737425,
2026-06-11 11:58:00,1781179080,663.62737425,667.11129542,660.22321249,663.04106141,
2026-06-11 11:59:00,1781179140,663.04106141,666.48146574,656.0164266,658.67034823,
2026-06-11 12:00:00,1781179200,658.67034823,662.36502893,630.50325662,634.66523018,
2026-06-11 12:01:00,1781179260,634.66523018,647.42390583,634.66130002,635.20696417,
2026-06-11 12:02:00,1781179320,635.20696417,638.94547188,628.00263825,634.46827585,
2026-06-11 12:03:00,1781179380,634.46827585,635.33677534,614.68102681,616.65120874,
2026-06-11 12:04:00,1781179440,616.65120874,640.62320562,611.11986028,639.15172066,
2026-06-11 12:05:00,1781179500,639.15172066,653.14975281,638.2387895,643.65080899,
2026-06-11 12:06:00,1781179560,643.65080899,660.56002771,634.57557723,637.39852637,
2026-06-11 12:07:00,1781179620,637.39852637,637.39852637,613.60217153,623.54837122,
2026-06-11 12:08:00,1781179680,623.54837122,631.45474797,615.84872994,628.01072672,
2026-06-11 12:09:00,1781179740,628.01072672,633.07544034,612.70674041,617.22658259,
2026-06-11 12:10:00,1781179800,617.22658259,661.19131268,614.93162445,659.92186356,
2026-06-11 12:11:00,1781179860,659.92186356,683.21232859,648.55377115,683.21232859,
2026-06-11 12:12:00,1781179920,683.21232859,696.59198085,675.64987732,695.83914103,
2026-06-11 12:13:00,1781179980,695.83914103,697.72478843,660.73565315,660.73565315,
2026-06-11 12:14:00,1781180040,660.73565315,682.71129224,648.7956181,679.13242928,
2026-06-11 12:15:00,1781180100,679.13242928,686.96597222,661.2981668,669.79998151,
2026-06-11 12:16:00,1781180160,669.79998151,679.81484133,665.81370681,675.8053801,
2026-06-11 12:17:00,1781180220,675.8053801,684.21813509,662.75001936,663.19299955,
2026-06-11 12:18:00,1781180280,663.19299955,697.05978381,661.63985952,686.80631187,
2026-06-11 12:19:00,1781180340,686.80631187,687.94953929,659.91986202,659.91986202,
2026-06-11 12:20:00,1781180400,659.91986202,660.00714199,598.83644307,598.91010416,
2026-06-11 12:21:00,1781180460,598.91010416,605.82744293,565.94975477,573.87582651,
2026-06-11 12:22:00,1781180520,573.87582651,576.55901321,497.1766976,501.50524152,
2026-06-11 12:23:00,1781180580,501.50524152,522.59985865,485.63115868,517.03964275,
2026-06-11 12:24:00,1781180640,517.03964275,540.62553924,487.95045683,500.2193045,
2026-06-11 12:25:00,1781180700,500.2193045,520.19660437,497.17999197,504.53898201,
2026-06-11 12:26:00,1781180760,504.53898201,527.97681382,503.46913848,526.29337146,
2026-06-11 12:27:00,1781180820,526.29337146,527.51645252,492.29793707,505.83367806,
2026-06-11 12:28:00,1781180880,505.83367806,516.13927582,477.30178034,482.42574158,
2026-06-11 12:29:00,1781180940,482.42574158,494.77473969,479.55784099,479.59201197,
2026-06-11 12:30:00,1781181000,479.59201197,520.68916382,418.13094374,461.07723192,
2026-06-11 12:31:00,1781181060,461.07723192,487.59462618,444.14593934,466.94067042,
2026-06-11 12:32:00,1781181120,466.94067042,472.07687888,445.36868103,468.09585659,
2026-06-11 12:33:00,1781181180,468.09585659,474.60184669,442.83050801,451.45099648,
2026-06-11 12:34:00,1781181240,451.45099648,517.38133675,443.41287433,505.75456054,
2026-06-11 12:35:00,1781181300,505.75456054,527.21975104,500.01669303,509.00473966,
2026-06-11 12:36:00,1781181360,509.00473966,538.1040228,509.00473966,526.70883952,
2026-06-11 12:37:00,1781181420,526.70883952,533.26664671,506.82195755,507.69631721,
2026-06-11 12:38:00,1781181480,507.69631721,553.57967439,507.69631721,521.77008075,
2026-06-11 12:39:00,1781181540,521.77008075,546.93849969,516.75581838,516.8022517,
2026-06-11 12:40:00,1781181600,516.8022517,528.70263468,509.80428745,523.2517318,
2026-06-11 12:41:00,1781181660,523.2517318,545.87863388,514.28439412,541.38731629,
2026-06-11 12:42:00,1781181720,541.38731629,546.99178043,527.20005739,541.86167676,
2026-06-11 12:43:00,1781181780,541.86167676,545.73845396,513.67144633,513.67144633,
2026-06-11 12:44:00,1781181840,513.67144633,577.50211118,504.55944029,566.04921592,
2026-06-11 12:45:00,1781181900,566.04921592,573.17305803,541.0028755,568.42727716,
2026-06-11 12:46:00,1781181960,568.42727716,584.16223729,559.67824943,580.7430537,
2026-06-11 12:47:00,1781182020,580.7430537,594.57239975,555.17249163,563.4157859,
2026-06-11 12:48:00,1781182080,563.4157859,571.78341731,548.32136228,548.78172758,
2026-06-11 12:49:00,1781182140,548.78172758,581.83547166,541.02948308,581.83547166,
2026-06-11 12:50:00,1781182200,581.83547166,585.98061257,546.86583768,554.01687511,
2026-06-11 12:51:00,1781182260,554.01687511,590.80669008,553.21260441,590.19961668,
2026-06-11 12:52:00,1781182320,590.19961668,611.63816758,590.19737256,596.68920996,
2026-06-11 12:53:00,1781182380,596.68920996,610.42541376,570.52685537,575.7010924,
2026-06-11 12:54:00,1781182440,575.7010924,581.97351767,569.64379406,575.37732637,
2026-06-11 12:55:00,1781182500,575.37732637,613.22503177,573.5097698,606.24297524,
2026-06-11 12:56:00,1781182560,606.24297524,611.21445911,594.67387059,601.43537488,
2026-06-11 12:57:00,1781182620,601.43537488,610.44992277,587.39327368,592.73519829,
2026-06-11 12:58:00,1781182680,592.73519829,614.40540145,583.50818421,608.85263566,
2026-06-11 12:59:00,1781182740,608.85263566,612.12422492,598.40409453,599.73906195,
2026-06-11 13:00:00,1781182800,599.73906195,601.3161419,570.83800423,573.48555273,
2026-06-11 13:01:00,1781182860,573.48555273,587.02815302,566.07866464,566.27229802,
2026-06-11 13:02:00,1781182920,566.27229802,572.92353321,553.46556908,564.02452834,
2026-06-11 13:03:00,1781182980,564.02452834,565.61675922,552.99510128,561.46710004,
2026-06-11 13:04:00,1781183040,561.46710004,580.77746879,557.69752053,567.79392885,
2026-06-11 13:05:00,1781183100,567.79392885,568.09148366,548.79514897,559.98483116,
2026-06-11 13:06:00,1781183160,559.98483116,568.66496181,549.75997605,561.41387532,
2026-06-11 13:07:00,1781183220,561.41387532,567.91606782,552.90641225,560.08438173,
2026-06-11 13:08:00,1781183280,560.08438173,563.76343883,554.00677574,558.04340466,
2026-06-11 13:09:00,1781183340,558.04340466,559.54012203,547.3134402,550.07375963,
2026-06-11 13:10:00,1781183400,550.07375963,558.53290129,549.8278858,555.18231296,
2026-06-11 13:11:00,1781183460,555.18231296,565.43132704,530.73749152,538.33683175,
2026-06-11 13:12:00,1781183520,538.33683175,555.71913434,538.33683175,548.94472134,
2026-06-11 13:13:00,1781183580,548.94472134,558.37865223,545.95692765,548.52082625,
2026-06-11 13:14:00,1781183640,548.52082625,559.11693449,547.75147102,550.04125979,
2026-06-11 13:15:00,1781183700,550.04125979,559.57523082,547.87078186,556.89959249,
2026-06-11 13:16:00,1781183760,556.89959249,571.6779576,556.86202399,570.17075175,
2026-06-11 13:17:00,1781183820,570.17075175,571.21841403,559.85304371,564.04876267,
2026-06-11 13:18:00,1781183880,564.04876267,580.74020564,562.49927788,580.74020564,
2026-06-11 13:19:00,1781183940,580.74020564,592.45109267,577.0944638,591.03758852,
2026-06-11 13:20:00,1781184000,591.03758852,610.86981801,590.95261918,594.71011508,
2026-06-11 13:21:00,1781184060,594.71011508,599.75657927,591.98725685,596.33739764,
2026-06-11 13:22:00,1781184120,596.33739764,596.33739764,556.02829177,559.74035562,
2026-06-11 13:23:00,1781184180,559.74035562,565.06483869,550.73078846,551.03484283,
2026-06-11 13:24:00,1781184240,551.03484283,554.77992063,520.10362365,522.87095275,
2026-06-11 13:25:00,1781184300,522.87095275,529.9180684,515.73840669,527.08441401,
2026-06-11 13:26:00,1781184360,527.08441401,528.78024395,517.11139797,527.79401711,
2026-06-11 13:27:00,1781184420,527.79401711,531.66114192,519.52377705,528.18998021,
2026-06-11 13:28:00,1781184480,528.18998021,535.02810057,521.13057402,535.0258677,
2026-06-11 13:29:00,1781184540,535.0258677,535.10052593,513.69138432,522.43938732,
2026-06-11 13:30:00,1781184600,522.43938732,522.43938732,503.86965339,520.46288602,
2026-06-11 13:31:00,1781184660,520.46288602,521.7024033,481.0553225,491.08915541,
2026-06-11 13:32:00,1781184720,491.08915541,494.27438474,467.99397627,484.42716218,
2026-06-11 13:33:00,1781184780,484.42716218,518.24440923,484.42716218,500.62117614,
2026-06-11 13:34:00,1781184840,500.62117614,509.17487016,481.38877758,500.13155825,
2026-06-11 13:35:00,1781184900,500.13155825,540.18523739,487.35433244,538.17661774,
2026-06-11 13:36:00,1781184960,538.17661774,567.18003825,529.42982105,529.50843424,
2026-06-11 13:37:00,1781185020,529.50843424,554.71041234,522.65754876,548.16928907,
2026-06-11 13:38:00,1781185080,548.16928907,551.04400088,502.57669927,506.57371708,
2026-06-11 13:39:00,1781185140,506.57371708,545.6450842,506.57371708,526.35614426,
2026-06-11 13:40:00,1781185200,526.35614426,529.97695822,493.6421543,526.61352602,
2026-06-11 13:41:00,1781185260,526.61352602,531.39112771,479.1508583,492.71271695,
2026-06-11 13:42:00,1781185320,492.71271695,514.52292299,479.26750214,503.59607415,
2026-06-11 13:43:00,1781185380,503.59607415,548.64885825,503.59607415,543.16431853,
2026-06-11 13:44:00,1781185440,543.16431853,576.76086677,541.99971945,575.0055789,
2026-06-11 13:45:00,1781185500,575.0055789,641.84883802,564.15576098,611.3874446,
2026-06-11 13:46:00,1781185560,611.3874446,619.45984718,586.74978193,612.43515443,
2026-06-11 13:47:00,1781185620,612.43515443,627.8893011,590.3689667,612.92020026,
2026-06-11 13:48:00,1781185680,612.92020026,618.67862546,599.74538022,610.86173053,
2026-06-11 13:49:00,1781185740,610.86173053,623.54452567,602.06190709,602.23416659,
2026-06-11 13:50:00,1781185800,602.23416659,662.42728063,600.40196677,656.57740369,
2026-06-11 13:51:00,1781185860,656.57740369,656.57740369,616.26617114,633.07037111,
2026-06-11 13:52:00,1781185920,633.07037111,660.72169874,618.700007,633.82924532,
2026-06-11 13:53:00,1781185980,633.82924532,697.78693295,612.19444551,693.09803159,
2026-06-11 13:54:00,1781186040,693.09803159,696.97624162,655.56944966,663.94678608,
2026-06-11 13:55:00,1781186100,663.94678608,664.03863003,637.76063619,646.07079009,
2026-06-11 13:56:00,1781186160,646.07079009,647.15378021,604.79884304,604.79884304,
2026-06-11 13:57:00,1781186220,604.79884304,611.70675571,581.92866743,583.92800014,
2026-06-11 13:58:00,1781186280,583.92800014,610.5118185,583.73255179,599.70667094,
2026-06-11 13:59:00,1781186340,599.70667094,622.50781357,599.36179143,617.22217904,
2026-06-11 14:00:00,1781186400,617.22217904,624.21767304,599.5164741,608.33932532,
2026-06-11 14:01:00,1781186460,608.33932532,614.76755387,581.78703933,604.75136446,
2026-06-11 14:02:00,1781186520,604.75136446,612.22858899,587.42711383,597.33916106,
2026-06-11 14:03:00,1781186580,597.33916106,611.29641497,581.86402017,583.76582128,
2026-06-11 14:04:00,1781186640,583.76582128,621.1863432,575.00300594,619.68365319,
2026-06-11 14:05:00,1781186700,619.68365319,620.46963019,552.5328678,555.61534534,
2026-06-11 14:06:00,1781186760,555.61534534,572.81736355,542.89720896,543.68436159,
2026-06-11 14:07:00,1781186820,543.68436159,580.05295538,542.87346664,578.24269545,
2026-06-11 14:08:00,1781186880,578.24269545,578.24269545,559.37493581,575.21683457,
2026-06-11 14:09:00,1781186940,575.21683457,576.98071468,533.92868516,548.24581499,
2026-06-11 14:10:00,1781187000,548.24581499,556.72157223,506.530664,506.530664,
2026-06-11 14:11:00,1781187060,506.530664,524.80910219,483.53272246,524.29411228,
2026-06-11 14:12:00,1781187120,524.29411228,532.07524653,494.12604704,500.68158786,
2026-06-11 14:13:00,1781187180,500.68158786,515.69589069,489.4946021,514.13037976,
2026-06-11 14:14:00,1781187240,514.13037976,517.9195215,493.89976588,497.60166632,
2026-06-11 14:15:00,1781187300,497.60166632,530.72177723,492.69315195,515.39392712,
2026-06-11 14:16:00,1781187360,515.39392712,519.20886682,472.00095812,473.73116396,
2026-06-11 14:17:00,1781187420,473.73116396,510.82183376,473.4691453,501.81132641,
2026-06-11 14:18:00,1781187480,501.81132641,503.85226301,475.03123651,475.69827663,
2026-06-11 14:19:00,1781187540,475.69827663,506.33038997,470.93425303,496.54848427,
2026-06-11 14:20:00,1781187600,496.54848427,523.38609177,489.23635428,522.31851665,
2026-06-11 14:21:00,1781187660,522.31851665,532.19306415,508.42684453,532.19306415,
2026-06-11 14:22:00,1781187720,532.19306415,543.13504129,501.95466251,533.22954454,
2026-06-11 14:23:00,1781187780,533.22954454,565.76421945,532.82669088,547.92879283,
2026-06-11 14:24:00,1781187840,547.92879283,574.05298731,534.55518876,554.992867,
2026-06-11 14:25:00,1781187900,554.992867,567.25354522,547.92895538,557.07900681,
2026-06-11 14:26:00,1781187960,557.07900681,557.36615636,522.4229029,525.6003395,
2026-06-11 14:27:00,1781188020,525.6003395,553.12864046,525.59811163,541.75006991,
2026-06-11 14:28:00,1781188080,541.75006991,561.2718035,534.10728487,559.48266205,
2026-06-11 14:29:00,1781188140,559.48266205,583.95933576,551.43060425,580.13514851,
2026-06-11 14:30:00,1781188200,580.13514851,592.95436989,534.6905325,536.78407205,
2026-06-11 14:31:00,1781188260,536.78407205,555.22207068,529.15722672,548.56838913,
2026-06-11 14:32:00,1781188320,548.56838913,562.82835122,535.77775931,543.53731695,
2026-06-11 14:33:00,1781188380,543.53731695,552.28180374,527.77406619,532.04428565,
2026-06-11 14:34:00,1781188440,532.04428565,540.20984375,515.1627265,538.29639816,
2026-06-11 14:35:00,1781188500,538.29639816,557.42606041,529.08734302,553.36549512,
2026-06-11 14:36:00,1781188560,553.36549512,596.99117916,542.7855095,596.20598728,
2026-06-11 14:37:00,1781188620,596.20598728,599.87151735,540.6468178,540.6468178,
2026-06-11 14:38:00,1781188680,540.6468178,563.38088873,540.6468178,549.54728195,
2026-06-11 14:39:00,1781188740,549.54728195,551.31773267,527.35976591,532.24019803,
2026-06-11 14:40:00,1781188800,532.24019803,537.51985249,518.86627546,536.82802907,
2026-06-11 14:41:00,1781188860,536.82802907,548.75980334,520.3493925,524.95331439,
2026-06-11 14:42:00,1781188920,524.95331439,539.41474588,514.44344575,523.6209115,
2026-06-11 14:43:00,1781188980,523.6209115,528.81742195,502.72521202,515.76943263,
2026-06-11 14:44:00,1781189040,515.76943263,527.37950157,502.99641447,504.9999554,
2026-06-11 14:45:00,1781189100,504.9999554,524.01311972,502.45364118,518.32014632,
2026-06-11 14:46:00,1781189160,518.32014632,534.84765422,506.20995606,514.28153734,
2026-06-11 14:47:00,1781189220,514.28153734,530.10928571,512.93141869,517.37040542,
2026-06-11 14:48:00,1781189280,517.37040542,546.31252472,516.21326301,532.54985941,
2026-06-11 14:49:00,1781189340,532.54985941,538.75394324,516.86777,519.79759748,
2026-06-11 14:50:00,1781189400,519.79759748,540.11935584,505.92723823,535.97201303,
2026-06-11 14:51:00,1781189460,535.97201303,566.08282347,525.85863272,549.50267117,
2026-06-11 14:52:00,1781189520,549.50267117,551.34283849,524.27502359,534.39451628,
2026-06-11 14:53:00,1781189580,534.39451628,557.37902566,527.90631184,531.22713688,
2026-06-11 14:54:00,1781189640,531.22713688,543.31601275,520.3700301,530.00145577,
2026-06-11 14:55:00,1781189700,530.00145577,530.4275301,509.16359438,510.14097921,
2026-06-11 14:56:00,1781189760,510.14097921,511.49725227,468.77298743,480.69282938,
2026-06-11 14:57:00,1781189820,480.69282938,498.06683584,467.74243855,496.70109757,
2026-06-11 14:58:00,1781189880,496.70109757,503.93889467,457.88520324,460.83135901,
2026-06-11 14:59:00,1781189940,460.83135901,464.72888867,452.61661792,453.67191836,
2026-06-11 15:00:00,1781190000,453.67191836,467.55631039,437.85089477,438.09865218,
2026-06-11 15:01:00,1781190060,438.09865218,438.13223953,388.67325342,400.79068048,
2026-06-11 15:02:00,1781190120,400.79068048,431.5607983,395.71017204,413.34376095,
2026-06-11 15:03:00,1781190180,413.34376095,452.14002497,412.52145697,439.4110935,
2026-06-11 15:04:00,1781190240,439.4110935,453.4380373,432.68861661,448.01477177,
2026-06-11 15:05:00,1781190300,448.01477177,448.9168971,417.82958146,422.55943805,
2026-06-11 15:06:00,1781190360,422.55943805,446.89243555,418.0920673,434.9366003,
2026-06-11 15:07:00,1781190420,434.9366003,492.01375019,427.586431,488.53113717,
2026-06-11 15:08:00,1781190480,488.53113717,499.3545448,463.94006948,481.02880574,
2026-06-11 15:09:00,1781190540,481.02880574,488.40932825,460.16598312,464.2426576,
2026-06-11 15:10:00,1781190600,464.2426576,464.35162078,443.04476958,450.59896136,
2026-06-11 15:11:00,1781190660,450.59896136,462.6976656,446.66422332,458.27245478,
2026-06-11 15:12:00,1781190720,458.27245478,501.64744756,454.09821898,481.8842563,
2026-06-11 15:13:00,1781190780,481.8842563,485.95123827,462.68247434,464.83049332,
2026-06-11 15:14:00,1781190840,464.83049332,464.83049332,436.91823863,438.27680092,
2026-06-11 15:15:00,1781190900,438.27680092,460.27031786,431.19110567,459.30377909,
2026-06-11 15:16:00,1781190960,459.30377909,466.21024845,433.90356474,435.03699332,
2026-06-11 15:17:00,1781191020,435.03699332,446.16622996,429.7555932,432.01914281,
2026-06-11 15:18:00,1781191080,432.01914281,437.15952733,411.54213028,414.35883578,
2026-06-11 15:19:00,1781191140,414.35883578,432.31917156,412.6233673,428.39516238,
2026-06-11 15:20:00,1781191200,428.39516238,469.96718851,425.47433662,464.82904155,
2026-06-11 15:21:00,1781191260,464.82904155,479.20854818,461.10887626,467.19112391,
2026-06-11 15:22:00,1781191320,467.19112391,467.19112391,450.01323958,456.53215125,
2026-06-11 15:23:00,1781191380,456.53215125,480.24238749,452.49986433,475.98886132,
2026-06-11 15:24:00,1781191440,475.98886132,480.04855299,467.20284513,467.20284513,
2026-06-11 15:25:00,1781191500,467.20284513,467.80199938,447.817331,461.01548061,
2026-06-11 15:26:00,1781191560,461.01548061,462.50850615,447.91910325,462.33011266,
2026-06-11 15:27:00,1781191620,462.33011266,467.79934979,445.34893929,454.9049985,
2026-06-11 15:28:00,1781191680,454.9049985,458.22678163,439.43081313,446.66395046,
2026-06-11 15:29:00,1781191740,446.66395046,450.95585035,437.08028805,443.72398478,
2026-06-11 15:30:00,1781191800,443.72398478,452.09738726,425.90506864,428.14974625,
2026-06-11 15:31:00,1781191860,428.14974625,430.42319461,413.8948013,429.22182299,
2026-06-11 15:32:00,1781191920,429.22182299,443.90878141,428.89128631,443.90878141,
2026-06-11 15:33:00,1781191980,443.90878141,444.78771593,425.44234224,443.59282166,
2026-06-11 15:34:00,1781192040,443.59282166,463.56590772,443.59282166,456.2686816,
2026-06-11 15:35:00,1781192100,456.2686816,489.21227246,452.12716122,476.67818772,
2026-06-11 15:36:00,1781192160,476.67818772,486.84243142,457.79974486,483.58286393,
2026-06-11 15:37:00,1781192220,483.58286393,496.53453425,480.89059592,493.80535766,
2026-06-11 15:38:00,1781192280,493.80535766,496.1686129,473.36767401,494.51977494,
2026-06-11 15:39:00,1781192340,494.51977494,502.30595349,480.26655038,481.58954416,
2026-06-11 15:40:00,1781192400,481.58954416,499.03333153,477.41291252,496.42053967,
2026-06-11 15:41:00,1781192460,496.42053967,496.42053967,472.01167786,472.29439379,
2026-06-11 15:42:00,1781192520,472.29439379,476.8874781,458.1404158,465.52473874,
2026-06-11 15:43:00,1781192580,465.52473874,471.996473,434.77374767,436.18470016,
2026-06-11 15:44:00,1781192640,436.18470016,443.92167642,421.75497105,422.59997639,
2026-06-11 15:45:00,1781192700,422.59997639,430.49101316,395.90325601,401.00662464,
2026-06-11 15:46:00,1781192760,401.00662464,426.81537474,401.00662464,425.36473387,
2026-06-11 15:47:00,1781192820,425.36473387,439.7518349,423.77928749,433.72210716,
2026-06-11 15:48:00,1781192880,433.72210716,434.09595979,398.60089673,410.40610977,
2026-06-11 15:49:00,1781192940,410.40610977,419.06547006,399.21012056,402.63475166,
2026-06-11 15:50:00,1781193000,402.63475166,407.78948258,395.59800787,399.25929889,
2026-06-11 15:51:00,1781193060,399.25929889,411.81899341,397.64810231,405.08098382,
2026-06-11 15:52:00,1781193120,405.08098382,409.70388374,385.26399773,392.68977743,
2026-06-11 15:53:00,1781193180,392.68977743,395.05434475,380.66823125,389.53322295,
2026-06-11 15:54:00,1781193240,389.53322295,406.76604718,389.53116525,406.12693392,
2026-06-11 15:55:00,1781193300,406.12693392,416.14147662,387.62282201,413.48969614,
2026-06-11 15:56:00,1781193360,413.48969614,423.14120785,405.42908321,423.14120785,
2026-06-11 15:57:00,1781193420,423.14120785,432.05611423,417.25432761,428.45430147,
2026-06-11 15:58:00,1781193480,428.45430147,435.65371664,424.18491579,435.54334823,
2026-06-11 15:59:00,1781193540,435.54334823,446.7545724,430.71898718,446.56907012,
2026-06-11 16:00:00,1781193600,446.56907012,463.11715224,445.09148116,460.32524034,
2026-06-11 16:01:00,1781193660,460.32524034,470.39737741,444.05850909,445.94925543,
2026-06-11 16:02:00,1781193720,445.94925543,445.94925543,435.34226043,441.71155742,
2026-06-11 16:03:00,1781193780,441.71155742,446.6868598,424.91643766,425.09207543,
2026-06-11 16:04:00,1781193840,425.09207543,426.87535731,412.79134228,420.28967588,
2026-06-11 16:05:00,1781193900,420.28967588,435.34386714,414.92275126,433.85140794,
2026-06-11 16:06:00,1781193960,433.85140794,463.34620698,433.60039085,459.19282087,
2026-06-11 16:07:00,1781194020,459.19282087,472.70112942,454.29456156,471.25572666,
2026-06-11 16:08:00,1781194080,471.25572666,471.29181763,454.46836402,465.94328692,
2026-06-11 16:09:00,1781194140,465.94328692,465.94328692,431.44574758,433.7531605,
2026-06-11 16:10:00,1781194200,433.7531605,451.00353722,427.92947079,431.56328614,
2026-06-11 16:11:00,1781194260,431.56328614,442.60941766,429.76585687,437.90478338,
2026-06-11 16:12:00,1781194320,437.90478338,446.21205969,432.31560937,444.21513444,
2026-06-11 16:13:00,1781194380,444.21513444,447.75204989,438.85977288,442.50545382,
2026-06-11 16:14:00,1781194440,442.50545382,463.00472284,440.77539258,462.04874835,
2026-06-11 16:15:00,1781194500,462.04874835,469.52638608,449.65284164,455.43305839,
2026-06-11 16:16:00,1781194560,455.43305839,462.51256027,450.29535222,459.3917536,
2026-06-11 16:17:00,1781194620,459.3917536,459.65469378,440.43642852,457.227246,
2026-06-11 16:18:00,1781194680,457.227246,459.07959141,447.15198289,455.27710159,
2026-06-11 16:19:00,1781194740,455.27710159,456.83405844,445.86299916,453.12163657,
2026-06-11 16:20:00,1781194800,453.12163657,455.532499,434.51697809,435.19521356,
2026-06-11 16:21:00,1781194860,435.19521356,448.94227212,402.8146727,410.47094256,
2026-06-11 16:22:00,1781194920,410.47094256,419.52160996,394.71772582,396.36230899,
2026-06-11 16:23:00,1781194980,396.36230899,404.0081843,387.10655342,390.43095972,
2026-06-11 16:24:00,1781195040,390.43095972,393.84033018,378.91112484,382.05128826,
2026-06-11 16:25:00,1781195100,382.05128826,385.54515805,366.19883249,370.27241662,
2026-06-11 16:26:00,1781195160,370.27241662,386.26690038,369.18708674,378.22682148,
2026-06-11 16:27:00,1781195220,378.22682148,385.8256426,378.08711934,381.73517171,
2026-06-11 16:28:00,1781195280,381.73517171,396.74497223,380.72868401,388.12886607,
2026-06-11 16:29:00,1781195340,388.12886607,397.07443932,385.00019561,388.3309926,
2026-06-11 16:30:00,1781195400,388.3309926,392.56045484,375.71994502,381.30985684,
2026-06-11 16:31:00,1781195460,381.30985684,385.39343004,371.70089971,371.70089971,
2026-06-11 16:32:00,1781195520,371.70089971,382.8576975,359.55709429,382.47461496,
2026-06-11 16:33:00,1781195580,382.47461496,401.79880121,376.42902346,401.79880121,
2026-06-11 16:34:00,1781195640,401.79880121,432.32682699,399.86418651,409.60558667,
2026-06-11 16:35:00,1781195700,409.60558667,424.92091129,400.88132736,419.49582501,
2026-06-11 16:36:00,1781195760,419.49582501,443.81579469,415.86329187,443.81579469,
2026-06-11 16:37:00,1781195820,443.81579469,449.13738793,430.8668103,433.09179084,
2026-06-11 16:38:00,1781195880,433.09179084,438.93518587,417.26316064,429.66459817,
2026-06-11 16:39:00,1781195940,429.66459817,429.80773672,412.98983845,418.87380058,
2026-06-11 16:40:00,1781196000,418.87380058,425.82329253,403.61065146,406.53238339,
2026-06-11 16:41:00,1781196060,406.53238339,414.05041173,393.15116599,393.86352188,
2026-06-11 16:42:00,1781196120,393.86352188,400.16435515,384.81491256,398.3327446,
2026-06-11 16:43:00,1781196180,398.3327446,410.86553588,391.64737903,395.89513034,
2026-06-11 16:44:00,1781196240,395.89513034,398.23695525,384.35817727,392.09453273,
2026-06-11 16:45:00,1781196300,392.09453273,403.53384268,376.51793046,376.51793046,
2026-06-11 16:46:00,1781196360,376.51793046,390.13540073,376.45144805,382.88763771,
2026-06-11 16:47:00,1781196420,382.88763771,387.00744301,376.67715398,385.04102874,
2026-06-11 16:48:00,1781196480,385.04102874,399.079534,385.04102874,396.32504851,
2026-06-11 16:49:00,1781196540,396.32504851,396.35753561,372.04297685,381.06669503,
2026-06-11 16:50:00,1781196600,381.06669503,383.77858349,363.5085466,382.50343289,
2026-06-11 16:51:00,1781196660,382.50343289,384.3553792,372.17748409,373.43502281,
2026-06-11 16:52:00,1781196720,373.43502281,379.17081648,363.4538498,371.45224082,
2026-06-11 16:53:00,1781196780,371.45224082,385.2781168,368.55377158,381.01972888,
2026-06-11 16:54:00,1781196840,381.01972888,393.38561202,375.82830619,376.98842301,
2026-06-11 16:55:00,1781196900,376.98842301,378.08831377,365.72395237,366.83289736,
2026-06-11 16:56:00,1781196960,366.83289736,377.6920632,363.56482465,368.17371949,
2026-06-11 16:57:00,1781197020,368.17371949,370.63492128,364.22331081,369.38593721,
2026-06-11 16:58:00,1781197080,369.38593721,374.32233753,367.32524382,367.38482012,
2026-06-11 16:59:00,1781197140,367.38482012,372.07746624,364.07817149,364.48025984,
2026-06-11 17:00:00,1781197200,364.48025984,366.01596354,356.29350876,363.17464738,
2026-06-11 17:01:00,1781197260,363.17464738,381.55727331,363.17262078,366.360767,
2026-06-11 17:02:00,1781197320,366.360767,372.17747964,354.0419342,354.13729947,
2026-06-11 17:03:00,1781197380,354.13729947,355.536404,310.95258185,316.02683699,
2026-06-11 17:04:00,1781197440,316.02683699,317.9972443,305.50814592,317.21425564,
2026-06-11 17:05:00,1781197500,317.21425564,334.86314123,317.21425564,332.80756319,
2026-06-11 17:06:00,1781197560,332.80756319,341.15429976,328.46351347,335.30099515,
2026-06-11 17:07:00,1781197620,335.30099515,345.47718071,327.63025224,340.5890154,
2026-06-11 17:08:00,1781197680,340.5890154,342.36036607,331.38635945,333.03327002,
2026-06-11 17:09:00,1781197740,333.03327002,346.22187604,332.48130913,339.2589664,
2026-06-11 17:10:00,1781197800,339.2589664,357.90797378,334.97253368,350.6627709,
2026-06-11 17:11:00,1781197860,350.6627709,352.08667133,336.4850897,336.4850897,
2026-06-11 17:12:00,1781197920,336.4850897,345.84771731,316.77442894,317.39359533,
2026-06-11 17:13:00,1781197980,317.39359533,324.63238696,309.73118032,321.97843507,
2026-06-11 17:14:00,1781198040,321.97843507,326.86149168,318.60744694,318.96308243,
2026-06-11 17:15:00,1781198100,318.96308243,329.22310355,302.90200348,327.19894357,
2026-06-11 17:16:00,1781198160,327.19894357,334.28677049,325.66609034,332.80477537,
2026-06-11 17:17:00,1781198220,332.80477537,332.80477537,323.24316411,326.26063636,
2026-06-11 17:18:00,1781198280,326.26063636,326.26063636,302.29512145,304.45572032,
2026-06-11 17:19:00,1781198340,304.45572032,311.6017774,300.17600839,300.26168282,
2026-06-11 17:20:00,1781198400,300.26168282,308.98650167,291.60553308,306.81297982,
2026-06-11 17:21:00,1781198460,306.81297982,310.52590142,291.01573667,298.18420125,
2026-06-11 17:22:00,1781198520,298.18420125,306.71534103,288.99306147,294.41594461,
2026-06-11 17:23:00,1781198580,294.41594461,305.17704005,291.96997963,300.52729722,
2026-06-11 17:24:00,1781198640,300.52729722,308.02621855,289.56248838,305.79739406,
2026-06-11 17:25:00,1781198700,305.79739406,308.53676042,294.0270144,301.1956988,
2026-06-11 17:26:00,1781198760,301.1956988,304.28663558,287.54202472,287.852066,
2026-06-11 17:27:00,1781198820,287.852066,295.86911222,284.36256794,294.97887291,
2026-06-11 17:28:00,1781198880,294.97887291,414.68891508,293.33388503,379.72977507,
2026-06-11 17:29:00,1781198940,379.72977507,490.24344247,367.78500105,480.36672774,
2026-06-11 17:30:00,1781199000,480.36672774,560.91278305,480.36672774,521.94432719,
2026-06-11 17:31:00,1781199060,521.94432719,600.65730787,494.70254958,595.34887471,
2026-06-11 17:32:00,1781199120,595.34887471,718.30153849,592.83309377,718.24968724,
2026-06-11 17:33:00,1781199180,718.24968724,731.59214266,649.15913539,649.15913539,
2026-06-11 17:34:00,1781199240,649.15913539,657.72089475,598.67555766,634.83471278,
2026-06-11 17:35:00,1781199300,634.83471278,648.95505919,571.60485584,625.45485483,
2026-06-11 17:36:00,1781199360,625.45485483,634.87369441,571.42885901,582.31604847,
2026-06-11 17:37:00,1781199420,582.31604847,615.66119161,570.84077065,602.6835977,
2026-06-11 17:38:00,1781199480,602.6835977,627.85729739,584.26318517,618.58393809,
2026-06-11 17:39:00,1781199540,618.58393809,630.57638181,595.10214152,613.90639172,
2026-06-11 17:40:00,1781199600,613.90639172,669.76069569,613.90639172,661.97016185,
2026-06-11 17:41:00,1781199660,661.97016185,694.65416543,647.31164205,687.85219602,
2026-06-11 17:42:00,1781199720,687.85219602,698.33906648,653.03562746,674.40280734,
2026-06-11 17:43:00,1781199780,674.40280734,688.56559448,652.50683999,661.5930573,
2026-06-11 17:44:00,1781199840,661.5930573,679.42750162,648.7335758,670.27520239,
2026-06-11 17:45:00,1781199900,670.27520239,738.89617077,669.99393335,738.79192169,
2026-06-11 17:46:00,1781199960,738.79192169,739.15452148,659.65283741,679.75593141,
2026-06-11 17:47:00,1781200020,679.75593141,752.64247225,678.42028062,735.93556705,
2026-06-11 17:48:00,1781200080,735.93556705,775.26878401,734.19466138,743.11362848,
2026-06-11 17:49:00,1781200140,743.11362848,821.53051262,704.06326163,807.29980349,
2026-06-11 17:50:00,1781200200,807.29980349,808.31650189,748.01533497,748.11995194,
2026-06-11 17:51:00,1781200260,748.11995194,796.29575979,729.79618708,778.37376087,
2026-06-11 17:52:00,1781200320,778.37376087,805.3388697,750.73922456,753.15995998,
2026-06-11 17:53:00,1781200380,753.15995998,761.54986033,724.81202996,736.06978846,
2026-06-11 17:54:00,1781200440,736.06978846,737.91020657,712.98869184,733.85024972,
2026-06-11 17:55:00,1781200500,733.85024972,748.57485946,721.67821271,730.51160879,
2026-06-11 17:56:00,1781200560,730.51160879,732.27687159,685.01964068,710.23554226,
2026-06-11 17:57:00,1781200620,710.23554226,738.86958836,694.94715751,732.37321181,
2026-06-11 17:58:00,1781200680,732.37321181,780.79001244,728.13093875,766.14311534,
2026-06-11 17:59:00,1781200740,766.14311534,829.98006664,749.01971416,823.62862497,
2026-06-11 18:00:00,1781200800,823.62862497,864.52075921,812.21933443,841.20164121,
2026-06-11 18:01:00,1781200860,841.20164121,887.54115634,836.67156243,883.6622939,
2026-06-11 18:02:00,1781200920,883.6622939,913.23026374,813.82152705,815.87631321,
2026-06-11 18:03:00,1781200980,815.87631321,872.48147962,787.46782037,802.36011705,
2026-06-11 18:04:00,1781201040,802.36011705,805.7109765,746.5753794,759.27484732,
2026-06-11 18:05:00,1781201100,759.27484732,765.45656112,709.89701411,710.1445027,
2026-06-11 18:06:00,1781201160,710.1445027,721.26263485,684.69214163,702.33855342,
2026-06-11 18:07:00,1781201220,702.33855342,715.52526485,687.40212839,704.55272653,
2026-06-11 18:08:00,1781201280,704.55272653,717.98275003,675.61973403,675.61973403,
2026-06-11 18:09:00,1781201340,675.61973403,691.44787913,660.8128817,686.67660548,
2026-06-11 18:10:00,1781201400,686.67660548,693.06392747,656.13817367,675.27117246,
2026-06-11 18:11:00,1781201460,675.27117246,718.25532118,659.09027705,709.93289837,
2026-06-11 18:12:00,1781201520,709.93289837,751.3057448,709.93289837,723.79270193,
2026-06-11 18:13:00,1781201580,723.79270193,733.34805853,704.64899151,722.25004322,
2026-06-11 18:14:00,1781201640,722.25004322,735.67176398,711.90936793,731.73843762,
2026-06-11 18:15:00,1781201700,731.73843762,796.28487998,727.33472284,796.28487998,
2026-06-11 18:16:00,1781201760,796.28487998,809.97666616,776.20960004,800.63972542,
2026-06-11 18:17:00,1781201820,800.63972542,802.01224852,766.76708519,788.19636255,
2026-06-11 18:18:00,1781201880,788.19636255,795.09707167,748.36407923,766.21391995,
2026-06-11 18:19:00,1781201940,766.21391995,806.41176435,747.09096177,788.42581616,
2026-06-11 18:20:00,1781202000,788.42581616,795.97385857,763.77614193,777.11902984,
2026-06-11 18:21:00,1781202060,777.11902984,806.68457325,768.94703705,774.24143716,
2026-06-11 18:22:00,1781202120,774.24143716,774.24143716,677.3392239,711.15358929,
2026-06-11 18:23:00,1781202180,711.15358929,717.40358096,677.72266536,688.42357802,
2026-06-11 18:24:00,1781202240,688.42357802,703.97857581,671.20830571,696.49878152,
2026-06-11 18:25:00,1781202300,696.49878152,722.81866588,692.93190543,721.58622694,
2026-06-11 18:26:00,1781202360,721.58622694,727.96360618,707.80556415,726.8187293,
2026-06-11 18:27:00,1781202420,726.8187293,730.90402113,711.63667305,717.07252215,
2026-06-11 18:28:00,1781202480,717.07252215,718.95116483,688.27033922,709.35388932,
2026-06-11 18:29:00,1781202540,709.35388932,714.80424386,686.9518435,701.22397045,
2026-06-11 18:30:00,1781202600,701.22397045,739.25313688,695.23731137,738.98996043,
2026-06-11 18:31:00,1781202660,738.98996043,740.33765723,719.88771252,725.55706059,
2026-06-11 18:32:00,1781202720,725.55706059,725.95138255,691.95885953,708.1328747,
2026-06-11 18:33:00,1781202780,708.1328747,738.34074497,696.81126194,733.16911699,
2026-06-11 18:34:00,1781202840,733.16911699,739.89337538,722.17841411,722.94062778,
2026-06-11 18:35:00,1781202900,722.94062778,740.66678662,722.47058085,735.41493395,
2026-06-11 18:36:00,1781202960,735.41493395,779.60961901,732.73414998,774.38002506,
2026-06-11 18:37:00,1781203020,774.38002506,780.98087302,762.25745454,768.15162076,
2026-06-11 18:38:00,1781203080,768.15162076,776.04903194,757.76029212,772.53628015,
2026-06-11 18:39:00,1781203140,772.53628015,786.68622929,765.34958494,777.51239467,
2026-06-11 18:40:00,1781203200,777.51239467,796.58527085,767.01810092,768.71235462,
2026-06-11 18:41:00,1781203260,768.71235462,782.73256529,760.57470304,764.48847816,
2026-06-11 18:42:00,1781203320,764.48847816,770.67986994,757.31365521,765.57970788,
2026-06-11 18:43:00,1781203380,765.57970788,790.31365587,761.60804707,785.34551557,
2026-06-11 18:44:00,1781203440,785.34551557,788.17891592,776.47655817,786.55659332,
2026-06-11 18:45:00,1781203500,786.55659332,789.38672787,768.04942406,780.44936718,
2026-06-11 18:46:00,1781203560,780.44936718,784.81221535,773.23881348,776.18478621,
2026-06-11 18:47:00,1781203620,776.18478621,800.70711231,771.42476225,800.11514598,
2026-06-11 18:48:00,1781203680,800.11514598,800.11514598,776.2315565,778.00560354,
2026-06-11 18:49:00,1781203740,778.00560354,778.32495774,755.37162546,768.93481678,
2026-06-11 18:50:00,1781203800,768.93481678,782.14526817,762.4612439,765.18270222,
2026-06-11 18:51:00,1781203860,765.18270222,766.63860343,748.56475741,748.56475741,
2026-06-11 18:52:00,1781203920,748.56475741,782.01076789,747.98294885,782.01076789,
2026-06-11 18:53:00,1781203980,782.01076789,796.20474999,772.0757686,784.25935607,
2026-06-11 18:54:00,1781204040,784.25935607,786.18219465,763.72225672,763.77533976,
2026-06-11 18:55:00,1781204100,763.77533976,771.09577194,751.14828188,752.98777116,
2026-06-11 18:56:00,1781204160,752.98777116,780.31464618,745.60849198,772.91433236,
2026-06-11 18:57:00,1781204220,772.91433236,777.45024969,761.79272047,773.50787268,
2026-06-11 18:58:00,1781204280,773.50787268,779.17451471,754.87775683,755.50770924,
2026-06-11 18:59:00,1781204340,755.50770924,756.30078553,731.31866589,733.79181746,
2026-06-11 19:00:00,1781204400,733.79181746,744.35694187,711.44436769,740.52704533,
2026-06-11 19:01:00,1781204460,740.52704533,778.65449769,736.50137988,769.34296576,
2026-06-11 19:02:00,1781204520,769.34296576,810.61426702,769.12153062,786.59731919,
2026-06-11 19:03:00,1781204580,786.59731919,789.31982061,754.09393888,762.63504547,
2026-06-11 19:04:00,1781204640,762.63504547,771.91701957,749.20950445,754.66897795,
2026-06-11 19:05:00,1781204700,754.66897795,765.34239459,748.57747048,750.56263924,
2026-06-11 19:06:00,1781204760,750.56263924,755.39145871,733.39435273,747.16655865,
2026-06-11 19:07:00,1781204820,747.16655865,747.73626412,733.68534103,739.43446109,
2026-06-11 19:08:00,1781204880,739.43446109,740.06073151,698.77679168,714.89701992,
2026-06-11 19:09:00,1781204940,714.89701992,734.1736823,709.88321905,710.84831276,
2026-06-11 19:10:00,1781205000,710.84831276,742.43430617,709.72313747,726.16997059,
2026-06-11 19:11:00,1781205060,726.16997059,730.87653068,695.95560088,715.35250117,
2026-06-11 19:12:00,1781205120,715.35250117,796.57728488,715.35250117,772.7706215,
2026-06-11 19:13:00,1781205180,772.7706215,783.87395985,731.85317493,766.77273119,
2026-06-11 19:14:00,1781205240,766.77273119,793.03111022,760.42923003,771.98926158,
2026-06-11 19:15:00,1781205300,771.98926158,804.28779928,767.53334023,799.33539355,
2026-06-11 19:16:00,1781205360,799.33539355,815.25797476,795.0472787,807.32786053,
2026-06-11 19:17:00,1781205420,807.32786053,842.95511798,800.23074565,838.9686951,
2026-06-11 19:18:00,1781205480,838.9686951,856.81621756,833.5115694,844.70846683,
2026-06-11 19:19:00,1781205540,844.70846683,844.70846683,810.75371326,826.89644684,
2026-06-11 19:20:00,1781205600,826.89644684,863.84234581,826.89405942,836.75534317,
2026-06-11 19:21:00,1781205660,836.75534317,841.99921465,826.09857894,833.01827865,
2026-06-11 19:22:00,1781205720,833.01827865,849.53902935,832.1496129,842.52828903,
2026-06-11 19:23:00,1781205780,842.52828903,867.80731653,842.02545407,854.81936577,
2026-06-11 19:24:00,1781205840,854.81936577,868.96902406,845.22411644,856.92437357,
2026-06-11 19:25:00,1781205900,856.92437357,856.97460531,822.91614864,844.67512679,
2026-06-11 19:26:00,1781205960,844.67512679,858.35279599,822.71274857,855.61246579,
2026-06-11 19:27:00,1781206020,855.61246579,855.6669151,812.50229332,821.77449069,
2026-06-11 19:28:00,1781206080,821.77449069,825.85339128,801.75748642,823.63465933,
2026-06-11 19:29:00,1781206140,823.63465933,833.85342725,805.73082521,808.41304535,
2026-06-11 19:30:00,1781206200,808.41304535,979.88410212,805.25442827,979.88410212,
2026-06-11 19:31:00,1781206260,979.88410212,979.88410212,909.65973739,939.24474832,
2026-06-11 19:32:00,1781206320,939.24474832,989.98783987,936.29921247,971.10925341,
2026-06-11 19:33:00,1781206380,971.10925341,1018.09782021,947.15620492,987.7380136,
2026-06-11 19:34:00,1781206440,987.7380136,995.74313464,889.36527712,895.88854037,
2026-06-11 19:35:00,1781206500,895.88854037,921.036405,876.22704145,912.55596072,
2026-06-11 19:36:00,1781206560,912.55596072,935.37364791,896.83935258,910.45740214,
2026-06-11 19:37:00,1781206620,910.45740214,950.62086582,899.66415878,934.57212334,
2026-06-11 19:38:00,1781206680,934.57212334,937.57819335,896.15731208,896.15731208,
2026-06-11 19:39:00,1781206740,896.15731208,904.44495333,856.56282716,860.3633077,
2026-06-11 19:40:00,1781206800,860.3633077,901.79502964,860.36086752,897.26240509,
2026-06-11 19:41:00,1781206860,897.26240509,932.9357949,896.62099609,925.40659433,
2026-06-11 19:42:00,1781206920,925.40659433,934.84918045,920.40909444,928.86272754,
2026-06-11 19:43:00,1781206980,928.86272754,932.39122959,906.83613772,910.09924399,
2026-06-11 19:44:00,1781207040,910.09924399,912.49373436,861.55416707,871.47152235,
2026-06-11 19:45:00,1781207100,871.47152235,872.0408109,853.81895131,866.29574612,
2026-06-11 19:46:00,1781207160,866.29574612,874.42268338,839.22131261,846.75979184,
2026-06-11 19:47:00,1781207220,846.75979184,889.59483948,846.75734174,889.37567596,
2026-06-11 19:48:00,1781207280,889.37567596,896.10882734,865.28934627,882.9592571,
2026-06-11 19:49:00,1781207340,882.9592571,893.85552884,863.01387989,867.28859235,
2026-06-11 19:50:00,1781207400,867.28859235,880.2721125,832.64984987,850.90364986,
2026-06-11 19:51:00,1781207460,850.90364986,879.71247133,844.91050815,878.35179554,
2026-06-11 19:52:00,1781207520,878.35179554,883.90168101,848.11380413,863.81435324,
2026-06-11 19:53:00,1781207580,863.81435324,874.91798622,851.31358838,873.29018331,
2026-06-11 19:54:00,1781207640,873.29018331,882.58391393,866.03672958,882.58391393,
2026-06-11 19:55:00,1781207700,882.58391393,882.58391393,839.45594739,862.13216327,
2026-06-11 19:56:00,1781207760,862.13216327,865.21041954,854.62758366,857.79755237,
2026-06-11 19:57:00,1781207820,857.79755237,865.42038553,842.68423076,860.70797469,
2026-06-11 19:58:00,1781207880,860.70797469,868.57821851,842.10164318,843.93099269,
2026-06-11 19:59:00,1781207940,843.93099269,856.919919,821.57676321,825.26388783,
2026-06-11 20:00:00,1781208000,825.26388783,852.17795911,787.40691058,794.76535708,
2026-06-11 20:01:00,1781208060,794.76535708,830.48859445,791.95417868,814.68493653,
2026-06-11 20:02:00,1781208120,814.68493653,854.17046501,799.04945719,838.57355816,
2026-06-11 20:03:00,1781208180,838.57355816,847.9721738,807.48308293,827.28193221,
2026-06-11 20:04:00,1781208240,827.28193221,836.02104602,814.41668273,819.66862637,
2026-06-11 20:05:00,1781208300,819.66862637,848.6351733,817.51076059,840.70695731,
2026-06-11 20:06:00,1781208360,840.70695731,840.87020535,816.90417454,817.28967693,
2026-06-11 20:07:00,1781208420,817.28967693,819.67138537,794.76089389,807.06087611,
2026-06-11 20:08:00,1781208480,807.06087611,808.34365619,783.91828668,795.85227293,
2026-06-11 20:09:00,1781208540,795.85227293,802.82511081,793.23529802,797.13881833,
2026-06-11 20:10:00,1781208600,797.13881833,797.13881833,762.46660201,764.82496232,
2026-06-11 20:11:00,1781208660,764.82496232,772.50402404,752.91420829,768.53226744,
2026-06-11 20:12:00,1781208720,768.53226744,773.57433092,766.38830083,770.9365492,
2026-06-11 20:13:00,1781208780,770.9365492,778.21611803,755.56138975,764.19101134,
2026-06-11 20:14:00,1781208840,764.19101134,779.26092685,762.25407471,772.42359877,
2026-06-11 20:15:00,1781208900,772.42359877,776.52075234,757.09568554,760.17324071,
2026-06-11 20:16:00,1781208960,760.17324071,768.71353954,756.53805646,767.95618233,
2026-06-11 20:17:00,1781209020,767.95618233,780.40339942,763.78462205,776.1050466,
2026-06-11 20:18:00,1781209080,776.1050466,782.85566831,766.77255465,767.24317503,
2026-06-11 20:19:00,1781209140,767.24317503,782.63683147,767.1968922,771.8562883,
2026-06-11 20:20:00,1781209200,771.8562883,778.19882978,771.59132777,774.66524248,
2026-06-11 20:21:00,1781209260,774.66524248,777.93738738,744.80314354,744.80314354,
2026-06-11 20:22:00,1781209320,744.80314354,745.74833634,733.34061201,741.11434554,
2026-06-11 20:23:00,1781209380,741.11434554,751.75217822,741.05956561,751.54089299,
2026-06-11 20:24:00,1781209440,751.54089299,755.15928647,744.81514771,747.88097858,
2026-06-11 20:25:00,1781209500,747.88097858,749.37044671,726.95493515,735.760244,
2026-06-11 20:26:00,1781209560,735.760244,749.30944669,714.01700606,715.70522199,
2026-06-11 20:27:00,1781209620,715.70522199,735.95938527,708.88807944,713.07391569,
2026-06-11 20:28:00,1781209680,713.07391569,713.07391569,667.85625833,689.19458909,
2026-06-11 20:29:00,1781209740,689.19458909,690.86553078,680.4941341,690.19102824,
2026-06-11 20:30:00,1781209800,690.19102824,690.62209924,677.20288564,686.88677821,
2026-06-11 20:31:00,1781209860,686.88677821,701.74015119,674.64426902,677.77562283,
2026-06-11 20:32:00,1781209920,677.77562283,694.26964493,675.15780243,691.70536044,
2026-06-11 20:33:00,1781209980,691.70536044,710.52208732,684.14461786,702.30826192,
2026-06-11 20:34:00,1781210040,702.30826192,709.30248973,694.37385118,698.19625678,
2026-06-11 20:35:00,1781210100,698.19625678,698.19625678,673.54261828,677.13482695,
2026-06-11 20:36:00,1781210160,677.13482695,679.91909055,663.3724672,668.479277,
2026-06-11 20:37:00,1781210220,668.479277,671.96717119,662.19108196,670.30420223,
2026-06-11 20:38:00,1781210280,670.30420223,674.15401323,664.16889857,665.13398166,
2026-06-11 20:39:00,1781210340,665.13398166,669.73546647,658.91495053,668.57359205,
2026-06-11 20:40:00,1781210400,668.57359205,686.42571058,665.81285216,678.71460594,
2026-06-11 20:41:00,1781210460,678.71460594,679.0610232,656.13852019,656.30191293,
2026-06-11 20:42:00,1781210520,656.30191293,656.30191293,642.65350235,645.00243568,
2026-06-11 20:43:00,1781210580,645.00243568,653.11387564,643.00412013,645.75517695,
2026-06-11 20:44:00,1781210640,645.75517695,652.37910744,636.55335457,637.08298541,
2026-06-11 20:45:00,1781210700,637.08298541,641.35969882,628.47684525,640.8265283,
2026-06-11 20:46:00,1781210760,640.8265283,640.8265283,626.73630485,630.39209771,
2026-06-11 20:47:00,1781210820,630.39209771,640.34965791,626.96441294,630.89328548,
2026-06-11 20:48:00,1781210880,630.89328548,632.21696921,624.10573297,626.45671302,
2026-06-11 20:49:00,1781210940,626.45671302,632.27944517,626.33500851,627.74031126,
2026-06-11 20:50:00,1781211000,627.74031126,634.96880858,625.3482562,625.39604054,
2026-06-11 20:51:00,1781211060,625.39604054,651.12111981,625.39362375,651.12111981,
2026-06-11 20:52:00,1781211120,651.12111981,679.23567327,646.23282788,678.99111922,
2026-06-11 20:53:00,1781211180,678.99111922,682.72127799,666.69898136,682.72127799,
2026-06-11 20:54:00,1781211240,682.72127799,687.40360104,677.36304739,684.56058412,
2026-06-11 20:55:00,1781211300,684.56058412,684.70980944,676.07045871,678.73710879,
2026-06-11 20:56:00,1781211360,678.73710879,685.56898966,677.7298607,683.58832093,
2026-06-11 20:57:00,1781211420,683.58832093,688.78392068,679.59226611,687.65174793,
2026-06-11 20:58:00,1781211480,687.65174793,692.14046227,670.20753762,683.08014567,
2026-06-11 20:59:00,1781211540,683.08014567,692.81142273,679.72796197,679.98822261,
2026-06-11 21:00:00,1781211600,679.98822261,695.12351304,679.58312737,691.25120437,
2026-06-11 21:01:00,1781211660,691.25120437,706.72383449,691.24632967,700.71444955,
2026-06-11 21:02:00,1781211720,700.71444955,700.71444955,685.79748578,687.37610315,
2026-06-11 21:03:00,1781211780,687.37610315,687.85056484,684.53348137,687.80777518,
2026-06-11 21:04:00,1781211840,687.80777518,716.81010798,685.72676403,715.07048684,
2026-06-11 21:05:00,1781211900,715.07048684,734.21303153,713.30247419,718.1636918,
2026-06-11 21:06:00,1781211960,718.1636918,721.59345974,714.09253896,717.46899054,
2026-06-11 21:07:00,1781212020,717.46899054,731.08601699,717.32345515,718.61160089,
2026-06-11 21:08:00,1781212080,718.61160089,733.47236368,718.38605694,729.55792923,
2026-06-11 21:09:00,1781212140,729.55792923,730.04302552,721.35846663,722.63169532,
2026-06-11 21:10:00,1781212200,722.63169532,724.31034275,721.94014318,721.98999069,
2026-06-11 21:11:00,1781212260,721.98999069,725.37016895,716.60688574,721.90067901,
2026-06-11 21:12:00,1781212320,721.90067901,727.99267226,721.80166542,727.98674078,
2026-06-11 21:13:00,1781212380,727.98674078,788.9745151,727.98674078,779.53271424,
2026-06-11 21:14:00,1781212440,779.53271424,779.88546148,763.62383932,764.75455835,
2026-06-11 21:15:00,1781212500,764.75455835,764.8087578,751.47981195,754.96851253,
2026-06-11 21:16:00,1781212560,754.96851253,758.86602105,740.61539547,746.97554098,
2026-06-11 21:17:00,1781212620,746.97554098,754.6236348,741.72061942,743.35161905,
2026-06-11 21:18:00,1781212680,743.35161905,749.27379316,738.91970551,744.73698684,
2026-06-11 21:19:00,1781212740,744.73698684,750.47343029,741.78742696,744.99075435,
2026-06-11 21:20:00,1781212800,744.99075435,750.75456016,739.02175235,742.28361694,
2026-06-11 21:21:00,1781212860,742.28361694,745.84058816,732.05428047,745.11731489,
2026-06-11 21:22:00,1781212920,745.11731489,757.06855531,744.99934771,756.58249415,
2026-06-11 21:23:00,1781212980,756.58249415,768.13276566,756.52362696,761.02682475,
2026-06-11 21:24:00,1781213040,761.02682475,761.02682475,740.04212358,743.94888809,
2026-06-11 21:25:00,1781213100,743.94888809,743.94888809,721.03610603,728.98432528,
2026-06-11 21:26:00,1781213160,728.98432528,728.98432528,708.69634775,709.1088044,
2026-06-11 21:27:00,1781213220,709.1088044,714.20170123,706.15342294,713.86984009,
2026-06-11 21:28:00,1781213280,713.86984009,714.96839161,701.16208521,709.28667016,
2026-06-11 21:29:00,1781213340,709.28667016,724.55766371,709.07683283,724.50268581,
2026-06-11 21:30:00,1781213400,724.50268581,733.17977059,724.18513581,733.17043503,
2026-06-11 21:31:00,1781213460,733.17043503,736.89387195,730.13246744,734.83001071,
2026-06-11 21:32:00,1781213520,734.83001071,743.36650585,730.80852616,743.30827465,
2026-06-11 21:33:00,1781213580,743.30827465,743.86019658,740.27015289,741.41298497,
2026-06-11 21:34:00,1781213640,741.41298497,741.41298497,726.36007092,728.3750273,
2026-06-11 21:35:00,1781213700,728.3750273,728.67649186,712.30803295,716.29700287,
2026-06-11 21:36:00,1781213760,716.29700287,724.62403737,716.29700287,723.36035424,
2026-06-11 21:37:00,1781213820,723.36035424,723.87629353,717.27799528,717.48703116,
2026-06-11 21:38:00,1781213880,717.48703116,743.84941941,717.43231008,742.20350283,
2026-06-11 21:39:00,1781213940,742.20350283,745.95769491,734.15313717,745.70556314,
2026-06-11 21:40:00,1781214000,745.70556314,753.82203414,721.7652061,724.60277292,
2026-06-11 21:41:00,1781214060,724.60277292,731.47902523,719.76460414,731.15081001,
2026-06-11 21:42:00,1781214120,731.15081001,746.39498332,731.14835513,742.99772247,
2026-06-11 21:43:00,1781214180,742.99772247,743.61527707,725.12433041,726.33946396,
2026-06-11 21:44:00,1781214240,726.33946396,747.79541293,725.12386616,747.02046509,
2026-06-11 21:45:00,1781214300,747.02046509,759.26564651,739.94908548,746.04485312,
2026-06-11 21:46:00,1781214360,746.04485312,763.5439602,743.71547911,753.12788496,
2026-06-11 21:47:00,1781214420,753.12788496,764.98708548,745.09932771,756.14036813,
2026-06-11 21:48:00,1781214480,756.14036813,768.7073864,753.08111261,766.66839897,
2026-06-11 21:49:00,1781214540,766.66839897,770.85961986,754.19124253,755.32789225,
2026-06-11 21:50:00,1781214600,755.32789225,756.02368621,742.21780421,742.2713362,
2026-06-11 21:51:00,1781214660,742.2713362,753.33702869,737.64508654,753.02197024,
2026-06-11 21:52:00,1781214720,753.02197024,764.1244965,746.36963094,754.22517237,
2026-06-11 21:53:00,1781214780,754.22517237,756.99720868,748.6497835,748.6497835,
2026-06-11 21:54:00,1781214840,748.6497835,750.77158547,728.65826499,736.50952796,
2026-06-11 21:55:00,1781214900,736.50952796,736.50952796,714.19281641,714.65486853,
2026-06-11 21:56:00,1781214960,714.65486853,718.84768226,704.58623064,707.72763994,
2026-06-11 21:57:00,1781215020,707.72763994,712.52173824,700.82474062,712.52173824,
2026-06-11 21:58:00,1781215080,712.52173824,728.39107264,712.52173824,728.14639038,
2026-06-11 21:59:00,1781215140,728.14639038,736.8485902,709.04163353,736.58140369,
2026-06-11 22:00:00,1781215200,736.58140369,759.20773932,725.82780088,757.85069698,
2026-06-11 22:01:00,1781215260,757.85069698,766.44214196,744.35428207,766.44214196,
2026-06-11 22:02:00,1781215320,766.44214196,775.33422386,741.91484778,759.5364654,
2026-06-11 22:03:00,1781215380,759.5364654,774.98548453,759.5364654,774.39417408,
2026-06-11 22:04:00,1781215440,774.39417408,806.3466065,763.27287917,766.53309768,
2026-06-11 22:05:00,1781215500,766.53309768,790.36168532,762.28106529,774.9781066,
2026-06-11 22:06:00,1781215560,774.9781066,797.00821691,763.22828693,782.82259145,
2026-06-11 22:07:00,1781215620,782.82259145,816.23108027,782.8201485,805.91393066,
2026-06-11 22:08:00,1781215680,805.91393066,809.85008766,789.00017388,799.59843468,
2026-06-11 22:09:00,1781215740,799.59843468,818.83321912,799.59843468,802.43167704,
2026-06-11 22:10:00,1781215800,802.43167704,802.43167704,782.37800164,798.29427082,
2026-06-11 22:11:00,1781215860,798.29427082,811.90460183,784.049673,785.27141558,
2026-06-11 22:12:00,1781215920,785.27141558,787.70857752,767.06552975,772.5133088,
2026-06-11 22:13:00,1781215980,772.5133088,792.59139934,770.65706906,788.50099637,
2026-06-11 22:14:00,1781216040,788.50099637,800.08325449,786.97229171,793.38363543,
2026-06-11 22:15:00,1781216100,793.38363543,799.75803249,774.91435117,783.8511514,
2026-06-11 22:16:00,1781216160,783.8511514,817.21536494,779.13181723,796.03029276,
2026-06-11 22:17:00,1781216220,796.03029276,818.76227534,792.49081305,800.84642712,
2026-06-11 22:18:00,1781216280,800.84642712,803.89976084,791.00421586,797.19791085,
2026-06-11 22:19:00,1781216340,797.19791085,801.11586373,790.10941543,796.13393946,
2026-06-11 22:20:00,1781216400,796.13393946,798.39889189,783.21776769,789.25438141,
2026-06-11 22:21:00,1781216460,789.25438141,789.25438141,777.64283006,778.19290658,
2026-06-11 22:22:00,1781216520,778.19290658,778.19290658,751.45792367,752.7203095,
2026-06-11 22:23:00,1781216580,752.7203095,762.1503882,744.7439971,754.61219923,
2026-06-11 22:24:00,1781216640,754.61219923,761.39747229,745.32681919,747.32965708,
2026-06-11 22:25:00,1781216700,747.32965708,752.14652627,734.09268691,748.25720417,
2026-06-11 22:26:00,1781216760,748.25720417,751.89629802,741.74276581,744.10064675,
2026-06-11 22:27:00,1781216820,744.10064675,749.96391959,741.213359,745.27711672,
2026-06-11 22:28:00,1781216880,745.27711672,755.60500249,735.63743227,752.5330815,
2026-06-11 22:29:00,1781216940,752.5330815,769.55960802,751.65274047,763.56281252,
2026-06-11 22:30:00,1781217000,763.56281252,774.70175842,755.28391932,773.0526942,
2026-06-11 22:31:00,1781217060,773.0526942,794.52513916,768.03080325,768.74996996,
2026-06-11 22:32:00,1781217120,768.74996996,768.80286658,749.71674777,749.98686788,
2026-06-11 22:33:00,1781217180,749.98686788,762.192409,743.67621281,753.05138244,
2026-06-11 22:34:00,1781217240,753.05138244,761.19598927,729.10612978,729.10612978,
2026-06-11 22:35:00,1781217300,729.10612978,747.98644043,713.76016306,747.7843981,
2026-06-11 22:36:00,1781217360,747.7843981,758.77852761,745.86397418,754.94254662,
2026-06-11 22:37:00,1781217420,754.94254662,754.99491274,742.60426489,743.64964771,
2026-06-11 22:38:00,1781217480,743.64964771,743.81009708,723.43002532,726.1586165,
2026-06-11 22:39:00,1781217540,726.1586165,735.52258407,715.59606742,732.90314529,
2026-06-11 22:40:00,1781217600,732.90314529,746.46369924,725.87471717,732.55820588,
2026-06-11 22:41:00,1781217660,732.55820588,732.98701724,717.19867463,719.5998307,
2026-06-11 22:42:00,1781217720,719.5998307,721.99455407,712.57888498,712.57888498,
2026-06-11 22:43:00,1781217780,712.57888498,720.58647773,708.84181142,720.19787604,
2026-06-11 22:44:00,1781217840,720.19787604,720.30457188,712.72198981,714.5914871,
2026-06-11 22:45:00,1781217900,714.5914871,729.09291652,712.40833227,721.23455157,
2026-06-11 22:46:00,1781217960,721.23455157,721.547318,699.22048255,702.37700235,
2026-06-11 22:47:00,1781218020,702.37700235,703.18181957,694.82367474,694.88751904,
2026-06-11 22:48:00,1781218080,694.88751904,702.28445528,690.65815275,699.54199727,
2026-06-11 22:49:00,1781218140,699.54199727,731.2674482,699.16553207,715.17741904,
2026-06-11 22:50:00,1781218200,715.17741904,733.70529987,714.16337026,731.75262466,
2026-06-11 22:51:00,1781218260,731.75262466,736.20940332,722.95384474,724.41617789,
2026-06-11 22:52:00,1781218320,724.41617789,733.47040618,720.28151325,732.71099879,
2026-06-11 22:53:00,1781218380,732.71099879,732.71099879,719.73775379,723.19821421,
2026-06-11 22:54:00,1781218440,723.19821421,738.06317014,721.78561828,737.84427229,
2026-06-11 22:55:00,1781218500,737.84427229,749.38954954,732.50568606,748.34453152,
2026-06-11 22:56:00,1781218560,748.34453152,759.70887291,727.91493188,727.91493188,
2026-06-11 22:57:00,1781218620,727.91493188,741.09128977,727.91493188,739.51655111,
2026-06-11 22:58:00,1781218680,739.51655111,739.51655111,727.83224146,734.53427222,
2026-06-11 22:59:00,1781218740,734.53427222,734.58834472,707.56224086,709.43848187,
2026-06-11 23:00:00,1781218800,709.43848187,709.8108381,678.36429601,679.28738062,
2026-06-11 23:01:00,1781218860,679.28738062,680.16935535,668.35944879,673.35336955,
2026-06-11 23:02:00,1781218920,673.35336955,687.45508471,657.78879319,678.0508274,
2026-06-11 23:03:00,1781218980,678.0508274,679.80578703,639.14198719,661.41881099,
2026-06-11 23:04:00,1781219040,661.41881099,676.0285049,656.8204829,669.67972739,
2026-06-11 23:05:00,1781219100,669.67972739,677.81185024,663.82376711,665.84675938,
2026-06-11 23:06:00,1781219160,665.84675938,667.27131094,656.0062919,659.57195494,
2026-06-11 23:07:00,1781219220,659.57195494,662.30612149,651.3428029,652.88516032,
2026-06-11 23:08:00,1781219280,652.88516032,653.9234725,633.47161068,639.91849296,
2026-06-11 23:09:00,1781219340,639.91849296,639.94195702,632.13539494,634.77717913,
2026-06-11 23:10:00,1781219400,634.77717913,646.96236255,632.59234889,641.70278178,
2026-06-11 23:11:00,1781219460,641.70278178,648.01286885,637.69574967,642.71310066,
2026-06-11 23:12:00,1781219520,642.71310066,667.24757883,642.11082133,666.01100487,
2026-06-11 23:13:00,1781219580,666.01100487,666.01100487,645.80972392,655.00087532,
2026-06-11 23:14:00,1781219640,655.00087532,663.00267719,653.51915353,656.19304324,
2026-06-11 23:15:00,1781219700,656.19304324,666.41472053,647.1192447,665.70917287,
2026-06-11 23:16:00,1781219760,665.70917287,673.11644874,652.68697365,665.76850344,
2026-06-11 23:17:00,1781219820,665.76850344,666.22913762,647.1061796,647.42173213,
2026-06-11 23:18:00,1781219880,647.42173213,654.01475416,642.33283383,651.44397964,
2026-06-11 23:19:00,1781219940,651.44397964,667.87456118,649.26911743,663.30655619,
2026-06-11 23:20:00,1781220000,663.30655619,664.15052246,648.94239448,651.16272698,
2026-06-11 23:21:00,1781220060,651.16272698,656.65055439,649.85266722,650.09601636,
2026-06-11 23:22:00,1781220120,650.09601636,671.0114429,650.08858628,668.37452206,
2026-06-11 23:23:00,1781220180,668.37452206,672.01866417,662.43222059,668.35812713,
2026-06-11 23:24:00,1781220240,668.35812713,668.45798798,646.73521699,652.40691598,
2026-06-11 23:25:00,1781220300,652.40691598,659.76909215,646.96323461,648.24324497,
2026-06-11 23:26:00,1781220360,648.24324497,665.74125953,647.889555,659.9669555,
2026-06-11 23:27:00,1781220420,659.9669555,665.40390629,641.38384814,642.0704315,
2026-06-11 23:28:00,1781220480,642.0704315,642.49677625,641.03559746,641.57851744,
2026-06-11 23:29:00,1781220540,641.57851744,649.25021794,640.19825405,643.90034956,
2026-06-11 23:30:00,1781220600,643.90034956,660.177176,643.49108286,653.72813762,
2026-06-11 23:31:00,1781220660,653.72813762,691.85032323,649.34254799,687.24718012,
2026-06-11 23:32:00,1781220720,687.24718012,704.00749199,687.08837997,696.51771846,
2026-06-11 23:33:00,1781220780,696.51771846,718.06642018,684.51256471,718.06393808,
2026-06-11 23:34:00,1781220840,718.06393808,718.21972727,702.32611843,714.85277536,
2026-06-11 23:35:00,1781220900,714.85277536,720.14467736,699.65646276,700.34799408,
2026-06-11 23:36:00,1781220960,700.34799408,713.39265521,695.41449756,702.56225599,
2026-06-11 23:37:00,1781221020,702.56225599,709.64801365,696.40914451,697.49076782,
2026-06-11 23:38:00,1781221080,697.49076782,705.24711321,691.2725299,704.20025854,
2026-06-11 23:39:00,1781221140,704.20025854,722.10993429,698.84946907,719.35505759,
2026-06-11 23:40:00,1781221200,719.35505759,807.07037992,718.81182464,795.59348785,
2026-06-11 23:41:00,1781221260,795.59348785,801.00822136,788.95197357,791.64271232,
2026-06-11 23:42:00,1781221320,791.64271232,792.58838989,785.25691225,791.71195217,
2026-06-11 23:43:00,1781221380,791.71195217,793.24956808,767.84229872,775.39542305,
2026-06-11 23:44:00,1781221440,775.39542305,775.41688901,769.66252965,772.73679064,
2026-06-11 23:45:00,1781221500,772.73679064,782.6852421,772.44338604,773.55065915,
2026-06-11 23:46:00,1781221560,773.55065915,786.94718479,773.03472107,778.48532556,
2026-06-11 23:47:00,1781221620,778.48532556,785.96960249,757.01123642,757.61324255,
2026-06-11 23:48:00,1781221680,757.61324255,763.29040083,749.34523411,755.11076822,
2026-06-11 23:49:00,1781221740,755.11076822,764.27069546,751.75088861,753.17001892,
2026-06-11 23:50:00,1781221800,753.17001892,753.17001892,739.70710707,744.78465338,
2026-06-11 23:51:00,1781221860,744.78465338,744.92118303,721.46240104,723.23874598,
2026-06-11 23:52:00,1781221920,723.23874598,723.23874598,704.8564253,722.37313065,
2026-06-11 23:53:00,1781221980,722.37313065,723.64354351,706.5455944,714.84771212,
2026-06-11 23:54:00,1781222040,714.84771212,769.77229752,713.61358235,763.50429082,
2026-06-11 23:55:00,1781222100,763.50429082,767.29862013,757.59750414,765.42047346,
2026-06-11 23:56:00,1781222160,765.42047346,765.6906155,757.16437914,764.10742534,
2026-06-11 23:57:00,1781222220,764.10742534,772.5222154,750.1642599,767.03218361,
2026-06-11 23:58:00,1781222280,767.03218361,771.79896185,753.09039822,760.39200111,
2026-06-11 23:59:00,1781222340,760.39200111,768.26006404,748.41082303,768.26006404,
2026-06-12 00:00:00,1781222400,768.26006404,768.31161054,729.74420485,758.29581293,
2026-06-12 00:01:00,1781222460,758.29581293,765.24248845,750.08799231,753.27119278,
2026-06-12 00:02:00,1781222520,753.27119278,758.29425748,734.99767765,739.55612233,
2026-06-12 00:03:00,1781222580,739.55612233,739.55612233,715.55265455,720.58778923,
2026-06-12 00:04:00,1781222640,720.58778923,740.40229067,720.32444011,737.93964191,
2026-06-12 00:05:00,1781222700,737.93964191,755.61050345,735.56737569,743.22166453,
2026-06-12 00:06:00,1781222760,743.22166453,763.60999405,737.61074434,754.93136327,
2026-06-12 00:07:00,1781222820,754.93136327,853.22644321,754.92891488,841.39604089,
2026-06-12 00:08:00,1781222880,841.39604089,853.84219775,821.51860188,830.46457891,
2026-06-12 00:09:00,1781222940,830.46457891,830.46457891,809.07082504,815.03601867,
2026-06-12 00:10:00,1781223000,815.03601867,827.81578553,811.09910162,811.91648113,
2026-06-12 00:11:00,1781223060,811.91648113,826.88444571,794.8173968,800.92381495,
2026-06-12 00:12:00,1781223120,800.92381495,804.84160733,792.9704822,799.93226047,
2026-06-12 00:13:00,1781223180,799.93226047,809.32041283,787.57542063,806.50388155,
2026-06-12 00:14:00,1781223240,806.50388155,823.767205,805.75368837,821.99487894,
2026-06-12 00:15:00,1781223300,821.99487894,821.99487894,766.4457869,774.79932955,
2026-06-12 00:16:00,1781223360,774.79932955,787.18072594,749.08334984,754.46817424,
2026-06-12 00:17:00,1781223420,754.46817424,762.39775206,747.97202503,754.37828961,
2026-06-12 00:18:00,1781223480,754.37828961,768.17580415,754.15375091,763.73509892,
2026-06-12 00:19:00,1781223540,763.73509892,777.73226395,763.04826676,767.83988176,
2026-06-12 00:20:00,1781223600,767.83988176,767.83988176,754.91267909,761.74090968,
2026-06-12 00:21:00,1781223660,761.74090968,783.12150193,756.02285296,765.85738462,
2026-06-12 00:22:00,1781223720,765.85738462,775.507538,739.92197414,749.69557417,
2026-06-12 00:23:00,1781223780,749.69557417,749.69557417,736.96010048,740.09178067,
2026-06-12 00:24:00,1781223840,740.09178067,743.59820619,725.74256197,727.47273344,
2026-06-12 00:25:00,1781223900,727.47273344,746.60852762,727.03013906,745.78505366,
2026-06-12 00:26:00,1781223960,745.78505366,745.94782929,707.94131593,707.96709621,
2026-06-12 00:27:00,1781224020,707.96709621,728.64987157,693.13794391,721.30815952,
2026-06-12 00:28:00,1781224080,721.30815952,740.7685928,720.75267775,738.48656904,
2026-06-12 00:29:00,1781224140,738.48656904,758.27965122,737.92806311,746.26437556,
2026-06-12 00:30:00,1781224200,746.26437556,756.2998683,736.90140528,748.30888587,
2026-06-12 00:31:00,1781224260,748.30888587,748.30888587,715.88982327,730.79156004,
2026-06-12 00:32:00,1781224320,730.79156004,753.37687231,728.40480734,750.52799982,
2026-06-12 00:33:00,1781224380,750.52799982,770.71654841,750.07015041,768.01461916,
2026-06-12 00:34:00,1781224440,768.01461916,781.21590183,738.04435429,752.03258031,
2026-06-12 00:35:00,1781224500,752.03258031,773.60307711,746.18284678,772.02045511,
2026-06-12 00:36:00,1781224560,772.02045511,780.83663047,758.00009604,772.83871439,
2026-06-12 00:37:00,1781224620,772.83871439,786.18143219,772.49269928,781.2624866,
2026-06-12 00:38:00,1781224680,781.2624866,818.27482814,781.26005651,799.17321639,
2026-06-12 00:39:00,1781224740,799.17321639,799.39735241,770.93224586,772.02126126,
2026-06-12 00:40:00,1781224800,772.02126126,783.52157703,760.20771811,777.50421596,
2026-06-12 00:41:00,1781224860,777.50421596,786.94152655,766.87561837,775.75800879,
2026-06-12 00:42:00,1781224920,775.75800879,791.78713709,774.01130979,778.96799057,
2026-06-12 00:43:00,1781224980,778.96799057,781.86436678,758.47921601,759.23920063,
2026-06-12 00:44:00,1781225040,759.23920063,764.39159735,751.46033208,761.03355905,
2026-06-12 00:45:00,1781225100,761.03355905,781.04941915,754.18545579,780.17620826,
2026-06-12 00:46:00,1781225160,780.17620826,782.43056376,768.08789197,772.66072997,
2026-06-12 00:47:00,1781225220,772.66072997,778.28368843,766.45205645,773.88971705,
2026-06-12 00:48:00,1781225280,773.88971705,779.44695519,770.37094756,771.45688289,
2026-06-12 00:49:00,1781225340,771.45688289,779.69703329,768.53648412,773.06326539,
2026-06-12 00:50:00,1781225400,773.06326539,773.11853954,758.34323667,763.29752262,
2026-06-12 00:51:00,1781225460,763.29752262,795.44418888,763.24025176,787.62382201,
2026-06-12 00:52:00,1781225520,787.62382201,789.08801127,776.69840222,784.02216575,
2026-06-12 00:53:00,1781225580,784.02216575,790.27116387,779.95473303,787.56273086,
2026-06-12 00:54:00,1781225640,787.56273086,797.50096963,783.95576303,789.92796968,
2026-06-12 00:55:00,1781225700,789.92796968,795.91829833,783.65151136,790.10445057,
2026-06-12 00:56:00,1781225760,790.10445057,803.47189758,787.09849125,792.63582778,
2026-06-12 00:57:00,1781225820,792.63582778,792.95092683,766.18808687,768.90823584,
2026-06-12 00:58:00,1781225880,768.90823584,775.52791745,746.3127343,747.1869286,
2026-06-12 00:59:00,1781225940,747.1869286,757.38961393,743.19749284,751.6041275,
2026-06-12 01:00:00,1781226000,751.6041275,755.57735661,701.61460485,706.75227557,
2026-06-12 01:01:00,1781226060,706.75227557,706.8068581,680.71304823,680.81731609,
2026-06-12 01:02:00,1781226120,680.81731609,688.99231444,656.93217648,659.33623651,
2026-06-12 01:03:00,1781226180,659.33623651,691.91946262,657.437249,680.67560543,
2026-06-12 01:04:00,1781226240,680.67560543,683.52847471,667.36704808,676.94641544,
2026-06-12 01:05:00,1781226300,676.94641544,682.20062569,659.55357071,659.97925714,
2026-06-12 01:06:00,1781226360,659.97925714,688.95524451,659.92430273,676.71809318,
2026-06-12 01:07:00,1781226420,676.71809318,686.7525667,672.34955679,677.30924259,
2026-06-12 01:08:00,1781226480,677.30924259,679.54744387,668.76952895,671.85306989,
2026-06-12 01:09:00,1781226540,671.85306989,700.17916889,671.63831124,676.44271549,
2026-06-12 01:10:00,1781226600,676.44271549,686.52758644,670.89493013,676.69264245,
2026-06-12 01:11:00,1781226660,676.69264245,686.40529551,661.26090024,665.19947782,
2026-06-12 01:12:00,1781226720,665.19947782,668.95356341,659.77099222,666.50778661,
2026-06-12 01:13:00,1781226780,666.50778661,667.63289313,654.99910345,665.02473471,
2026-06-12 01:14:00,1781226840,665.02473471,673.47481901,654.52900699,664.26152895,
2026-06-12 01:15:00,1781226900,664.26152895,667.14517172,652.18214132,653.86697599,
2026-06-12 01:16:00,1781226960,653.86697599,692.59186018,651.67203182,691.28732176,
2026-06-12 01:17:00,1781227020,691.28732176,691.39303882,650.26984612,663.63079339,
2026-06-12 01:18:00,1781227080,663.63079339,670.89341503,653.14365598,653.14365598,
2026-06-12 01:19:00,1781227140,653.14365598,653.30024539,635.27002259,635.8042301,
2026-06-12 01:20:00,1781227200,635.8042301,638.37436159,622.6364,628.80000422,
2026-06-12 01:21:00,1781227260,628.80000422,643.78824689,624.7037904,640.52908778,
2026-06-12 01:22:00,1781227320,640.52908778,640.52908778,617.71307653,617.81160902,
2026-06-12 01:23:00,1781227380,617.81160902,629.1311359,611.84026607,612.92521218,
2026-06-12 01:24:00,1781227440,612.92521218,621.94403435,612.91530799,612.96581313,
2026-06-12 01:25:00,1781227500,612.96581313,624.50276718,608.27418892,615.43823271,
2026-06-12 01:26:00,1781227560,615.43823271,615.43823271,588.43605595,594.81515558,
2026-06-12 01:27:00,1781227620,594.81515558,594.81515558,569.73120406,587.96245912,
2026-06-12 01:28:00,1781227680,587.96245912,598.46632231,566.96933313,593.62771027,
2026-06-12 01:29:00,1781227740,593.62771027,602.54506793,592.17897633,594.64769211,
2026-06-12 01:30:00,1781227800,594.64769211,616.66036897,592.02876626,616.40752818,
2026-06-12 01:31:00,1781227860,616.40752818,616.85773457,593.25684176,600.40884166,
2026-06-12 01:32:00,1781227920,600.40884166,621.1331464,599.98484694,614.59292268,
2026-06-12 01:33:00,1781227980,614.59292268,624.88941644,605.01473057,613.91110479,
2026-06-12 01:34:00,1781228040,613.91110479,618.99461057,595.91396544,596.10914582,
2026-06-12 01:35:00,1781228100,596.10914582,601.09607485,573.57001035,578.07118481,
2026-06-12 01:36:00,1781228160,578.07118481,584.90994143,571.39075353,572.05697818,
2026-06-12 01:37:00,1781228220,572.05697818,588.05861898,572.05697818,587.12954647,
2026-06-12 01:38:00,1781228280,587.12954647,594.14489303,584.28654616,593.25903849,
2026-06-12 01:39:00,1781228340,593.25903849,607.25524553,582.80778785,604.25537262,
2026-06-12 01:40:00,1781228400,604.25537262,604.94685426,589.06773073,590.26426204,
2026-06-12 01:41:00,1781228460,590.26426204,600.99845106,589.59491917,593.62871077,
2026-06-12 01:42:00,1781228520,593.62871077,610.54991882,593.23768364,610.54991882,
2026-06-12 01:43:00,1781228580,610.54991882,627.78962014,610.11218043,619.7281404,
2026-06-12 01:44:00,1781228640,619.7281404,625.63198399,599.53899822,599.98250239,
2026-06-12 01:45:00,1781228700,599.98250239,639.73372211,599.88092151,620.745835,
2026-06-12 01:46:00,1781228760,620.745835,636.27478573,617.94857859,626.84272699,
2026-06-12 01:47:00,1781228820,626.84272699,639.58139179,621.06600304,623.48518857,
2026-06-12 01:48:00,1781228880,623.48518857,641.41631279,618.3198361,636.28009463,
2026-06-12 01:49:00,1781228940,636.28009463,648.22711362,632.34908788,641.69548557,
2026-06-12 01:50:00,1781229000,641.69548557,641.84822891,622.34218708,626.25832697,
2026-06-12 01:51:00,1781229060,626.25832697,641.5511137,619.94294456,634.03014307,
2026-06-12 01:52:00,1781229120,634.03014307,635.07220027,625.02752325,629.71227634,
2026-06-12 01:53:00,1781229180,629.71227634,630.66639389,623.78486253,630.06489569,
2026-06-12 01:54:00,1781229240,630.06489569,649.1276492,623.57582484,646.55275587,
2026-06-12 01:55:00,1781229300,646.55275587,646.76113687,617.39363096,623.5990174,
2026-06-12 01:56:00,1781229360,623.5990174,627.7033465,611.39383837,611.39383837,
2026-06-12 01:57:00,1781229420,611.39383837,617.31007671,605.62977279,614.74952595,
2026-06-12 01:58:00,1781229480,614.74952595,625.2691363,614.74952595,624.90922141,
2026-06-12 01:59:00,1781229540,624.90922141,631.30747362,621.13997398,629.83781712,
2026-06-12 02:00:00,1781229600,629.83781712,642.27882188,629.78402007,633.83889941,
2026-06-12 02:01:00,1781229660,633.83889941,651.23381549,632.70421556,646.9961866,
2026-06-12 02:02:00,1781229720,646.9961866,666.28256229,643.34619108,666.22699611,
2026-06-12 02:03:00,1781229780,666.22699611,666.48727318,651.38208856,651.85302294,
2026-06-12 02:04:00,1781229840,651.85302294,660.256461,648.15891807,652.3311402,
2026-06-12 02:05:00,1781229900,652.3311402,666.53440513,649.97688915,666.53189037,
2026-06-12 02:06:00,1781229960,666.53189037,675.71063704,665.62501287,675.38969261,
2026-06-12 02:07:00,1781230020,675.38969261,695.17254906,671.08041976,690.27119852,
2026-06-12 02:08:00,1781230080,690.27119852,690.27119852,675.57306165,682.15591266,
2026-06-12 02:09:00,1781230140,682.15591266,755.16566813,678.59449062,750.21030836,
2026-06-12 02:10:00,1781230200,750.21030836,827.58555222,749.75120785,787.44388578,
2026-06-12 02:11:00,1781230260,787.44388578,793.02660273,766.94387134,776.2714684,
2026-06-12 02:12:00,1781230320,776.2714684,781.45654362,763.32653052,774.99478833,
2026-06-12 02:13:00,1781230380,774.99478833,795.00286601,757.76231598,765.49131223,
2026-06-12 02:14:00,1781230440,765.49131223,765.49131223,755.01074387,760.64947219,
2026-06-12 02:15:00,1781230500,760.64947219,777.03144013,754.11003319,754.56754584,
2026-06-12 02:16:00,1781230560,754.56754584,758.6656036,733.66118664,745.43666362,
2026-06-12 02:17:00,1781230620,745.43666362,745.43666362,727.7381411,730.20032065,
2026-06-12 02:18:00,1781230680,730.20032065,730.25390351,714.51043639,721.40733296,
2026-06-12 02:19:00,1781230740,721.40733296,743.84255003,720.37457599,741.23658281,
2026-06-12 02:20:00,1781230800,741.23658281,744.01368654,724.3915826,737.25249044,
2026-06-12 02:21:00,1781230860,737.25249044,737.99808117,721.84982086,729.17468799,
2026-06-12 02:22:00,1781230920,729.17468799,754.33047411,729.17218039,736.50006416,
2026-06-12 02:23:00,1781230980,736.50006416,750.58381113,731.8724765,740.38828018,
2026-06-12 02:24:00,1781231040,740.38828018,763.2785458,740.38828018,744.66095625,
2026-06-12 02:25:00,1781231100,744.66095625,744.66095625,718.02234646,722.0689463,
2026-06-12 02:26:00,1781231160,722.0689463,726.09938728,706.66636268,707.31870954,
2026-06-12 02:27:00,1781231220,707.31870954,707.86346684,695.58214909,700.95933636,
2026-06-12 02:28:00,1781231280,700.95933636,702.39437832,680.57506703,690.30564013,
2026-06-12 02:29:00,1781231340,690.30564013,694.28084353,683.20839933,693.78953365,
2026-06-12 02:30:00,1781231400,693.78953365,713.11631893,689.74099596,709.46305312,
2026-06-12 02:31:00,1781231460,709.46305312,719.8197164,704.02722519,705.96459978,
2026-06-12 02:32:00,1781231520,705.96459978,712.79292164,702.38756452,709.31262115,
2026-06-12 02:33:00,1781231580,709.31262115,718.20248579,686.7969431,688.1993101,
2026-06-12 02:34:00,1781231640,688.1993101,689.71709556,661.6231751,669.54333733,
2026-06-12 02:35:00,1781231700,669.54333733,682.32414492,667.69844608,670.4364284,
2026-06-12 02:36:00,1781231760,670.4364284,702.04193587,666.19636398,702.04193587,
2026-06-12 02:37:00,1781231820,702.04193587,718.74540478,699.66494479,715.52767162,
2026-06-12 02:38:00,1781231880,715.52767162,728.10201119,705.61691233,710.87734989,
2026-06-12 02:39:00,1781231940,710.87734989,722.30773021,700.16536631,722.21062821,
2026-06-12 02:40:00,1781232000,722.21062821,740.94551917,709.44482288,717.47322167,
2026-06-12 02:41:00,1781232060,717.47322167,720.41227587,705.95136167,706.94759035,
2026-06-12 02:42:00,1781232120,706.94759035,710.92220213,701.75067528,708.38976762,
2026-06-12 02:43:00,1781232180,708.38976762,711.98525749,705.8306976,711.20848876,
2026-06-12 02:44:00,1781232240,711.20848876,735.54234741,711.07695501,734.23125941,
2026-06-12 02:45:00,1781232300,734.23125941,734.70816302,712.01941088,713.2968849,
2026-06-12 02:46:00,1781232360,713.2968849,715.35269599,708.3778836,714.07329483,
2026-06-12 02:47:00,1781232420,714.07329483,730.58033795,713.66549646,721.75143478,
2026-06-12 02:48:00,1781232480,721.75143478,727.09456653,705.31847226,713.67009807,
2026-06-12 02:49:00,1781232540,713.67009807,722.93640065,709.23360361,721.97908874,
2026-06-12 02:50:00,1781232600,721.97908874,724.39724181,707.02117012,713.9699115,
2026-06-12 02:51:00,1781232660,713.9699115,725.72305452,701.99679338,707.70656559,
2026-06-12 02:52:00,1781232720,707.70656559,714.77508401,706.18499414,714.77508401,
2026-06-12 02:53:00,1781232780,714.77508401,715.06603831,703.55218921,706.54446267,
2026-06-12 02:54:00,1781232840,706.54446267,713.45259954,704.65929214,705.15060952,
2026-06-12 02:55:00,1781232900,705.15060952,705.2598342,696.68979391,699.30868068,
2026-06-12 02:56:00,1781232960,699.30868068,700.64205151,697.44559137,697.74659892,
2026-06-12 02:57:00,1781233020,697.74659892,698.25012942,688.73227203,691.85944252,
2026-06-12 02:58:00,1781233080,691.85944252,694.86647927,674.75909584,694.53017632,
2026-06-12 02:59:00,1781233140,694.53017632,720.08676121,694.27746355,711.81981249,
2026-06-12 03:00:00,1781233200,711.81981249,721.71227036,710.5138684,718.81222724,
2026-06-12 03:01:00,1781233260,718.81222724,730.81090301,703.38351252,706.69770552,
2026-06-12 03:02:00,1781233320,706.69770552,710.65815996,692.75922261,693.5098025,
2026-06-12 03:03:00,1781233380,693.5098025,707.16366602,689.05758575,698.34611604,
2026-06-12 03:04:00,1781233440,698.34611604,701.04342527,686.19317589,686.80017827,
2026-06-12 03:05:00,1781233500,686.80017827,686.80017827,673.92142948,676.21970796,
2026-06-12 03:06:00,1781233560,676.21970796,687.99832392,676.05498673,684.19807341,
2026-06-12 03:07:00,1781233620,684.19807341,697.09107116,680.44916587,682.72645708,
2026-06-12 03:08:00,1781233680,682.72645708,684.33699812,670.97785371,676.53080863,
2026-06-12 03:09:00,1781233740,676.53080863,694.96868303,671.67064539,692.06230544,
2026-06-12 03:10:00,1781233800,692.06230544,692.06230544,676.48188329,677.0265454,
2026-06-12 03:11:00,1781233860,677.0265454,684.91837004,672.13833723,678.25274454,
2026-06-12 03:12:00,1781233920,678.25274454,681.28328701,661.34703871,670.73473999,
2026-06-12 03:13:00,1781233980,670.73473999,670.73473999,646.52689191,649.4285137,
2026-06-12 03:14:00,1781234040,649.4285137,656.61215748,646.52837691,654.40432905,
2026-06-12 03:15:00,1781234100,654.40432905,654.96474705,640.11182886,643.6446328,
2026-06-12 03:16:00,1781234160,643.6446328,647.56287437,632.86598862,643.39657074,
2026-06-12 03:17:00,1781234220,643.39657074,646.75284812,632.35564607,636.46935942,
2026-06-12 03:18:00,1781234280,636.46935942,639.65420414,629.81277759,637.20075325,
2026-06-12 03:19:00,1781234340,637.20075325,637.20075325,626.31965469,628.1610483,
2026-06-12 03:20:00,1781234400,628.1610483,629.75217553,609.54562449,614.56679975,
2026-06-12 03:21:00,1781234460,614.56679975,623.67797169,599.7561795,601.92722683,
2026-06-12 03:22:00,1781234520,601.92722683,613.46869318,591.64904452,591.70002472,
2026-06-12 03:23:00,1781234580,591.70002472,592.45555556,582.06501276,589.66850825,
2026-06-12 03:24:00,1781234640,589.66850825,598.73897436,585.60834959,592.97994899,
2026-06-12 03:25:00,1781234700,592.97994899,592.97994899,558.35931036,575.99883047,
2026-06-12 03:26:00,1781234760,575.99883047,592.8754229,575.84585701,591.54704581,
2026-06-12 03:27:00,1781234820,591.54704581,596.00361914,581.14267704,586.04154928,
2026-06-12 03:28:00,1781234880,586.04154928,608.72924306,586.04154928,608.41538484,
2026-06-12 03:29:00,1781234940,608.41538484,608.41538484,598.79947539,600.43989381,
2026-06-12 03:30:00,1781235000,600.43989381,621.01917446,599.77508437,603.38786445,
2026-06-12 03:31:00,1781235060,603.38786445,641.51234214,603.24376163,624.21676876,
2026-06-12 03:32:00,1781235120,624.21676876,624.21676876,600.68027756,617.01952955,
2026-06-12 03:33:00,1781235180,617.01952955,623.65195381,611.80120324,617.03048403,
2026-06-12 03:34:00,1781235240,617.03048403,638.19631642,610.07242556,637.36980279,
2026-06-12 03:35:00,1781235300,637.36980279,648.32272863,618.76413067,625.2260874,
2026-06-12 03:36:00,1781235360,625.2260874,627.92274741,612.71116224,615.2647125,
2026-06-12 03:37:00,1781235420,615.2647125,629.14291606,615.2647125,626.93265652,
2026-06-12 03:38:00,1781235480,626.93265652,626.98576146,614.22600401,620.850531,
2026-06-12 03:39:00,1781235540,620.850531,621.06149237,611.3542386,611.51106679,
2026-06-12 03:40:00,1781235600,611.51106679,619.38621871,607.22958965,612.00246628,
2026-06-12 03:41:00,1781235660,612.00246628,624.01452524,605.04577593,612.62209882,
2026-06-12 03:42:00,1781235720,612.62209882,615.66983767,597.6376676,605.7627014,
2026-06-12 03:43:00,1781235780,605.7627014,608.94994285,601.16746982,604.07314501,
2026-06-12 03:44:00,1781235840,604.07314501,617.67796402,603.65439028,612.74319512,
2026-06-12 03:45:00,1781235900,612.74319512,620.59199179,601.90482262,608.16339211,
2026-06-12 03:46:00,1781235960,608.16339211,622.95948935,605.88403006,622.4191485,
2026-06-12 03:47:00,1781236020,622.4191485,629.57503822,617.1679751,622.52737081,
2026-06-12 03:48:00,1781236080,622.52737081,640.90248857,616.03906176,627.53604877,
2026-06-12 03:49:00,1781236140,627.53604877,634.08314174,606.77776154,609.58511402,
2026-06-12 03:50:00,1781236200,609.58511402,625.09676526,609.58511402,615.75772869,
2026-06-12 03:51:00,1781236260,615.75772869,629.48724182,615.75525223,622.98396273,
2026-06-12 03:52:00,1781236320,622.98396273,635.90647693,622.55625088,627.40551099,
2026-06-12 03:53:00,1781236380,627.40551099,636.69475785,625.45190918,635.89075793,
2026-06-12 03:54:00,1781236440,635.89075793,641.69537599,631.24229307,634.17937096,
2026-06-12 03:55:00,1781236500,634.17937096,647.16943242,633.95790445,639.30560946,
2026-06-12 03:56:00,1781236560,639.30560946,639.30560946,632.4441674,636.11327061,
2026-06-12 03:57:00,1781236620,636.11327061,646.58733504,636.11327061,640.99740746,
2026-06-12 03:58:00,1781236680,640.99740746,641.20781633,632.72766269,634.75675786,
2026-06-12 03:59:00,1781236740,634.75675786,644.18713686,634.75176529,641.47933857,
2026-06-12 04:00:00,1781236800,641.47933857,645.527872,634.79763506,635.9916767,
2026-06-12 04:01:00,1781236860,635.9916767,636.36004154,614.04157634,629.85655266,
2026-06-12 04:02:00,1781236920,629.85655266,629.85655266,615.45055425,620.95744733,
2026-06-12 04:03:00,1781236980,620.95744733,638.81025126,620.10676568,630.22438862,
2026-06-12 04:04:00,1781237040,630.22438862,635.46130756,615.19873185,635.24415983,
2026-06-12 04:05:00,1781237100,635.24415983,635.40567869,621.71092179,623.48351278,
2026-06-12 04:06:00,1781237160,623.48351278,624.48898535,599.2362369,599.32523059,
2026-06-12 04:07:00,1781237220,599.32523059,599.79193037,586.40183355,599.08634255,
2026-06-12 04:08:00,1781237280,599.08634255,633.05283545,599.08384587,625.91670049,
2026-06-12 04:09:00,1781237340,625.91670049,627.88380491,612.74440437,616.65641731,
2026-06-12 04:10:00,1781237400,616.65641731,621.91910402,615.51331455,620.06906516,
2026-06-12 04:11:00,1781237460,620.06906516,659.18373545,620.06408312,644.37690253,
2026-06-12 04:12:00,1781237520,644.37690253,647.40540933,634.52069837,640.0266154,
2026-06-12 04:13:00,1781237580,640.0266154,640.08070603,607.78094039,615.66327922,
2026-06-12 04:14:00,1781237640,615.66327922,629.08063461,611.22827598,622.25600755,
2026-06-12 04:15:00,1781237700,622.25600755,662.28462015,622.25600755,657.21166294,
2026-06-12 04:16:00,1781237760,657.21166294,734.52846329,650.67188378,725.17608831,
2026-06-12 04:17:00,1781237820,725.17608831,758.64524614,708.37003624,711.84471611,
2026-06-12 04:18:00,1781237880,711.84471611,733.75956185,704.42383513,715.80104765,
2026-06-12 04:19:00,1781237940,715.80104765,725.57901022,713.26098444,723.2043051,
2026-06-12 04:20:00,1781238000,723.2043051,723.31783185,703.96031965,714.87732634,
2026-06-12 04:21:00,1781238060,714.87732634,728.08051418,713.80463876,726.00250197,
2026-06-12 04:22:00,1781238120,726.00250197,748.8081757,714.12581189,747.08131521,
2026-06-12 04:23:00,1781238180,747.08131521,783.71916292,744.49975625,755.00013687,
2026-06-12 04:24:00,1781238240,755.00013687,770.56238249,746.95952537,762.71097913,
2026-06-12 04:25:00,1781238300,762.71097913,763.97483313,753.52304661,757.89373247,
2026-06-12 04:26:00,1781238360,757.89373247,794.66378123,753.7872881,794.53910501,
2026-06-12 04:27:00,1781238420,794.53910501,798.53196407,776.98984977,786.6853006,
2026-06-12 04:28:00,1781238480,786.6853006,801.25182089,782.22376702,792.69580164,
2026-06-12 04:29:00,1781238540,792.69580164,806.52442659,786.76984793,799.1929829,
2026-06-12 04:30:00,1781238600,799.1929829,801.43443538,778.88904002,801.43443538,
2026-06-12 04:31:00,1781238660,801.43443538,844.50478409,792.85247014,792.85247014,
2026-06-12 04:32:00,1781238720,792.85247014,809.20809812,773.47492174,788.36076432,
2026-06-12 04:33:00,1781238780,788.36076432,817.26301407,772.21079459,772.21079459,
2026-06-12 04:34:00,1781238840,772.21079459,773.04799959,749.28868862,771.53334115,
2026-06-12 04:35:00,1781238900,771.53334115,775.74363078,757.19138022,762.32952011,
2026-06-12 04:36:00,1781238960,762.32952011,769.9241238,753.44481116,754.33086051,
2026-06-12 04:37:00,1781239020,754.33086051,766.62920229,752.36830369,758.20066877,
2026-06-12 04:38:00,1781239080,758.20066877,758.6738973,741.18422734,746.49056132,
2026-06-12 04:39:00,1781239140,746.49056132,772.35347675,745.50011484,760.36808456,
2026-06-12 04:40:00,1781239200,760.36808456,761.49813951,746.23143814,756.3082049,
2026-06-12 04:41:00,1781239260,756.3082049,756.36504502,737.20869095,747.42670035,
2026-06-12 04:42:00,1781239320,747.42670035,747.78214725,734.04565033,745.58521432,
2026-06-12 04:43:00,1781239380,745.58521432,760.84521152,744.81528193,749.48206155,
2026-06-12 04:44:00,1781239440,749.48206155,763.27744326,749.48206155,753.89814279,
2026-06-12 04:45:00,1781239500,753.89814279,775.25518096,753.63730376,758.61631995,
2026-06-12 04:46:00,1781239560,758.61631995,766.29327926,750.38394979,757.28640649,
2026-06-12 04:47:00,1781239620,757.28640649,758.29250602,740.61277481,749.91717879,
2026-06-12 04:48:00,1781239680,749.91717879,756.06321017,747.26601864,754.06636005,
2026-06-12 04:49:00,1781239740,754.06636005,754.18232965,746.05546677,751.68783199,
2026-06-12 04:50:00,1781239800,751.68783199,765.260722,746.73885123,751.69403064,
2026-06-12 04:51:00,1781239860,751.69403064,763.75514323,749.23089004,763.63338431,
2026-06-12 04:52:00,1781239920,763.63338431,764.69092326,760.46939715,764.39232012,
2026-06-12 04:53:00,1781239980,764.39232012,767.3704045,745.89236648,746.88199864,
2026-06-12 04:54:00,1781240040,746.88199864,748.15401007,744.25296913,744.35111282,
2026-06-12 04:55:00,1781240100,744.35111282,756.7661951,742.02272102,742.19152044,
2026-06-12 04:56:00,1781240160,742.19152044,749.71299627,737.97338268,747.38362206,
2026-06-12 04:57:00,1781240220,747.38362206,755.87921606,747.26304582,749.4877792,
2026-06-12 04:58:00,1781240280,749.4877792,749.4877792,741.2443545,742.35737121,
2026-06-12 04:59:00,1781240340,742.35737121,747.66275468,735.18496948,741.15869541,
2026-06-12 05:00:00,1781240400,741.15869541,757.08410354,731.94230212,735.27372155,
2026-06-12 05:01:00,1781240460,735.27372155,735.68004258,706.2524434,725.84180349,
2026-06-12 05:02:00,1781240520,725.84180349,725.84180349,691.53727435,696.33373687,
2026-06-12 05:03:00,1781240580,696.33373687,707.43256696,695.08261157,706.21023993,
2026-06-12 05:04:00,1781240640,706.21023993,715.61414497,694.26066521,698.53358877,
2026-06-12 05:05:00,1781240700,698.53358877,706.32989516,695.00896033,698.17204348,
2026-06-12 05:06:00,1781240760,698.17204348,709.81462845,694.5914476,706.29716272,
2026-06-12 05:07:00,1781240820,706.29716272,711.47782089,687.31449916,688.0774489,
2026-06-12 05:08:00,1781240880,688.0774489,688.46990354,663.01725912,673.97366851,
2026-06-12 05:09:00,1781240940,673.97366851,679.47879147,668.12920732,676.33401529,
2026-06-12 05:10:00,1781241000,676.33401529,676.79650398,651.50801938,662.17807794,
2026-06-12 05:11:00,1781241060,662.17807794,662.42423943,600.14643719,600.14643719,
2026-06-12 05:12:00,1781241120,600.14643719,610.07280788,579.94215244,600.00187145,
2026-06-12 05:13:00,1781241180,600.00187145,600.00187145,583.2644717,588.66240376,
2026-06-12 05:14:00,1781241240,588.66240376,605.41989452,588.66240376,591.64977605,
2026-06-12 05:15:00,1781241300,591.64977605,616.59780207,590.95709357,613.7887439,
2026-06-12 05:16:00,1781241360,613.7887439,629.92971784,612.61695326,623.25013975,
2026-06-12 05:17:00,1781241420,623.25013975,634.48184265,619.28745814,631.68540304,
2026-06-12 05:18:00,1781241480,631.68540304,640.63425935,628.82966708,637.8487661,
2026-06-12 05:19:00,1781241540,637.8487661,641.56176162,634.51372434,635.81167141,
2026-06-12 05:20:00,1781241600,635.81167141,638.35853288,622.97032319,628.69550978,
2026-06-12 05:21:00,1781241660,628.69550978,628.69550978,618.67636005,624.83759102,
2026-06-12 05:22:00,1781241720,624.83759102,633.96279073,609.50146331,611.21182254,
2026-06-12 05:23:00,1781241780,611.21182254,627.01346657,609.09839439,609.82746877,
2026-06-12 05:24:00,1781241840,609.82746877,616.60710576,595.37356683,615.02613398,
2026-06-12 05:25:00,1781241900,615.02613398,619.66645837,609.76374208,619.40108866,
2026-06-12 05:26:00,1781241960,619.40108866,621.56983736,609.56923712,610.010518,
2026-06-12 05:27:00,1781242020,610.010518,619.6054694,605.6158096,608.48369502,
2026-06-12 05:28:00,1781242080,608.48369502,615.99713699,604.50049452,610.99956575,
2026-06-12 05:29:00,1781242140,610.99956575,617.54584267,609.04816655,613.48210265,
2026-06-12 05:30:00,1781242200,613.48210265,619.49021562,604.14504404,617.00057297,
2026-06-12 05:31:00,1781242260,617.00057297,620.19082262,601.86946949,618.39913809,
2026-06-12 05:32:00,1781242320,618.39913809,619.62095918,590.56055298,592.28326645,
2026-06-12 05:33:00,1781242380,592.28326645,607.57020264,581.76492075,592.98453516,
2026-06-12 05:34:00,1781242440,592.98453516,605.88984561,590.31717837,601.0623087,
2026-06-12 05:35:00,1781242500,601.0623087,606.69133637,591.18563061,598.88220287,
2026-06-12 05:36:00,1781242560,598.88220287,601.06561143,574.58470685,577.48349598,
2026-06-12 05:37:00,1781242620,577.48349598,587.05241771,557.47730795,567.43132188,
2026-06-12 05:38:00,1781242680,567.43132188,574.62086546,553.54531996,555.69190747,
2026-06-12 05:39:00,1781242740,555.69190747,566.72263557,539.5481917,566.06901851,
2026-06-12 05:40:00,1781242800,566.06901851,568.83510893,551.29768101,557.17721364,
2026-06-12 05:41:00,1781242860,557.17721364,566.44403834,548.22006787,562.70256162,
2026-06-12 05:42:00,1781242920,562.70256162,568.96996769,557.38529388,568.36553244,
2026-06-12 05:43:00,1781242980,568.36553244,579.13552765,562.31439013,565.74232756,
2026-06-12 05:44:00,1781243040,565.74232756,571.29542327,562.52890536,569.84209734,
2026-06-12 05:45:00,1781243100,569.84209734,576.70043183,569.83948109,573.65094214,
2026-06-12 05:46:00,1781243160,573.65094214,573.65094214,556.21434555,557.11658663,
2026-06-12 05:47:00,1781243220,557.11658663,562.97203443,544.31722666,558.44810825,
2026-06-12 05:48:00,1781243280,558.44810825,558.59487827,550.3509308,555.08949412,
2026-06-12 05:49:00,1781243340,555.08949412,575.6368443,550.15303221,575.58349303,
2026-06-12 05:50:00,1781243400,575.58349303,576.59324852,525.60913131,526.17926072,
2026-06-12 05:51:00,1781243460,526.17926072,553.57042416,525.88963218,551.8891171,
2026-06-12 05:52:00,1781243520,551.8891171,562.49948358,528.50772327,529.53623508,
2026-06-12 05:53:00,1781243580,529.53623508,549.69737105,527.64463674,547.12010771,
2026-06-12 05:54:00,1781243640,547.12010771,560.46400249,547.12010771,554.90436572,
2026-06-12 05:55:00,1781243700,554.90436572,560.43782971,552.42037091,560.43782971,
2026-06-12 05:56:00,1781243760,560.43782971,566.64537321,555.41971644,561.72725944,
2026-06-12 05:57:00,1781243820,561.72725944,576.28175479,557.44719977,572.61419595,
2026-06-12 05:58:00,1781243880,572.61419595,573.82389619,563.06080499,565.13270408,
2026-06-12 05:59:00,1781243940,565.13270408,565.13270408,546.71553464,549.48303278,
2026-06-12 06:00:00,1781244000,549.48303278,557.13999312,537.12076687,553.94185532,
2026-06-12 06:01:00,1781244060,553.94185532,558.66263916,539.49851233,548.42409785,
2026-06-12 06:02:00,1781244120,548.42409785,567.91385332,542.91278718,563.10214275,
2026-06-12 06:03:00,1781244180,563.10214275,572.22289115,552.38293669,572.22289115,
2026-06-12 06:04:00,1781244240,572.22289115,574.04407129,558.25602234,567.56133228,
2026-06-12 06:05:00,1781244300,567.56133228,577.80042658,564.90167031,571.99408971,
2026-06-12 06:06:00,1781244360,571.99408971,577.77122732,562.81864808,565.92310219,
2026-06-12 06:07:00,1781244420,565.92310219,567.29831004,551.03374139,554.55181472,
2026-06-12 06:08:00,1781244480,554.55181472,571.18655121,542.79171495,559.11674108,
2026-06-12 06:09:00,1781244540,559.11674108,562.01545196,526.79287659,532.13583886,
2026-06-12 06:10:00,1781244600,532.13583886,537.63649925,510.99904788,537.63649925,
2026-06-12 06:11:00,1781244660,537.63649925,546.74677953,525.29621666,534.1791889,
2026-06-12 06:12:00,1781244720,534.1791889,534.35874018,516.10448389,522.93616836,
2026-06-12 06:13:00,1781244780,522.93616836,529.29072198,517.36967776,520.07393009,
2026-06-12 06:14:00,1781244840,520.07393009,524.74404419,512.34427052,523.25085294,
2026-06-12 06:15:00,1781244900,523.25085294,524.3054625,481.95468749,483.26948944,
2026-06-12 06:16:00,1781244960,483.26948944,483.26948944,457.35703322,461.35380218,
2026-06-12 06:17:00,1781245020,461.35380218,468.34330121,453.25136272,456.60416883,
2026-06-12 06:18:00,1781245080,456.60416883,475.32124367,456.47010828,473.20178455,
2026-06-12 06:19:00,1781245140,473.20178455,474.23699309,456.07477793,458.80243725,
2026-06-12 06:20:00,1781245200,458.80243725,465.73027593,454.98725218,455.9759262,
2026-06-12 06:21:00,1781245260,455.9759262,460.91421468,429.59014449,459.33500812,
2026-06-12 06:22:00,1781245320,459.33500812,462.95035806,447.81924109,459.34478679,
2026-06-12 06:23:00,1781245380,459.34478679,468.27757945,458.21715138,465.977105,
2026-06-12 06:24:00,1781245440,465.977105,476.65514993,465.31331794,469.04227351,
2026-06-12 06:25:00,1781245500,469.04227351,473.60923338,461.22557658,464.09716529,
2026-06-12 06:26:00,1781245560,464.09716529,469.7902487,448.23946407,464.79832002,
2026-06-12 06:27:00,1781245620,464.79832002,467.99949572,452.88772483,457.10430708,
2026-06-12 06:28:00,1781245680,457.10430708,462.37314383,452.74392891,454.77670055,
2026-06-12 06:29:00,1781245740,454.77670055,454.77670055,447.98066629,451.18563122,
2026-06-12 06:30:00,1781245800,451.18563122,451.18563122,425.76245737,434.06275553,
2026-06-12 06:31:00,1781245860,434.06275553,434.14759918,406.11615766,408.91619217,
2026-06-12 06:32:00,1781245920,408.91619217,421.26682117,406.18922895,414.89144064,
2026-06-12 06:33:00,1781245980,414.89144064,415.75334347,346.27071549,351.7860556,
2026-06-12 06:34:00,1781246040,351.7860556,377.79066464,345.25017172,364.19752161,
2026-06-12 06:35:00,1781246100,364.19752161,380.6072695,362.72894955,369.12383074,
2026-06-12 06:36:00,1781246160,369.12383074,374.86646174,356.12583019,364.18774737,
2026-06-12 06:37:00,1781246220,364.18774737,370.38354665,349.47786944,350.85548214,
2026-06-12 06:38:00,1781246280,350.85548214,352.01285047,336.09635037,342.15763658,
2026-06-12 06:39:00,1781246340,342.15763658,378.7869776,341.97685515,378.0835594,
2026-06-12 06:40:00,1781246400,378.0835594,385.19594684,371.41785362,383.38137137,
2026-06-12 06:41:00,1781246460,383.38137137,383.46541904,362.14413016,380.00000852,
2026-06-12 06:42:00,1781246520,380.00000852,383.51021591,371.14195838,375.41318084,
2026-06-12 06:43:00,1781246580,375.41318084,385.35327028,369.3549617,372.83231155,
2026-06-12 06:44:00,1781246640,372.83231155,380.83665426,368.8379586,372.85322808,
2026-06-12 06:45:00,1781246700,372.85322808,394.61450955,369.0543811,391.46860211,
2026-06-12 06:46:00,1781246760,391.46860211,399.03982178,387.38705404,398.27066613,
2026-06-12 06:47:00,1781246820,398.27066613,407.4502325,398.2680189,407.12737359,
2026-06-12 06:48:00,1781246880,407.12737359,407.12737359,392.58167853,401.36521006,
2026-06-12 06:49:00,1781246940,401.36521006,401.36521006,383.75355128,393.41365516,
2026-06-12 06:50:00,1781247000,393.41365516,401.06259031,381.74182186,382.37243498,
2026-06-12 06:51:00,1781247060,382.37243498,387.11571473,374.49447326,379.45153913,
2026-06-12 06:52:00,1781247120,379.45153913,393.50962521,377.06526648,387.51750397,
2026-06-12 06:53:00,1781247180,387.51750397,393.89410823,381.76577312,384.29604155,
2026-06-12 06:54:00,1781247240,384.29604155,392.6673142,382.81110071,388.62344785,
2026-06-12 06:55:00,1781247300,388.62344785,388.99814903,382.16110027,382.49565244,
2026-06-12 06:56:00,1781247360,382.49565244,395.54949745,380.27400246,394.11092429,
2026-06-12 06:57:00,1781247420,394.11092429,401.20466978,394.10826468,401.08174364,
2026-06-12 06:58:00,1781247480,401.08174364,411.78000394,395.72885097,400.38632145,
2026-06-12 06:59:00,1781247540,400.38632145,401.08538072,390.18989598,394.63202936,
2026-06-12 07:00:00,1781247600,394.63202936,424.07945156,394.31328163,419.57352275,
2026-06-12 07:01:00,1781247660,419.57352275,437.22717084,417.80493928,432.08054824,
2026-06-12 07:02:00,1781247720,432.08054824,438.26398485,424.4260754,424.4260754,
2026-06-12 07:03:00,1781247780,424.4260754,425.57842966,415.82313543,425.53678915,
2026-06-12 07:04:00,1781247840,425.53678915,432.48534963,424.01593244,429.03287268,
2026-06-12 07:05:00,1781247900,429.03287268,437.4379774,426.24704516,435.4416918,
2026-06-12 07:06:00,1781247960,435.4416918,438.56891545,428.48812686,432.24515819,
2026-06-12 07:07:00,1781248020,432.24515819,432.24515819,406.54975155,416.2811204,
2026-06-12 07:08:00,1781248080,416.2811204,427.2005166,415.32901441,426.58003972,
2026-06-12 07:09:00,1781248140,426.58003972,427.41762065,419.10065773,419.17845827,
2026-06-12 07:10:00,1781248200,419.17845827,419.53281835,413.65746019,415.84780534,
2026-06-12 07:11:00,1781248260,415.84780534,424.92699581,399.75279795,401.03996833,
2026-06-12 07:12:00,1781248320,401.03996833,411.54218476,395.5277501,403.18966554,
2026-06-12 07:13:00,1781248380,403.18966554,405.87969233,387.61349453,387.93000914,
2026-06-12 07:14:00,1781248440,387.93000914,397.06256086,373.77150932,376.52261454,
2026-06-12 07:15:00,1781248500,376.52261454,386.85700973,376.18462876,378.58979034,
2026-06-12 07:16:00,1781248560,378.58979034,389.84571692,363.25256141,385.41136234,
2026-06-12 07:17:00,1781248620,385.41136234,390.48397358,371.27623696,390.48397358,
2026-06-12 07:18:00,1781248680,390.48397358,413.02675932,389.37519336,398.6853004,
2026-06-12 07:19:00,1781248740,398.6853004,402.70435014,384.72033347,390.90276358,
2026-06-12 07:20:00,1781248800,390.90276358,407.21279385,389.66962154,407.20754469,
2026-06-12 07:21:00,1781248860,407.20754469,410.38127416,378.28470132,391.56042375,
2026-06-12 07:22:00,1781248920,391.56042375,391.87814458,373.62389608,376.10141277,
2026-06-12 07:23:00,1781248980,376.10141277,391.14588892,373.93865797,391.14588892,
2026-06-12 07:24:00,1781249040,391.14588892,400.44668804,391.14067252,396.70669692,
2026-06-12 07:25:00,1781249100,396.70669692,396.70669692,382.1024573,386.42940547,
2026-06-12 07:26:00,1781249160,386.42940547,391.65696257,385.0481175,389.36220512,
2026-06-12 07:27:00,1781249220,389.36220512,389.36220512,380.28883563,384.83660899,
2026-06-12 07:28:00,1781249280,384.83660899,389.52252565,378.24522748,388.45797093,
2026-06-12 07:29:00,1781249340,388.45797093,394.36327051,384.26371975,387.43263336,
2026-06-12 07:30:00,1781249400,387.43263336,392.91682174,382.1483355,392.25731464,
2026-06-12 07:31:00,1781249460,392.25731464,396.81726924,387.79753359,396.69308244,
2026-06-12 07:32:00,1781249520,396.69308244,396.69308244,379.95664195,388.12728876,
2026-06-12 07:33:00,1781249580,388.12728876,389.48437418,374.86403462,384.89650134,
2026-06-12 07:34:00,1781249640,384.89650134,395.48614671,372.51395039,372.51395039,
2026-06-12 07:35:00,1781249700,372.51395039,390.80342628,371.57931193,384.8668564,
2026-06-12 07:36:00,1781249760,384.8668564,385.18168968,371.96594635,376.33518463,
2026-06-12 07:37:00,1781249820,376.33518463,380.89277978,360.76658835,363.19926864,
2026-06-12 07:38:00,1781249880,363.19926864,375.90838977,356.44308463,375.86341615,
2026-06-12 07:39:00,1781249940,375.86341615,401.76079751,374.71202655,401.5503061,
2026-06-12 07:40:00,1781250000,401.5503061,411.56326143,393.21784578,400.72024825,
2026-06-12 07:41:00,1781250060,400.72024825,414.37010763,399.68241692,414.28413965,
2026-06-12 07:42:00,1781250120,414.28413965,418.90152304,406.10433545,417.02437022,
2026-06-12 07:43:00,1781250180,417.02437022,417.0554339,405.0181748,406.12750312,
2026-06-12 07:44:00,1781250240,406.12750312,410.41725793,371.60803399,371.60803399,
2026-06-12 07:45:00,1781250300,371.60803399,372.08251725,343.71498373,343.71498373,
2026-06-12 07:46:00,1781250360,343.71498373,344.03033677,325.49977625,331.38929221,
2026-06-12 07:47:00,1781250420,331.38929221,341.45217547,326.27907084,341.45217547,
2026-06-12 07:48:00,1781250480,341.45217547,352.15743918,338.72304836,348.53444929,
2026-06-12 07:49:00,1781250540,348.53444929,353.89577716,348.53444929,353.62362164,
2026-06-12 07:50:00,1781250600,353.62362164,353.77932673,344.37438284,349.56664991,
2026-06-12 07:51:00,1781250660,349.56664991,349.98784307,346.82941623,348.86655089,
2026-06-12 07:52:00,1781250720,348.86655089,354.26162382,343.81769566,348.5513073,
2026-06-12 07:53:00,1781250780,348.5513073,349.41898988,335.62882063,335.93323414,
2026-06-12 07:54:00,1781250840,335.93323414,335.94682029,331.67330658,333.569403,
2026-06-12 07:55:00,1781250900,333.569403,347.84573421,332.66705861,346.85243172,
2026-06-12 07:56:00,1781250960,346.85243172,406.11870333,346.85243172,379.16035485,
2026-06-12 07:57:00,1781251020,379.16035485,397.21085563,354.20965736,359.1773368,
2026-06-12 07:58:00,1781251080,359.1773368,363.61682758,348.43736434,360.1186167,
2026-06-12 07:59:00,1781251140,360.1186167,361.62935813,350.13450821,353.11648667,
2026-06-12 08:00:00,1781251200,353.11648667,363.39560453,350.98099385,358.27359694,
2026-06-12 08:01:00,1781251260,358.27359694,370.57746972,355.61912847,365.60245657,
2026-06-12 08:02:00,1781251320,365.60245657,389.86126462,361.03843171,379.86908305,
2026-06-12 08:03:00,1781251380,379.86908305,380.17061049,358.28007302,369.74848867,
2026-06-12 08:04:00,1781251440,369.74848867,377.9066584,357.99282694,360.41448189,
2026-06-12 08:05:00,1781251500,360.41448189,386.85822139,357.75502385,386.78889721,
2026-06-12 08:06:00,1781251560,386.78889721,406.81061876,383.73632629,401.41459661,
2026-06-12 08:07:00,1781251620,401.41459661,420.49563545,400.65671128,416.35859184,
2026-06-12 08:08:00,1781251680,416.35859184,431.44029268,416.35859184,431.38877998,
2026-06-12 08:09:00,1781251740,431.38877998,434.84220211,425.6967735,427.35571617,
2026-06-12 08:10:00,1781251800,427.35571617,452.83415266,426.47273404,436.08272079,
2026-06-12 08:11:00,1781251860,436.08272079,447.18725073,426.65245198,440.37070285,
2026-06-12 08:12:00,1781251920,440.37070285,451.15309115,440.37070285,450.96933475,
2026-06-12 08:13:00,1781251980,450.96933475,465.51643293,442.3596088,453.68145219,
2026-06-12 08:14:00,1781252040,453.68145219,453.75180413,442.56368947,442.70529266,
2026-06-12 08:15:00,1781252100,442.70529266,448.69907429,437.97785375,448.1322987,
2026-06-12 08:16:00,1781252160,448.1322987,494.35395547,445.24375158,490.85062809,
2026-06-12 08:17:00,1781252220,490.85062809,509.20516897,473.92802951,495.3277721,
2026-06-12 08:18:00,1781252280,495.3277721,533.12844452,491.50238549,526.41595313,
2026-06-12 08:19:00,1781252340,526.41595313,534.55208021,515.19348324,528.041486,
2026-06-12 08:20:00,1781252400,528.041486,531.74376416,518.59275395,529.44822574,
2026-06-12 08:21:00,1781252460,529.44822574,599.07923116,528.58559989,581.41017452,
2026-06-12 08:22:00,1781252520,581.41017452,614.73623923,571.81645845,583.90880236,
2026-06-12 08:23:00,1781252580,583.90880236,583.90880236,551.30325589,562.82584182,
2026-06-12 08:24:00,1781252640,562.82584182,579.11395432,552.56131055,552.56131055,
2026-06-12 08:25:00,1781252700,552.56131055,557.0710846,543.83981518,550.29285471,
2026-06-12 08:26:00,1781252760,550.29285471,553.61252877,541.76190781,543.74315847,
2026-06-12 08:27:00,1781252820,543.74315847,574.25636784,543.68752892,560.84547247,
2026-06-12 08:28:00,1781252880,560.84547247,580.43727225,553.90928257,575.13952914,
2026-06-12 08:29:00,1781252940,575.13952914,578.21385753,561.92050225,571.05711221,
2026-06-12 08:30:00,1781253000,571.05711221,578.24037536,550.73970395,551.3231474,
2026-06-12 08:31:00,1781253060,551.3231474,559.62755155,540.8630007,544.28723678,
2026-06-12 08:32:00,1781253120,544.28723678,549.8768494,535.95609842,545.89399728,
2026-06-12 08:33:00,1781253180,545.89399728,570.60230652,542.92597859,565.07090196,
2026-06-12 08:34:00,1781253240,565.07090196,569.98387741,546.24123609,547.28257361,
2026-06-12 08:35:00,1781253300,547.28257361,547.76373736,524.45957569,532.66095241,
2026-06-12 08:36:00,1781253360,532.66095241,536.55213128,528.46988176,531.03104383,
2026-06-12 08:37:00,1781253420,531.03104383,531.03104383,504.48900909,514.02968758,
2026-06-12 08:38:00,1781253480,514.02968758,528.44513916,509.87289678,527.25933315,
2026-06-12 08:39:00,1781253540,527.25933315,541.84316686,524.90546058,538.08992954,
2026-06-12 08:40:00,1781253600,538.08992954,539.21344139,505.71046257,509.49037229,
2026-06-12 08:41:00,1781253660,509.49037229,517.36104166,498.938086,499.89001867,
2026-06-12 08:42:00,1781253720,499.89001867,503.52431725,481.98718639,486.43338297,
2026-06-12 08:43:00,1781253780,486.43338297,487.54212296,479.91057692,481.0466686,
2026-06-12 08:44:00,1781253840,481.0466686,482.36373115,475.65843875,481.99934305,
2026-06-12 08:45:00,1781253900,481.99934305,482.490067,464.53466706,464.92598921,
2026-06-12 08:46:00,1781253960,464.92598921,495.98973774,461.44283023,495.88708355,
2026-06-12 08:47:00,1781254020,495.88708355,511.89068109,489.08064432,493.8007099,
2026-06-12 08:48:00,1781254080,493.8007099,511.87144305,493.45972431,507.73218898,
2026-06-12 08:49:00,1781254140,507.73218898,509.792469,493.73903781,496.91915834,
2026-06-12 08:50:00,1781254200,496.91915834,499.45876187,490.00301553,496.9649178,
2026-06-12 08:51:00,1781254260,496.9649178,509.0747181,489.87788128,497.35580658,
2026-06-12 08:52:00,1781254320,497.35580658,522.16439742,497.35580658,515.66825521,
2026-06-12 08:53:00,1781254380,515.66825521,525.48425984,511.1993243,519.18634103,
2026-06-12 08:54:00,1781254440,519.18634103,519.18634103,507.74161934,512.81880036,
2026-06-12 08:55:00,1781254500,512.81880036,520.39591145,510.13005388,514.53648891,
2026-06-12 08:56:00,1781254560,514.53648891,526.34888718,508.17982261,520.7593178,
2026-06-12 08:57:00,1781254620,520.7593178,521.79638059,517.50441661,518.98831781,
2026-06-12 08:58:00,1781254680,518.98831781,522.9206883,512.64399589,513.79869409,
2026-06-12 08:59:00,1781254740,513.79869409,522.38351226,512.08512723,512.13779619,
2026-06-12 09:00:00,1781254800,512.13779619,512.82279584,503.17071342,508.29960517,
2026-06-12 09:01:00,1781254860,508.29960517,522.44533599,507.84656093,517.67011312,
2026-06-12 09:02:00,1781254920,517.67011312,538.3178613,515.40272554,530.61301411,
2026-06-12 09:03:00,1781254980,530.61301411,530.94375881,499.07622254,500.628298,
2026-06-12 09:04:00,1781255040,500.628298,503.6597294,495.61625219,497.46761032,
2026-06-12 09:05:00,1781255100,497.46761032,526.98995496,495.4525091,508.38800749,
2026-06-12 09:06:00,1781255160,508.38800749,525.33353195,508.38800749,520.08595769,
2026-06-12 09:07:00,1781255220,520.08595769,558.64938479,519.55193024,552.64492172,
2026-06-12 09:08:00,1781255280,552.64492172,554.80316237,520.8159731,527.45317473,
2026-06-12 09:09:00,1781255340,527.45317473,547.2735714,527.45317473,538.41236983,
2026-06-12 09:10:00,1781255400,538.41236983,538.41236983,523.79375942,533.47654431,
2026-06-12 09:11:00,1781255460,533.47654431,555.28966305,533.42019943,550.77173323,
2026-06-12 09:12:00,1781255520,550.77173323,554.5415122,539.52459516,539.52459516,
2026-06-12 09:13:00,1781255580,539.52459516,550.31743261,535.73256734,549.07506969,
2026-06-12 09:14:00,1781255640,549.07506969,575.49807364,546.92960101,568.34822582,
2026-06-12 09:15:00,1781255700,568.34822582,575.05060932,559.03358181,571.64055175,
2026-06-12 09:16:00,1781255760,571.64055175,589.14629197,558.07100631,586.0399379,
2026-06-12 09:17:00,1781255820,586.0399379,591.28243131,556.33250395,566.14874163,
2026-06-12 09:18:00,1781255880,566.14874163,573.5399934,559.56670853,561.57116745,
2026-06-12 09:19:00,1781255940,561.57116745,580.71340262,561.51546632,578.04541,
2026-06-12 09:20:00,1781256000,578.04541,601.21290602,577.89524484,584.56147384,
2026-06-12 09:21:00,1781256060,584.56147384,642.03820439,581.46267921,639.6872314,
2026-06-12 09:22:00,1781256120,639.6872314,657.44971648,605.81813025,618.90707895,
2026-06-12 09:23:00,1781256180,618.90707895,628.18453933,617.77652783,621.01445229,
2026-06-12 09:24:00,1781256240,621.01445229,636.6502683,620.88696341,629.44810915,
2026-06-12 09:25:00,1781256300,629.44810915,647.78251565,627.31389846,647.57139957,
2026-06-12 09:26:00,1781256360,647.57139957,663.06370245,642.60101431,662.87855312,
2026-06-12 09:27:00,1781256420,662.87855312,688.37168054,662.079821,672.26631515,
2026-06-12 09:28:00,1781256480,672.26631515,706.98080147,667.92642078,693.24555521,
2026-06-12 09:29:00,1781256540,693.24555521,708.70241647,686.41038432,695.66705738,
2026-06-12 09:30:00,1781256600,695.66705738,713.71021772,691.56081291,713.70153919,
2026-06-12 09:31:00,1781256660,713.70153919,719.57507324,698.1216218,715.46785208,
2026-06-12 09:32:00,1781256720,715.46785208,796.51421499,715.40465385,776.64271123,
2026-06-12 09:33:00,1781256780,776.64271123,801.56968328,765.90637656,790.7019153,
2026-06-12 09:34:00,1781256840,790.7019153,824.57384482,778.39908968,792.21949945,
2026-06-12 09:35:00,1781256900,792.21949945,799.76687219,758.98017735,790.26558429,
2026-06-12 09:36:00,1781256960,790.26558429,795.79826985,761.27490031,763.08743511,
2026-06-12 09:37:00,1781257020,763.08743511,776.00048392,758.47348221,761.40559968,
2026-06-12 09:38:00,1781257080,761.40559968,774.40947718,755.35163562,759.55970015,
2026-06-12 09:39:00,1781257140,759.55970015,769.94968743,751.44002896,761.78845147,
2026-06-12 09:40:00,1781257200,761.78845147,781.49291314,756.72167477,768.27186785,
2026-06-12 09:41:00,1781257260,768.27186785,768.27186785,740.62345843,745.49256275,
2026-06-12 09:42:00,1781257320,745.49256275,776.77761105,744.73372458,770.03198198,
2026-06-12 09:43:00,1781257380,770.03198198,788.10529454,770.01879024,779.78245477,
2026-06-12 09:44:00,1781257440,779.78245477,796.07908939,777.170968,777.8292094,
2026-06-12 09:45:00,1781257500,777.8292094,793.73690422,741.17439684,785.85715788,
2026-06-12 09:46:00,1781257560,785.85715788,785.85715788,768.61580985,770.89224958,
2026-06-12 09:47:00,1781257620,770.89224958,813.29351684,770.82463268,790.36525333,
2026-06-12 09:48:00,1781257680,790.36525333,804.84879123,749.25347898,758.93535708,
2026-06-12 09:49:00,1781257740,758.93535708,759.59262739,746.46166151,748.99006143,
2026-06-12 09:50:00,1781257800,748.99006143,766.05628114,748.09611635,763.14707387,
2026-06-12 09:51:00,1781257860,763.14707387,763.14707387,728.56440679,737.75411386,
2026-06-12 09:52:00,1781257920,737.75411386,737.75411386,719.71589285,724.881739,
2026-06-12 09:53:00,1781257980,724.881739,732.1163689,715.68578402,720.27238086,
2026-06-12 09:54:00,1781258040,720.27238086,730.34511371,712.02100695,712.02100695,
2026-06-12 09:55:00,1781258100,712.02100695,752.52901284,708.13631291,741.84578811,
2026-06-12 09:56:00,1781258160,741.84578811,748.32190107,716.50799554,716.50799554,
2026-06-12 09:57:00,1781258220,716.50799554,727.81040849,715.85509013,724.23571626,
2026-06-12 09:58:00,1781258280,724.23571626,731.10300715,711.87470912,713.01100924,
2026-06-12 09:59:00,1781258340,713.01100924,713.48287258,685.72028441,691.60045079,
2026-06-12 10:00:00,1781258400,691.60045079,691.60045079,650.2065883,661.88737611,
2026-06-12 10:01:00,1781258460,661.88737611,672.99252759,659.98672224,668.5290449,
2026-06-12 10:02:00,1781258520,668.5290449,688.88801715,668.52652136,678.99397846,
2026-06-12 10:03:00,1781258580,678.99397846,681.54828997,651.28479791,663.565521,
2026-06-12 10:04:00,1781258640,663.565521,677.44143908,659.30084478,660.72351122,
2026-06-12 10:05:00,1781258700,660.72351122,660.72351122,647.99284261,649.29389764,
2026-06-12 10:06:00,1781258760,649.29389764,661.94570399,648.98929691,660.24364884,
2026-06-12 10:07:00,1781258820,660.24364884,678.64506444,658.29417333,673.7928919,
2026-06-12 10:08:00,1781258880,673.7928919,684.09062133,673.36138303,682.46741735,
2026-06-12 10:09:00,1781258940,682.46741735,730.73858041,668.11330048,730.73858041,
2026-06-12 10:10:00,1781259000,730.73858041,751.004385,700.56876745,713.8581814,
2026-06-12 10:11:00,1781259060,713.8581814,715.816931,665.62637419,686.76796993,
2026-06-12 10:12:00,1781259120,686.76796993,686.76796993,660.20610712,664.48427329,
2026-06-12 10:13:00,1781259180,664.48427329,697.54347767,664.29910739,687.99503856,
2026-06-12 10:14:00,1781259240,687.99503856,693.9759479,681.38852955,693.9759479,
2026-06-12 10:15:00,1781259300,693.9759479,693.9759479,659.32086974,676.55585373,
2026-06-12 10:16:00,1781259360,676.55585373,693.35270348,676.55585373,681.11226189,
2026-06-12 10:17:00,1781259420,681.11226189,704.14509885,677.59260604,692.17885865,
2026-06-12 10:18:00,1781259480,692.17885865,701.98445348,676.54585395,679.04307676,
2026-06-12 10:19:00,1781259540,679.04307676,691.43117502,678.85293475,689.45171824,
2026-06-12 10:20:00,1781259600,689.45171824,692.3847579,674.39322303,677.18112872,
2026-06-12 10:21:00,1781259660,677.18112872,692.43254226,676.98585401,688.69027844,
2026-06-12 10:22:00,1781259720,688.69027844,693.72148777,675.14140829,690.49447399,
2026-06-12 10:23:00,1781259780,690.49447399,696.20242528,683.83333,691.73917019,
2026-06-12 10:24:00,1781259840,691.73917019,713.15027894,691.04492292,712.758943,
2026-06-12 10:25:00,1781259900,712.758943,719.73550231,609.46169982,617.81368698,
2026-06-12 10:26:00,1781259960,617.81368698,622.45854269,593.7638474,593.7638474,
2026-06-12 10:27:00,1781260020,593.7638474,602.27408829,581.73691581,588.49280855,
2026-06-12 10:28:00,1781260080,588.49280855,598.44426434,586.94676222,593.39610186,
2026-06-12 10:29:00,1781260140,593.39610186,599.26750722,577.43654178,593.87250911,
2026-06-12 10:30:00,1781260200,593.87250911,634.67531237,592.3861355,610.89751307,
2026-06-12 10:31:00,1781260260,610.89751307,623.01346848,604.42435755,614.63627198,
2026-06-12 10:32:00,1781260320,614.63627198,647.41065601,605.87221967,647.28968914,
2026-06-12 10:33:00,1781260380,647.28968914,659.5857337,626.38663085,635.90312527,
2026-06-12 10:34:00,1781260440,635.90312527,669.84062369,635.90059241,668.54391277,
2026-06-12 10:35:00,1781260500,668.54391277,680.79809522,651.3220655,657.00680533,
2026-06-12 10:36:00,1781260560,657.00680533,684.4478173,642.73942395,679.91675084,
2026-06-12 10:37:00,1781260620,679.91675084,679.91675084,652.97062687,669.8558667,
2026-06-12 10:38:00,1781260680,669.8558667,672.48517746,661.0474374,668.25588906,
2026-06-12 10:39:00,1781260740,668.25588906,680.79234624,640.474063,647.32706376,
2026-06-12 10:40:00,1781260800,647.32706376,660.78032536,632.64305296,649.398746,
2026-06-12 10:41:00,1781260860,649.398746,656.54210464,627.72414241,628.96881583,
2026-06-12 10:42:00,1781260920,628.96881583,636.13281557,621.68434351,634.27964313,
2026-06-12 10:43:00,1781260980,634.27964313,634.33954496,619.48302903,620.74218735,
2026-06-12 10:44:00,1781261040,620.74218735,635.85331412,620.08844548,635.13262829,
2026-06-12 10:45:00,1781261100,635.13262829,639.46129029,622.42639658,639.33822152,
2026-06-12 10:46:00,1781261160,639.33822152,645.895453,633.96666374,636.78018174,
2026-06-12 10:47:00,1781261220,636.78018174,639.47521621,620.91072486,639.29163571,
2026-06-12 10:48:00,1781261280,639.29163571,670.85707739,639.10808403,661.41552031,
2026-06-12 10:49:00,1781261340,661.41552031,665.77855377,645.26464376,657.95049139,
2026-06-12 10:50:00,1781261400,657.95049139,664.76011256,649.4334145,658.85413827,
2026-06-12 10:51:00,1781261460,658.85413827,659.04399203,643.9662632,645.05953861,
2026-06-12 10:52:00,1781261520,645.05953861,648.92736605,632.34404057,647.5254096,
2026-06-12 10:53:00,1781261580,647.5254096,657.96755318,645.4850475,647.59630147,
2026-06-12 10:54:00,1781261640,647.59630147,657.87810475,639.56124009,640.1681765,
2026-06-12 10:55:00,1781261700,640.1681765,651.65783904,630.23820786,649.91486785,
2026-06-12 10:56:00,1781261760,649.91486785,658.35662166,643.12683303,644.70289173,
2026-06-12 10:57:00,1781261820,644.70289173,644.70289173,617.36668488,642.2957104,
2026-06-12 10:58:00,1781261880,642.2957104,667.48464836,632.69436802,646.08866683,
2026-06-12 10:59:00,1781261940,646.08866683,654.14131946,636.05300486,639.14435941,
2026-06-12 11:00:00,1781262000,639.14435941,650.42675087,628.84531882,628.84531882,
2026-06-12 11:01:00,1781262060,628.84531882,655.53202544,627.74954255,655.47062698,
2026-06-12 11:02:00,1781262120,655.47062698,697.45424748,639.27597649,691.30752967,
2026-06-12 11:03:00,1781262180,691.30752967,748.71792928,686.63623008,737.84010928,
2026-06-12 11:04:00,1781262240,737.84010928,744.42326309,690.68975175,715.62352801,
2026-06-12 11:05:00,1781262300,715.62352801,762.24098006,705.22494271,751.94864724,
2026-06-12 11:06:00,1781262360,751.94864724,762.73046021,719.50692535,721.92826302,
2026-06-12 11:07:00,1781262420,721.92826302,743.64416038,719.05596495,725.5837896,
2026-06-12 11:08:00,1781262480,725.5837896,732.6245792,710.77821637,710.84174156,
2026-06-12 11:09:00,1781262540,710.84174156,711.09333283,682.66766961,685.87581924,
2026-06-12 11:10:00,1781262600,685.87581924,694.16932177,677.27218919,678.01927601,
2026-06-12 11:11:00,1781262660,678.01927601,693.02981523,671.57558714,691.41240489,
2026-06-12 11:12:00,1781262720,691.41240489,722.0275203,691.32936349,715.06541256,
2026-06-12 11:13:00,1781262780,715.06541256,741.44315681,715.06541256,729.00118039,
2026-06-12 11:14:00,1781262840,729.00118039,736.64096867,723.84967096,725.83437514,
2026-06-12 11:15:00,1781262900,725.83437514,742.25773294,724.9823151,735.19520451,
2026-06-12 11:16:00,1781262960,735.19520451,735.45164861,708.28603183,726.49554907,
2026-06-12 11:17:00,1781263020,726.49554907,726.62158813,702.5890966,705.47860404,
2026-06-12 11:18:00,1781263080,705.47860404,710.32633303,679.03007077,694.85250515,
2026-06-12 11:19:00,1781263140,694.85250515,694.97553228,682.44473781,693.46025997,
2026-06-12 11:20:00,1781263200,693.46025997,726.21273117,690.7627403,710.18324346,
2026-06-12 11:21:00,1781263260,710.18324346,724.33197813,705.51293188,723.16285332,
2026-06-12 11:22:00,1781263320,723.16285332,738.29013443,719.12412976,735.5385441,
2026-06-12 11:23:00,1781263380,735.5385441,747.48559218,723.55690414,744.5113892,
2026-06-12 11:24:00,1781263440,744.5113892,760.10739804,729.09108932,753.48676641,
2026-06-12 11:25:00,1781263500,753.48676641,764.12292175,740.66639197,747.61619378,
2026-06-12 11:26:00,1781263560,747.61619378,751.94826625,732.21028647,733.26273149,
2026-06-12 11:27:00,1781263620,733.26273149,735.30450268,727.99495227,728.05902512,
2026-06-12 11:28:00,1781263680,728.05902512,749.08713916,726.4115469,746.95363011,
2026-06-12 11:29:00,1781263740,746.95363011,747.61847398,726.50913484,727.33875924,
2026-06-12 11:30:00,1781263800,727.33875924,727.85634293,693.90753498,707.62943335,
2026-06-12 11:31:00,1781263860,707.62943335,728.98138956,690.989168,698.25207874,
2026-06-12 11:32:00,1781263920,698.25207874,712.34095548,667.42919662,670.23714976,
2026-06-12 11:33:00,1781263980,670.23714976,683.9755569,664.27975019,673.55049486,
2026-06-12 11:34:00,1781264040,673.55049486,686.09705788,671.07060363,674.50341878,
2026-06-12 11:35:00,1781264100,674.50341878,679.80021013,638.40663381,653.00607165,
2026-06-12 11:36:00,1781264160,653.00607165,660.41210986,649.95880297,654.33014609,
2026-06-12 11:37:00,1781264220,654.33014609,657.99372814,642.31869843,645.9901062,
2026-06-12 11:38:00,1781264280,645.9901062,658.76439818,636.24961411,643.70813568,
2026-06-12 11:39:00,1781264340,643.70813568,653.3304487,636.15636521,638.83630613,
2026-06-12 11:40:00,1781264400,638.83630613,662.66288369,637.57242848,660.20539271,
2026-06-12 11:41:00,1781264460,660.20539271,712.05822194,653.87861604,693.64459031,
2026-06-12 11:42:00,1781264520,693.64459031,697.75702554,681.92750287,691.44077167,
2026-06-12 11:43:00,1781264580,691.44077167,707.56503679,684.41503447,704.26785902,
2026-06-12 11:44:00,1781264640,704.26785902,707.36188717,699.11871801,705.48808874,
2026-06-12 11:45:00,1781264700,705.48808874,764.24037323,705.48550063,749.64942414,
2026-06-12 11:46:00,1781264760,749.64942414,749.64942414,726.51292294,731.89420679,
2026-06-12 11:47:00,1781264820,731.89420679,731.89420679,703.21652387,729.87392525,
2026-06-12 11:48:00,1781264880,729.87392525,738.75349189,723.87781749,732.79029381,
2026-06-12 11:49:00,1781264940,732.79029381,732.79029381,716.78645012,718.72716304,
2026-06-12 11:50:00,1781265000,718.72716304,725.57121706,714.81417953,719.53867595,
2026-06-12 11:51:00,1781265060,719.53867595,723.06028901,703.3672941,714.52945117,
2026-06-12 11:52:00,1781265120,714.52945117,723.81042787,714.52684336,722.18303176,
2026-06-12 11:53:00,1781265180,722.18303176,736.27233022,710.10258852,734.59452546,
2026-06-12 11:54:00,1781265240,734.59452546,736.25810436,731.41053948,735.41834748,
2026-06-12 11:55:00,1781265300,735.41834748,744.19821856,717.96154304,736.44917189,
2026-06-12 11:56:00,1781265360,736.44917189,736.44917189,707.42181673,723.38533481,
2026-06-12 11:57:00,1781265420,723.38533481,723.38533481,709.55387124,709.55387124,
2026-06-12 11:58:00,1781265480,709.55387124,713.2377602,693.81287743,706.53899728,
2026-06-12 11:59:00,1781265540,706.53899728,706.53899728,682.83285305,684.64978991,
2026-06-12 12:00:00,1781265600,684.64978991,684.64978991,622.75815166,625.76938043,
2026-06-12 12:01:00,1781265660,625.76938043,671.20984092,612.78194247,641.11896883,
2026-06-12 12:02:00,1781265720,641.11896883,678.87853118,634.760895,670.92959587,
2026-06-12 12:03:00,1781265780,670.92959587,691.67151095,669.86436724,670.37291534,
2026-06-12 12:04:00,1781265840,670.37291534,672.49429286,616.11591691,628.64681034,
2026-06-12 12:05:00,1781265900,628.64681034,642.11120661,621.33495558,627.25935153,
2026-06-12 12:06:00,1781265960,627.25935153,644.69430032,607.55574169,617.75284161,
2026-06-12 12:07:00,1781266020,617.75284161,626.98907082,610.11814921,612.13719222,
2026-06-12 12:08:00,1781266080,612.13719222,632.68277069,611.31022275,628.04556846,
2026-06-12 12:09:00,1781266140,628.04556846,632.90968437,617.25076697,620.45259645,
2026-06-12 12:10:00,1781266200,620.45259645,644.74355455,620.20950348,633.43946974,
2026-06-12 12:11:00,1781266260,633.43946974,635.24297862,606.85771048,613.60098685,
2026-06-12 12:12:00,1781266320,613.60098685,613.60098685,589.00006077,589.00006077,
2026-06-12 12:13:00,1781266380,589.00006077,604.77480806,588.9973719,598.26700535,
2026-06-12 12:14:00,1781266440,598.26700535,600.18538471,587.49061799,595.02596989,
2026-06-12 12:15:00,1781266500,595.02596989,614.15292699,588.32033857,590.81765915,
2026-06-12 12:16:00,1781266560,590.81765915,611.18574753,581.66324842,605.02915961,
2026-06-12 12:17:00,1781266620,605.02915961,608.51119272,593.04725248,607.38405014,
2026-06-12 12:18:00,1781266680,607.38405014,610.71811425,598.29198296,600.33872488,
2026-06-12 12:19:00,1781266740,600.33872488,624.26151985,598.34713719,598.46447009,
2026-06-12 12:20:00,1781266800,598.46447009,607.2420237,569.80228666,569.85665621,
2026-06-12 12:21:00,1781266860,569.85665621,579.49174723,550.06678085,550.90119886,
2026-06-12 12:22:00,1781266920,550.90119886,583.47321043,550.89850171,575.34471931,
2026-06-12 12:23:00,1781266980,575.34471931,581.25824669,560.15257205,570.12434353,
2026-06-12 12:24:00,1781267040,570.12434353,570.34069416,548.58867899,548.92130548,
2026-06-12 12:25:00,1781267100,548.92130548,551.49289965,531.40264934,541.27023212,
2026-06-12 12:26:00,1781267160,541.27023212,543.12160949,535.12761158,535.45032559,
2026-06-12 12:27:00,1781267220,535.45032559,535.98109324,509.30988811,520.29601362,
2026-06-12 12:28:00,1781267280,520.29601362,528.45823197,503.69159767,513.46111936,
2026-06-12 12:29:00,1781267340,513.46111936,513.46111936,493.50207246,493.50207246,
2026-06-12 12:30:00,1781267400,493.50207246,519.87615877,486.12097949,514.97170107,
2026-06-12 12:31:00,1781267460,514.97170107,529.04704421,509.47339313,512.73537104,
2026-06-12 12:32:00,1781267520,512.73537104,532.63338251,512.73537104,529.27044672,
2026-06-12 12:33:00,1781267580,529.27044672,545.09653323,528.20951427,536.83049174,
2026-06-12 12:34:00,1781267640,536.83049174,558.25996558,531.72873694,550.75737364,
2026-06-12 12:35:00,1781267700,550.75737364,560.66133448,532.91049202,535.08965991,
2026-06-12 12:36:00,1781267760,535.08965991,535.84942702,522.44708939,523.03958953,
2026-06-12 12:37:00,1781267820,523.03958953,543.65316037,522.87518139,532.80341734,
2026-06-12 12:38:00,1781267880,532.80341734,533.18112715,505.67488531,505.67488531,
2026-06-12 12:39:00,1781267940,505.67488531,505.67488531,473.47291745,484.97143512,
2026-06-12 12:40:00,1781268000,484.97143512,495.37920618,468.19716098,494.0385576,
2026-06-12 12:41:00,1781268060,494.0385576,508.20479695,485.02385879,504.12359277,
2026-06-12 12:42:00,1781268120,504.12359277,509.55653075,489.36691078,507.8146046,
2026-06-12 12:43:00,1781268180,507.8146046,522.01324054,503.82711651,518.00258903,
2026-06-12 12:44:00,1781268240,518.00258903,522.69162379,471.6294682,492.55753128,
2026-06-12 12:45:00,1781268300,492.55753128,494.91296299,478.12955702,489.00153232,
2026-06-12 12:46:00,1781268360,489.00153232,517.4449509,488.68948253,509.21016589,
2026-06-12 12:47:00,1781268420,509.21016589,521.42489684,498.69943318,515.63744584,
2026-06-12 12:48:00,1781268480,515.63744584,530.75522684,501.57217976,527.12861053,
2026-06-12 12:49:00,1781268540,527.12861053,540.23717534,519.31592956,519.35170673,
2026-06-12 12:50:00,1781268600,519.35170673,547.8696029,512.40210799,519.09726882,
2026-06-12 12:51:00,1781268660,519.09726882,523.01027045,498.44917276,508.72693705,
2026-06-12 12:52:00,1781268720,508.72693705,540.81487761,508.13803169,536.92446299,
2026-06-12 12:53:00,1781268780,536.92446299,536.92446299,517.70120839,517.75336686,
2026-06-12 12:54:00,1781268840,517.75336686,517.80450395,476.38747975,481.18890717,
2026-06-12 12:55:00,1781268900,481.18890717,492.09495319,448.21261573,472.97194574,
2026-06-12 12:56:00,1781268960,472.97194574,481.31470037,463.46903145,471.71770693,
2026-06-12 12:57:00,1781269020,471.71770693,495.10131669,471.35653162,492.11129564,
2026-06-12 12:58:00,1781269080,492.11129564,498.62247127,486.09100797,495.79479565,
2026-06-12 12:59:00,1781269140,495.79479565,514.17169742,492.16032757,494.58426135,
2026-06-12 13:00:00,1781269200,494.58426135,511.6492637,484.04042828,484.36098261,
2026-06-12 13:01:00,1781269260,484.36098261,487.91904126,473.85094563,479.07306424,
2026-06-12 13:02:00,1781269320,479.07306424,492.87512437,459.13405994,491.66443535,
2026-06-12 13:03:00,1781269380,491.66443535,491.92135961,470.64020593,481.68608687,
2026-06-12 13:04:00,1781269440,481.68608687,481.89096726,470.64600029,472.18221273,
2026-06-12 13:05:00,1781269500,472.18221273,485.65154675,470.18801993,482.58790415,
2026-06-12 13:06:00,1781269560,482.58790415,484.97964357,470.9937104,475.80775575,
2026-06-12 13:07:00,1781269620,475.80775575,493.18296539,475.80775575,488.31148938,
2026-06-12 13:08:00,1781269680,488.31148938,504.8965809,488.30590509,493.61706634,
2026-06-12 13:09:00,1781269740,493.61706634,517.33747309,489.89952591,489.89952591,
2026-06-12 13:10:00,1781269800,489.89952591,499.83398767,474.30445205,492.26975817,
2026-06-12 13:11:00,1781269860,492.26975817,492.75396819,468.05373953,470.16345811,
2026-06-12 13:12:00,1781269920,470.16345811,479.46413598,444.86860678,445.80535001,
2026-06-12 13:13:00,1781269980,445.80535001,476.44859871,437.99514998,474.70118195,
2026-06-12 13:14:00,1781270040,474.70118195,499.79380371,473.37962133,498.45561537,
2026-06-12 13:15:00,1781270100,498.45561537,501.95130335,473.50776713,473.50776713,
2026-06-12 13:16:00,1781270160,473.50776713,491.52675905,473.50776713,487.25087432,
2026-06-12 13:17:00,1781270220,487.25087432,497.12990668,476.11982602,482.16975953,
2026-06-12 13:18:00,1781270280,482.16975953,523.08498883,480.24365938,519.50068552,
2026-06-12 13:19:00,1781270340,519.50068552,520.95298815,500.89613845,505.24192367,
2026-06-12 13:20:00,1781270400,505.24192367,507.72327293,488.31172964,501.22189505,
2026-06-12 13:21:00,1781270460,501.22189505,501.22189505,483.47850837,488.98719533,
2026-06-12 13:22:00,1781270520,488.98719533,488.98719533,464.85331314,465.15374833,
2026-06-12 13:23:00,1781270580,465.15374833,469.0324653,442.23658189,443.13563274,
2026-06-12 13:24:00,1781270640,443.13563274,460.91240601,442.7322584,460.3494972,
2026-06-12 13:25:00,1781270700,460.3494972,464.33464903,447.66528739,453.07495621,
2026-06-12 13:26:00,1781270760,453.07495621,464.66682981,452.88544501,455.83641779,
2026-06-12 13:27:00,1781270820,455.83641779,460.50656573,447.99620572,456.93072342,
2026-06-12 13:28:00,1781270880,456.93072342,457.58669367,430.27221848,445.55866349,
2026-06-12 13:29:00,1781270940,445.55866349,464.99047691,445.55866349,461.06195357,
2026-06-12 13:30:00,1781271000,461.06195357,482.55237806,410.15897785,424.01200727,
2026-06-12 13:31:00,1781271060,424.01200727,437.49766608,387.569454,388.19930117,
2026-06-12 13:32:00,1781271120,388.19930117,434.27248802,388.19930117,406.78036321,
2026-06-12 13:33:00,1781271180,406.78036321,416.41206102,389.47218062,389.60434368,
2026-06-12 13:34:00,1781271240,389.60434368,415.69939577,382.35875027,391.02017278,
2026-06-12 13:35:00,1781271300,391.02017278,447.89179015,379.60842733,438.19251622,
2026-06-12 13:36:00,1781271360,438.19251622,438.19251622,402.14438606,415.30287324,
2026-06-12 13:37:00,1781271420,415.30287324,428.47248059,394.87615552,424.2333269,
2026-06-12 13:38:00,1781271480,424.2333269,441.36023364,408.20002891,427.46248971,
2026-06-12 13:39:00,1781271540,427.46248971,451.86247958,416.45517552,446.6045928,
2026-06-12 13:40:00,1781271600,446.6045928,461.14068231,371.14385397,384.49080491,
2026-06-12 13:41:00,1781271660,384.49080491,384.49080491,328.34933527,349.79626658,
2026-06-12 13:42:00,1781271720,349.79626658,349.79626658,304.46030788,304.46030788,
2026-06-12 13:43:00,1781271780,304.46030788,359.3248823,300.89517462,348.0647264,
2026-06-12 13:44:00,1781271840,348.0647264,352.12355534,333.39287551,336.2661063,
2026-06-12 13:45:00,1781271900,336.2661063,372.62043754,328.25250646,332.86944855,
2026-06-12 13:46:00,1781271960,332.86944855,367.7616371,330.32162582,357.23490248,
2026-06-12 13:47:00,1781272020,357.23490248,371.55355706,351.08183844,351.08183844,
2026-06-12 13:48:00,1781272080,351.08183844,357.56908897,318.73600882,338.30803185,
2026-06-12 13:49:00,1781272140,338.30803185,367.81332665,332.30528557,358.78000883,
2026-06-12 13:50:00,1781272200,358.78000883,378.92643549,357.38925004,374.1298409,
2026-06-12 13:51:00,1781272260,374.1298409,387.67357527,348.80879297,358.50938792,
2026-06-12 13:52:00,1781272320,358.50938792,371.6533384,341.33782367,367.8884053,
2026-06-12 13:53:00,1781272380,367.8884053,379.36187652,329.68740327,329.93452897,
2026-06-12 13:54:00,1781272440,329.93452897,339.29906151,313.92333766,331.72235174,
2026-06-12 13:55:00,1781272500,331.72235174,331.72235174,307.76235878,309.24253132,
2026-06-12 13:56:00,1781272560,309.24253132,324.96523259,305.24194654,317.55547161,
2026-06-12 13:57:00,1781272620,317.55547161,335.22234653,315.02188984,326.69327346,
2026-06-12 13:58:00,1781272680,326.69327346,342.84756256,320.20098579,339.93108348,
2026-06-12 13:59:00,1781272740,339.93108348,367.82055588,336.69717681,358.36501448,
2026-06-12 14:00:00,1781272800,358.36501448,457.07647217,343.67106404,445.9821521,
2026-06-12 14:01:00,1781272860,445.9821521,478.83026044,422.90756808,453.07547283,
2026-06-12 14:02:00,1781272920,453.07547283,458.75297561,409.39941997,423.0546246,
2026-06-12 14:03:00,1781272980,423.0546246,466.43708423,405.20129141,449.15942058,
2026-06-12 14:04:00,1781273040,449.15942058,451.54440593,409.47755767,425.8177415,
2026-06-12 14:05:00,1781273100,425.8177415,426.06414673,392.85747529,401.28229422,
2026-06-12 14:06:00,1781273160,401.28229422,445.23268175,399.75300126,444.81578235,
2026-06-12 14:07:00,1781273220,444.81578235,511.13204341,442.60073608,501.91464132,
2026-06-12 14:08:00,1781273280,501.91464132,502.95666667,439.37034183,440.80695972,
2026-06-12 14:09:00,1781273340,440.80695972,456.2995843,432.44503758,445.75086739,
2026-06-12 14:10:00,1781273400,445.75086739,454.77936062,423.73274838,452.46308039,
2026-06-12 14:11:00,1781273460,452.46308039,452.88099684,411.2209494,434.71385298,
2026-06-12 14:12:00,1781273520,434.71385298,448.32040874,411.23113563,411.23113563,
2026-06-12 14:13:00,1781273580,411.23113563,436.50198041,395.70586488,401.61948722,
2026-06-12 14:14:00,1781273640,401.61948722,449.73518346,401.61948722,442.93452326,
2026-06-12 14:15:00,1781273700,442.93452326,477.37636534,434.65963814,471.71271029,
2026-06-12 14:16:00,1781273760,471.71271029,478.75460859,455.54514383,470.33682766,
2026-06-12 14:17:00,1781273820,470.33682766,502.19534341,460.209043,462.5161781,
2026-06-12 14:18:00,1781273880,462.5161781,462.5161781,412.6481373,420.33119185,
2026-06-12 14:19:00,1781273940,420.33119185,437.39241354,415.00768181,419.71983838,
2026-06-12 14:20:00,1781274000,419.71983838,443.91182938,410.54554963,437.06530341,
2026-06-12 14:21:00,1781274060,437.06530341,478.01472656,402.87007948,408.36236371,
2026-06-12 14:22:00,1781274120,408.36236371,411.9225365,372.42062804,376.48112505,
2026-06-12 14:23:00,1781274180,376.48112505,405.02346995,373.96945424,401.58994769,
2026-06-12 14:24:00,1781274240,401.58994769,442.68821904,401.49075406,422.56367406,
2026-06-12 14:25:00,1781274300,422.56367406,518.05004469,419.74097939,502.69166672,
2026-06-12 14:26:00,1781274360,502.69166672,515.83185146,455.56539667,479.97669096,
2026-06-12 14:27:00,1781274420,479.97669096,540.29335489,478.63917831,522.27971532,
2026-06-12 14:28:00,1781274480,522.27971532,550.22380907,506.95937524,523.79607391,
2026-06-12 14:29:00,1781274540,523.79607391,540.12866758,518.49240035,532.72727523,
2026-06-12 14:30:00,1781274600,532.72727523,559.75925841,528.81666823,550.97183437,
2026-06-12 14:31:00,1781274660,550.97183437,571.0056223,503.53578196,521.28493818,
2026-06-12 14:32:00,1781274720,521.28493818,541.53692364,495.75528947,507.07854025,
2026-06-12 14:33:00,1781274780,507.07854025,529.06633679,483.57793648,516.01429463,
2026-06-12 14:34:00,1781274840,516.01429463,570.3263555,516.01429463,560.23133276,
2026-06-12 14:35:00,1781274900,560.23133276,596.62429484,553.88939058,566.13699513,
2026-06-12 14:36:00,1781274960,566.13699513,622.57429261,548.63590373,609.48984952,
2026-06-12 14:37:00,1781275020,609.48984952,624.14910382,564.49323279,587.17148074,
2026-06-12 14:38:00,1781275080,587.17148074,613.87667082,578.49322262,597.74842477,
2026-06-12 14:39:00,1781275140,597.74842477,618.24186324,585.34466803,585.71946452,
2026-06-12 14:40:00,1781275200,585.71946452,591.07632033,526.12119725,540.70842744,
2026-06-12 14:41:00,1781275260,540.70842744,548.338333,499.43678156,515.11199225,
2026-06-12 14:42:00,1781275320,515.11199225,538.17644231,503.16958292,512.60858352,
2026-06-12 14:43:00,1781275380,512.60858352,514.16336278,434.41754894,439.86997473,
2026-06-12 14:44:00,1781275440,439.86997473,481.03628105,439.86739113,451.47491769,
2026-06-12 14:45:00,1781275500,451.47491769,481.32254088,433.49102585,468.64462693,
2026-06-12 14:46:00,1781275560,468.64462693,485.86709894,447.7527523,468.90517324,
2026-06-12 14:47:00,1781275620,468.90517324,478.66211533,429.62886055,444.7706596,
2026-06-12 14:48:00,1781275680,444.7706596,471.53936396,435.53557186,443.43529386,
2026-06-12 14:49:00,1781275740,443.43529386,455.64892679,417.96596085,450.90750153,
2026-06-12 14:50:00,1781275800,450.90750153,525.33641683,448.37250105,516.47674886,
2026-06-12 14:51:00,1781275860,516.47674886,526.55597104,482.44229796,482.44229796,
2026-06-12 14:52:00,1781275920,482.44229796,692.47342578,473.94541132,658.95056064,
2026-06-12 14:53:00,1781275980,658.95056064,726.59933768,650.52253737,674.34763881,
2026-06-12 14:54:00,1781276040,674.34763881,728.89209501,661.00795862,726.07219978,
2026-06-12 14:55:00,1781276100,726.07219978,766.36004935,665.90488538,676.4261885,
2026-06-12 14:56:00,1781276160,676.4261885,762.78448845,666.31905775,746.75536688,
2026-06-12 14:57:00,1781276220,746.75536688,759.6216533,708.28684793,745.0873527,
2026-06-12 14:58:00,1781276280,745.0873527,757.07754888,712.84888162,754.1254594,
2026-06-12 14:59:00,1781276340,754.1254594,776.61449234,738.04261862,774.93965079,
2026-06-12 15:00:00,1781276400,774.93965079,862.99537429,761.1153337,857.88069316,
2026-06-12 15:01:00,1781276460,857.88069316,921.00043328,846.83035954,903.5556305,
2026-06-12 15:02:00,1781276520,903.5556305,917.18015778,854.63899525,854.63899525,
2026-06-12 15:03:00,1781276580,854.63899525,888.05966012,718.35023694,720.35488907,
2026-06-12 15:04:00,1781276640,720.35488907,764.30808527,703.08084064,728.31576696,
2026-06-12 15:05:00,1781276700,728.31576696,801.92807074,723.77873422,801.70878919,
2026-06-12 15:06:00,1781276760,801.70878919,866.99385885,792.41601322,852.22327704,
2026-06-12 15:07:00,1781276820,852.22327704,923.09393999,829.51322856,895.8607095,
2026-06-12 15:08:00,1781276880,895.8607095,912.78918327,843.88090959,870.24802093,
2026-06-12 15:09:00,1781276940,870.24802093,898.61264219,849.2385204,850.2374178,
2026-06-12 15:10:00,1781277000,850.2374178,971.02083937,839.34288051,971.02083937,
2026-06-12 15:11:00,1781277060,971.02083937,996.6391547,951.38842757,967.22264189,
2026-06-12 15:12:00,1781277120,967.22264189,984.3624997,909.82295342,981.23287617,
2026-06-12 15:13:00,1781277180,981.23287617,1087.42632638,980.19522413,1083.17581126,
2026-06-12 15:14:00,1781277240,1083.17581126,1087.51387566,1047.99733918,1074.19243044,
2026-06-12 15:15:00,1781277300,1074.19243044,1097.03056208,1026.94250011,1028.79449271,
2026-06-12 15:16:00,1781277360,1028.79449271,1047.00315526,1005.19540949,1045.70617175,
2026-06-12 15:17:00,1781277420,1045.70617175,1094.95325637,1040.89375109,1054.37848333,
2026-06-12 15:18:00,1781277480,1054.37848333,1068.10188647,1010.72321958,1039.45456946,
2026-06-12 15:19:00,1781277540,1039.45456946,1043.48419411,979.67554684,1001.60062091,
2026-06-12 15:20:00,1781277600,1001.60062091,1010.70719544,952.29045449,963.38742454,
2026-06-12 15:21:00,1781277660,963.38742454,1005.30530155,950.10683081,975.52903565,
2026-06-12 15:22:00,1781277720,975.52903565,1003.25579601,940.32333918,963.27480474,
2026-06-12 15:23:00,1781277780,963.27480474,994.1265991,939.56935613,971.4014882,
2026-06-12 15:24:00,1781277840,971.4014882,1003.82370101,968.14709632,985.72978239,
2026-06-12 15:25:00,1781277900,985.72978239,1029.36067306,985.72978239,1023.62181704,
2026-06-12 15:26:00,1781277960,1023.62181704,1028.17030487,972.87624099,991.45674476,
2026-06-12 15:27:00,1781278020,991.45674476,1018.374696,982.73382857,1013.01758487,
2026-06-12 15:28:00,1781278080,1013.01758487,1014.55378199,925.52495132,930.36211824,
2026-06-12 15:29:00,1781278140,930.36211824,962.36102927,878.85482385,881.14814517,
2026-06-12 15:30:00,1781278200,881.14814517,883.67410209,808.92242794,834.38208166,
2026-06-12 15:31:00,1781278260,834.38208166,843.04612869,779.85548478,801.53305063,
2026-06-12 15:32:00,1781278320,801.53305063,843.18477899,773.40016669,780.44230967,
2026-06-12 15:33:00,1781278380,780.44230967,795.153841,743.1728392,748.51512611,
2026-06-12 15:34:00,1781278440,748.51512611,758.98145216,723.51356809,725.93935094,
2026-06-12 15:35:00,1781278500,725.93935094,828.6702768,708.61408169,828.6702768,
2026-06-12 15:36:00,1781278560,828.6702768,828.6702768,754.73528032,768.9043403,
2026-06-12 15:37:00,1781278620,768.9043403,789.98913087,702.52751431,721.31554182,
2026-06-12 15:38:00,1781278680,721.31554182,739.42931403,675.47930174,687.38320564,
2026-06-12 15:39:00,1781278740,687.38320564,751.01449626,671.46070171,734.68282344,
2026-06-12 15:40:00,1781278800,734.68282344,757.268641,685.3320768,689.80858015,
2026-06-12 15:41:00,1781278860,689.80858015,728.24110559,654.71747038,668.44505123,
2026-06-12 15:42:00,1781278920,668.44505123,680.93095161,629.73484846,663.42161222,
2026-06-12 15:43:00,1781278980,663.42161222,710.29095072,653.98593939,710.29095072,
2026-06-12 15:44:00,1781279040,710.29095072,710.61477604,676.59734778,697.35900817,
2026-06-12 15:45:00,1781279100,697.35900817,705.82296087,656.89683947,683.20766256,
2026-06-12 15:46:00,1781279160,683.20766256,720.51941832,653.88263808,662.59996785,
2026-06-12 15:47:00,1781279220,662.59996785,666.88979999,608.39208383,613.79683646,
2026-06-12 15:48:00,1781279280,613.79683646,619.29363576,557.5064341,571.29728555,
2026-06-12 15:49:00,1781279340,571.29728555,588.89267429,538.52648124,556.58442927,
2026-06-12 15:50:00,1781279400,556.58442927,604.19914168,556.14378705,596.98931916,
2026-06-12 15:51:00,1781279460,596.98931916,613.67151187,576.29403106,597.31556542,
2026-06-12 15:52:00,1781279520,597.31556542,630.41180386,592.95358492,627.86944882,
2026-06-12 15:53:00,1781279580,627.86944882,658.69840409,619.81601057,637.38116454,
2026-06-12 15:54:00,1781279640,637.38116454,668.52295988,628.84610457,655.65566351,
2026-06-12 15:55:00,1781279700,655.65566351,658.18554116,590.01272562,591.68895074,
2026-06-12 15:56:00,1781279760,591.68895074,606.15529905,537.82631362,561.42965399,
2026-06-12 15:57:00,1781279820,561.42965399,574.155255,553.27673177,556.91947735,
2026-06-12 15:58:00,1781279880,556.91947735,563.14506799,531.33926455,531.33926455,
2026-06-12 15:59:00,1781279940,531.33926455,531.33926455,470.34824593,495.03754485,
2026-06-12 16:00:00,1781280000,495.03754485,556.1880433,485.28279092,534.16898453,
2026-06-12 16:01:00,1781280060,534.16898453,553.17336883,501.5466496,507.83443254,
2026-06-12 16:02:00,1781280120,507.83443254,515.53370828,461.68393052,461.82393943,
2026-06-12 16:03:00,1781280180,461.82393943,543.87559298,449.29345463,538.97202034,
2026-06-12 16:04:00,1781280240,538.97202034,584.34799699,534.40358004,545.80308647,
2026-06-12 16:05:00,1781280300,545.80308647,560.61463729,529.38117274,537.24481229,
2026-06-12 16:06:00,1781280360,537.24481229,606.93071875,536.51257478,590.67671109,
2026-06-12 16:07:00,1781280420,590.67671109,619.59398604,590.15930655,618.73541874,
