datetime,time,open,high,low,close,volume
2026-06-10 12:05:00,1781093100,0.23378169,0.25028165,0.20589414,0.22553311,
2026-06-10 12:06:00,1781093160,0.22553311,492.59241856,0.22553311,488.39460636,
2026-06-10 12:07:00,1781093220,488.39460636,489.07645279,472.77043974,476.15705823,
2026-06-10 12:08:00,1781093280,476.15705823,479.81101825,458.72812663,465.924094,
2026-06-10 12:09:00,1781093340,465.924094,482.76917718,464.95559923,474.80235684,
2026-06-10 12:10:00,1781093400,474.80235684,489.53056044,474.44756708,489.41556486,
2026-06-10 12:11:00,1781093460,489.41556486,497.16600301,487.4165384,496.72972983,
2026-06-10 12:12:00,1781093520,496.72972983,501.34411822,487.58236987,494.90772069,
2026-06-10 12:13:00,1781093580,494.90772069,509.84324443,485.2947137,502.59345811,
2026-06-10 12:14:00,1781093640,502.59345811,506.46570924,491.5203532,498.32601159,
2026-06-10 12:15:00,1781093700,498.32601159,516.09774977,472.81983414,478.88809536,
2026-06-10 12:16:00,1781093760,478.88809536,490.5145526,478.88809536,489.87455283,
2026-06-10 12:17:00,1781093820,489.87455283,490.63998015,476.48743094,489.58276966,
2026-06-10 12:18:00,1781093880,489.58276966,491.69883335,471.03883288,477.72053472,
2026-06-10 12:19:00,1781093940,477.72053472,484.35712572,464.27179546,471.58621254,
2026-06-10 12:20:00,1781094000,471.58621254,479.82715002,468.81656164,474.91657485,
2026-06-10 12:21:00,1781094060,474.91657485,491.55693304,474.68824468,484.56848493,
2026-06-10 12:22:00,1781094120,484.56848493,486.89530206,464.3931002,465.68390058,
2026-06-10 12:23:00,1781094180,465.68390058,477.42048578,463.88869196,472.37340538,
2026-06-10 12:24:00,1781094240,472.37340538,478.90304524,465.68165568,470.34174869,
2026-06-10 12:25:00,1781094300,470.34174869,486.03903783,470.22869209,482.24170357,
2026-06-10 12:26:00,1781094360,482.24170357,495.36784913,479.55958237,493.29835332,
2026-06-10 12:27:00,1781094420,493.29835332,493.29835332,483.7006336,487.825825,
2026-06-10 12:28:00,1781094480,487.825825,507.52643329,487.82396822,496.54846526,
2026-06-10 12:29:00,1781094540,496.54846526,506.72869456,490.77851562,503.76461285,
2026-06-10 12:30:00,1781094600,503.76461285,659.79420905,496.15798658,615.68736561,
2026-06-10 12:31:00,1781094660,615.68736561,682.19821863,601.2216372,620.48395013,
2026-06-10 12:32:00,1781094720,620.48395013,683.60131654,602.9871207,670.53011879,
2026-06-10 12:33:00,1781094780,670.53011879,774.17132816,667.93845,750.37114457,
2026-06-10 12:34:00,1781094840,750.37114457,752.13221284,675.09604275,682.13251713,
2026-06-10 12:35:00,1781094900,682.13251713,693.45647929,644.81966765,651.48008482,
2026-06-10 12:36:00,1781094960,651.48008482,705.89014992,647.17876161,700.66228257,
2026-06-10 12:37:00,1781095020,700.66228257,703.68140481,676.98591631,677.02190508,
2026-06-10 12:38:00,1781095080,677.02190508,694.33711538,653.57967297,693.93385133,
2026-06-10 12:39:00,1781095140,693.93385133,695.2118765,664.34319653,678.94808579,
2026-06-10 12:40:00,1781095200,678.94808579,679.71220356,653.40678336,664.49691172,
2026-06-10 12:41:00,1781095260,664.49691172,687.17042049,651.80561647,668.28191136,
2026-06-10 12:42:00,1781095320,668.28191136,680.20291314,640.79527784,647.47178625,
2026-06-10 12:43:00,1781095380,647.47178625,662.56689825,644.77841227,644.81343457,
2026-06-10 12:44:00,1781095440,644.81343457,658.73053642,643.72172039,653.80740671,
2026-06-10 12:45:00,1781095500,653.80740671,667.31666326,641.09926932,647.90484786,
2026-06-10 12:46:00,1781095560,647.90484786,680.18876673,646.24623518,673.55653136,
2026-06-10 12:47:00,1781095620,673.55653136,684.83669247,660.49882696,660.49882696,
2026-06-10 12:48:00,1781095680,660.49882696,687.21150333,657.69644898,671.41932632,
2026-06-10 12:49:00,1781095740,671.41932632,683.12393892,668.64631482,676.254301,
2026-06-10 12:50:00,1781095800,676.254301,676.91058112,652.74158679,669.39386194,
2026-06-10 12:51:00,1781095860,669.39386194,669.42212376,645.70706096,647.87898649,
2026-06-10 12:52:00,1781095920,647.87898649,650.59338923,626.73162567,629.64307112,
2026-06-10 12:53:00,1781095980,629.64307112,639.4919838,629.04131913,636.66834649,
2026-06-10 12:54:00,1781096040,636.66834649,645.59920222,621.33766914,623.89038352,
2026-06-10 12:55:00,1781096100,623.89038352,626.50442748,611.45172816,612.17838225,
2026-06-10 12:56:00,1781096160,612.17838225,626.75202411,612.17838225,623.28849781,
2026-06-10 12:57:00,1781096220,623.28849781,629.8893064,613.10669422,613.98839134,
2026-06-10 12:58:00,1781096280,613.98839134,613.98839134,597.82638726,597.92661539,
2026-06-10 12:59:00,1781096340,597.92661539,600.86728955,577.32851815,577.32851815,
2026-06-10 13:00:00,1781096400,577.32851815,595.35183814,570.78856069,586.39136855,
2026-06-10 13:01:00,1781096460,586.39136855,588.81799837,558.28726844,558.61109621,
2026-06-10 13:02:00,1781096520,558.61109621,562.83831924,551.23828146,551.23828146,
2026-06-10 13:03:00,1781096580,551.23828146,555.07155482,546.98288558,554.16792428,
2026-06-10 13:04:00,1781096640,554.16792428,559.92357307,546.86416557,559.03337683,
2026-06-10 13:05:00,1781096700,559.03337683,560.91048425,547.85673948,558.53148726,
2026-06-10 13:06:00,1781096760,558.53148726,575.16701301,558.53148726,566.3921021,
2026-06-10 13:07:00,1781096820,566.3921021,574.29154451,559.75308711,563.95558415,
2026-06-10 13:08:00,1781096880,563.95558415,575.36690804,560.81209756,561.04152279,
2026-06-10 13:09:00,1781096940,561.04152279,564.80352594,555.37980162,559.27646197,
2026-06-10 13:10:00,1781097000,559.27646197,561.02662773,533.15760874,534.17733716,
2026-06-10 13:11:00,1781097060,534.17733716,541.29707908,533.66191197,538.06425795,
2026-06-10 13:12:00,1781097120,538.06425795,555.40210424,533.72659885,548.16932922,
2026-06-10 13:13:00,1781097180,548.16932922,552.45603805,544.12750424,544.12750424,
2026-06-10 13:14:00,1781097240,544.12750424,548.30430782,532.09254166,541.1968137,
2026-06-10 13:15:00,1781097300,541.1968137,544.61127174,524.98056024,529.91811188,
2026-06-10 13:16:00,1781097360,529.91811188,537.63205219,524.46895229,528.59369981,
2026-06-10 13:17:00,1781097420,528.59369981,531.97968437,518.9586271,519.93796216,
2026-06-10 13:18:00,1781097480,519.93796216,530.58514866,519.81598691,524.03710795,
2026-06-10 13:19:00,1781097540,524.03710795,526.42795478,517.10552227,523.43013604,
2026-06-10 13:20:00,1781097600,523.43013604,524.07918217,514.25426753,523.25350806,
2026-06-10 13:21:00,1781097660,523.25350806,549.2337515,521.9850627,543.81926278,
2026-06-10 13:22:00,1781097720,543.81926278,545.70660892,519.09863598,529.42447895,
2026-06-10 13:23:00,1781097780,529.42447895,538.25364687,529.42447895,536.64822541,
2026-06-10 13:24:00,1781097840,536.64822541,542.16055982,526.95559184,531.24861251,
2026-06-10 13:25:00,1781097900,531.24861251,531.95743389,505.04029851,516.41779523,
2026-06-10 13:26:00,1781097960,516.41779523,518.06963544,499.7595006,500.3882884,
2026-06-10 13:27:00,1781098020,500.3882884,536.29583398,500.3882884,535.51678676,
2026-06-10 13:28:00,1781098080,535.51678676,546.98485328,528.89272857,534.43875692,
2026-06-10 13:29:00,1781098140,534.43875692,542.33572878,529.54517304,539.45838085,
2026-06-10 13:30:00,1781098200,539.45838085,600.49980526,519.34069181,594.16021315,
2026-06-10 13:31:00,1781098260,594.16021315,626.6593278,577.47444347,611.74856673,
2026-06-10 13:32:00,1781098320,611.74856673,618.82344523,575.07819367,586.99274576,
2026-06-10 13:33:00,1781098380,586.99274576,596.35955598,562.21998707,584.44620814,
2026-06-10 13:34:00,1781098440,584.44620814,615.39555383,581.88807434,606.0042521,
2026-06-10 13:35:00,1781098500,606.0042521,647.5341067,594.77030295,627.59360146,
2026-06-10 13:36:00,1781098560,627.59360146,672.14179535,620.18176443,655.78153144,
2026-06-10 13:37:00,1781098620,655.78153144,745.9339374,655.78153144,739.38833151,
2026-06-10 13:38:00,1781098680,739.38833151,744.05293992,703.75412601,724.59407327,
2026-06-10 13:39:00,1781098740,724.59407327,750.09457196,713.39278444,748.42019088,
2026-06-10 13:40:00,1781098800,748.42019088,769.62312192,719.93217191,751.56397061,
2026-06-10 13:41:00,1781098860,751.56397061,756.99383116,707.79191635,715.12842187,
2026-06-10 13:42:00,1781098920,715.12842187,771.36916683,707.0799634,733.53985519,
2026-06-10 13:43:00,1781098980,733.53985519,809.64779872,731.74635898,802.86266152,
2026-06-10 13:44:00,1781099040,802.86266152,840.43935747,780.94513111,840.43935747,
2026-06-10 13:45:00,1781099100,840.43935747,845.64979766,773.74890305,808.19646816,
2026-06-10 13:46:00,1781099160,808.19646816,812.26589026,776.21996735,776.21996735,
2026-06-10 13:47:00,1781099220,776.21996735,832.65401967,770.48934572,807.93100474,
2026-06-10 13:48:00,1781099280,807.93100474,835.25894477,789.98857785,832.28447944,
2026-06-10 13:49:00,1781099340,832.28447944,868.51316443,826.03437281,863.50655667,
2026-06-10 13:50:00,1781099400,863.50655667,867.26582458,799.02184587,812.51437781,
2026-06-10 13:51:00,1781099460,812.51437781,821.30313192,776.74289143,777.28870424,
2026-06-10 13:52:00,1781099520,777.28870424,810.52060984,776.14162908,776.14162908,
2026-06-10 13:53:00,1781099580,776.14162908,789.62060094,756.70131569,764.64201241,
2026-06-10 13:54:00,1781099640,764.64201241,787.49514419,753.10974352,766.08152038,
2026-06-10 13:55:00,1781099700,766.08152038,784.11301875,755.22880358,771.90827289,
2026-06-10 13:56:00,1781099760,771.90827289,777.25058682,743.94526638,744.18934062,
2026-06-10 13:57:00,1781099820,744.18934062,780.51260376,738.4252336,749.89262857,
2026-06-10 13:58:00,1781099880,749.89262857,749.89262857,709.16523723,714.91724667,
2026-06-10 13:59:00,1781099940,714.91724667,736.00572558,713.17831525,733.75925997,
2026-06-10 14:00:00,1781100000,733.75925997,740.10535913,705.35599824,711.81698959,
2026-06-10 14:01:00,1781100060,711.81698959,721.08423515,686.87746996,687.30514303,
2026-06-10 14:02:00,1781100120,687.30514303,718.44007527,680.58982517,714.05151793,
2026-06-10 14:03:00,1781100180,714.05151793,759.83903904,705.18519496,752.09049697,
2026-06-10 14:04:00,1781100240,752.09049697,759.42963856,736.22084296,756.26996955,
2026-06-10 14:05:00,1781100300,756.26996955,764.1493313,731.55431665,742.11868865,
2026-06-10 14:06:00,1781100360,742.11868865,769.07193018,735.29419346,754.16629302,
2026-06-10 14:07:00,1781100420,754.16629302,763.1804297,736.60062622,739.21263289,
2026-06-10 14:08:00,1781100480,739.21263289,772.57772622,730.35617575,772.57772622,
2026-06-10 14:09:00,1781100540,772.57772622,772.57772622,751.74652061,754.91724085,
2026-06-10 14:10:00,1781100600,754.91724085,763.43937991,725.24152286,737.49840009,
2026-06-10 14:11:00,1781100660,737.49840009,748.34882998,729.13322714,739.55938314,
2026-06-10 14:12:00,1781100720,739.55938314,749.33617459,735.04658928,736.94421468,
2026-06-10 14:13:00,1781100780,736.94421468,738.32658779,683.20159552,717.64704198,
2026-06-10 14:14:00,1781100840,717.64704198,717.92556975,665.25245474,665.32744338,
2026-06-10 14:15:00,1781100900,665.32744338,669.98996349,628.44196422,630.19497438,
2026-06-10 14:16:00,1781100960,630.19497438,686.42911831,625.15690647,685.36166536,
2026-06-10 14:17:00,1781101020,685.36166536,685.36166536,634.34467753,637.75473452,
2026-06-10 14:18:00,1781101080,637.75473452,640.23528194,612.06541069,625.51835005,
2026-06-10 14:19:00,1781101140,625.51835005,627.1637993,604.13889275,625.0861384,
2026-06-10 14:20:00,1781101200,625.0861384,642.33505661,607.77722591,607.77722591,
2026-06-10 14:21:00,1781101260,607.77722591,629.96340597,598.85606557,622.70913239,
2026-06-10 14:22:00,1781101320,622.70913239,657.4084899,616.48478674,647.64955779,
2026-06-10 14:23:00,1781101380,647.64955779,661.73761966,630.6022631,656.51907957,
2026-06-10 14:24:00,1781101440,656.51907957,704.44546148,651.50262954,698.3347958,
2026-06-10 14:25:00,1781101500,698.3347958,708.23834991,639.23231361,650.34157423,
2026-06-10 14:26:00,1781101560,650.34157423,670.56633702,649.53031856,658.26940222,
2026-06-10 14:27:00,1781101620,658.26940222,687.57836748,658.26940222,687.25600647,
2026-06-10 14:28:00,1781101680,687.25600647,693.55126683,651.5350996,665.15869294,
2026-06-10 14:29:00,1781101740,665.15869294,670.65492433,645.01752014,658.89893786,
2026-06-10 14:30:00,1781101800,658.89893786,665.25974164,637.23624365,645.35479137,
2026-06-10 14:31:00,1781101860,645.35479137,645.47026326,588.89203022,589.21656799,
2026-06-10 14:32:00,1781101920,589.21656799,619.81883725,580.08284947,619.81883725,
2026-06-10 14:33:00,1781101980,619.81883725,637.48864318,595.806505,631.81512051,
2026-06-10 14:34:00,1781102040,631.81512051,648.02072578,613.75347613,643.99200239,
2026-06-10 14:35:00,1781102100,643.99200239,645.23796192,616.95860677,620.11184036,
2026-06-10 14:36:00,1781102160,620.11184036,620.18673101,596.15081095,606.41718623,
2026-06-10 14:37:00,1781102220,606.41718623,606.84725037,564.08093988,573.58102226,
2026-06-10 14:38:00,1781102280,573.58102226,584.84535787,565.14054402,572.99929255,
2026-06-10 14:39:00,1781102340,572.99929255,599.92244657,571.43462782,599.52018601,
2026-06-10 14:40:00,1781102400,599.52018601,633.86778287,595.70591484,633.33079899,
2026-06-10 14:41:00,1781102460,633.33079899,676.9976007,632.42412022,666.62850346,
2026-06-10 14:42:00,1781102520,666.62850346,676.58269788,639.89707666,639.89707666,
2026-06-10 14:43:00,1781102580,639.89707666,661.46618843,638.51668949,641.36183861,
2026-06-10 14:44:00,1781102640,641.36183861,646.9642364,611.15543773,611.15543773,
2026-06-10 14:45:00,1781102700,611.15543773,624.73657953,591.11101054,608.10528191,
2026-06-10 14:46:00,1781102760,608.10528191,609.99726824,597.75047238,604.90570673,
2026-06-10 14:47:00,1781102820,604.90570673,638.53034235,602.79773663,626.45551396,
2026-06-10 14:48:00,1781102880,626.45551396,631.62619081,601.98607723,606.9882039,
2026-06-10 14:49:00,1781102940,606.9882039,610.62059906,579.36273165,605.81750163,
2026-06-10 14:50:00,1781103000,605.81750163,618.73748024,579.35313794,601.24564603,
2026-06-10 14:51:00,1781103060,601.24564603,618.77880958,590.30054266,595.92378128,
2026-06-10 14:52:00,1781103120,595.92378128,596.73148972,578.34687655,583.94187889,
2026-06-10 14:53:00,1781103180,583.94187889,592.43005256,576.55175674,587.5345656,
2026-06-10 14:54:00,1781103240,587.5345656,606.27430771,585.73042454,594.92269316,
2026-06-10 14:55:00,1781103300,594.92269316,619.30122102,579.99938575,582.91025997,
2026-06-10 14:56:00,1781103360,582.91025997,591.44694433,573.09338261,584.89650081,
2026-06-10 14:57:00,1781103420,584.89650081,591.05087236,557.88573059,585.58674664,
2026-06-10 14:58:00,1781103480,585.58674664,648.12383244,583.00100031,645.28936733,
2026-06-10 14:59:00,1781103540,645.28936733,705.0388148,641.15618607,703.49481591,
2026-06-10 15:00:00,1781103600,703.49481591,741.96414312,684.82417303,735.69491096,
2026-06-10 15:01:00,1781103660,735.69491096,803.78624988,725.56240939,779.52872262,
2026-06-10 15:02:00,1781103720,779.52872262,788.99187117,747.48003606,766.42776142,
2026-06-10 15:03:00,1781103780,766.42776142,787.9162806,741.69726708,752.53536245,
2026-06-10 15:04:00,1781103840,752.53536245,761.4180275,685.734242,702.89484584,
2026-06-10 15:05:00,1781103900,702.89484584,704.58544,634.19950608,634.31184089,
2026-06-10 15:06:00,1781103960,634.31184089,652.43849766,616.89926126,616.89926126,
2026-06-10 15:07:00,1781104020,616.89926126,648.58588531,609.1734469,646.88073116,
2026-06-10 15:08:00,1781104080,646.88073116,646.88073116,604.55372871,622.07062676,
2026-06-10 15:09:00,1781104140,622.07062676,632.81665944,604.94592414,605.24007388,
2026-06-10 15:10:00,1781104200,605.24007388,616.02057138,601.38913629,613.98912455,
2026-06-10 15:11:00,1781104260,613.98912455,616.26599315,579.42620906,596.5751788,
2026-06-10 15:12:00,1781104320,596.5751788,606.19910053,587.24104843,606.19910053,
2026-06-10 15:13:00,1781104380,606.19910053,642.7175839,604.82818119,630.84329235,
2026-06-10 15:14:00,1781104440,630.84329235,634.23894576,607.17480485,608.41533377,
2026-06-10 15:15:00,1781104500,608.41533377,608.67478039,579.68916139,584.49118622,
2026-06-10 15:16:00,1781104560,584.49118622,616.63658001,576.12268129,608.659935,
2026-06-10 15:17:00,1781104620,608.659935,630.38021709,607.64818488,623.09833741,
2026-06-10 15:18:00,1781104680,623.09833741,623.09833741,598.60216213,616.51372046,
2026-06-10 15:19:00,1781104740,616.51372046,671.4625235,616.28583024,668.46196465,
2026-06-10 15:20:00,1781104800,668.46196465,705.29682402,658.37903673,703.80549587,
2026-06-10 15:21:00,1781104860,703.80549587,754.91715028,702.57758315,737.54784794,
2026-06-10 15:22:00,1781104920,737.54784794,751.61647427,711.98754222,730.49447815,
2026-06-10 15:23:00,1781104980,730.49447815,765.18843368,726.77838094,762.91404323,
2026-06-10 15:24:00,1781105040,762.91404323,778.43938754,743.60014227,757.01085434,
2026-06-10 15:25:00,1781105100,757.01085434,780.44492354,755.38115444,757.76901153,
2026-06-10 15:26:00,1781105160,757.76901153,763.10272907,741.77149608,751.71039769,
2026-06-10 15:27:00,1781105220,751.71039769,751.71039769,734.11881998,750.08106511,
2026-06-10 15:28:00,1781105280,750.08106511,776.05989944,749.31351669,756.10727835,
2026-06-10 15:29:00,1781105340,756.10727835,765.42889333,738.59544218,738.92866582,
2026-06-10 15:30:00,1781105400,738.92866582,782.80887394,732.28628385,776.89988551,
2026-06-10 15:31:00,1781105460,776.89988551,789.42013448,753.61423754,759.32899296,
2026-06-10 15:32:00,1781105520,759.32899296,771.9421355,750.38804173,759.49952046,
2026-06-10 15:33:00,1781105580,759.49952046,782.03043967,745.61727889,751.76268463,
2026-06-10 15:34:00,1781105640,751.76268463,778.2667622,744.60525282,754.3138788,
2026-06-10 15:35:00,1781105700,754.3138788,765.57804191,748.3567462,750.21779918,
2026-06-10 15:36:00,1781105760,750.21779918,777.24229157,746.37907179,767.49883901,
2026-06-10 15:37:00,1781105820,767.49883901,768.96589478,751.71874473,760.29810038,
2026-06-10 15:38:00,1781105880,760.29810038,760.29810038,712.08055266,714.60345863,
2026-06-10 15:39:00,1781105940,714.60345863,745.98722753,701.69749519,733.2776394,
2026-06-10 15:40:00,1781106000,733.2776394,733.44461407,712.24185863,712.24185863,
2026-06-10 15:41:00,1781106060,712.24185863,743.4617063,703.4104566,737.66188407,
2026-06-10 15:42:00,1781106120,737.66188407,764.68495149,723.7187215,730.51568469,
2026-06-10 15:43:00,1781106180,730.51568469,765.2957149,730.51568469,758.54164444,
2026-06-10 15:44:00,1781106240,758.54164444,792.50466976,758.48487751,780.44675638,
2026-06-10 15:45:00,1781106300,780.44675638,793.92546738,759.07031138,792.20027027,
2026-06-10 15:46:00,1781106360,792.20027027,865.47922399,791.90019173,846.1280294,
2026-06-10 15:47:00,1781106420,846.1280294,846.1280294,747.69447461,748.59615794,
2026-06-10 15:48:00,1781106480,748.59615794,759.08423487,679.80919252,679.80919252,
2026-06-10 15:49:00,1781106540,679.80919252,754.00409677,676.88800016,743.93450746,
2026-06-10 15:50:00,1781106600,743.93450746,781.68588363,711.5170655,742.60049335,
2026-06-10 15:51:00,1781106660,742.60049335,808.05229679,741.35639826,759.65916064,
2026-06-10 15:52:00,1781106720,759.65916064,826.44737626,744.27774348,824.393694,
2026-06-10 15:53:00,1781106780,824.393694,911.84545405,801.39425619,907.11959867,
2026-06-10 15:54:00,1781106840,907.11959867,1008.264826,901.40395161,993.0047794,
2026-06-10 15:55:00,1781106900,993.0047794,1011.61254555,930.11166137,936.50311755,
2026-06-10 15:56:00,1781106960,936.50311755,952.63006898,908.96027394,909.82247508,
2026-06-10 15:57:00,1781107020,909.82247508,973.90118695,908.3538538,952.97451666,
2026-06-10 15:58:00,1781107080,952.97451666,957.37357959,921.27951558,923.99336781,
2026-06-10 15:59:00,1781107140,923.99336781,924.65630468,903.56314853,916.16783529,
2026-06-10 16:00:00,1781107200,916.16783529,923.79837162,883.90149944,883.94858994,
2026-06-10 16:01:00,1781107260,883.94858994,895.62446652,856.82762605,872.53307238,
2026-06-10 16:02:00,1781107320,872.53307238,874.63491574,854.59692655,854.59692655,
2026-06-10 16:03:00,1781107380,854.59692655,877.21611213,841.11536314,852.8062854,
2026-06-10 16:04:00,1781107440,852.8062854,865.54756792,828.67894757,830.98425822,
2026-06-10 16:05:00,1781107500,830.98425822,859.00759885,826.13888306,835.50523033,
2026-06-10 16:06:00,1781107560,835.50523033,883.44045315,825.69696484,877.49755722,
2026-06-10 16:07:00,1781107620,877.49755722,904.09760659,865.69722228,869.83706342,
2026-06-10 16:08:00,1781107680,869.83706342,872.88264235,808.30359531,808.30359531,
2026-06-10 16:09:00,1781107740,808.30359531,840.25177611,803.84407744,831.67099353,
2026-06-10 16:10:00,1781107800,831.67099353,840.91714062,786.75738954,793.0061536,
2026-06-10 16:11:00,1781107860,793.0061536,811.05193004,785.01740037,799.6979288,
2026-06-10 16:12:00,1781107920,799.6979288,827.47573039,795.97142208,799.14838985,
2026-06-10 16:13:00,1781107980,799.14838985,800.65209037,782.39885798,791.84306853,
2026-06-10 16:14:00,1781108040,791.84306853,797.23960769,767.93328198,778.0276602,
2026-06-10 16:15:00,1781108100,778.0276602,816.41944462,775.33115972,802.47295861,
2026-06-10 16:16:00,1781108160,802.47295861,822.71054811,781.85146128,803.56681983,
2026-06-10 16:17:00,1781108220,803.56681983,824.32844352,770.84313486,773.18003346,
2026-06-10 16:18:00,1781108280,773.18003346,781.13868326,767.22443578,771.27044471,
2026-06-10 16:19:00,1781108340,771.27044471,777.67462427,765.93664244,771.19270025,
2026-06-10 16:20:00,1781108400,771.19270025,784.1475917,759.33167148,759.37439891,
2026-06-10 16:21:00,1781108460,759.37439891,780.13869634,743.97797763,779.29224551,
2026-06-10 16:22:00,1781108520,779.29224551,796.11601748,758.31732856,758.65730109,
2026-06-10 16:23:00,1781108580,758.65730109,773.76139771,753.61966416,764.75231772,
2026-06-10 16:24:00,1781108640,764.75231772,764.75231772,726.02977469,729.90480033,
2026-06-10 16:25:00,1781108700,729.90480033,744.46252137,679.79096471,704.71265591,
2026-06-10 16:26:00,1781108760,704.71265591,729.94366494,704.14078648,718.38307617,
2026-06-10 16:27:00,1781108820,718.38307617,749.92450822,718.38307617,741.60733664,
2026-06-10 16:28:00,1781108880,741.60733664,758.76426383,729.33289138,741.29625292,
2026-06-10 16:29:00,1781108940,741.29625292,750.69129417,733.65847972,750.69129417,
2026-06-10 16:30:00,1781109000,750.69129417,762.54613636,734.28954341,734.28954341,
2026-06-10 16:31:00,1781109060,734.28954341,741.43529227,709.96871446,721.72304983,
2026-06-10 16:32:00,1781109120,721.72304983,743.67518396,693.90294579,730.57953711,
2026-06-10 16:33:00,1781109180,730.57953711,747.41305827,729.59672559,729.7436366,
2026-06-10 16:34:00,1781109240,729.7436366,798.18128172,720.99598981,796.89625828,
2026-06-10 16:35:00,1781109300,796.89625828,803.97074716,766.27901852,783.72097204,
2026-06-10 16:36:00,1781109360,783.72097204,794.1818596,757.57597362,768.43591108,
2026-06-10 16:37:00,1781109420,768.43591108,799.64477744,767.97254024,775.64011637,
2026-06-10 16:38:00,1781109480,775.64011637,788.54116921,746.71606817,773.74298734,
2026-06-10 16:39:00,1781109540,773.74298734,773.7864768,743.46279639,754.2295511,
2026-06-10 16:40:00,1781109600,754.2295511,778.37676575,746.50124304,763.15341958,
2026-06-10 16:41:00,1781109660,763.15341958,772.95529583,732.10373218,735.92645088,
2026-06-10 16:42:00,1781109720,735.92645088,746.36228067,725.32092392,740.47163042,
2026-06-10 16:43:00,1781109780,740.47163042,750.3254252,726.80553729,729.6224023,
2026-06-10 16:44:00,1781109840,729.6224023,738.40928686,718.48017975,720.69647853,
2026-06-10 16:45:00,1781109900,720.69647853,720.69647853,694.64370502,697.96025096,
2026-06-10 16:46:00,1781109960,697.96025096,713.19684313,657.90769544,666.35306406,
2026-06-10 16:47:00,1781110020,666.35306406,674.85998906,623.76121709,623.76121709,
2026-06-10 16:48:00,1781110080,623.76121709,656.53884904,612.03480593,632.08271073,
2026-06-10 16:49:00,1781110140,632.08271073,636.01896756,613.57510464,622.85933422,
2026-06-10 16:50:00,1781110200,622.85933422,629.87323891,599.97359634,615.99371648,
2026-06-10 16:51:00,1781110260,615.99371648,642.01094044,600.01914179,640.92909113,
2026-06-10 16:52:00,1781110320,640.92909113,690.92938001,637.70501287,690.92938001,
2026-06-10 16:53:00,1781110380,690.92938001,693.21972399,666.50283895,676.95168105,
2026-06-10 16:54:00,1781110440,676.95168105,707.82232139,676.95168105,692.03925573,
2026-06-10 16:55:00,1781110500,692.03925573,692.51503403,651.15054168,655.94088795,
2026-06-10 16:56:00,1781110560,655.94088795,675.03201417,654.09570242,675.03007642,
2026-06-10 16:57:00,1781110620,675.03007642,690.79533075,659.33908813,690.42965892,
2026-06-10 16:58:00,1781110680,690.42965892,697.24737612,683.27204129,691.33391117,
2026-06-10 16:59:00,1781110740,691.33391117,712.4103381,690.51854077,708.52482133,
2026-06-10 17:00:00,1781110800,708.52482133,726.39029064,696.57915227,701.79190414,
2026-06-10 17:01:00,1781110860,701.79190414,724.24162937,698.8719136,722.47474139,
2026-06-10 17:02:00,1781110920,722.47474139,753.7064394,717.66894158,746.58744941,
2026-06-10 17:03:00,1781110980,746.58744941,753.11071768,734.30707247,741.38893035,
2026-06-10 17:04:00,1781111040,741.38893035,766.75506917,739.33780299,762.69513871,
2026-06-10 17:05:00,1781111100,762.69513871,763.30155241,724.1924939,725.8813894,
2026-06-10 17:06:00,1781111160,725.8813894,734.55443748,710.86654419,730.95493765,
2026-06-10 17:07:00,1781111220,730.95493765,742.58381658,690.99379614,703.7083959,
2026-06-10 17:08:00,1781111280,703.7083959,704.03744141,677.56039496,683.578523,
2026-06-10 17:09:00,1781111340,683.578523,692.84344476,663.60992093,683.26713835,
2026-06-10 17:10:00,1781111400,683.26713835,684.44312809,615.93652321,620.83327975,
2026-06-10 17:11:00,1781111460,620.83327975,654.26825626,615.86658478,645.02679462,
2026-06-10 17:12:00,1781111520,645.02679462,648.94553368,619.88025868,637.62377079,
2026-06-10 17:13:00,1781111580,637.62377079,655.7455059,637.50169227,644.87473076,
2026-06-10 17:14:00,1781111640,644.87473076,647.76867667,631.09807565,647.15946969,
2026-06-10 17:15:00,1781111700,647.15946969,664.32319847,636.42952594,655.99780018,
2026-06-10 17:16:00,1781111760,655.99780018,680.34042816,648.91513707,665.51044355,
2026-06-10 17:17:00,1781111820,665.51044355,687.23812055,651.22840813,654.61211915,
2026-06-10 17:18:00,1781111880,654.61211915,681.28008523,654.37492002,668.67734939,
2026-06-10 17:19:00,1781111940,668.67734939,672.70450256,652.89023754,672.04626442,
2026-06-10 17:20:00,1781112000,672.04626442,673.31236171,651.2678182,672.94941359,
2026-06-10 17:21:00,1781112060,672.94941359,673.24606878,631.89154235,653.04619176,
2026-06-10 17:22:00,1781112120,653.04619176,653.04619176,617.08704359,625.41305645,
2026-06-10 17:23:00,1781112180,625.41305645,639.22151534,622.84184017,633.90004249,
2026-06-10 17:24:00,1781112240,633.90004249,661.64374015,631.0948868,648.60569444,
2026-06-10 17:25:00,1781112300,648.60569444,670.7265315,642.77478627,657.76462718,
2026-06-10 17:26:00,1781112360,657.76462718,657.76462718,616.68729596,630.29830078,
2026-06-10 17:27:00,1781112420,630.29830078,639.29141155,610.36484873,618.62146993,
2026-06-10 17:28:00,1781112480,618.62146993,618.76078811,608.22715417,611.20205971,
2026-06-10 17:29:00,1781112540,611.20205971,611.20205971,562.34851881,569.69257955,
2026-06-10 17:30:00,1781112600,569.69257955,577.96719762,545.29721655,548.82800965,
2026-06-10 17:31:00,1781112660,548.82800965,559.92964313,526.06083171,526.06083171,
2026-06-10 17:32:00,1781112720,526.06083171,537.42370385,489.74911107,507.25711053,
2026-06-10 17:33:00,1781112780,507.25711053,552.20945148,507.25711053,552.20945148,
2026-06-10 17:34:00,1781112840,552.20945148,573.8841947,541.86519936,548.43900543,
2026-06-10 17:35:00,1781112900,548.43900543,555.57995779,531.2763113,531.9564193,
2026-06-10 17:36:00,1781112960,531.9564193,541.37358958,509.87154375,515.43831894,
2026-06-10 17:37:00,1781113020,515.43831894,547.81646304,515.40499903,538.15469197,
2026-06-10 17:38:00,1781113080,538.15469197,538.15469197,506.72086249,518.11462026,
2026-06-10 17:39:00,1781113140,518.11462026,535.97545995,515.77608527,528.2461518,
2026-06-10 17:40:00,1781113200,528.2461518,555.56031127,504.46947108,522.17092808,
2026-06-10 17:41:00,1781113260,522.17092808,529.13889204,495.41915221,508.76727339,
2026-06-10 17:42:00,1781113320,508.76727339,513.68871635,492.51616243,513.52042778,
2026-06-10 17:43:00,1781113380,513.52042778,562.28693229,509.02192631,560.23084171,
2026-06-10 17:44:00,1781113440,560.23084171,560.23084171,525.78162896,526.96292291,
2026-06-10 17:45:00,1781113500,526.96292291,547.58477189,519.71927216,543.43611254,
2026-06-10 17:46:00,1781113560,543.43611254,582.20972549,542.74475691,578.00629449,
2026-06-10 17:47:00,1781113620,578.00629449,599.63952043,566.67524218,593.58951592,
2026-06-10 17:48:00,1781113680,593.58951592,622.62588247,592.78694204,615.84622637,
2026-06-10 17:49:00,1781113740,615.84622637,637.20859756,608.41727776,635.77702825,
2026-06-10 17:50:00,1781113800,635.77702825,636.89585762,555.9001921,582.03624276,
2026-06-10 17:51:00,1781113860,582.03624276,599.8223372,576.35043217,590.23956477,
2026-06-10 17:52:00,1781113920,590.23956477,593.5449432,558.22199386,558.5752311,
2026-06-10 17:53:00,1781113980,558.5752311,574.11785694,556.21234713,572.25456645,
2026-06-10 17:54:00,1781114040,572.25456645,589.62976808,565.53035559,576.38265374,
2026-06-10 17:55:00,1781114100,576.38265374,605.53750445,575.85780013,588.59139828,
2026-06-10 17:56:00,1781114160,588.59139828,607.49311489,580.54153216,606.40604165,
2026-06-10 17:57:00,1781114220,606.40604165,607.0373219,585.02242508,587.90048979,
2026-06-10 17:58:00,1781114280,587.90048979,619.68761688,587.02398274,610.92257482,
2026-06-10 17:59:00,1781114340,610.92257482,617.32894812,601.93872273,606.72527041,
2026-06-10 18:00:00,1781114400,606.72527041,626.57397701,604.23803642,612.94071374,
2026-06-10 18:01:00,1781114460,612.94071374,623.68883505,592.34552897,599.95208593,
2026-06-10 18:02:00,1781114520,599.95208593,635.89632042,593.44923269,631.55973247,
2026-06-10 18:03:00,1781114580,631.55973247,644.43506161,620.26261936,641.04805236,
2026-06-10 18:04:00,1781114640,641.04805236,661.86398161,635.04922128,655.85806007,
2026-06-10 18:05:00,1781114700,655.85806007,669.53255155,650.8453988,667.44203236,
2026-06-10 18:06:00,1781114760,667.44203236,677.97050546,624.10768629,624.27542367,
2026-06-10 18:07:00,1781114820,624.27542367,624.27542367,591.38084409,593.79148636,
2026-06-10 18:08:00,1781114880,593.79148636,629.76621301,593.71767346,620.26853206,
2026-06-10 18:09:00,1781114940,620.26853206,623.35753471,602.99722692,612.27244554,
2026-06-10 18:10:00,1781115000,612.27244554,613.81276418,582.17747529,584.72852486,
2026-06-10 18:11:00,1781115060,584.72852486,607.31654482,581.13209071,606.45096833,
2026-06-10 18:12:00,1781115120,606.45096833,614.31088818,601.01254962,603.58375065,
2026-06-10 18:13:00,1781115180,603.58375065,606.46579464,579.87903269,588.80873491,
2026-06-10 18:14:00,1781115240,588.80873491,600.09223804,588.80873491,595.44887431,
2026-06-10 18:15:00,1781115300,595.44887431,611.26089015,592.40853731,600.54139503,
2026-06-10 18:16:00,1781115360,600.54139503,612.07032265,597.11941948,605.47336981,
2026-06-10 18:17:00,1781115420,605.47336981,605.47336981,568.35757592,569.36181484,
2026-06-10 18:18:00,1781115480,569.36181484,581.32582657,566.39767832,576.67608758,
2026-06-10 18:19:00,1781115540,576.67608758,584.49920716,567.52925295,574.15670506,
2026-06-10 18:20:00,1781115600,574.15670506,593.25016583,573.93759841,584.04729149,
2026-06-10 18:21:00,1781115660,584.04729149,596.57746533,570.15534296,570.73097019,
2026-06-10 18:22:00,1781115720,570.73097019,571.05130835,553.90174475,564.56929437,
2026-06-10 18:23:00,1781115780,564.56929437,588.99718362,564.56929437,584.53590704,
2026-06-10 18:24:00,1781115840,584.53590704,599.90352387,577.34413465,595.65162844,
2026-06-10 18:25:00,1781115900,595.65162844,598.2563634,559.18396198,561.01265489,
2026-06-10 18:26:00,1781115960,561.01265489,578.2890834,556.20338585,569.38718538,
2026-06-10 18:27:00,1781116020,569.38718538,569.38718538,549.07242279,553.62337532,
2026-06-10 18:28:00,1781116080,553.62337532,572.46024917,553.62337532,563.74632034,
2026-06-10 18:29:00,1781116140,563.74632034,611.81929673,560.0739413,609.91104573,
2026-06-10 18:30:00,1781116200,609.91104573,609.91104573,583.67169522,606.96321628,
2026-06-10 18:31:00,1781116260,606.96321628,607.42317653,580.88404674,583.26839882,
2026-06-10 18:32:00,1781116320,583.26839882,591.80106649,574.66039901,585.89642599,
2026-06-10 18:33:00,1781116380,585.89642599,595.41786894,572.11879028,572.48210699,
2026-06-10 18:34:00,1781116440,572.48210699,583.36072203,559.65326809,578.29792447,
2026-06-10 18:35:00,1781116500,578.29792447,578.33453304,535.92755358,546.70349613,
2026-06-10 18:36:00,1781116560,546.70349613,556.34924971,537.75877545,538.17535252,
2026-06-10 18:37:00,1781116620,538.17535252,539.99764935,521.60912444,526.69776801,
2026-06-10 18:38:00,1781116680,526.69776801,531.65601684,521.4192963,528.04560202,
2026-06-10 18:39:00,1781116740,528.04560202,534.97986106,521.33257518,526.28813153,
2026-06-10 18:40:00,1781116800,526.28813153,532.14390531,521.63822174,524.71616132,
2026-06-10 18:41:00,1781116860,524.71616132,529.70779814,515.00492546,515.03512848,
2026-06-10 18:42:00,1781116920,515.03512848,533.4724909,515.03512848,516.48109365,
2026-06-10 18:43:00,1781116980,516.48109365,527.49294464,509.29276013,509.29276013,
2026-06-10 18:44:00,1781117040,509.29276013,519.80656591,503.32767714,515.97764928,
2026-06-10 18:45:00,1781117100,515.97764928,521.12028175,504.07100448,510.21447884,
2026-06-10 18:46:00,1781117160,510.21447884,513.64841772,496.31720991,503.18602645,
2026-06-10 18:47:00,1781117220,503.18602645,506.48379915,499.14856316,502.39363934,
2026-06-10 18:48:00,1781117280,502.39363934,526.31218802,502.32665441,517.4597128,
2026-06-10 18:49:00,1781117340,517.4597128,530.75218583,511.13449703,513.96013746,
2026-06-10 18:50:00,1781117400,513.96013746,514.84344965,452.51525277,472.91319485,
2026-06-10 18:51:00,1781117460,472.91319485,498.99745068,472.91319485,491.22911124,
2026-06-10 18:52:00,1781117520,491.22911124,502.24107442,487.79661586,493.0185514,
2026-06-10 18:53:00,1781117580,493.0185514,520.07387878,492.55430294,513.57413199,
2026-06-10 18:54:00,1781117640,513.57413199,530.48429839,506.42921428,525.65227332,
2026-06-10 18:55:00,1781117700,525.65227332,525.65227332,498.02595576,500.20041292,
2026-06-10 18:56:00,1781117760,500.20041292,509.83194697,491.32140664,507.12177523,
2026-06-10 18:57:00,1781117820,507.12177523,540.64131507,507.11998286,536.11284924,
2026-06-10 18:58:00,1781117880,536.11284924,536.11284924,527.08232748,528.17455362,
2026-06-10 18:59:00,1781117940,528.17455362,533.70590279,524.71214024,532.46305045,
2026-06-10 19:00:00,1781118000,532.46305045,540.32169037,525.01338179,525.01338179,
2026-06-10 19:01:00,1781118060,525.01338179,543.41865967,525.01338179,528.65178279,
2026-06-10 19:02:00,1781118120,528.65178279,529.03737423,500.36903798,517.84089772,
2026-06-10 19:03:00,1781118180,517.84089772,527.43412572,510.87950605,522.19546768,
2026-06-10 19:04:00,1781118240,522.19546768,523.79348147,497.96018067,506.67252588,
2026-06-10 19:05:00,1781118300,506.67252588,506.77479783,478.41726677,491.61592762,
2026-06-10 19:06:00,1781118360,491.61592762,515.29003059,491.31352637,511.78265238,
2026-06-10 19:07:00,1781118420,511.78265238,537.9898748,511.74824526,536.80682049,
2026-06-10 19:08:00,1781118480,536.80682049,549.41058347,531.33882804,544.34198395,
2026-06-10 19:09:00,1781118540,544.34198395,544.70653118,532.92222272,542.43567141,
2026-06-10 19:10:00,1781118600,542.43567141,543.579128,513.99159795,522.28861747,
2026-06-10 19:11:00,1781118660,522.28861747,523.01615751,492.4224557,492.62370649,
2026-06-10 19:12:00,1781118720,492.62370649,493.72631355,478.29950095,492.50264034,
2026-06-10 19:13:00,1781118780,492.50264034,498.90898876,484.81523728,485.79021943,
2026-06-10 19:14:00,1781118840,485.79021943,488.35265298,474.37266382,480.08956343,
2026-06-10 19:15:00,1781118900,480.08956343,499.56653316,471.07658323,495.51434112,
2026-06-10 19:16:00,1781118960,495.51434112,503.58960999,491.65887311,498.31028049,
2026-06-10 19:17:00,1781119020,498.31028049,500.81556694,458.10850222,459.73502875,
2026-06-10 19:18:00,1781119080,459.73502875,478.59401186,456.96186796,477.03610261,
2026-06-10 19:19:00,1781119140,477.03610261,484.26608064,463.57130829,471.46931927,
2026-06-10 19:20:00,1781119200,471.46931927,479.8876791,464.36735684,465.20624242,
2026-06-10 19:21:00,1781119260,465.20624242,472.07835617,457.46656679,468.42063355,
2026-06-10 19:22:00,1781119320,468.42063355,477.10509682,464.43301295,466.98733958,
2026-06-10 19:23:00,1781119380,466.98733958,466.98733958,454.42248157,459.40288263,
2026-06-10 19:24:00,1781119440,459.40288263,478.86138273,458.15677431,478.86138273,
2026-06-10 19:25:00,1781119500,478.86138273,504.45030827,476.58333134,492.51210067,
2026-06-10 19:26:00,1781119560,492.51210067,498.65940264,471.39261183,472.41376305,
2026-06-10 19:27:00,1781119620,472.41376305,478.84773212,466.67108581,472.58718266,
2026-06-10 19:28:00,1781119680,472.58718266,494.27890185,470.21259196,486.67317181,
2026-06-10 19:29:00,1781119740,486.67317181,498.39154961,484.65393732,491.73173639,
2026-06-10 19:30:00,1781119800,491.73173639,516.83675585,490.57646918,511.50116019,
2026-06-10 19:31:00,1781119860,511.50116019,528.7881531,507.05291547,507.05291547,
2026-06-10 19:32:00,1781119920,507.05291547,523.96109932,505.64717801,521.04592268,
2026-06-10 19:33:00,1781119980,521.04592268,532.94447707,519.70785285,529.77569384,
2026-06-10 19:34:00,1781120040,529.77569384,550.87714881,529.77569384,549.02342402,
2026-06-10 19:35:00,1781120100,549.02342402,556.53820076,535.253609,549.86477167,
2026-06-10 19:36:00,1781120160,549.86477167,549.86477167,532.5945931,538.95061968,
2026-06-10 19:37:00,1781120220,538.95061968,563.84634208,538.9435166,555.24266589,
2026-06-10 19:38:00,1781120280,555.24266589,573.43398886,553.31837028,570.78258977,
2026-06-10 19:39:00,1781120340,570.78258977,592.64959487,562.87017764,563.89615926,
2026-06-10 19:40:00,1781120400,563.89615926,580.16955014,549.55040274,559.8142962,
2026-06-10 19:41:00,1781120460,559.8142962,568.98422373,545.49234863,567.64829221,
2026-06-10 19:42:00,1781120520,567.64829221,569.80986147,558.57327039,560.77384155,
2026-06-10 19:43:00,1781120580,560.77384155,575.26673103,552.59340788,567.74778844,
2026-06-10 19:44:00,1781120640,567.74778844,576.18870658,565.61367925,573.22342624,
2026-06-10 19:45:00,1781120700,573.22342624,580.33762233,565.40058615,568.48748123,
2026-06-10 19:46:00,1781120760,568.48748123,568.48748123,538.36495391,563.78221257,
2026-06-10 19:47:00,1781120820,563.78221257,564.37078276,544.42089989,544.45330998,
2026-06-10 19:48:00,1781120880,544.45330998,548.31424633,529.61744707,531.14815899,
2026-06-10 19:49:00,1781120940,531.14815899,555.32014731,531.14815899,555.17196709,
2026-06-10 19:50:00,1781121000,555.17196709,557.78282055,505.67523004,554.5250946,
2026-06-10 19:51:00,1781121060,554.5250946,557.59163171,533.42422943,554.81861871,
2026-06-10 19:52:00,1781121120,554.81861871,560.6334981,543.91656876,547.15895635,
2026-06-10 19:53:00,1781121180,547.15895635,568.25272639,547.15895635,567.37735574,
2026-06-10 19:54:00,1781121240,567.37735574,569.95647591,537.05394036,552.7062804,
2026-06-10 19:55:00,1781121300,552.7062804,563.20262964,542.54742858,562.98616371,
2026-06-10 19:56:00,1781121360,562.98616371,579.06920808,558.8630997,568.33325934,
2026-06-10 19:57:00,1781121420,568.33325934,584.17183256,563.82809954,576.00339318,
2026-06-10 19:58:00,1781121480,576.00339318,576.00339318,558.32331449,572.22508831,
2026-06-10 19:59:00,1781121540,572.22508831,572.22508831,538.41808822,543.01852352,
2026-06-10 20:00:00,1781121600,543.01852352,547.20548667,525.18302875,528.08237208,
2026-06-10 20:01:00,1781121660,528.08237208,528.08237208,495.05311317,495.05311317,
2026-06-10 20:02:00,1781121720,495.05311317,518.47471647,491.08817247,508.3012812,
2026-06-10 20:03:00,1781121780,508.3012812,535.34971721,505.76252708,527.81321745,
2026-06-10 20:04:00,1781121840,527.81321745,527.81321745,503.45592693,510.88445644,
2026-06-10 20:05:00,1781121900,510.88445644,514.19865812,480.86862361,495.46571743,
2026-06-10 20:06:00,1781121960,495.46571743,515.26554281,484.85066558,486.50996398,
2026-06-10 20:07:00,1781122020,486.50996398,486.50996398,475.09564277,484.6187441,
2026-06-10 20:08:00,1781122080,484.6187441,493.08993484,483.64529421,483.74505883,
2026-06-10 20:09:00,1781122140,483.74505883,483.74505883,455.94848014,479.9887612,
2026-06-10 20:10:00,1781122200,479.9887612,491.4635231,476.42524019,490.19025606,
2026-06-10 20:11:00,1781122260,490.19025606,498.07855997,488.87761528,494.65287438,
2026-06-10 20:12:00,1781122320,494.65287438,501.50153311,492.66253942,494.81849747,
2026-06-10 20:13:00,1781122380,494.81849747,505.68268491,485.72648878,496.30110486,
2026-06-10 20:14:00,1781122440,496.30110486,499.8899349,490.97709203,495.62900803,
2026-06-10 20:15:00,1781122500,495.62900803,509.14055786,492.15027361,499.45550847,
2026-06-10 20:16:00,1781122560,499.45550847,503.98582697,480.17715751,484.92196831,
2026-06-10 20:17:00,1781122620,484.92196831,494.69379706,471.48041448,489.39291627,
2026-06-10 20:18:00,1781122680,489.39291627,508.25717972,487.53697477,501.18540903,
2026-06-10 20:19:00,1781122740,501.18540903,507.94335685,498.89153001,499.19606916,
2026-06-10 20:20:00,1781122800,499.19606916,499.19606916,470.23398969,479.81292557,
2026-06-10 20:21:00,1781122860,479.81292557,496.71540432,472.79676564,476.61045868,
2026-06-10 20:22:00,1781122920,476.61045868,527.0566136,476.28037855,525.8087609,
2026-06-10 20:23:00,1781122980,525.8087609,537.80671206,504.8202468,511.69258984,
2026-06-10 20:24:00,1781123040,511.69258984,539.98069361,511.43870622,534.98851758,
2026-06-10 20:25:00,1781123100,534.98851758,538.63806345,528.22658667,536.24298799,
2026-06-10 20:26:00,1781123160,536.24298799,536.24298799,524.11966058,528.4692114,
2026-06-10 20:27:00,1781123220,528.4692114,528.4692114,520.03706418,524.45131797,
2026-06-10 20:28:00,1781123280,524.45131797,526.81044656,518.54407843,524.83992781,
2026-06-10 20:29:00,1781123340,524.83992781,530.13163995,523.1171237,527.73671133,
2026-06-10 20:30:00,1781123400,527.73671133,527.77214004,500.50273063,504.58802254,
2026-06-10 20:31:00,1781123460,504.58802254,511.65101848,499.31901545,502.45362673,
2026-06-10 20:32:00,1781123520,502.45362673,514.18480364,491.13793819,509.54034801,
2026-06-10 20:33:00,1781123580,509.54034801,523.78356526,509.53853915,523.27221315,
2026-06-10 20:34:00,1781123640,523.27221315,532.16505438,522.2092578,526.80544393,
2026-06-10 20:35:00,1781123700,526.80544393,530.07490242,517.67171412,519.47749977,
2026-06-10 20:36:00,1781123760,519.47749977,520.69410103,513.55510855,514.33414812,
2026-06-10 20:37:00,1781123820,514.33414812,528.15452031,514.29756162,527.68996888,
2026-06-10 20:38:00,1781123880,527.68996888,532.79514525,515.38726972,515.69891567,
2026-06-10 20:39:00,1781123940,515.69891567,524.89576692,510.2838502,510.93890129,
2026-06-10 20:40:00,1781124000,510.93890129,513.2823903,505.33039952,509.95469052,
2026-06-10 20:41:00,1781124060,509.95469052,516.88997172,509.31334951,513.01768732,
2026-06-10 20:42:00,1781124120,513.01768732,513.01768732,501.36905685,502.22924279,
2026-06-10 20:43:00,1781124180,502.22924279,512.70761317,494.82722866,500.82391617,
2026-06-10 20:44:00,1781124240,500.82391617,505.84448857,485.4672622,485.8701392,
2026-06-10 20:45:00,1781124300,485.8701392,496.39799356,480.0327319,480.46234805,
2026-06-10 20:46:00,1781124360,480.46234805,480.46234805,465.07655943,473.29527665,
2026-06-10 20:47:00,1781124420,473.29527665,477.1608487,464.92039721,476.18541308,
2026-06-10 20:48:00,1781124480,476.18541308,482.1351791,467.27532006,481.06693384,
2026-06-10 20:49:00,1781124540,481.06693384,488.38922749,478.89529685,488.21748328,
2026-06-10 20:50:00,1781124600,488.21748328,499.21538583,468.35180482,471.64188762,
2026-06-10 20:51:00,1781124660,471.64188762,478.36997556,458.84268043,477.57702995,
2026-06-10 20:52:00,1781124720,477.57702995,482.58827878,471.82050551,474.96675454,
2026-06-10 20:53:00,1781124780,474.96675454,475.13163906,456.47071242,464.14048623,
2026-06-10 20:54:00,1781124840,464.14048623,476.81324738,462.21818547,476.44795064,
2026-06-10 20:55:00,1781124900,476.44795064,479.72911908,457.0087963,457.12292376,
2026-06-10 20:56:00,1781124960,457.12292376,462.30882355,455.9294628,462.27643014,
2026-06-10 20:57:00,1781125020,462.27643014,462.27643014,454.91624421,458.22731019,
2026-06-10 20:58:00,1781125080,458.22731019,486.90338336,458.22731019,480.95776062,
2026-06-10 20:59:00,1781125140,480.95776062,488.30189663,478.34772645,485.47491536,
2026-06-10 21:00:00,1781125200,485.47491536,485.50487756,465.30534015,468.04957588,
2026-06-10 21:01:00,1781125260,468.04957588,480.40474646,468.04780033,476.89851067,
2026-06-10 21:02:00,1781125320,476.89851067,480.66510725,469.45033435,470.42097687,
2026-06-10 21:03:00,1781125380,470.42097687,481.319397,470.31728199,475.56811697,
2026-06-10 21:04:00,1781125440,475.56811697,476.20646048,466.43167882,466.92879785,
2026-06-10 21:05:00,1781125500,466.92879785,466.92879785,441.05417929,450.21076304,
2026-06-10 21:06:00,1781125560,450.21076304,457.72290781,439.09778478,439.41201584,
2026-06-10 21:07:00,1781125620,439.41201584,445.13518617,435.20532749,435.58040437,
2026-06-10 21:08:00,1781125680,435.58040437,437.62824199,429.47294803,431.52623646,
2026-06-10 21:09:00,1781125740,431.52623646,436.57550825,426.9882699,428.35732669,
2026-06-10 21:10:00,1781125800,428.35732669,430.22996219,399.91558406,416.57024483,
2026-06-10 21:11:00,1781125860,416.57024483,420.87853101,402.66886812,408.86393089,
2026-06-10 21:12:00,1781125920,408.86393089,423.2912325,401.54888618,401.60692637,
2026-06-10 21:13:00,1781125980,401.60692637,415.56166313,401.60692637,414.94087328,
2026-06-10 21:14:00,1781126040,414.94087328,415.89063503,407.59268825,415.8889082,
2026-06-10 21:15:00,1781126100,415.8889082,439.80969331,415.8889082,438.29218486,
2026-06-10 21:16:00,1781126160,438.29218486,452.60064836,438.29218486,452.06703257,
2026-06-10 21:17:00,1781126220,452.06703257,461.00368313,446.94101052,447.54069313,
2026-06-10 21:18:00,1781126280,447.54069313,447.70899084,418.96729685,428.5194765,
2026-06-10 21:19:00,1781126340,428.5194765,445.71104199,425.53288315,437.32270785,
2026-06-10 21:20:00,1781126400,437.32270785,437.32270785,421.85060611,433.12416209,
2026-06-10 21:21:00,1781126460,433.12416209,433.5581927,420.79540905,426.34875761,
2026-06-10 21:22:00,1781126520,426.34875761,445.000186,425.87687377,444.84414323,
2026-06-10 21:23:00,1781126580,444.84414323,452.09486707,431.47264703,433.51839539,
2026-06-10 21:24:00,1781126640,433.51839539,435.15705715,414.02059289,415.96402508,
2026-06-10 21:25:00,1781126700,415.96402508,425.04507325,414.1403746,424.23136988,
2026-06-10 21:26:00,1781126760,424.23136988,427.135939,421.10854412,425.70416561,
2026-06-10 21:27:00,1781126820,425.70416561,438.26717776,422.91003113,423.43660704,
2026-06-10 21:28:00,1781126880,423.43660704,433.83020871,422.57651136,422.57651136,
2026-06-10 21:29:00,1781126940,422.57651136,430.83812332,421.68168453,423.93661187,
2026-06-10 21:30:00,1781127000,423.93661187,449.58921131,421.8302211,441.82440568,
2026-06-10 21:31:00,1781127060,441.82440568,447.46228413,441.27555768,446.94384355,
2026-06-10 21:32:00,1781127120,446.94384355,461.74867477,442.95955473,458.3199143,
2026-06-10 21:33:00,1781127180,458.3199143,466.61410562,456.05977494,466.61410562,
2026-06-10 21:34:00,1781127240,466.61410562,467.7886811,451.83111571,460.14294638,
2026-06-10 21:35:00,1781127300,460.14294638,464.54651861,438.91235344,446.49962446,
2026-06-10 21:36:00,1781127360,446.49962446,447.30263603,438.99487076,443.92564295,
2026-06-10 21:37:00,1781127420,443.92564295,445.9529796,438.8207405,445.30771573,
2026-06-10 21:38:00,1781127480,445.30771573,446.0349758,436.36131405,443.18315775,
2026-06-10 21:39:00,1781127540,443.18315775,443.2126841,428.51245835,428.51245835,
2026-06-10 21:40:00,1781127600,428.51245835,436.15898293,426.62086435,436.12806594,
2026-06-10 21:41:00,1781127660,436.12806594,442.07216804,435.96135432,441.35153521,
2026-06-10 21:42:00,1781127720,441.35153521,443.93149427,437.18680841,443.86717183,
2026-06-10 21:43:00,1781127780,443.86717183,454.74472129,441.60658244,445.01575778,
2026-06-10 21:44:00,1781127840,445.01575778,455.56330167,444.57176606,455.18751027,
2026-06-10 21:45:00,1781127900,455.18751027,456.73741503,441.52271348,441.52271348,
2026-06-10 21:46:00,1781127960,441.52271348,451.18285015,439.35607674,449.58549034,
2026-06-10 21:47:00,1781128020,449.58549034,449.61531653,439.72783872,448.21682295,
2026-06-10 21:48:00,1781128080,448.21682295,453.21752371,448.02668614,450.67439433,
2026-06-10 21:49:00,1781128140,450.67439433,450.67439433,385.99121565,390.10527474,
2026-06-10 21:50:00,1781128200,390.10527474,390.10527474,324.65737702,367.67824979,
2026-06-10 21:51:00,1781128260,367.67824979,367.73252759,326.49595265,328.77733789,
2026-06-10 21:52:00,1781128320,328.77733789,344.02147344,325.96650488,338.01370507,
2026-06-10 21:53:00,1781128380,338.01370507,353.40250475,332.16146852,335.85653059,
2026-06-10 21:54:00,1781128440,335.85653059,348.12281725,335.85653059,343.37129507,
2026-06-10 21:55:00,1781128500,343.37129507,353.87889327,339.91460099,345.77754748,
2026-06-10 21:56:00,1781128560,345.77754748,361.0879299,345.02796391,361.06039921,
2026-06-10 21:57:00,1781128620,361.06039921,364.97298437,336.20662638,338.56344124,
2026-06-10 21:58:00,1781128680,338.56344124,358.38596364,330.53966704,358.38596364,
2026-06-10 21:59:00,1781128740,358.38596364,379.99504133,356.8047505,377.41091252,
2026-06-10 22:00:00,1781128800,377.41091252,380.39648551,344.89435316,359.65564727,
2026-06-10 22:01:00,1781128860,359.65564727,364.06311948,346.76617962,347.42820121,
2026-06-10 22:02:00,1781128920,347.42820121,354.60700071,336.35696442,336.35696442,
2026-06-10 22:03:00,1781128980,336.35696442,357.36823401,334.15244605,351.79161737,
2026-06-10 22:04:00,1781129040,351.79161737,351.79161737,335.73862333,339.29144716,
2026-06-10 22:05:00,1781129100,339.29144716,356.12442317,338.09741992,341.8950964,
2026-06-10 22:06:00,1781129160,341.8950964,362.28518622,338.99839808,356.7112922,
2026-06-10 22:07:00,1781129220,356.7112922,366.21445872,352.60566806,364.76397385,
2026-06-10 22:08:00,1781129280,364.76397385,369.50043098,359.96222835,368.83554214,
2026-06-10 22:09:00,1781129340,368.83554214,369.53137233,364.31091379,368.02476382,
2026-06-10 22:10:00,1781129400,368.02476382,384.24370641,368.02476382,379.83589118,
2026-06-10 22:11:00,1781129460,379.83589118,383.48223903,356.91676757,356.91676757,
2026-06-10 22:12:00,1781129520,356.91676757,378.30754529,352.94885949,367.80896928,
2026-06-10 22:13:00,1781129580,367.80896928,370.28539173,353.91166013,359.8428463,
2026-06-10 22:14:00,1781129640,359.8428463,364.71404662,356.49518464,364.34354088,
2026-06-10 22:15:00,1781129700,364.34354088,364.34354088,343.72042603,346.72574372,
2026-06-10 22:16:00,1781129760,346.72574372,353.18571813,341.97586753,345.55355368,
2026-06-10 22:17:00,1781129820,345.55355368,347.21092091,334.09657311,336.68215113,
2026-06-10 22:18:00,1781129880,336.68215113,346.2143329,335.38731675,344.56978085,
2026-06-10 22:19:00,1781129940,344.56978085,372.30092808,338.44628613,338.84206571,
2026-06-10 22:20:00,1781130000,338.84206571,347.68283268,332.879635,341.9825892,
2026-06-10 22:21:00,1781130060,341.9825892,378.69356157,341.93114539,374.19713969,
2026-06-10 22:22:00,1781130120,374.19713969,376.86912945,359.29170142,363.12443096,
2026-06-10 22:23:00,1781130180,363.12443096,368.41749039,356.56355419,367.78097594,
2026-06-10 22:24:00,1781130240,367.78097594,378.14449589,352.06746494,377.35562692,
2026-06-10 22:25:00,1781130300,377.35562692,392.93936637,366.97726981,391.47555936,
2026-06-10 22:26:00,1781130360,391.47555936,391.47555936,371.36278118,376.2714987,
2026-06-10 22:27:00,1781130420,376.2714987,388.47671791,369.85105024,384.41206617,
2026-06-10 22:28:00,1781130480,384.41206617,394.34394985,380.65878674,380.65878674,
2026-06-10 22:29:00,1781130540,380.65878674,380.65878674,362.64865386,369.91150307,
2026-06-10 22:30:00,1781130600,369.91150307,399.84591509,366.25139253,391.35332892,
2026-06-10 22:31:00,1781130660,391.35332892,416.17122666,391.10301661,414.21625373,
2026-06-10 22:32:00,1781130720,414.21625373,418.44729229,400.61355358,407.8798754,
2026-06-10 22:33:00,1781130780,407.8798754,409.98314876,401.61815511,403.02290816,
2026-06-10 22:34:00,1781130840,403.02290816,403.61550456,377.24044866,381.17481839,
2026-06-10 22:35:00,1781130900,381.17481839,401.07903936,380.71308025,400.24729832,
2026-06-10 22:36:00,1781130960,400.24729832,400.35984841,379.52455353,386.269463,
2026-06-10 22:37:00,1781131020,386.269463,404.2445972,382.04339859,396.06904636,
2026-06-10 22:38:00,1781131080,396.06904636,407.1839997,389.43433323,406.22586079,
2026-06-10 22:39:00,1781131140,406.22586079,406.22586079,395.98036126,400.44465398,
2026-06-10 22:40:00,1781131200,400.44465398,418.29104814,396.04140692,414.02510078,
2026-06-10 22:41:00,1781131260,414.02510078,414.08278567,403.75026744,408.94518974,
2026-06-10 22:42:00,1781131320,408.94518974,429.55081659,408.31154174,429.39899058,
2026-06-10 22:43:00,1781131380,429.39899058,454.90928517,429.36750011,446.57323561,
2026-06-10 22:44:00,1781131440,446.57323561,452.70169257,424.04123283,448.85694258,
2026-06-10 22:45:00,1781131500,448.85694258,451.55305815,414.62484362,422.44379266,
2026-06-10 22:46:00,1781131560,422.44379266,431.46630853,413.39099648,430.24029034,
2026-06-10 22:47:00,1781131620,430.24029034,430.24029034,410.6276429,411.46146989,
2026-06-10 22:48:00,1781131680,411.46146989,424.29268257,402.02859959,413.95044017,
2026-06-10 22:49:00,1781131740,413.95044017,413.95044017,398.28163808,405.91937584,
2026-06-10 22:50:00,1781131800,405.91937584,418.40404612,404.88847509,407.31796949,
2026-06-10 22:51:00,1781131860,407.31796949,416.08974031,403.39364433,405.94373921,
2026-06-10 22:52:00,1781131920,405.94373921,417.86131829,404.07704303,407.35929924,
2026-06-10 22:53:00,1781131980,407.35929924,407.38452562,387.12860788,403.07778322,
2026-06-10 22:54:00,1781132040,403.07778322,407.52386558,400.5894712,405.25769002,
2026-06-10 22:55:00,1781132100,405.25769002,412.97682507,396.84767926,398.81945536,
2026-06-10 22:56:00,1781132160,398.81945536,400.83163967,396.76429432,398.31725985,
2026-06-10 22:57:00,1781132220,398.31725985,401.68397134,393.24839333,401.68397134,
2026-06-10 22:58:00,1781132280,401.68397134,402.71071558,393.53103287,395.56366525,
2026-06-10 22:59:00,1781132340,395.56366525,395.59187524,382.14460117,388.68130145,
2026-06-10 23:00:00,1781132400,388.68130145,389.17854878,367.39513761,371.03225353,
2026-06-10 23:01:00,1781132460,371.03225353,383.28776261,371.00538086,377.67473521,
2026-06-10 23:02:00,1781132520,377.67473521,386.22102293,371.62787714,378.99055044,
2026-06-10 23:03:00,1781132580,378.99055044,385.32752367,375.43996081,378.65571838,
2026-06-10 23:04:00,1781132640,378.65571838,382.82716159,374.59569641,379.06453659,
2026-06-10 23:05:00,1781132700,379.06453659,382.95220857,373.47451033,377.73612961,
2026-06-10 23:06:00,1781132760,377.73612961,380.01372207,374.07508707,376.68995794,
2026-06-10 23:07:00,1781132820,376.68995794,381.15804972,368.67289111,380.17581093,
2026-06-10 23:08:00,1781132880,380.17581093,380.21603278,368.2793521,368.69034947,
2026-06-10 23:09:00,1781132940,368.69034947,375.83628263,346.17088327,351.66833511,
2026-06-10 23:10:00,1781133000,351.66833511,352.6031899,341.11543816,348.44555319,
2026-06-10 23:11:00,1781133060,348.44555319,349.45147015,336.86411313,347.41838853,
2026-06-10 23:12:00,1781133120,347.41838853,352.05094989,338.88678234,346.59607188,
2026-06-10 23:13:00,1781133180,346.59607188,351.79467258,342.90609466,344.87809124,
2026-06-10 23:14:00,1781133240,344.87809124,348.1614702,342.33477162,346.05104539,
2026-06-10 23:15:00,1781133300,346.05104539,349.48012945,334.97718225,343.48593388,
2026-06-10 23:16:00,1781133360,343.48593388,346.55287567,335.88640925,346.55287567,
2026-06-10 23:17:00,1781133420,346.55287567,361.00001711,344.90307748,358.77698582,
2026-06-10 23:18:00,1781133480,358.77698582,372.09211607,358.72484181,365.43990369,
2026-06-10 23:19:00,1781133540,365.43990369,400.43181004,360.41086903,389.71666288,
2026-06-10 23:20:00,1781133600,389.71666288,428.01125512,383.38190757,423.97384441,
2026-06-10 23:21:00,1781133660,423.97384441,429.88074476,413.0524592,423.54283194,
2026-06-10 23:22:00,1781133720,423.54283194,432.42452418,418.03160688,427.22856944,
2026-06-10 23:23:00,1781133780,427.22856944,434.1442923,425.39680168,430.16690736,
2026-06-10 23:24:00,1781133840,430.16690736,432.16125084,413.14286405,419.75106281,
2026-06-10 23:25:00,1781133900,419.75106281,437.98630733,412.81302471,414.18035069,
2026-06-10 23:26:00,1781133960,414.18035069,426.55866416,409.72319563,420.00964284,
2026-06-10 23:27:00,1781134020,420.00964284,430.64901216,417.03690693,428.32142028,
2026-06-10 23:28:00,1781134080,428.32142028,432.40226631,421.055275,432.28244479,
2026-06-10 23:29:00,1781134140,432.28244479,449.76269753,431.50048967,441.43982045,
2026-06-10 23:30:00,1781134200,441.43982045,450.5098796,439.38712897,445.18672817,
2026-06-10 23:31:00,1781134260,445.18672817,445.18672817,419.75729416,424.9695246,
2026-06-10 23:32:00,1781134320,424.9695246,433.60372548,414.90244012,430.81033777,
2026-06-10 23:33:00,1781134380,430.81033777,433.65895673,414.22751716,416.17003407,
2026-06-10 23:34:00,1781134440,416.17003407,423.35362415,415.3331006,423.09793231,
2026-06-10 23:35:00,1781134500,423.09793231,437.29112081,423.09609664,430.25594053,
2026-06-10 23:36:00,1781134560,430.25594053,445.40239479,430.25594053,433.39138555,
2026-06-10 23:37:00,1781134620,433.39138555,434.15364487,430.59487277,432.88092985,
2026-06-10 23:38:00,1781134680,432.88092985,432.90916731,421.16010774,424.93477939,
2026-06-10 23:39:00,1781134740,424.93477939,425.43238773,416.69053403,419.20881184,
2026-06-10 23:40:00,1781134800,419.20881184,430.68694274,413.78623546,429.87696117,
2026-06-10 23:41:00,1781134860,429.87696117,440.33419721,427.39012978,437.43510059,
2026-06-10 23:42:00,1781134920,437.43510059,452.85866552,437.09917332,444.13766361,
2026-06-10 23:43:00,1781134980,444.13766361,447.74578503,439.05128181,439.89994741,
2026-06-10 23:44:00,1781135040,439.89994741,439.89994741,430.32153413,431.96441324,
2026-06-10 23:45:00,1781135100,431.96441324,432.2336788,415.96854485,426.64136301,
2026-06-10 23:46:00,1781135160,426.64136301,426.64136301,419.94145466,421.92897574,
2026-06-10 23:47:00,1781135220,421.92897574,428.82267028,416.91741002,428.6621999,
2026-06-10 23:48:00,1781135280,428.6621999,432.36744618,419.22761361,419.26207391,
2026-06-10 23:49:00,1781135340,419.26207391,419.55521334,413.09049216,414.71996889,
2026-06-10 23:50:00,1781135400,414.71996889,418.16289217,409.89059029,415.51723295,
2026-06-10 23:51:00,1781135460,415.51723295,422.8014671,413.51091255,418.67799329,
2026-06-10 23:52:00,1781135520,418.67799329,430.14855244,418.33367553,428.46729896,
2026-06-10 23:53:00,1781135580,428.46729896,440.19643877,427.88867882,431.91214685,
2026-06-10 23:54:00,1781135640,431.91214685,431.91214685,419.19426704,426.65021168,
2026-06-10 23:55:00,1781135700,426.65021168,429.37611649,422.90517622,424.4803481,
2026-06-10 23:56:00,1781135760,424.4803481,425.40143079,417.2879409,420.45117752,
2026-06-10 23:57:00,1781135820,420.45117752,421.62667604,413.74230735,414.35663558,
2026-06-10 23:58:00,1781135880,414.35663558,416.84847781,413.59575755,415.65325589,
2026-06-10 23:59:00,1781135940,415.65325589,422.41757697,412.71567374,412.74501751,
2026-06-11 00:00:00,1781136000,412.74501751,434.65224819,412.74501751,433.09860682,
2026-06-11 00:01:00,1781136060,433.09860682,446.65499927,430.92923975,445.78473585,
2026-06-11 00:02:00,1781136120,445.78473585,459.38968845,445.46038958,448.34725656,
2026-06-11 00:03:00,1781136180,448.34725656,451.22507609,441.444037,441.7314844,
2026-06-11 00:04:00,1781136240,441.7314844,452.63794307,427.23427883,430.69054165,
2026-06-11 00:05:00,1781136300,430.69054165,450.16106823,430.03763192,448.21987101,
2026-06-11 00:06:00,1781136360,448.21987101,453.40887447,435.37380399,448.12103862,
2026-06-11 00:07:00,1781136420,448.12103862,460.18599143,447.73283719,452.1465595,
2026-06-11 00:08:00,1781136480,452.1465595,452.1465595,435.60026893,444.33569869,
2026-06-11 00:09:00,1781136540,444.33569869,444.33569869,426.75579467,437.9035451,
2026-06-11 00:10:00,1781136600,437.9035451,445.46990946,430.14652024,435.73399651,
2026-06-11 00:11:00,1781136660,435.73399651,451.01788347,435.64012874,450.89467793,
2026-06-11 00:12:00,1781136720,450.89467793,451.02133646,438.30540499,450.9838642,
2026-06-11 00:13:00,1781136780,450.9838642,462.61431368,450.44510951,454.08593733,
2026-06-11 00:14:00,1781136840,454.08593733,460.94350069,449.27225862,457.99246902,
2026-06-11 00:15:00,1781136900,457.99246902,490.69145624,457.99246902,484.32225889,
2026-06-11 00:16:00,1781136960,484.32225889,513.89176282,484.32225889,505.08939556,
2026-06-11 00:17:00,1781137020,505.08939556,556.48374333,504.33630993,555.1611776,
2026-06-11 00:18:00,1781137080,555.1611776,555.1611776,503.81416392,513.87270453,
2026-06-11 00:19:00,1781137140,513.87270453,542.82525046,513.45653123,535.40374028,
2026-06-11 00:20:00,1781137200,535.40374028,552.68835034,531.92587245,546.53474894,
2026-06-11 00:21:00,1781137260,546.53474894,561.82526368,538.96760853,552.76650157,
2026-06-11 00:22:00,1781137320,552.76650157,553.52834542,525.55113544,527.96643779,
2026-06-11 00:23:00,1781137380,527.96643779,528.10728754,503.90649367,512.14231623,
2026-06-11 00:24:00,1781137440,512.14231623,515.87050351,496.35565258,515.87050351,
2026-06-11 00:25:00,1781137500,515.87050351,517.90379392,503.47909092,513.95968507,
2026-06-11 00:26:00,1781137560,513.95968507,519.5111764,508.78061334,518.57986392,
2026-06-11 00:27:00,1781137620,518.57986392,521.37196829,498.24266058,501.41697023,
2026-06-11 00:28:00,1781137680,501.41697023,522.77519716,496.73135649,522.77519716,
2026-06-11 00:29:00,1781137740,522.77519716,524.60525852,515.33764392,524.42762632,
2026-06-11 00:30:00,1781137800,524.42762632,528.20769147,512.54028641,514.60206615,
2026-06-11 00:31:00,1781137860,514.60206615,518.1644707,504.77390828,517.29538463,
2026-06-11 00:32:00,1781137920,517.29538463,523.286577,514.2640182,519.30728644,
2026-06-11 00:33:00,1781137980,519.30728644,526.33642949,505.91909315,515.11202377,
2026-06-11 00:34:00,1781138040,515.11202377,523.57096609,500.1009144,500.1009144,
2026-06-11 00:35:00,1781138100,500.1009144,512.44445108,496.08446015,512.34064955,
2026-06-11 00:36:00,1781138160,512.34064955,512.5269758,487.42321596,491.48132319,
2026-06-11 00:37:00,1781138220,491.48132319,504.99420834,488.07849504,503.96742871,
2026-06-11 00:38:00,1781138280,503.96742871,505.9390647,489.08989257,492.97091426,
2026-06-11 00:39:00,1781138340,492.97091426,493.33961306,483.52748055,488.96769384,
2026-06-11 00:40:00,1781138400,488.96769384,491.00732082,485.21213182,488.78537785,
2026-06-11 00:41:00,1781138460,488.78537785,503.03404355,485.80192108,501.65692237,
2026-06-11 00:42:00,1781138520,501.65692237,520.96076773,501.65692237,516.38142152,
2026-06-11 00:43:00,1781138580,516.38142152,521.86509615,504.62314485,504.72592648,
2026-06-11 00:44:00,1781138640,504.72592648,504.72592648,484.91698708,485.29874576,
2026-06-11 00:45:00,1781138700,485.29874576,512.05037991,485.29874576,507.50164211,
2026-06-11 00:46:00,1781138760,507.50164211,530.55558793,505.27627684,529.84292265,
2026-06-11 00:47:00,1781138820,529.84292265,537.57629395,510.50596855,513.51478872,
2026-06-11 00:48:00,1781138880,513.51478872,531.21166808,513.06348939,530.31240315,
2026-06-11 00:49:00,1781138940,530.31240315,530.31240315,521.61008838,527.21560556,
2026-06-11 00:50:00,1781139000,527.21560556,527.25096535,515.80996237,519.48133785,
2026-06-11 00:51:00,1781139060,519.48133785,522.14717767,505.77747759,513.94454071,
2026-06-11 00:52:00,1781139120,513.94454071,530.48999949,513.94454071,523.49556295,
2026-06-11 00:53:00,1781139180,523.49556295,524.40714965,510.6412375,511.03409543,
2026-06-11 00:54:00,1781139240,511.03409543,511.03409543,490.5500792,495.93509806,
2026-06-11 00:55:00,1781139300,495.93509806,505.99738674,490.86421711,500.99250483,
2026-06-11 00:56:00,1781139360,500.99250483,502.4499522,491.9729037,496.65145742,
2026-06-11 00:57:00,1781139420,496.65145742,500.66104518,495.08723733,499.90853197,
2026-06-11 00:58:00,1781139480,499.90853197,509.89555771,498.84086391,507.85480616,
2026-06-11 00:59:00,1781139540,507.85480616,516.26007632,492.0868735,492.41524175,
2026-06-11 01:00:00,1781139600,492.41524175,509.99953079,492.10950302,497.52883514,
2026-06-11 01:01:00,1781139660,497.52883514,528.13296621,497.42485395,527.08058676,
2026-06-11 01:02:00,1781139720,527.08058676,535.54349032,523.02808653,523.55297309,
2026-06-11 01:03:00,1781139780,523.55297309,529.35910716,517.83527715,521.59675,
2026-06-11 01:04:00,1781139840,521.59675,554.21938271,519.615986,541.5742337,
2026-06-11 01:05:00,1781139900,541.5742337,558.62160128,530.83551204,550.97855258,
2026-06-11 01:06:00,1781139960,550.97855258,555.98922404,539.37117846,539.37571344,
2026-06-11 01:07:00,1781140020,539.37571344,539.37571344,521.34375971,530.88223417,
2026-06-11 01:08:00,1781140080,530.88223417,536.61717955,522.30115825,536.35905693,
2026-06-11 01:09:00,1781140140,536.35905693,539.34384064,521.70257076,524.64293282,
2026-06-11 01:10:00,1781140200,524.64293282,544.15924632,524.64293282,539.25008812,
2026-06-11 01:11:00,1781140260,539.25008812,545.64811941,536.54251053,541.12342349,
2026-06-11 01:12:00,1781140320,541.12342349,555.90940312,538.69580891,550.96522179,
2026-06-11 01:13:00,1781140380,550.96522179,591.28190046,546.42513832,588.16650262,
2026-06-11 01:14:00,1781140440,588.16650262,597.6223556,567.72330696,567.98317947,
2026-06-11 01:15:00,1781140500,567.98317947,588.77650283,559.22595345,570.32696402,
2026-06-11 01:16:00,1781140560,570.32696402,622.42912412,567.207242,615.2005619,
2026-06-11 01:17:00,1781140620,615.2005619,617.57127453,584.66273122,598.88840079,
2026-06-11 01:18:00,1781140680,598.88840079,605.76656458,590.96939348,600.18282681,
2026-06-11 01:19:00,1781140740,600.18282681,637.40707491,600.18282681,631.71110917,
2026-06-11 01:20:00,1781140800,631.71110917,631.71110917,601.13316913,603.86393629,
2026-06-11 01:21:00,1781140860,603.86393629,625.89007443,602.41348803,620.57683666,
2026-06-11 01:22:00,1781140920,620.57683666,626.37247848,596.52099403,601.6330774,
2026-06-11 01:23:00,1781140980,601.6330774,626.94785939,601.6330774,626.16762732,
2026-06-11 01:24:00,1781141040,626.16762732,631.96480481,618.39320275,624.26189662,
2026-06-11 01:25:00,1781141100,624.26189662,633.20763011,617.81359243,628.3953573,
2026-06-11 01:26:00,1781141160,628.3953573,647.75294569,618.20278179,619.18559197,
2026-06-11 01:27:00,1781141220,619.18559197,621.85470206,603.20114355,621.05945274,
2026-06-11 01:28:00,1781141280,621.05945274,624.39705661,614.3494947,615.46759634,
2026-06-11 01:29:00,1781141340,615.46759634,626.93047178,609.21207389,625.87425357,
2026-06-11 01:30:00,1781141400,625.87425357,636.03720175,621.91105116,623.04509994,
2026-06-11 01:31:00,1781141460,623.04509994,623.04509994,603.07342199,604.5862284,
2026-06-11 01:32:00,1781141520,604.5862284,634.09338069,604.58417689,634.05105568,
2026-06-11 01:33:00,1781141580,634.05105568,634.97323359,609.14641639,615.02997228,
2026-06-11 01:34:00,1781141640,615.02997228,629.61983502,612.1979969,628.29682901,
2026-06-11 01:35:00,1781141700,628.29682901,628.41674467,610.96847131,618.77853635,
2026-06-11 01:36:00,1781141760,618.77853635,618.77853635,598.34201975,598.41517417,
2026-06-11 01:37:00,1781141820,598.41517417,607.28201522,594.76055133,601.5057715,
2026-06-11 01:38:00,1781141880,601.5057715,647.99848212,601.5057715,647.99848212,
2026-06-11 01:39:00,1781141940,647.99848212,668.71774791,646.54342596,659.91426365,
2026-06-11 01:40:00,1781142000,659.91426365,659.91426365,648.03943891,648.69289025,
2026-06-11 01:41:00,1781142060,648.69289025,706.76327607,648.69289025,703.8216725,
2026-06-11 01:42:00,1781142120,703.8216725,703.8216725,671.03231459,676.23840364,
2026-06-11 01:43:00,1781142180,676.23840364,686.71521815,671.00389189,677.55690137,
2026-06-11 01:44:00,1781142240,677.55690137,677.55690137,651.53257263,657.80394884,
2026-06-11 01:45:00,1781142300,657.80394884,660.15634378,648.63263577,648.91803353,
2026-06-11 01:46:00,1781142360,648.91803353,672.73585074,646.79126453,664.99069442,
2026-06-11 01:47:00,1781142420,664.99069442,674.07500187,658.57100173,660.34557749,
2026-06-11 01:48:00,1781142480,660.34557749,664.2979346,644.97585707,645.05744349,
2026-06-11 01:49:00,1781142540,645.05744349,669.22427963,643.99735956,661.11689973,
2026-06-11 01:50:00,1781142600,661.11689973,661.19984966,634.63595819,645.69960316,
2026-06-11 01:51:00,1781142660,645.69960316,666.35397795,645.53630224,660.09847366,
2026-06-11 01:52:00,1781142720,660.09847366,671.10599493,651.75004806,654.14017622,
2026-06-11 01:53:00,1781142780,654.14017622,662.28862481,651.60756779,655.67235616,
2026-06-11 01:54:00,1781142840,655.67235616,661.27720193,639.9546621,640.42978395,
2026-06-11 01:55:00,1781142900,640.42978395,640.83333524,623.14666643,625.61442144,
2026-06-11 01:56:00,1781142960,625.61442144,636.7667238,623.20658075,635.74931238,
2026-06-11 01:57:00,1781143020,635.74931238,645.1630784,633.48146838,642.34810261,
2026-06-11 01:58:00,1781143080,642.34810261,648.66964223,637.76421604,645.80010824,
2026-06-11 01:59:00,1781143140,645.80010824,656.42247802,631.61152188,632.43293662,
2026-06-11 02:00:00,1781143200,632.43293662,644.83512108,632.43293662,636.58685888,
2026-06-11 02:01:00,1781143260,636.58685888,645.2277944,620.34585509,645.2277944,
2026-06-11 02:02:00,1781143320,645.2277944,660.19811485,632.13872433,632.21745542,
2026-06-11 02:03:00,1781143380,632.21745542,642.04758981,624.6534188,638.9006366,
2026-06-11 02:04:00,1781143440,638.9006366,656.66566113,636.74471753,652.47552069,
2026-06-11 02:05:00,1781143500,652.47552069,655.74195215,630.67464838,636.44778084,
2026-06-11 02:06:00,1781143560,636.44778084,641.83849979,617.78280375,619.14320161,
2026-06-11 02:07:00,1781143620,619.14320161,621.05202411,610.68661332,612.94236657,
2026-06-11 02:08:00,1781143680,612.94236657,618.02320872,604.64827696,604.82278996,
2026-06-11 02:09:00,1781143740,604.82278996,613.19087731,602.80933756,611.69522721,
2026-06-11 02:10:00,1781143800,611.69522721,611.69522721,598.88255099,601.27678409,
2026-06-11 02:11:00,1781143860,601.27678409,602.59359326,591.29585577,591.63077029,
2026-06-11 02:12:00,1781143920,591.63077029,603.08523587,587.05958279,599.32942553,
2026-06-11 02:13:00,1781143980,599.32942553,610.19068911,598.73513721,604.05624251,
2026-06-11 02:14:00,1781144040,604.05624251,616.96945138,598.99012835,610.32871049,
2026-06-11 02:15:00,1781144100,610.32871049,622.09625657,610.23810917,615.33323646,
2026-06-11 02:16:00,1781144160,615.33323646,632.54301912,597.76400537,631.01056324,
2026-06-11 02:17:00,1781144220,631.01056324,646.40075283,625.57609825,646.1608456,
2026-06-11 02:18:00,1781144280,646.1608456,664.24654974,643.86644819,652.7899801,
2026-06-11 02:19:00,1781144340,652.7899801,663.94102643,645.21701448,659.51513676,
2026-06-11 02:20:00,1781144400,659.51513676,661.73792389,624.06997866,631.60540595,
2026-06-11 02:21:00,1781144460,631.60540595,631.78803184,590.8371612,593.91616265,
2026-06-11 02:22:00,1781144520,593.91616265,593.91616265,568.3401481,570.75971578,
2026-06-11 02:23:00,1781144580,570.75971578,585.18988735,568.79966378,575.51264347,
2026-06-11 02:24:00,1781144640,575.51264347,581.99240191,569.91131129,581.99240191,
2026-06-11 02:25:00,1781144700,581.99240191,584.59930559,574.06230279,578.61710569,
2026-06-11 02:26:00,1781144760,578.61710569,601.64620512,575.00132097,601.36756877,
2026-06-11 02:27:00,1781144820,601.36756877,606.35586411,578.38531235,578.38531235,
2026-06-11 02:28:00,1781144880,578.38531235,578.7592096,567.78005093,567.78005093,
2026-06-11 02:29:00,1781144940,567.78005093,567.78005093,561.87735509,566.86958038,
2026-06-11 02:30:00,1781145000,566.86958038,578.16172768,558.36026202,561.72035445,
2026-06-11 02:31:00,1781145060,561.72035445,565.52783816,537.25376139,537.47029794,
2026-06-11 02:32:00,1781145120,537.47029794,539.00852878,529.60106733,531.52372123,
2026-06-11 02:33:00,1781145180,531.52372123,545.55108137,531.52372123,540.24475008,
2026-06-11 02:34:00,1781145240,540.24475008,540.75484861,519.7851993,532.74527418,
2026-06-11 02:35:00,1781145300,532.74527418,544.37776136,529.53391119,538.889973,
2026-06-11 02:36:00,1781145360,538.889973,557.05990005,538.889973,555.7143178,
2026-06-11 02:37:00,1781145420,555.7143178,564.48186545,553.96626309,555.4165263,
2026-06-11 02:38:00,1781145480,555.4165263,558.4706657,549.21384005,556.49889363,
2026-06-11 02:39:00,1781145540,556.49889363,573.82305622,554.76812167,562.78122317,
2026-06-11 02:40:00,1781145600,562.78122317,583.84666347,562.29369894,573.99264712,
2026-06-11 02:41:00,1781145660,573.99264712,576.67048684,569.23329917,575.98873747,
2026-06-11 02:42:00,1781145720,575.98873747,576.17938935,559.00316621,561.85291222,
2026-06-11 02:43:00,1781145780,561.85291222,574.40237297,561.71863733,571.34103448,
2026-06-11 02:44:00,1781145840,571.34103448,573.67170852,562.77465595,566.26750069,
2026-06-11 02:45:00,1781145900,566.26750069,566.8270066,554.93608141,562.04695739,
2026-06-11 02:46:00,1781145960,562.04695739,564.84873407,548.13139059,550.08414572,
2026-06-11 02:47:00,1781146020,550.08414572,555.43449977,546.09636953,548.91530618,
2026-06-11 02:48:00,1781146080,548.91530618,553.03177399,545.06638435,546.39667466,
2026-06-11 02:49:00,1781146140,546.39667466,546.82478901,540.69621277,544.58694306,
2026-06-11 02:50:00,1781146200,544.58694306,574.11781828,544.28869276,570.28044525,
2026-06-11 02:51:00,1781146260,570.28044525,582.2087041,555.68791432,556.87080859,
2026-06-11 02:52:00,1781146320,556.87080859,566.58392911,556.87080859,566.58392911,
2026-06-11 02:53:00,1781146380,566.58392911,579.07195241,563.96998315,574.26286063,
2026-06-11 02:54:00,1781146440,574.26286063,591.84582993,571.17001996,579.73839507,
2026-06-11 02:55:00,1781146500,579.73839507,597.59991249,575.61858289,579.39799811,
2026-06-11 02:56:00,1781146560,579.39799811,621.15970355,579.39799811,611.04367247,
2026-06-11 02:57:00,1781146620,611.04367247,627.01756684,608.70266458,620.51286775,
2026-06-11 02:58:00,1781146680,620.51286775,623.19405151,608.77249218,608.77249218,
2026-06-11 02:59:00,1781146740,608.77249218,608.77249218,590.64321321,592.26754007,
2026-06-11 03:00:00,1781146800,592.26754007,602.62316074,590.13717667,598.6026237,
2026-06-11 03:01:00,1781146860,598.6026237,608.7629043,594.25317946,602.85401766,
2026-06-11 03:02:00,1781146920,602.85401766,604.87007586,589.76417815,599.9469616,
2026-06-11 03:03:00,1781146980,599.9469616,604.70056324,593.48983668,596.62106406,
2026-06-11 03:04:00,1781147040,596.62106406,599.99830133,593.1041683,598.93054522,
2026-06-11 03:05:00,1781147100,598.93054522,605.44596935,588.26396239,589.73154703,
2026-06-11 03:06:00,1781147160,589.73154703,589.77054268,559.69125836,564.1254271,
2026-06-11 03:07:00,1781147220,564.1254271,577.07501861,559.70859668,572.50933501,
2026-06-11 03:08:00,1781147280,572.50933501,572.62208529,561.472125,568.75282593,
2026-06-11 03:09:00,1781147340,568.75282593,583.94623436,568.63659679,576.36300669,
2026-06-11 03:10:00,1781147400,576.36300669,577.18070613,565.56446174,568.80555838,
2026-06-11 03:11:00,1781147460,568.80555838,571.57976284,554.68008585,559.41092827,
2026-06-11 03:12:00,1781147520,559.41092827,559.44859651,537.14116388,538.28191434,
2026-06-11 03:13:00,1781147580,538.28191434,552.04733142,534.2273486,552.04733142,
2026-06-11 03:14:00,1781147640,552.04733142,568.14436814,551.19470362,558.06830094,
2026-06-11 03:15:00,1781147700,558.06830094,565.32045378,552.31492412,564.61673827,
2026-06-11 03:16:00,1781147760,564.61673827,567.39925283,557.73463046,565.83468851,
2026-06-11 03:17:00,1781147820,565.83468851,583.02152685,562.62970706,571.05703301,
2026-06-11 03:18:00,1781147880,571.05703301,578.49494658,570.25217982,571.93138403,
2026-06-11 03:19:00,1781147940,571.93138403,572.58507665,553.9693615,554.04427023,
2026-06-11 03:20:00,1781148000,554.04427023,554.11716126,541.11529584,541.85768675,
2026-06-11 03:21:00,1781148060,541.85768675,557.50029432,537.13977003,556.82696964,
2026-06-11 03:22:00,1781148120,556.82696964,565.55075409,548.06969306,551.3925142,
2026-06-11 03:23:00,1781148180,551.3925142,556.52898031,550.11102146,556.24461861,
2026-06-11 03:24:00,1781148240,556.24461861,571.83478272,554.61874436,571.45243646,
2026-06-11 03:25:00,1781148300,571.45243646,574.74973261,561.56960981,574.51381094,
2026-06-11 03:26:00,1781148360,574.51381094,574.51381094,564.16630075,569.93969132,
2026-06-11 03:27:00,1781148420,569.93969132,576.25803105,564.65926357,572.97327971,
2026-06-11 03:28:00,1781148480,572.97327971,573.48642114,570.1731751,572.91082517,
2026-06-11 03:29:00,1781148540,572.91082517,575.19760983,568.29540982,572.47641459,
2026-06-11 03:30:00,1781148600,572.47641459,584.13677803,570.12115839,581.32530115,
2026-06-11 03:31:00,1781148660,581.32530115,610.32730982,580.38931761,609.95816425,
2026-06-11 03:32:00,1781148720,609.95816425,644.71203338,606.36593576,632.63746979,
2026-06-11 03:33:00,1781148780,632.63746979,712.0639167,627.51679131,708.10517178,
2026-06-11 03:34:00,1781148840,708.10517178,758.44894584,697.04471337,702.51565633,
2026-06-11 03:35:00,1781148900,702.51565633,732.54019517,682.82314014,707.79830581,
2026-06-11 03:36:00,1781148960,707.79830581,715.91681737,670.75395246,686.1754144,
2026-06-11 03:37:00,1781149020,686.1754144,697.97154908,675.49442712,694.93391505,
2026-06-11 03:38:00,1781149080,694.93391505,702.20247901,684.82777718,688.91863128,
2026-06-11 03:39:00,1781149140,688.91863128,701.38782887,686.80668458,686.81019726,
2026-06-11 03:40:00,1781149200,686.81019726,701.82535419,681.40155588,685.00677251,
2026-06-11 03:41:00,1781149260,685.00677251,697.21755264,680.4297171,697.21755264,
2026-06-11 03:42:00,1781149320,697.21755264,710.62232543,689.0078899,705.58344482,
2026-06-11 03:43:00,1781149380,705.58344482,710.38335587,704.92565104,708.67900141,
2026-06-11 03:44:00,1781149440,708.67900141,708.67900141,687.20167931,690.70168508,
2026-06-11 03:45:00,1781149500,690.70168508,730.25590757,690.70168508,713.71654597,
2026-06-11 03:46:00,1781149560,713.71654597,713.85545679,696.44847872,699.05563102,
2026-06-11 03:47:00,1781149620,699.05563102,726.42500121,689.3814024,708.74701791,
2026-06-11 03:48:00,1781149680,708.74701791,731.96041573,701.03375079,711.47406516,
2026-06-11 03:49:00,1781149740,711.47406516,732.50596691,707.24479585,707.24479585,
2026-06-11 03:50:00,1781149800,707.24479585,736.43780807,707.1988846,731.58664923,
2026-06-11 03:51:00,1781149860,731.58664923,733.99271403,723.67416513,727.38602468,
2026-06-11 03:52:00,1781149920,727.38602468,748.09789451,714.50121053,730.61333141,
2026-06-11 03:53:00,1781149980,730.61333141,749.26274103,721.86547536,740.70882647,
2026-06-11 03:54:00,1781150040,740.70882647,740.70882647,731.21630915,734.13220424,
2026-06-11 03:55:00,1781150100,734.13220424,849.58983331,730.1862058,846.38069871,
2026-06-11 03:56:00,1781150160,846.38069871,904.87939672,824.70151242,852.56144377,
2026-06-11 03:57:00,1781150220,852.56144377,878.41597707,849.6763986,874.84880302,
2026-06-11 03:58:00,1781150280,874.84880302,898.4632738,855.17164881,860.09341142,
2026-06-11 03:59:00,1781150340,860.09341142,871.16223509,839.35484517,839.35484517,
2026-06-11 04:00:00,1781150400,839.35484517,849.24498794,821.70252925,821.75062632,
2026-06-11 04:01:00,1781150460,821.75062632,823.09364576,788.93296137,793.88715466,
2026-06-11 04:02:00,1781150520,793.88715466,834.27400736,793.88495035,816.69268885,
2026-06-11 04:03:00,1781150580,816.69268885,816.69268885,792.94668461,807.91606432,
2026-06-11 04:04:00,1781150640,807.91606432,830.47265661,807.86623977,813.69198682,
2026-06-11 04:05:00,1781150700,813.69198682,813.69198682,794.3601715,804.02390332,
2026-06-11 04:06:00,1781150760,804.02390332,809.39437881,784.92820174,790.44537369,
2026-06-11 04:07:00,1781150820,790.44537369,802.23685155,788.37967531,793.2136985,
2026-06-11 04:08:00,1781150880,793.2136985,810.83275383,793.2136985,809.45124375,
2026-06-11 04:09:00,1781150940,809.45124375,811.69444599,791.83074702,807.38264076,
2026-06-11 04:10:00,1781151000,807.38264076,828.53767872,781.46801834,818.88405948,
2026-06-11 04:11:00,1781151060,818.88405948,835.39147339,803.88183577,834.18914425,
2026-06-11 04:12:00,1781151120,834.18914425,848.16650938,825.33681743,841.22434134,
2026-06-11 04:13:00,1781151180,841.22434134,862.00231392,833.27143185,846.77565236,
2026-06-11 04:14:00,1781151240,846.77565236,850.37176819,826.07889838,826.07889838,
2026-06-11 04:15:00,1781151300,826.07889838,828.44356172,812.62526263,826.11055683,
2026-06-11 04:16:00,1781151360,826.11055683,847.38515404,808.90466201,809.14369019,
2026-06-11 04:17:00,1781151420,809.14369019,817.73584391,805.20657579,813.16176311,
2026-06-11 04:18:00,1781151480,813.16176311,816.42217151,794.25532209,798.39008337,
2026-06-11 04:19:00,1781151540,798.39008337,818.55782152,797.88893373,818.27734619,
2026-06-11 04:20:00,1781151600,818.27734619,842.52126668,808.50721678,836.71324524,
2026-06-11 04:21:00,1781151660,836.71324524,841.64324452,805.62911114,807.49586546,
2026-06-11 04:22:00,1781151720,807.49586546,809.0609054,792.22928053,801.52546151,
2026-06-11 04:23:00,1781151780,801.52546151,810.44021242,793.27432358,803.80832922,
2026-06-11 04:24:00,1781151840,803.80832922,816.76235134,794.94808309,796.38125217,
2026-06-11 04:25:00,1781151900,796.38125217,799.26955126,785.337712,793.79270433,
2026-06-11 04:26:00,1781151960,793.79270433,806.61162801,793.50807156,802.05796,
2026-06-11 04:27:00,1781152020,802.05796,802.05796,786.52054452,789.60535631,
2026-06-11 04:28:00,1781152080,789.60535631,795.39605465,785.09283196,790.50150739,
2026-06-11 04:29:00,1781152140,790.50150739,798.87673283,790.21797227,794.88777227,
2026-06-11 04:30:00,1781152200,794.88777227,807.35643996,793.03057318,803.59693891,
2026-06-11 04:31:00,1781152260,803.59693891,809.19333734,791.67333278,791.76163234,
2026-06-11 04:32:00,1781152320,791.76163234,792.33065246,778.80508193,788.22566666,
2026-06-11 04:33:00,1781152380,788.22566666,792.18665787,769.49968378,770.19115648,
2026-06-11 04:34:00,1781152440,770.19115648,776.94676521,756.18373739,762.13274601,
2026-06-11 04:35:00,1781152500,762.13274601,777.06012651,759.82572971,772.36813331,
2026-06-11 04:36:00,1781152560,772.36813331,787.00807892,768.41407873,784.73814666,
2026-06-11 04:37:00,1781152620,784.73814666,785.70230054,774.05807952,781.28878253,
2026-06-11 04:38:00,1781152680,781.28878253,819.44074203,781.28878253,813.49965723,
2026-06-11 04:39:00,1781152740,813.49965723,827.52327786,810.33587528,827.32205566,
2026-06-11 04:40:00,1781152800,827.32205566,836.10893089,806.94434034,819.93765139,
2026-06-11 04:41:00,1781152860,819.93765139,820.09355349,802.51645349,806.98386507,
2026-06-11 04:42:00,1781152920,806.98386507,812.97430331,802.95900046,802.95900046,
2026-06-11 04:43:00,1781152980,802.95900046,805.19991012,795.71948068,802.96730083,
2026-06-11 04:44:00,1781153040,802.96730083,818.08852834,802.82451459,811.75319596,
2026-06-11 04:45:00,1781153100,811.75319596,833.86811306,811.75319596,831.39849449,
2026-06-11 04:46:00,1781153160,831.39849449,836.53888404,828.97628667,833.73621787,
2026-06-11 04:47:00,1781153220,833.73621787,871.96728004,833.13026556,865.37294549,
2026-06-11 04:48:00,1781153280,865.37294549,865.47314299,839.55838828,863.57727538,
2026-06-11 04:49:00,1781153340,863.57727538,880.47756125,859.31698709,871.63328342,
2026-06-11 04:50:00,1781153400,871.63328342,903.84103058,871.278764,903.32408094,
2026-06-11 04:51:00,1781153460,903.32408094,906.33633376,882.33835406,882.38908199,
2026-06-11 04:52:00,1781153520,882.38908199,913.26940181,882.38908199,892.68069063,
2026-06-11 04:53:00,1781153580,892.68069063,897.07589828,879.44630207,886.97895726,
2026-06-11 04:54:00,1781153640,886.97895726,895.43607503,877.57670089,893.55599359,
2026-06-11 04:55:00,1781153700,893.55599359,898.92504199,874.24946907,875.8113208,
2026-06-11 04:56:00,1781153760,875.8113208,880.50111358,867.62655566,868.17779069,
2026-06-11 04:57:00,1781153820,868.17779069,868.94319517,854.68505229,859.40356582,
2026-06-11 04:58:00,1781153880,859.40356582,859.40356582,822.43049597,825.96016734,
2026-06-11 04:59:00,1781153940,825.96016734,846.15887132,822.61456978,836.94380207,
2026-06-11 05:00:00,1781154000,836.94380207,839.11279194,785.60341936,790.97934296,
2026-06-11 05:01:00,1781154060,790.97934296,795.50010743,777.59494349,778.15800621,
2026-06-11 05:02:00,1781154120,778.15800621,792.72348815,769.41462802,779.64720795,
2026-06-11 05:03:00,1781154180,779.64720795,783.99881742,766.70334702,774.55889252,
2026-06-11 05:04:00,1781154240,774.55889252,775.40848378,765.58441255,766.86171404,
2026-06-11 05:05:00,1781154300,766.86171404,767.20568828,757.94542068,764.28736111,
2026-06-11 05:06:00,1781154360,764.28736111,768.30681228,750.67070732,752.35539624,
2026-06-11 05:07:00,1781154420,752.35539624,771.40463309,751.93687671,763.92266986,
2026-06-11 05:08:00,1781154480,763.92266986,774.46677613,763.92048378,769.82484536,
2026-06-11 05:09:00,1781154540,769.82484536,781.39388765,767.73785586,779.33524882,
2026-06-11 05:10:00,1781154600,779.33524882,788.69403878,768.91060539,769.8518598,
2026-06-11 05:11:00,1781154660,769.8518598,771.95491091,761.21183651,763.91166683,
2026-06-11 05:12:00,1781154720,763.91166683,783.63271802,763.10994566,775.98592698,
2026-06-11 05:13:00,1781154780,775.98592698,778.5830441,763.43356319,764.3452011,
2026-06-11 05:14:00,1781154840,764.3452011,780.74904292,763.87378736,778.74349196,
2026-06-11 05:15:00,1781154900,778.74349196,792.38741399,770.75702408,785.71421246,
2026-06-11 05:16:00,1781154960,785.71421246,809.74198816,785.71421246,803.45557824,
2026-06-11 05:17:00,1781155020,803.45557824,819.09159728,800.66669781,805.88228914,
2026-06-11 05:18:00,1781155080,805.88228914,808.07593719,778.77286902,779.0167156,
2026-06-11 05:19:00,1781155140,779.0167156,800.89435397,775.6314562,780.28642712,
2026-06-11 05:20:00,1781155200,780.28642712,794.66647666,776.65489895,794.38518243,
2026-06-11 05:21:00,1781155260,794.38518243,816.79644792,793.80414159,815.70814541,
2026-06-11 05:22:00,1781155320,815.70814541,821.77587288,803.58305976,821.77587288,
2026-06-11 05:23:00,1781155380,821.77587288,825.58324209,797.66821031,797.66821031,
2026-06-11 05:24:00,1781155440,797.66821031,813.21227929,795.10143167,800.08456992,
2026-06-11 05:25:00,1781155500,800.08456992,801.79959156,782.2021242,794.30769111,
2026-06-11 05:26:00,1781155560,794.30769111,801.44964085,778.74955297,785.72561576,
2026-06-11 05:27:00,1781155620,785.72561576,790.27789307,762.23945479,762.23945479,
2026-06-11 05:28:00,1781155680,762.23945479,764.11247,750.52558482,763.44056592,
2026-06-11 05:29:00,1781155740,763.44056592,778.14620176,763.17929904,775.23500759,
2026-06-11 05:30:00,1781155800,775.23500759,785.54880086,770.38778559,774.92813263,
2026-06-11 05:31:00,1781155860,774.92813263,775.98392164,757.45616939,763.33823158,
2026-06-11 05:32:00,1781155920,763.33823158,796.45894498,763.33823158,792.58070402,
2026-06-11 05:33:00,1781155980,792.58070402,802.80681001,780.23019551,788.79491955,
2026-06-11 05:34:00,1781156040,788.79491955,792.66922729,780.21632712,781.96436885,
2026-06-11 05:35:00,1781156100,781.96436885,785.41199316,762.71713841,767.66691981,
2026-06-11 05:36:00,1781156160,767.66691981,798.84167925,762.88605428,788.46598424,
2026-06-11 05:37:00,1781156220,788.46598424,795.51946888,782.1848694,789.38818544,
2026-06-11 05:38:00,1781156280,789.38818544,798.30868261,786.61844247,794.94488907,
2026-06-11 05:39:00,1781156340,794.94488907,795.81596869,772.96232677,773.24730469,
2026-06-11 05:40:00,1781156400,773.24730469,781.28896236,770.49094894,775.42320895,
2026-06-11 05:41:00,1781156460,775.42320895,788.30180341,771.45146081,788.29962634,
2026-06-11 05:42:00,1781156520,788.29962634,794.32752847,784.59848606,789.33002625,
2026-06-11 05:43:00,1781156580,789.33002625,807.31515311,789.13481058,796.7689479,
2026-06-11 05:44:00,1781156640,796.7689479,806.8115448,789.68064534,803.86634607,
2026-06-11 05:45:00,1781156700,803.86634607,809.73622185,801.36385332,804.21628108,
2026-06-11 05:46:00,1781156760,804.21628108,807.27070643,795.71171271,800.28282497,
2026-06-11 05:47:00,1781156820,800.28282497,801.742003,781.89459801,782.08687848,
2026-06-11 05:48:00,1781156880,782.08687848,786.48093036,768.75575888,780.05540705,
2026-06-11 05:49:00,1781156940,780.05540705,787.09703207,774.65153578,777.15504224,
2026-06-11 05:50:00,1781157000,777.15504224,785.03751084,764.80637933,767.95567993,
2026-06-11 05:51:00,1781157060,767.95567993,786.46196159,762.31338525,768.28518649,
2026-06-11 05:52:00,1781157120,768.28518649,769.57341515,760.7887342,767.01943154,
2026-06-11 05:53:00,1781157180,767.01943154,793.56357012,766.969692,792.53822416,
2026-06-11 05:54:00,1781157240,792.53822416,792.53822416,764.44153693,768.973195,
2026-06-11 05:55:00,1781157300,768.973195,795.2085562,768.82806406,789.69510629,
2026-06-11 05:56:00,1781157360,789.69510629,800.73995205,774.36607393,779.15100083,
2026-06-11 05:57:00,1781157420,779.15100083,788.80712487,773.4300297,785.83734113,
2026-06-11 05:58:00,1781157480,785.83734113,789.53512186,771.0336179,771.71732708,
2026-06-11 05:59:00,1781157540,771.71732708,771.81304437,747.95621326,755.39436486,
2026-06-11 06:00:00,1781157600,755.39436486,762.25778646,747.44766112,756.69234286,
2026-06-11 06:01:00,1781157660,756.69234286,762.90452232,746.08496295,752.86807081,
2026-06-11 06:02:00,1781157720,752.86807081,753.92443219,746.40238921,747.24391891,
2026-06-11 06:03:00,1781157780,747.24391891,763.18196826,747.24391891,760.31440173,
2026-06-11 06:04:00,1781157840,760.31440173,760.31440173,725.27395096,725.27395096,
2026-06-11 06:05:00,1781157900,725.27395096,749.0191878,721.28067315,739.36813993,
2026-06-11 06:06:00,1781157960,739.36813993,741.48320697,725.31873718,738.97778234,
2026-06-11 06:07:00,1781158020,738.97778234,750.65485437,735.67750775,737.58364763,
2026-06-11 06:08:00,1781158080,737.58364763,770.56291945,737.11212175,768.04081339,
2026-06-11 06:09:00,1781158140,768.04081339,784.7899178,765.05417391,777.49767636,
2026-06-11 06:10:00,1781158200,777.49767636,787.65251899,771.32195306,783.07489921,
2026-06-11 06:11:00,1781158260,783.07489921,806.01488712,776.36172596,800.7738298,
2026-06-11 06:12:00,1781158320,800.7738298,842.93210741,799.15029745,842.93210741,
2026-06-11 06:13:00,1781158380,842.93210741,851.28208906,822.63905715,832.27485317,
2026-06-11 06:14:00,1781158440,832.27485317,837.69346007,828.35579693,836.25641463,
2026-06-11 06:15:00,1781158500,836.25641463,867.47045135,836.25641463,858.44276682,
2026-06-11 06:16:00,1781158560,858.44276682,887.99180338,852.51289037,854.53377145,
2026-06-11 06:17:00,1781158620,854.53377145,855.82744119,841.45178596,851.46486334,
2026-06-11 06:18:00,1781158680,851.46486334,851.46486334,812.42785483,816.44349754,
2026-06-11 06:19:00,1781158740,816.44349754,836.71592947,814.50379351,828.06079148,
2026-06-11 06:20:00,1781158800,828.06079148,868.94562007,828.06079148,866.71728119,
2026-06-11 06:21:00,1781158860,866.71728119,935.78228448,866.40547439,908.76570001,
2026-06-11 06:22:00,1781158920,908.76570001,908.76570001,886.53863625,893.09338995,
2026-06-11 06:23:00,1781158980,893.09338995,924.06017557,883.82203297,914.43207679,
2026-06-11 06:24:00,1781159040,914.43207679,940.16555485,898.49485464,931.01864455,
2026-06-11 06:25:00,1781159100,931.01864455,941.7256489,900.5270551,900.5270551,
2026-06-11 06:26:00,1781159160,900.5270551,907.26215571,872.92164888,879.95300845,
2026-06-11 06:27:00,1781159220,879.95300845,893.09042971,866.92112841,873.34111789,
2026-06-11 06:28:00,1781159280,873.34111789,879.87438569,867.50483238,874.17930416,
2026-06-11 06:29:00,1781159340,874.17930416,882.44348027,863.2969441,876.34587482,
2026-06-11 06:30:00,1781159400,876.34587482,883.39344103,865.00253958,865.43741476,
2026-06-11 06:31:00,1781159460,865.43741476,894.50233987,865.42232638,893.54972491,
2026-06-11 06:32:00,1781159520,893.54972491,914.95513032,891.9348657,905.47180331,
2026-06-11 06:33:00,1781159580,905.47180331,907.77023889,890.54573979,905.60118685,
2026-06-11 06:34:00,1781159640,905.60118685,925.92826755,899.91933032,916.9738439,
2026-06-11 06:35:00,1781159700,916.9738439,917.88849838,902.57855793,908.34739879,
2026-06-11 06:36:00,1781159760,908.34739879,937.61851001,904.83980936,930.0277081,
2026-06-11 06:37:00,1781159820,930.0277081,937.41588497,915.7113647,926.87689491,
2026-06-11 06:38:00,1781159880,926.87689491,930.13002523,917.71929513,929.10254901,
2026-06-11 06:39:00,1781159940,929.10254901,929.10254901,922.15176256,922.99494553,
2026-06-11 06:40:00,1781160000,922.99494553,928.43261531,922.0264392,922.32533013,
2026-06-11 06:41:00,1781160060,922.32533013,936.3774432,890.08308929,934.42068019,
2026-06-11 06:42:00,1781160120,934.42068019,934.42068019,909.40114428,912.90261208,
2026-06-11 06:43:00,1781160180,912.90261208,914.9676108,894.37816845,896.26397761,
2026-06-11 06:44:00,1781160240,896.26397761,912.91615764,896.23015568,912.80677753,
2026-06-11 06:45:00,1781160300,912.80677753,915.69111813,890.28818836,890.9880254,
2026-06-11 06:46:00,1781160360,890.9880254,891.9289554,865.45937972,872.89370892,
2026-06-11 06:47:00,1781160420,872.89370892,873.07657724,858.00124086,861.81516634,
2026-06-11 06:48:00,1781160480,861.81516634,865.7517027,853.65762627,864.69566779,
2026-06-11 06:49:00,1781160540,864.69566779,865.47798643,838.21562223,840.78991376,
2026-06-11 06:50:00,1781160600,840.78991376,848.66644599,835.92691343,844.70214157,
2026-06-11 06:51:00,1781160660,844.70214157,848.84151361,840.97996872,848.37830667,
2026-06-11 06:52:00,1781160720,848.37830667,850.51344408,837.39550755,839.38862726,
2026-06-11 06:53:00,1781160780,839.38862726,839.69511899,830.73885389,834.86508307,
2026-06-11 06:54:00,1781160840,834.86508307,846.11787462,828.71222197,846.11569124,
2026-06-11 06:55:00,1781160900,846.11569124,846.11569124,810.01670453,819.48063347,
2026-06-11 06:56:00,1781160960,819.48063347,824.66223459,812.35463015,814.13751851,
2026-06-11 06:57:00,1781161020,814.13751851,827.16554297,814.03764166,820.92161925,
2026-06-11 06:58:00,1781161080,820.92161925,835.71761849,820.17386288,824.74976934,
2026-06-11 06:59:00,1781161140,824.74976934,826.70177562,817.31502001,817.31502001,
2026-06-11 07:00:00,1781161200,817.31502001,820.92272504,809.98850375,811.66542692,
2026-06-11 07:01:00,1781161260,811.66542692,821.56542295,804.75375633,817.63750204,
2026-06-11 07:02:00,1781161320,817.63750204,827.97630439,782.42842043,782.42842043,
2026-06-11 07:03:00,1781161380,782.42842043,792.89389859,769.67037706,777.94624494,
2026-06-11 07:04:00,1781161440,777.94624494,783.80747949,766.35093873,766.48764919,
2026-06-11 07:05:00,1781161500,766.48764919,775.89507293,765.48187921,768.97252917,
2026-06-11 07:06:00,1781161560,768.97252917,776.85523929,763.98317885,765.54199723,
2026-06-11 07:07:00,1781161620,765.54199723,768.66084242,745.21632235,752.75749474,
2026-06-11 07:08:00,1781161680,752.75749474,765.10583161,752.75749474,765.10583161,
2026-06-11 07:09:00,1781161740,765.10583161,768.14007907,755.32128805,764.4303129,
2026-06-11 07:10:00,1781161800,764.4303129,777.76529594,757.90870946,774.99522115,
2026-06-11 07:11:00,1781161860,774.99522115,789.92030091,771.85237657,776.53845709,
2026-06-11 07:12:00,1781161920,776.53845709,778.20811345,757.81050204,759.526508,
2026-06-11 07:13:00,1781161980,759.526508,773.92725617,747.05790666,765.56419306,
2026-06-11 07:14:00,1781162040,765.56419306,778.50573377,765.51423019,770.1965704,
2026-06-11 07:15:00,1781162100,770.1965704,777.1628756,764.97425743,774.67490007,
2026-06-11 07:16:00,1781162160,774.67490007,786.77064092,763.74616274,784.17727757,
2026-06-11 07:17:00,1781162220,784.17727757,791.11079738,779.65544278,786.56802912,
2026-06-11 07:18:00,1781162280,786.56802912,805.67845538,784.64910933,795.00650306,
2026-06-11 07:19:00,1781162340,795.00650306,796.01725035,785.60858334,788.94330425,
2026-06-11 07:20:00,1781162400,788.94330425,817.99893803,787.60076786,817.49999395,
2026-06-11 07:21:00,1781162460,817.49999395,837.70247201,816.7022144,837.70247201,
2026-06-11 07:22:00,1781162520,837.70247201,847.64031348,820.68624678,827.11212929,
2026-06-11 07:23:00,1781162580,827.11212929,827.11212929,809.37589563,813.83977539,
2026-06-11 07:24:00,1781162640,813.83977539,835.6325533,809.6433868,835.58229609,
2026-06-11 07:25:00,1781162700,835.58229609,836.93989591,815.01936546,816.84532512,
2026-06-11 07:26:00,1781162760,816.84532512,824.44717202,814.91180815,820.41536155,
2026-06-11 07:27:00,1781162820,820.41536155,833.70799775,820.35328289,826.03179188,
2026-06-11 07:28:00,1781162880,826.03179188,830.54473553,822.4561079,829.49039517,
2026-06-11 07:29:00,1781162940,829.49039517,845.69175207,825.33380969,845.42984709,
2026-06-11 07:30:00,1781163000,845.42984709,872.74891775,845.42760412,850.26623494,
2026-06-11 07:31:00,1781163060,850.26623494,850.26623494,820.33169701,823.93502363,
2026-06-11 07:32:00,1781163120,823.93502363,827.07316065,821.94602943,825.34877771,
2026-06-11 07:33:00,1781163180,825.34877771,839.7730012,825.34877771,829.66863062,
2026-06-11 07:34:00,1781163240,829.66863062,831.13915455,810.752452,812.81073231,
2026-06-11 07:35:00,1781163300,812.81073231,822.26524267,809.03385785,818.94367377,
2026-06-11 07:36:00,1781163360,818.94367377,829.66870259,810.61557721,812.12698748,
2026-06-11 07:37:00,1781163420,812.12698748,819.43170209,806.47937714,809.31783363,
2026-06-11 07:38:00,1781163480,809.31783363,809.31783363,785.65831944,787.11545516,
2026-06-11 07:39:00,1781163540,787.11545516,787.46461013,773.01447427,773.3392823,
2026-06-11 07:40:00,1781163600,773.3392823,773.3392823,761.21052973,763.29076903,
2026-06-11 07:41:00,1781163660,763.29076903,784.73012019,763.29076903,781.21337435,
2026-06-11 07:42:00,1781163720,781.21337435,800.31795294,780.97355057,794.68644604,
2026-06-11 07:43:00,1781163780,794.68644604,805.6550052,785.44260153,802.7622797,
2026-06-11 07:44:00,1781163840,802.7622797,803.09428173,783.77555304,794.75773036,
2026-06-11 07:45:00,1781163900,794.75773036,807.80289295,794.27206363,804.79282516,
2026-06-11 07:46:00,1781163960,804.79282516,814.7486071,804.46508886,814.27341313,
2026-06-11 07:47:00,1781164020,814.27341313,836.76945901,813.77888708,823.25515482,
2026-06-11 07:48:00,1781164080,823.25515482,828.5514852,817.08348081,819.08347328,
2026-06-11 07:49:00,1781164140,819.08347328,828.50389186,818.48084536,821.14881342,
2026-06-11 07:50:00,1781164200,821.14881342,826.4331193,819.51739838,822.68979939,
2026-06-11 07:51:00,1781164260,822.68979939,827.33397579,810.62709025,812.43089386,
2026-06-11 07:52:00,1781164320,812.43089386,812.43089386,803.9545628,806.07152782,
2026-06-11 07:53:00,1781164380,806.07152782,821.65663769,805.34322296,808.89654638,
2026-06-11 07:54:00,1781164440,808.89654638,816.94348636,805.23439609,813.41579718,
2026-06-11 07:55:00,1781164500,813.41579718,827.10527693,812.17444173,824.66090708,
2026-06-11 07:56:00,1781164560,824.66090708,829.99830477,819.88506563,825.4981001,
2026-06-11 07:57:00,1781164620,825.4981001,832.74970875,824.85222047,828.01514431,
2026-06-11 07:58:00,1781164680,828.01514431,829.79703148,820.55751497,820.64795553,
2026-06-11 07:59:00,1781164740,820.64795553,823.1928493,818.1346372,820.74236998,
2026-06-11 08:00:00,1781164800,820.74236998,849.83162544,820.59265324,843.23405679,
2026-06-11 08:01:00,1781164860,843.23405679,851.85789143,824.45359655,837.12878994,
2026-06-11 08:02:00,1781164920,837.12878994,858.56158198,834.34078782,847.09865636,
2026-06-11 08:03:00,1781164980,847.09865636,857.31627691,844.28766189,848.07749108,
2026-06-11 08:04:00,1781165040,848.07749108,848.82394458,835.72604347,835.92506489,
2026-06-11 08:05:00,1781165100,835.92506489,846.94024415,834.93705863,843.17617294,
2026-06-11 08:06:00,1781165160,843.17617294,856.22515857,842.47523571,855.5122708,
2026-06-11 08:07:00,1781165220,855.5122708,855.5122708,843.61566681,847.46827423,
2026-06-11 08:08:00,1781165280,847.46827423,853.77927857,842.22494604,853.26836314,
2026-06-11 08:09:00,1781165340,853.26836314,872.88373593,849.81490218,858.00968973,
2026-06-11 08:10:00,1781165400,858.00968973,868.02253755,857.66475067,861.38894052,
2026-06-11 08:11:00,1781165460,861.38894052,873.46683444,856.90765563,856.95585644,
2026-06-11 08:12:00,1781165520,856.95585644,864.43533809,856.95585644,861.56979713,
2026-06-11 08:13:00,1781165580,861.56979713,902.82107379,861.56979713,901.61868709,
2026-06-11 08:14:00,1781165640,901.61868709,901.67063957,870.31658308,880.81249148,
2026-06-11 08:15:00,1781165700,880.81249148,881.4485833,873.2538481,874.84013406,
2026-06-11 08:16:00,1781165760,874.84013406,874.91865461,864.65089464,867.59688477,
2026-06-11 08:17:00,1781165820,867.59688477,881.66719425,867.59688477,871.45842906,
2026-06-11 08:18:00,1781165880,871.45842906,890.79953206,871.45842906,888.3610321,
2026-06-11 08:19:00,1781165940,888.3610321,888.3610321,878.46019642,879.93569713,
2026-06-11 08:20:00,1781166000,879.93569713,880.08924058,872.82818875,875.08063783,
2026-06-11 08:21:00,1781166060,875.08063783,882.34801479,874.97629807,877.30271702,
2026-06-11 08:22:00,1781166120,877.30271702,904.64333251,877.30038803,901.91564335,
2026-06-11 08:23:00,1781166180,901.91564335,931.180122,901.85999502,929.7302683,
2026-06-11 08:24:00,1781166240,929.7302683,938.58477969,919.20967904,933.65515549,
2026-06-11 08:25:00,1781166300,933.65515549,934.46594194,918.38104046,925.81575027,
2026-06-11 08:26:00,1781166360,925.81575027,935.010715,923.75674629,926.29415237,
2026-06-11 08:27:00,1781166420,926.29415237,940.49512308,923.94522215,935.06418702,
2026-06-11 08:28:00,1781166480,935.06418702,952.81794012,932.78241065,946.59043252,
2026-06-11 08:29:00,1781166540,946.59043252,949.7214668,943.11513103,949.44245861,
2026-06-11 08:30:00,1781166600,949.44245861,955.52724414,943.67689335,945.52228041,
2026-06-11 08:31:00,1781166660,945.52228041,945.74181619,933.76842363,938.43661257,
2026-06-11 08:32:00,1781166720,938.43661257,952.28783322,937.13270367,940.53997895,
2026-06-11 08:33:00,1781166780,940.53997895,950.65883049,940.28009402,948.43155628,
2026-06-11 08:34:00,1781166840,948.43155628,953.18334084,943.33466817,945.5048952,
2026-06-11 08:35:00,1781166900,945.5048952,950.06371597,940.96828049,946.11011953,
2026-06-11 08:36:00,1781166960,946.11011953,946.6072571,941.01165786,941.0648358,
2026-06-11 08:37:00,1781167020,941.0648358,950.78360652,941.00695798,946.07301144,
2026-06-11 08:38:00,1781167080,946.07301144,946.07301144,940.53256812,941.89051124,
2026-06-11 08:39:00,1781167140,941.89051124,967.62948257,936.64495001,959.35190034,
2026-06-11 08:40:00,1781167200,959.35190034,959.35190034,948.26576592,949.53943314,
2026-06-11 08:41:00,1781167260,949.53943314,949.65844468,936.09134379,939.11188499,
2026-06-11 08:42:00,1781167320,939.11188499,939.99424669,920.58568061,920.84826942,
2026-06-11 08:43:00,1781167380,920.84826942,925.31456086,894.70953476,894.75881114,
2026-06-11 08:44:00,1781167440,894.75881114,896.36624742,889.52124287,895.97871718,
2026-06-11 08:45:00,1781167500,895.97871718,919.1497598,893.7642125,910.75536296,
2026-06-11 08:46:00,1781167560,910.75536296,924.46411577,902.22312392,924.36116477,
2026-06-11 08:47:00,1781167620,924.36116477,946.22288988,919.19799823,946.22288988,
2026-06-11 08:48:00,1781167680,946.22288988,997.90174688,944.7255564,977.53978607,
2026-06-11 08:49:00,1781167740,977.53978607,990.64743553,954.40289195,954.40289195,
2026-06-11 08:50:00,1781167800,954.40289195,968.99292955,954.40289195,960.66274451,
2026-06-11 08:51:00,1781167860,960.66274451,978.33729615,952.06832972,952.06832972,
2026-06-11 08:52:00,1781167920,952.06832972,954.27268095,937.07064663,948.07248997,
2026-06-11 08:53:00,1781167980,948.07248997,949.35040271,942.97705913,946.63486335,
2026-06-11 08:54:00,1781168040,946.63486335,948.33353803,944.80541857,946.95035036,
2026-06-11 08:55:00,1781168100,946.95035036,953.55632198,944.06706172,946.55296103,
2026-06-11 08:56:00,1781168160,946.55296103,946.98018327,928.23122543,933.31215253,
2026-06-11 08:57:00,1781168220,933.31215253,938.01860686,921.8055058,936.33949334,
2026-06-11 08:58:00,1781168280,936.33949334,941.88724368,935.61773843,936.37937207,
2026-06-11 08:59:00,1781168340,936.37937207,951.30916319,935.25135471,951.30916319,
2026-06-11 09:00:00,1781168400,951.30916319,951.41649375,924.76673368,936.44178872,
2026-06-11 09:01:00,1781168460,936.44178872,938.84804666,928.20862285,933.193667,
2026-06-11 09:02:00,1781168520,933.193667,948.89033019,932.390822,945.76169013,
2026-06-11 09:03:00,1781168580,945.76169013,949.50467887,941.7482921,947.09222751,
2026-06-11 09:04:00,1781168640,947.09222751,950.23490626,922.85017538,925.85352867,
2026-06-11 09:05:00,1781168700,925.85352867,931.56641851,908.94338063,910.67875097,
2026-06-11 09:06:00,1781168760,910.67875097,910.67875097,897.34962395,903.47719172,
2026-06-11 09:07:00,1781168820,903.47719172,906.18911962,886.41749563,892.80628748,
2026-06-11 09:08:00,1781168880,892.80628748,900.53824928,886.37121673,891.29369943,
2026-06-11 09:09:00,1781168940,891.29369943,891.5845827,883.04038281,891.05912032,
2026-06-11 09:10:00,1781169000,891.05912032,904.76306891,891.02297575,898.33102988,
2026-06-11 09:11:00,1781169060,898.33102988,898.33102988,881.89087311,882.34971033,
2026-06-11 09:12:00,1781169120,882.34971033,886.38007337,876.61564589,884.04421303,
2026-06-11 09:13:00,1781169180,884.04421303,893.60970744,872.98792665,874.31070266,
2026-06-11 09:14:00,1781169240,874.31070266,896.30184629,868.93434859,894.57820204,
2026-06-11 09:15:00,1781169300,894.57820204,894.57820204,868.4264339,871.66424922,
2026-06-11 09:16:00,1781169360,871.66424922,872.44077312,851.07755697,861.5660624,
2026-06-11 09:17:00,1781169420,861.5660624,862.07431098,850.54766376,860.73931619,
2026-06-11 09:18:00,1781169480,860.73931619,883.04823775,860.73931619,882.4753801,
2026-06-11 09:19:00,1781169540,882.4753801,893.69523383,880.35220258,882.25200813,
2026-06-11 09:20:00,1781169600,882.25200813,882.25200813,862.30515414,865.50293393,
2026-06-11 09:21:00,1781169660,865.50293393,867.11387991,857.80636492,858.3115708,
2026-06-11 09:22:00,1781169720,858.3115708,864.12063763,851.89378699,861.02239395,
2026-06-11 09:23:00,1781169780,861.02239395,867.08033847,854.64739776,864.33909744,
2026-06-11 09:24:00,1781169840,864.33909744,866.84346996,851.8741303,866.68323365,
2026-06-11 09:25:00,1781169900,866.68323365,874.68954618,857.36060217,868.91441612,
2026-06-11 09:26:00,1781169960,868.91441612,869.21915546,855.81134094,861.57062705,
2026-06-11 09:27:00,1781170020,861.57062705,866.73587126,856.24297725,864.34644355,
2026-06-11 09:28:00,1781170080,864.34644355,871.71533355,863.20912249,871.1769342,
2026-06-11 09:29:00,1781170140,871.1769342,871.2281812,861.29186641,867.43453336,
2026-06-11 09:30:00,1781170200,867.43453336,883.11420186,863.41233284,865.16658143,
2026-06-11 09:31:00,1781170260,865.16658143,915.87453523,863.96662576,910.93552478,
2026-06-11 09:32:00,1781170320,910.93552478,915.05391798,891.60253895,906.26636869,
2026-06-11 09:33:00,1781170380,906.26636869,911.27175044,896.72975851,908.99113299,
2026-06-11 09:34:00,1781170440,908.99113299,929.29251148,900.84736444,926.64669728,
2026-06-11 09:35:00,1781170500,926.64669728,942.37889538,912.65625486,913.59836328,
2026-06-11 09:36:00,1781170560,913.59836328,927.30942269,913.49029327,924.99967956,
2026-06-11 09:37:00,1781170620,924.99967956,925.16789665,917.77870223,922.60901666,
2026-06-11 09:38:00,1781170680,922.60901666,925.2674561,913.52926283,916.16227598,
2026-06-11 09:39:00,1781170740,916.16227598,928.02851881,913.84742379,915.02594781,
2026-06-11 09:40:00,1781170800,915.02594781,917.98278811,911.68626038,915.07443029,
2026-06-11 09:41:00,1781170860,915.07443029,915.12506113,902.54493773,903.83099181,
2026-06-11 09:42:00,1781170920,903.83099181,919.61065928,903.16968334,913.68489354,
2026-06-11 09:43:00,1781170980,913.68489354,914.53108149,904.16943931,904.56227273,
2026-06-11 09:44:00,1781171040,904.56227273,925.07748287,904.27576074,922.73165864,
2026-06-11 09:45:00,1781171100,922.73165864,922.73165864,909.90384097,920.8119589,
2026-06-11 09:46:00,1781171160,920.8119589,920.94249322,917.30420084,917.5589118,
2026-06-11 09:47:00,1781171220,917.5589118,918.7223009,906.60308126,909.11547863,
2026-06-11 09:48:00,1781171280,909.11547863,923.03990205,907.78206606,920.3179768,
2026-06-11 09:49:00,1781171340,920.3179768,922.54664078,909.94285033,920.52840204,
2026-06-11 09:50:00,1781171400,920.52840204,920.52840204,914.26782575,918.40077583,
2026-06-11 09:51:00,1781171460,918.40077583,948.3216242,918.38906278,942.83471478,
2026-06-11 09:52:00,1781171520,942.83471478,956.54099949,936.13479055,936.48790828,
2026-06-11 09:53:00,1781171580,936.48790828,937.33208679,926.84563253,936.27645039,
2026-06-11 09:54:00,1781171640,936.27645039,938.61825993,921.56041168,937.73020712,
2026-06-11 09:55:00,1781171700,937.73020712,945.96887336,929.46565994,930.14312247,
2026-06-11 09:56:00,1781171760,930.14312247,932.27278829,909.81060103,910.16653277,
2026-06-11 09:57:00,1781171820,910.16653277,910.16653277,899.35357648,900.94437852,
2026-06-11 09:58:00,1781171880,900.94437852,912.71297614,900.7315027,912.71297614,
2026-06-11 09:59:00,1781171940,912.71297614,925.35336729,905.72578663,913.05260525,
2026-06-11 10:00:00,1781172000,913.05260525,927.10814969,907.57765254,917.5087388,
2026-06-11 10:01:00,1781172060,917.5087388,931.96164264,905.14999864,913.71894791,
2026-06-11 10:02:00,1781172120,913.71894791,922.16032779,889.70601555,890.38496926,
2026-06-11 10:03:00,1781172180,890.38496926,894.23873062,882.44763799,886.35720125,
2026-06-11 10:04:00,1781172240,886.35720125,892.77657931,863.89148588,874.01241909,
2026-06-11 10:05:00,1781172300,874.01241909,884.69761732,868.01314454,883.01766293,
2026-06-11 10:06:00,1781172360,883.01766293,902.21084498,872.5033812,902.21084498,
2026-06-11 10:07:00,1781172420,902.21084498,926.94218303,901.41634924,921.08864911,
2026-06-11 10:08:00,1781172480,921.08864911,934.3104998,914.36814708,919.57655463,
2026-06-11 10:09:00,1781172540,919.57655463,919.57655463,896.6988617,912.71074408,
2026-06-11 10:10:00,1781172600,912.71074408,915.30741954,892.83569615,892.83569615,
2026-06-11 10:11:00,1781172660,892.83569615,907.80554612,888.7756603,907.37724853,
2026-06-11 10:12:00,1781172720,907.37724853,907.37724853,892.64347602,900.30730124,
2026-06-11 10:13:00,1781172780,900.30730124,918.90412279,892.96144406,911.11447473,
2026-06-11 10:14:00,1781172840,911.11447473,911.16794579,892.18181108,893.11346657,
2026-06-11 10:15:00,1781172900,893.11346657,905.29814186,892.63803699,899.08142829,
2026-06-11 10:16:00,1781172960,899.08142829,899.08142829,880.07992134,882.33338892,
2026-06-11 10:17:00,1781173020,882.33338892,882.64610615,834.18704832,845.98485888,
2026-06-11 10:18:00,1781173080,845.98485888,867.67777724,844.85710241,847.37961992,
2026-06-11 10:19:00,1781173140,847.37961992,854.73704322,828.80328569,848.62759435,
2026-06-11 10:20:00,1781173200,848.62759435,857.26738152,846.38512173,850.62900218,
2026-06-11 10:21:00,1781173260,850.62900218,865.64212868,849.87458884,860.83072243,
2026-06-11 10:22:00,1781173320,860.83072243,864.22581133,840.57818646,842.68669749,
2026-06-11 10:23:00,1781173380,842.68669749,858.93704294,842.56489167,857.63245832,
2026-06-11 10:24:00,1781173440,857.63245832,858.5632779,842.35970431,849.53569162,
2026-06-11 10:25:00,1781173500,849.53569162,857.01562632,847.45366113,855.96692459,
2026-06-11 10:26:00,1781173560,855.96692459,856.01624833,839.53446993,848.14981504,
2026-06-11 10:27:00,1781173620,848.14981504,851.0083556,842.55969645,848.59473817,
2026-06-11 10:28:00,1781173680,848.59473817,859.39317283,847.6143858,856.41351945,
2026-06-11 10:29:00,1781173740,856.41351945,869.68101816,853.96005471,862.03991456,
2026-06-11 10:30:00,1781173800,862.03991456,877.09754002,852.3866611,875.9948187,
2026-06-11 10:31:00,1781173860,875.9948187,898.59252616,875.99249206,885.12749243,
2026-06-11 10:32:00,1781173920,885.12749243,885.12749243,876.21534424,880.88047286,
2026-06-11 10:33:00,1781173980,880.88047286,880.90421984,865.06662517,866.06832536,
2026-06-11 10:34:00,1781174040,866.06832536,894.0626944,866.06832536,874.49492799,
2026-06-11 10:35:00,1781174100,874.49492799,887.5978325,869.51377498,887.5978325,
2026-06-11 10:36:00,1781174160,887.5978325,901.73821798,887.5978325,899.0439361,
2026-06-11 10:37:00,1781174220,899.0439361,903.99836674,888.42147541,898.41583256,
2026-06-11 10:38:00,1781174280,898.41583256,913.97664364,896.4071405,906.50781626,
2026-06-11 10:39:00,1781174340,906.50781626,906.87745707,879.85407674,884.16057931,
2026-06-11 10:40:00,1781174400,884.16057931,896.13567925,883.14074453,888.04356962,
2026-06-11 10:41:00,1781174460,888.04356962,893.35322075,878.44763244,888.5455011,
2026-06-11 10:42:00,1781174520,888.5455011,897.57561388,881.22680113,894.13225013,
2026-06-11 10:43:00,1781174580,894.13225013,908.05260848,893.68961834,895.96975051,
2026-06-11 10:44:00,1781174640,895.96975051,909.34840443,891.64184524,899.16727036,
2026-06-11 10:45:00,1781174700,899.16727036,902.41123629,897.45260245,897.4924828,
2026-06-11 10:46:00,1781174760,897.4924828,917.07566243,893.05889872,911.91985081,
2026-06-11 10:47:00,1781174820,911.91985081,921.3447198,906.72917516,916.56041796,
2026-06-11 10:48:00,1781174880,916.56041796,918.39093875,913.17403359,915.5773117,
2026-06-11 10:49:00,1781174940,915.5773117,920.69810745,910.35593737,920.61700443,
2026-06-11 10:50:00,1781175000,920.61700443,926.39886237,912.12680007,922.03184249,
2026-06-11 10:51:00,1781175060,922.03184249,990.94313834,920.9988722,969.6443479,
2026-06-11 10:52:00,1781175120,969.6443479,969.6443479,935.7101812,953.2740995,
2026-06-11 10:53:00,1781175180,953.2740995,961.98612613,940.81042484,955.31320821,
2026-06-11 10:54:00,1781175240,955.31320821,990.60040469,950.92477248,986.29357858,
2026-06-11 10:55:00,1781175300,986.29357858,1035.00886688,965.20029541,1031.13476312,
2026-06-11 10:56:00,1781175360,1031.13476312,1032.74709625,966.33816663,970.49648068,
2026-06-11 10:57:00,1781175420,970.49648068,1012.15051977,969.01928004,1005.13724346,
2026-06-11 10:58:00,1781175480,1005.13724346,1032.92518942,999.93759929,1013.69317237,
2026-06-11 10:59:00,1781175540,1013.69317237,1055.31745342,1007.50562137,1019.8270072,
2026-06-11 11:00:00,1781175600,1019.8270072,1020.62990279,975.40751295,975.68349598,
2026-06-11 11:01:00,1781175660,975.68349598,1024.37653384,975.68349598,1024.26169876,
2026-06-11 11:02:00,1781175720,1024.26169876,1041.36061322,1017.37552437,1033.53574229,
2026-06-11 11:03:00,1781175780,1033.53574229,1055.94135439,1033.4796401,1036.93255673,
2026-06-11 11:04:00,1781175840,1036.93255673,1051.72313848,1036.60621813,1042.14699879,
2026-06-11 11:05:00,1781175900,1042.14699879,1050.78430315,1019.98567906,1033.13597765,
2026-06-11 11:06:00,1781175960,1033.13597765,1033.2373112,1015.63744063,1021.40178117,
2026-06-11 11:07:00,1781176020,1021.40178117,1028.41693715,999.20597264,1003.9499147,
2026-06-11 11:08:00,1781176080,1003.9499147,1009.41389293,958.60369585,1009.06802753,
2026-06-11 11:09:00,1781176140,1009.06802753,1014.86248249,1000.95472284,1014.30271514,
2026-06-11 11:10:00,1781176200,1014.30271514,1033.71933325,1014.30271514,1031.64256316,
2026-06-11 11:11:00,1781176260,1031.64256316,1054.98972322,1030.50309965,1051.89572944,
2026-06-11 11:12:00,1781176320,1051.89572944,1054.22624456,1024.01417012,1041.46871154,
2026-06-11 11:13:00,1781176380,1041.46871154,1044.07442885,1030.66322463,1042.17154982,
2026-06-11 11:14:00,1781176440,1042.17154982,1047.89294885,1041.10486113,1045.70500627,
2026-06-11 11:15:00,1781176500,1045.70500627,1045.70500627,1020.38442819,1035.14700543,
2026-06-11 11:16:00,1781176560,1035.14700543,1041.76034865,1034.97163089,1041.06314466,
2026-06-11 11:17:00,1781176620,1041.06314466,1069.69264653,1041.06080109,1061.04989792,
2026-06-11 11:18:00,1781176680,1061.04989792,1061.04989792,1014.09984232,1025.55146096,
2026-06-11 11:19:00,1781176740,1025.55146096,1027.11453579,999.64832575,1009.5639536,
2026-06-11 11:20:00,1781176800,1009.5639536,1011.96748717,1001.08163365,1009.78700811,
2026-06-11 11:21:00,1781176860,1009.78700811,1021.56124074,998.15570925,1020.81657854,
2026-06-11 11:22:00,1781176920,1020.81657854,1034.32082447,1019.84082095,1029.24263426,
2026-06-11 11:23:00,1781176980,1029.24263426,1031.91924836,1027.50114578,1029.14039876,
2026-06-11 11:24:00,1781177040,1029.14039876,1037.37840614,1022.35033646,1031.26283369,
2026-06-11 11:25:00,1781177100,1031.26283369,1032.43036314,1006.75351919,1013.77380854,
2026-06-11 11:26:00,1781177160,1013.77380854,1015.11234037,998.74301815,998.86415573,
2026-06-11 11:27:00,1781177220,998.86415573,1017.17624147,996.5050693,1013.08175095,
2026-06-11 11:28:00,1781177280,1013.08175095,1039.22776644,1009.00975929,1038.82036232,
2026-06-11 11:29:00,1781177340,1038.82036232,1054.91617316,1025.61536358,1028.78432721,
2026-06-11 11:30:00,1781177400,1028.78432721,1066.10422245,1027.18245254,1054.02002575,
2026-06-11 11:31:00,1781177460,1054.02002575,1084.26481827,1041.54884353,1081.37615617,
2026-06-11 11:32:00,1781177520,1081.37615617,1093.63127919,1058.58878312,1059.75582464,
2026-06-11 11:33:00,1781177580,1059.75582464,1069.23913078,1046.09924837,1064.09942944,
2026-06-11 11:34:00,1781177640,1064.09942944,1064.09942944,1036.78033017,1047.68623289,
2026-06-11 11:35:00,1781177700,1047.68623289,1055.57946607,1031.58136396,1033.87220735,
2026-06-11 11:36:00,1781177760,1033.87220735,1033.92753029,1015.67251387,1015.67251387,
2026-06-11 11:37:00,1781177820,1015.67251387,1025.4615619,994.50773127,997.24223734,
2026-06-11 11:38:00,1781177880,997.24223734,1007.81010252,980.47357948,987.91015983,
2026-06-11 11:39:00,1781177940,987.91015983,1020.87352171,983.52030532,1014.77242655,
2026-06-11 11:40:00,1781178000,1014.77242655,1019.67867449,1001.96934521,1004.84002839,
2026-06-11 11:41:00,1781178060,1004.84002839,1024.10064721,1001.1053129,1011.1005612,
2026-06-11 11:42:00,1781178120,1011.1005612,1015.46453705,1001.53071361,1015.29963616,
2026-06-11 11:43:00,1781178180,1015.29963616,1020.14588873,1007.18489065,1016.86900203,
2026-06-11 11:44:00,1781178240,1016.86900203,1017.6047228,997.41998636,1010.51619049,
2026-06-11 11:45:00,1781178300,1010.51619049,1010.51619049,993.16363357,998.3450706,
2026-06-11 11:46:00,1781178360,998.3450706,1004.32988802,998.22935956,1002.08526446,
2026-06-11 11:47:00,1781178420,1002.08526446,1006.92618644,991.8791279,991.8791279,
2026-06-11 11:48:00,1781178480,991.8791279,995.45866778,985.16322349,991.19147084,
2026-06-11 11:49:00,1781178540,991.19147084,1011.21646611,980.55541722,1011.07628961,
2026-06-11 11:50:00,1781178600,1011.07628961,1016.41766806,1003.34432277,1010.41179005,
2026-06-11 11:51:00,1781178660,1010.41179005,1075.36724594,1004.06712085,1058.06743998,
2026-06-11 11:52:00,1781178720,1058.06743998,1065.80545635,1031.05664701,1040.47699236,
2026-06-11 11:53:00,1781178780,1040.47699236,1049.46529671,1033.06574981,1040.5160024,
2026-06-11 11:54:00,1781178840,1040.5160024,1040.70046024,1028.92160333,1036.5750204,
2026-06-11 11:55:00,1781178900,1036.5750204,1036.5750204,1006.99703134,1009.58240579,
2026-06-11 11:56:00,1781178960,1009.58240579,1009.58240579,989.1547604,1001.44207892,
2026-06-11 11:57:00,1781179020,1001.44207892,1009.57356165,992.48639888,994.71305744,
2026-06-11 11:58:00,1781179080,994.71305744,999.32445287,990.76923056,994.41662254,
2026-06-11 11:59:00,1781179140,994.41662254,998.42513355,985.51980553,988.80033013,
2026-06-11 12:00:00,1781179200,988.80033013,993.71177783,953.21436662,954.89763012,
2026-06-11 12:01:00,1781179260,954.89763012,974.8049122,954.8952516,959.5047067,
2026-06-11 12:02:00,1781179320,959.5047067,964.38098828,950.65842236,959.63944418,
2026-06-11 12:03:00,1781179380,959.63944418,960.68605531,934.263375,937.641812,
2026-06-11 12:04:00,1781179440,937.641812,969.09787653,930.52713026,966.91354997,
2026-06-11 12:05:00,1781179500,966.91354997,985.4812297,966.04079991,973.0357564,
2026-06-11 12:06:00,1781179560,973.0357564,993.99641126,961.25960591,964.59468535,
2026-06-11 12:07:00,1781179620,964.59468535,964.59468535,934.56684743,946.90824279,
2026-06-11 12:08:00,1781179680,946.90824279,957.22263257,937.38012254,952.7185225,
2026-06-11 12:09:00,1781179740,952.7185225,959.95605303,933.65436028,939.89291823,
2026-06-11 12:10:00,1781179800,939.89291823,994.62747804,936.98236531,993.08701299,
2026-06-11 12:11:00,1781179860,993.08701299,1023.72014647,979.32649044,1023.72014647,
2026-06-11 12:12:00,1781179920,1023.72014647,1039.57316979,1013.90633479,1038.87072849,
2026-06-11 12:13:00,1781179980,1038.87072849,1041.07470377,994.42890497,994.42890497,
2026-06-11 12:14:00,1781180040,994.42890497,1021.56285987,979.33284484,1016.66991823,
2026-06-11 12:15:00,1781180100,1016.66991823,1026.60578651,994.51544317,1005.57377048,
2026-06-11 12:16:00,1781180160,1005.57377048,1017.55060826,1000.2103876,1011.1568706,
2026-06-11 12:17:00,1781180220,1011.1568706,1022.56905374,995.61963235,996.34522708,
2026-06-11 12:18:00,1781180280,996.34522708,1038.67155465,994.00135247,1025.6330498,
2026-06-11 12:19:00,1781180340,1025.6330498,1027.24571812,990.59732459,990.76689847,
2026-06-11 12:20:00,1781180400,990.76689847,990.76689847,912.0036206,912.65015548,
2026-06-11 12:21:00,1781180460,912.65015548,920.58917908,869.96054436,879.84916,
2026-06-11 12:22:00,1781180520,879.84916,883.85655785,778.56223569,783.74006833,
2026-06-11 12:23:00,1781180580,783.74006833,811.33069671,763.26176936,804.03919456,
2026-06-11 12:24:00,1781180640,804.03919456,834.76512916,762.9353366,777.75815341,
2026-06-11 12:25:00,1781180700,777.75815341,803.65016905,773.55561223,783.63822384,
2026-06-11 12:26:00,1781180760,783.63822384,814.07939218,781.9542992,812.18862909,
2026-06-11 12:27:00,1781180820,812.18862909,814.4819964,767.94341523,786.13666825,
2026-06-11 12:28:00,1781180880,786.13666825,800.28877529,749.01757362,755.68223957,
2026-06-11 12:29:00,1781180940,755.68223957,773.86783775,752.71958671,756.05207506,
2026-06-11 12:30:00,1781181000,756.05207506,813.19244473,677.8324617,737.20732493,
2026-06-11 12:31:00,1781181060,737.20732493,771.72902654,711.88866584,743.6282157,
2026-06-11 12:32:00,1781181120,743.6282157,748.4464055,710.9272903,737.72107926,
2026-06-11 12:33:00,1781181180,737.72107926,749.96859119,708.73437797,722.81177083,
2026-06-11 12:34:00,1781181240,722.81177083,805.14241823,708.55193513,789.70712455,
2026-06-11 12:35:00,1781181300,789.70712455,819.22970714,783.0335963,797.74428849,
2026-06-11 12:36:00,1781181360,797.74428849,831.83716097,794.45700836,817.88038418,
2026-06-11 12:37:00,1781181420,817.88038418,826.54653231,791.34892393,792.27966879,
2026-06-11 12:38:00,1781181480,792.27966879,853.12728312,792.27966879,812.70824207,
2026-06-11 12:39:00,1781181540,812.70824207,843.612143,805.34079374,806.96510021,
2026-06-11 12:40:00,1781181600,806.96510021,820.3751464,796.42841291,813.71757774,
2026-06-11 12:41:00,1781181660,813.71757774,843.44383198,801.85532146,837.57837266,
2026-06-11 12:42:00,1781181720,837.57837266,845.30449259,819.72654288,838.64937762,
2026-06-11 12:43:00,1781181780,838.64937762,843.77673653,804.07559906,804.07559906,
2026-06-11 12:44:00,1781181840,804.07559906,886.84062992,791.55500304,870.69778153,
2026-06-11 12:45:00,1781181900,870.69778153,879.04997001,838.5472826,873.6749273,
2026-06-11 12:46:00,1781181960,873.6749273,895.24699113,863.10806933,893.35259385,
2026-06-11 12:47:00,1781182020,893.35259385,909.38903205,857.85586316,867.34175081,
2026-06-11 12:48:00,1781182080,867.34175081,878.85415637,848.13563712,849.33336149,
2026-06-11 12:49:00,1781182140,849.33336149,892.36122725,839.75167769,892.36122725,
2026-06-11 12:50:00,1781182200,892.36122725,897.36528218,846.19657597,855.71901171,
2026-06-11 12:51:00,1781182260,855.71901171,904.94834679,854.54101799,904.23691523,
2026-06-11 12:52:00,1781182320,904.23691523,932.4160356,904.19072101,912.7706062,
2026-06-11 12:53:00,1781182380,912.7706062,928.78458435,877.16294337,884.16151781,
2026-06-11 12:54:00,1781182440,884.16151781,893.4083756,876.41045162,884.21771328,
2026-06-11 12:55:00,1781182500,884.21771328,931.2655746,881.53332718,921.94192876,
2026-06-11 12:56:00,1781182560,921.94192876,927.70471462,907.02599151,915.31738667,
2026-06-11 12:57:00,1781182620,915.31738667,927.82958077,898.61233442,904.75982102,
2026-06-11 12:58:00,1781182680,904.75982102,931.24912374,891.21625776,924.08339412,
2026-06-11 12:59:00,1781182740,924.08339412,928.66389595,911.41733424,913.45005108,
2026-06-11 13:00:00,1781182800,913.45005108,915.47363652,875.25348537,878.15596507,
2026-06-11 13:01:00,1781182860,878.15596507,896.71142918,870.15478582,870.54155477,
2026-06-11 13:02:00,1781182920,870.54155477,879.33257725,854.36233775,868.1618238,
2026-06-11 13:03:00,1781182980,868.1618238,870.07230082,852.49403775,864.716674,
2026-06-11 13:04:00,1781183040,864.716674,893.08184395,859.92043312,876.21206109,
2026-06-11 13:05:00,1781183100,876.21206109,876.37015367,849.7200074,864.04355531,
2026-06-11 13:06:00,1781183160,864.04355531,876.38075952,851.1603951,866.5098333,
2026-06-11 13:07:00,1781183220,866.5098333,876.21717965,857.0225887,865.67716738,
2026-06-11 13:08:00,1781183280,865.67716738,870.51154413,857.78533333,864.92314814,
2026-06-11 13:09:00,1781183340,864.92314814,864.92314814,849.42793989,853.54465054,
2026-06-11 13:10:00,1781183400,853.54465054,865.90294524,853.3847278,862.22463435,
2026-06-11 13:11:00,1781183460,862.22463435,875.52666879,830.29340168,841.08524752,
2026-06-11 13:12:00,1781183520,841.08524752,865.36413007,841.08524752,856.13979604,
2026-06-11 13:13:00,1781183580,856.13979604,868.35965324,851.75397277,854.52640128,
2026-06-11 13:14:00,1781183640,854.52640128,869.41830634,853.52511961,858.22718379,
2026-06-11 13:15:00,1781183700,858.22718379,870.56604055,855.79743358,867.83307991,
2026-06-11 13:16:00,1781183760,867.83307991,887.87723024,867.82831122,886.46142318,
2026-06-11 13:17:00,1781183820,886.46142318,888.07528826,873.32201604,877.86945186,
2026-06-11 13:18:00,1781183880,877.86945186,892.51430673,875.35136828,889.89045348,
2026-06-11 13:19:00,1781183940,889.89045348,911.69651091,889.89045348,909.90591166,
2026-06-11 13:20:00,1781184000,909.90591166,935.29792004,909.79662691,915.16965556,
2026-06-11 13:21:00,1781184060,915.16965556,920.76954692,909.91483604,915.43671773,
2026-06-11 13:22:00,1781184120,915.43671773,915.43671773,863.53684502,868.62708691,
2026-06-11 13:23:00,1781184180,868.62708691,875.79519475,857.23946839,857.69414688,
2026-06-11 13:24:00,1781184240,857.69414688,862.87139898,816.63600131,820.27375022,
2026-06-11 13:25:00,1781184300,820.27375022,829.1852074,810.79947185,826.34366496,
2026-06-11 13:26:00,1781184360,826.34366496,827.89879988,813.27198408,825.95771785,
2026-06-11 13:27:00,1781184420,825.95771785,829.34060469,813.51350796,824.18651591,
2026-06-11 13:28:00,1781184480,824.18651591,831.17845311,814.49860679,831.04084132,
2026-06-11 13:29:00,1781184540,831.04084132,831.24283468,803.03859666,813.95043352,
2026-06-11 13:30:00,1781184600,813.95043352,814.10342986,788.47321448,810.38523838,
2026-06-11 13:31:00,1781184660,810.38523838,813.33480279,761.39109815,774.95429432,
2026-06-11 13:32:00,1781184720,774.95429432,778.99735474,743.9427422,764.6952804,
2026-06-11 13:33:00,1781184780,764.6952804,810.54848529,764.49905319,786.75430579,
2026-06-11 13:34:00,1781184840,786.75430579,797.67827694,760.71554523,785.13243317,
2026-06-11 13:35:00,1781184900,785.13243317,837.70045132,768.21475614,836.57808063,
2026-06-11 13:36:00,1781184960,836.57808063,872.47827136,823.09842115,823.20133499,
2026-06-11 13:37:00,1781185020,823.20133499,855.59561845,814.21948522,847.16760802,
2026-06-11 13:38:00,1781185080,847.16760802,851.67117714,789.37306036,795.44775505,
2026-06-11 13:39:00,1781185140,795.44775505,847.02838728,795.44775505,821.76085311,
2026-06-11 13:40:00,1781185200,821.76085311,825.71293194,775.33915469,819.10049208,
2026-06-11 13:41:00,1781185260,819.10049208,825.94037282,759.30151866,777.6841844,
2026-06-11 13:42:00,1781185320,777.6841844,805.84608152,759.22563058,790.66661796,
2026-06-11 13:43:00,1781185380,790.66661796,850.81223314,790.66661796,843.97273283,
2026-06-11 13:44:00,1781185440,843.97273283,886.87980674,842.19511308,886.87980674,
2026-06-11 13:45:00,1781185500,886.87980674,971.9846267,871.27375145,934.58337292,
2026-06-11 13:46:00,1781185560,934.58337292,942.42763522,903.44187625,932.42465417,
2026-06-11 13:47:00,1781185620,932.42465417,955.79992913,905.97525329,936.65798904,
2026-06-11 13:48:00,1781185680,936.65798904,944.38844792,919.72453953,937.62284453,
2026-06-11 13:49:00,1781185740,937.62284453,950.13125071,920.94257693,921.66082756,
2026-06-11 13:50:00,1781185800,921.66082756,998.38935392,919.08364267,989.84003735,
2026-06-11 13:51:00,1781185860,989.84003735,991.62674965,939.43208286,958.72847663,
2026-06-11 13:52:00,1781185920,958.72847663,995.6368212,942.28162079,961.71653543,
2026-06-11 13:53:00,1781185980,961.71653543,1041.65992264,935.09101764,1038.86584059,
2026-06-11 13:54:00,1781186040,1038.86584059,1041.37156238,991.10312974,1001.15139212,
2026-06-11 13:55:00,1781186100,1001.15139212,1001.15139212,967.72489793,980.82319709,
2026-06-11 13:56:00,1781186160,980.82319709,981.9099463,926.15986696,926.38167145,
2026-06-11 13:57:00,1781186220,926.38167145,934.32202516,896.07218358,898.86834106,
2026-06-11 13:58:00,1781186280,898.86834106,933.19322963,898.86834106,920.4538386,
2026-06-11 13:59:00,1781186340,920.4538386,950.41818083,920.01104635,943.96867752,
2026-06-11 14:00:00,1781186400,943.96867752,951.58086297,919.27973399,930.77296779,
2026-06-11 14:01:00,1781186460,930.77296779,938.43424285,896.31551905,925.9171316,
2026-06-11 14:02:00,1781186520,925.9171316,935.47101959,904.66951903,917.22578841,
2026-06-11 14:03:00,1781186580,917.22578841,934.16029936,896.590154,899.19930689,
2026-06-11 14:04:00,1781186640,899.19930689,946.77640971,888.10672754,944.8580237,
2026-06-11 14:05:00,1781186700,944.8580237,945.86972008,859.71039656,863.89113283,
2026-06-11 14:06:00,1781186760,863.89113283,886.55631665,846.8834526,847.71787799,
2026-06-11 14:07:00,1781186820,847.71787799,894.03810528,846.67443666,891.73981679,
2026-06-11 14:08:00,1781186880,891.73981679,891.73981679,866.85861338,887.62062438,
2026-06-11 14:09:00,1781186940,887.62062438,890.38995063,833.6657159,850.51780632,
2026-06-11 14:10:00,1781187000,850.51780632,864.21365706,802.58222722,802.58222722,
2026-06-11 14:11:00,1781187060,802.58222722,820.03911136,767.88570964,819.23207345,
2026-06-11 14:12:00,1781187120,819.23207345,830.20023873,781.76731064,790.895832,
2026-06-11 14:13:00,1781187180,790.895832,810.26815216,775.63278744,808.20693858,
2026-06-11 14:14:00,1781187240,808.20693858,813.56925211,781.9565589,786.86081875,
2026-06-11 14:15:00,1781187300,786.86081875,829.96924281,780.35463692,810.12500024,
2026-06-11 14:16:00,1781187360,810.12500024,815.32401286,753.6115294,755.92337127,
2026-06-11 14:17:00,1781187420,755.92337127,804.52218392,755.42267213,790.03207321,
2026-06-11 14:18:00,1781187480,790.03207321,795.32232559,758.06287676,758.06287676,
2026-06-11 14:19:00,1781187540,758.06287676,798.43531794,752.026936,784.58217567,
2026-06-11 14:20:00,1781187600,784.58217567,819.1558307,775.53799566,818.43870779,
2026-06-11 14:21:00,1781187660,818.43870779,832.59886043,800.31174395,832.26655459,
2026-06-11 14:22:00,1781187720,832.26655459,846.74176998,792.03789718,833.78678281,
2026-06-11 14:23:00,1781187780,833.78678281,874.70665237,832.10459185,851.50060046,
2026-06-11 14:24:00,1781187840,851.50060046,886.04580385,835.20942298,862.20563614,
2026-06-11 14:25:00,1781187900,862.20563614,878.54521097,853.49696316,865.35595051,
2026-06-11 14:26:00,1781187960,865.35595051,865.72990346,819.90701882,824.10871324,
2026-06-11 14:27:00,1781188020,824.10871324,859.50563583,824.1063202,844.2506961,
2026-06-11 14:28:00,1781188080,844.2506961,869.32715499,834.36225401,866.80317039,
2026-06-11 14:29:00,1781188140,866.80317039,899.25836471,856.45127536,894.34691652,
2026-06-11 14:30:00,1781188200,894.34691652,910.78125043,835.39396396,838.57967941,
2026-06-11 14:31:00,1781188260,838.57967941,861.72436131,828.2237525,853.1338758,
2026-06-11 14:32:00,1781188320,853.1338758,873.24098037,838.13261966,848.22625015,
2026-06-11 14:33:00,1781188380,848.22625015,859.6363203,827.4073993,832.57752638,
2026-06-11 14:34:00,1781188440,832.57752638,843.89691101,810.48016684,841.14996105,
2026-06-11 14:35:00,1781188500,841.14996105,865.96984469,829.33933597,861.11256901,
2026-06-11 14:36:00,1781188560,861.11256901,915.83534024,847.26094554,915.83534024,
2026-06-11 14:37:00,1781188620,915.83534024,919.54245627,843.13933434,844.25571003,
2026-06-11 14:38:00,1781188680,844.25571003,872.66742611,842.84736826,856.47081544,
2026-06-11 14:39:00,1781188740,856.47081544,858.27527439,826.88094123,833.38167984,
2026-06-11 14:40:00,1781188800,833.38167984,839.97699127,815.91388248,839.43958274,
2026-06-11 14:41:00,1781188860,839.43958274,855.7436866,818.87839432,824.89652162,
2026-06-11 14:42:00,1781188920,824.89652162,843.25125995,810.28076747,823.0882206,
2026-06-11 14:43:00,1781188980,823.0882206,830.35935399,795.60803152,812.46775068,
2026-06-11 14:44:00,1781189040,812.46775068,828.0140352,797.54424323,800.17006032,
2026-06-11 14:45:00,1781189100,800.17006032,824.3600372,796.96015021,817.49106901,
2026-06-11 14:46:00,1781189160,817.49106901,838.7659552,800.86455777,810.83711563,
2026-06-11 14:47:00,1781189220,810.83711563,831.74935678,809.13226883,814.3109013,
2026-06-11 14:48:00,1781189280,814.3109013,853.78975404,812.74976373,835.76171002,
2026-06-11 14:49:00,1781189340,835.76171002,845.52454509,817.08375402,821.31143571,
2026-06-11 14:50:00,1781189400,821.31143571,848.02976091,802.28788962,842.63518716,
2026-06-11 14:51:00,1781189460,842.63518716,881.46549571,829.3680669,859.95711681,
2026-06-11 14:52:00,1781189520,859.95711681,862.24464695,826.55320098,839.61445617,
2026-06-11 14:53:00,1781189580,839.61445617,869.3935362,831.65022187,838.31108758,
2026-06-11 14:54:00,1781189640,838.31108758,851.40824394,821.20086759,834.93983252,
2026-06-11 14:55:00,1781189700,834.93983252,835.52534993,808.60065108,809.98235288,
2026-06-11 14:56:00,1781189760,809.98235288,811.94388704,754.17779867,769.97192666,
2026-06-11 14:57:00,1781189820,769.97192666,794.23245919,753.00228347,792.41984136,
2026-06-11 14:58:00,1781189880,792.41984136,802.16055681,740.4779883,744.77309116,
2026-06-11 14:59:00,1781189940,744.77309116,749.7066328,731.51537897,732.93901069,
2026-06-11 15:00:00,1781190000,732.93901069,752.24713146,712.42087138,712.75753542,
2026-06-11 15:01:00,1781190060,712.75753542,712.80362045,641.4124257,657.86601813,
2026-06-11 15:02:00,1781190120,657.86601813,701.76124638,650.62972469,675.43119293,
2026-06-11 15:03:00,1781190180,675.43119293,726.16042046,674.11661395,711.46665412,
2026-06-11 15:04:00,1781190240,711.46665412,731.15752338,702.60356226,720.02982367,
2026-06-11 15:05:00,1781190300,720.02982367,722.37086476,681.13886264,688.03409516,
2026-06-11 15:06:00,1781190360,688.03409516,720.3255158,682.04890723,705.11373302,
2026-06-11 15:07:00,1781190420,705.11373302,780.10964072,695.43926569,775.34631798,
2026-06-11 15:08:00,1781190480,775.34631798,789.19856934,741.01687443,764.05883514,
2026-06-11 15:09:00,1781190540,764.05883514,774.19166582,735.8379112,741.23404624,
2026-06-11 15:10:00,1781190600,741.23404624,741.38088016,712.14112315,723.5965179,
2026-06-11 15:11:00,1781190660,723.5965179,739.76009039,718.43644631,733.59534215,
2026-06-11 15:12:00,1781190720,733.59534215,793.24713321,728.54266473,768.3727326,
2026-06-11 15:13:00,1781190780,768.3727326,773.12423242,741.96008167,743.9399233,
2026-06-11 15:14:00,1781190840,743.9399233,743.9399233,706.50768627,707.86064461,
2026-06-11 15:15:00,1781190900,707.86064461,737.8236654,698.53721549,736.42462472,
2026-06-11 15:16:00,1781190960,736.42462472,745.70451648,702.55965273,704.3142283,
2026-06-11 15:17:00,1781191020,704.3142283,719.0478837,695.33710391,697.42036315,
2026-06-11 15:18:00,1781191080,697.42036315,704.36488438,669.81067719,673.37919957,
2026-06-11 15:19:00,1781191140,673.37919957,696.81067655,670.94656873,691.68189714,
2026-06-11 15:20:00,1781191200,691.68189714,749.47438081,687.70580238,742.3443969,
2026-06-11 15:21:00,1781191260,742.3443969,760.73356725,736.87394868,743.12112451,
2026-06-11 15:22:00,1781191320,743.12112451,743.12112451,719.46808088,729.13706728,
2026-06-11 15:23:00,1781191380,729.13706728,762.78499366,722.96197335,757.29809578,
2026-06-11 15:24:00,1781191440,757.29809578,762.72717106,746.74109961,747.41147211,
2026-06-11 15:25:00,1781191500,747.41147211,747.91410637,720.7966731,738.99552606,
2026-06-11 15:26:00,1781191560,738.99552606,741.37764662,720.62701327,741.37764662,
2026-06-11 15:27:00,1781191620,741.37764662,748.83757399,719.70461565,735.31971047,
2026-06-11 15:28:00,1781191680,735.31971047,737.52761626,712.55243732,723.22434555,
2026-06-11 15:29:00,1781191740,723.22434555,729.1438712,710.0262026,719.52013962,
2026-06-11 15:30:00,1781191800,719.52013962,730.9189929,694.2813137,697.08893928,
2026-06-11 15:31:00,1781191860,697.08893928,699.24575953,676.04873877,697.15610712,
2026-06-11 15:32:00,1781191920,697.15610712,717.62922428,694.92071096,717.53448689,
2026-06-11 15:33:00,1781191980,717.53448689,717.93899754,692.25543084,716.27904261,
2026-06-11 15:34:00,1781192040,716.27904261,742.3355907,716.27904261,730.47010864,
2026-06-11 15:35:00,1781192100,730.47010864,776.86189911,726.44465654,760.0545751,
2026-06-11 15:36:00,1781192160,760.0545751,774.81053221,735.26627678,770.79462437,
2026-06-11 15:37:00,1781192220,770.79462437,788.97267917,767.38894093,785.69128028,
2026-06-11 15:38:00,1781192280,785.69128028,788.52164572,758.14906114,786.93742619,
2026-06-11 15:39:00,1781192340,786.93742619,797.65286347,768.48073887,769.91306921,
2026-06-11 15:40:00,1781192400,769.91306921,793.74322921,764.7442994,790.19111231,
2026-06-11 15:41:00,1781192460,790.19111231,790.19111231,758.28123095,758.88173765,
2026-06-11 15:42:00,1781192520,758.88173765,764.89353066,740.06304817,750.00428792,
2026-06-11 15:43:00,1781192580,750.00428792,758.60276262,709.05260362,710.80585213,
2026-06-11 15:44:00,1781192640,710.80585213,721.5123189,691.61527535,693.04772202,
2026-06-11 15:45:00,1781192700,693.04772202,703.59003912,656.26351187,663.44230989,
2026-06-11 15:46:00,1781192760,663.44230989,699.1295007,663.44230989,696.86598814,
2026-06-11 15:47:00,1781192820,696.86598814,715.52506122,694.54912641,707.36694495,
2026-06-11 15:48:00,1781192880,707.36694495,707.75551131,658.65991305,675.13102879,
2026-06-11 15:49:00,1781192940,675.13102879,686.69661308,660.00465299,664.38281119,
2026-06-11 15:50:00,1781193000,664.38281119,671.7801999,655.01301882,660.34583217,
2026-06-11 15:51:00,1781193060,660.34583217,677.52252955,658.02083529,668.35983608,
2026-06-11 15:52:00,1781193120,668.35983608,674.78534032,640.46414531,650.81540426,
2026-06-11 15:53:00,1781193180,650.81540426,653.80418425,633.90571082,645.30000503,
2026-06-11 15:54:00,1781193240,645.30000503,667.74413629,645.20520952,666.63432374,
2026-06-11 15:55:00,1781193300,666.63432374,680.34518456,640.91427034,676.85381204,
2026-06-11 15:56:00,1781193360,676.85381204,689.60768658,665.44684756,689.60768658,
2026-06-11 15:57:00,1781193420,689.60768658,702.91936962,681.94761647,698.82163574,
2026-06-11 15:58:00,1781193480,698.82163574,708.45600161,693.07577379,708.30641605,
2026-06-11 15:59:00,1781193540,708.30641605,721.6306719,700.51006499,721.42966876,
2026-06-11 16:00:00,1781193600,721.42966876,742.81134133,719.24200327,738.81706449,
2026-06-11 16:01:00,1781193660,738.81706449,754.18950771,719.15293262,722.08401979,
2026-06-11 16:02:00,1781193720,722.08401979,722.08401979,707.9554992,717.14842488,
2026-06-11 16:03:00,1781193780,717.14842488,724.14184465,695.05705839,695.38150002,
2026-06-11 16:04:00,1781193840,695.38150002,697.1373778,678.59125879,687.71632347,
2026-06-11 16:05:00,1781193900,687.71632347,708.81995018,680.37376206,706.99375979,
2026-06-11 16:06:00,1781193960,706.99375979,747.05846278,706.6942055,742.55366345,
2026-06-11 16:07:00,1781194020,742.55366345,761.73508742,736.05872679,759.9405312,
2026-06-11 16:08:00,1781194080,759.9405312,759.98955375,738.12492926,754.54633656,
2026-06-11 16:09:00,1781194140,754.54633656,754.54633656,708.00519833,711.23625463,
2026-06-11 16:10:00,1781194200,711.23625463,734.77784382,703.16215897,707.86678371,
2026-06-11 16:11:00,1781194260,707.86678371,721.53332541,704.60566111,715.34955312,
2026-06-11 16:12:00,1781194320,715.34955312,726.42277551,707.25543618,722.75789943,
2026-06-11 16:13:00,1781194380,722.75789943,727.26474489,714.86223178,719.31188494,
2026-06-11 16:14:00,1781194440,719.31188494,748.41506209,717.16220198,745.29977978,
2026-06-11 16:15:00,1781194500,745.29977978,757.72800981,729.90871773,738.29034371,
2026-06-11 16:16:00,1781194560,738.29034371,750.08023982,731.76149395,746.19629028,
2026-06-11 16:17:00,1781194620,746.19629028,746.71284877,720.88711208,743.42997226,
2026-06-11 16:18:00,1781194680,743.42997226,746.32178039,730.32530578,743.27826247,
2026-06-11 16:19:00,1781194740,743.27826247,745.48862223,732.15685293,741.66759821,
2026-06-11 16:20:00,1781194800,741.66759821,745.34491527,717.00628349,717.94111647,
2026-06-11 16:21:00,1781194860,717.94111647,736.68326677,672.55773995,681.57111015,
2026-06-11 16:22:00,1781194920,681.57111015,694.89001484,661.67483973,663.95566379,
2026-06-11 16:23:00,1781194980,663.95566379,674.25977606,650.76642283,653.4635656,
2026-06-11 16:24:00,1781195040,653.4635656,659.8538887,638.91301634,640.52921601,
2026-06-11 16:25:00,1781195100,640.52921601,647.0435505,619.54666501,625.51683273,
2026-06-11 16:26:00,1781195160,625.51683273,647.20122225,623.67400356,635.47667309,
2026-06-11 16:27:00,1781195220,635.47667309,646.02304404,635.04683866,640.20201315,
2026-06-11 16:28:00,1781195280,640.20201315,659.92497627,638.79315031,647.68662987,
2026-06-11 16:29:00,1781195340,647.68662987,659.91845418,643.22773361,647.50559277,
2026-06-11 16:30:00,1781195400,647.50559277,653.67025132,629.81146432,637.91668619,
2026-06-11 16:31:00,1781195460,637.91668619,642.81120346,623.07339096,623.07339096,
2026-06-11 16:32:00,1781195520,623.07339096,638.9197484,605.88062767,638.59364091,
2026-06-11 16:33:00,1781195580,638.59364091,663.70640823,630.0896952,663.70640823,
2026-06-11 16:34:00,1781195640,663.70640823,704.97483046,660.90187656,674.58154961,
2026-06-11 16:35:00,1781195700,674.58154961,696.32358045,663.2038105,688.75331167,
2026-06-11 16:36:00,1781195760,688.75331167,722.72143562,683.5823656,722.72143562,
2026-06-11 16:37:00,1781195820,722.72143562,731.56564673,706.40670139,708.49457879,
2026-06-11 16:38:00,1781195880,708.49457879,716.46628286,686.72445863,704.41957368,
2026-06-11 16:39:00,1781195940,704.41957368,704.61573943,680.89867847,689.3595297,
2026-06-11 16:40:00,1781196000,689.3595297,699.2172791,669.12345231,673.42743121,
2026-06-11 16:41:00,1781196060,673.42743121,684.1700306,655.36658545,656.458151,
2026-06-11 16:42:00,1781196120,656.458151,666.68066734,644.75332035,663.99591387,
2026-06-11 16:43:00,1781196180,663.99591387,680.68735251,654.07351135,660.16692656,
2026-06-11 16:44:00,1781196240,660.16692656,663.47369281,644.36314484,654.88050113,
2026-06-11 16:45:00,1781196300,654.88050113,669.86445794,632.51753863,633.3364329,
2026-06-11 16:46:00,1781196360,633.3364329,648.83575462,630.33913363,638.61724676,
2026-06-11 16:47:00,1781196420,638.61724676,645.41177374,630.22396248,642.67332734,
2026-06-11 16:48:00,1781196480,642.67332734,662.10747984,642.67332734,658.33699681,
2026-06-11 16:49:00,1781196540,658.33699681,658.38261218,624.3444288,636.64777559,
2026-06-11 16:50:00,1781196600,636.64777559,640.51109556,612.007111,638.44989388,
2026-06-11 16:51:00,1781196660,638.44989388,640.98718041,624.75633485,626.42711088,
2026-06-11 16:52:00,1781196720,626.42711088,634.79809672,612.68541479,623.96375506,
2026-06-11 16:53:00,1781196780,623.96375506,642.20583181,619.87397834,635.99327618,
2026-06-11 16:54:00,1781196840,635.99327618,653.20251108,628.7817023,630.44114824,
2026-06-11 16:55:00,1781196900,630.44114824,631.97970351,613.6742245,615.06051704,
2026-06-11 16:56:00,1781196960,615.06051704,630.06306402,610.43247933,616.74475737,
2026-06-11 16:57:00,1781197020,616.74475737,620.00708313,611.40762442,617.49497585,
2026-06-11 16:58:00,1781197080,617.49497585,623.91321451,613.28953368,613.28953368,
2026-06-11 16:59:00,1781197140,613.28953368,619.70744597,608.17067526,608.60820237,
2026-06-11 17:00:00,1781197200,608.60820237,609.74032086,596.33291172,605.30637009,
2026-06-11 17:01:00,1781197260,605.30637009,629.41873129,605.12216285,607.88421355,
2026-06-11 17:02:00,1781197320,607.88421355,616.00916995,591.5877238,591.5877238,
2026-06-11 17:03:00,1781197380,591.5877238,593.59732997,527.03806256,535.20872162,
2026-06-11 17:04:00,1781197440,535.20872162,537.4099228,519.30992713,536.59337729,
2026-06-11 17:05:00,1781197500,536.59337729,565.34372379,536.59337729,562.3646239,
2026-06-11 17:06:00,1781197560,562.3646239,574.05647437,555.39331124,565.07470609,
2026-06-11 17:07:00,1781197620,565.07470609,579.18023403,554.06201154,572.67938544,
2026-06-11 17:08:00,1781197680,572.67938544,575.3563374,560.18172575,562.78773309,
2026-06-11 17:09:00,1781197740,562.78773309,581.7649766,562.00054572,574.45239602,
2026-06-11 17:10:00,1781197800,574.45239602,599.89696622,566.93935183,589.48064018,
2026-06-11 17:11:00,1781197860,589.48064018,591.54440926,569.1657348,569.1657348,
2026-06-11 17:12:00,1781197920,569.1657348,582.46232062,543.10545818,543.92900665,
2026-06-11 17:13:00,1781197980,543.92900665,554.70734245,532.76664124,549.96625037,
2026-06-11 17:14:00,1781198040,549.96625037,557.05185006,545.86924614,546.63168205,
2026-06-11 17:15:00,1781198100,546.63168205,561.41115964,524.54708688,559.39757724,
2026-06-11 17:16:00,1781198160,559.39757724,568.15890004,556.96735885,566.14682714,
2026-06-11 17:17:00,1781198220,566.14682714,566.14682714,552.75155226,557.03500469,
2026-06-11 17:18:00,1781198280,557.03500469,557.03500469,522.79419235,526.01505918,
2026-06-11 17:19:00,1781198340,526.01505918,536.42344477,520.3801616,520.818249,
2026-06-11 17:20:00,1781198400,520.818249,533.61246693,508.54379145,530.0424854,
2026-06-11 17:21:00,1781198460,530.0424854,535.04076864,506.41246862,516.31225775,
2026-06-11 17:22:00,1781198520,516.31225775,529.12754542,503.71333477,511.44229008,
2026-06-11 17:23:00,1781198580,511.44229008,525.76119091,508.19915234,520.57435152,
2026-06-11 17:24:00,1781198640,520.57435152,528.50858731,502.55123433,524.94710361,
2026-06-11 17:25:00,1781198700,524.94710361,528.96277457,507.84909913,518.35164544,
2026-06-11 17:26:00,1781198760,518.35164544,522.79775506,498.8511085,500.39792753,
2026-06-11 17:27:00,1781198820,500.39792753,511.6184745,494.36191594,510.54287119,
2026-06-11 17:28:00,1781198880,510.54287119,682.44640616,508.44708682,633.39618133,
2026-06-11 17:29:00,1781198940,633.39618133,787.37608142,615.86399357,774.12714298,
2026-06-11 17:30:00,1781199000,774.12714298,884.85583733,774.12714298,834.15175954,
2026-06-11 17:31:00,1781199060,834.15175954,935.64860958,798.42560984,929.49780571,
2026-06-11 17:32:00,1781199120,929.49780571,1089.19590369,925.40763054,1089.19590369,
2026-06-11 17:33:00,1781199180,1089.19590369,1106.42049883,1012.52734353,1012.52734353,
2026-06-11 17:34:00,1781199240,1012.52734353,1024.5196623,947.97562859,993.4559929,
2026-06-11 17:35:00,1781199300,993.4559929,1012.06348826,911.57097632,979.6582918,
2026-06-11 17:36:00,1781199360,979.6582918,992.64543676,910.44336679,924.84539379,
2026-06-11 17:37:00,1781199420,924.84539379,966.2837321,908.06561364,948.12310937,
2026-06-11 17:38:00,1781199480,948.12310937,979.56333761,924.91981546,967.69748033,
2026-06-11 17:39:00,1781199540,967.69748033,983.10106924,938.53715993,961.25830812,
2026-06-11 17:40:00,1781199600,961.25830812,1031.25165727,961.25830812,1021.39954808,
2026-06-11 17:41:00,1781199660,1021.39954808,1061.87485125,1002.12498986,1055.24938011,
2026-06-11 17:42:00,1781199720,1055.24938011,1067.91500114,1010.58145683,1036.52214642,
2026-06-11 17:43:00,1781199780,1036.52214642,1054.45356603,1007.34292771,1018.00986436,
2026-06-11 17:44:00,1781199840,1018.00986436,1040.98232751,1001.15465571,1029.36170574,
2026-06-11 17:45:00,1781199900,1029.36170574,1115.82535311,1029.35939605,1115.69581584,
2026-06-11 17:46:00,1781199960,1115.69581584,1116.14697691,1017.18239922,1042.2154793,
2026-06-11 17:47:00,1781200020,1042.2154793,1135.32853511,1041.03082689,1113.3088002,
2026-06-11 17:48:00,1781200080,1113.3088002,1162.94649545,1112.64398223,1124.27187576,
2026-06-11 17:49:00,1781200140,1124.27187576,1217.9609684,1072.78704935,1200.47777846,
2026-06-11 17:50:00,1781200200,1200.47777846,1202.76450797,1129.19412346,1129.32369925,
2026-06-11 17:51:00,1781200260,1129.32369925,1188.4161696,1108.28817886,1167.33158148,
2026-06-11 17:52:00,1781200320,1167.33158148,1201.51787453,1135.18819633,1137.72686006,
2026-06-11 17:53:00,1781200380,1137.72686006,1147.11294492,1101.3276153,1115.42212728,
2026-06-11 17:54:00,1781200440,1115.42212728,1117.95865791,1087.21154952,1113.50158134,
2026-06-11 17:55:00,1781200500,1113.50158134,1131.75428214,1098.09885495,1109.38639123,
2026-06-11 17:56:00,1781200560,1109.38639123,1111.51812985,1051.25629649,1080.64901534,
2026-06-11 17:57:00,1781200620,1080.64901534,1122.07891172,1062.08386592,1114.30978491,
2026-06-11 17:58:00,1781200680,1114.30978491,1172.36659664,1109.26110273,1156.39442333,
2026-06-11 17:59:00,1781200740,1156.39442333,1232.3729195,1135.00652424,1225.05976698,
2026-06-11 18:00:00,1781200800,1225.05976698,1275.02510675,1210.75835406,1246.02606832,
2026-06-11 18:01:00,1781200860,1246.02606832,1302.74199817,1240.52650793,1298.10607022,
2026-06-11 18:02:00,1781200920,1298.10607022,1334.03190085,1213.5749578,1216.08162612,
2026-06-11 18:03:00,1781200980,1216.08162612,1282.9750719,1180.15859381,1197.50575336,
2026-06-11 18:04:00,1781201040,1197.50575336,1201.80995974,1130.3121084,1147.05769827,
2026-06-11 18:05:00,1781201100,1147.05769827,1154.68641523,1086.31107354,1086.8486023,
2026-06-11 18:06:00,1781201160,1086.8486023,1100.7448508,1055.14211431,1076.81710792,
2026-06-11 18:07:00,1781201220,1076.81710792,1093.06428012,1057.88516466,1078.34435523,
2026-06-11 18:08:00,1781201280,1078.34435523,1095.80332291,1043.77810722,1043.77810722,
2026-06-11 18:09:00,1781201340,1043.77810722,1063.56463421,1024.88023143,1057.52990355,
2026-06-11 18:10:00,1781201400,1057.52990355,1064.36972843,1017.53503443,1041.9980442,
2026-06-11 18:11:00,1781201460,1041.9980442,1097.33284122,1021.72920136,1085.51237656,
2026-06-11 18:12:00,1781201520,1085.51237656,1135.77541871,1085.51237656,1101.39915372,
2026-06-11 18:13:00,1781201580,1101.39915372,1114.3416239,1078.55270052,1102.40839264,
2026-06-11 18:14:00,1781201640,1102.40839264,1118.64342683,1089.23914561,1112.5175034,
2026-06-11 18:15:00,1781201700,1112.5175034,1136.0334747,1108.37223909,1134.91545988,
2026-06-11 18:16:00,1781201760,1134.91545988,1209.01456186,1134.91545988,1198.86064506,
2026-06-11 18:17:00,1781201820,1198.86064506,1200.54067255,1156.25091711,1180.67268077,
2026-06-11 18:18:00,1781201880,1180.67268077,1191.84829328,1135.46984753,1157.15200345,
2026-06-11 18:19:00,1781201940,1157.15200345,1208.79288955,1134.47259616,1184.69629041,
2026-06-11 18:20:00,1781202000,1184.69629041,1196.34802398,1155.21393103,1171.74072618,
2026-06-11 18:21:00,1781202060,1171.74072618,1207.96521317,1163.26940383,1172.66617352,
2026-06-11 18:22:00,1781202120,1172.66617352,1172.66617352,1052.98348738,1092.68226246,
2026-06-11 18:23:00,1781202180,1092.68226246,1100.84666818,1047.1997811,1058.90939803,
2026-06-11 18:24:00,1781202240,1058.90939803,1079.00409178,1038.44920042,1068.78863978,
2026-06-11 18:25:00,1781202300,1068.78863978,1102.40265275,1064.99955437,1101.37065428,
2026-06-11 18:26:00,1781202360,1101.37065428,1106.88622821,1082.69742637,1104.61853053,
2026-06-11 18:27:00,1781202420,1104.61853053,1109.97047509,1085.9557449,1093.28947315,
2026-06-11 18:28:00,1781202480,1093.28947315,1095.59078726,1056.56852687,1081.95296634,
2026-06-11 18:29:00,1781202540,1081.95296634,1087.97052618,1053.28415977,1071.3659971,
2026-06-11 18:30:00,1781202600,1071.3659971,1119.09955927,1063.89048718,1118.7734311,
2026-06-11 18:31:00,1781202660,1118.7734311,1120.28385977,1094.88286032,1100.36289927,
2026-06-11 18:32:00,1781202720,1100.36289927,1100.42482091,1057.61066594,1077.90040823,
2026-06-11 18:33:00,1781202780,1077.90040823,1115.20612606,1063.50381782,1108.64162425,
2026-06-11 18:34:00,1781202840,1108.64162425,1118.36530173,1096.30383726,1097.2558991,
2026-06-11 18:35:00,1781202900,1097.2558991,1118.69200034,1096.29450411,1112.50343636,
2026-06-11 18:36:00,1781202960,1112.50343636,1166.65472408,1109.12331382,1160.06325108,
2026-06-11 18:37:00,1781203020,1160.06325108,1168.45494072,1145.20282747,1152.62157614,
2026-06-11 18:38:00,1781203080,1152.62157614,1161.55047679,1139.85877331,1156.80786988,
2026-06-11 18:39:00,1781203140,1156.80786988,1173.91540907,1147.86122016,1162.564524,
2026-06-11 18:40:00,1781203200,1162.564524,1185.91238994,1151.13916235,1153.23003396,
2026-06-11 18:41:00,1781203260,1153.23003396,1170.61235751,1144.28112013,1149.22811656,
2026-06-11 18:42:00,1781203320,1149.22811656,1157.06805732,1140.642478,1150.6717749,
2026-06-11 18:43:00,1781203380,1150.6717749,1179.90113382,1145.77095212,1173.74741171,
2026-06-11 18:44:00,1781203440,1173.74741171,1177.34993811,1163.11044107,1175.35664664,
2026-06-11 18:45:00,1781203500,1175.35664664,1179.00559044,1153.52980116,1169.42988282,
2026-06-11 18:46:00,1781203560,1169.42988282,1175.09777564,1161.87235546,1166.05580822,
2026-06-11 18:47:00,1781203620,1166.05580822,1197.34149688,1160.33055854,1196.54477086,
2026-06-11 18:48:00,1781203680,1196.54477086,1196.54477086,1166.82764172,1169.67835488,
2026-06-11 18:49:00,1781203740,1169.67835488,1169.67835488,1140.31310383,1156.63991987,
2026-06-11 18:50:00,1781203800,1156.63991987,1173.13038199,1150.68479469,1154.05807461,
2026-06-11 18:51:00,1781203860,1154.05807461,1155.23465589,1133.10071354,1133.10071354,
2026-06-11 18:52:00,1781203920,1133.10071354,1173.83888653,1132.38181941,1173.83888653,
2026-06-11 18:53:00,1781203980,1173.83888653,1190.69455209,1161.44058119,1176.03529419,
2026-06-11 18:54:00,1781204040,1176.03529419,1178.3619747,1151.51969982,1151.58516576,
2026-06-11 18:55:00,1781204100,1151.58516576,1161.09160387,1136.87641246,1138.76404912,
2026-06-11 18:56:00,1781204160,1138.76404912,1171.33355822,1129.29882811,1162.49179566,
2026-06-11 18:57:00,1781204220,1162.49179566,1169.02462269,1148.77399554,1164.26926913,
2026-06-11 18:58:00,1781204280,1164.26926913,1171.44111668,1141.57969784,1142.30380629,
2026-06-11 18:59:00,1781204340,1142.30380629,1143.28363136,1112.55758651,1115.82249853,
2026-06-11 19:00:00,1781204400,1115.82249853,1130.03632458,1088.39483435,1125.08749437,
2026-06-11 19:01:00,1781204460,1125.08749437,1172.01139861,1120.35451665,1159.53177431,
2026-06-11 19:02:00,1781204520,1159.53177431,1208.91691912,1159.53177431,1179.49007732,
2026-06-11 19:03:00,1781204580,1179.49007732,1182.87619692,1139.49493807,1147.45854196,
2026-06-11 19:04:00,1781204640,1147.45854196,1161.62303439,1135.15792896,1142.37973861,
2026-06-11 19:05:00,1781204700,1142.37973861,1155.48849992,1133.82843756,1136.22958778,
2026-06-11 19:06:00,1781204760,1136.22958778,1140.93697879,1113.61199325,1130.71493442,
2026-06-11 19:07:00,1781204820,1130.71493442,1132.12463321,1113.49596965,1117.27535273,
2026-06-11 19:08:00,1781204880,1117.27535273,1120.44938749,1067.12477934,1086.78766683,
2026-06-11 19:09:00,1781204940,1086.78766683,1110.66572491,1080.66054861,1082.48513306,
2026-06-11 19:10:00,1781205000,1082.48513306,1122.27031199,1081.01418042,1102.68543116,
2026-06-11 19:11:00,1781205060,1102.68543116,1108.47532866,1063.89374742,1086.18601426,
2026-06-11 19:12:00,1781205120,1086.18601426,1188.98441743,1086.18601426,1159.8630923,
2026-06-11 19:13:00,1781205180,1159.8630923,1173.14243363,1109.01128519,1154.68095637,
2026-06-11 19:14:00,1781205240,1154.68095637,1185.22241437,1145.13645101,1159.49927852,
2026-06-11 19:15:00,1781205300,1159.49927852,1199.93429877,1154.07297005,1193.65687466,
2026-06-11 19:16:00,1781205360,1193.65687466,1214.32256616,1189.09915986,1205.24304296,
2026-06-11 19:17:00,1781205420,1205.24304296,1248.56353844,1196.43876238,1243.51651281,
2026-06-11 19:18:00,1781205480,1243.51651281,1264.48291607,1236.30020857,1249.89105664,
2026-06-11 19:19:00,1781205540,1249.89105664,1249.89105664,1208.99302296,1228.61054067,
2026-06-11 19:20:00,1781205600,1228.61054067,1273.67423242,1228.61054067,1240.13212288,
2026-06-11 19:21:00,1781205660,1240.13212288,1246.67276304,1226.60045731,1235.9855973,
2026-06-11 19:22:00,1781205720,1235.9855973,1257.12498278,1235.20059412,1248.37902853,
2026-06-11 19:23:00,1781205780,1248.37902853,1279.64448397,1247.72583651,1264.7690193,
2026-06-11 19:24:00,1781205840,1264.7690193,1281.13680138,1252.81274894,1265.54269593,
2026-06-11 19:25:00,1781205900,1265.54269593,1265.58356294,1223.71256142,1256.41329487,
2026-06-11 19:26:00,1781205960,1256.41329487,1267.39552403,1224.16751424,1264.08583316,
2026-06-11 19:27:00,1781206020,1264.08583316,1264.15227844,1212.09694696,1223.41586361,
2026-06-11 19:28:00,1781206080,1223.41586361,1228.56762422,1199.30033458,1225.15522991,
2026-06-11 19:29:00,1781206140,1225.15522991,1237.58654009,1203.85696956,1207.59003174,
2026-06-11 19:30:00,1781206200,1207.59003174,1412.43873236,1203.76003022,1412.43873236,
2026-06-11 19:31:00,1781206260,1412.43873236,1412.43873236,1328.95138211,1363.01839342,
2026-06-11 19:32:00,1781206320,1363.01839342,1421.80765673,1359.32326097,1405.23496368,
2026-06-11 19:33:00,1781206380,1405.23496368,1454.02346337,1371.69365417,1418.20116779,
2026-06-11 19:34:00,1781206440,1418.20116779,1427.98935334,1300.36290545,1326.6534997,
2026-06-11 19:35:00,1781206500,1326.6534997,1339.7339418,1284.070644,1329.49357799,
2026-06-11 19:36:00,1781206560,1329.49357799,1355.9076758,1310.79145141,1325.31506167,
2026-06-11 19:37:00,1781206620,1325.31506167,1373.21458628,1312.29057301,1353.22980046,
2026-06-11 19:38:00,1781206680,1353.22980046,1356.4173273,1306.4496662,1307.47376941,
2026-06-11 19:39:00,1781206740,1307.47376941,1317.43414118,1260.17795632,1262.7820571,
2026-06-11 19:40:00,1781206800,1262.7820571,1314.45076343,1262.7820571,1309.44590089,
2026-06-11 19:41:00,1781206860,1309.44590089,1351.41800304,1308.5368422,1342.42741092,
2026-06-11 19:42:00,1781206920,1342.42741092,1353.18652608,1336.25912902,1346.53217596,
2026-06-11 19:43:00,1781206980,1346.53217596,1350.55047621,1319.69957199,1323.64498291,
2026-06-11 19:44:00,1781207040,1323.64498291,1326.51335488,1264.63112152,1276.34987065,
2026-06-11 19:45:00,1781207100,1276.34987065,1277.47311241,1256.34237714,1272.48241203,
2026-06-11 19:46:00,1781207160,1272.48241203,1281.11616943,1238.93101183,1247.66694076,
2026-06-11 19:47:00,1781207220,1247.66694076,1298.36331908,1247.66460501,1298.23310773,
2026-06-11 19:48:00,1781207280,1298.23310773,1306.89963199,1269.15417983,1290.99268348,
2026-06-11 19:49:00,1781207340,1290.99268348,1303.92275511,1266.81386092,1271.54023686,
2026-06-11 19:50:00,1781207400,1271.54023686,1287.2017439,1229.68840492,1251.94862303,
2026-06-11 19:51:00,1781207460,1251.94862303,1287.3743538,1244.90567026,1285.68638669,
2026-06-11 19:52:00,1781207520,1285.68638669,1292.37194458,1248.64269633,1266.96885644,
2026-06-11 19:53:00,1781207580,1266.96885644,1280.16052967,1251.63808702,1278.48301235,
2026-06-11 19:54:00,1781207640,1278.48301235,1290.01571128,1269.68423025,1290.01571128,
2026-06-11 19:55:00,1781207700,1290.01571128,1290.01571128,1237.93754647,1265.77125575,
2026-06-11 19:56:00,1781207760,1265.77125575,1269.68955087,1257.04381231,1261.15435976,
2026-06-11 19:57:00,1781207820,1261.15435976,1270.28950138,1242.82895935,1264.65114461,
2026-06-11 19:58:00,1781207880,1264.65114461,1274.15891243,1242.69156217,1243.3165592,
2026-06-11 19:59:00,1781207940,1243.3165592,1260.59036292,1218.15155427,1227.14436461,
2026-06-11 20:00:00,1781208000,1227.14436461,1255.18181964,1176.51552829,1186.17104482,
2026-06-11 20:01:00,1781208060,1186.17104482,1232.0024584,1182.72695207,1212.78868374,
2026-06-11 20:02:00,1781208120,1212.78868374,1260.81331417,1193.72465646,1242.23293898,
2026-06-11 20:03:00,1781208180,1242.23293898,1253.86309506,1205.23146063,1229.60654168,
2026-06-11 20:04:00,1781208240,1229.60654168,1240.33831791,1214.32271376,1220.57514221,
2026-06-11 20:05:00,1781208300,1220.57514221,1256.08418068,1218.26388459,1246.40179034,
2026-06-11 20:06:00,1781208360,1246.40179034,1246.7510346,1218.73369627,1219.13755914,
2026-06-11 20:07:00,1781208420,1219.13755914,1222.03893573,1191.77616657,1207.84939292,
2026-06-11 20:08:00,1781208480,1207.84939292,1208.50422954,1177.93383958,1191.81759452,
2026-06-11 20:09:00,1781208540,1191.81759452,1200.96592218,1189.12295668,1194.05242066,
2026-06-11 20:10:00,1781208600,1194.05242066,1194.05242066,1151.77479905,1154.74948675,
2026-06-11 20:11:00,1781208660,1154.74948675,1164.32702639,1140.17390289,1159.35859658,
2026-06-11 20:12:00,1781208720,1159.35859658,1164.86153263,1156.71926885,1161.18622891,
2026-06-11 20:13:00,1781208780,1161.18622891,1169.84381605,1141.35212082,1151.74017825,
2026-06-11 20:14:00,1781208840,1151.74017825,1170.39908883,1149.26968949,1162.3351382,
2026-06-11 20:15:00,1781208900,1162.3351382,1167.88485559,1143.20631422,1146.65344141,
2026-06-11 20:16:00,1781208960,1146.65344141,1157.55915135,1141.66956558,1156.75950599,
2026-06-11 20:17:00,1781209020,1156.75950599,1171.35723345,1151.54165169,1166.06812214,
2026-06-11 20:18:00,1781209080,1166.06812214,1174.27871386,1154.27583451,1155.58609634,
2026-06-11 20:19:00,1781209140,1155.58609634,1174.75534928,1155.58609634,1161.39641986,
2026-06-11 20:20:00,1781209200,1161.39641986,1168.7848003,1161.08809227,1164.32253939,
2026-06-11 20:21:00,1781209260,1164.32253939,1168.38521997,1126.62042573,1126.62042573,
2026-06-11 20:22:00,1781209320,1126.62042573,1127.63253729,1111.81279799,1121.39857766,
2026-06-11 20:23:00,1781209380,1121.39857766,1133.58596984,1121.33123543,1133.32427965,
2026-06-11 20:24:00,1781209440,1133.32427965,1136.77175669,1124.35016747,1126.79588372,
2026-06-11 20:25:00,1781209500,1126.79588372,1127.85509556,1098.53639682,1109.24699311,
2026-06-11 20:26:00,1781209560,1109.24699311,1125.99101587,1082.04246605,1084.15546715,
2026-06-11 20:27:00,1781209620,1084.15546715,1109.08395313,1075.5507439,1080.19655464,
2026-06-11 20:28:00,1781209680,1080.19655464,1080.25908441,1022.98608152,1049.58078795,
2026-06-11 20:29:00,1781209740,1049.58078795,1051.94567793,1038.68956405,1049.97620068,
2026-06-11 20:30:00,1781209800,1049.97620068,1050.40876155,1033.47686823,1044.96180088,
2026-06-11 20:31:00,1781209860,1044.96180088,1063.59848569,1028.82890664,1032.81222802,
2026-06-11 20:32:00,1781209920,1032.81222802,1053.72783368,1029.50472752,1050.11422507,
2026-06-11 20:33:00,1781209980,1050.11422507,1073.44807436,1040.34446112,1062.7431259,
2026-06-11 20:34:00,1781210040,1062.7431259,1072.03432869,1052.71568255,1055.74411444,
2026-06-11 20:35:00,1781210100,1055.74411444,1057.89778923,1027.22084251,1032.15295289,
2026-06-11 20:36:00,1781210160,1032.15295289,1035.91085801,1015.40517792,1023.8507065,
2026-06-11 20:37:00,1781210220,1023.8507065,1026.21374317,1013.72521339,1024.03542203,
2026-06-11 20:38:00,1781210280,1024.03542203,1028.97769302,1016.36869793,1017.86063978,
2026-06-11 20:39:00,1781210340,1017.86063978,1024.4933108,1009.7236536,1023.07387441,
2026-06-11 20:40:00,1781210400,1023.07387441,1045.49026726,1019.4454287,1036.01916966,
2026-06-11 20:41:00,1781210460,1036.01916966,1036.45756963,1008.28130803,1008.48411447,
2026-06-11 20:42:00,1781210520,1008.48411447,1008.54610338,992.62583733,995.86788565,
2026-06-11 20:43:00,1781210580,995.86788565,1005.6784737,992.00341704,994.62496893,
2026-06-11 20:44:00,1781210640,994.62496893,1002.94318529,981.74526881,982.34467989,
2026-06-11 20:45:00,1781210700,982.34467989,988.965529,971.34492587,988.28549102,
2026-06-11 20:46:00,1781210760,988.28549102,988.28549102,970.47133193,977.1124542,
2026-06-11 20:47:00,1781210820,977.1124542,990.77112324,973.36899057,979.0788062,
2026-06-11 20:48:00,1781210880,979.0788062,980.89175092,971.60981639,975.04118127,
2026-06-11 20:49:00,1781210940,975.04118127,983.20209089,975.03389342,977.16986512,
2026-06-11 20:50:00,1781211000,977.16986512,986.8374171,976.78482583,976.99870367,
2026-06-11 20:51:00,1781211060,976.99870367,1005.32884589,976.99627451,1005.32884589,
2026-06-11 20:52:00,1781211120,1005.32884589,1044.80219617,1002.15186673,1044.70234682,
2026-06-11 20:53:00,1781211180,1044.70234682,1048.94505296,1029.33927273,1048.94505296,
2026-06-11 20:54:00,1781211240,1048.94505296,1054.2280619,1041.43310585,1050.61881572,
2026-06-11 20:55:00,1781211300,1050.61881572,1050.80763311,1039.89972471,1041.91626702,
2026-06-11 20:56:00,1781211360,1041.91626702,1050.43993459,1040.64459703,1047.71287683,
2026-06-11 20:57:00,1781211420,1047.71287683,1053.02735315,1042.16984718,1051.28923379,
2026-06-11 20:58:00,1781211480,1051.28923379,1056.91647429,1028.73281109,1044.67924969,
2026-06-11 20:59:00,1781211540,1044.67924969,1056.9656919,1039.16354169,1039.35445624,
2026-06-11 21:00:00,1781211600,1039.35445624,1057.78337908,1038.84302079,1052.85576668,
2026-06-11 21:01:00,1781211660,1052.85576668,1071.96298677,1052.85104855,1065.0415137,
2026-06-11 21:02:00,1781211720,1065.0415137,1065.0415137,1045.81994246,1046.96222842,
2026-06-11 21:03:00,1781211780,1046.96222842,1048.43043419,1044.05085711,1048.39477454,
2026-06-11 21:04:00,1781211840,1048.39477454,1083.60115533,1045.76811153,1081.25165654,
2026-06-11 21:05:00,1781211900,1081.25165654,1105.45911555,1079.03433418,1085.38370842,
2026-06-11 21:06:00,1781211960,1085.38370842,1090.58589307,1080.03973441,1085.91001762,
2026-06-11 21:07:00,1781212020,1085.91001762,1103.95439681,1085.90533585,1088.99097396,
2026-06-11 21:08:00,1781212080,1088.99097396,1107.7030871,1088.6599947,1103.4094285,
2026-06-11 21:09:00,1781212140,1103.4094285,1104.30368485,1093.7206255,1096.08478673,
2026-06-11 21:10:00,1781212200,1096.08478673,1098.60263254,1095.9546079,1096.28243527,
2026-06-11 21:11:00,1781212260,1096.28243527,1101.45708444,1089.688014,1097.5565135,
2026-06-11 21:12:00,1781212320,1097.5565135,1106.0458387,1097.55475601,1106.04348337,
2026-06-11 21:13:00,1781212380,1106.04348337,1182.876569,1106.04348337,1171.90973674,
2026-06-11 21:14:00,1781212440,1171.90973674,1173.42950371,1153.71176925,1155.16188098,
2026-06-11 21:15:00,1781212500,1155.16188098,1155.26467547,1138.86010582,1143.91172978,
2026-06-11 21:16:00,1781212560,1143.91172978,1148.70951232,1126.5874886,1134.14053649,
2026-06-11 21:17:00,1781212620,1134.14053649,1144.13919647,1127.91297416,1130.03776798,
2026-06-11 21:18:00,1781212680,1130.03776798,1137.97236795,1124.66632805,1132.32049636,
2026-06-11 21:19:00,1781212740,1132.32049636,1139.24700626,1128.21774584,1132.97318103,
2026-06-11 21:20:00,1781212800,1132.97318103,1140.03581806,1125.15107323,1129.73090251,
2026-06-11 21:21:00,1781212860,1129.73090251,1133.78359218,1117.27744106,1132.91822937,
2026-06-11 21:22:00,1781212920,1132.91822937,1146.99114703,1132.38233393,1146.3899287,
2026-06-11 21:23:00,1781212980,1146.3899287,1161.36092499,1146.36835085,1152.8160837,
2026-06-11 21:24:00,1781213040,1152.8160837,1152.8160837,1127.23531971,1132.00028775,
2026-06-11 21:25:00,1781213100,1132.00028775,1132.00028775,1102.59260096,1112.20699712,
2026-06-11 21:26:00,1781213160,1112.20699712,1112.20699712,1085.73726176,1086.18935538,
2026-06-11 21:27:00,1781213220,1086.18935538,1091.46176145,1082.55395309,1090.40642599,
2026-06-11 21:28:00,1781213280,1090.40642599,1091.60543071,1074.78284144,1084.74460497,
2026-06-11 21:29:00,1781213340,1084.74460497,1103.33502504,1084.48249436,1103.00498648,
2026-06-11 21:30:00,1781213400,1103.00498648,1114.63454263,1102.87156153,1114.62744156,
2026-06-11 21:31:00,1781213460,1114.62744156,1119.01209041,1110.05640757,1115.6104469,
2026-06-11 21:32:00,1781213520,1115.6104469,1125.2476986,1110.60382304,1125.17673647,
2026-06-11 21:33:00,1781213580,1125.17673647,1125.17673647,1120.04561567,1121.69483226,
2026-06-11 21:34:00,1781213640,1121.69483226,1121.69483226,1103.52703531,1107.05907603,
2026-06-11 21:35:00,1781213700,1107.05907603,1107.54011705,1087.25446103,1092.85189521,
2026-06-11 21:36:00,1781213760,1092.85189521,1101.47147359,1092.65596322,1099.89403079,
2026-06-11 21:37:00,1781213820,1099.89403079,1100.06314244,1091.53720935,1091.79875397,
2026-06-11 21:38:00,1781213880,1091.79875397,1124.34434958,1091.73099532,1122.30773565,
2026-06-11 21:39:00,1781213940,1122.30773565,1127.02797399,1112.21729449,1126.78650775,
2026-06-11 21:40:00,1781214000,1126.78650775,1137.23954451,1098.14187788,1101.96988571,
2026-06-11 21:41:00,1781214060,1101.96988571,1111.1726472,1095.92653535,1110.6816831,
2026-06-11 21:42:00,1781214120,1110.6816831,1129.01631795,1110.63194867,1124.57628149,
2026-06-11 21:43:00,1781214180,1124.57628149,1125.51610278,1103.43188268,1105.00126387,
2026-06-11 21:44:00,1781214240,1105.00126387,1132.91818228,1103.48477352,1132.23612696,
2026-06-11 21:45:00,1781214300,1132.23612696,1148.18930244,1124.01249866,1131.8952949,
2026-06-11 21:46:00,1781214360,1131.8952949,1153.14289641,1129.14760924,1140.72856335,
2026-06-11 21:47:00,1781214420,1140.72856335,1155.60020885,1130.74506589,1144.48185041,
2026-06-11 21:48:00,1781214480,1144.48185041,1160.86864604,1140.82480138,1158.37062122,
2026-06-11 21:49:00,1781214540,1158.37062122,1163.30027116,1141.55265785,1142.99538502,
2026-06-11 21:50:00,1781214600,1142.99538502,1143.85914618,1127.49734214,1127.96284268,
2026-06-11 21:51:00,1781214660,1127.96284268,1141.20928095,1121.75474695,1141.1209809,
2026-06-11 21:52:00,1781214720,1141.1209809,1154.99853129,1133.43640219,1141.50800533,
2026-06-11 21:53:00,1781214780,1141.50800533,1145.39291325,1134.68533902,1135.0873609,
2026-06-11 21:54:00,1781214840,1135.0873609,1136.98585563,1109.16509052,1118.93719962,
2026-06-11 21:55:00,1781214900,1118.93719962,1119.00357326,1091.79546706,1092.31325871,
2026-06-11 21:56:00,1781214960,1092.31325871,1096.89281834,1079.70019629,1083.42856327,
2026-06-11 21:57:00,1781215020,1083.42856327,1088.33107656,1074.49323642,1088.28781514,
2026-06-11 21:58:00,1781215080,1088.28781514,1108.33437051,1088.28781514,1108.07564808,
2026-06-11 21:59:00,1781215140,1108.07564808,1118.62406185,1084.10460217,1118.28403145,
2026-06-11 22:00:00,1781215200,1118.28403145,1144.94979812,1104.87684295,1143.48173776,
2026-06-11 22:01:00,1781215260,1143.48173776,1155.76792539,1127.02824929,1155.76792539,
2026-06-11 22:02:00,1781215320,1155.76792539,1166.62430601,1124.6052768,1145.8886827,
2026-06-11 22:03:00,1781215380,1145.8886827,1166.44605725,1145.8886827,1166.44605725,
2026-06-11 22:04:00,1781215440,1166.44605725,1205.76732769,1152.62469066,1156.93958162,
2026-06-11 22:05:00,1781215500,1156.93958162,1186.53528967,1151.52271904,1168.36318865,
2026-06-11 22:06:00,1781215560,1168.36318865,1195.71509027,1153.90851924,1177.2473856,
2026-06-11 22:07:00,1781215620,1177.2473856,1218.85666812,1177.2473856,1206.33785423,
2026-06-11 22:08:00,1781215680,1206.33785423,1210.94272409,1185.30223282,1198.39719585,
2026-06-11 22:09:00,1781215740,1198.39719585,1221.76461364,1198.39719585,1201.42003962,
2026-06-11 22:10:00,1781215800,1201.42003962,1201.42003962,1176.94553948,1197.21327519,
2026-06-11 22:11:00,1781215860,1197.21327519,1213.48761617,1178.69893105,1180.20350324,
2026-06-11 22:12:00,1781215920,1180.20350324,1183.2547242,1157.814563,1164.54928197,
2026-06-11 22:13:00,1781215980,1164.54928197,1188.32869175,1162.307263,1183.28819621,
2026-06-11 22:14:00,1781216040,1183.28819621,1197.60653812,1182.00384358,1189.97928635,
2026-06-11 22:15:00,1781216100,1189.97928635,1197.81750542,1167.49644587,1178.23442353,
2026-06-11 22:16:00,1781216160,1178.23442353,1219.10719343,1171.98508524,1194.19911071,
2026-06-11 22:17:00,1781216220,1194.19911071,1220.58242554,1189.16680497,1198.54463842,
2026-06-11 22:18:00,1781216280,1198.54463842,1202.4708067,1186.45144427,1194.30615923,
2026-06-11 22:19:00,1781216340,1194.30615923,1199.3622131,1185.51873862,1193.25772934,
2026-06-11 22:20:00,1781216400,1193.25772934,1195.72623351,1176.93231132,1183.56530363,
2026-06-11 22:21:00,1781216460,1183.56530363,1184.66597208,1170.72826107,1171.47653927,
2026-06-11 22:22:00,1781216520,1171.47653927,1171.47653927,1138.70301022,1140.22639708,
2026-06-11 22:23:00,1781216580,1140.22639708,1152.20973831,1130.37592944,1143.52722446,
2026-06-11 22:24:00,1781216640,1143.52722446,1151.36316873,1132.09517479,1134.58455352,
2026-06-11 22:25:00,1781216700,1134.58455352,1140.18288393,1118.47059116,1135.34926957,
2026-06-11 22:26:00,1781216760,1135.34926957,1139.7283076,1127.29256894,1131.6356808,
2026-06-11 22:27:00,1781216820,1131.6356808,1140.31822626,1129.06850369,1134.57050526,
2026-06-11 22:28:00,1781216880,1134.57050526,1148.57628913,1123.01296129,1143.66432677,
2026-06-11 22:29:00,1781216940,1143.66432677,1166.38429952,1143.66432677,1158.91986521,
2026-06-11 22:30:00,1781217000,1158.91986521,1171.9055716,1148.51442529,1169.59863079,
2026-06-11 22:31:00,1781217060,1169.59863079,1196.25726769,1163.3436375,1163.3436375,
2026-06-11 22:32:00,1781217120,1163.3436375,1164.29749567,1139.88239482,1140.55630009,
2026-06-11 22:33:00,1781217180,1140.55630009,1154.9112557,1132.38554015,1143.54894073,
2026-06-11 22:34:00,1781217240,1143.54894073,1153.74282507,1114.06927305,1114.06927305,
2026-06-11 22:35:00,1781217300,1114.06927305,1137.67398883,1094.22195477,1137.58188938,
2026-06-11 22:36:00,1781217360,1137.58188938,1151.5672012,1135.88365155,1146.4373923,
2026-06-11 22:37:00,1781217420,1146.4373923,1146.6469458,1131.11836874,1132.66710486,
2026-06-11 22:38:00,1781217480,1132.66710486,1132.86713963,1107.40466335,1110.54676136,
2026-06-11 22:39:00,1781217540,1110.54676136,1122.88067454,1097.62309673,1119.67592431,
2026-06-11 22:40:00,1781217600,1119.67592431,1136.62183514,1111.77542804,1118.82083766,
2026-06-11 22:41:00,1781217660,1118.82083766,1120.63054221,1100.83858372,1103.87455511,
2026-06-11 22:42:00,1781217720,1103.87455511,1105.64490571,1093.72532327,1093.72532327,
2026-06-11 22:43:00,1781217780,1093.72532327,1104.03384197,1089.19030725,1103.47314434,
2026-06-11 22:44:00,1781217840,1103.47314434,1103.6064916,1094.02715451,1096.31287183,
2026-06-11 22:45:00,1781217900,1096.31287183,1114.23403675,1093.69323083,1105.219378,
2026-06-11 22:46:00,1781217960,1105.219378,1105.54557815,1078.67883664,1082.0106719,
2026-06-11 22:47:00,1781218020,1082.0106719,1082.94489559,1072.82011428,1072.82455298,
2026-06-11 22:48:00,1781218080,1072.82455298,1081.94581584,1067.51168846,1078.30357948,
2026-06-11 22:49:00,1781218140,1078.30357948,1118.21890542,1077.83354959,1098.60144501,
2026-06-11 22:50:00,1781218200,1098.60144501,1121.99837805,1097.00177339,1119.55462815,
2026-06-11 22:51:00,1781218260,1119.55462815,1125.05204033,1107.85298864,1108.64845935,
2026-06-11 22:52:00,1781218320,1108.64845935,1119.69005982,1103.74458697,1118.5700804,
2026-06-11 22:53:00,1781218380,1118.5700804,1118.5700804,1102.32236222,1106.74156171,
2026-06-11 22:54:00,1781218440,1106.74156171,1123.60252327,1104.92631915,1123.27739666,
2026-06-11 22:55:00,1781218500,1123.27739666,1137.16765687,1116.42483402,1135.58528959,
2026-06-11 22:56:00,1781218560,1135.58528959,1149.67448557,1110.64055912,1110.68738402,
2026-06-11 22:57:00,1781218620,1110.68738402,1127.90633243,1110.68738402,1126.21611144,
2026-06-11 22:58:00,1781218680,1126.21611144,1126.21611144,1112.05955726,1121.0462287,
2026-06-11 22:59:00,1781218740,1121.0462287,1121.17861706,1088.52975456,1090.95088454,
2026-06-11 23:00:00,1781218800,1090.95088454,1091.34444483,1051.79546503,1052.65414164,
2026-06-11 23:01:00,1781218860,1052.65414164,1052.79372106,1037.71938214,1044.41020727,
2026-06-11 23:02:00,1781218920,1044.41020727,1062.43048092,1024.92831112,1051.09838461,
2026-06-11 23:03:00,1781218980,1051.09838461,1053.31623429,1000.9787287,1029.01324877,
2026-06-11 23:04:00,1781219040,1029.01324877,1047.28844975,1023.04446383,1039.55471041,
2026-06-11 23:05:00,1781219100,1039.55471041,1050.41010312,1032.65357905,1035.18643486,
2026-06-11 23:06:00,1781219160,1035.18643486,1036.94367356,1022.21832999,1026.72725034,
2026-06-11 23:07:00,1781219220,1026.72725034,1031.11759748,1017.04070857,1019.66811414,
2026-06-11 23:08:00,1781219280,1019.66811414,1022.00007883,996.33839427,1004.60777183,
2026-06-11 23:09:00,1781219340,1004.60777183,1004.60777183,994.58852756,996.51813276,
2026-06-11 23:10:00,1781219400,996.51813276,1013.4644821,994.74641811,1007.00141074,
2026-06-11 23:11:00,1781219460,1007.00141074,1012.65463793,1000.66800376,1005.59033426,
2026-06-11 23:12:00,1781219520,1005.59033426,1036.8883673,1004.94967554,1035.70860293,
2026-06-11 23:13:00,1781219580,1035.70860293,1035.70860293,1009.7173881,1021.46234707,
2026-06-11 23:14:00,1781219640,1021.46234707,1032.05959805,1019.51039658,1023.6921325,
2026-06-11 23:15:00,1781219700,1023.6921325,1038.45523877,1013.36028389,1037.28083219,
2026-06-11 23:16:00,1781219760,1037.28083219,1048.30603591,1021.45206093,1040.18461018,
2026-06-11 23:17:00,1781219820,1040.18461018,1040.18461018,1016.25449623,1016.49794032,
2026-06-11 23:18:00,1781219880,1016.49794032,1026.32452642,1010.86255987,1023.10359666,
2026-06-11 23:19:00,1781219940,1023.10359666,1043.94317837,1020.38305425,1038.09701099,
2026-06-11 23:20:00,1781220000,1038.09701099,1039.41233194,1020.17159632,1022.7919805,
2026-06-11 23:21:00,1781220060,1022.7919805,1029.65135785,1020.91385909,1020.91385909,
2026-06-11 23:22:00,1781220120,1020.91385909,1046.58734468,1020.81244856,1043.18456783,
2026-06-11 23:23:00,1781220180,1043.18456783,1047.37113822,1035.419431,1042.19089653,
2026-06-11 23:24:00,1781220240,1042.19089653,1042.31805736,1014.7530742,1021.84088751,
2026-06-11 23:25:00,1781220300,1021.84088751,1031.50149659,1014.41786504,1016.0096669,
2026-06-11 23:26:00,1781220360,1016.0096669,1037.9973457,1015.56000533,1030.57030098,
2026-06-11 23:27:00,1781220420,1030.57030098,1037.55307223,1007.44144647,1008.67895103,
2026-06-11 23:28:00,1781220480,1008.67895103,1009.6473677,1008.36361789,1008.36361789,
2026-06-11 23:29:00,1781220540,1008.36361789,1017.58865874,1006.16287399,1010.34638587,
2026-06-11 23:30:00,1781220600,1010.34638587,1031.06045016,1010.05747345,1022.73295896,
2026-06-11 23:31:00,1781220660,1022.73295896,1070.29543503,1017.0263782,1064.09906059,
2026-06-11 23:32:00,1781220720,1064.09906059,1085.537143,1064.09906059,1076.42687655,
2026-06-11 23:33:00,1781220780,1076.42687655,1103.67913914,1061.00283827,1103.67677261,
2026-06-11 23:34:00,1781220840,1103.67677261,1103.87301302,1084.72209028,1100.28839934,
2026-06-11 23:35:00,1781220900,1100.28839934,1106.53814093,1079.7500607,1080.58423508,
2026-06-11 23:36:00,1781220960,1080.58423508,1097.10500387,1074.34482942,1083.47064617,
2026-06-11 23:37:00,1781221020,1083.47064617,1091.33659049,1074.52248945,1075.71903696,
2026-06-11 23:38:00,1781221080,1075.71903696,1086.11117209,1068.15683481,1085.18565136,
2026-06-11 23:39:00,1781221140,1085.18565136,1106.86138698,1078.16556082,1103.41133165,
2026-06-11 23:40:00,1781221200,1103.41133165,1212.09861585,1102.73305422,1200.43704903,
2026-06-11 23:41:00,1781221260,1200.43704903,1206.73170409,1192.61690096,1195.25494616,
2026-06-11 23:42:00,1781221320,1195.25494616,1195.89705504,1186.9373588,1194.5476271,
2026-06-11 23:43:00,1781221380,1194.5476271,1196.53872152,1164.83310254,1174.09242528,
2026-06-11 23:44:00,1781221440,1174.09242528,1174.09242528,1166.85167204,1169.96935411,
2026-06-11 23:45:00,1781221500,1169.96935411,1182.0834857,1169.79358389,1170.42835221,
2026-06-11 23:46:00,1781221560,1170.42835221,1187.32862838,1170.07204458,1176.60193041,
2026-06-11 23:47:00,1781221620,1176.60193041,1186.66710943,1151.23400659,1152.04140806,
2026-06-11 23:48:00,1781221680,1152.04140806,1159.12631705,1142.14977921,1147.16902464,
2026-06-11 23:49:00,1781221740,1147.16902464,1159.89878845,1144.56121145,1146.40558154,
2026-06-11 23:50:00,1781221800,1146.40558154,1146.47445268,1130.68521675,1137.12136198,
2026-06-11 23:51:00,1781221860,1137.12136198,1137.18991454,1107.94059112,1111.20373006,
2026-06-11 23:52:00,1781221920,1111.20373006,1111.20373006,1088.55123697,1109.0348812,
2026-06-11 23:53:00,1781221980,1109.0348812,1110.93074501,1089.56720243,1099.89693649,
2026-06-11 23:54:00,1781222040,1099.89693649,1167.07678341,1097.85510805,1160.90036234,
2026-06-11 23:55:00,1781222100,1160.90036234,1165.73152106,1154.09045578,1162.53563382,
2026-06-11 23:56:00,1781222160,1162.53563382,1162.66754537,1151.76218562,1159.7418904,
2026-06-11 23:57:00,1781222220,1159.7418904,1169.85657767,1142.11328421,1163.15529313,
2026-06-11 23:58:00,1781222280,1163.15529313,1169.3997729,1146.25977037,1155.20650465,
2026-06-11 23:59:00,1781222340,1155.20650465,1164.91930288,1140.43260029,1164.91930288,
2026-06-12 00:00:00,1781222400,1164.91930288,1164.97461241,1117.06493353,1152.56476067,
2026-06-12 00:01:00,1781222460,1152.56476067,1161.61982584,1142.51286016,1147.26911143,
2026-06-12 00:02:00,1781222520,1147.26911143,1153.0830885,1124.16502619,1129.83093231,
2026-06-12 00:03:00,1781222580,1129.83093231,1129.83093231,1099.97847148,1106.64756594,
2026-06-12 00:04:00,1781222640,1106.64756594,1132.4599594,1106.43979964,1129.48040634,
2026-06-12 00:05:00,1781222700,1129.48040634,1151.75816817,1126.7452067,1136.26721855,
2026-06-12 00:06:00,1781222760,1136.26721855,1161.85038827,1129.55794926,1151.1786275,
2026-06-12 00:07:00,1781222820,1151.1786275,1271.47579041,1151.17636204,1257.14074371,
2026-06-12 00:08:00,1781222880,1257.14074371,1272.32435787,1232.93146732,1244.0513296,
2026-06-12 00:09:00,1781222940,1244.0513296,1244.0513296,1217.71204315,1224.8830827,
2026-06-12 00:10:00,1781223000,1224.8830827,1241.107562,1220.64276461,1221.92885023,
2026-06-12 00:11:00,1781223060,1221.92885023,1240.01497634,1200.26984256,1206.91762223,
2026-06-12 00:12:00,1781223120,1206.91762223,1212.85298999,1197.8947838,1204.38686577,
2026-06-12 00:13:00,1781223180,1204.38686577,1219.47766136,1192.66779621,1217.33187959,
2026-06-12 00:14:00,1781223240,1217.33187959,1237.73963251,1216.13888347,1235.57798406,
2026-06-12 00:15:00,1781223300,1235.57798406,1235.57798406,1168.0541938,1178.29235222,
2026-06-12 00:16:00,1781223360,1178.29235222,1193.02017104,1145.00751975,1151.62210785,
2026-06-12 00:17:00,1781223420,1151.62210785,1162.10373446,1144.50245116,1152.43310005,
2026-06-12 00:18:00,1781223480,1152.43310005,1170.43087876,1152.43310005,1165.07916251,
2026-06-12 00:19:00,1781223540,1165.07916251,1182.10655207,1164.24844217,1167.99594215,
2026-06-12 00:20:00,1781223600,1167.99594215,1167.99594215,1154.07660073,1163.39583198,
2026-06-12 00:21:00,1781223660,1163.39583198,1190.11633252,1156.59933736,1168.28327932,
2026-06-12 00:22:00,1781223720,1168.28327932,1180.24205541,1134.83622928,1147.07465974,
2026-06-12 00:23:00,1781223780,1147.07465974,1147.07465974,1131.13723558,1134.5695755,
2026-06-12 00:24:00,1781223840,1134.5695755,1138.93340956,1115.06173026,1117.28989784,
2026-06-12 00:25:00,1781223900,1117.28989784,1141.27530808,1116.73760253,1140.14225101,
2026-06-12 00:26:00,1781223960,1140.14225101,1140.34630512,1092.48122284,1092.48122284,
2026-06-12 00:27:00,1781224020,1092.48122284,1118.57142896,1074.04014078,1107.6269213,
2026-06-12 00:28:00,1781224080,1107.6269213,1134.08138582,1107.6269213,1131.57608135,
2026-06-12 00:29:00,1781224140,1131.57608135,1156.43134495,1130.88086365,1140.96569121,
2026-06-12 00:30:00,1781224200,1140.96569121,1153.81529887,1129.04806137,1145.0428229,
2026-06-12 00:31:00,1781224260,1145.0428229,1145.0428229,1104.62111185,1123.25235939,
2026-06-12 00:32:00,1781224320,1123.25235939,1152.61389337,1120.32910979,1149.16996232,
2026-06-12 00:33:00,1781224380,1149.16996232,1174.74405442,1148.60384663,1171.52884299,
2026-06-12 00:34:00,1781224440,1171.52884299,1187.87396309,1133.1098278,1149.85365994,
2026-06-12 00:35:00,1781224500,1149.85365994,1177.31192032,1142.66754009,1175.90483438,
2026-06-12 00:36:00,1781224560,1175.90483438,1187.38372929,1158.55633322,1177.14647482,
2026-06-12 00:37:00,1781224620,1177.14647482,1193.56711911,1176.72010032,1187.11174822,
2026-06-12 00:38:00,1781224680,1187.11174822,1232.03321845,1187.10953722,1209.62714013,
2026-06-12 00:39:00,1781224740,1209.62714013,1210.61491715,1175.82995157,1176.78353226,
2026-06-12 00:40:00,1781224800,1176.78353226,1191.39174955,1162.20781058,1184.09069775,
2026-06-12 00:41:00,1781224860,1184.09069775,1195.3548667,1171.33936103,1181.79253697,
2026-06-12 00:42:00,1781224920,1181.79253697,1201.93075228,1179.79658308,1185.60473868,
2026-06-12 00:43:00,1781224980,1185.60473868,1189.84477603,1161.81084504,1162.87226737,
2026-06-12 00:44:00,1781225040,1162.87226737,1168.78875961,1152.69863629,1164.84606211,
2026-06-12 00:45:00,1781225100,1164.84606211,1189.23574839,1156.45720604,1187.70359244,
2026-06-12 00:46:00,1781225160,1187.70359244,1190.90387793,1172.78543766,1178.90632406,
2026-06-12 00:47:00,1781225220,1178.90632406,1185.93753714,1171.860597,1180.84036301,
2026-06-12 00:48:00,1781225280,1180.84036301,1187.74027413,1176.5063712,1178.07972769,
2026-06-12 00:49:00,1781225340,1178.07972769,1188.45348957,1174.92332749,1180.37399911,
2026-06-12 00:50:00,1781225400,1180.37399911,1180.44298998,1162.05204106,1168.16261505,
2026-06-12 00:51:00,1781225460,1168.16261505,1207.01874151,1168.0917669,1197.09612679,
2026-06-12 00:52:00,1781225520,1197.09612679,1198.95535237,1183.50128912,1192.76082404,
2026-06-12 00:53:00,1781225580,1192.76082404,1200.51029465,1187.98080001,1197.34444035,
2026-06-12 00:54:00,1781225640,1197.34444035,1209.02130541,1192.86496327,1199.53509165,
2026-06-12 00:55:00,1781225700,1199.53509165,1205.93308831,1191.2024127,1201.68316235,
2026-06-12 00:56:00,1781225760,1201.68316235,1215.96901886,1195.37429952,1202.16742381,
2026-06-12 00:57:00,1781225820,1202.16742381,1202.33512723,1169.85725192,1172.83103067,
2026-06-12 00:58:00,1781225880,1172.83103067,1180.61902433,1143.98697483,1145.2087289,
2026-06-12 00:59:00,1781225940,1145.2087289,1158.66298216,1140.51939784,1151.26508132,
2026-06-12 01:00:00,1781226000,1151.26508132,1156.16374108,1087.77080689,1094.36984113,
2026-06-12 01:01:00,1781226060,1094.36984113,1094.45191433,1060.19222377,1060.3250559,
2026-06-12 01:02:00,1781226120,1060.3250559,1071.10989884,1031.47089481,1034.53384966,
2026-06-12 01:03:00,1781226180,1034.53384966,1077.06935342,1031.900968,1062.60103438,
2026-06-12 01:04:00,1781226240,1062.60103438,1066.33196934,1045.93240761,1057.84328135,
2026-06-12 01:05:00,1781226300,1057.84328135,1064.07177125,1035.13936424,1035.46886717,
2026-06-12 01:06:00,1781226360,1035.46886717,1071.9456948,1035.39970109,1056.82865847,
2026-06-12 01:07:00,1781226420,1056.82865847,1069.99880613,1051.75580176,1057.98205633,
2026-06-12 01:08:00,1781226480,1057.98205633,1059.92175716,1047.06260753,1050.71005254,
2026-06-12 01:09:00,1781226540,1050.71005254,1085.73883499,1049.79954067,1055.34915864,
2026-06-12 01:10:00,1781226600,1055.34915864,1067.6970228,1048.30681244,1056.11397157,
2026-06-12 01:11:00,1781226660,1056.11397157,1068.00563465,1035.47810175,1040.01272209,
2026-06-12 01:12:00,1781226720,1040.01272209,1044.77920142,1033.10501838,1041.55885914,
2026-06-12 01:13:00,1781226780,1041.55885914,1044.16712275,1027.86576859,1040.85526083,
2026-06-12 01:14:00,1781226840,1040.85526083,1051.81243076,1027.61707909,1038.57637916,
2026-06-12 01:15:00,1781226900,1038.57637916,1042.88576524,1024.36120604,1027.574815,
2026-06-12 01:16:00,1781226960,1027.574815,1076.80495571,1024.83829517,1076.04870115,
2026-06-12 01:17:00,1781227020,1076.04870115,1076.04870115,1022.67959551,1040.25129397,
2026-06-12 01:18:00,1781227080,1040.25129397,1048.66006025,1025.95543453,1025.95543453,
2026-06-12 01:19:00,1781227140,1025.95543453,1026.15529622,1003.52464079,1004.0343561,
2026-06-12 01:20:00,1781227200,1004.0343561,1008.33703166,987.95806806,996.51288235,
2026-06-12 01:21:00,1781227260,996.51288235,1015.5725682,990.95410678,1011.53152446,
2026-06-12 01:22:00,1781227320,1011.53152446,1011.53152446,982.93469517,983.06252185,
2026-06-12 01:23:00,1781227380,983.06252185,997.08228917,975.35402497,975.89992953,
2026-06-12 01:24:00,1781227440,975.89992953,987.37935982,975.74031031,978.93134915,
2026-06-12 01:25:00,1781227500,978.93134915,989.18229802,969.12954893,976.63796136,
2026-06-12 01:26:00,1781227560,976.63796136,977.02793893,941.38969111,943.93893317,
2026-06-12 01:27:00,1781227620,943.93893317,949.68840999,918.02679954,943.90225128,
2026-06-12 01:28:00,1781227680,943.90225128,957.98523666,916.5533141,951.33148619,
2026-06-12 01:29:00,1781227740,951.33148619,963.16808948,949.01344073,954.14710382,
2026-06-12 01:30:00,1781227800,954.14710382,984.61340538,950.76197372,984.28755658,
2026-06-12 01:31:00,1781227860,984.28755658,984.86934073,955.24361816,965.52236064,
2026-06-12 01:32:00,1781227920,965.52236064,992.76014613,964.61266089,983.8904349,
2026-06-12 01:33:00,1781227980,983.8904349,997.41594982,971.93003109,983.02948389,
2026-06-12 01:34:00,1781228040,983.02948389,990.56793583,959.12717399,959.38094699,
2026-06-12 01:35:00,1781228100,959.38094699,965.64085748,929.41657354,936.15357391,
2026-06-12 01:36:00,1781228160,936.15357391,945.03004028,927.03628211,927.70021672,
2026-06-12 01:37:00,1781228220,927.70021672,946.94280475,927.70021672,945.73472812,
2026-06-12 01:38:00,1781228280,945.73472812,954.61159269,941.93086563,953.59064354,
2026-06-12 01:39:00,1781228340,953.59064354,972.12638453,939.61423078,967.72000532,
2026-06-12 01:40:00,1781228400,967.72000532,968.55436901,947.76017164,948.66482551,
2026-06-12 01:41:00,1781228460,948.66482551,962.3872671,947.64369832,953.75781667,
2026-06-12 01:42:00,1781228520,953.75781667,974.67926733,952.60533843,974.67926733,
2026-06-12 01:43:00,1781228580,974.67926733,997.38456969,974.67441201,988.14760097,
2026-06-12 01:44:00,1781228640,988.14760097,995.51506232,962.09581955,963.54364664,
2026-06-12 01:45:00,1781228700,963.54364664,1014.03025177,963.28224549,989.45009504,
2026-06-12 01:46:00,1781228760,989.45009504,1009.62024122,985.86834273,998.47375751,
2026-06-12 01:47:00,1781228820,998.47375751,1014.80957417,991.49883501,994.67853588,
2026-06-12 01:48:00,1781228880,994.67853588,1017.38686728,988.00168208,1011.6750395,
2026-06-12 01:49:00,1781228940,1011.6750395,1027.806642,1006.99218571,1019.13382181,
2026-06-12 01:50:00,1781229000,1019.13382181,1019.32973262,994.30941167,1000.40036056,
2026-06-12 01:51:00,1781229060,1000.40036056,1020.49607817,992.12545382,1009.99164913,
2026-06-12 01:52:00,1781229120,1009.99164913,1011.60277507,998.5775736,1004.11217355,
2026-06-12 01:53:00,1781229180,1004.11217355,1005.02790108,996.48313191,1003.96452112,
2026-06-12 01:54:00,1781229240,1003.96452112,1028.63560126,995.89971829,1025.32775158,
2026-06-12 01:55:00,1781229300,1025.32775158,1025.59362672,987.60221113,995.6829749,
2026-06-12 01:56:00,1781229360,995.6829749,1000.72992909,979.72763335,979.72763335,
2026-06-12 01:57:00,1781229420,979.72763335,986.94095296,971.49678637,982.17904098,
2026-06-12 01:58:00,1781229480,982.17904098,996.24909016,982.15518635,995.78727124,
2026-06-12 01:59:00,1781229540,995.78727124,1003.6938393,990.73050527,1001.66401392,
2026-06-12 02:00:00,1781229600,1001.66401392,1018.43690843,1001.59817475,1007.65628297,
2026-06-12 02:01:00,1781229660,1007.65628297,1028.63763035,1005.99570466,1023.18512286,
2026-06-12 02:02:00,1781229720,1023.18512286,1046.80417517,1018.5963517,1046.73441232,
2026-06-12 02:03:00,1781229780,1046.73441232,1047.06404943,1028.05493142,1028.3219006,
2026-06-12 02:04:00,1781229840,1028.3219006,1039.32095736,1024.07957574,1029.77746531,
2026-06-12 02:05:00,1781229900,1029.77746531,1046.49975137,1026.23719903,1046.49738532,
2026-06-12 02:06:00,1781229960,1046.49738532,1057.43838669,1045.37073452,1057.03156914,
2026-06-12 02:07:00,1781230020,1057.03156914,1081.72250383,1051.18187774,1075.61489278,
2026-06-12 02:08:00,1781230080,1075.61489278,1075.61489278,1057.14313875,1066.454159,
2026-06-12 02:09:00,1781230140,1066.454159,1158.91751901,1061.45162687,1153.42431139,
2026-06-12 02:10:00,1781230200,1153.42431139,1249.36189538,1152.21678627,1199.78707985,
2026-06-12 02:11:00,1781230260,1199.78707985,1206.23142643,1173.6836533,1185.58984379,
2026-06-12 02:12:00,1781230320,1185.58984379,1192.0564837,1168.26394023,1182.65400967,
2026-06-12 02:13:00,1781230380,1182.65400967,1207.84676698,1161.88746107,1171.41896142,
2026-06-12 02:14:00,1781230440,1171.41896142,1171.41896142,1158.90952865,1165.94981176,
2026-06-12 02:15:00,1781230500,1165.94981176,1186.72090799,1158.88626044,1159.45340618,
2026-06-12 02:16:00,1781230560,1159.45340618,1164.54911755,1133.53381488,1148.65829197,
2026-06-12 02:17:00,1781230620,1148.65829197,1148.65829197,1126.62524892,1129.5011001,
2026-06-12 02:18:00,1781230680,1129.5011001,1129.56874138,1109.74595142,1118.60986419,
2026-06-12 02:19:00,1781230740,1118.60986419,1146.91226955,1117.41438779,1143.59807316,
2026-06-12 02:20:00,1781230800,1143.59807316,1147.05247313,1123.18533649,1140.11424549,
2026-06-12 02:21:00,1781230860,1140.11424549,1140.87267777,1120.62667933,1129.52740656,
2026-06-12 02:22:00,1781230920,1129.52740656,1160.46400712,1129.52509512,1138.31855405,
2026-06-12 02:23:00,1781230980,1138.31855405,1156.58368257,1132.86422138,1143.61714568,
2026-06-12 02:24:00,1781231040,1143.61714568,1171.81961092,1143.08462656,1148.29956884,
2026-06-12 02:25:00,1781231100,1148.29956884,1148.29956884,1114.35186531,1119.16730647,
2026-06-12 02:26:00,1781231160,1119.16730647,1124.54324186,1102.42332811,1103.32096167,
2026-06-12 02:27:00,1781231220,1103.32096167,1104.00648687,1088.42049988,1095.0935087,
2026-06-12 02:28:00,1781231280,1095.0935087,1096.89375659,1069.53972285,1082.06507715,
2026-06-12 02:29:00,1781231340,1082.06507715,1087.66970193,1073.18025843,1087.32563143,
2026-06-12 02:30:00,1781231400,1087.32563143,1113.00239574,1082.20971407,1108.65411857,
2026-06-12 02:31:00,1781231460,1108.65411857,1121.417342,1101.1258824,1103.49961094,
2026-06-12 02:32:00,1781231520,1103.49961094,1111.9600101,1099.25635514,1107.90988695,
2026-06-12 02:33:00,1781231580,1107.90988695,1118.73999251,1077.37620239,1079.157896,
2026-06-12 02:34:00,1781231640,1079.157896,1081.28137391,1045.38217681,1055.76715783,
2026-06-12 02:35:00,1781231700,1055.76715783,1072.66334507,1053.32475987,1057.51257611,
2026-06-12 02:36:00,1781231760,1057.51257611,1098.57810114,1052.28190764,1098.57810114,
2026-06-12 02:37:00,1781231820,1098.57810114,1119.36637756,1096.23671189,1115.05041675,
2026-06-12 02:38:00,1781231880,1115.05041675,1130.75815291,1102.58597826,1109.96192727,
2026-06-12 02:39:00,1781231940,1109.96192727,1124.17423009,1096.65307509,1123.33479354,
2026-06-12 02:40:00,1781232000,1123.33479354,1147.42030861,1107.70106212,1118.36442235,
2026-06-12 02:41:00,1781232060,1118.36442235,1122.58090757,1105.33514202,1106.40169285,
2026-06-12 02:42:00,1781232120,1106.40169285,1110.69568748,1099.60951145,1107.37327248,
2026-06-12 02:43:00,1781232180,1107.37327248,1111.26170407,1103.62516479,1110.3362494,
2026-06-12 02:44:00,1781232240,1110.3362494,1141.49575542,1110.26190264,1139.83941622,
2026-06-12 02:45:00,1781232300,1139.83941622,1140.53887786,1112.66638906,1114.3004934,
2026-06-12 02:46:00,1781232360,1114.3004934,1116.74885926,1108.01617663,1115.36969028,
2026-06-12 02:47:00,1781232420,1115.36969028,1136.38517303,1114.99288808,1125.10398299,
2026-06-12 02:48:00,1781232480,1125.10398299,1131.49465675,1104.41754531,1114.86654525,
2026-06-12 02:49:00,1781232540,1114.86654525,1126.12211341,1109.33441666,1125.06382747,
2026-06-12 02:50:00,1781232600,1125.06382747,1127.76210563,1105.3713025,1114.08311918,
2026-06-12 02:51:00,1781232660,1114.08311918,1128.79484974,1100.59863482,1107.79008553,
2026-06-12 02:52:00,1781232720,1107.79008553,1116.91218385,1106.18760847,1116.91218385,
2026-06-12 02:53:00,1781232780,1116.91218385,1117.35654568,1102.79646034,1106.99184181,
2026-06-12 02:54:00,1781232840,1106.99184181,1115.92321785,1106.19482434,1107.23559505,
2026-06-12 02:55:00,1781232900,1107.23559505,1107.23559505,1096.07162975,1099.34601497,
2026-06-12 02:56:00,1781232960,1099.34601497,1100.86388071,1096.51461734,1096.8761273,
2026-06-12 02:57:00,1781233020,1096.8761273,1097.50360936,1085.65286117,1089.82691325,
2026-06-12 02:58:00,1781233080,1089.82691325,1094.52818701,1068.84488497,1094.1059583,
2026-06-12 02:59:00,1781233140,1094.1059583,1125.95236732,1093.81941458,1115.81765565,
2026-06-12 03:00:00,1781233200,1115.81765565,1128.06678049,1114.34941846,1124.28262148,
2026-06-12 03:01:00,1781233260,1124.28262148,1139.45624116,1105.33185373,1109.47888746,
2026-06-12 03:02:00,1781233320,1109.47888746,1115.55170331,1093.13467641,1094.17930528,
2026-06-12 03:03:00,1781233380,1094.17930528,1110.28694122,1088.57649963,1089.38300885,
2026-06-12 03:04:00,1781233440,1089.38300885,1102.83047713,1084.05869351,1085.03478025,
2026-06-12 03:05:00,1781233500,1085.03478025,1085.03478025,1068.45951642,1071.78397559,
2026-06-12 03:06:00,1781233560,1071.78397559,1087.81289591,1071.50616222,1082.60921651,
2026-06-12 03:07:00,1781233620,1082.60921651,1098.87852649,1078.06863452,1080.36282576,
2026-06-12 03:08:00,1781233680,1080.36282576,1082.87738,1065.87329154,1073.37354914,
2026-06-12 03:09:00,1781233740,1073.37354914,1097.25508117,1067.250739,1093.60039033,
2026-06-12 03:10:00,1781233800,1093.60039033,1093.60039033,1074.46128703,1074.59812621,
2026-06-12 03:11:00,1781233860,1074.59812621,1084.57806973,1068.24060849,1076.12948833,
2026-06-12 03:12:00,1781233920,1076.12948833,1080.00618445,1055.34516425,1066.88604005,
2026-06-12 03:13:00,1781233980,1066.88604005,1066.88604005,1035.63534412,1039.41784885,
2026-06-12 03:14:00,1781234040,1039.41784885,1048.95935575,1035.92565863,1045.26511144,
2026-06-12 03:15:00,1781234100,1045.26511144,1045.89508047,1027.39313647,1031.90331586,
2026-06-12 03:16:00,1781234160,1031.90331586,1037.53973122,1018.24039805,1032.15187496,
2026-06-12 03:17:00,1781234220,1032.15187496,1036.12343416,1017.45024124,1022.41825325,
2026-06-12 03:18:00,1781234280,1022.41825325,1025.34527269,1013.65582875,1022.11603153,
2026-06-12 03:19:00,1781234340,1022.11603153,1022.11603153,1007.12904453,1009.50226212,
2026-06-12 03:20:00,1781234400,1009.50226212,1011.39019853,983.89840525,990.20661887,
2026-06-12 03:21:00,1781234460,990.20661887,1002.09561051,972.40539812,975.64392023,
2026-06-12 03:22:00,1781234520,975.64392023,990.84979002,962.73465953,962.73465953,
2026-06-12 03:23:00,1781234580,962.73465953,963.7832976,950.09183064,960.06962509,
2026-06-12 03:24:00,1781234640,960.06962509,971.78014007,954.81185181,964.03321736,
2026-06-12 03:25:00,1781234700,964.03321736,964.03321736,918.98947383,940.16397611,
2026-06-12 03:26:00,1781234760,940.16397611,963.84340689,940.16397611,963.57515573,
2026-06-12 03:27:00,1781234820,963.57515573,966.99079364,947.80102702,953.35013708,
2026-06-12 03:28:00,1781234880,953.35013708,983.14060179,953.35013708,982.74901773,
2026-06-12 03:29:00,1781234940,982.74901773,982.74901773,970.49812759,972.88674349,
2026-06-12 03:30:00,1781235000,972.88674349,999.67809528,972.01590404,977.1488174,
2026-06-12 03:31:00,1781235060,977.1488174,1025.81811136,976.87883271,1003.98177627,
2026-06-12 03:32:00,1781235120,1003.98177627,1003.98177627,973.73265855,994.81300543,
2026-06-12 03:33:00,1781235180,994.81300543,1003.97119327,988.53591527,996.33811588,
2026-06-12 03:34:00,1781235240,996.33811588,1024.74510189,988.89456118,1023.27030282,
2026-06-12 03:35:00,1781235300,1023.27030282,1037.33523291,1000.78723241,1009.12541716,
2026-06-12 03:36:00,1781235360,1009.12541716,1012.59117617,993.32578415,996.61113937,
2026-06-12 03:37:00,1781235420,996.61113937,1016.09607111,996.61113937,1013.88010455,
2026-06-12 03:38:00,1781235480,1013.88010455,1013.94828615,997.24547104,1005.56980135,
2026-06-12 03:39:00,1781235540,1005.56980135,1005.84120492,993.92162202,993.92162202,
2026-06-12 03:40:00,1781235600,993.92162202,1005.23107596,989.10465919,996.52995799,
2026-06-12 03:41:00,1781235660,996.52995799,1012.48923912,987.75095241,997.69196777,
2026-06-12 03:42:00,1781235720,997.69196777,1002.05412229,978.86001356,990.66967316,
2026-06-12 03:43:00,1781235780,990.66967316,995.57845368,985.43131853,987.68271591,
2026-06-12 03:44:00,1781235840,987.68271591,1005.55668971,987.68271591,998.63087738,
2026-06-12 03:45:00,1781235900,998.63087738,1008.40379582,984.77770171,993.0157148,
2026-06-12 03:46:00,1781235960,993.0157148,1013.78307477,990.17547205,1013.22118599,
2026-06-12 03:47:00,1781236020,1013.22118599,1023.85386553,1007.58302302,1015.100294,
2026-06-12 03:48:00,1781236080,1015.100294,1038.12851848,1006.72797237,1020.16521401,
2026-06-12 03:49:00,1781236140,1020.16521401,1028.23313421,991.77138159,996.19367761,
2026-06-12 03:50:00,1781236200,996.19367761,1016.27261081,996.19367761,1004.12923239,
2026-06-12 03:51:00,1781236260,1004.12923239,1021.95627322,1004.12687793,1014.59184678,
2026-06-12 03:52:00,1781236320,1014.59184678,1029.22525659,1014.59184678,1017.9760565,
2026-06-12 03:53:00,1781236380,1017.9760565,1028.18173026,1014.74866603,1026.49740565,
2026-06-12 03:54:00,1781236440,1026.49740565,1034.05131924,1019.83283632,1022.20457492,
2026-06-12 03:55:00,1781236500,1022.20457492,1038.03283233,1021.89662845,1028.77749379,
2026-06-12 03:56:00,1781236560,1028.77749379,1028.77749379,1019.04452689,1023.69900855,
2026-06-12 03:57:00,1781236620,1023.69900855,1036.9420552,1023.63033654,1029.58983601,
2026-06-12 03:58:00,1781236680,1029.58983601,1029.95282557,1019.06546459,1021.37441971,
2026-06-12 03:59:00,1781236740,1021.37441971,1033.36808175,1021.30902083,1029.0604595,
2026-06-12 04:00:00,1781236800,1029.0604595,1035.34143231,1022.36084037,1024.02816809,
2026-06-12 04:01:00,1781236860,1024.02816809,1024.53096029,996.16311717,1017.04168498,
2026-06-12 04:02:00,1781236920,1017.04168498,1017.04168498,999.23698883,1006.4390497,
2026-06-12 04:03:00,1781236980,1006.4390497,1029.81022333,1005.34476731,1018.68235024,
2026-06-12 04:04:00,1781237040,1018.68235024,1025.35012677,999.06292373,1025.07223346,
2026-06-12 04:05:00,1781237100,1025.07223346,1025.32557002,1007.20143439,1009.19459117,
2026-06-12 04:06:00,1781237160,1009.19459117,1010.48953504,976.67031317,976.80246389,
2026-06-12 04:07:00,1781237220,976.80246389,977.43337954,960.38412078,976.62096192,
2026-06-12 04:08:00,1781237280,976.62096192,1020.16288106,976.61860274,1010.92744554,
2026-06-12 04:09:00,1781237340,1010.92744554,1013.58186731,993.82672593,999.36673919,
2026-06-12 04:10:00,1781237400,999.36673919,1007.27614574,998.18027524,1004.96700576,
2026-06-12 04:11:00,1781237460,1004.96700576,1055.37555376,1004.96234677,1036.39059178,
2026-06-12 04:12:00,1781237520,1036.39059178,1040.45841016,1023.74244282,1031.68213687,
2026-06-12 04:13:00,1781237580,1031.68213687,1031.75132119,990.39223145,1000.61396563,
2026-06-12 04:14:00,1781237640,1000.61396563,1017.64060008,994.90464315,1008.96902184,
2026-06-12 04:15:00,1781237700,1008.96902184,1060.3102649,1008.96902184,1052.36676623,
2026-06-12 04:16:00,1781237760,1052.36676623,1151.75111536,1046.00040165,1138.95801185,
2026-06-12 04:17:00,1781237820,1138.95801185,1180.80777416,1118.7557814,1123.73392198,
2026-06-12 04:18:00,1781237880,1123.73392198,1149.13382663,1114.55442812,1125.19185762,
2026-06-12 04:19:00,1781237940,1125.19185762,1140.86283663,1122.05145919,1138.55183037,
2026-06-12 04:20:00,1781238000,1138.55183037,1138.55183037,1114.29214059,1128.19794772,
2026-06-12 04:21:00,1781238060,1128.19794772,1145.06983251,1127.41581518,1142.29545359,
2026-06-12 04:22:00,1781238120,1142.29545359,1168.71573974,1127.16712527,1166.35948744,
2026-06-12 04:23:00,1781238180,1166.35948744,1210.78942543,1162.71898083,1175.78878182,
2026-06-12 04:24:00,1781238240,1175.78878182,1195.95679674,1166.59695019,1186.23257749,
2026-06-12 04:25:00,1781238300,1186.23257749,1188.03398578,1175.02025138,1180.54004864,
2026-06-12 04:26:00,1781238360,1180.54004864,1226.5883201,1175.96817837,1224.892912,
2026-06-12 04:27:00,1781238420,1224.892912,1231.0291868,1204.79564093,1217.83647495,
2026-06-12 04:28:00,1781238480,1217.83647495,1232.32663677,1210.43552473,1220.59651911,
2026-06-12 04:29:00,1781238540,1220.59651911,1237.77393703,1213.27603044,1228.39659564,
2026-06-12 04:30:00,1781238600,1228.39659564,1228.47142238,1202.57174193,1207.76570123,
2026-06-12 04:31:00,1781238660,1207.76570123,1284.49595619,1207.76570123,1226.4887158,
2026-06-12 04:32:00,1781238720,1226.4887158,1240.57369392,1197.08539414,1215.73221829,
2026-06-12 04:33:00,1781238780,1215.73221829,1250.74834789,1195.22912015,1195.22912015,
2026-06-12 04:34:00,1781238840,1195.22912015,1196.2538529,1166.89838347,1194.23938393,
2026-06-12 04:35:00,1781238900,1194.23938393,1200.03145356,1177.58068589,1184.10799756,
2026-06-12 04:36:00,1781238960,1184.10799756,1194.11593513,1174.49768844,1175.69064957,
2026-06-12 04:37:00,1781239020,1175.69064957,1191.03108333,1174.05263741,1181.52177619,
2026-06-12 04:38:00,1781239080,1181.52177619,1182.13622236,1161.18976747,1167.92302842,
2026-06-12 04:39:00,1781239140,1167.92302842,1199.76298514,1166.72510406,1185.02161776,
2026-06-12 04:40:00,1781239200,1185.02161776,1186.32049118,1166.63874873,1178.91764174,
2026-06-12 04:41:00,1781239260,1178.91764174,1179.06151673,1155.34972024,1167.79096329,
2026-06-12 04:42:00,1781239320,1167.79096329,1168.27743728,1151.16814994,1165.52981213,
2026-06-12 04:43:00,1781239380,1165.52981213,1184.9743301,1164.96375779,1170.74681476,
2026-06-12 04:44:00,1781239440,1170.74681476,1187.60000879,1170.74681476,1174.88416879,
2026-06-12 04:45:00,1781239500,1174.88416879,1200.78844893,1174.63349043,1180.72101901,
2026-06-12 04:46:00,1781239560,1180.72101901,1191.62661232,1170.61381871,1180.71697156,
2026-06-12 04:47:00,1781239620,1180.71697156,1182.0047608,1161.45448302,1173.29206491,
2026-06-12 04:48:00,1781239680,1173.29206491,1178.92900066,1167.9650899,1175.68551927,
2026-06-12 04:49:00,1781239740,1175.68551927,1176.12244378,1165.48977603,1172.31813002,
2026-06-12 04:50:00,1781239800,1172.31813002,1188.41781139,1166.06105421,1171.54364243,
2026-06-12 04:51:00,1781239860,1171.54364243,1186.38350211,1167.98407839,1186.23419698,
2026-06-12 04:52:00,1781239920,1186.23419698,1187.37992234,1182.3288888,1185.28108278,
2026-06-12 04:53:00,1781239980,1185.28108278,1190.3130669,1164.65978378,1165.8920356,
2026-06-12 04:54:00,1781240040,1165.8920356,1167.54491337,1162.84695208,1162.98808876,
2026-06-12 04:55:00,1781240100,1162.98808876,1177.99162936,1159.23793833,1159.38117921,
2026-06-12 04:56:00,1781240160,1159.38117921,1168.55996523,1154.14600763,1165.53816112,
2026-06-12 04:57:00,1781240220,1165.53816112,1175.83754023,1165.44377536,1168.27899426,
2026-06-12 04:58:00,1781240280,1168.27899426,1168.27899426,1158.59428638,1159.89982752,
2026-06-12 04:59:00,1781240340,1159.89982752,1166.49075548,1150.92974486,1158.63544354,
2026-06-12 05:00:00,1781240400,1158.63544354,1178.29204456,1147.51656095,1152.19293975,
2026-06-12 05:01:00,1781240460,1152.19293975,1152.26323662,1115.82136727,1140.51772188,
2026-06-12 05:02:00,1781240520,1140.51772188,1140.51772188,1097.57662534,1103.9871708,
2026-06-12 05:03:00,1781240580,1103.9871708,1118.38518204,1102.41725492,1117.43689025,
2026-06-12 05:04:00,1781240640,1117.43689025,1127.59357483,1101.03855097,1106.31927584,
2026-06-12 05:05:00,1781240700,1106.31927584,1115.32900905,1101.14996248,1105.17103368,
2026-06-12 05:06:00,1781240760,1105.17103368,1120.49313307,1100.67220172,1116.22527443,
2026-06-12 05:07:00,1781240820,1116.22527443,1122.67415941,1092.44309077,1093.22745199,
2026-06-12 05:08:00,1781240880,1093.22745199,1093.72271184,1061.17284098,1075.09136291,
2026-06-12 05:09:00,1781240940,1075.09136291,1082.35383092,1067.51805836,1078.59384196,
2026-06-12 05:10:00,1781241000,1078.59384196,1079.22769511,1047.38620298,1059.6878881,
2026-06-12 05:11:00,1781241060,1059.6878881,1060.77701599,986.83110602,986.83110602,
2026-06-12 05:12:00,1781241120,986.83110602,992.20004372,954.20852744,981.74263231,
2026-06-12 05:13:00,1781241180,981.74263231,981.74263231,959.54226732,964.42710497,
2026-06-12 05:14:00,1781241240,964.42710497,985.7524701,964.42465912,967.89611971,
2026-06-12 05:15:00,1781241300,967.89611971,999.45101916,966.88531542,995.68187875,
2026-06-12 05:16:00,1781241360,995.68187875,1016.55052645,994.3137475,1009.68276724,
2026-06-12 05:17:00,1781241420,1009.68276724,1022.8556035,1003.86333899,1019.76174304,
2026-06-12 05:18:00,1781241480,1019.76174304,1030.35959632,1014.84757449,1026.80934838,
2026-06-12 05:19:00,1781241540,1026.80934838,1031.86930351,1023.42361364,1025.20348846,
2026-06-12 05:20:00,1781241600,1025.20348846,1028.38583657,1008.36124133,1016.15557071,
2026-06-12 05:21:00,1781241660,1016.15557071,1016.29042511,1003.33965178,1010.38559356,
2026-06-12 05:22:00,1781241720,1010.38559356,1021.96789774,989.642091,991.9576073,
2026-06-12 05:23:00,1781241780,991.9576073,1012.44375295,989.31129174,989.57372538,
2026-06-12 05:24:00,1781241840,989.57372538,998.48444253,971.53881614,996.43882141,
2026-06-12 05:25:00,1781241900,996.43882141,1003.35361225,989.64882306,1003.01153464,
2026-06-12 05:26:00,1781241960,1003.01153464,1006.30803891,991.21399168,992.11900506,
2026-06-12 05:27:00,1781242020,992.11900506,1004.74241473,986.97002332,991.24923424,
2026-06-12 05:28:00,1781242080,991.24923424,1000.57531095,985.81208966,993.87329105,
2026-06-12 05:29:00,1781242140,993.87329105,1002.19234373,991.35188146,997.01722066,
2026-06-12 05:30:00,1781242200,997.01722066,1005.59870866,985.29665276,1002.42725501,
2026-06-12 05:31:00,1781242260,1002.42725501,1006.99172144,983.32399555,1004.72376174,
2026-06-12 05:32:00,1781242320,1004.72376174,1006.27369304,969.04424478,971.2509453,
2026-06-12 05:33:00,1781242380,971.2509453,990.2765114,957.0257646,971.52045652,
2026-06-12 05:34:00,1781242440,971.52045652,987.49542757,967.95904392,980.85887991,
2026-06-12 05:35:00,1781242500,980.85887991,987.07584364,967.68991922,977.06290671,
2026-06-12 05:36:00,1781242560,977.06290671,980.12179015,944.53089031,948.53793288,
2026-06-12 05:37:00,1781242620,948.53793288,960.71336522,923.04394267,935.9432191,
2026-06-12 05:38:00,1781242680,935.9432191,945.65477811,917.67293999,920.42823389,
2026-06-12 05:39:00,1781242740,920.42823389,934.84094698,898.58169661,933.90694406,
2026-06-12 05:40:00,1781242800,933.90694406,937.86793279,915.48009867,922.91990024,
2026-06-12 05:41:00,1781242860,922.91990024,934.37033887,910.94902521,928.76248426,
2026-06-12 05:42:00,1781242920,928.76248426,935.66984715,921.48052934,935.46800499,
2026-06-12 05:43:00,1781242980,935.46800499,948.54408598,926.21475876,930.7209063,
2026-06-12 05:44:00,1781243040,930.7209063,938.4381244,926.90564747,936.83865141,
2026-06-12 05:45:00,1781243100,936.83865141,945.90284179,936.83616233,941.96423557,
2026-06-12 05:46:00,1781243160,941.96423557,942.01215037,919.29619816,920.98445166,
2026-06-12 05:47:00,1781243220,920.98445166,927.20539158,903.77097509,920.66589179,
2026-06-12 05:48:00,1781243280,920.66589179,920.8603105,910.15271216,916.25521232,
2026-06-12 05:49:00,1781243340,916.25521232,941.60930431,909.61648135,941.53784064,
2026-06-12 05:50:00,1781243400,941.53784064,942.86345928,874.98360963,874.98360963,
2026-06-12 05:51:00,1781243460,874.98360963,911.72680361,874.44719059,909.30781421,
2026-06-12 05:52:00,1781243520,909.30781421,923.6498605,879.60999665,880.56947091,
2026-06-12 05:53:00,1781243580,880.56947091,907.06667368,877.98318866,903.27543157,
2026-06-12 05:54:00,1781243640,903.27543157,921.31607939,903.27543157,914.97315778,
2026-06-12 05:55:00,1781243700,914.97315778,923.12310433,912.2336189,923.12310433,
2026-06-12 05:56:00,1781243760,923.12310433,930.8250512,915.93754323,924.06211046,
2026-06-12 05:57:00,1781243820,924.06211046,942.62846542,918.50752853,937.48551324,
2026-06-12 05:58:00,1781243880,937.48551324,939.07345494,925.40127413,927.78647828,
2026-06-12 05:59:00,1781243940,927.78647828,927.98402872,903.17389569,906.36183331,
2026-06-12 06:00:00,1781244000,906.36183331,919.24329731,889.96558274,915.03765636,
2026-06-12 06:01:00,1781244060,915.03765636,922.24787001,896.91563674,908.56107249,
2026-06-12 06:02:00,1781244120,908.56107249,935.25066941,901.36823609,929.98818679,
2026-06-12 06:03:00,1781244180,929.98818679,940.28129442,914.46406915,940.28129442,
2026-06-12 06:04:00,1781244240,940.28129442,942.6696166,922.59703791,934.85280274,
2026-06-12 06:05:00,1781244300,934.85280274,947.28218728,930.60107117,939.25491047,
2026-06-12 06:06:00,1781244360,939.25491047,946.76629341,926.81001219,930.9077696,
2026-06-12 06:07:00,1781244420,930.9077696,932.7935153,911.45014376,916.10474438,
2026-06-12 06:08:00,1781244480,916.10474438,937.07636284,899.53235681,920.89050224,
2026-06-12 06:09:00,1781244540,920.89050224,925.23532169,878.62867912,884.22617467,
2026-06-12 06:10:00,1781244600,884.22617467,893.31516413,858.33516306,893.31516413,
2026-06-12 06:11:00,1781244660,893.31516413,906.07716484,876.81381018,889.22814303,
2026-06-12 06:12:00,1781244720,889.22814303,889.22814303,864.70175988,873.54813991,
2026-06-12 06:13:00,1781244780,873.54813991,881.9161484,865.78124057,869.3370367,
2026-06-12 06:14:00,1781244840,869.3370367,874.43734381,858.87598982,872.37793173,
2026-06-12 06:15:00,1781244900,872.37793173,873.84630182,816.72773083,818.08305466,
2026-06-12 06:16:00,1781244960,818.08305466,818.51455712,785.25684564,790.48970489,
2026-06-12 06:17:00,1781245020,790.48970489,800.10271392,780.06415256,784.68177297,
2026-06-12 06:18:00,1781245080,784.68177297,811.30508667,784.49848944,808.49435277,
2026-06-12 06:19:00,1781245140,808.49435277,809.88401699,785.0336468,789.7052028,
2026-06-12 06:20:00,1781245200,789.7052028,798.7098605,783.55823381,785.92251839,
2026-06-12 06:21:00,1781245260,785.92251839,792.48569842,748.91366939,790.29681223,
2026-06-12 06:22:00,1781245320,790.29681223,795.37423254,774.20157742,789.27215736,
2026-06-12 06:23:00,1781245380,789.27215736,803.4232602,789.20912909,800.66335045,
2026-06-12 06:24:00,1781245440,800.66335045,816.29289466,800.17459609,805.98981106,
2026-06-12 06:25:00,1781245500,805.98981106,812.22929067,795.86133213,799.97943721,
2026-06-12 06:26:00,1781245560,799.97943721,808.65166962,778.74210852,801.68842698,
2026-06-12 06:27:00,1781245620,801.68842698,806.0481371,785.57679385,791.43194529,
2026-06-12 06:28:00,1781245680,791.43194529,798.94330327,785.44491966,788.03732497,
2026-06-12 06:29:00,1781245740,788.03732497,788.29011304,778.97986724,783.45591088,
2026-06-12 06:30:00,1781245800,783.45591088,783.45591088,747.224893,758.88107435,
2026-06-12 06:31:00,1781245860,758.88107435,758.88107435,719.71387305,723.65183259,
2026-06-12 06:32:00,1781245920,723.65183259,740.38592013,719.51520688,732.11972304,
2026-06-12 06:33:00,1781245980,732.11972304,732.42753804,632.98650478,639.51438399,
2026-06-12 06:34:00,1781246040,639.51438399,677.3765609,631.264063,657.81146294,
2026-06-12 06:35:00,1781246100,657.81146294,680.51833247,653.73667855,661.95584259,
2026-06-12 06:36:00,1781246160,661.95584259,669.57573871,641.02254243,651.34857277,
2026-06-12 06:37:00,1781246220,651.34857277,660.09927368,628.50458166,630.24028098,
2026-06-12 06:38:00,1781246280,630.24028098,631.84069878,607.35803912,615.69095013,
2026-06-12 06:39:00,1781246340,615.69095013,669.66052644,615.63624238,668.69907154,
2026-06-12 06:40:00,1781246400,668.69907154,677.74121513,658.17916086,674.39673841,
2026-06-12 06:41:00,1781246460,674.39673841,674.59960218,642.83053294,667.31454537,
2026-06-12 06:42:00,1781246520,667.31454537,671.77143137,654.17357822,659.83053411,
2026-06-12 06:43:00,1781246580,659.83053411,673.66691282,649.33478515,653.56644604,
2026-06-12 06:44:00,1781246640,653.56644604,664.0778635,647.54165622,652.40813135,
2026-06-12 06:45:00,1781246700,652.40813135,683.77748418,647.2894691,678.85042431,
2026-06-12 06:46:00,1781246760,678.85042431,689.08465382,672.56250036,687.84339322,
2026-06-12 06:47:00,1781246820,687.84339322,702.18178859,687.84339322,701.72852289,
2026-06-12 06:48:00,1781246880,701.72852289,701.72852289,681.35506144,693.34724636,
2026-06-12 06:49:00,1781246940,693.34724636,693.34724636,667.96786567,682.20461151,
2026-06-12 06:50:00,1781247000,682.20461151,693.29747579,667.28279445,668.36504071,
2026-06-12 06:51:00,1781247060,668.36504071,675.67046063,656.75140987,664.5262378,
2026-06-12 06:52:00,1781247120,664.5262378,683.11679621,660.58101548,675.04310945,
2026-06-12 06:53:00,1781247180,675.04310945,683.20619123,666.26085063,668.86426937,
2026-06-12 06:54:00,1781247240,668.86426937,681.15948311,667.30884886,675.65789386,
2026-06-12 06:55:00,1781247300,675.65789386,676.60563889,666.61585361,666.76474248,
2026-06-12 06:56:00,1781247360,666.76474248,685.21747385,663.60124543,683.21813054,
2026-06-12 06:57:00,1781247420,683.21813054,694.35266084,683.21533683,694.35266084,
2026-06-12 06:58:00,1781247480,694.35266084,708.84173845,687.17853746,693.86564728,
2026-06-12 06:59:00,1781247540,693.86564728,695.23132179,679.84555085,686.40954607,
2026-06-12 07:00:00,1781247600,686.40954607,728.56747961,685.96030779,722.64969215,
2026-06-12 07:01:00,1781247660,722.64969215,747.05888443,719.90594934,736.3051402,
2026-06-12 07:02:00,1781247720,736.3051402,749.51260834,733.87413947,733.87413947,
2026-06-12 07:03:00,1781247780,733.87413947,736.74565485,721.9301552,736.68757472,
2026-06-12 07:04:00,1781247840,736.68757472,747.24248685,734.64214,742.68073644,
2026-06-12 07:05:00,1781247900,742.68073644,755.42063606,738.99365949,752.22952269,
2026-06-12 07:06:00,1781247960,752.22952269,756.66147855,742.20717624,747.92350827,
2026-06-12 07:07:00,1781248020,747.92350827,747.92350827,712.44593156,726.09970435,
2026-06-12 07:08:00,1781248080,726.09970435,743.53650736,725.16526218,742.97782497,
2026-06-12 07:09:00,1781248140,742.97782497,744.2607897,734.63813329,734.96734244,
2026-06-12 07:10:00,1781248200,734.96734244,735.79133146,727.08600521,731.18765739,
2026-06-12 07:11:00,1781248260,731.18765739,745.0454188,708.78688043,710.63117826,
2026-06-12 07:12:00,1781248320,710.63117826,725.60525364,702.82825774,714.42004957,
2026-06-12 07:13:00,1781248380,714.42004957,718.44368434,692.39994491,692.85013517,
2026-06-12 07:14:00,1781248440,692.85013517,706.30525898,673.66162727,677.52404396,
2026-06-12 07:15:00,1781248500,677.52404396,692.38284391,677.01065276,680.73515686,
2026-06-12 07:16:00,1781248560,680.73515686,696.37883589,658.82742331,690.31004472,
2026-06-12 07:17:00,1781248620,690.31004472,697.54492612,670.18099826,697.54492612,
2026-06-12 07:18:00,1781248680,697.54492612,730.20076037,696.01541923,710.21011519,
2026-06-12 07:19:00,1781248740,710.21011519,715.70195945,690.13615792,698.94259794,
2026-06-12 07:20:00,1781248800,698.94259794,722.18404251,697.17159916,722.1785423,
2026-06-12 07:21:00,1781248860,722.1785423,726.78980938,680.83503784,700.35748942,
2026-06-12 07:22:00,1781248920,700.35748942,700.82227613,672.55782254,675.88341229,
2026-06-12 07:23:00,1781248980,675.88341229,699.46045706,673.13275001,699.46045706,
2026-06-12 07:24:00,1781249040,699.46045706,713.15582744,699.43128417,708.10134788,
2026-06-12 07:25:00,1781249100,708.10134788,708.2730107,686.85883983,693.49364122,
2026-06-12 07:26:00,1781249160,693.49364122,700.81554428,691.04008686,697.83590757,
2026-06-12 07:27:00,1781249220,697.83590757,697.83590757,685.06397998,690.99926726,
2026-06-12 07:28:00,1781249280,690.99926726,697.66917058,682.10883548,697.00296616,
2026-06-12 07:29:00,1781249340,697.00296616,705.28620758,690.83061846,695.22524887,
2026-06-12 07:30:00,1781249400,695.22524887,703.26676768,687.77350471,702.65986343,
2026-06-12 07:31:00,1781249460,702.65986343,709.02193139,696.28664725,708.61738443,
2026-06-12 07:32:00,1781249520,708.61738443,708.8469618,684.86086101,696.90910745,
2026-06-12 07:33:00,1781249580,696.90910745,698.84083519,678.61114769,693.29646793,
2026-06-12 07:34:00,1781249640,693.29646793,707.96328485,675.21007276,675.21007276,
2026-06-12 07:35:00,1781249700,675.21007276,701.98794232,673.86864861,693.18216437,
2026-06-12 07:36:00,1781249760,693.18216437,693.64283483,674.55928446,680.71256979,
2026-06-12 07:37:00,1781249820,680.71256979,687.18629125,658.712062,662.12719317,
2026-06-12 07:38:00,1781249880,662.12719317,681.32442638,652.18593102,681.32165426,
2026-06-12 07:39:00,1781249940,681.32165426,717.56321673,679.62084765,716.80410368,
2026-06-12 07:40:00,1781250000,716.80410368,731.08094287,705.32776673,716.61902272,
2026-06-12 07:41:00,1781250060,716.61902272,732.66821163,715.06956872,732.42881497,
2026-06-12 07:42:00,1781250120,732.42881497,737.64962778,720.90494598,736.00374015,
2026-06-12 07:43:00,1781250180,736.00374015,736.00374015,721.1489854,721.20686221,
2026-06-12 07:44:00,1781250240,721.20686221,732.54096884,714.65721278,728.94052383,
2026-06-12 07:45:00,1781250300,728.94052383,742.2391181,728.48142498,741.14949965,
2026-06-12 07:46:00,1781250360,741.14949965,741.60645937,717.51170294,721.38615211,
2026-06-12 07:47:00,1781250420,721.38615211,721.44316001,698.35394773,699.82634983,
2026-06-12 07:48:00,1781250480,699.82634983,703.6437272,688.79083876,696.53162471,
2026-06-12 07:49:00,1781250540,696.53162471,703.72702887,692.0653475,692.0653475,
2026-06-12 07:50:00,1781250600,692.0653475,692.2923278,676.31229766,679.30109171,
2026-06-12 07:51:00,1781250660,679.30109171,679.63952733,673.64831686,676.31373312,
2026-06-12 07:52:00,1781250720,676.31373312,684.17945563,668.88019339,674.69375616,
2026-06-12 07:53:00,1781250780,674.69375616,675.90647731,654.17809603,654.4017788,
2026-06-12 07:54:00,1781250840,654.4017788,654.79532197,646.94896148,649.7509767,
2026-06-12 07:55:00,1781250900,649.7509767,672.53432246,648.42227371,670.64386337,
2026-06-12 07:56:00,1781250960,670.64386337,758.09271556,670.52805379,719.23225822,
2026-06-12 07:57:00,1781251020,719.23225822,744.73182024,678.88765059,686.11280839,
2026-06-12 07:58:00,1781251080,686.11280839,692.09197846,663.46798738,676.66563414,
2026-06-12 07:59:00,1781251140,676.66563414,678.08033609,660.46958556,664.69607078,
2026-06-12 08:00:00,1781251200,664.69607078,680.9540995,661.82905044,674.47624125,
2026-06-12 08:01:00,1781251260,674.47624125,693.71206163,671.09063069,686.63680686,
2026-06-12 08:02:00,1781251320,686.63680686,723.40189781,680.54767842,710.16154324,
2026-06-12 08:03:00,1781251380,710.16154324,710.59705849,680.52533826,698.03780297,
2026-06-12 08:04:00,1781251440,698.03780297,709.96722141,682.29352853,686.37536073,
2026-06-12 08:05:00,1781251500,686.37536073,724.81592727,682.14922177,718.79728608,
2026-06-12 08:06:00,1781251560,718.79728608,754.88606228,718.79728608,747.49374865,
2026-06-12 08:07:00,1781251620,747.49374865,774.30005118,746.58653727,768.38541804,
2026-06-12 08:08:00,1781251680,768.38541804,787.32284368,766.83550599,787.29888735,
2026-06-12 08:09:00,1781251740,787.29888735,791.40494003,779.24456658,780.51390689,
2026-06-12 08:10:00,1781251800,780.51390689,816.77592612,779.59957998,793.92507186,
2026-06-12 08:11:00,1781251860,793.92507186,808.33128432,779.79212341,798.16223681,
2026-06-12 08:12:00,1781251920,798.16223681,812.94025742,798.16223681,810.60679374,
2026-06-12 08:13:00,1781251980,810.60679374,831.16333761,799.10814338,814.57212111,
2026-06-12 08:14:00,1781252040,814.57212111,814.92130971,798.95342012,799.15039151,
2026-06-12 08:15:00,1781252100,799.15039151,807.01350673,792.16127778,806.37156928,
2026-06-12 08:16:00,1781252160,806.37156928,868.6117836,802.45986788,863.85138531,
2026-06-12 08:17:00,1781252220,863.85138531,887.6496646,840.69821133,867.34349208,
2026-06-12 08:18:00,1781252280,867.34349208,919.64971434,862.74950721,910.91835758,
2026-06-12 08:19:00,1781252340,910.91835758,922.24198386,896.22225627,913.51930579,
2026-06-12 08:20:00,1781252400,913.51930579,918.46650452,900.78955399,915.72382924,
2026-06-12 08:21:00,1781252460,915.72382924,1007.75553811,914.87744928,987.16547906,
2026-06-12 08:22:00,1781252520,987.16547906,1030.32244773,974.96443758,988.25045466,
2026-06-12 08:23:00,1781252580,988.25045466,988.25045466,945.5539863,960.34014464,
2026-06-12 08:24:00,1781252640,960.34014464,980.61755074,946.20468169,948.2793029,
2026-06-12 08:25:00,1781252700,948.2793029,953.07515238,936.38133642,944.60056545,
2026-06-12 08:26:00,1781252760,944.60056545,948.39731661,932.41026637,934.77914441,
2026-06-12 08:27:00,1781252820,934.77914441,974.20512226,934.77685101,956.58429022,
2026-06-12 08:28:00,1781252880,956.58429022,982.44231283,946.96427458,977.04237093,
2026-06-12 08:29:00,1781252940,977.04237093,979.51414022,959.19831345,971.24577924,
2026-06-12 08:30:00,1781253000,971.24577924,980.59845317,944.4986811,945.19804765,
2026-06-12 08:31:00,1781253060,945.19804765,956.58416756,932.77307574,937.64011387,
2026-06-12 08:32:00,1781253120,937.64011387,944.85541558,926.64566214,940.07227221,
2026-06-12 08:33:00,1781253180,940.07227221,973.20629609,936.17092899,966.01614665,
2026-06-12 08:34:00,1781253240,966.01614665,972.8312809,942.22457613,943.53525252,
2026-06-12 08:35:00,1781253300,943.53525252,944.17033609,912.27178808,923.29139381,
2026-06-12 08:36:00,1781253360,923.29139381,928.64899413,917.81290869,921.83873347,
2026-06-12 08:37:00,1781253420,921.83873347,921.83873347,888.44175429,902.07830788,
2026-06-12 08:38:00,1781253480,902.07830788,921.48851098,896.77286188,919.96015249,
2026-06-12 08:39:00,1781253540,919.96015249,940.60418729,917.31603774,936.62684302,
2026-06-12 08:40:00,1781253600,936.62684302,938.11537917,892.79118915,896.59020717,
2026-06-12 08:41:00,1781253660,896.59020717,907.53296221,882.11348694,884.35606156,
2026-06-12 08:42:00,1781253720,884.35606156,888.36361973,859.42090283,865.9782158,
2026-06-12 08:43:00,1781253780,865.9782158,867.07986866,857.04124126,858.87891332,
2026-06-12 08:44:00,1781253840,858.87891332,862.67027639,852.80124643,862.03736201,
2026-06-12 08:45:00,1781253900,862.03736201,863.24285856,839.96321988,840.77061246,
2026-06-12 08:46:00,1781253960,840.77061246,883.17393299,835.78280727,883.17393299,
2026-06-12 08:47:00,1781254020,883.17393299,905.69097164,874.32325281,880.99805251,
2026-06-12 08:48:00,1781254080,880.99805251,904.48589822,880.22906588,898.09941913,
2026-06-12 08:49:00,1781254140,898.09941913,901.17103409,879.39155885,883.02724784,
2026-06-12 08:50:00,1781254200,883.02724784,885.3252085,873.41564049,880.97792475,
2026-06-12 08:51:00,1781254260,880.97792475,897.88088715,871.36685014,882.94060912,
2026-06-12 08:52:00,1781254320,882.94060912,916.17570782,882.94060912,907.37069585,
2026-06-12 08:53:00,1781254380,907.37069585,920.56616657,901.80021937,912.99678163,
2026-06-12 08:54:00,1781254440,912.99678163,912.99678163,899.34811453,907.14748984,
2026-06-12 08:55:00,1781254500,907.14748984,917.53352186,903.77481926,914.88954354,
2026-06-12 08:56:00,1781254560,914.88954354,927.15940206,901.83988728,919.87280244,
2026-06-12 08:57:00,1781254620,919.87280244,921.46104241,915.47358536,917.5338889,
2026-06-12 08:58:00,1781254680,917.5338889,922.89284829,908.84292383,910.33767687,
2026-06-12 08:59:00,1781254740,910.33767687,922.44427855,908.74366441,908.98694706,
2026-06-12 09:00:00,1781254800,908.98694706,909.90316407,896.28094716,902.64592542,
2026-06-12 09:01:00,1781254860,902.64592542,922.57794991,902.36492501,916.64242745,
2026-06-12 09:02:00,1781254920,916.64242745,944.21245883,913.59102884,934.08054939,
2026-06-12 09:03:00,1781254980,934.08054939,934.09722587,889.50177288,891.59312352,
2026-06-12 09:04:00,1781255040,891.59312352,895.40655542,884.38263255,887.16083742,
2026-06-12 09:05:00,1781255100,887.16083742,926.87613137,884.60866331,900.39131032,
2026-06-12 09:06:00,1781255160,900.39131032,925.58092175,900.39131032,918.61186855,
2026-06-12 09:07:00,1781255220,918.61186855,967.90901428,918.02323161,959.99959124,
2026-06-12 09:08:00,1781255280,959.99959124,962.7534639,918.54046273,927.02445196,
2026-06-12 09:09:00,1781255340,927.02445196,952.26582864,927.02445196,940.76321238,
2026-06-12 09:10:00,1781255400,940.76321238,940.76321238,921.37966674,934.17426268,
2026-06-12 09:11:00,1781255460,934.17426268,961.58821274,934.10054741,954.95881121,
2026-06-12 09:12:00,1781255520,954.95881121,959.58621895,942.02294368,942.02294368,
2026-06-12 09:13:00,1781255580,942.02294368,955.29848435,935.19499719,953.77887463,
2026-06-12 09:14:00,1781255640,953.77887463,988.80465476,950.07185566,978.01030581,
2026-06-12 09:15:00,1781255700,978.01030581,987.42062686,965.61566012,983.18931555,
2026-06-12 09:16:00,1781255760,983.18931555,1006.09297212,965.60807418,1002.85006066,
2026-06-12 09:17:00,1781255820,1002.85006066,1009.49138121,963.55535607,976.4302586,
2026-06-12 09:18:00,1781255880,976.4302586,986.52983652,968.71383383,971.46956809,
2026-06-12 09:19:00,1781255940,971.46956809,996.8619573,971.46956809,993.35069461,
2026-06-12 09:20:00,1781256000,993.35069461,1023.0061875,991.8705077,1000.57105195,
2026-06-12 09:21:00,1781256060,1000.57105195,1075.4657724,996.73270588,1072.84148228,
2026-06-12 09:22:00,1781256120,1072.84148228,1094.81382277,1029.05964869,1043.45754546,
2026-06-12 09:23:00,1781256180,1043.45754546,1055.63976063,1043.31278996,1047.28292374,
2026-06-12 09:24:00,1781256240,1047.28292374,1067.03025087,1047.28292374,1056.81343033,
2026-06-12 09:25:00,1781256300,1056.81343033,1080.35145286,1054.85644815,1080.03565279,
2026-06-12 09:26:00,1781256360,1080.03565279,1097.91951442,1072.94294371,1097.91747562,
2026-06-12 09:27:00,1781256420,1097.91747562,1130.26414236,1096.74901806,1110.57462201,
2026-06-12 09:28:00,1781256480,1110.57462201,1154.54642918,1105.01888468,1137.57999397,
2026-06-12 09:29:00,1781256540,1137.57999397,1155.55070983,1126.36946385,1137.56950381,
2026-06-12 09:30:00,1781256600,1137.56950381,1160.66872823,1133.04183287,1160.66675709,
2026-06-12 09:31:00,1781256660,1160.66675709,1165.96551582,1141.12392572,1160.52308598,
2026-06-12 09:32:00,1781256720,1160.52308598,1258.31230258,1160.44452412,1234.34563933,
2026-06-12 09:33:00,1781256780,1234.34563933,1266.72250781,1221.8701086,1253.05032073,
2026-06-12 09:34:00,1781256840,1253.05032073,1293.39566735,1236.50467897,1252.08696454,
2026-06-12 09:35:00,1781256900,1252.08696454,1261.52885958,1211.71978864,1250.04813039,
2026-06-12 09:36:00,1781256960,1250.04813039,1257.09017259,1214.07315341,1216.50499501,
2026-06-12 09:37:00,1781257020,1216.50499501,1231.82847657,1210.67548703,1214.00978518,
2026-06-12 09:38:00,1781257080,1214.00978518,1229.7714926,1206.54555596,1211.90926998,
2026-06-12 09:39:00,1781257140,1211.90926998,1224.2053142,1201.15142106,1212.54059244,
2026-06-12 09:40:00,1781257200,1212.54059244,1237.97257163,1207.37844656,1221.42418823,
2026-06-12 09:41:00,1781257260,1221.42418823,1221.42418823,1187.59610779,1193.60185232,
2026-06-12 09:42:00,1781257320,1193.60185232,1232.59237331,1192.70564935,1225.28757841,
2026-06-12 09:43:00,1781257380,1225.28757841,1248.07021852,1225.28363513,1238.0794494,
2026-06-12 09:44:00,1781257440,1238.0794494,1258.91266943,1234.95790843,1237.28970015,
2026-06-12 09:45:00,1781257500,1237.28970015,1256.04699096,1192.17555606,1246.42599556,
2026-06-12 09:46:00,1781257560,1246.42599556,1246.42599556,1226.06974469,1229.07660145,
2026-06-12 09:47:00,1781257620,1229.07660145,1281.02108833,1228.99507972,1256.87923392,
2026-06-12 09:48:00,1781257680,1256.87923392,1270.20058997,1201.60880467,1211.30981854,
2026-06-12 09:49:00,1781257740,1211.30981854,1214.06286121,1198.72349167,1201.72935535,
2026-06-12 09:50:00,1781257800,1201.72935535,1224.28763499,1201.56010524,1221.0203235,
2026-06-12 09:51:00,1781257860,1221.0203235,1221.0203235,1178.02791816,1189.41730214,
2026-06-12 09:52:00,1781257920,1189.41730214,1189.41730214,1167.60373993,1175.33992604,
2026-06-12 09:53:00,1781257980,1175.33992604,1184.50541094,1165.34747116,1171.10845725,
2026-06-12 09:54:00,1781258040,1171.10845725,1183.99200502,1163.03487006,1163.03487006,
2026-06-12 09:55:00,1781258100,1163.03487006,1213.80206055,1158.22690336,1200.70366257,
2026-06-12 09:56:00,1781258160,1200.70366257,1208.93873033,1169.6115907,1169.6115907,
2026-06-12 09:57:00,1781258220,1169.6115907,1184.33488531,1169.06958685,1180.51484777,
2026-06-12 09:58:00,1781258280,1180.51484777,1188.66016694,1163.88915911,1165.20031171,
2026-06-12 09:59:00,1781258340,1165.20031171,1165.9115766,1132.62172667,1139.8582042,
2026-06-12 10:00:00,1781258400,1139.8582042,1139.8582042,1088.46081022,1102.30458997,
2026-06-12 10:01:00,1781258460,1102.30458997,1117.02568866,1100.51171354,1112.31031255,
2026-06-12 10:02:00,1781258520,1112.31031255,1137.53825096,1112.30811973,1125.0604023,
2026-06-12 10:03:00,1781258580,1125.0604023,1128.53690297,1090.48054514,1105.15651332,
2026-06-12 10:04:00,1781258640,1105.15651332,1122.11765426,1098.64140667,1100.42460638,
2026-06-12 10:05:00,1781258700,1100.42460638,1100.42460638,1085.24972884,1087.46847897,
2026-06-12 10:06:00,1781258760,1087.46847897,1102.01951348,1086.39552803,1099.86495462,
2026-06-12 10:07:00,1781258820,1099.86495462,1122.75326024,1097.2059628,1122.75326024,
2026-06-12 10:08:00,1781258880,1122.75326024,1128.99002496,1116.13802869,1127.05015492,
2026-06-12 10:09:00,1781258940,1127.05015492,1187.16319617,1109.22193508,1187.16319617,
2026-06-12 10:10:00,1781259000,1187.16319617,1211.90919979,1149.61829273,1165.50362612,
2026-06-12 10:11:00,1781259060,1165.50362612,1167.92794013,1104.77228295,1131.52427877,
2026-06-12 10:12:00,1781259120,1131.52427877,1131.52427877,1099.22200269,1104.45892242,
2026-06-12 10:13:00,1781259180,1104.45892242,1145.66129765,1104.22702798,1132.78687118,
2026-06-12 10:14:00,1781259240,1132.78687118,1142.1861725,1125.47352878,1142.1861725,
2026-06-12 10:15:00,1781259300,1142.1861725,1142.1861725,1099.21642719,1121.45958315,
2026-06-12 10:16:00,1781259360,1121.45958315,1142.63748638,1121.45958315,1126.03085976,
2026-06-12 10:17:00,1781259420,1126.03085976,1155.35329335,1121.85653795,1141.47465695,
2026-06-12 10:18:00,1781259480,1141.47465695,1153.7989343,1120.79202446,1123.87990884,
2026-06-12 10:19:00,1781259540,1123.87990884,1141.13255933,1123.64408961,1139.54669759,
2026-06-12 10:20:00,1781259600,1139.54669759,1142.80584939,1120.21053417,1123.48379537,
2026-06-12 10:21:00,1781259660,1123.48379537,1142.35642203,1123.24224678,1138.70402449,
2026-06-12 10:22:00,1781259720,1138.70402449,1145.61275907,1121.81056922,1141.55433803,
2026-06-12 10:23:00,1781259780,1141.55433803,1149.10940633,1133.47154904,1143.87936202,
2026-06-12 10:24:00,1781259840,1143.87936202,1170.6228345,1143.0184218,1170.14905777,
2026-06-12 10:25:00,1781259900,1170.14905777,1178.46825593,1039.91783278,1049.76885078,
2026-06-12 10:26:00,1781259960,1049.76885078,1056.26129142,1020.64106626,1020.64106626,
2026-06-12 10:27:00,1781260020,1020.64106626,1030.4873415,1004.57519392,1013.03211512,
2026-06-12 10:28:00,1781260080,1013.03211512,1026.15200144,1011.03680938,1019.96353728,
2026-06-12 10:29:00,1781260140,1019.96353728,1029.31969214,1000.66185758,1022.84064253,
2026-06-12 10:30:00,1781260200,1022.84064253,1074.44685429,1020.46501397,1042.51449743,
2026-06-12 10:31:00,1781260260,1042.51449743,1058.02029334,1034.11534062,1047.42347504,
2026-06-12 10:32:00,1781260320,1047.42347504,1088.07452321,1036.55416149,1088.07452321,
2026-06-12 10:33:00,1781260380,1088.07452321,1104.57865123,1063.39465202,1075.21085099,
2026-06-12 10:34:00,1781260440,1075.21085099,1117.29834505,1075.20864696,1115.6759415,
2026-06-12 10:35:00,1781260500,1115.6759415,1131.12403685,1095.09030874,1101.9173056,
2026-06-12 10:36:00,1781260560,1101.9173056,1135.54556851,1083.47345715,1130.17382153,
2026-06-12 10:37:00,1781260620,1130.17382153,1130.17382153,1097.14583184,1117.590582,
2026-06-12 10:38:00,1781260680,1117.590582,1120.02949408,1106.33090002,1114.70573813,
2026-06-12 10:39:00,1781260740,1114.70573813,1129.96134288,1079.68751021,1089.22095613,
2026-06-12 10:40:00,1781260800,1089.22095613,1105.93897299,1070.01950607,1091.06858907,
2026-06-12 10:41:00,1781260860,1091.06858907,1100.32999347,1064.11574956,1064.20773578,
2026-06-12 10:42:00,1781260920,1064.20773578,1075.5152184,1057.27209249,1073.84340335,
2026-06-12 10:43:00,1781260980,1073.84340335,1074.09003627,1055.69063519,1057.10237911,
2026-06-12 10:44:00,1781261040,1057.10237911,1076.87463194,1056.42188266,1076.72258738,
2026-06-12 10:45:00,1781261100,1076.72258738,1081.33099998,1059.82410476,1081.22903161,
2026-06-12 10:46:00,1781261160,1081.22903161,1089.61549044,1074.31268374,1078.61673438,
2026-06-12 10:47:00,1781261220,1078.61673438,1082.597879,1058.88797894,1082.17398336,
2026-06-12 10:48:00,1781261280,1082.17398336,1122.220131,1081.94309725,1110.45622037,
2026-06-12 10:49:00,1781261340,1110.45622037,1116.05120081,1089.22788703,1104.79423108,
2026-06-12 10:50:00,1781261400,1104.79423108,1112.64508478,1093.1857015,1101.22160186,
2026-06-12 10:51:00,1781261460,1101.22160186,1105.52474952,1086.52789866,1087.89282484,
2026-06-12 10:52:00,1781261520,1087.89282484,1094.45225437,1072.42758551,1092.6879993,
2026-06-12 10:53:00,1781261580,1092.6879993,1106.67384556,1090.68996816,1093.07443441,
2026-06-12 10:54:00,1781261640,1093.07443441,1106.79688194,1084.21392962,1084.97009882,
2026-06-12 10:55:00,1781261700,1084.97009882,1097.07686978,1070.96778463,1094.96443482,
2026-06-12 10:56:00,1781261760,1094.96443482,1106.46071374,1086.93974347,1088.92762209,
2026-06-12 10:57:00,1781261820,1088.92762209,1088.92762209,1053.6346245,1085.73471858,
2026-06-12 10:58:00,1781261880,1085.73471858,1117.74245191,1074.01630195,1090.82026139,
2026-06-12 10:59:00,1781261940,1090.82026139,1100.99679194,1078.09386757,1082.05049102,
2026-06-12 11:00:00,1781262000,1082.05049102,1095.78383478,1070.18076918,1070.18076918,
2026-06-12 11:01:00,1781262060,1070.18076918,1104.48878532,1069.74462251,1104.41174255,
2026-06-12 11:02:00,1781262120,1104.41174255,1156.88511939,1084.15998674,1149.41685337,
2026-06-12 11:03:00,1781262180,1149.41685337,1219.28061388,1143.62565907,1204.71761538,
2026-06-12 11:04:00,1781262240,1204.71761538,1212.61247597,1148.75750575,1177.52206422,
2026-06-12 11:05:00,1781262300,1177.52206422,1231.50383072,1164.79778976,1218.66573102,
2026-06-12 11:06:00,1781262360,1218.66573102,1231.70260848,1178.66205997,1179.97646553,
2026-06-12 11:07:00,1781262420,1179.97646553,1205.6733232,1175.3519881,1182.9711571,
2026-06-12 11:08:00,1781262480,1182.9711571,1191.4935965,1164.19389995,1164.19389995,
2026-06-12 11:09:00,1781262540,1164.19389995,1164.58500259,1128.85925523,1133.12418959,
2026-06-12 11:10:00,1781262600,1133.12418959,1143.7538462,1119.37989321,1119.45735205,
2026-06-12 11:11:00,1781262660,1119.45735205,1144.49026203,1116.64101726,1142.55265439,
2026-06-12 11:12:00,1781262720,1142.55265439,1181.45612686,1142.27212546,1172.55865171,
2026-06-12 11:13:00,1781262780,1172.55865171,1204.86828679,1171.21225781,1187.92692977,
2026-06-12 11:14:00,1781262840,1187.92692977,1197.66301186,1181.85281826,1184.03290762,
2026-06-12 11:15:00,1781262900,1184.03290762,1203.28342735,1182.40055095,1194.68136044,
2026-06-12 11:16:00,1781262960,1194.68136044,1194.91786086,1161.98626589,1183.42802717,
2026-06-12 11:17:00,1781263020,1183.42802717,1183.5843413,1154.72437679,1158.59857572,
2026-06-12 11:18:00,1781263080,1158.59857572,1164.54233696,1124.82943085,1144.6794031,
2026-06-12 11:19:00,1781263140,1144.6794031,1144.83353089,1129.32056056,1142.85887722,
2026-06-12 11:20:00,1781263200,1142.85887722,1182.20837793,1139.50016729,1162.34378358,
2026-06-12 11:21:00,1781263260,1162.34378358,1180.60604099,1156.00300603,1179.05147978,
2026-06-12 11:22:00,1781263320,1179.05147978,1196.86760726,1174.06716247,1193.27904213,
2026-06-12 11:23:00,1781263380,1193.27904213,1207.79629597,1178.34075269,1204.44914186,
2026-06-12 11:24:00,1781263440,1204.44914186,1223.14999183,1185.19314935,1214.78116145,
2026-06-12 11:25:00,1781263500,1214.78116145,1227.97746918,1198.10132613,1206.3511646,
2026-06-12 11:26:00,1781263560,1206.3511646,1210.88113618,1186.42385413,1187.73351024,
2026-06-12 11:27:00,1781263620,1187.73351024,1190.03138245,1180.88045398,1180.88045398,
2026-06-12 11:28:00,1781263680,1180.88045398,1207.11988797,1178.90142258,1204.60225769,
2026-06-12 11:29:00,1781263740,1204.60225769,1205.64083946,1179.11828861,1179.90672029,
2026-06-12 11:30:00,1781263800,1179.90672029,1180.61418067,1136.9467989,1153.9870357,
2026-06-12 11:31:00,1781263860,1153.9870357,1180.93092935,1133.54496298,1142.52412098,
2026-06-12 11:32:00,1781263920,1142.52412098,1160.09306433,1104.48327728,1108.29247758,
2026-06-12 11:33:00,1781263980,1108.29247758,1125.65180837,1100.82931729,1112.62309146,
2026-06-12 11:34:00,1781264040,1112.62309146,1128.76193002,1109.23614792,1114.92375519,
2026-06-12 11:35:00,1781264100,1114.92375519,1121.58861582,1069.98324847,1088.70413128,
2026-06-12 11:36:00,1781264160,1088.70413128,1098.4178665,1084.7162632,1091.85186553,
2026-06-12 11:37:00,1781264220,1091.85186553,1096.55819241,1077.0850436,1082.98058,
2026-06-12 11:38:00,1781264280,1082.98058,1098.21508037,1069.87011122,1079.54314695,
2026-06-12 11:39:00,1781264340,1079.54314695,1092.20501782,1069.94754496,1074.86388423,
2026-06-12 11:40:00,1781264400,1074.86388423,1106.57195583,1073.26104755,1103.45758754,
2026-06-12 11:41:00,1781264460,1103.45758754,1168.08177365,1094.92856761,1145.44256312,
2026-06-12 11:42:00,1781264520,1145.44256312,1150.06906609,1130.72516059,1141.43730222,
2026-06-12 11:43:00,1781264580,1141.43730222,1160.80394431,1132.41802819,1156.85821556,
2026-06-12 11:44:00,1781264640,1156.85821556,1159.82567896,1150.00829612,1157.52954172,
2026-06-12 11:45:00,1781264700,1157.52954172,1230.15846662,1157.52954172,1213.30295865,
2026-06-12 11:46:00,1781264760,1213.30295865,1213.30568003,1184.07749954,1193.14707855,
2026-06-12 11:47:00,1781264820,1193.14707855,1193.14707855,1152.91982637,1186.20916968,
2026-06-12 11:48:00,1781264880,1186.20916968,1196.72088876,1178.69405534,1188.70075342,
2026-06-12 11:49:00,1781264940,1188.70075342,1189.62596619,1169.51301695,1171.42203242,
2026-06-12 11:50:00,1781265000,1171.42203242,1180.99095195,1167.92633296,1175.00671724,
2026-06-12 11:51:00,1781265060,1175.00671724,1178.23066652,1153.87832554,1167.44196511,
2026-06-12 11:52:00,1781265120,1167.44196511,1178.48432186,1167.43982701,1176.89718871,
2026-06-12 11:53:00,1781265180,1176.89718871,1193.6885211,1161.97355876,1191.55406901,
2026-06-12 11:54:00,1781265240,1191.55406901,1193.51692692,1187.55933353,1192.31804546,
2026-06-12 11:55:00,1781265300,1192.31804546,1202.44248568,1170.17953644,1192.6774879,
2026-06-12 11:56:00,1781265360,1192.6774879,1192.6774879,1156.77165772,1177.34424939,
2026-06-12 11:57:00,1781265420,1177.34424939,1177.5815443,1159.46536775,1159.46536775,
2026-06-12 11:58:00,1781265480,1159.46536775,1164.11374683,1139.82230039,1155.73241299,
2026-06-12 11:59:00,1781265540,1155.73241299,1155.73241299,1126.34588276,1128.59757662,
2026-06-12 12:00:00,1781265600,1128.59757662,1128.59757662,1053.15480009,1056.99810916,
2026-06-12 12:01:00,1781265660,1056.99810916,1112.85850622,1039.7261512,1080.52123246,
2026-06-12 12:02:00,1781265720,1080.52123246,1125.77231589,1067.55324361,1115.31500786,
2026-06-12 12:03:00,1781265780,1115.31500786,1141.0337364,1112.9832584,1114.16135009,
2026-06-12 12:04:00,1781265840,1114.16135009,1116.22018343,1045.35819455,1060.7773801,
2026-06-12 12:05:00,1781265900,1060.7773801,1078.97556006,1052.36505693,1060.08497979,
2026-06-12 12:06:00,1781265960,1060.08497979,1081.86327453,1032.80888324,1045.94055584,
2026-06-12 12:07:00,1781266020,1045.94055584,1059.1514695,1038.31390934,1041.10429106,
2026-06-12 12:08:00,1781266080,1041.10429106,1067.26820126,1040.04487935,1061.30654611,
2026-06-12 12:09:00,1781266140,1061.30654611,1067.38593304,1047.2610107,1052.08473073,
2026-06-12 12:10:00,1781266200,1052.08473073,1083.35115015,1051.4680614,1077.24373602,
2026-06-12 12:11:00,1781266260,1077.24373602,1077.24373602,1035.37520784,1043.97535103,
2026-06-12 12:12:00,1781266320,1043.97535103,1043.97535103,1013.77045885,1013.84298417,
2026-06-12 12:13:00,1781266380,1013.84298417,1033.79747203,1013.83172875,1025.66585879,
2026-06-12 12:14:00,1781266440,1025.66585879,1028.04472373,1011.72837508,1020.74480069,
2026-06-12 12:15:00,1781266500,1020.74480069,1044.3342527,1011.62147878,1014.87917393,
2026-06-12 12:16:00,1781266560,1014.87917393,1040.83562013,1003.72385457,1033.15154373,
2026-06-12 12:17:00,1781266620,1033.15154373,1037.64063668,1017.5201949,1036.41974209,
2026-06-12 12:18:00,1781266680,1036.41974209,1041.02452371,1025.09799272,1027.58727554,
2026-06-12 12:19:00,1781266740,1027.58727554,1059.26888009,1027.07215537,1027.22327118,
2026-06-12 12:20:00,1781266800,1027.22327118,1038.58331072,991.51658202,992.03435571,
2026-06-12 12:21:00,1781266860,992.03435571,1004.22785962,965.87194453,966.73375704,
2026-06-12 12:22:00,1781266920,966.73375704,1009.73931928,966.73136914,1000.88864382,
2026-06-12 12:23:00,1781266980,1000.88864382,1008.40873696,981.62304176,991.72937416,
2026-06-12 12:24:00,1781267040,991.72937416,991.72937416,963.27527416,963.71377696,
2026-06-12 12:25:00,1781267100,963.71377696,967.18105879,942.69246639,955.6812546,
2026-06-12 12:26:00,1781267160,955.6812546,958.31087567,945.06708076,945.06708076,
2026-06-12 12:27:00,1781267220,945.06708076,946.73663419,910.3411011,923.70166262,
2026-06-12 12:28:00,1781267280,923.70166262,934.48684348,899.54707404,912.19864136,
2026-06-12 12:29:00,1781267340,912.19864136,912.19864136,885.70421244,885.70421244,
2026-06-12 12:30:00,1781267400,885.70421244,922.13607972,875.91474977,915.79396395,
2026-06-12 12:31:00,1781267460,915.79396395,935.89523517,908.5103654,914.78133351,
2026-06-12 12:32:00,1781267520,914.78133351,939.74744114,914.78133351,932.35212666,
2026-06-12 12:33:00,1781267580,932.35212666,953.52049373,930.31037454,942.90568847,
2026-06-12 12:34:00,1781267640,942.90568847,970.47549168,936.9215719,961.67549888,
2026-06-12 12:35:00,1781267700,961.67549888,974.80725573,937.84518259,940.76670904,
2026-06-12 12:36:00,1781267760,940.76670904,941.73118923,923.61111811,924.4008305,
2026-06-12 12:37:00,1781267820,924.4008305,950.32462706,924.18291893,935.29481843,
2026-06-12 12:38:00,1781267880,935.29481843,935.79750796,897.55136535,897.55136535,
2026-06-12 12:39:00,1781267940,897.55136535,897.55136535,852.21639478,868.07857694,
2026-06-12 12:40:00,1781268000,868.07857694,881.25998508,845.22040612,879.18966558,
2026-06-12 12:41:00,1781268060,879.18966558,897.68434858,865.588922,890.80307388,
2026-06-12 12:42:00,1781268120,890.80307388,898.57562365,872.14029562,896.87817156,
2026-06-12 12:43:00,1781268180,896.87817156,915.28200166,891.46567282,909.93651642,
2026-06-12 12:44:00,1781268240,909.93651642,916.42736151,848.06586992,876.43002684,
2026-06-12 12:45:00,1781268300,876.43002684,880.56260587,856.76751906,873.37038252,
2026-06-12 12:46:00,1781268360,873.37038252,913.27822087,872.88901637,902.56199857,
2026-06-12 12:47:00,1781268420,902.56199857,919.04543639,888.8842274,911.30338679,
2026-06-12 12:48:00,1781268480,911.30338679,932.27471959,892.37793838,927.35027515,
2026-06-12 12:49:00,1781268540,927.35027515,943.89086702,914.61698331,914.61698331,
2026-06-12 12:50:00,1781268600,914.61698331,953.43917926,905.21025184,916.29877763,
2026-06-12 12:51:00,1781268660,916.29877763,921.55372747,888.61494888,902.16001876,
2026-06-12 12:52:00,1781268720,902.16001876,944.73582906,901.37770933,939.67332989,
2026-06-12 12:53:00,1781268780,939.67332989,939.67332989,914.76497227,915.04405308,
2026-06-12 12:54:00,1781268840,915.04405308,915.04405308,859.16624626,865.82058499,
2026-06-12 12:55:00,1781268900,865.82058499,881.52794733,821.71211391,857.39818832,
2026-06-12 12:56:00,1781268960,857.39818832,867.76303075,843.98908878,854.76686174,
2026-06-12 12:57:00,1781269020,854.76686174,886.38912179,854.29227242,882.06480446,
2026-06-12 12:58:00,1781269080,882.06480446,890.19028391,873.15262803,885.86769304,
2026-06-12 12:59:00,1781269140,885.86769304,910.53998889,879.00369501,882.0422866,
2026-06-12 13:00:00,1781269200,882.0422866,906.0315563,869.14860336,869.49794507,
2026-06-12 13:01:00,1781269260,869.49794507,873.92405597,853.35880852,860.99333626,
2026-06-12 13:02:00,1781269320,860.99333626,880.16716055,833.71671477,879.02511269,
2026-06-12 13:03:00,1781269380,879.02511269,879.2366299,850.35986965,865.93975804,
2026-06-12 13:04:00,1781269440,865.93975804,866.22084211,851.47691711,853.21928963,
2026-06-12 13:05:00,1781269500,853.21928963,873.47271841,851.08646453,869.00486539,
2026-06-12 13:06:00,1781269560,869.00486539,872.26741722,852.56475413,860.68825123,
2026-06-12 13:07:00,1781269620,860.68825123,881.5739418,858.61303603,872.32374087,
2026-06-12 13:08:00,1781269680,872.32374087,894.84473528,872.17631159,882.1068579,
2026-06-12 13:09:00,1781269740,882.1068579,914.30409121,877.87142778,877.87142778,
2026-06-12 13:10:00,1781269800,877.87142778,891.38311536,856.68909448,881.31314348,
2026-06-12 13:11:00,1781269860,881.31314348,882.59916838,850.50869733,853.7065571,
2026-06-12 13:12:00,1781269920,853.7065571,866.56012076,819.09099381,820.26618966,
2026-06-12 13:13:00,1781269980,820.26618966,862.56260471,809.46393426,861.00249607,
2026-06-12 13:14:00,1781270040,861.00249607,894.88921357,858.66028768,893.08132923,
2026-06-12 13:15:00,1781270100,893.08132923,898.3370218,860.71125901,860.71125901,
2026-06-12 13:16:00,1781270160,860.71125901,884.58948336,860.71125901,879.05052278,
2026-06-12 13:17:00,1781270220,879.05052278,893.14829018,866.00234183,874.98851411,
2026-06-12 13:18:00,1781270280,874.98851411,930.41402452,871.56428003,925.40770253,
2026-06-12 13:19:00,1781270340,925.40770253,927.46878179,900.8184417,906.28905757,
2026-06-12 13:20:00,1781270400,906.28905757,908.6150041,882.77588339,899.87649019,
2026-06-12 13:21:00,1781270460,899.87649019,900.09416601,876.91442288,884.4944978,
2026-06-12 13:22:00,1781270520,884.4944978,884.63839748,850.37530138,850.8199967,
2026-06-12 13:23:00,1781270580,850.8199967,856.03143077,818.53979919,819.76740736,
2026-06-12 13:24:00,1781270640,819.76740736,844.17240356,819.27568525,843.39606178,
2026-06-12 13:25:00,1781270700,843.39606178,848.83041503,825.73700959,832.22502699,
2026-06-12 13:26:00,1781270760,832.22502699,847.68851248,831.43637102,835.74886531,
2026-06-12 13:27:00,1781270820,835.74886531,842.5146364,824.99067946,837.2982014,
2026-06-12 13:28:00,1781270880,837.2982014,838.55517286,800.40883699,821.40223678,
2026-06-12 13:29:00,1781270940,821.40223678,847.28938966,821.40223678,840.58484363,
2026-06-12 13:30:00,1781271000,840.58484363,871.4445056,767.65986036,786.48637429,
2026-06-12 13:31:00,1781271060,786.48637429,803.10935759,731.79062982,732.6977129,
2026-06-12 13:32:00,1781271120,732.6977129,796.79027108,732.6977129,758.7604261,
2026-06-12 13:33:00,1781271180,758.7604261,773.12528886,732.16391915,732.22870469,
2026-06-12 13:34:00,1781271240,732.22870469,768.53949332,721.63686957,732.96841686,
2026-06-12 13:35:00,1781271300,732.96841686,815.37481926,716.48563051,802.65915417,
2026-06-12 13:36:00,1781271360,802.65915417,802.65915417,752.03634352,769.7815583,
2026-06-12 13:37:00,1781271420,769.7815583,792.62067759,745.04937123,784.6560414,
2026-06-12 13:38:00,1781271480,784.6560414,809.10794952,762.17552417,790.29379898,
2026-06-12 13:39:00,1781271540,790.29379898,824.15560592,774.70551426,822.55612167,
2026-06-12 13:40:00,1781271600,822.55612167,837.32000703,708.96765158,719.01227014,
2026-06-12 13:41:00,1781271660,719.01227014,727.73260811,644.00906431,675.76869678,
2026-06-12 13:42:00,1781271720,675.76869678,675.89420047,609.6852724,609.6852724,
2026-06-12 13:43:00,1781271780,609.6852724,688.44361633,602.66683969,671.24912499,
2026-06-12 13:44:00,1781271840,671.24912499,678.10553971,649.01118147,649.88521495,
2026-06-12 13:45:00,1781271900,649.88521495,705.22996049,639.89223736,651.06463712,
2026-06-12 13:46:00,1781271960,651.06463712,699.10472894,646.0076247,682.34755556,
2026-06-12 13:47:00,1781272020,682.34755556,704.40111928,678.91189428,679.69842834,
2026-06-12 13:48:00,1781272080,679.69842834,686.75715837,627.51175808,660.061281,
2026-06-12 13:49:00,1781272140,660.061281,700.83371517,650.32533968,687.67345435,
2026-06-12 13:50:00,1781272200,687.67345435,719.39004911,685.61986227,712.64701965,
2026-06-12 13:51:00,1781272260,712.64701965,731.47731327,676.58208938,691.07616565,
2026-06-12 13:52:00,1781272320,691.07616565,712.18784387,665.7647981,707.71623565,
2026-06-12 13:53:00,1781272380,707.71623565,725.05917792,652.19001586,652.50048347,
2026-06-12 13:54:00,1781272440,652.50048347,666.43669079,628.23871132,654.88045509,
2026-06-12 13:55:00,1781272500,654.88045509,654.88045509,619.8871056,622.49355891,
2026-06-12 13:56:00,1781272560,622.49355891,646.41705396,617.07595297,635.14692684,
2026-06-12 13:57:00,1781272620,635.14692684,662.05134855,631.18199127,649.40229662,
2026-06-12 13:58:00,1781272680,649.40229662,673.72522498,639.82636078,669.27435215,
2026-06-12 13:59:00,1781272740,669.27435215,712.06863113,664.4869493,698.82326226,
2026-06-12 14:00:00,1781272800,698.82326226,845.91676597,677.05210602,829.15463738,
2026-06-12 14:01:00,1781272860,829.15463738,874.52287217,795.55747698,838.84914017,
2026-06-12 14:02:00,1781272920,838.84914017,846.71708913,778.84246052,800.38518708,
2026-06-12 14:03:00,1781272980,800.38518708,862.05975388,775.44975109,839.07199711,
2026-06-12 14:04:00,1781273040,839.07199711,842.52627674,783.267579,805.30886694,
2026-06-12 14:05:00,1781273100,805.30886694,805.44747142,756.62176328,768.59138836,
2026-06-12 14:06:00,1781273160,768.59138836,832.89661568,766.44852963,832.31755848,
2026-06-12 14:07:00,1781273220,832.31755848,924.76827708,829.57857519,910.25667756,
2026-06-12 14:08:00,1781273280,910.25667756,913.7875987,824.2247561,828.35593424,
2026-06-12 14:09:00,1781273340,828.35593424,848.8953618,815.68275809,834.95932122,
2026-06-12 14:10:00,1781273400,834.95932122,847.1175544,804.39118191,847.1175544,
2026-06-12 14:11:00,1781273460,847.1175544,847.1175544,786.27475991,822.51831301,
2026-06-12 14:12:00,1781273520,822.51831301,837.5447855,792.45210669,792.45210669,
2026-06-12 14:13:00,1781273580,792.45210669,822.81305018,763.78652984,772.69379399,
2026-06-12 14:14:00,1781273640,772.69379399,840.2116235,772.27381478,830.99900227,
2026-06-12 14:15:00,1781273700,830.99900227,880.45132618,820.64866967,869.81274307,
2026-06-12 14:16:00,1781273760,869.81274307,882.22491805,853.76129299,875.81217908,
2026-06-12 14:17:00,1781273820,875.81217908,917.79061942,861.97165758,863.48423357,
2026-06-12 14:18:00,1781273880,863.48423357,863.48423357,794.4077178,804.94226804,
2026-06-12 14:19:00,1781273940,804.94226804,827.51868809,797.2225439,800.40820077,
2026-06-12 14:20:00,1781274000,800.40820077,836.66476564,789.84368281,827.28518384,
2026-06-12 14:21:00,1781274060,827.28518384,884.08514127,778.090875,784.92522236,
2026-06-12 14:22:00,1781274120,784.92522236,790.18948382,734.46628512,740.4341367,
2026-06-12 14:23:00,1781274180,740.4341367,783.12497248,736.77446421,778.06005095,
2026-06-12 14:24:00,1781274240,778.06005095,837.1964975,777.91808892,809.07600793,
2026-06-12 14:25:00,1781274300,809.07600793,939.58069014,805.23594854,919.96157047,
2026-06-12 14:26:00,1781274360,919.96157047,937.24077268,857.16872097,893.55830018,
2026-06-12 14:27:00,1781274420,893.55830018,972.81802949,891.35770937,947.55973895,
2026-06-12 14:28:00,1781274480,947.55973895,987.76918813,928.319564,951.11056248,
2026-06-12 14:29:00,1781274540,951.11056248,973.0646466,944.30033264,967.54319701,
2026-06-12 14:30:00,1781274600,967.54319701,1000.99882459,959.38787021,991.49114128,
2026-06-12 14:31:00,1781274660,991.49114128,1017.8559905,927.89813349,949.81592395,
2026-06-12 14:32:00,1781274720,949.81592395,976.89726793,916.21888502,929.24709791,
2026-06-12 14:33:00,1781274780,929.24709791,959.13069088,899.68187853,942.42987885,
2026-06-12 14:34:00,1781274840,942.42987885,1015.84634974,942.15254854,1003.9445498,
2026-06-12 14:35:00,1781274900,1003.9445498,1049.8629637,994.28154662,1008.4185368,
2026-06-12 14:36:00,1781274960,1008.4185368,1080.77289338,986.75210577,1058.20122934,
2026-06-12 14:37:00,1781275020,1058.20122934,1084.84570682,1007.37843414,1036.65971357,
2026-06-12 14:38:00,1781275080,1036.65971357,1073.06267746,1027.56850924,1052.26561266,
2026-06-12 14:39:00,1781275140,1052.26561266,1078.72005738,1036.49923735,1036.65934931,
2026-06-12 14:40:00,1781275200,1036.65934931,1043.65103076,961.33407248,982.50417418,
2026-06-12 14:41:00,1781275260,982.50417418,992.28311816,926.6707902,947.26770953,
2026-06-12 14:42:00,1781275320,947.26770953,977.74842363,931.48461768,943.52946803,
2026-06-12 14:43:00,1781275380,943.52946803,945.08437219,836.80223743,844.46682967,
2026-06-12 14:44:00,1781275440,844.46682967,901.79225295,843.87251924,860.43462614,
2026-06-12 14:45:00,1781275500,860.43462614,901.70202601,835.5003674,885.62517012,
2026-06-12 14:46:00,1781275560,885.62517012,909.43132277,858.1926091,887.19894094,
2026-06-12 14:47:00,1781275620,887.19894094,900.36454637,832.50344016,854.0740067,
2026-06-12 14:48:00,1781275680,854.0740067,891.88633484,841.88456998,852.37033992,
2026-06-12 14:49:00,1781275740,852.37033992,871.38517223,818.32152712,865.36154547,
2026-06-12 14:50:00,1781275800,865.36154547,964.19783398,861.86430058,952.37331715,
2026-06-12 14:51:00,1781275860,952.37331715,965.74780064,910.35168532,910.35168532,
2026-06-12 14:52:00,1781275920,910.35168532,1177.31379767,897.36540682,1136.05978807,
2026-06-12 14:53:00,1781275980,1136.05978807,1217.99987833,1125.54074992,1153.52457207,
2026-06-12 14:54:00,1781276040,1153.52457207,1219.73215361,1134.78527055,1216.54112177,
2026-06-12 14:55:00,1781276100,1216.54112177,1266.28091608,1145.48928862,1157.37646821,
2026-06-12 14:56:00,1781276160,1157.37646821,1261.23334168,1144.56165093,1241.973795,
2026-06-12 14:57:00,1781276220,1241.973795,1259.63195305,1196.20397813,1242.17916146,
2026-06-12 14:58:00,1781276280,1242.17916146,1254.43985063,1202.19958246,1250.8950066,
2026-06-12 14:59:00,1781276340,1250.8950066,1275.72851432,1230.69356512,1273.72802045,
2026-06-12 15:00:00,1781276400,1273.72802045,1380.33736778,1257.15842742,1374.56652312,
2026-06-12 15:01:00,1781276460,1374.56652312,1445.15769622,1361.64611731,1424.92341168,
2026-06-12 15:02:00,1781276520,1424.92341168,1439.98349067,1363.16973752,1363.16973752,
2026-06-12 15:03:00,1781276580,1363.16973752,1402.86932403,1203.91542352,1206.86239822,
2026-06-12 15:04:00,1781276640,1206.86239822,1258.26088038,1184.37962485,1214.78650235,
2026-06-12 15:05:00,1781276700,1214.78650235,1302.88203428,1209.00600604,1302.88203428,
2026-06-12 15:06:00,1781276760,1302.88203428,1379.22771722,1291.16115869,1362.61688365,
2026-06-12 15:07:00,1781276820,1362.61688365,1445.81844388,1338.58490606,1418.91012414,
2026-06-12 15:08:00,1781276880,1418.91012414,1435.33744535,1353.97141134,1385.2365092,
2026-06-12 15:09:00,1781276940,1385.2365092,1416.6646717,1359.64785678,1359.64785678,
2026-06-12 15:10:00,1781277000,1359.64785678,1499.13326891,1346.97634854,1499.13326891,
2026-06-12 15:11:00,1781277060,1499.13326891,1526.71988902,1475.67139701,1493.64311766,
2026-06-12 15:12:00,1781277120,1493.64311766,1513.82828411,1428.17335047,1510.0659017,
2026-06-12 15:13:00,1781277180,1510.0659017,1629.09447853,1509.06814071,1624.51853297,
2026-06-12 15:14:00,1781277240,1624.51853297,1629.09704207,1586.22485902,1619.79280173,
2026-06-12 15:15:00,1781277300,1619.79280173,1643.1297954,1562.57213739,1564.65319177,
2026-06-12 15:16:00,1781277360,1564.65319177,1583.12891492,1535.90226935,1581.93779413,
2026-06-12 15:17:00,1781277420,1581.93779413,1637.56819582,1576.60503424,1591.30490237,
2026-06-12 15:18:00,1781277480,1591.30490237,1606.88548629,1543.98494646,1575.41988881,
2026-06-12 15:19:00,1781277540,1575.41988881,1579.84207942,1508.60637514,1533.29854598,
2026-06-12 15:20:00,1781277600,1533.29854598,1544.20969775,1478.33540497,1492.40304369,
2026-06-12 15:21:00,1781277660,1492.40304369,1539.29623459,1476.20763074,1505.85628809,
2026-06-12 15:22:00,1781277720,1505.85628809,1537.74229303,1465.07187418,1491.7990794,
2026-06-12 15:23:00,1781277780,1491.7990794,1528.94590781,1466.65096306,1503.7561738,
2026-06-12 15:24:00,1781277840,1503.7561738,1540.13873926,1500.05788608,1519.37538793,
2026-06-12 15:25:00,1781277900,1519.37538793,1569.04460092,1519.37538793,1563.36032901,
2026-06-12 15:26:00,1781277960,1563.36032901,1567.72939947,1505.14099003,1527.75361397,
2026-06-12 15:27:00,1781278020,1527.75361397,1556.51971434,1516.38540315,1550.72064455,
2026-06-12 15:28:00,1781278080,1550.72064455,1552.53790529,1452.00377833,1458.28194752,
2026-06-12 15:29:00,1781278140,1458.28194752,1494.00332177,1399.61257142,1400.32719204,
2026-06-12 15:30:00,1781278200,1400.32719204,1405.19274151,1320.70111394,1349.34360835,
2026-06-12 15:31:00,1781278260,1349.34360835,1359.55038786,1280.33650934,1307.19512201,
2026-06-12 15:32:00,1781278320,1307.19512201,1354.32146576,1275.41878152,1284.16976693,
2026-06-12 15:33:00,1781278380,1284.16976693,1303.06064582,1239.55394967,1245.50704875,
2026-06-12 15:34:00,1781278440,1245.50704875,1258.06049246,1215.28640728,1216.87434225,
2026-06-12 15:35:00,1781278500,1216.87434225,1339.43692284,1195.35694376,1339.43692284,
2026-06-12 15:36:00,1781278560,1339.43692284,1339.72512929,1254.26832231,1270.87320682,
2026-06-12 15:37:00,1781278620,1270.87320682,1295.24157559,1190.23985111,1208.81310095,
2026-06-12 15:38:00,1781278680,1208.81310095,1234.80037974,1157.18023173,1173.71568094,
2026-06-12 15:39:00,1781278740,1173.71568094,1249.44815765,1153.40101114,1229.71422957,
2026-06-12 15:40:00,1781278800,1229.71422957,1256.92847984,1168.35830526,1173.98764465,
2026-06-12 15:41:00,1781278860,1173.98764465,1222.05185447,1131.76526223,1148.95122697,
2026-06-12 15:42:00,1781278920,1148.95122697,1164.22517121,1100.86238341,1144.92645852,
2026-06-12 15:43:00,1781278980,1144.92645852,1203.44346567,1133.88098947,1203.44346567,
2026-06-12 15:44:00,1781279040,1203.44346567,1203.5177081,1161.26165584,1187.25337193,
2026-06-12 15:45:00,1781279100,1187.25337193,1196.97473977,1136.96313509,1168.2815256,
2026-06-12 15:46:00,1781279160,1168.2815256,1215.38185049,1136.01417502,1146.75563155,
2026-06-12 15:47:00,1781279220,1146.75563155,1152.07665434,1075.89232543,1085.12565071,
2026-06-12 15:48:00,1781279280,1085.12565071,1090.02490723,1012.12058088,1031.82293057,
2026-06-12 15:49:00,1781279340,1031.82293057,1052.72241114,988.28506792,1010.41709432,
2026-06-12 15:50:00,1781279400,1010.41709432,1071.80785616,1010.4151714,1062.65002468,
2026-06-12 15:51:00,1781279460,1062.65002468,1084.14619603,1036.57140816,1063.06706017,
2026-06-12 15:52:00,1781279520,1063.06706017,1104.11633637,1057.4420478,1100.92343969,
2026-06-12 15:53:00,1781279580,1100.92343969,1140.53838333,1091.30528056,1114.23702155,
2026-06-12 15:54:00,1781279640,1114.23702155,1151.69928154,1101.99479687,1135.46064899,
2026-06-12 15:55:00,1781279700,1135.46064899,1138.51078443,1053.03823117,1055.17928749,
2026-06-12 15:56:00,1781279760,1055.17928749,1072.93701248,984.20360959,1011.70660277,
2026-06-12 15:57:00,1781279820,1011.70660277,1031.69252548,1004.88745144,1007.86743388,
2026-06-12 15:58:00,1781279880,1007.86743388,1015.82421285,973.11253105,973.11253105,
2026-06-12 15:59:00,1781279940,973.11253105,973.11253105,890.24984597,923.44811305,
2026-06-12 16:00:00,1781280000,923.44811305,1004.85949172,910.84145932,975.81754566,
2026-06-12 16:01:00,1781280060,975.81754566,999.665938,932.66620163,940.20059872,
2026-06-12 16:02:00,1781280120,940.20059872,950.73942819,876.47280604,876.6743933,
2026-06-12 16:03:00,1781280180,876.6743933,989.62969587,859.11736551,979.47385322,
2026-06-12 16:04:00,1781280240,979.47385322,1042.6895539,977.627073,995.83510304,
2026-06-12 16:05:00,1781280300,995.83510304,1009.43960621,968.69241855,977.07745575,
2026-06-12 16:06:00,1781280360,977.07745575,1070.05070857,976.59148056,1063.14813868,
