datetime,time,open,high,low,close,volume
2026-06-10 12:05:00,1781093100,0.1,373.88145181,0.1,373.88145181,
2026-06-10 12:06:00,1781093160,373.88145181,383.59611482,373.88145181,380.09590713,
2026-06-10 12:07:00,1781093220,380.09590713,380.53902532,366.71694507,369.16484609,
2026-06-10 12:08:00,1781093280,369.16484609,372.33089775,354.27736459,360.13500365,
2026-06-10 12:09:00,1781093340,360.13500365,373.43233587,359.06207489,366.9738072,
2026-06-10 12:10:00,1781093400,366.9738072,378.90050328,366.9738072,378.80487669,
2026-06-10 12:11:00,1781093460,378.80487669,385.29905578,376.98854009,384.90105146,
2026-06-10 12:12:00,1781093520,384.90105146,388.3457649,377.37457747,382.83608928,
2026-06-10 12:13:00,1781093580,382.83608928,395.55713819,374.82779154,390.98197851,
2026-06-10 12:14:00,1781093640,390.98197851,394.42122944,381.7162623,387.38439686,
2026-06-10 12:15:00,1781093700,387.38439686,402.04950429,366.23162366,371.31542856,
2026-06-10 12:16:00,1781093760,371.31542856,381.701233,371.31542856,381.069095,
2026-06-10 12:17:00,1781093820,381.069095,381.67668071,369.78146255,380.65729412,
2026-06-10 12:18:00,1781093880,380.65729412,382.3402916,365.21805459,370.81492168,
2026-06-10 12:19:00,1781093940,370.81492168,376.41115545,359.8205058,366.18375408,
2026-06-10 12:20:00,1781094000,366.18375408,373.0107496,363.76151457,368.42213805,
2026-06-10 12:21:00,1781094060,368.42213805,382.0213111,368.39551111,377.0307528,
2026-06-10 12:22:00,1781094120,377.0307528,377.91711898,359.59048937,360.80514692,
2026-06-10 12:23:00,1781094180,360.80514692,370.46163352,359.37969228,366.02624811,
2026-06-10 12:24:00,1781094240,366.02624811,371.54215431,360.96972769,364.92639095,
2026-06-10 12:25:00,1781094300,364.92639095,378.00510233,364.83230363,376.31186402,
2026-06-10 12:26:00,1781094360,376.31186402,386.25277269,372.74448393,384.52502688,
2026-06-10 12:27:00,1781094420,384.52502688,384.52502688,376.46831515,378.96668978,
2026-06-10 12:28:00,1781094480,378.96668978,395.32092998,378.96501922,385.73327037,
2026-06-10 12:29:00,1781094540,385.73327037,394.75491533,381.40251194,392.02502011,
2026-06-10 12:30:00,1781094600,392.02502011,523.39615292,385.84734393,484.01040199,
2026-06-10 12:31:00,1781094660,484.01040199,540.2542203,472.77733049,488.11596332,
2026-06-10 12:32:00,1781094720,488.11596332,541.314125,473.67304564,530.08797259,
2026-06-10 12:33:00,1781094780,530.08797259,618.09035947,527.45635163,595.60085372,
2026-06-10 12:34:00,1781094840,595.60085372,598.36522244,530.01250542,535.06247577,
2026-06-10 12:35:00,1781094900,535.06247577,545.43940972,504.38833357,509.98321416,
2026-06-10 12:36:00,1781094960,509.98321416,556.67818429,506.33667107,551.28924707,
2026-06-10 12:37:00,1781095020,551.28924707,553.86424852,532.41421326,532.44483446,
2026-06-10 12:38:00,1781095080,532.44483446,545.22906153,512.61533107,544.88565592,
2026-06-10 12:39:00,1781095140,544.88565592,545.90101756,519.33247633,531.61111204,
2026-06-10 12:40:00,1781095200,531.61111204,532.04374188,509.29993628,518.63642403,
2026-06-10 12:41:00,1781095260,518.63642403,539.43723038,508.40641749,519.85328457,
2026-06-10 12:42:00,1781095320,519.85328457,533.47713372,499.1910091,505.75990899,
2026-06-10 12:43:00,1781095380,505.75990899,518.22601124,503.37012623,503.39975815,
2026-06-10 12:44:00,1781095440,503.39975815,515.01841866,502.20150089,510.2454663,
2026-06-10 12:45:00,1781095500,510.2454663,522.01741227,501.12759006,507.44160237,
2026-06-10 12:46:00,1781095560,507.44160237,534.45630963,506.03655854,528.76857532,
2026-06-10 12:47:00,1781095620,528.76857532,538.60926157,516.79676094,516.79676094,
2026-06-10 12:48:00,1781095680,516.79676094,538.45980859,514.42153532,524.88561932,
2026-06-10 12:49:00,1781095740,524.88561932,534.53043574,522.44565675,528.75949572,
2026-06-10 12:50:00,1781095800,528.75949572,529.31619136,508.49937419,522.12891338,
2026-06-10 12:51:00,1781095860,522.12891338,522.15227456,502.04297307,503.59838061,
2026-06-10 12:52:00,1781095920,503.59838061,505.75320807,485.90749805,488.33276277,
2026-06-10 12:53:00,1781095980,488.33276277,496.55213971,487.82531252,493.98980902,
2026-06-10 12:54:00,1781096040,493.98980902,501.52219962,481.09438858,483.9661989,
2026-06-10 12:55:00,1781096100,483.9661989,485.51489524,472.44649587,473.45426767,
2026-06-10 12:56:00,1781096160,473.45426767,484.3739864,473.45426767,481.39900755,
2026-06-10 12:57:00,1781096220,481.39900755,487.11209566,473.0387518,473.61821781,
2026-06-10 12:58:00,1781096280,473.61821781,473.61821781,460.55782748,460.64162322,
2026-06-10 12:59:00,1781096340,460.64162322,463.15365433,443.53266579,443.53266579,
2026-06-10 13:00:00,1781096400,443.53266579,457.93962825,437.74732367,450.44811643,
2026-06-10 13:01:00,1781096460,450.44811643,452.41595367,426.01486775,426.28384634,
2026-06-10 13:02:00,1781096520,426.28384634,430.03859069,420.30362245,420.30362245,
2026-06-10 13:03:00,1781096580,420.30362245,423.46564449,416.76676079,422.72943681,
2026-06-10 13:04:00,1781096640,422.72943681,427.13639643,416.43041511,426.42362139,
2026-06-10 13:05:00,1781096700,426.42362139,427.94853405,417.128896,425.34245627,
2026-06-10 13:06:00,1781096760,425.34245627,439.09371898,425.34245627,432.37883076,
2026-06-10 13:07:00,1781096820,432.37883076,437.99857162,425.8257826,429.98518142,
2026-06-10 13:08:00,1781096880,429.98518142,440.78001922,428.87522212,429.065849,
2026-06-10 13:09:00,1781096940,429.065849,432.24376216,424.3850212,427.62530676,
2026-06-10 13:10:00,1781097000,427.62530676,429.08014656,404.49284514,405.33536609,
2026-06-10 13:11:00,1781097060,405.33536609,411.11640523,404.83746028,408.44204584,
2026-06-10 13:12:00,1781097120,408.44204584,423.89025439,404.94734359,417.94760542,
2026-06-10 13:13:00,1781097180,417.94760542,421.0942878,414.23157293,414.23157293,
2026-06-10 13:14:00,1781097240,414.23157293,417.72131562,404.37033703,411.61091525,
2026-06-10 13:15:00,1781097300,411.61091525,414.45054586,398.4343225,402.59166661,
2026-06-10 13:16:00,1781097360,402.59166661,408.95310155,398.13200498,401.37141373,
2026-06-10 13:17:00,1781097420,401.37141373,403.99190183,394.10720773,395.45570793,
2026-06-10 13:18:00,1781097480,395.45570793,404.71404156,395.428076,398.83604404,
2026-06-10 13:19:00,1781097540,398.83604404,401.65495045,393.91534304,399.09852797,
2026-06-10 13:20:00,1781097600,399.09852797,399.96072311,391.40923232,399.48172121,
2026-06-10 13:21:00,1781097660,399.48172121,421.41941509,398.35356611,417.11307974,
2026-06-10 13:22:00,1781097720,417.11307974,418.95751705,396.26780781,404.48680609,
2026-06-10 13:23:00,1781097780,404.48680609,412.16983748,404.48680609,411.40472727,
2026-06-10 13:24:00,1781097840,411.40472727,415.79245145,403.73862487,407.93660809,
2026-06-10 13:25:00,1781097900,407.93660809,408.49806602,386.13165747,395.96583738,
2026-06-10 13:26:00,1781097960,395.96583738,397.50509847,382.53422717,383.40626031,
2026-06-10 13:27:00,1781098020,383.40626031,412.21412924,383.17655717,411.56722498,
2026-06-10 13:28:00,1781098080,411.56722498,421.09764645,405.86117298,410.30470649,
2026-06-10 13:29:00,1781098140,410.30470649,416.75602518,405.85147889,414.61883221,
2026-06-10 13:30:00,1781098200,414.61883221,465.69751906,397.82531986,461.84734905,
2026-06-10 13:31:00,1781098260,461.84734905,486.51410781,446.405255,474.12853661,
2026-06-10 13:32:00,1781098320,474.12853661,479.5279551,442.39066699,452.37527815,
2026-06-10 13:33:00,1781098380,452.37527815,461.09157028,432.25149245,450.62636076,
2026-06-10 13:34:00,1781098440,450.62636076,475.99982126,448.48977364,467.55811041,
2026-06-10 13:35:00,1781098500,467.55811041,502.44135264,458.27876927,485.67549664,
2026-06-10 13:36:00,1781098560,485.67549664,522.77297429,479.45493858,508.7986911,
2026-06-10 13:37:00,1781098620,508.7986911,583.65218628,508.7986911,577.01273917,
2026-06-10 13:38:00,1781098680,577.01273917,581.95765866,547.35604434,566.62634248,
2026-06-10 13:39:00,1781098740,566.62634248,587.84004982,556.99579659,586.39138861,
2026-06-10 13:40:00,1781098800,586.39138861,604.43164663,562.12773777,586.9476393,
2026-06-10 13:41:00,1781098860,586.9476393,593.30250046,551.1007532,557.11968849,
2026-06-10 13:42:00,1781098920,557.11968849,604.5841882,550.36241703,572.83893574,
2026-06-10 13:43:00,1781098980,572.83893574,636.6949647,571.31404201,631.12864217,
2026-06-10 13:44:00,1781099040,631.12864217,664.68231111,612.41621354,664.68231111,
2026-06-10 13:45:00,1781099100,664.68231111,669.16921368,606.46098574,636.12643212,
2026-06-10 13:46:00,1781099160,636.12643212,639.61757123,609.09450959,609.3484754,
2026-06-10 13:47:00,1781099220,609.3484754,657.14576611,604.45148821,633.86509906,
2026-06-10 13:48:00,1781099280,633.86509906,658.83705419,618.56877352,656.0022646,
2026-06-10 13:49:00,1781099340,656.0022646,686.92931265,650.64699905,682.60529561,
2026-06-10 13:50:00,1781099400,682.60529561,685.8483641,626.9972711,638.74641399,
2026-06-10 13:51:00,1781099460,638.74641399,646.28874522,607.3024401,607.76835729,
2026-06-10 13:52:00,1781099520,607.76835729,636.78345445,607.23004102,607.23004102,
2026-06-10 13:53:00,1781099580,607.23004102,618.14966264,590.45548958,597.22252277,
2026-06-10 13:54:00,1781099640,597.22252277,617.80685129,587.32179995,598.6107399,
2026-06-10 13:55:00,1781099700,598.6107399,612.81078407,589.16910144,602.9123772,
2026-06-10 13:56:00,1781099760,602.9123772,606.95748391,578.57706693,578.78438232,
2026-06-10 13:57:00,1781099820,578.78438232,611.04138684,574.65429873,585.60157467,
2026-06-10 13:58:00,1781099880,585.60157467,585.60157467,550.11941947,554.8895253,
2026-06-10 13:59:00,1781099940,554.8895253,573.55415608,553.25458259,571.64555384,
2026-06-10 14:00:00,1781100000,571.64555384,576.84190847,547.69948837,552.84927088,
2026-06-10 14:01:00,1781100060,552.84927088,560.80611271,532.33276579,532.6531424,
2026-06-10 14:02:00,1781100120,532.6531424,557.88967479,527.05086728,555.18556467,
2026-06-10 14:03:00,1781100180,555.18556467,593.84280026,546.5170994,586.75144755,
2026-06-10 14:04:00,1781100240,586.75144755,592.80389527,573.02305933,590.07852485,
2026-06-10 14:05:00,1781100300,590.07852485,597.1453682,568.64425547,577.71267948,
2026-06-10 14:06:00,1781100360,577.71267948,600.3812419,571.90191734,588.13157488,
2026-06-10 14:07:00,1781100420,588.13157488,596.27361184,573.46227527,575.22177569,
2026-06-10 14:08:00,1781100480,575.22177569,602.41593388,567.45394816,602.41593388,
2026-06-10 14:09:00,1781100540,602.41593388,602.41593388,585.01169152,587.70813547,
2026-06-10 14:10:00,1781100600,587.70813547,595.28656778,562.9888944,573.49968939,
2026-06-10 14:11:00,1781100660,573.49968939,581.69799992,565.8220666,574.01658237,
2026-06-10 14:12:00,1781100720,574.01658237,582.59716553,570.55458557,572.07583066,
2026-06-10 14:13:00,1781100780,572.07583066,573.24102858,527.23772392,556.21550225,
2026-06-10 14:14:00,1781100840,556.21550225,556.22755703,510.4043843,510.46720055,
2026-06-10 14:15:00,1781100900,510.46720055,514.38368066,480.04175144,480.21269245,
2026-06-10 14:16:00,1781100960,480.21269245,528.03313132,477.09303152,526.83550305,
2026-06-10 14:17:00,1781101020,526.83550305,527.03467822,484.22340872,486.94744483,
2026-06-10 14:18:00,1781101080,486.94744483,489.14679211,466.46184954,477.51293967,
2026-06-10 14:19:00,1781101140,477.51293967,479.43715731,460.31736052,477.679736,
2026-06-10 14:20:00,1781101200,477.679736,492.0861958,462.79382691,462.85458773,
2026-06-10 14:21:00,1781101260,462.85458773,482.14686274,455.51355733,476.60336728,
2026-06-10 14:22:00,1781101320,476.60336728,505.1562197,471.12766083,498.94790959,
2026-06-10 14:23:00,1781101380,498.94790959,508.49094396,482.58607931,504.0983984,
2026-06-10 14:24:00,1781101440,504.0983984,544.2883106,499.87726683,538.49862286,
2026-06-10 14:25:00,1781101500,538.49862286,546.85294328,487.71795016,498.12874912,
2026-06-10 14:26:00,1781101560,498.12874912,515.48479071,497.44895898,505.08128499,
2026-06-10 14:27:00,1781101620,505.08128499,529.09694523,505.08128499,528.8255122,
2026-06-10 14:28:00,1781101680,528.8255122,534.11204561,499.15421272,510.55270503,
2026-06-10 14:29:00,1781101740,510.55270503,514.90085212,492.73940675,504.92753287,
2026-06-10 14:30:00,1781101800,504.92753287,509.4744199,486.3174728,494.50565055,
2026-06-10 14:31:00,1781101860,494.50565055,494.50565055,446.22056718,446.22056718,
2026-06-10 14:32:00,1781101920,446.22056718,470.70684262,438.76502767,470.70684262,
2026-06-10 14:33:00,1781101980,470.70684262,486.24386938,451.73167964,480.79601904,
2026-06-10 14:34:00,1781102040,480.79601904,495.03841857,466.49836014,491.2319819,
2026-06-10 14:35:00,1781102100,491.2319819,492.19342579,469.51981463,472.1927435,
2026-06-10 14:36:00,1781102160,472.1927435,472.25511462,451.31832053,459.99094606,
2026-06-10 14:37:00,1781102220,459.99094606,460.75116618,425.19712683,433.04129696,
2026-06-10 14:38:00,1781102280,433.04129696,442.39549943,426.39908419,433.03480149,
2026-06-10 14:39:00,1781102340,433.03480149,455.10555302,431.74193933,454.58877937,
2026-06-10 14:40:00,1781102400,454.58877937,483.08254523,451.42527193,482.5062237,
2026-06-10 14:41:00,1781102460,482.5062237,518.9084807,481.80958739,510.34111898,
2026-06-10 14:42:00,1781102520,510.34111898,518.6901984,488.40198024,488.43398318,
2026-06-10 14:43:00,1781102580,488.43398318,506.62744977,487.24915039,489.51049381,
2026-06-10 14:44:00,1781102640,489.51049381,493.41358097,464.04901182,464.04901182,
2026-06-10 14:45:00,1781102700,464.04901182,475.87044571,447.99745215,461.91086947,
2026-06-10 14:46:00,1781102760,461.91086947,463.48296773,452.92422044,458.50212416,
2026-06-10 14:47:00,1781102820,458.50212416,485.78909408,456.91774016,475.15931951,
2026-06-10 14:48:00,1781102880,475.15931951,479.19966075,453.85215111,458.76693339,
2026-06-10 14:49:00,1781102940,458.76693339,461.89815168,435.98767727,458.52621941,
2026-06-10 14:50:00,1781103000,458.52621941,469.14215625,436.73011568,455.00693507,
2026-06-10 14:51:00,1781103060,455.00693507,469.37916936,444.65262246,448.87879166,
2026-06-10 14:52:00,1781103120,448.87879166,449.92251791,435.24316754,439.46769522,
2026-06-10 14:53:00,1781103180,439.46769522,446.75775757,433.61088721,443.0450598,
2026-06-10 14:54:00,1781103240,443.0450598,458.3339597,441.41215757,449.11282439,
2026-06-10 14:55:00,1781103300,449.11282439,469.42917152,436.90432459,439.30850456,
2026-06-10 14:56:00,1781103360,439.30850456,446.51288438,430.85741387,440.84718291,
2026-06-10 14:57:00,1781103420,440.84718291,446.62937944,418.79148237,441.51366623,
2026-06-10 14:58:00,1781103480,441.51366623,493.2001563,439.42474439,491.03006799,
2026-06-10 14:59:00,1781103540,491.03006799,541.05642739,487.60096267,539.5899512,
2026-06-10 15:00:00,1781103600,539.5899512,572.5041154,524.90081836,568.05699761,
2026-06-10 15:01:00,1781103660,568.05699761,623.41122134,557.25782653,602.01127619,
2026-06-10 15:02:00,1781103720,602.01127619,611.17622944,576.5532781,592.44974963,
2026-06-10 15:03:00,1781103780,592.44974963,610.08266901,571.65373822,580.93999237,
2026-06-10 15:04:00,1781103840,580.93999237,588.02488786,523.80561928,538.63473782,
2026-06-10 15:05:00,1781103900,538.63473782,540.08444613,480.64956527,480.67955053,
2026-06-10 15:06:00,1781103960,480.67955053,496.0603775,466.59278878,466.59278878,
2026-06-10 15:07:00,1781104020,466.59278878,492.51620287,459.95545946,491.09337861,
2026-06-10 15:08:00,1781104080,491.09337861,491.09337861,456.13519506,470.42489454,
2026-06-10 15:09:00,1781104140,470.42489454,481.4858802,457.97682667,458.22071029,
2026-06-10 15:10:00,1781104200,458.22071029,466.95551968,454.96223641,466.05892464,
2026-06-10 15:11:00,1781104260,466.05892464,466.85723955,436.87494141,450.0114069,
2026-06-10 15:12:00,1781104320,450.0114069,458.27820972,442.00057753,458.27820972,
2026-06-10 15:13:00,1781104380,458.27820972,488.27519336,456.95710454,480.32662863,
2026-06-10 15:14:00,1781104440,480.32662863,481.1937024,458.88717346,460.55159522,
2026-06-10 15:15:00,1781104500,460.55159522,460.55159522,436.62640685,440.40150594,
2026-06-10 15:16:00,1781104560,440.40150594,467.62680534,433.88949394,460.82616503,
2026-06-10 15:17:00,1781104620,460.82616503,478.97763665,459.90911239,472.97484435,
2026-06-10 15:18:00,1781104680,472.97484435,472.97484435,452.06699219,466.4548206,
2026-06-10 15:19:00,1781104740,466.4548206,511.32923067,466.26522637,508.59477561,
2026-06-10 15:20:00,1781104800,508.59477561,539.934441,500.1646403,538.93417188,
2026-06-10 15:21:00,1781104860,538.93417188,582.06091075,537.90083526,566.98762708,
2026-06-10 15:22:00,1781104920,566.98762708,578.44919308,544.67204366,560.84841727,
2026-06-10 15:23:00,1781104980,560.84841727,590.49502382,557.71048484,588.42744641,
2026-06-10 15:24:00,1781105040,588.42744641,601.45501693,572.37936413,583.7228503,
2026-06-10 15:25:00,1781105100,583.7228503,603.61883722,582.34111298,584.08881557,
2026-06-10 15:26:00,1781105160,584.08881557,588.49316863,570.27907953,579.00022437,
2026-06-10 15:27:00,1781105220,579.00022437,579.00022437,563.81089276,576.18853109,
2026-06-10 15:28:00,1781105280,576.18853109,598.86331637,576.11472737,582.17434933,
2026-06-10 15:29:00,1781105340,582.17434933,590.20229889,567.72607751,567.79473605,
2026-06-10 15:30:00,1781105400,567.79473605,605.70357071,562.18142104,600.90208222,
2026-06-10 15:31:00,1781105460,600.90208222,612.22021907,581.61191041,586.25086395,
2026-06-10 15:32:00,1781105520,586.25086395,598.55878117,578.90022707,588.09563313,
2026-06-10 15:33:00,1781105580,588.09563313,606.99792038,574.64369093,580.25368591,
2026-06-10 15:34:00,1781105640,580.25368591,602.30721616,573.87896479,581.54138291,
2026-06-10 15:35:00,1781105700,581.54138291,589.98067197,575.85761186,576.74359628,
2026-06-10 15:36:00,1781105760,576.74359628,599.32848572,573.49515843,590.98287033,
2026-06-10 15:37:00,1781105820,590.98287033,592.22969119,577.48663854,584.48809523,
2026-06-10 15:38:00,1781105880,584.48809523,584.48809523,543.38574998,543.38574998,
2026-06-10 15:39:00,1781105940,543.38574998,571.25107492,534.58429306,560.18444803,
2026-06-10 15:40:00,1781106000,560.18444803,560.32509234,542.98382747,544.37642114,
2026-06-10 15:41:00,1781106060,544.37642114,568.97169338,535.20762311,564.40548609,
2026-06-10 15:42:00,1781106120,564.40548609,587.08153682,553.87418994,559.29168272,
2026-06-10 15:43:00,1781106180,559.29168272,589.14501425,559.29168272,583.07715291,
2026-06-10 15:44:00,1781106240,583.07715291,611.74071943,583.07715291,601.52668894,
2026-06-10 15:45:00,1781106300,601.52668894,613.34714739,583.92395863,611.66419261,
2026-06-10 15:46:00,1781106360,611.66419261,674.54544301,611.66419261,657.23007399,
2026-06-10 15:47:00,1781106420,657.23007399,657.23007399,572.35820164,573.59680795,
2026-06-10 15:48:00,1781106480,573.59680795,584.37899024,519.86509736,520.16819265,
2026-06-10 15:49:00,1781106540,520.16819265,582.42374502,517.0086588,573.70175399,
2026-06-10 15:50:00,1781106600,573.70175399,606.49825815,546.52737029,572.54986014,
2026-06-10 15:51:00,1781106660,572.54986014,627.56414365,571.27930047,586.06023866,
2026-06-10 15:52:00,1781106720,586.06023866,642.95723399,573.07341368,641.20167586,
2026-06-10 15:53:00,1781106780,641.20167586,718.83456173,622.07121572,715.49911851,
2026-06-10 15:54:00,1781106840,715.49911851,801.03668181,709.33780672,786.44154818,
2026-06-10 15:55:00,1781106900,786.44154818,802.30104619,731.1439878,736.67708734,
2026-06-10 15:56:00,1781106960,736.67708734,751.29126774,714.1026956,714.84722883,
2026-06-10 15:57:00,1781107020,714.84722883,769.17509618,713.29904484,751.99790036,
2026-06-10 15:58:00,1781107080,751.99790036,755.18359875,724.27487433,726.61581933,
2026-06-10 15:59:00,1781107140,726.61581933,727.19749125,709.20344621,720.30900283,
2026-06-10 16:00:00,1781107200,720.30900283,727.08524559,693.15041229,693.19098177,
2026-06-10 16:01:00,1781107260,693.19098177,702.95618659,669.74725407,683.48009743,
2026-06-10 16:02:00,1781107320,683.48009743,685.28272063,667.60993737,667.60993737,
2026-06-10 16:03:00,1781107380,667.60993737,686.91459206,656.65088096,666.9338716,
2026-06-10 16:04:00,1781107440,666.9338716,678.61707653,647.32800441,649.30223054,
2026-06-10 16:05:00,1781107500,649.30223054,673.40913191,645.36123473,652.41687667,
2026-06-10 16:06:00,1781107560,652.41687667,693.75011218,644.07979401,688.15327197,
2026-06-10 16:07:00,1781107620,688.15327197,710.38955954,677.41843068,681.21878463,
2026-06-10 16:08:00,1781107680,681.21878463,683.58355548,628.20623853,628.20623853,
2026-06-10 16:09:00,1781107740,628.20623853,655.63616519,624.36875311,648.05834187,
2026-06-10 16:10:00,1781107800,648.05834187,655.97880866,609.63158074,615.30319461,
2026-06-10 16:11:00,1781107860,615.30319461,630.73273065,608.45948764,620.3399543,
2026-06-10 16:12:00,1781107920,620.3399543,643.50742792,617.03281006,618.95663896,
2026-06-10 16:13:00,1781107980,618.95663896,620.2381632,605.80239021,615.10399204,
2026-06-10 16:14:00,1781108040,615.10399204,618.48680205,593.20723985,601.55703902,
2026-06-10 16:15:00,1781108100,601.55703902,634.63068982,599.52304117,622.73438593,
2026-06-10 16:16:00,1781108160,622.73438593,639.92867438,605.12043966,624.07145562,
2026-06-10 16:17:00,1781108220,624.07145562,641.78147096,597.19321894,598.80223516,
2026-06-10 16:18:00,1781108280,598.80223516,605.60782305,593.69734093,597.11806898,
2026-06-10 16:19:00,1781108340,597.11806898,602.44957847,592.07191887,595.28738309,
2026-06-10 16:20:00,1781108400,595.28738309,608.07237838,586.11766271,586.15391006,
2026-06-10 16:21:00,1781108460,586.15391006,605.47847127,574.05827681,605.02081895,
2026-06-10 16:22:00,1781108520,605.02081895,619.28130296,587.49457901,587.78305115,
2026-06-10 16:23:00,1781108580,587.78305115,599.12267729,583.44275466,591.32125653,
2026-06-10 16:24:00,1781108640,591.32125653,591.32125653,557.77042079,561.48844706,
2026-06-10 16:25:00,1781108700,561.48844706,573.23521263,519.04643002,540.51667991,
2026-06-10 16:26:00,1781108760,540.51667991,561.59780593,540.03491265,551.69345742,
2026-06-10 16:27:00,1781108820,551.69345742,578.24426383,551.62370475,570.71629607,
2026-06-10 16:28:00,1781108880,570.71629607,586.6745072,560.98065286,572.61374359,
2026-06-10 16:29:00,1781108940,572.61374359,580.29494084,565.81265923,580.29494084,
2026-06-10 16:30:00,1781109000,580.29494084,589.90386263,566.4457005,566.51669249,
2026-06-10 16:31:00,1781109060,566.51669249,572.41766535,545.72068459,555.44736743,
2026-06-10 16:32:00,1781109120,555.44736743,573.21207307,531.82764948,562.176226,
2026-06-10 16:33:00,1781109180,562.176226,576.98890448,561.50560741,561.92478333,
2026-06-10 16:34:00,1781109240,561.92478333,620.71614988,554.58610702,619.35204961,
2026-06-10 16:35:00,1781109300,619.35204961,625.84103087,594.35634369,608.71496223,
2026-06-10 16:36:00,1781109360,608.71496223,618.53982172,586.47683595,594.58282098,
2026-06-10 16:37:00,1781109420,594.58282098,622.09889681,594.58282098,603.98730769,
2026-06-10 16:38:00,1781109480,603.98730769,612.58942422,577.45074006,599.91852414,
2026-06-10 16:39:00,1781109540,599.91852414,599.91852414,574.45316846,583.87136688,
2026-06-10 16:40:00,1781109600,583.87136688,604.06127803,577.2906352,590.80879677,
2026-06-10 16:41:00,1781109660,590.80879677,599.12722085,565.30828541,568.87679773,
2026-06-10 16:42:00,1781109720,568.87679773,577.44018926,559.46707991,572.03158711,
2026-06-10 16:43:00,1781109780,572.03158711,579.99233497,560.05402532,562.66572509,
2026-06-10 16:44:00,1781109840,562.66572509,570.39376332,554.18469988,556.21610874,
2026-06-10 16:45:00,1781109900,556.21610874,556.25119644,534.36009298,536.88729086,
2026-06-10 16:46:00,1781109960,536.88729086,549.50334818,503.18984041,510.53985506,
2026-06-10 16:47:00,1781110020,510.53985506,518.05330803,477.1208214,477.1208214,
2026-06-10 16:48:00,1781110080,477.1208214,503.28193248,466.10258228,482.29519515,
2026-06-10 16:49:00,1781110140,482.29519515,487.69040869,469.28945831,477.30943376,
2026-06-10 16:50:00,1781110200,477.30943376,482.85409155,457.45675472,472.41597769,
2026-06-10 16:51:00,1781110260,472.41597769,491.74385085,457.80025265,490.83904935,
2026-06-10 16:52:00,1781110320,490.83904935,531.94124669,487.85671499,531.94124669,
2026-06-10 16:53:00,1781110380,531.94124669,533.94591381,511.54433656,518.77041771,
2026-06-10 16:54:00,1781110440,518.77041771,545.68968007,518.77041771,532.59686288,
2026-06-10 16:55:00,1781110500,532.59686288,533.12407628,499.06476524,503.06863044,
2026-06-10 16:56:00,1781110560,503.06863044,518.33589755,501.27340623,518.09821072,
2026-06-10 16:57:00,1781110620,518.09821072,530.87977355,504.61371266,530.57227183,
2026-06-10 16:58:00,1781110680,530.57227183,536.51257401,524.82792528,532.26218288,
2026-06-10 16:59:00,1781110740,532.26218288,549.55031163,531.64204827,545.82235114,
2026-06-10 17:00:00,1781110800,545.82235114,561.33525818,536.53780881,540.55330678,
2026-06-10 17:01:00,1781110860,540.55330678,558.86549767,538.0295336,557.37289754,
2026-06-10 17:02:00,1781110920,557.37289754,584.11336535,553.37991445,578.03759694,
2026-06-10 17:03:00,1781110980,578.03759694,583.40034146,567.00956573,572.5666317,
2026-06-10 17:04:00,1781111040,572.5666317,593.64782334,570.83100462,590.59736001,
2026-06-10 17:05:00,1781111100,590.59736001,591.11156051,558.04294064,559.43184865,
2026-06-10 17:06:00,1781111160,559.43184865,566.75940821,546.61529122,562.85402588,
2026-06-10 17:07:00,1781111220,562.85402588,572.67544912,529.13739249,539.87080701,
2026-06-10 17:08:00,1781111280,539.87080701,540.14748948,518.10108305,523.07898638,
2026-06-10 17:09:00,1781111340,523.07898638,530.74949994,505.81196512,521.94717525,
2026-06-10 17:10:00,1781111400,521.94717525,522.93317511,465.7960974,470.07566606,
2026-06-10 17:11:00,1781111460,470.07566606,497.72962926,465.90248857,489.56245999,
2026-06-10 17:12:00,1781111520,489.56245999,493.05510984,469.2506194,484.62105367,
2026-06-10 17:13:00,1781111580,484.62105367,500.27173332,484.19569981,491.32935146,
2026-06-10 17:14:00,1781111640,491.32935146,493.04477948,479.10124772,492.5914024,
2026-06-10 17:15:00,1781111700,492.5914024,508.06178145,484.11570629,500.89344763,
2026-06-10 17:16:00,1781111760,500.89344763,520.60270297,494.89424885,509.15200059,
2026-06-10 17:17:00,1781111820,509.15200059,527.16793533,496.24148393,498.4254196,
2026-06-10 17:18:00,1781111880,498.4254196,520.83071869,498.4254196,509.89590755,
2026-06-10 17:19:00,1781111940,509.89590755,511.7793959,495.6153651,511.14597605,
2026-06-10 17:20:00,1781112000,511.14597605,512.49075449,493.61819858,512.18712899,
2026-06-10 17:21:00,1781112060,512.18712899,512.42149213,477.81557643,495.64019853,
2026-06-10 17:22:00,1781112120,495.64019853,495.64019853,466.37342001,472.44996688,
2026-06-10 17:23:00,1781112180,472.44996688,483.72773104,471.11141833,479.34946998,
2026-06-10 17:24:00,1781112240,479.34946998,502.069691,476.80020176,491.27417594,
2026-06-10 17:25:00,1781112300,491.27417594,510.87602783,487.13548818,500.79960982,
2026-06-10 17:26:00,1781112360,500.79960982,500.79960982,466.77385865,478.4432539,
2026-06-10 17:27:00,1781112420,478.4432539,485.11397403,461.4216478,467.65147069,
2026-06-10 17:28:00,1781112480,467.65147069,467.68319543,458.73626315,460.80049176,
2026-06-10 17:29:00,1781112540,460.80049176,460.80049176,420.60205804,426.70228191,
2026-06-10 17:30:00,1781112600,426.70228191,433.69845476,406.35451772,409.1496613,
2026-06-10 17:31:00,1781112660,409.1496613,419.18174666,392.1220293,392.1220293,
2026-06-10 17:32:00,1781112720,392.1220293,401.41201236,363.74008957,377.0305035,
2026-06-10 17:33:00,1781112780,377.0305035,413.97647223,377.0305035,413.94753326,
2026-06-10 17:34:00,1781112840,413.94753326,432.46509869,406.07291794,411.36930202,
2026-06-10 17:35:00,1781112900,411.36930202,417.41902596,397.35773192,397.91398916,
2026-06-10 17:36:00,1781112960,397.91398916,405.77388551,380.14066442,384.93638946,
2026-06-10 17:37:00,1781113020,384.93638946,411.38337513,384.92494268,403.52618553,
2026-06-10 17:38:00,1781113080,403.52618553,403.52618553,379.04455486,388.55425459,
2026-06-10 17:39:00,1781113140,388.55425459,403.00019105,386.7437028,396.10999132,
2026-06-10 17:40:00,1781113200,396.10999132,419.93456517,377.42937785,392.14954854,
2026-06-10 17:41:00,1781113260,392.14954854,397.97440531,370.64148525,382.4022614,
2026-06-10 17:42:00,1781113320,382.4022614,387.03486649,369.57521075,386.89682733,
2026-06-10 17:43:00,1781113380,386.89682733,425.61051402,383.33078244,423.65120333,
2026-06-10 17:44:00,1781113440,423.65120333,423.91378596,396.54067967,397.48258844,
2026-06-10 17:45:00,1781113500,397.48258844,414.45923242,391.45609192,411.1561823,
2026-06-10 17:46:00,1781113560,411.1561823,442.89440665,410.64381714,439.41232956,
2026-06-10 17:47:00,1781113620,439.41232956,457.71519732,429.61436309,452.71916145,
2026-06-10 17:48:00,1781113680,452.71916145,476.69374977,452.40698365,470.82420096,
2026-06-10 17:49:00,1781113740,470.82420096,488.31970398,464.58739343,487.02686176,
2026-06-10 17:50:00,1781113800,487.02686176,488.05808596,420.15410386,439.84937438,
2026-06-10 17:51:00,1781113860,439.84937438,455.48174066,435.831268,449.60151977,
2026-06-10 17:52:00,1781113920,449.60151977,450.20973589,422.13387555,423.71277865,
2026-06-10 17:53:00,1781113980,423.71277865,435.28634108,420.61043873,433.27608983,
2026-06-10 17:54:00,1781114040,433.27608983,447.19384884,427.72279337,436.11982881,
2026-06-10 17:55:00,1781114100,436.11982881,460.78019677,435.93752329,446.37063352,
2026-06-10 17:56:00,1781114160,446.37063352,462.2774721,439.6419751,461.49410671,
2026-06-10 17:57:00,1781114220,461.49410671,462.01829714,443.91781303,446.37691767,
2026-06-10 17:58:00,1781114280,446.37691767,472.75172692,445.65073375,465.70965067,
2026-06-10 17:59:00,1781114340,465.70965067,471.12606169,458.19860501,462.01690323,
2026-06-10 18:00:00,1781114400,462.01690323,477.96348601,459.93931694,466.14951266,
2026-06-10 18:01:00,1781114460,466.14951266,474.91311831,449.4311049,455.99626823,
2026-06-10 18:02:00,1781114520,455.99626823,485.13260406,450.6021882,481.36813297,
2026-06-10 18:03:00,1781114580,481.36813297,492.11931088,471.92612115,489.29147087,
2026-06-10 18:04:00,1781114640,489.29147087,506.6165677,484.0245227,501.61427886,
2026-06-10 18:05:00,1781114700,501.61427886,512.29343446,497.4305179,510.33880092,
2026-06-10 18:06:00,1781114760,510.33880092,519.10651585,474.95827023,475.0605899,
2026-06-10 18:07:00,1781114820,475.0605899,475.0605899,447.45631483,449.44298016,
2026-06-10 18:08:00,1781114880,449.44298016,479.00485551,449.38186001,470.69701569,
2026-06-10 18:09:00,1781114940,470.69701569,473.2647105,456.22452115,464.11197475,
2026-06-10 18:10:00,1781115000,464.11197475,464.73260627,437.72663135,439.83169782,
2026-06-10 18:11:00,1781115060,439.83169782,459.09763443,437.20800375,458.38011271,
2026-06-10 18:12:00,1781115120,458.38011271,465.56118097,453.98743978,455.83586421,
2026-06-10 18:13:00,1781115180,455.83586421,458.22302351,435.95542627,443.60412072,
2026-06-10 18:14:00,1781115240,443.60412072,452.92379718,443.60412072,449.33727269,
2026-06-10 18:15:00,1781115300,449.33727269,462.45715363,446.8223913,453.38370496,
2026-06-10 18:16:00,1781115360,453.38370496,462.64498848,450.02583172,454.35852122,
2026-06-10 18:17:00,1781115420,454.35852122,454.35852122,426.304301,427.86985987,
2026-06-10 18:18:00,1781115480,427.86985987,437.30512168,424.81333298,433.59876922,
2026-06-10 18:19:00,1781115540,433.59876922,440.0522372,425.97903223,430.96919736,
2026-06-10 18:20:00,1781115600,430.96919736,446.5048386,430.78858121,438.51493518,
2026-06-10 18:21:00,1781115660,438.51493518,448.70739369,427.08632418,427.5649088,
2026-06-10 18:22:00,1781115720,427.5649088,427.8281821,413.97410977,423.32971257,
2026-06-10 18:23:00,1781115780,423.32971257,443.53499008,423.32971257,439.46495446,
2026-06-10 18:24:00,1781115840,439.46495446,452.32388505,433.50317463,448.84550462,
2026-06-10 18:25:00,1781115900,448.84550462,450.99917854,419.01783802,420.67603841,
2026-06-10 18:26:00,1781115960,420.67603841,435.26545043,416.7235406,427.81007601,
2026-06-10 18:27:00,1781116020,427.81007601,427.81007601,411.59189143,415.39971221,
2026-06-10 18:28:00,1781116080,415.39971221,430.7353837,415.39971221,423.61834101,
2026-06-10 18:29:00,1781116140,423.61834101,463.41675352,420.63478489,462.1204335,
2026-06-10 18:30:00,1781116200,462.1204335,462.1204335,439.92880084,459.70347482,
2026-06-10 18:31:00,1781116260,459.70347482,460.27405901,439.3522148,441.32249263,
2026-06-10 18:32:00,1781116320,441.32249263,448.39032788,433.81891726,442.83050536,
2026-06-10 18:33:00,1781116380,442.83050536,450.5213339,431.45922764,431.75880026,
2026-06-10 18:34:00,1781116440,431.75880026,440.28085342,421.2128064,436.10650931,
2026-06-10 18:35:00,1781116500,436.10650931,436.13671421,401.4942013,410.2414583,
2026-06-10 18:36:00,1781116560,410.2414583,418.23462161,403.2199521,403.61835288,
2026-06-10 18:37:00,1781116620,403.61835288,405.45044199,390.7612024,395.12458788,
2026-06-10 18:38:00,1781116680,395.12458788,399.14070262,390.75978748,396.10390865,
2026-06-10 18:39:00,1781116740,396.10390865,400.63459072,390.5075735,393.27853896,
2026-06-10 18:40:00,1781116800,393.27853896,398.0317719,389.33595737,392.20406573,
2026-06-10 18:41:00,1781116860,392.20406573,396.31047298,384.65683239,384.68117398,
2026-06-10 18:42:00,1781116920,384.68117398,399.41607191,384.68117398,384.94121723,
2026-06-10 18:43:00,1781116980,384.94121723,393.92738404,379.26580726,379.4025311,
2026-06-10 18:44:00,1781117040,379.4025311,387.79057228,374.40809611,384.62426367,
2026-06-10 18:45:00,1781117100,384.62426367,388.66768907,374.75386023,379.69382799,
2026-06-10 18:46:00,1781117160,379.69382799,382.63240511,368.42985094,374.20937571,
2026-06-10 18:47:00,1781117220,374.20937571,377.27762591,371.20218856,373.61290938,
2026-06-10 18:48:00,1781117280,373.61290938,392.31571972,373.52027493,385.0145884,
2026-06-10 18:49:00,1781117340,385.0145884,396.11293548,380.32842746,383.02083743,
2026-06-10 18:50:00,1781117400,383.02083743,383.74056407,333.95961216,350.16786674,
2026-06-10 18:51:00,1781117460,350.16786674,370.44576623,349.8468975,363.79780714,
2026-06-10 18:52:00,1781117520,363.79780714,372.99109005,361.2777195,365.17133465,
2026-06-10 18:53:00,1781117580,365.17133465,387.66760413,364.7947559,382.50566626,
2026-06-10 18:54:00,1781117640,382.50566626,395.94268995,376.38254522,391.73591817,
2026-06-10 18:55:00,1781117700,391.73591817,391.73591817,369.49636761,371.34947177,
2026-06-10 18:56:00,1781117760,371.34947177,378.62916156,363.95858062,376.23690519,
2026-06-10 18:57:00,1781117820,376.23690519,403.10604807,376.15254792,399.4901534,
2026-06-10 18:58:00,1781117880,399.4901534,399.4901534,392.67509355,393.22267655,
2026-06-10 18:59:00,1781117940,393.22267655,397.76847373,390.68439171,396.72684317,
2026-06-10 19:00:00,1781118000,396.72684317,402.19162577,389.67267886,389.67267886,
2026-06-10 19:01:00,1781118060,389.67267886,405.25374576,389.67267886,393.03451134,
2026-06-10 19:02:00,1781118120,393.03451134,393.03451134,369.33250706,384.95044255,
2026-06-10 19:03:00,1781118180,384.95044255,391.52900121,378.14468976,387.15674772,
2026-06-10 19:04:00,1781118240,387.15674772,388.33003253,367.90545448,375.02790719,
2026-06-10 19:05:00,1781118300,375.02790719,375.11089899,352.06674977,362.3150248,
2026-06-10 19:06:00,1781118360,362.3150248,381.25229513,362.17841279,378.31617573,
2026-06-10 19:07:00,1781118420,378.31617573,399.98957202,378.31617573,398.9896969,
2026-06-10 19:08:00,1781118480,398.9896969,408.9522087,394.50240846,404.99237347,
2026-06-10 19:09:00,1781118540,404.99237347,405.79416628,396.03412605,403.87993144,
2026-06-10 19:10:00,1781118600,403.87993144,404.81366645,380.53510962,387.40181816,
2026-06-10 19:11:00,1781118660,387.40181816,388.30488571,363.62118946,363.78402034,
2026-06-10 19:12:00,1781118720,363.78402034,364.7377356,352.37630917,363.90159068,
2026-06-10 19:13:00,1781118780,363.90159068,368.97178527,357.53054402,358.30466054,
2026-06-10 19:14:00,1781118840,358.30466054,360.37522379,349.23584888,353.6031164,
2026-06-10 19:15:00,1781118900,353.6031164,369.20298732,345.78407789,366.55971918,
2026-06-10 19:16:00,1781118960,366.55971918,373.16471459,363.7596763,368.94355356,
2026-06-10 19:17:00,1781119020,368.94355356,370.97422754,336.39358579,337.71116913,
2026-06-10 19:18:00,1781119080,337.71116913,352.56036455,335.48186612,351.25174357,
2026-06-10 19:19:00,1781119140,351.25174357,356.9643773,340.12352388,346.86955115,
2026-06-10 19:20:00,1781119200,346.86955115,353.98498443,341.99549925,342.78669088,
2026-06-10 19:21:00,1781119260,342.78669088,348.05262148,336.64899249,344.84400913,
2026-06-10 19:22:00,1781119320,344.84400913,351.92819561,341.3436358,343.88069846,
2026-06-10 19:23:00,1781119380,343.88069846,343.88069846,333.76513854,337.13345551,
2026-06-10 19:24:00,1781119440,337.13345551,352.5995652,337.05200366,352.5995652,
2026-06-10 19:25:00,1781119500,352.5995652,373.49284716,350.74501921,363.82498386,
2026-06-10 19:26:00,1781119560,363.82498386,368.84398592,347.02925068,347.98528064,
2026-06-10 19:27:00,1781119620,347.98528064,352.99926298,342.94007785,347.67929328,
2026-06-10 19:28:00,1781119680,347.67929328,364.7239317,345.7229822,359.9301613,
2026-06-10 19:29:00,1781119740,359.9301613,368.78770071,357.65750282,363.41356126,
2026-06-10 19:30:00,1781119800,363.41356126,382.99529116,362.39599822,378.66102183,
2026-06-10 19:31:00,1781119860,378.66102183,392.57322059,374.9868321,374.9868321,
2026-06-10 19:32:00,1781119920,374.9868321,388.69073354,373.84678572,386.34991499,
2026-06-10 19:33:00,1781119980,386.34991499,396.61694833,385.25308607,394.37698253,
2026-06-10 19:34:00,1781120040,394.37698253,410.61328863,394.00240791,409.07140519,
2026-06-10 19:35:00,1781120100,409.07140519,415.48857197,398.01521871,410.59755528,
2026-06-10 19:36:00,1781120160,410.59755528,410.59755528,396.74915871,401.92523128,
2026-06-10 19:37:00,1781120220,401.92523128,423.06514477,401.91249649,416.36849039,
2026-06-10 19:38:00,1781120280,416.36849039,431.37666631,414.80693478,429.33179049,
2026-06-10 19:39:00,1781120340,429.33179049,447.62302904,423.15414171,423.99652634,
2026-06-10 19:40:00,1781120400,423.99652634,437.45907622,412.0256357,420.57621868,
2026-06-10 19:41:00,1781120460,420.57621868,428.09546474,408.71733521,427.02159816,
2026-06-10 19:42:00,1781120520,427.02159816,429.10246764,420.12234871,422.51855213,
2026-06-10 19:43:00,1781120580,422.51855213,433.88841975,415.61878155,427.71749555,
2026-06-10 19:44:00,1781120640,427.71749555,434.52023254,425.79033688,432.0688955,
2026-06-10 19:45:00,1781120700,432.0688955,438.03071673,425.77512555,428.47543711,
2026-06-10 19:46:00,1781120760,428.47543711,428.47543711,403.60668001,424.64778797,
2026-06-10 19:47:00,1781120820,424.64778797,425.13148087,409.05213505,409.0783537,
2026-06-10 19:48:00,1781120880,409.0783537,412.52672444,397.7848935,399.17699849,
2026-06-10 19:49:00,1781120940,399.17699849,418.77134828,399.17699849,418.53312255,
2026-06-10 19:50:00,1781121000,418.53312255,420.40672008,378.23669106,417.55125159,
2026-06-10 19:51:00,1781121060,417.55125159,421.18385422,401.16126663,418.83365726,
2026-06-10 19:52:00,1781121120,418.83365726,423.29028518,409.64283786,412.33718267,
2026-06-10 19:53:00,1781121180,412.33718267,429.53995029,412.33718267,428.83399715,
2026-06-10 19:54:00,1781121240,428.83399715,430.85370734,403.99934409,416.86634739,
2026-06-10 19:55:00,1781121300,416.86634739,425.54777359,408.52898615,425.40847608,
2026-06-10 19:56:00,1781121360,425.40847608,438.28114387,422.0168784,429.43840593,
2026-06-10 19:57:00,1781121420,429.43840593,442.32918771,425.62288593,435.59108903,
2026-06-10 19:58:00,1781121480,435.59108903,435.59108903,421.22213423,433.01171207,
2026-06-10 19:59:00,1781121540,433.01171207,433.01171207,405.09052008,408.89219267,
2026-06-10 20:00:00,1781121600,408.89219267,412.38085105,394.30550342,396.66255117,
2026-06-10 20:01:00,1781121660,396.66255117,396.66255117,369.39753399,369.39753399,
2026-06-10 20:02:00,1781121720,369.39753399,388.32484724,366.10376063,379.71560837,
2026-06-10 20:03:00,1781121780,379.71560837,401.30284803,377.67509861,395.09095679,
2026-06-10 20:04:00,1781121840,395.09095679,395.09095679,375.09207213,381.13318161,
2026-06-10 20:05:00,1781121900,381.13318161,383.83180487,355.94137166,368.18569345,
2026-06-10 20:06:00,1781121960,368.18569345,385.46442492,360.43963084,361.61589571,
2026-06-10 20:07:00,1781122020,361.61589571,361.61589571,352.50239843,360.0790542,
2026-06-10 20:08:00,1781122080,360.0790542,366.64768284,358.68865825,358.76940066,
2026-06-10 20:09:00,1781122140,358.76940066,358.76940066,336.10549149,355.1146709,
2026-06-10 20:10:00,1781122200,355.1146709,364.04603634,352.28949064,362.71919672,
2026-06-10 20:11:00,1781122260,362.71919672,369.2120478,361.65654067,366.72307613,
2026-06-10 20:12:00,1781122320,366.72307613,371.74699487,364.68254874,366.20818173,
2026-06-10 20:13:00,1781122380,366.20818173,374.82686598,358.37669792,366.73801443,
2026-06-10 20:14:00,1781122440,366.73801443,369.4207552,362.34955635,365.89462233,
2026-06-10 20:15:00,1781122500,365.89462233,376.49787168,363.067627,368.68981926,
2026-06-10 20:16:00,1781122560,368.68981926,372.54355196,353.17200789,356.89271117,
2026-06-10 20:17:00,1781122620,356.89271117,364.52516541,346.05044289,360.4356869,
2026-06-10 20:18:00,1781122680,360.4356869,375.51304375,358.87518139,369.60109873,
2026-06-10 20:19:00,1781122740,369.60109873,375.09847355,368.5341071,368.78051015,
2026-06-10 20:20:00,1781122800,368.78051015,368.78051015,345.16452225,352.85098011,
2026-06-10 20:21:00,1781122860,352.85098011,366.45999608,346.77272973,349.84159493,
2026-06-10 20:22:00,1781122920,349.84159493,390.75104694,349.57584247,389.73547084,
2026-06-10 20:23:00,1781122980,389.73547084,399.47870159,372.90414707,378.5101695,
2026-06-10 20:24:00,1781123040,378.5101695,401.40749605,378.22822766,397.3369847,
2026-06-10 20:25:00,1781123100,397.3369847,400.60317341,391.87248223,398.85154545,
2026-06-10 20:26:00,1781123160,398.85154545,398.85154545,388.65734153,392.2944749,
2026-06-10 20:27:00,1781123220,392.2944749,392.2944749,385.18315091,388.25900084,
2026-06-10 20:28:00,1781123280,388.25900084,390.32422134,383.64833596,388.48730771,
2026-06-10 20:29:00,1781123340,388.48730771,392.47331703,386.91436324,390.15004758,
2026-06-10 20:30:00,1781123400,390.15004758,390.15004758,368.29830867,372.227833,
2026-06-10 20:31:00,1781123460,372.227833,377.7848389,367.5036646,370.00660633,
2026-06-10 20:32:00,1781123520,370.00660633,379.48910476,360.81192326,376.16496978,
2026-06-10 20:33:00,1781123580,376.16496978,387.70933285,376.16334511,387.26358272,
2026-06-10 20:34:00,1781123640,387.26358272,394.37434587,386.31283979,389.81682691,
2026-06-10 20:35:00,1781123700,389.81682691,392.23042638,382.15858654,383.54762638,
2026-06-10 20:36:00,1781123760,383.54762638,384.62106704,378.62981463,379.32552223,
2026-06-10 20:37:00,1781123820,379.32552223,390.20448104,379.29570343,389.59373514,
2026-06-10 20:38:00,1781123880,389.59373514,393.4759362,379.54709299,380.02539952,
2026-06-10 20:39:00,1781123940,380.02539952,387.55593394,375.74760121,376.36200631,
2026-06-10 20:40:00,1781124000,376.36200631,377.96767597,371.51142416,375.26376844,
2026-06-10 20:41:00,1781124060,375.26376844,381.03014043,374.98091924,378.20717745,
2026-06-10 20:42:00,1781124120,378.20717745,378.20717745,368.95439816,369.07618178,
2026-06-10 20:43:00,1781124180,369.07618178,378.47385289,364.03816912,368.94594174,
2026-06-10 20:44:00,1781124240,368.94594174,373.02817054,357.0095042,357.0095042,
2026-06-10 20:45:00,1781124300,357.0095042,365.78946597,352.59621188,352.94198889,
2026-06-10 20:46:00,1781124360,352.94198889,352.94198889,340.63759038,347.052316,
2026-06-10 20:47:00,1781124420,347.052316,350.32214315,340.45298034,349.24282115,
2026-06-10 20:48:00,1781124480,349.24282115,353.61356784,341.97882312,352.7354548,
2026-06-10 20:49:00,1781124540,352.7354548,358.34604582,350.83123917,357.84716883,
2026-06-10 20:50:00,1781124600,357.84716883,366.80824101,341.32657373,344.00522381,
2026-06-10 20:51:00,1781124660,344.00522381,350.12644727,333.70087957,349.36535187,
2026-06-10 20:52:00,1781124720,349.36535187,353.42343767,344.82525595,347.74155781,
2026-06-10 20:53:00,1781124780,347.74155781,347.74155781,332.76375895,339.18536451,
2026-06-10 20:54:00,1781124840,339.18536451,349.49442536,337.72833979,349.20475742,
2026-06-10 20:55:00,1781124900,349.20475742,351.84537933,333.75777698,333.82856823,
2026-06-10 20:56:00,1781124960,333.82856823,337.1203061,332.40645506,337.09434763,
2026-06-10 20:57:00,1781125020,337.09434763,337.09434763,330.9531631,333.56074127,
2026-06-10 20:58:00,1781125080,333.56074127,356.32683038,333.56074127,351.56360283,
2026-06-10 20:59:00,1781125140,351.56360283,357.86651625,349.45263774,355.58830445,
2026-06-10 21:00:00,1781125200,355.58830445,355.61212462,339.00323792,341.03158513,
2026-06-10 21:01:00,1781125260,341.03158513,350.91270432,341.03001256,348.42008792,
2026-06-10 21:02:00,1781125320,348.42008792,351.64506893,342.43971765,343.60450206,
2026-06-10 21:03:00,1781125380,343.60450206,352.66599299,343.49448497,348.55163478,
2026-06-10 21:04:00,1781125440,348.55163478,348.70415956,340.58852485,340.92354765,
2026-06-10 21:05:00,1781125500,340.92354765,340.92354765,320.53122052,328.8725312,
2026-06-10 21:06:00,1781125560,328.8725312,334.06101768,319.02995724,319.31414316,
2026-06-10 21:07:00,1781125620,319.31414316,324.20720433,316.76625639,317.1434335,
2026-06-10 21:08:00,1781125680,317.1434335,318.77754491,312.66873158,314.53642116,
2026-06-10 21:09:00,1781125740,314.53642116,318.97075646,311.31702205,312.68157214,
2026-06-10 21:10:00,1781125800,312.68157214,314.43923889,290.54133805,303.50231574,
2026-06-10 21:11:00,1781125860,303.50231574,307.24775834,293.4648925,299.39131692,
2026-06-10 21:12:00,1781125920,299.39131692,311.64532428,294.85409609,294.90038523,
2026-06-10 21:13:00,1781125980,294.90038523,306.72334585,294.90038523,306.50910426,
2026-06-10 21:14:00,1781126040,306.50910426,307.36033194,300.667701,307.35880093,
2026-06-10 21:15:00,1781126100,307.35880093,327.03689961,307.35880093,325.81399125,
2026-06-10 21:16:00,1781126160,325.81399125,337.07501663,325.81399125,336.66923131,
2026-06-10 21:17:00,1781126220,336.66923131,343.92611479,332.454292,333.08119508,
2026-06-10 21:18:00,1781126280,333.08119508,333.21070653,310.04449391,317.26230312,
2026-06-10 21:19:00,1781126340,317.26230312,330.02491784,314.77610836,323.28563462,
2026-06-10 21:20:00,1781126400,323.28563462,323.28563462,310.72095701,319.45783966,
2026-06-10 21:21:00,1781126460,319.45783966,319.79149558,309.52769838,314.04813395,
2026-06-10 21:22:00,1781126520,314.04813395,328.93884091,313.66733434,328.81331083,
2026-06-10 21:23:00,1781126580,328.81331083,334.03235367,317.39209211,319.0318747,
2026-06-10 21:24:00,1781126640,319.0318747,320.33417887,303.3221208,304.81879306,
2026-06-10 21:25:00,1781126700,304.81879306,312.10878429,303.33545527,311.55693022,
2026-06-10 21:26:00,1781126760,311.55693022,314.48763574,309.52192953,313.34443711,
2026-06-10 21:27:00,1781126820,313.34443711,323.22844729,310.12612713,310.4875807,
2026-06-10 21:28:00,1781126880,310.4875807,318.90681165,309.95841304,309.95841304,
2026-06-10 21:29:00,1781126940,309.95841304,316.21358918,308.78262198,310.58395207,
2026-06-10 21:30:00,1781127000,310.58395207,331.12171389,308.86818043,324.61407904,
2026-06-10 21:31:00,1781127060,324.61407904,328.94733637,324.07286824,327.83485646,
2026-06-10 21:32:00,1781127120,327.83485646,340.59568915,324.73550644,337.83471786,
2026-06-10 21:33:00,1781127180,337.83471786,344.46426222,336.00967316,344.46426222,
2026-06-10 21:34:00,1781127240,344.46426222,345.54330248,332.97860763,339.60481793,
2026-06-10 21:35:00,1781127300,339.60481793,342.93571866,322.25758216,327.92279202,
2026-06-10 21:36:00,1781127360,327.92279202,329.34060981,322.43097917,326.22119581,
2026-06-10 21:37:00,1781127420,326.22119581,327.84944904,322.08058381,327.60539983,
2026-06-10 21:38:00,1781127480,327.60539983,328.17222183,320.4467336,326.05609953,
2026-06-10 21:39:00,1781127540,326.05609953,326.05609953,315.03636946,315.09397996,
2026-06-10 21:40:00,1781127600,315.09397996,321.16461666,313.57953424,320.6975233,
2026-06-10 21:41:00,1781127660,320.6975233,325.78812439,320.4114443,325.58463692,
2026-06-10 21:42:00,1781127720,325.58463692,327.54480387,322.14749846,327.53717233,
2026-06-10 21:43:00,1781127780,327.53717233,336.28510334,325.70597469,328.48787226,
2026-06-10 21:44:00,1781127840,328.48787226,337.07090258,328.13055635,336.65125566,
2026-06-10 21:45:00,1781127900,336.65125566,337.66518713,325.23097233,325.23097233,
2026-06-10 21:46:00,1781127960,325.23097233,333.28797619,323.46583759,332.09521898,
2026-06-10 21:47:00,1781128020,332.09521898,332.09521898,324.1967221,331.00266168,
2026-06-10 21:48:00,1781128080,331.00266168,335.18525862,330.86541619,333.39259186,
2026-06-10 21:49:00,1781128140,333.39259186,333.39259186,280.96361835,284.1323356,
2026-06-10 21:50:00,1781128200,284.1323356,284.1323356,232.55307176,267.16404853,
2026-06-10 21:51:00,1781128260,267.16404853,267.2069369,235.96501678,237.79738693,
2026-06-10 21:52:00,1781128320,237.79738693,249.7719634,235.94074143,247.02655919,
2026-06-10 21:53:00,1781128380,247.02655919,259.6330061,243.03850949,246.16012442,
2026-06-10 21:54:00,1781128440,246.16012442,256.23064437,246.16012442,252.80594398,
2026-06-10 21:55:00,1781128500,252.80594398,261.16102351,250.42673685,255.40803061,
2026-06-10 21:56:00,1781128560,255.40803061,268.16261971,254.7918733,268.16261971,
2026-06-10 21:57:00,1781128620,268.16261971,271.17981332,249.23830827,251.68976205,
2026-06-10 21:58:00,1781128680,251.68976205,267.30622229,245.39147215,267.30622229,
2026-06-10 21:59:00,1781128740,267.30622229,284.52231464,265.9653377,282.5569044,
2026-06-10 22:00:00,1781128800,282.5569044,284.95431546,256.60847815,268.07480576,
2026-06-10 22:01:00,1781128860,268.07480576,271.47838208,257.56571034,258.04608556,
2026-06-10 22:02:00,1781128920,258.04608556,263.9678495,249.9157695,249.95099516,
2026-06-10 22:03:00,1781128980,249.95099516,266.97842183,248.19746912,262.70575721,
2026-06-10 22:04:00,1781129040,262.70575721,262.70575721,250.12744671,253.09028894,
2026-06-10 22:05:00,1781129100,253.09028894,266.33030595,252.35154136,255.30410316,
2026-06-10 22:06:00,1781129160,255.30410316,271.92481018,253.11806657,267.55970757,
2026-06-10 22:07:00,1781129220,267.55970757,275.61551844,264.40223686,274.50931612,
2026-06-10 22:08:00,1781129280,274.50931612,277.6817403,270.12655459,277.26068282,
2026-06-10 22:09:00,1781129340,277.26068282,277.75868382,273.54350909,276.63010862,
2026-06-10 22:10:00,1781129400,276.63010862,288.78992568,276.63010862,285.08183023,
2026-06-10 22:11:00,1781129460,285.08183023,288.19922752,267.07652007,267.07652007,
2026-06-10 22:12:00,1781129520,267.07652007,283.7046507,263.80423948,275.37205484,
2026-06-10 22:13:00,1781129580,275.37205484,277.22397723,263.85382624,268.27671147,
2026-06-10 22:14:00,1781129640,268.27671147,272.15313211,265.59973252,271.83933219,
2026-06-10 22:15:00,1781129700,271.83933219,271.83933219,255.03719333,257.41108842,
2026-06-10 22:16:00,1781129760,257.41108842,263.17574676,253.73240199,257.13588646,
2026-06-10 22:17:00,1781129820,257.13588646,258.35266973,248.56044045,250.71935898,
2026-06-10 22:18:00,1781129880,250.71935898,258.69534576,249.8840569,257.21442533,
2026-06-10 22:19:00,1781129940,257.21442533,279.53967947,252.41706445,252.73309977,
2026-06-10 22:20:00,1781130000,252.73309977,260.4484723,248.28933138,255.85882483,
2026-06-10 22:21:00,1781130060,255.85882483,284.72864619,255.85734837,280.86568762,
2026-06-10 22:22:00,1781130120,280.86568762,283.22180891,269.47374418,272.92955099,
2026-06-10 22:23:00,1781130180,272.92955099,277.25533869,267.61808,276.76229559,
2026-06-10 22:24:00,1781130240,276.76229559,284.83173246,264.10031785,283.89449971,
2026-06-10 22:25:00,1781130300,283.89449971,297.20689447,276.25925727,296.04458312,
2026-06-10 22:26:00,1781130360,296.04458312,296.04458312,279.5286093,283.54253196,
2026-06-10 22:27:00,1781130420,283.54253196,292.55104657,278.12772321,289.07070227,
2026-06-10 22:28:00,1781130480,289.07070227,296.94081729,286.06044193,286.06044193,
2026-06-10 22:29:00,1781130540,286.06044193,286.06044193,271.65910696,277.32615049,
2026-06-10 22:30:00,1781130600,277.32615049,300.91817867,274.42810332,294.07912638,
2026-06-10 22:31:00,1781130660,294.07912638,313.74581963,293.87713719,310.79450049,
2026-06-10 22:32:00,1781130720,310.79450049,315.86355203,301.29043577,305.03966898,
2026-06-10 22:33:00,1781130780,305.03966898,308.18247826,301.0599357,302.16069879,
2026-06-10 22:34:00,1781130840,302.16069879,302.68345974,281.14550375,284.27052622,
2026-06-10 22:35:00,1781130900,284.27052622,299.92455152,283.89979054,299.24250652,
2026-06-10 22:36:00,1781130960,299.24250652,299.33314592,282.45630939,288.08350385,
2026-06-10 22:37:00,1781131020,288.08350385,302.7701464,284.69063328,296.26414762,
2026-06-10 22:38:00,1781131080,296.26414762,305.38279393,291.16104749,304.56238168,
2026-06-10 22:39:00,1781131140,304.56238168,304.56238168,296.9038222,300.51101974,
2026-06-10 22:40:00,1781131200,300.51101974,313.84252923,296.95999571,310.06731725,
2026-06-10 22:41:00,1781131260,310.06731725,310.11388472,301.8896933,306.12954247,
2026-06-10 22:42:00,1781131320,306.12954247,322.81909549,305.61800871,322.36844087,
2026-06-10 22:43:00,1781131380,322.36844087,342.32634871,322.34279463,335.45391097,
2026-06-10 22:44:00,1781131440,335.45391097,340.54160816,317.22712786,337.05059877,
2026-06-10 22:45:00,1781131500,337.05059877,339.23902053,309.02037556,315.41429006,
2026-06-10 22:46:00,1781131560,315.41429006,322.31261036,307.57503775,321.41679109,
2026-06-10 22:47:00,1781131620,321.41679109,321.41679109,306.50549775,307.17008953,
2026-06-10 22:48:00,1781131680,307.17008953,317.38384395,299.62424455,308.70550669,
2026-06-10 22:49:00,1781131740,308.70550669,308.70550669,296.14394741,302.31893273,
2026-06-10 22:50:00,1781131800,302.31893273,311.90775435,301.23902864,302.82745134,
2026-06-10 22:51:00,1781131860,302.82745134,309.88274405,300.14645232,302.24697791,
2026-06-10 22:52:00,1781131920,302.24697791,312.12752062,300.74615179,304.33771322,
2026-06-10 22:53:00,1781131980,304.33771322,304.35772496,287.31992216,299.6006836,
2026-06-10 22:54:00,1781132040,299.6006836,303.07155333,297.60856871,301.31521497,
2026-06-10 22:55:00,1781132100,301.31521497,307.6132669,294.86438746,296.4313223,
2026-06-10 22:56:00,1781132160,296.4313223,297.97229467,294.77017604,295.6322926,
2026-06-10 22:57:00,1781132220,295.6322926,298.42706381,291.628299,298.42706381,
2026-06-10 22:58:00,1781132280,298.42706381,299.25104376,291.88653408,293.33520025,
2026-06-10 22:59:00,1781132340,293.33520025,293.35780531,282.59988079,287.54059191,
2026-06-10 23:00:00,1781132400,287.54059191,287.9380327,270.53968052,273.5330664,
2026-06-10 23:01:00,1781132460,273.5330664,283.59620377,273.51165729,279.04415844,
2026-06-10 23:02:00,1781132520,279.04415844,285.9054886,274.22057016,280.48825344,
2026-06-10 23:03:00,1781132580,280.48825344,285.58834495,277.55600239,280.05942695,
2026-06-10 23:04:00,1781132640,280.05942695,283.62106753,276.81562814,280.86815549,
2026-06-10 23:05:00,1781132700,280.86815549,284.14520755,276.56908363,280.0723479,
2026-06-10 23:06:00,1781132760,280.0723479,281.89631709,277.14257348,279.26386503,
2026-06-10 23:07:00,1781132820,279.26386503,282.67874295,272.82873144,281.82787331,
2026-06-10 23:08:00,1781132880,281.82787331,281.877614,272.3243161,272.83129407,
2026-06-10 23:09:00,1781132940,272.83129407,278.85774285,255.14381424,259.51038962,
2026-06-10 23:10:00,1781133000,259.51038962,260.72538711,251.37258407,257.41282307,
2026-06-10 23:11:00,1781133060,257.41282307,258.18722798,248.04945789,256.84064242,
2026-06-10 23:12:00,1781133120,256.84064242,260.64259033,250.02937677,256.27572567,
2026-06-10 23:13:00,1781133180,256.27572567,261.37463397,254.06137169,256.23453055,
2026-06-10 23:14:00,1781133240,256.23453055,258.98488423,254.18559083,257.22489719,
2026-06-10 23:15:00,1781133300,257.22489719,260.92719092,248.87519735,256.08847371,
2026-06-10 23:16:00,1781133360,256.08847371,259.20384588,250.49332254,259.06161487,
2026-06-10 23:17:00,1781133420,259.06161487,271.49523687,257.9893784,269.70954435,
2026-06-10 23:18:00,1781133480,269.70954435,280.64897376,269.6676721,275.25437507,
2026-06-10 23:19:00,1781133540,275.25437507,303.40490612,271.19437128,294.79284431,
2026-06-10 23:20:00,1781133600,294.79284431,325.45939087,289.75025421,322.13186081,
2026-06-10 23:21:00,1781133660,322.13186081,326.37167051,312.7768388,322.99717326,
2026-06-10 23:22:00,1781133720,322.99717326,328.35344615,317.05953223,323.6493378,
2026-06-10 23:23:00,1781133780,323.6493378,328.94845833,321.25990081,324.87263567,
2026-06-10 23:24:00,1781133840,324.87263567,326.49139083,310.88827295,316.06479487,
2026-06-10 23:25:00,1781133900,316.06479487,330.86603136,310.69315256,311.77232502,
2026-06-10 23:26:00,1781133960,311.77232502,321.67917451,308.07052525,315.8776693,
2026-06-10 23:27:00,1781134020,315.8776693,324.71902894,313.608266,322.64177138,
2026-06-10 23:28:00,1781134080,322.64177138,325.61144069,316.78007113,325.61144069,
2026-06-10 23:29:00,1781134140,325.61144069,338.95038519,324.77334642,331.98785015,
2026-06-10 23:30:00,1781134200,331.98785015,339.5094506,330.4116906,335.0523218,
2026-06-10 23:31:00,1781134260,335.0523218,335.0523218,314.16829532,318.31958909,
2026-06-10 23:32:00,1781134320,318.31958909,325.3259957,310.23714645,323.06564771,
2026-06-10 23:33:00,1781134380,323.06564771,325.36261316,308.91675317,310.48140973,
2026-06-10 23:34:00,1781134440,310.48140973,315.95456031,309.75978245,315.73390867,
2026-06-10 23:35:00,1781134500,315.73390867,327.43492653,315.73227456,321.95397527,
2026-06-10 23:36:00,1781134560,321.95397527,333.81415797,321.95397527,324.10032736,
2026-06-10 23:37:00,1781134620,324.10032736,324.78225406,321.84090526,323.62492445,
2026-06-10 23:38:00,1781134680,323.62492445,323.64758311,313.94679717,317.00811849,
2026-06-10 23:39:00,1781134740,317.00811849,317.37090289,309.70071502,311.74512056,
2026-06-10 23:40:00,1781134800,311.74512056,321.20006677,307.51400227,320.49375711,
2026-06-10 23:41:00,1781134860,320.49375711,328.93392154,318.3977993,326.60980434,
2026-06-10 23:42:00,1781134920,326.60980434,339.15086049,326.33826855,332.16749621,
2026-06-10 23:43:00,1781134980,332.16749621,335.15773096,328.45165396,329.13451566,
2026-06-10 23:44:00,1781135040,329.13451566,329.15917314,321.67379704,323.2933016,
2026-06-10 23:45:00,1781135100,323.2933016,323.40433054,310.77103896,319.44385192,
2026-06-10 23:46:00,1781135160,319.44385192,319.44385192,313.51555544,314.55392777,
2026-06-10 23:47:00,1781135220,314.55392777,319.66112346,310.54335562,319.2786006,
2026-06-10 23:48:00,1781135280,319.2786006,322.03518077,311.62012482,311.64730484,
2026-06-10 23:49:00,1781135340,311.64730484,311.88297907,306.76539953,308.52103396,
2026-06-10 23:50:00,1781135400,308.52103396,311.52587193,304.76280607,309.29557933,
2026-06-10 23:51:00,1781135460,309.29557933,315.33486314,307.67457177,311.38774277,
2026-06-10 23:52:00,1781135520,311.38774277,320.74692799,311.38774277,319.33382306,
2026-06-10 23:53:00,1781135580,319.33382306,328.82095644,318.86680531,322.2252865,
2026-06-10 23:54:00,1781135640,322.2252865,322.2252865,312.02687107,318.10776294,
2026-06-10 23:55:00,1781135700,318.10776294,320.30505448,315.06646984,316.15446483,
2026-06-10 23:56:00,1781135760,316.15446483,316.98289719,310.07938399,312.47849977,
2026-06-10 23:57:00,1781135820,312.47849977,313.37283001,307.18675904,307.9090228,
2026-06-10 23:58:00,1781135880,307.9090228,309.91765905,307.26406501,309.05596245,
2026-06-10 23:59:00,1781135940,309.05596245,314.80482213,307.34137294,307.36496816,
2026-06-11 00:00:00,1781136000,307.36496816,325.02919107,307.36496816,323.77432241,
2026-06-11 00:01:00,1781136060,323.77432241,333.94930848,321.19246799,333.17291815,
2026-06-11 00:02:00,1781136120,333.17291815,344.23223252,332.76886868,335.19509432,
2026-06-11 00:03:00,1781136180,335.19509432,337.30719605,329.59877904,329.74199559,
2026-06-11 00:04:00,1781136240,329.74199559,338.58000974,318.50040233,321.48098154,
2026-06-11 00:05:00,1781136300,321.48098154,337.17136889,320.96108547,335.59983042,
2026-06-11 00:06:00,1781136360,335.59983042,339.88156856,325.11316803,335.75685448,
2026-06-11 00:07:00,1781136420,335.75685448,345.82386632,335.63547312,338.983495,
2026-06-11 00:08:00,1781136480,338.983495,338.983495,325.24597597,332.05743762,
2026-06-11 00:09:00,1781136540,332.05743762,332.05743762,318.07366528,327.02278763,
2026-06-11 00:10:00,1781136600,327.02278763,333.14329775,320.87153765,325.49672919,
2026-06-11 00:11:00,1781136660,325.49672919,337.87961752,325.49507704,337.70217322,
2026-06-11 00:12:00,1781136720,337.70217322,338.38385534,327.4504247,338.36160088,
2026-06-11 00:13:00,1781136780,338.36160088,348.22164076,337.92668931,340.73141801,
2026-06-11 00:14:00,1781136840,340.73141801,346.05697,336.63805477,343.6473575,
2026-06-11 00:15:00,1781136900,343.6473575,369.9569159,343.6473575,367.58070966,
2026-06-11 00:16:00,1781136960,367.58070966,388.40972876,363.91757969,380.78516284,
2026-06-11 00:17:00,1781137020,380.78516284,422.65644101,380.16993706,421.58916984,
2026-06-11 00:18:00,1781137080,421.58916984,421.58916984,379.84298118,387.87741019,
2026-06-11 00:19:00,1781137140,387.87741019,411.65934364,387.53679567,405.46554593,
2026-06-11 00:20:00,1781137200,405.46554593,419.68277955,402.58168083,414.65506761,
2026-06-11 00:21:00,1781137260,414.65506761,426.88799453,408.58380862,419.24693069,
2026-06-11 00:22:00,1781137320,419.24693069,419.87382341,396.65633196,398.6251456,
2026-06-11 00:23:00,1781137380,398.6251456,398.7982705,378.99215355,385.95369826,
2026-06-11 00:24:00,1781137440,385.95369826,388.90085315,372.98277525,388.90085315,
2026-06-11 00:25:00,1781137500,388.90085315,390.59448751,378.88892601,387.41087309,
2026-06-11 00:26:00,1781137560,387.41087309,392.13855301,383.47771389,391.21450587,
2026-06-11 00:27:00,1781137620,391.21450587,393.49921645,374.58289376,377.26318967,
2026-06-11 00:28:00,1781137680,377.26318967,394.49510291,373.16664073,394.49510291,
2026-06-11 00:29:00,1781137740,394.49510291,396.16976021,388.47834918,396.02409359,
2026-06-11 00:30:00,1781137800,396.02409359,399.23516333,386.86963822,388.77934558,
2026-06-11 00:31:00,1781137860,388.77934558,391.58241116,380.65241451,390.79186401,
2026-06-11 00:32:00,1781137920,390.79186401,396.01892458,388.37243036,392.86792581,
2026-06-11 00:33:00,1781137980,392.86792581,398.96571631,382.32691749,389.72194573,
2026-06-11 00:34:00,1781138040,389.72194573,396.32526101,377.29490513,377.29490513,
2026-06-11 00:35:00,1781138100,377.29490513,386.49459649,373.79197348,386.34176864,
2026-06-11 00:36:00,1781138160,386.34176864,386.6237557,365.44317497,368.91289563,
2026-06-11 00:37:00,1781138220,368.91289563,379.76355835,366.34096533,378.79734975,
2026-06-11 00:38:00,1781138280,378.79734975,380.59427374,366.89307671,370.03659216,
2026-06-11 00:39:00,1781138340,370.03659216,370.3365736,362.44737901,366.83106438,
2026-06-11 00:40:00,1781138400,366.83106438,368.57032418,363.91521129,366.78500693,
2026-06-11 00:41:00,1781138460,366.78500693,377.87462521,364.35013151,376.7366998,
2026-06-11 00:42:00,1781138520,376.7366998,392.10097921,376.7366998,388.28751028,
2026-06-11 00:43:00,1781138580,388.28751028,392.74350813,378.43577096,378.51952813,
2026-06-11 00:44:00,1781138640,378.51952813,378.51952813,361.72761107,363.7202627,
2026-06-11 00:45:00,1781138700,363.7202627,383.86508812,362.23337627,380.0794933,
2026-06-11 00:46:00,1781138760,380.0794933,399.03477726,378.55900074,398.38278792,
2026-06-11 00:47:00,1781138820,398.38278792,404.71325916,382.0853905,384.01329203,
2026-06-11 00:48:00,1781138880,384.01329203,399.38750027,383.89588353,398.82764794,
2026-06-11 00:49:00,1781138940,398.82764794,398.82764794,391.86448393,396.46909161,
2026-06-11 00:50:00,1781139000,396.46909161,396.49801117,387.95789493,391.35500869,
2026-06-11 00:51:00,1781139060,391.35500869,393.58111946,380.224584,386.69524991,
2026-06-11 00:52:00,1781139120,386.69524991,400.01867626,386.69524991,394.12976015,
2026-06-11 00:53:00,1781139180,394.12976015,395.02355453,384.36792824,384.68885339,
2026-06-11 00:54:00,1781139240,384.68885339,384.74547147,368.08014568,372.7375575,
2026-06-11 00:55:00,1781139300,372.7375575,380.46219069,368.50883859,376.64232345,
2026-06-11 00:56:00,1781139360,376.64232345,377.65181375,369.05195585,372.67684168,
2026-06-11 00:57:00,1781139420,372.67684168,376.06149725,371.48655887,375.60697064,
2026-06-11 00:58:00,1781139480,375.60697064,383.94840176,374.77748005,381.93890544,
2026-06-11 00:59:00,1781139540,381.93890544,389.1664952,369.34634531,369.47583307,
2026-06-11 01:00:00,1781139600,369.47583307,383.75663521,369.41913975,373.81618035,
2026-06-11 01:01:00,1781139660,373.81618035,398.26842636,373.45925409,397.4210545,
2026-06-11 01:02:00,1781139720,397.4210545,404.650944,394.15575992,394.46936371,
2026-06-11 01:03:00,1781139780,394.46936371,399.42512958,389.92745553,393.22589835,
2026-06-11 01:04:00,1781139840,393.22589835,420.28123868,391.64637002,410.45367462,
2026-06-11 01:05:00,1781139900,410.45367462,424.84710436,401.7964921,419.07097099,
2026-06-11 01:06:00,1781139960,419.07097099,423.11220658,408.76703945,408.76703945,
2026-06-11 01:07:00,1781140020,408.76703945,408.76703945,393.75956425,401.57380629,
2026-06-11 01:08:00,1781140080,401.57380629,406.33277356,394.68493279,406.12043779,
2026-06-11 01:09:00,1781140140,406.12043779,408.69491541,394.17446926,396.5314844,
2026-06-11 01:10:00,1781140200,396.5314844,412.77496634,396.5314844,409.1036962,
2026-06-11 01:11:00,1781140260,409.1036962,414.5526805,406.96122816,410.54510997,
2026-06-11 01:12:00,1781140320,410.54510997,422.2038206,408.55414037,418.13989042,
2026-06-11 01:13:00,1781140380,418.13989042,450.22860176,414.11593505,447.65247115,
2026-06-11 01:14:00,1781140440,447.65247115,455.20958573,430.46627688,430.68016427,
2026-06-11 01:15:00,1781140500,430.68016427,448.11310574,423.44119892,432.39928456,
2026-06-11 01:16:00,1781140560,432.39928456,475.7948048,429.83819642,470.74355629,
2026-06-11 01:17:00,1781140620,470.74355629,471.32579281,443.98195363,456.15970594,
2026-06-11 01:18:00,1781140680,456.15970594,461.93357561,449.59597665,456.33736493,
2026-06-11 01:19:00,1781140740,456.33736493,487.48198778,456.33736493,482.56688482,
2026-06-11 01:20:00,1781140800,482.56688482,482.56688482,456.06104463,457.82806498,
2026-06-11 01:21:00,1781140860,457.82806498,475.94659676,456.58160186,471.33295012,
2026-06-11 01:22:00,1781140920,471.33295012,476.28843744,452.52586292,456.71183287,
2026-06-11 01:23:00,1781140980,456.71183287,477.50063935,456.71183287,476.88095918,
2026-06-11 01:24:00,1781141040,476.88095918,481.96280578,470.34195139,475.42646069,
2026-06-11 01:25:00,1781141100,475.42646069,481.92294102,469.63710217,477.72350354,
2026-06-11 01:26:00,1781141160,477.72350354,493.80774752,469.62461944,470.50306956,
2026-06-11 01:27:00,1781141220,470.50306956,472.55726384,457.36442857,471.58931803,
2026-06-11 01:28:00,1781141280,471.58931803,474.10463994,465.5702624,466.68213215,
2026-06-11 01:29:00,1781141340,466.68213215,476.56857126,461.39538529,475.74486783,
2026-06-11 01:30:00,1781141400,475.74486783,484.54511171,472.6493746,473.23108254,
2026-06-11 01:31:00,1781141460,473.23108254,473.56092981,456.45338866,457.70502899,
2026-06-11 01:32:00,1781141520,457.70502899,482.65837585,457.70313413,482.62299683,
2026-06-11 01:33:00,1781141580,482.62299683,483.38899707,461.60976644,466.43711318,
2026-06-11 01:34:00,1781141640,466.43711318,479.12494072,464.09131127,478.4028843,
2026-06-11 01:35:00,1781141700,478.4028843,478.71929982,464.11795928,470.45256177,
2026-06-11 01:36:00,1781141760,470.45256177,470.45256177,453.13337446,453.21157519,
2026-06-11 01:37:00,1781141820,453.21157519,460.5370244,449.99283763,455.54423776,
2026-06-11 01:38:00,1781141880,455.54423776,506.89987705,455.54234197,506.89987705,
2026-06-11 01:39:00,1781141940,506.89987705,509.679062,490.91805766,502.53953415,
2026-06-11 01:40:00,1781142000,502.53953415,502.53953415,493.00521259,494.29034984,
2026-06-11 01:41:00,1781142060,494.29034984,542.02372204,494.29034984,539.15164438,
2026-06-11 01:42:00,1781142120,539.15164438,539.15164438,512.43910457,517.0287617,
2026-06-11 01:43:00,1781142180,517.0287617,525.90851764,512.74361226,517.80353893,
2026-06-11 01:44:00,1781142240,517.80353893,517.80353893,497.08858516,503.12788592,
2026-06-11 01:45:00,1781142300,503.12788592,504.36700239,494.67341956,494.7828884,
2026-06-11 01:46:00,1781142360,494.7828884,513.65913121,493.01182562,507.2495717,
2026-06-11 01:47:00,1781142420,507.2495717,515.00785063,502.2032247,503.72117153,
2026-06-11 01:48:00,1781142480,503.72117153,507.44492641,491.83698464,491.90489587,
2026-06-11 01:49:00,1781142540,491.90489587,511.42053883,491.06671331,504.66163791,
2026-06-11 01:50:00,1781142600,504.66163791,504.66163791,482.13605057,491.11531309,
2026-06-11 01:51:00,1781142660,491.11531309,508.50912869,491.11531309,502.63186814,
2026-06-11 01:52:00,1781142720,502.63186814,512.03918231,495.67516019,497.81203025,
2026-06-11 01:53:00,1781142780,497.81203025,504.72792476,495.60712494,499.11190525,
2026-06-11 01:54:00,1781142840,499.11190525,503.87585049,484.95217731,485.43805831,
2026-06-11 01:55:00,1781142900,485.43805831,485.50350721,470.76982429,473.01349584,
2026-06-11 01:56:00,1781142960,473.01349584,482.29478664,470.95352965,481.4682569,
2026-06-11 01:57:00,1781143020,481.4682569,489.43753696,479.74405148,487.24763761,
2026-06-11 01:58:00,1781143080,487.24763761,492.44988656,483.62090473,490.32885714,
2026-06-11 01:59:00,1781143140,490.32885714,499.00218329,477.91756364,478.59798404,
2026-06-11 02:00:00,1781143200,478.59798404,488.82867477,478.59798404,482.92542558,
2026-06-11 02:01:00,1781143260,482.92542558,490.46497322,469.71680076,490.46497322,
2026-06-11 02:02:00,1781143320,490.46497322,502.58039472,478.96568155,479.03077565,
2026-06-11 02:03:00,1781143380,479.03077565,486.74938698,472.36174075,484.02842959,
2026-06-11 02:04:00,1781143440,484.02842959,499.16769388,482.2391018,495.95331853,
2026-06-11 02:05:00,1781143500,495.95331853,498.52371638,477.94439899,482.81231134,
2026-06-11 02:06:00,1781143560,482.81231134,487.27202666,466.73916288,467.89150454,
2026-06-11 02:07:00,1781143620,467.89150454,469.32142487,460.68549825,462.56157305,
2026-06-11 02:08:00,1781143680,462.56157305,466.99819027,456.86840792,457.28906183,
2026-06-11 02:09:00,1781143740,457.28906183,464.6236599,455.50617856,463.73590679,
2026-06-11 02:10:00,1781143800,463.73590679,463.73590679,453.1734236,454.96260317,
2026-06-11 02:11:00,1781143860,454.96260317,455.5776351,446.33012306,446.73475955,
2026-06-11 02:12:00,1781143920,446.73475955,455.49464774,442.46114138,451.64897492,
2026-06-11 02:13:00,1781143980,451.64897492,460.22919493,451.06528996,455.30328778,
2026-06-11 02:14:00,1781144040,455.30328778,465.84344711,451.13588212,460.05688163,
2026-06-11 02:15:00,1781144100,460.05688163,469.4129722,459.49717894,463.68371395,
2026-06-11 02:16:00,1781144160,463.68371395,478.25310905,449.36429066,477.14437742,
2026-06-11 02:17:00,1781144220,477.14437742,489.55892005,472.42420746,489.45442192,
2026-06-11 02:18:00,1781144280,489.45442192,504.93082642,487.61626408,495.38409893,
2026-06-11 02:19:00,1781144340,495.38409893,504.8680395,489.24728176,500.88547679,
2026-06-11 02:20:00,1781144400,500.88547679,502.58594086,470.6028981,476.77937492,
2026-06-11 02:21:00,1781144460,476.77937492,476.77937492,443.17383548,445.75431797,
2026-06-11 02:22:00,1781144520,445.75431797,445.75431797,424.77992726,426.81208426,
2026-06-11 02:23:00,1781144580,426.81208426,438.82878271,425.16274048,431.11116811,
2026-06-11 02:24:00,1781144640,431.11116811,436.71886446,426.60090473,436.71886446,
2026-06-11 02:25:00,1781144700,436.71886446,438.98794579,430.126466,434.32615789,
2026-06-11 02:26:00,1781144760,434.32615789,453.82474907,431.41783643,453.64465497,
2026-06-11 02:27:00,1781144820,453.64465497,458.33900326,435.54582563,435.84153959,
2026-06-11 02:28:00,1781144880,435.84153959,435.84153959,426.48013319,426.48013319,
2026-06-11 02:29:00,1781144940,426.48013319,426.63108063,421.92066608,425.56014822,
2026-06-11 02:30:00,1781145000,425.56014822,434.81257949,419.159582,422.32432915,
2026-06-11 02:31:00,1781145060,422.32432915,425.46157195,401.85443406,402.02750866,
2026-06-11 02:32:00,1781145120,402.02750866,403.36065002,395.88101842,397.19529513,
2026-06-11 02:33:00,1781145180,397.19529513,408.92517257,397.19529513,405.31409477,
2026-06-11 02:34:00,1781145240,405.31409477,405.67111911,388.64376135,399.13520889,
2026-06-11 02:35:00,1781145300,399.13520889,409.14752021,396.62868789,405.1222154,
2026-06-11 02:36:00,1781145360,405.1222154,419.93323255,405.1222154,418.8926178,
2026-06-11 02:37:00,1781145420,418.8926178,426.36533657,418.15045714,419.32257546,
2026-06-11 02:38:00,1781145480,419.32257546,421.96216553,414.08851691,420.20912457,
2026-06-11 02:39:00,1781145540,420.20912457,434.05866894,418.80074731,425.28265337,
2026-06-11 02:40:00,1781145600,425.28265337,442.02286819,424.88198995,433.79833077,
2026-06-11 02:41:00,1781145660,433.79833077,436.05372189,430.01382742,435.5915184,
2026-06-11 02:42:00,1781145720,435.5915184,435.5915184,421.43905077,423.89545083,
2026-06-11 02:43:00,1781145780,423.89545083,434.0041208,423.82414308,431.29723114,
2026-06-11 02:44:00,1781145840,431.29723114,433.25733762,424.41028596,426.83778795,
2026-06-11 02:45:00,1781145900,426.83778795,426.92363811,417.41194181,423.25327453,
2026-06-11 02:46:00,1781145960,423.25327453,425.62236381,411.94192076,413.71730252,
2026-06-11 02:47:00,1781146020,413.71730252,418.22317451,410.73490504,412.82448372,
2026-06-11 02:48:00,1781146080,412.82448372,416.39731241,410.24616012,411.31311452,
2026-06-11 02:49:00,1781146140,411.31311452,411.79285179,406.67560278,409.94568546,
2026-06-11 02:50:00,1781146200,409.94568546,434.77649913,409.94568546,431.55788383,
2026-06-11 02:51:00,1781146260,431.55788383,441.49769349,419.58763147,420.41031005,
2026-06-11 02:52:00,1781146320,420.41031005,428.29567758,420.41031005,428.29567758,
2026-06-11 02:53:00,1781146380,428.29567758,437.56104086,425.72140799,433.60432688,
2026-06-11 02:54:00,1781146440,433.60432688,448.40703076,431.24462707,438.14392627,
2026-06-11 02:55:00,1781146500,438.14392627,452.35407828,434.01453091,437.10946978,
2026-06-11 02:56:00,1781146560,437.10946978,472.6092538,437.10946978,464.05521666,
2026-06-11 02:57:00,1781146620,464.05521666,477.4465525,462.07665,472.03790058,
2026-06-11 02:58:00,1781146680,472.03790058,474.23903045,460.87004005,460.87004005,
2026-06-11 02:59:00,1781146740,460.87004005,460.87004005,445.00751277,446.33564688,
2026-06-11 03:00:00,1781146800,446.33564688,453.91899427,444.41567029,450.28504264,
2026-06-11 03:01:00,1781146860,450.28504264,459.02103231,448.08930199,455.4893169,
2026-06-11 03:02:00,1781146920,455.4893169,457.15328782,444.34297099,452.82079971,
2026-06-11 03:03:00,1781146980,452.82079971,456.84082304,447.66941986,449.67479444,
2026-06-11 03:04:00,1781147040,449.67479444,452.43925548,446.89684071,451.75366698,
2026-06-11 03:05:00,1781147100,451.75366698,457.0908159,443.24214341,444.62022901,
2026-06-11 03:06:00,1781147160,444.62022901,444.6523392,419.71415462,423.14946826,
2026-06-11 03:07:00,1781147220,423.14946826,433.67901395,419.67886334,429.75651287,
2026-06-11 03:08:00,1781147280,429.75651287,429.7860358,420.57145125,426.92281707,
2026-06-11 03:09:00,1781147340,426.92281707,439.58354475,426.88972762,433.51713945,
2026-06-11 03:10:00,1781147400,433.51713945,434.41933413,424.95834241,427.71617946,
2026-06-11 03:11:00,1781147460,427.71617946,430.04531484,416.27310153,420.15318733,
2026-06-11 03:12:00,1781147520,420.15318733,420.18405154,401.88649372,402.78276178,
2026-06-11 03:13:00,1781147580,402.78276178,414.61733933,399.55902815,414.61733933,
2026-06-11 03:14:00,1781147640,414.61733933,427.41387363,413.96111398,419.06339031,
2026-06-11 03:15:00,1781147700,419.06339031,425.27679145,414.66904308,425.05336944,
2026-06-11 03:16:00,1781147760,425.05336944,427.59932792,419.84036762,426.56332748,
2026-06-11 03:17:00,1781147820,426.56332748,441.44029926,424.42366996,431.72460452,
2026-06-11 03:18:00,1781147880,431.72460452,437.24180685,430.85245048,431.74202617,
2026-06-11 03:19:00,1781147940,431.74202617,432.06421416,416.28585082,416.34719559,
2026-06-11 03:20:00,1781148000,416.34719559,416.40668683,405.42114468,406.05425594,
2026-06-11 03:21:00,1781148060,406.05425594,419.20184291,402.44428017,418.68121715,
2026-06-11 03:22:00,1781148120,418.68121715,425.5871537,411.29258328,414.1142559,
2026-06-11 03:23:00,1781148180,414.1142559,418.78166646,413.36834508,418.50612272,
2026-06-11 03:24:00,1781148240,418.50612272,431.58168147,417.09561283,431.26744337,
2026-06-11 03:25:00,1781148300,431.26744337,434.63848398,423.64871697,434.41441488,
2026-06-11 03:26:00,1781148360,434.41441488,434.41441488,426.09054685,430.93628425,
2026-06-11 03:27:00,1781148420,430.93628425,436.16643195,426.62966016,433.44922338,
2026-06-11 03:28:00,1781148480,433.44922338,433.60328543,431.14619602,433.01224516,
2026-06-11 03:29:00,1781148540,433.01224516,434.89671875,428.89650166,432.14166436,
2026-06-11 03:30:00,1781148600,432.14166436,441.22540424,429.671714,438.47564372,
2026-06-11 03:31:00,1781148660,438.47564372,461.68162491,437.70522496,461.30658118,
2026-06-11 03:32:00,1781148720,461.30658118,489.96860482,458.27938252,479.5982836,
2026-06-11 03:33:00,1781148780,479.5982836,547.61536794,475.35609548,543.92448599,
2026-06-11 03:34:00,1781148840,543.92448599,586.62636125,533.52088099,536.8028455,
2026-06-11 03:35:00,1781148900,536.8028455,562.39459659,521.038382,540.99500989,
2026-06-11 03:36:00,1781148960,540.99500989,547.95301545,510.11638738,523.37706477,
2026-06-11 03:37:00,1781149020,523.37706477,532.98198067,514.1082547,529.9952114,
2026-06-11 03:38:00,1781149080,529.9952114,535.99894458,521.6251827,524.60036868,
2026-06-11 03:39:00,1781149140,524.60036868,534.88958912,522.72001207,522.73125504,
2026-06-11 03:40:00,1781149200,522.73125504,534.90720722,517.86890248,520.9196612,
2026-06-11 03:41:00,1781149260,520.9196612,530.96149713,517.04033621,530.96149713,
2026-06-11 03:42:00,1781149320,530.96149713,542.30968836,524.20755902,538.08202724,
2026-06-11 03:43:00,1781149380,538.08202724,542.01697929,537.53099873,540.35685235,
2026-06-11 03:44:00,1781149440,540.35685235,540.35685235,522.12868233,525.02353885,
2026-06-11 03:45:00,1781149500,525.02353885,558.25732248,525.02353885,544.32376532,
2026-06-11 03:46:00,1781149560,544.32376532,544.35891979,529.49011786,531.70976064,
2026-06-11 03:47:00,1781149620,531.70976064,555.04099182,523.56858162,539.7636769,
2026-06-11 03:48:00,1781149680,539.7636769,559.44912667,532.72676428,541.42196001,
2026-06-11 03:49:00,1781149740,541.42196001,558.95428919,537.1337229,537.1337229,
2026-06-11 03:50:00,1781149800,537.1337229,560.12380295,537.09508812,556.09522876,
2026-06-11 03:51:00,1781149860,556.09522876,559.23247646,550.31694999,553.44022887,
2026-06-11 03:52:00,1781149920,553.44022887,571.48476765,543.03415331,557.16836996,
2026-06-11 03:53:00,1781149980,557.16836996,572.95821186,549.9480314,565.85919838,
2026-06-11 03:54:00,1781150040,565.85919838,565.85919838,558.55720079,561.21638158,
2026-06-11 03:55:00,1781150100,561.21638158,659.67581174,558.11348775,654.62951043,
2026-06-11 03:56:00,1781150160,654.62951043,706.49308819,637.87459737,661.43108869,
2026-06-11 03:57:00,1781150220,661.43108869,682.13648563,659.17616716,678.96564059,
2026-06-11 03:58:00,1781150280,678.96564059,698.97080882,662.18164147,666.37057754,
2026-06-11 03:59:00,1781150340,666.37057754,675.66593385,648.59702665,648.59702665,
2026-06-11 04:00:00,1781150400,648.59702665,657.06243518,633.52723634,633.56812544,
2026-06-11 04:01:00,1781150460,633.56812544,634.7095026,606.46649388,610.70835747,
2026-06-11 04:02:00,1781150520,610.70835747,644.5995556,610.70625466,629.69003793,
2026-06-11 04:03:00,1781150580,629.69003793,629.69003793,609.64474782,622.00132548,
2026-06-11 04:04:00,1781150640,622.00132548,641.00130372,621.95880689,626.98613219,
2026-06-11 04:05:00,1781150700,626.98613219,626.98613219,610.59896379,618.56641393,
2026-06-11 04:06:00,1781150760,618.56641393,622.8777473,601.71873504,606.30048874,
2026-06-11 04:07:00,1781150820,606.30048874,616.77675904,604.81274453,609.94883666,
2026-06-11 04:08:00,1781150880,609.94883666,624.66152341,609.94883666,623.4295644,
2026-06-11 04:09:00,1781150940,623.4295644,625.33318434,607.56393782,620.68747214,
2026-06-11 04:10:00,1781151000,620.68747214,639.00069475,598.98063624,631.16898343,
2026-06-11 04:11:00,1781151060,631.16898343,645.33862407,618.84877404,644.38188435,
2026-06-11 04:12:00,1781151120,644.38188435,656.18502536,637.01775528,650.64298807,
2026-06-11 04:13:00,1781151180,650.64298807,668.78138663,644.00150211,655.48440288,
2026-06-11 04:14:00,1781151240,655.48440288,658.67600231,637.49629662,637.49629662,
2026-06-11 04:15:00,1781151300,637.49629662,639.94943826,626.45679077,637.90230779,
2026-06-11 04:16:00,1781151360,637.90230779,656.06181059,622.83753534,622.95923014,
2026-06-11 04:17:00,1781151420,622.95923014,630.35160735,619.88518716,626.34279707,
2026-06-11 04:18:00,1781151480,626.34279707,629.11103786,610.23561938,614.32350192,
2026-06-11 04:19:00,1781151540,614.32350192,631.21657604,613.94560649,630.98175546,
2026-06-11 04:20:00,1781151600,630.98175546,651.85736379,622.55539832,646.83819173,
2026-06-11 04:21:00,1781151660,646.83819173,650.88662607,620.02402121,621.65931168,
2026-06-11 04:22:00,1781151720,621.65931168,623.02211424,608.97537708,616.71609916,
2026-06-11 04:23:00,1781151780,616.71609916,624.20028326,609.33288073,618.96291612,
2026-06-11 04:24:00,1781151840,618.96291612,629.61123705,610.71425323,611.45865423,
2026-06-11 04:25:00,1781151900,611.45865423,613.75459337,602.64700189,609.69317889,
2026-06-11 04:26:00,1781151960,609.69317889,620.98963351,609.45223295,617.36458791,
2026-06-11 04:27:00,1781152020,617.36458791,617.36458791,604.40286176,607.18323758,
2026-06-11 04:28:00,1781152080,607.18323758,611.98058838,603.2100783,607.65419256,
2026-06-11 04:29:00,1781152140,607.65419256,615.19448814,607.43633439,611.80691313,
2026-06-11 04:30:00,1781152200,611.80691313,622.48391893,610.2260289,618.93209865,
2026-06-11 04:31:00,1781152260,618.93209865,624.19589502,609.31339407,609.4588208,
2026-06-11 04:32:00,1781152320,609.4588208,609.89654343,598.4448798,606.87885348,
2026-06-11 04:33:00,1781152380,606.87885348,610.48424212,591.32398665,591.87453937,
2026-06-11 04:34:00,1781152440,591.87453937,597.55385892,579.9652901,584.98065207,
2026-06-11 04:35:00,1781152500,584.98065207,598.26306863,583.07810828,594.34145057,
2026-06-11 04:36:00,1781152560,594.34145057,605.36169722,590.80824384,603.17323788,
2026-06-11 04:37:00,1781152620,603.17323788,603.92293359,594.3902611,600.87940577,
2026-06-11 04:38:00,1781152680,600.87940577,632.74557897,600.87940577,627.73319068,
2026-06-11 04:39:00,1781152740,627.73319068,639.40660927,625.20007081,639.11060196,
2026-06-11 04:40:00,1781152800,639.11060196,646.67477357,621.83549696,632.20680104,
2026-06-11 04:41:00,1781152860,632.20680104,632.45730897,616.20102607,620.65828489,
2026-06-11 04:42:00,1781152920,620.65828489,625.06690633,615.04493308,615.04493308,
2026-06-11 04:43:00,1781152980,615.04493308,619.13638971,610.89873907,617.6005594,
2026-06-11 04:44:00,1781153040,617.6005594,630.4106809,617.4024033,624.78711247,
2026-06-11 04:45:00,1781153100,624.78711247,643.23785747,624.78711247,641.14073881,
2026-06-11 04:46:00,1781153160,641.14073881,644.43420401,638.03363913,641.88831565,
2026-06-11 04:47:00,1781153220,641.88831565,675.3627033,641.761876,669.7870888,
2026-06-11 04:48:00,1781153280,669.7870888,669.87267202,647.59309149,668.26925448,
2026-06-11 04:49:00,1781153340,668.26925448,682.92191078,664.57151829,675.30862051,
2026-06-11 04:50:00,1781153400,675.30862051,701.80965367,675.0053177,701.36582033,
2026-06-11 04:51:00,1781153460,701.36582033,703.27982196,683.03384386,683.07725354,
2026-06-11 04:52:00,1781153520,683.07725354,709.85637446,683.07725354,692.12957974,
2026-06-11 04:53:00,1781153580,692.12957974,695.82037056,680.30916989,686.75740992,
2026-06-11 04:54:00,1781153640,686.75740992,694.05001675,678.81183443,692.41867753,
2026-06-11 04:55:00,1781153700,692.41867753,696.44741377,674.75751809,676.09181346,
2026-06-11 04:56:00,1781153760,676.09181346,680.04898675,668.45265266,668.79409904,
2026-06-11 04:57:00,1781153820,668.79409904,669.69978365,657.56430828,661.32758557,
2026-06-11 04:58:00,1781153880,661.32758557,661.32758557,629.85411201,632.91352957,
2026-06-11 04:59:00,1781153940,632.91352957,649.49341066,630.01707112,641.83879177,
2026-06-11 05:00:00,1781154000,641.83879177,643.34695493,598.09177713,602.66026701,
2026-06-11 05:01:00,1781154060,602.66026701,606.47957175,591.09216561,591.56657435,
2026-06-11 05:02:00,1781154120,591.56657435,603.58243067,584.05338339,592.58681201,
2026-06-11 05:03:00,1781154180,592.58681201,596.2559047,581.91783826,588.28900212,
2026-06-11 05:04:00,1781154240,588.28900212,588.76222674,580.43984135,581.78535321,
2026-06-11 05:05:00,1781154300,581.78535321,582.10414404,574.80073926,580.28536086,
2026-06-11 05:06:00,1781154360,580.28536086,583.66701837,569.55818254,571.08644621,
2026-06-11 05:07:00,1781154420,571.08644621,586.80541163,570.73464591,580.12138185,
2026-06-11 05:08:00,1781154480,580.12138185,589.10444312,580.11931013,585.5186793,
2026-06-11 05:09:00,1781154540,585.5186793,595.82468218,584.12741919,594.1582562,
2026-06-11 05:10:00,1781154600,594.1582562,602.51491543,585.95620565,586.67096461,
2026-06-11 05:11:00,1781154660,586.67096461,588.31594159,578.66705202,580.89873199,
2026-06-11 05:12:00,1781154720,580.89873199,597.95254072,580.25453555,591.62419686,
2026-06-11 05:13:00,1781154780,591.62419686,594.02820772,581.43589451,581.97566439,
2026-06-11 05:14:00,1781154840,581.97566439,595.63022907,581.81565727,591.89145421,
2026-06-11 05:15:00,1781154900,591.89145421,605.36765491,586.92530962,603.63582738,
2026-06-11 05:16:00,1781154960,603.63582738,620.26725042,601.76057468,614.45587171,
2026-06-11 05:17:00,1781155020,614.45587171,627.58195179,611.38749344,615.74490104,
2026-06-11 05:18:00,1781155080,615.74490104,617.60685528,592.71176184,592.9338465,
2026-06-11 05:19:00,1781155140,592.9338465,611.26850951,590.08071083,593.50669722,
2026-06-11 05:20:00,1781155200,593.50669722,605.26538007,590.40324948,604.89320914,
2026-06-11 05:21:00,1781155260,604.89320914,622.86885299,604.4024485,621.93424556,
2026-06-11 05:22:00,1781155320,621.93424556,626.58262971,611.24181282,626.58262971,
2026-06-11 05:23:00,1781155380,626.58262971,629.79519406,605.83946122,605.83946122,
2026-06-11 05:24:00,1781155440,605.83946122,618.45170538,603.47992879,607.29350096,
2026-06-11 05:25:00,1781155500,607.29350096,608.76294158,592.38082319,602.48172225,
2026-06-11 05:26:00,1781155560,602.48172225,608.28952376,588.69660982,594.33585706,
2026-06-11 05:27:00,1781155620,594.33585706,598.17064519,575.38531552,575.54139454,
2026-06-11 05:28:00,1781155680,575.54139454,576.11688854,564.74897093,575.86816037,
2026-06-11 05:29:00,1781155740,575.86816037,588.70621253,575.64805844,586.21647202,
2026-06-11 05:30:00,1781155800,586.21647202,594.93832031,582.31469345,586.54249936,
2026-06-11 05:31:00,1781155860,586.54249936,587.36715187,571.57677961,575.81637098,
2026-06-11 05:32:00,1781155920,575.81637098,603.57031152,575.76315108,600.74353923,
2026-06-11 05:33:00,1781155980,600.74353923,609.40206291,590.33229528,596.89538207,
2026-06-11 05:34:00,1781156040,596.89538207,599.77641833,589.34788305,591.0169666,
2026-06-11 05:35:00,1781156100,591.0169666,593.95614673,574.8362524,578.94649959,
2026-06-11 05:36:00,1781156160,578.94649959,605.45235732,575.00955657,597.04088633,
2026-06-11 05:37:00,1781156220,597.04088633,602.96194997,591.85392002,597.66381455,
2026-06-11 05:38:00,1781156280,597.66381455,604.33535738,595.25976931,602.01382858,
2026-06-11 05:39:00,1781156340,602.01382858,602.01382858,581.79879985,582.59714155,
2026-06-11 05:40:00,1781156400,582.59714155,588.65977646,579.52864622,583.54188941,
2026-06-11 05:41:00,1781156460,583.54188941,596.03206217,580.46386576,596.02999362,
2026-06-11 05:42:00,1781156520,596.02999362,601.65093783,593.2162444,597.25671798,
2026-06-11 05:43:00,1781156580,597.25671798,612.19702586,597.092015,603.16071526,
2026-06-11 05:44:00,1781156640,603.16071526,611.54235454,597.29116054,608.98486534,
2026-06-11 05:45:00,1781156700,608.98486534,613.84144592,606.43028283,608.58810122,
2026-06-11 05:46:00,1781156760,608.58810122,611.60871291,601.99799861,605.77742758,
2026-06-11 05:47:00,1781156820,605.77742758,607.00801064,590.18363008,590.34538975,
2026-06-11 05:48:00,1781156880,590.34538975,594.20045191,579.69320811,588.58865382,
2026-06-11 05:49:00,1781156940,588.58865382,593.7248048,583.72956663,585.8409761,
2026-06-11 05:50:00,1781157000,585.8409761,592.46963868,575.8409426,578.58912888,
2026-06-11 05:51:00,1781157060,578.58912888,594.17258984,573.87801483,579.50584418,
2026-06-11 05:52:00,1781157120,579.50584418,581.13325046,573.87052459,579.11475649,
2026-06-11 05:53:00,1781157180,579.11475649,601.39052706,579.07275377,600.54689076,
2026-06-11 05:54:00,1781157240,600.54689076,600.54689076,577.32779418,581.18959652,
2026-06-11 05:55:00,1781157300,581.18959652,603.053391,581.06744066,598.59659148,
2026-06-11 05:56:00,1781157360,598.59659148,607.95644156,585.5799702,589.50593759,
2026-06-11 05:57:00,1781157420,589.50593759,597.59167831,584.74300863,595.11114751,
2026-06-11 05:58:00,1781157480,595.11114751,598.27243318,582.66773469,582.91421005,
2026-06-11 05:59:00,1781157540,582.91421005,582.99462581,562.95901575,569.26928565,
2026-06-11 06:00:00,1781157600,569.26928565,575.39792915,563.06728222,570.77418455,
2026-06-11 06:01:00,1781157660,570.77418455,575.98418143,561.66870908,567.70979379,
2026-06-11 06:02:00,1781157720,567.70979379,568.33416227,561.61570986,562.63382441,
2026-06-11 06:03:00,1781157780,562.63382441,575.06140632,562.63177941,572.36010716,
2026-06-11 06:04:00,1781157840,572.36010716,572.36010716,542.99959198,542.99959198,
2026-06-11 06:05:00,1781157900,542.99959198,562.85607162,539.67059678,555.29624901,
2026-06-11 06:06:00,1781157960,555.29624901,557.17545179,543.45591186,554.81458123,
2026-06-11 06:07:00,1781158020,554.81458123,564.66069316,552.06003348,553.42233665,
2026-06-11 06:08:00,1781158080,553.42233665,580.53870036,553.02770919,578.7126458,
2026-06-11 06:09:00,1781158140,578.7126458,592.75998884,576.70531676,587.0777937,
2026-06-11 06:10:00,1781158200,587.0777937,596.24220754,582.82146185,593.31582683,
2026-06-11 06:11:00,1781158260,593.31582683,612.74450777,587.92619992,607.85608739,
2026-06-11 06:12:00,1781158320,607.85608739,643.84071324,606.48600346,643.84071324,
2026-06-11 06:13:00,1781158380,643.84071324,650.84812944,626.90677246,634.94154584,
2026-06-11 06:14:00,1781158440,634.94154584,639.5039288,631.56750623,637.71862185,
2026-06-11 06:15:00,1781158500,637.71862185,664.04112625,637.71862185,655.86723763,
2026-06-11 06:16:00,1781158560,655.86723763,680.5357764,650.25452121,652.04678484,
2026-06-11 06:17:00,1781158620,652.04678484,652.99476146,640.64632206,649.11920133,
2026-06-11 06:18:00,1781158680,649.11920133,649.11920133,615.71465901,618.70291763,
2026-06-11 06:19:00,1781158740,618.70291763,635.04637307,617.16688084,627.69293771,
2026-06-11 06:20:00,1781158800,627.69293771,662.13161807,627.69085117,660.2554744,
2026-06-11 06:21:00,1781158860,660.2554744,719.20501933,660.03384252,695.95922175,
2026-06-11 06:22:00,1781158920,695.95922175,695.95922175,677.02410053,682.29431624,
2026-06-11 06:23:00,1781158980,682.29431624,708.47904838,674.18110087,700.05518805,
2026-06-11 06:24:00,1781159040,700.05518805,722.32297707,686.65666778,714.51497675,
2026-06-11 06:25:00,1781159100,714.51497675,723.25206282,688.10228317,688.19268612,
2026-06-11 06:26:00,1781159160,688.19268612,695.46606001,666.19914986,672.18867943,
2026-06-11 06:27:00,1781159220,672.18867943,683.17024333,660.13306565,665.63490774,
2026-06-11 06:28:00,1781159280,665.63490774,671.10435029,660.53193777,665.9605571,
2026-06-11 06:29:00,1781159340,665.9605571,672.90277689,656.62103832,667.52756621,
2026-06-11 06:30:00,1781159400,667.52756621,673.38156599,657.14894789,657.5609222,
2026-06-11 06:31:00,1781159460,657.5609222,682.32930976,657.55882695,681.51600299,
2026-06-11 06:32:00,1781159520,681.51600299,699.50392481,680.05509411,691.47067696,
2026-06-11 06:33:00,1781159580,691.47067696,693.57873017,678.97150613,691.67176071,
2026-06-11 06:34:00,1781159640,691.67176071,708.93482898,686.71057778,700.83561888,
2026-06-11 06:35:00,1781159700,700.83561888,701.495088,688.76985818,694.21214916,
2026-06-11 06:36:00,1781159760,694.21214916,719.58775383,691.3305831,712.74534113,
2026-06-11 06:37:00,1781159820,712.74534113,719.095572,700.50031752,709.52315127,
2026-06-11 06:38:00,1781159880,709.52315127,712.76250049,701.72503625,711.8814854,
2026-06-11 06:39:00,1781159940,711.8814854,712.21748041,707.42029719,708.68512361,
2026-06-11 06:40:00,1781160000,708.68512361,713.64617303,707.83899028,709.1935283,
2026-06-11 06:41:00,1781160060,709.1935283,722.21371287,682.19635891,720.59329113,
2026-06-11 06:42:00,1781160120,720.59329113,720.59329113,698.33158176,701.40404039,
2026-06-11 06:43:00,1781160180,701.40404039,703.72394756,686.5863835,688.36357584,
2026-06-11 06:44:00,1781160240,688.36357584,702.59619145,688.33706322,702.50229023,
2026-06-11 06:45:00,1781160300,702.50229023,704.94894078,682.78125857,683.38898981,
2026-06-11 06:46:00,1781160360,683.38898981,684.20265493,661.73836614,667.9159424,
2026-06-11 06:47:00,1781160420,667.9159424,668.04417227,654.92967319,657.6189583,
2026-06-11 06:48:00,1781160480,657.6189583,660.14594191,649.81107954,659.12737164,
2026-06-11 06:49:00,1781160540,659.12737164,659.12737164,635.74893238,637.677077,
2026-06-11 06:50:00,1781160600,637.677077,643.04756659,633.07000127,639.73237315,
2026-06-11 06:51:00,1781160660,639.73237315,642.88485156,636.59060471,642.49180242,
2026-06-11 06:52:00,1781160720,642.49180242,644.15787356,632.85108884,634.43949445,
2026-06-11 06:53:00,1781160780,634.43949445,634.52150223,626.04707305,629.62252693,
2026-06-11 06:54:00,1781160840,629.62252693,639.29545188,624.54441257,639.29335843,
2026-06-11 06:55:00,1781160900,639.29335843,639.29335843,609.12448104,616.97251766,
2026-06-11 06:56:00,1781160960,616.97251766,621.68859088,611.28558704,613.51175714,
2026-06-11 06:57:00,1781161020,613.51175714,624.89285108,613.51175714,619.65922989,
2026-06-11 06:58:00,1781161080,619.65922989,632.05046457,618.90979,622.8895722,
2026-06-11 06:59:00,1781161140,622.8895722,624.53947007,617.07743282,617.07743282,
2026-06-11 07:00:00,1781161200,617.07743282,620.45306067,611.03040311,612.84213298,
2026-06-11 07:01:00,1781161260,612.84213298,621.74662544,607.10024091,618.84131371,
2026-06-11 07:02:00,1781161320,618.84131371,627.67004861,589.79158758,589.79158758,
2026-06-11 07:03:00,1781161380,589.79158758,599.14352971,580.79653189,587.83577776,
2026-06-11 07:04:00,1781161440,587.83577776,592.78147792,578.88353766,579.18404281,
2026-06-11 07:05:00,1781161500,579.18404281,587.41252173,578.57147612,581.74868839,
2026-06-11 07:06:00,1781161560,581.74868839,588.43619442,577.79616624,580.00459305,
2026-06-11 07:07:00,1781161620,580.00459305,582.62276522,562.2481817,568.50694925,
2026-06-11 07:08:00,1781161680,568.50694925,580.15384954,568.50694925,580.15384954,
2026-06-11 07:09:00,1781161740,580.15384954,583.24310433,572.48951857,580.25934603,
2026-06-11 07:10:00,1781161800,580.25934603,591.29056749,574.43746558,588.9707471,
2026-06-11 07:11:00,1781161860,588.9707471,600.74649449,585.91137771,589.25115324,
2026-06-11 07:12:00,1781161920,589.25115324,591.48494224,574.68906949,576.06662783,
2026-06-11 07:13:00,1781161980,576.06662783,588.44950059,565.99349662,581.38238981,
2026-06-11 07:14:00,1781162040,581.38238981,592.2142523,581.24540663,585.80027022,
2026-06-11 07:15:00,1781162100,585.80027022,590.47792281,580.44847844,588.18620777,
2026-06-11 07:16:00,1781162160,588.18620777,598.10746953,578.93516392,595.79308874,
2026-06-11 07:17:00,1781162220,595.79308874,601.83038709,591.83631036,598.07063143,
2026-06-11 07:18:00,1781162280,598.07063143,613.84439214,596.80804619,604.69498199,
2026-06-11 07:19:00,1781162340,604.69498199,606.11574793,596.94873795,600.78371077,
2026-06-11 07:20:00,1781162400,600.78371077,624.60148964,599.63194692,624.17898121,
2026-06-11 07:21:00,1781162460,624.17898121,641.13397019,623.49904442,639.46749214,
2026-06-11 07:22:00,1781162520,639.46749214,649.60764831,626.6126592,632.16414575,
2026-06-11 07:23:00,1781162580,632.16414575,632.16414575,617.02366966,620.61748359,
2026-06-11 07:24:00,1781162640,620.61748359,640.94186182,618.03182824,640.89920566,
2026-06-11 07:25:00,1781162700,640.89920566,642.05158168,622.60425315,624.14914769,
2026-06-11 07:26:00,1781162760,624.14914769,629.82909529,621.77847072,626.52254843,
2026-06-11 07:27:00,1781162820,626.52254843,638.57250325,626.4963158,632.10591276,
2026-06-11 07:28:00,1781162880,632.10591276,636.099728,629.29217285,635.92368551,
2026-06-11 07:29:00,1781162940,635.92368551,648.19208391,631.23802157,648.05659032,
2026-06-11 07:30:00,1781163000,648.05659032,671.19054296,648.05442258,651.68271346,
2026-06-11 07:31:00,1781163060,651.68271346,651.68271346,626.24133364,629.20176545,
2026-06-11 07:32:00,1781163120,629.20176545,631.72493214,627.37784537,630.46845324,
2026-06-11 07:33:00,1781163180,630.46845324,642.90976134,630.46845324,635.187767,
2026-06-11 07:34:00,1781163240,635.187767,635.94112284,619.37402667,620.53468323,
2026-06-11 07:35:00,1781163300,620.53468323,628.68874259,617.40048639,625.78510664,
2026-06-11 07:36:00,1781163360,625.78510664,634.22349532,617.84318982,619.12101452,
2026-06-11 07:37:00,1781163420,619.12101452,625.27657052,613.9411958,616.08252008,
2026-06-11 07:38:00,1781163480,616.08252008,616.08252008,595.63459753,597.41082955,
2026-06-11 07:39:00,1781163540,597.41082955,597.87683748,586.28650883,586.50723656,
2026-06-11 07:40:00,1781163600,586.50723656,586.50723656,575.25434009,577.29114831,
2026-06-11 07:41:00,1781163660,577.29114831,596.41748948,577.08854973,593.54205642,
2026-06-11 07:42:00,1781163720,593.54205642,610.5294586,593.34004717,605.71579362,
2026-06-11 07:43:00,1781163780,605.71579362,613.90105408,597.34437092,610.95569303,
2026-06-11 07:44:00,1781163840,610.95569303,611.47005225,595.99377444,605.48477217,
2026-06-11 07:45:00,1781163900,605.48477217,616.61164045,605.07450339,614.52494256,
2026-06-11 07:46:00,1781163960,614.52494256,622.73662696,614.28270886,622.28298329,
2026-06-11 07:47:00,1781164020,622.28298329,640.65467179,621.86376515,629.40152738,
2026-06-11 07:48:00,1781164080,629.40152738,634.37433537,624.88401339,626.5965236,
2026-06-11 07:49:00,1781164140,626.5965236,634.61775562,626.09787323,628.20656712,
2026-06-11 07:50:00,1781164200,628.20656712,632.94767694,626.88147639,629.53927424,
2026-06-11 07:51:00,1781164260,629.53927424,633.42386391,619.23385947,620.91160585,
2026-06-11 07:52:00,1781164320,620.91160585,620.91160585,614.08568722,616.13372044,
2026-06-11 07:53:00,1781164380,616.13372044,629.25778735,615.89959027,616.68827307,
2026-06-11 07:54:00,1781164440,616.68827307,625.57750357,615.45031646,622.47755636,
2026-06-11 07:55:00,1781164500,622.47755636,634.45749652,621.39978543,632.50611135,
2026-06-11 07:56:00,1781164560,632.50611135,637.65000186,628.85906038,633.86950702,
2026-06-11 07:57:00,1781164620,633.86950702,639.74342684,633.32093295,635.33381987,
2026-06-11 07:58:00,1781164680,635.33381987,636.90299065,628.77894639,628.82060759,
2026-06-11 07:59:00,1781164740,628.82060759,630.93867077,626.68150048,628.82191804,
2026-06-11 08:00:00,1781164800,628.82191804,653.53064372,628.69472663,647.82135884,
2026-06-11 08:01:00,1781164860,647.82135884,655.15784132,631.86625815,642.46813454,
2026-06-11 08:02:00,1781164920,642.46813454,659.94994951,640.01337158,650.07350949,
2026-06-11 08:03:00,1781164980,650.07350949,658.79887336,647.68231613,650.62546162,
2026-06-11 08:04:00,1781165040,650.62546162,651.34503055,639.44899379,639.62666732,
2026-06-11 08:05:00,1781165100,639.62666732,649.15165686,638.79956388,645.32108333,
2026-06-11 08:06:00,1781165160,645.32108333,656.0724949,644.43489161,655.45842832,
2026-06-11 08:07:00,1781165220,655.45842832,655.45842832,645.24866732,648.27637066,
2026-06-11 08:08:00,1781165280,648.27637066,653.98867276,643.85537423,653.70215995,
2026-06-11 08:09:00,1781165340,653.70215995,670.02746421,650.3996881,657.49957309,
2026-06-11 08:10:00,1781165400,657.49957309,666.18762287,657.19790947,660.14000808,
2026-06-11 08:11:00,1781165460,660.14000808,670.458306,656.74482683,656.7856023,
2026-06-11 08:12:00,1781165520,656.7856023,663.0266666,656.73488181,660.81841418,
2026-06-11 08:13:00,1781165580,660.81841418,696.46248442,660.81841418,695.5373428,
2026-06-11 08:14:00,1781165640,695.5373428,695.5373428,669.14194784,678.17678139,
2026-06-11 08:15:00,1781165700,678.17678139,678.77568013,671.66874468,672.84407076,
2026-06-11 08:16:00,1781165760,672.84407076,672.84407076,664.02935666,666.43817538,
2026-06-11 08:17:00,1781165820,666.43817538,677.89245905,666.43817538,668.91607241,
2026-06-11 08:18:00,1781165880,668.91607241,685.29221197,668.91607241,683.00300215,
2026-06-11 08:19:00,1781165940,683.00300215,683.00300215,674.37335896,676.05724101,
2026-06-11 08:20:00,1781166000,676.05724101,676.20920445,670.18635973,671.59379612,
2026-06-11 08:21:00,1781166060,671.59379612,677.59658806,671.44074241,673.51690346,
2026-06-11 08:22:00,1781166120,673.51690346,696.90379924,673.51465586,694.57208782,
2026-06-11 08:23:00,1781166180,694.57208782,719.58898429,694.52528485,718.61375122,
2026-06-11 08:24:00,1781166240,718.61375122,726.31771432,709.80863889,721.84870787,
2026-06-11 08:25:00,1781166300,721.84870787,722.58366609,708.78420232,715.86791761,
2026-06-11 08:26:00,1781166360,715.86791761,723.63091846,714.04724725,715.64434082,
2026-06-11 08:27:00,1781166420,715.64434082,728.05838382,713.65293228,723.39870835,
2026-06-11 08:28:00,1781166480,723.39870835,738.5920708,721.33234709,733.2179146,
2026-06-11 08:29:00,1781166540,733.2179146,735.72246357,730.01755415,735.31443902,
2026-06-11 08:30:00,1781166600,735.31443902,740.6852463,730.22649052,731.98609287,
2026-06-11 08:31:00,1781166660,731.98609287,732.16757662,722.10233623,726.50458715,
2026-06-11 08:32:00,1781166720,726.50458715,738.57724397,725.84049591,728.89372972,
2026-06-11 08:33:00,1781166780,728.89372972,738.39844929,728.76335532,736.74875279,
2026-06-11 08:34:00,1781166840,736.74875279,741.01898063,732.5728896,734.46201951,
2026-06-11 08:35:00,1781166900,734.46201951,738.62347896,730.61887624,735.048761,
2026-06-11 08:36:00,1781166960,735.048761,735.51215295,730.66377852,730.83097869,
2026-06-11 08:37:00,1781167020,730.83097869,739.14467389,730.78059892,735.20453434,
2026-06-11 08:38:00,1781167080,735.20453434,735.20453434,730.69517747,731.54574567,
2026-06-11 08:39:00,1781167140,731.54574567,753.98996206,727.05719773,747.23611552,
2026-06-11 08:40:00,1781167200,747.23611552,747.23611552,737.62695453,738.17205083,
2026-06-11 08:41:00,1781167260,738.17205083,738.87141258,727.34314268,729.83318444,
2026-06-11 08:42:00,1781167320,729.83318444,730.69172678,713.79979296,714.4314683,
2026-06-11 08:43:00,1781167380,714.4314683,717.86230454,692.1626188,692.34935225,
2026-06-11 08:44:00,1781167440,692.34935225,693.47679229,687.8101738,692.64099905,
2026-06-11 08:45:00,1781167500,692.64099905,712.37899162,690.33800106,704.91793416,
2026-06-11 08:46:00,1781167560,704.91793416,716.6940923,697.97719483,716.58095014,
2026-06-11 08:47:00,1781167620,716.58095014,735.74859987,712.7356345,735.74859987,
2026-06-11 08:48:00,1781167680,735.74859987,780.27864846,734.45845552,762.69125691,
2026-06-11 08:49:00,1781167740,762.69125691,774.19337811,743.34199555,743.34199555,
2026-06-11 08:50:00,1781167800,743.34199555,755.74035566,743.34199555,748.2106697,
2026-06-11 08:51:00,1781167860,748.2106697,763.42675042,740.92846668,740.92846668,
2026-06-11 08:52:00,1781167920,740.92846668,742.42239806,727.90437106,736.92722523,
2026-06-11 08:53:00,1781167980,736.92722523,737.85690264,732.42907171,735.55199864,
2026-06-11 08:54:00,1781168040,735.55199864,737.05383223,734.0029261,735.98002147,
2026-06-11 08:55:00,1781168100,735.98002147,742.15377847,733.55208368,736.20287947,
2026-06-11 08:56:00,1781168160,736.20287947,736.57098611,720.42704215,724.84780023,
2026-06-11 08:57:00,1781168220,724.84780023,727.51645083,714.50947467,725.92492655,
2026-06-11 08:58:00,1781168280,725.92492655,730.28119544,724.8869633,725.83055143,
2026-06-11 08:59:00,1781168340,725.83055143,737.86105678,724.90926197,737.72920634,
2026-06-11 09:00:00,1781168400,737.72920634,737.82169154,714.66451557,724.18962613,
2026-06-11 09:01:00,1781168460,724.18962613,725.69191536,716.18326341,720.57406361,
2026-06-11 09:02:00,1781168520,720.57406361,734.27279245,719.88316773,731.59534888,
2026-06-11 09:03:00,1781168580,731.59534888,735.06860443,728.27430104,733.03651376,
2026-06-11 09:04:00,1781168640,733.03651376,735.81250307,712.03235898,714.13343608,
2026-06-11 09:05:00,1781168700,714.13343608,718.93851945,699.7430569,701.40424593,
2026-06-11 09:06:00,1781168760,701.40424593,701.40424593,689.98974671,695.2625318,
2026-06-11 09:07:00,1781168820,695.2625318,697.5052189,681.20860511,686.89310472,
2026-06-11 09:08:00,1781168880,686.89310472,693.74387251,681.47279302,685.49276124,
2026-06-11 09:09:00,1781168940,685.49276124,685.58136452,677.69594698,684.29914175,
2026-06-11 09:10:00,1781169000,684.29914175,695.72690402,684.18588954,690.21575103,
2026-06-11 09:11:00,1781169060,690.21575103,690.21575103,676.35480921,676.74605041,
2026-06-11 09:12:00,1781169120,676.74605041,680.11896357,671.86413738,678.02098707,
2026-06-11 09:13:00,1781169180,678.02098707,685.79758597,667.94692809,669.07380081,
2026-06-11 09:14:00,1781169240,669.07380081,687.8673727,664.39329539,686.39304115,
2026-06-11 09:15:00,1781169300,686.39304115,686.39304115,663.15188758,665.63895789,
2026-06-11 09:16:00,1781169360,665.63895789,666.40131157,648.20147434,657.55495188,
2026-06-11 09:17:00,1781169420,657.55495188,657.98755254,647.86602886,656.56642988,
2026-06-11 09:18:00,1781169480,656.56642988,675.90767905,656.56642988,675.41820288,
2026-06-11 09:19:00,1781169540,675.41820288,684.18501299,672.57287697,673.97400773,
2026-06-11 09:20:00,1781169600,673.97400773,673.97400773,657.31702679,660.73889866,
2026-06-11 09:21:00,1781169660,660.73889866,662.61167706,655.48424992,655.91385028,
2026-06-11 09:22:00,1781169720,655.91385028,660.55339512,650.66239971,657.70579426,
2026-06-11 09:23:00,1781169780,657.70579426,662.82700459,653.2047538,661.75158962,
2026-06-11 09:24:00,1781169840,661.75158962,663.95730787,651.25790015,663.50921952,
2026-06-11 09:25:00,1781169900,663.50921952,670.13183798,655.62312562,665.47939932,
2026-06-11 09:26:00,1781169960,665.47939932,665.78245781,654.51666009,659.6552977,
2026-06-11 09:27:00,1781170020,659.6552977,664.5372659,655.19356808,662.33740357,
2026-06-11 09:28:00,1781170080,662.33740357,668.10997423,661.32886435,667.74034156,
2026-06-11 09:29:00,1781170140,667.74034156,667.95084081,660.30559528,666.30839939,
2026-06-11 09:30:00,1781170200,666.30839939,680.32324942,662.96468454,665.08709556,
2026-06-11 09:31:00,1781170260,665.08709556,708.27519945,664.04732615,703.70673669,
2026-06-11 09:32:00,1781170320,703.70673669,707.91621004,687.38121825,700.69692637,
2026-06-11 09:33:00,1781170380,700.69692637,705.27168102,692.67270386,702.87532188,
2026-06-11 09:34:00,1781170440,702.87532188,719.17060931,696.03404976,716.26516201,
2026-06-11 09:35:00,1781170500,716.26516201,729.78572548,704.73181751,705.67680182,
2026-06-11 09:36:00,1781170560,705.67680182,717.88097738,705.58387567,715.77773577,
2026-06-11 09:37:00,1781170620,715.77773577,715.77773577,709.10938759,713.19559853,
2026-06-11 09:38:00,1781170680,713.19559853,715.47680081,706.13184917,708.47114016,
2026-06-11 09:39:00,1781170740,708.47114016,718.43717783,706.42501799,706.96545184,
2026-06-11 09:40:00,1781170800,706.96545184,709.42665674,704.10214862,706.85217354,
2026-06-11 09:41:00,1781170860,706.85217354,706.89530305,695.52262848,696.54084485,
2026-06-11 09:42:00,1781170920,696.54084485,709.60385497,695.98675642,704.54414841,
2026-06-11 09:43:00,1781170980,704.54414841,705.28450895,696.22751883,696.52053199,
2026-06-11 09:44:00,1781171040,696.52053199,713.54372172,696.06036743,711.53053453,
2026-06-11 09:45:00,1781171100,711.53053453,711.53053453,700.42148715,709.52708028,
2026-06-11 09:46:00,1781171160,709.52708028,709.57448687,706.6414327,706.90185989,
2026-06-11 09:47:00,1781171220,706.90185989,707.83704074,697.6018582,699.59537896,
2026-06-11 09:48:00,1781171280,699.59537896,711.25526101,698.43603284,708.57089253,
2026-06-11 09:49:00,1781171340,708.57089253,710.01382911,699.50633745,708.14492029,
2026-06-11 09:50:00,1781171400,708.14492029,708.14492029,702.77814128,705.69178568,
2026-06-11 09:51:00,1781171460,705.69178568,730.38944193,705.55553624,725.0104279,
2026-06-11 09:52:00,1781171520,725.0104279,736.3538017,719.03167375,719.43190386,
2026-06-11 09:53:00,1781171580,719.43190386,720.78407568,711.55201546,720.37998312,
2026-06-11 09:54:00,1781171640,720.37998312,722.86347546,707.75039926,722.33476345,
2026-06-11 09:55:00,1781171700,722.33476345,729.91498221,715.03540341,715.55211412,
2026-06-11 09:56:00,1781171760,715.55211412,717.27912354,698.4685462,698.4685462,
2026-06-11 09:57:00,1781171820,698.4685462,698.4685462,689.50505136,690.74470005,
2026-06-11 09:58:00,1781171880,690.74470005,700.73958917,690.56239581,700.57728883,
2026-06-11 09:59:00,1781171940,700.57728883,711.40894421,693.75996205,700.42871587,
2026-06-11 10:00:00,1781172000,700.42871587,712.58830681,695.67346952,703.99513818,
2026-06-11 10:01:00,1781172060,703.99513818,716.27449695,693.28884157,700.6519765,
2026-06-11 10:02:00,1781172120,700.6519765,707.86054718,680.33536459,680.91466523,
2026-06-11 10:03:00,1781172180,680.91466523,684.08510132,673.53307136,676.86623932,
2026-06-11 10:04:00,1781172240,676.86623932,682.13874644,656.99678924,665.38479537,
2026-06-11 10:05:00,1781172300,665.38479537,675.02681774,660.65560688,673.9447791,
2026-06-11 10:06:00,1781172360,673.9447791,691.65315123,665.72679276,690.97395357,
2026-06-11 10:07:00,1781172420,690.97395357,712.56250817,690.97395357,707.61437414,
2026-06-11 10:08:00,1781172480,707.61437414,718.58962758,701.82601171,705.75203552,
2026-06-11 10:09:00,1781172540,705.75203552,705.75203552,687.15260281,700.42771377,
2026-06-11 10:10:00,1781172600,700.42771377,702.40876025,682.83672111,682.83672111,
2026-06-11 10:11:00,1781172660,682.83672111,695.7528604,679.47375697,695.3862421,
2026-06-11 10:12:00,1781172720,695.3862421,695.3862421,682.67529521,688.94207778,
2026-06-11 10:13:00,1781172780,688.94207778,704.61094358,682.51557209,698.0306917,
2026-06-11 10:14:00,1781172840,698.0306917,698.07643947,681.79281797,682.60378695,
2026-06-11 10:15:00,1781172900,682.60378695,693.04830736,682.19800162,687.08731478,
2026-06-11 10:16:00,1781172960,687.08731478,687.08731478,671.37667015,673.29661294,
2026-06-11 10:17:00,1781173020,673.29661294,673.57679298,633.2736912,643.35731938,
2026-06-11 10:18:00,1781173080,643.35731938,661.75487461,642.40057919,644.21835692,
2026-06-11 10:19:00,1781173140,644.21835692,650.28903559,628.10371328,644.95876987,
2026-06-11 10:20:00,1781173200,644.95876987,651.99509489,642.84420322,646.29266221,
2026-06-11 10:21:00,1781173260,646.29266221,658.58651955,645.31320941,653.59694557,
2026-06-11 10:22:00,1781173320,653.59694557,656.36085862,635.47291193,637.3429716,
2026-06-11 10:23:00,1781173380,637.3429716,650.88702968,637.17280322,649.52653554,
2026-06-11 10:24:00,1781173440,649.52653554,650.5360891,636.9053311,643.37461082,
2026-06-11 10:25:00,1781173500,643.37461082,648.81649678,641.24139336,647.81210485,
2026-06-11 10:26:00,1781173560,647.81210485,647.81210485,633.44598795,640.93280927,
2026-06-11 10:27:00,1781173620,640.93280927,643.47857544,636.20022616,641.37855493,
2026-06-11 10:28:00,1781173680,641.37855493,650.23036868,640.54712078,647.69370532,
2026-06-11 10:29:00,1781173740,647.69370532,658.9738136,645.61385585,648.87111552,
2026-06-11 10:30:00,1781173800,648.87111552,665.14607251,644.21564217,664.07380874,
2026-06-11 10:31:00,1781173860,664.07380874,682.98235563,664.07156368,671.17421347,
2026-06-11 10:32:00,1781173920,671.17421347,671.17421347,663.67201263,668.52459623,
2026-06-11 10:33:00,1781173980,668.52459623,668.58903053,654.86978474,656.42116735,
2026-06-11 10:34:00,1781174040,656.42116735,679.17924883,656.42116735,662.61004792,
2026-06-11 10:35:00,1781174100,662.61004792,675.02912501,659.21210291,675.02912501,
2026-06-11 10:36:00,1781174160,675.02912501,686.53375191,674.84686746,684.9652391,
2026-06-11 10:37:00,1781174220,684.9652391,689.66718651,676.06331849,685.07550378,
2026-06-11 10:38:00,1781174280,685.07550378,698.38113494,683.3692246,691.56591711,
2026-06-11 10:39:00,1781174340,691.56591711,691.88125591,668.82934712,671.98194048,
2026-06-11 10:40:00,1781174400,671.98194048,681.75982267,671.16652433,674.77038933,
2026-06-11 10:41:00,1781174460,674.77038933,679.92252013,667.18636188,675.77649411,
2026-06-11 10:42:00,1781174520,675.77649411,683.72271483,669.91574466,681.03694491,
2026-06-11 10:43:00,1781174580,681.03694491,692.64751662,680.34643882,682.48359005,
2026-06-11 10:44:00,1781174640,682.48359005,693.90953697,678.49611472,684.92409967,
2026-06-11 10:45:00,1781174700,684.92409967,688.06191909,683.82708337,683.86529981,
2026-06-11 10:46:00,1781174760,683.86529981,700.46068389,680.09917976,695.70704667,
2026-06-11 10:47:00,1781174820,695.70704667,703.89936175,691.39662718,699.82094887,
2026-06-11 10:48:00,1781174880,699.82094887,700.84330191,696.26384545,697.78681915,
2026-06-11 10:49:00,1781174940,697.78681915,701.65524572,693.07532692,701.63973929,
2026-06-11 10:50:00,1781175000,701.63973929,706.42739026,694.37516622,702.49343459,
2026-06-11 10:51:00,1781175060,702.49343459,761.77954359,701.60804338,743.93419096,
2026-06-11 10:52:00,1781175120,743.93419096,743.93419096,715.45727916,731.26285285,
2026-06-11 10:53:00,1781175180,731.26285285,738.74535531,720.69396982,733.10970579,
2026-06-11 10:54:00,1781175240,733.10970579,764.55271581,729.03479047,760.5393654,
2026-06-11 10:55:00,1781175300,760.5393654,800.93053082,741.8682697,796.11243197,
2026-06-11 10:56:00,1781175360,796.11243197,797.48135044,740.74290292,744.37220532,
2026-06-11 10:57:00,1781175420,744.37220532,781.1820186,743.11275644,775.68729107,
2026-06-11 10:58:00,1781175480,775.68729107,799.68562735,771.14451779,784.00554694,
2026-06-11 10:59:00,1781175540,784.00554694,821.0229174,778.55289051,789.57463162,
2026-06-11 11:00:00,1781175600,789.57463162,790.05466694,750.36368143,750.56819491,
2026-06-11 11:01:00,1781175660,750.56819491,793.80843762,750.56819491,793.80843762,
2026-06-11 11:02:00,1781175720,793.80843762,808.59242763,786.8351673,800.93731046,
2026-06-11 11:03:00,1781175780,800.93731046,820.35036353,800.88498551,803.66594432,
2026-06-11 11:04:00,1781175840,803.66594432,816.89409842,803.37066436,809.29591272,
2026-06-11 11:05:00,1781175900,809.29591272,816.32173931,789.07874027,800.31297186,
2026-06-11 11:06:00,1781175960,800.31297186,800.36065376,784.56887993,789.17823029,
2026-06-11 11:07:00,1781176020,789.17823029,796.01665712,770.78735906,774.13404207,
2026-06-11 11:08:00,1781176080,774.13404207,779.82175115,735.8292015,779.52174442,
2026-06-11 11:09:00,1781176140,779.52174442,784.00546668,771.94630602,783.64420389,
2026-06-11 11:10:00,1781176200,783.64420389,800.77681066,783.54524924,799.1155041,
2026-06-11 11:11:00,1781176260,799.1155041,818.63593764,797.96698824,815.94366416,
2026-06-11 11:12:00,1781176320,815.94366416,817.97099741,791.30472402,807.10117932,
2026-06-11 11:13:00,1781176380,807.10117932,809.07960554,797.7410467,807.19621385,
2026-06-11 11:14:00,1781176440,807.19621385,812.05576091,806.38625096,809.1838926,
2026-06-11 11:15:00,1781176500,809.1838926,809.1838926,786.73816166,799.95689469,
2026-06-11 11:16:00,1781176560,799.95689469,805.48322078,799.804326,805.43057514,
2026-06-11 11:17:00,1781176620,805.43057514,829.23020047,804.87479402,821.21232798,
2026-06-11 11:18:00,1781176680,821.21232798,821.41614406,781.24733432,791.40394954,
2026-06-11 11:19:00,1781176740,791.40394954,792.58177698,768.99675205,777.64392393,
2026-06-11 11:20:00,1781176800,777.64392393,780.17290306,770.55901958,778.37096775,
2026-06-11 11:21:00,1781176860,778.37096775,788.68678354,768.44976734,788.02018932,
2026-06-11 11:22:00,1781176920,788.02018932,799.76625673,787.21136458,795.57673343,
2026-06-11 11:23:00,1781176980,795.57673343,797.84665197,793.96854887,795.42751704,
2026-06-11 11:24:00,1781177040,795.42751704,802.5244707,790.32163602,798.08985073,
2026-06-11 11:25:00,1781177100,798.08985073,798.38517691,776.41266349,782.19573917,
2026-06-11 11:26:00,1781177160,782.19573917,783.17224998,768.91570749,769.02140931,
2026-06-11 11:27:00,1781177220,769.02140931,785.43375481,767.11620567,782.22614413,
2026-06-11 11:28:00,1781177280,782.22614413,804.243865,778.47398861,802.88486745,
2026-06-11 11:29:00,1781177340,802.88486745,817.88371105,792.9516756,795.91457549,
2026-06-11 11:30:00,1781177400,795.91457549,827.87705095,794.42842459,817.00113985,
2026-06-11 11:31:00,1781177460,817.00113985,843.26991438,805.97573105,840.87878361,
2026-06-11 11:32:00,1781177520,840.87878361,852.27083005,821.50889803,822.46784253,
2026-06-11 11:33:00,1781177580,822.46784253,829.60585626,810.28919304,825.4279342,
2026-06-11 11:34:00,1781177640,825.4279342,825.4279342,801.47952679,811.63758275,
2026-06-11 11:35:00,1781177700,811.63758275,818.66165227,798.00866627,800.02753215,
2026-06-11 11:36:00,1781177760,800.02753215,800.07527651,785.02602618,785.02602618,
2026-06-11 11:37:00,1781177820,785.02602618,793.57891572,767.26788061,769.75304102,
2026-06-11 11:38:00,1781177880,769.75304102,778.64359245,755.02173396,761.4245867,
2026-06-11 11:39:00,1781177940,761.4245867,789.82511956,757.63517718,784.51188686,
2026-06-11 11:40:00,1781178000,784.51188686,788.96921677,773.81961901,776.19808273,
2026-06-11 11:41:00,1781178060,776.19808273,792.49616755,772.19817164,780.85567585,
2026-06-11 11:42:00,1781178120,780.85567585,785.04776586,772.95028125,784.85823463,
2026-06-11 11:43:00,1781178180,784.85823463,788.94078932,777.7863126,786.07078649,
2026-06-11 11:44:00,1781178240,786.07078649,786.7070411,768.59277957,779.75748018,
2026-06-11 11:45:00,1781178300,779.75748018,779.75748018,764.61676077,768.86647529,
2026-06-11 11:46:00,1781178360,768.86647529,773.82819331,768.7497992,771.9871678,
2026-06-11 11:47:00,1781178420,771.9871678,776.05260917,762.86221872,762.86221872,
2026-06-11 11:48:00,1781178480,762.86221872,766.06880169,757.20283509,762.48500099,
2026-06-11 11:49:00,1781178540,762.48500099,779.43993309,753.19097503,779.39039524,
2026-06-11 11:50:00,1781178600,779.39039524,783.43097152,772.62184098,782.98374556,
2026-06-11 11:51:00,1781178660,782.98374556,834.87896908,772.72495145,819.93830583,
2026-06-11 11:52:00,1781178720,819.93830583,826.97784327,796.35077308,803.98893887,
2026-06-11 11:53:00,1781178780,803.98893887,811.50503839,797.45074457,804.21785125,
2026-06-11 11:54:00,1781178840,804.21785125,804.42987175,794.24674899,802.24302315,
2026-06-11 11:55:00,1781178900,802.24302315,802.24302315,776.07891859,778.32969842,
2026-06-11 11:56:00,1781178960,778.32969842,778.32969842,760.54634211,769.80163815,
2026-06-11 11:57:00,1781179020,769.80163815,778.18654957,762.53817397,764.52554483,
2026-06-11 11:58:00,1781179080,764.52554483,768.64245058,761.24687612,764.30779177,
2026-06-11 11:59:00,1781179140,764.30779177,767.7918346,756.85243386,759.62627194,
2026-06-11 12:00:00,1781179200,759.62627194,763.55285434,728.14338571,732.45778344,
2026-06-11 12:01:00,1781179260,732.45778344,746.45168756,732.22074764,733.23873017,
2026-06-11 12:02:00,1781179320,733.23873017,737.497877,725.84715609,733.20606868,
2026-06-11 12:03:00,1781179380,733.20606868,734.02569444,711.15835576,713.40440998,
2026-06-11 12:04:00,1781179440,713.40440998,740.62824104,707.43696131,739.13216228,
2026-06-11 12:05:00,1781179500,739.13216228,754.56120813,737.91401267,743.81975641,
2026-06-11 12:06:00,1781179560,743.81975641,761.76931658,733.54129981,736.4098947,
2026-06-11 12:07:00,1781179620,736.4098947,736.4098947,710.11321294,721.43814794,
2026-06-11 12:08:00,1781179680,721.43814794,731.0275494,714.06016956,727.17391748,
2026-06-11 12:09:00,1781179740,727.17391748,733.64927892,711.06842607,716.64927014,
2026-06-11 12:10:00,1781179800,716.64927014,763.29241281,714.15278643,761.72667158,
2026-06-11 12:11:00,1781179860,761.72667158,786.86994823,749.55079838,786.86994823,
2026-06-11 12:12:00,1781179920,786.86994823,801.99052717,778.4689743,801.63450858,
2026-06-11 12:13:00,1781179980,801.63450858,803.59793574,762.82763071,762.82763071,
2026-06-11 12:14:00,1781180040,762.82763071,785.18073959,749.91405896,781.28901703,
2026-06-11 12:15:00,1781180100,781.28901703,788.80200807,762.21221034,772.2960763,
2026-06-11 12:16:00,1781180160,772.2960763,783.48214955,768.62595095,778.74433444,
2026-06-11 12:17:00,1781180220,778.74433444,787.79719708,764.40979476,764.85058254,
2026-06-11 12:18:00,1781180280,764.85058254,801.49466783,762.91313823,790.09096481,
2026-06-11 12:19:00,1781180340,790.09096481,791.48872155,760.90246172,760.90246172,
2026-06-11 12:20:00,1781180400,760.90246172,760.99770175,694.10590607,694.67270421,
2026-06-11 12:21:00,1781180460,694.67270421,701.45583132,657.20929603,665.86340896,
2026-06-11 12:22:00,1781180520,665.86340896,669.27340265,580.65166023,585.11163701,
2026-06-11 12:23:00,1781180580,585.11163701,609.64890214,567.79612828,603.51047325,
2026-06-11 12:24:00,1781180640,603.51047325,628.94458026,569.58704611,582.42381366,
2026-06-11 12:25:00,1781180700,582.42381366,605.01126524,580.08589956,589.49794037,
2026-06-11 12:26:00,1781180760,589.49794037,614.36084129,587.33746045,612.43305021,
2026-06-11 12:27:00,1781180820,612.43305021,614.02780484,575.02662463,590.27104685,
2026-06-11 12:28:00,1781180880,590.27104685,602.09191153,558.73822374,564.14868708,
2026-06-11 12:29:00,1781180940,564.14868708,578.48934816,561.69573923,561.87720517,
2026-06-11 12:30:00,1781181000,561.87720517,609.79010938,496.3051337,545.08032987,
2026-06-11 12:31:00,1781181060,545.08032987,575.29557963,525.78442716,550.87910579,
2026-06-11 12:32:00,1781181120,550.87910579,555.82687414,525.45044102,550.95551296,
2026-06-11 12:33:00,1781181180,550.95551296,558.18270208,523.07733355,532.71489887,
2026-06-11 12:34:00,1781181240,532.71489887,605.85745965,522.9958745,593.27999075,
2026-06-11 12:35:00,1781181300,593.27999075,616.85300547,586.17294386,596.83496019,
2026-06-11 12:36:00,1781181360,596.83496019,628.32452008,596.83496019,615.63272156,
2026-06-11 12:37:00,1781181420,615.63272156,622.90726296,593.21594574,594.1872992,
2026-06-11 12:38:00,1781181480,594.1872992,645.15206082,594.1872992,611.28571712,
2026-06-11 12:39:00,1781181540,611.28571712,637.35323476,605.13522175,605.99762238,
2026-06-11 12:40:00,1781181600,605.99762238,616.78428081,597.00531318,611.14228354,
2026-06-11 12:41:00,1781181660,611.14228354,636.73715756,601.11498565,631.72660552,
2026-06-11 12:42:00,1781181720,631.72660552,638.30276829,616.46874115,632.4274104,
2026-06-11 12:43:00,1781181780,632.4274104,636.98883004,601.68384126,601.68384126,
2026-06-11 12:44:00,1781181840,601.68384126,671.08583882,590.73627547,659.18999656,
2026-06-11 12:45:00,1781181900,659.18999656,666.36346306,631.77302478,661.75035567,
2026-06-11 12:46:00,1781181960,661.75035567,679.2202561,653.05085073,677.60517491,
2026-06-11 12:47:00,1781182020,677.60517491,690.52188238,647.10892053,655.39204946,
2026-06-11 12:48:00,1781182080,655.39204946,665.23020994,639.13029607,640.14383451,
2026-06-11 12:49:00,1781182140,640.14383451,676.45960684,631.60179277,676.45960684,
2026-06-11 12:50:00,1781182200,676.45960684,680.74343671,637.58550238,645.77616487,
2026-06-11 12:51:00,1781182260,645.77616487,686.84912273,644.85083548,685.87096844,
2026-06-11 12:52:00,1781182320,685.87096844,710.12111963,685.87096844,693.81959534,
2026-06-11 12:53:00,1781182380,693.81959534,707.47887045,663.21151685,668.85494441,
2026-06-11 12:54:00,1781182440,668.85494441,676.81778488,662.35227507,669.1539985,
2026-06-11 12:55:00,1781182500,669.1539985,709.8775993,666.92454106,701.86608128,
2026-06-11 12:56:00,1781182560,701.86608128,706.74410912,688.88259484,695.91675794,
2026-06-11 12:57:00,1781182620,695.91675794,706.2056765,680.64803694,685.92073675,
2026-06-11 12:58:00,1781182680,685.92073675,709.4790735,675.09781992,703.35613377,
2026-06-11 12:59:00,1781182740,703.35613377,707.03856065,692.02885641,693.37380928,
2026-06-11 13:00:00,1781182800,693.37380928,695.00813796,660.93720225,663.54179348,
2026-06-11 13:01:00,1781182860,663.54179348,679.19481597,656.48664832,656.76032418,
2026-06-11 13:02:00,1781182920,656.76032418,664.12612534,642.85446247,654.6537858,
2026-06-11 13:03:00,1781182980,654.6537858,656.18105836,641.41652967,651.34201548,
2026-06-11 13:04:00,1781183040,651.34201548,675.00584631,647.25593848,660.46172959,
2026-06-11 13:05:00,1781183100,660.46172959,660.59569084,638.37801325,650.48820872,
2026-06-11 13:06:00,1781183160,650.48820872,661.05695095,639.64469207,653.51499118,
2026-06-11 13:07:00,1781183220,653.51499118,661.02856737,644.71674541,651.95194052,
2026-06-11 13:08:00,1781183280,651.95194052,655.91549277,645.71068991,649.9952112,
2026-06-11 13:09:00,1781183340,649.9952112,651.74674331,637.80054153,641.17279353,
2026-06-11 13:10:00,1781183400,641.17279353,651.38066429,641.03714823,648.2866141,
2026-06-11 13:11:00,1781183460,648.2866141,659.60483816,621.37462181,629.85157571,
2026-06-11 13:12:00,1781183520,629.85157571,649.50960701,629.85157571,642.23188582,
2026-06-11 13:13:00,1781183580,642.23188582,652.90514812,639.03362313,641.47531796,
2026-06-11 13:14:00,1781183640,641.47531796,653.84284956,640.6275645,644.00034409,
2026-06-11 13:15:00,1781183700,644.00034409,654.4086862,641.59359825,651.63321328,
2026-06-11 13:16:00,1781183760,651.63321328,668.22186546,651.61911723,667.01420359,
2026-06-11 13:17:00,1781183820,667.01420359,668.37839752,655.86394779,659.85403453,
2026-06-11 13:18:00,1781183880,659.85403453,672.01730015,657.64412177,669.8298838,
2026-06-11 13:19:00,1781183940,669.8298838,689.28280702,669.8298838,687.72801289,
2026-06-11 13:20:00,1781184000,687.72801289,709.45028448,687.63478233,692.67297156,
2026-06-11 13:21:00,1781184060,692.67297156,697.29721148,688.06050554,692.81753898,
2026-06-11 13:22:00,1781184120,692.81753898,692.81753898,648.5884391,652.67261415,
2026-06-11 13:23:00,1781184180,652.67261415,658.94032084,643.27646384,643.77770524,
2026-06-11 13:24:00,1781184240,643.77770524,647.76842635,609.24905958,612.30724986,
2026-06-11 13:25:00,1781184300,612.30724986,620.07736634,604.50615179,616.37087619,
2026-06-11 13:26:00,1781184360,616.37087619,618.24161448,605.54298352,617.32127087,
2026-06-11 13:27:00,1781184420,617.32127087,621.89905918,608.49406444,617.85046762,
2026-06-11 13:28:00,1781184480,617.85046762,624.79509471,609.89482001,624.70551452,
2026-06-11 13:29:00,1781184540,624.70551452,624.87544229,601.47907922,610.95843156,
2026-06-11 13:30:00,1781184600,610.95843156,611.08726283,589.6904095,607.39017633,
2026-06-11 13:31:00,1781184660,607.39017633,609.87244203,565.42017898,576.40377268,
2026-06-11 13:32:00,1781184720,576.40377268,580.12680553,550.78953901,568.7727473,
2026-06-11 13:33:00,1781184780,568.7727473,606.60712631,568.60885531,587.87941238,
2026-06-11 13:34:00,1781184840,587.87941238,596.76573672,566.45183623,586.81101088,
2026-06-11 13:35:00,1781184900,586.81101088,629.80793638,572.65020549,627.55898334,
2026-06-11 13:36:00,1781184960,627.55898334,660.04868429,618.66951377,619.741772,
2026-06-11 13:37:00,1781185020,619.741772,646.56811901,612.00242912,639.52954343,
2026-06-11 13:38:00,1781185080,639.52954343,642.70257984,589.28516132,593.54397406,
2026-06-11 13:39:00,1781185140,593.54397406,636.95229303,593.54397406,615.55265894,
2026-06-11 13:40:00,1781185200,615.55265894,619.83066742,578.9999842,615.9618644,
2026-06-11 13:41:00,1781185260,615.9618644,621.31103228,563.58664083,579.50582605,
2026-06-11 13:42:00,1781185320,579.50582605,601.67878239,562.69525066,588.68885547,
2026-06-11 13:43:00,1781185380,588.68885547,640.85059624,588.68885547,635.06550795,
2026-06-11 13:44:00,1781185440,635.06550795,671.46125298,633.64840058,671.46125298,
2026-06-11 13:45:00,1781185500,671.46125298,743.60558416,657.92021956,709.94999899,
2026-06-11 13:46:00,1781185560,709.94999899,718.41921317,683.50578427,709.48643965,
2026-06-11 13:47:00,1781185620,709.48643965,728.84922286,687.03209931,712.61762927,
2026-06-11 13:48:00,1781185680,712.61762927,718.00739743,698.60842977,712.30127498,
2026-06-11 13:49:00,1781185740,712.30127498,723.38756858,698.47973343,699.09340132,
2026-06-11 13:50:00,1781185800,699.09340132,763.99957232,696.69419137,758.16507277,
2026-06-11 13:51:00,1781185860,758.16507277,758.16507277,713.58098006,731.70502385,
2026-06-11 13:52:00,1781185920,731.70502385,762.45676575,717.55913792,734.01874847,
2026-06-11 13:53:00,1781185980,734.01874847,803.11946862,710.33468123,798.21899995,
2026-06-11 13:54:00,1781186040,798.21899995,802.50024735,757.28855143,766.12398705,
2026-06-11 13:55:00,1781186100,766.12398705,766.22408828,737.25534878,748.0997273,
2026-06-11 13:56:00,1781186160,748.0997273,749.28193467,704.25166725,704.34753717,
2026-06-11 13:57:00,1781186220,704.34753717,710.92404267,676.87424906,678.73914536,
2026-06-11 13:58:00,1781186280,678.73914536,708.28985407,678.73914536,696.62882385,
2026-06-11 13:59:00,1781186340,696.62882385,721.90796279,696.25068022,715.897463,
2026-06-11 14:00:00,1781186400,715.897463,722.74919117,695.61086041,705.34340787,
2026-06-11 14:01:00,1781186460,705.34340787,711.83480408,675.74182021,700.80725273,
2026-06-11 14:02:00,1781186520,700.80725273,709.28232118,682.70073107,693.67486799,
2026-06-11 14:03:00,1781186580,693.67486799,708.61660368,676.33427576,678.11341202,
2026-06-11 14:04:00,1781186640,678.11341202,718.31786258,668.70770368,716.67381585,
2026-06-11 14:05:00,1781186700,716.67381585,717.60220594,644.36999301,647.97599226,
2026-06-11 14:06:00,1781186760,647.97599226,666.63777222,633.14489298,633.63142169,
2026-06-11 14:07:00,1781186820,633.63142169,673.38467183,633.02059867,671.42965952,
2026-06-11 14:08:00,1781186880,671.42965952,671.42965952,650.34387659,667.32958207,
2026-06-11 14:09:00,1781186940,667.32958207,670.02388004,621.95794219,638.17664534,
2026-06-11 14:10:00,1781187000,638.17664534,648.22193099,593.60504166,593.60504166,
2026-06-11 14:11:00,1781187060,593.60504166,612.59741712,567.69583448,611.90060502,
2026-06-11 14:12:00,1781187120,611.90060502,620.35713063,579.40471222,586.29226699,
2026-06-11 14:13:00,1781187180,586.29226699,602.33666814,574.03082986,600.60577316,
2026-06-11 14:14:00,1781187240,600.60577316,604.26027886,578.64723834,583.37157694,
2026-06-11 14:15:00,1781187300,583.37157694,620.40994364,577.95865918,602.86027104,
2026-06-11 14:16:00,1781187360,602.86027104,607.30479727,555.15367356,557.07687248,
2026-06-11 14:17:00,1781187420,557.07687248,598.56535267,556.69780723,586.26868042,
2026-06-11 14:18:00,1781187480,586.26868042,590.51955084,559.20795836,559.20795836,
2026-06-11 14:19:00,1781187540,559.20795836,593.92693627,554.75311269,582.91184207,
2026-06-11 14:20:00,1781187600,582.91184207,611.58295577,575.16968416,610.89989479,
2026-06-11 14:21:00,1781187660,610.89989479,622.97741286,595.83259031,622.97741286,
2026-06-11 14:22:00,1781187720,622.97741286,635.75789795,589.52642791,624.78730738,
2026-06-11 14:23:00,1781187780,624.78730738,660.21144956,623.36876436,639.64020868,
2026-06-11 14:24:00,1781187840,639.64020868,668.08250011,625.34920672,648.94828645,
2026-06-11 14:25:00,1781187900,648.94828645,660.80732282,640.13705678,649.78558624,
2026-06-11 14:26:00,1781187960,649.78558624,650.1019997,611.86142724,615.18404732,
2026-06-11 14:27:00,1781188020,615.18404732,645.14042805,615.18174404,632.66883211,
2026-06-11 14:28:00,1781188080,632.66883211,653.66407647,624.11004916,651.69454169,
2026-06-11 14:29:00,1781188140,651.69454169,678.31301629,642.82146018,674.43149604,
2026-06-11 14:30:00,1781188200,674.43149604,688.98814561,624.17037493,626.48111177,
2026-06-11 14:31:00,1781188260,626.48111177,647.87544014,618.44656986,640.67744498,
2026-06-11 14:32:00,1781188320,640.67744498,656.73993921,626.58175326,635.12212336,
2026-06-11 14:33:00,1781188380,635.12212336,644.61480316,617.56962116,621.41860123,
2026-06-11 14:34:00,1781188440,621.41860123,631.31335423,602.77702116,629.20168587,
2026-06-11 14:35:00,1781188500,629.20168587,650.18664996,618.91572408,646.22709205,
2026-06-11 14:36:00,1781188560,646.22709205,693.79494649,634.11637871,692.9332567,
2026-06-11 14:37:00,1781188620,692.9332567,697.56720526,630.18450884,630.18450884,
2026-06-11 14:38:00,1781188680,630.18450884,655.60737254,630.18450884,643.67023352,
2026-06-11 14:39:00,1781188740,643.67023352,643.67023352,616.41049848,622.9993518,
2026-06-11 14:40:00,1781188800,622.9993518,627.71444458,608.5080348,627.15471944,
2026-06-11 14:41:00,1781188860,627.15471944,639.93157171,609.59484311,614.71825201,
2026-06-11 14:42:00,1781188920,614.71825201,631.0096764,603.12044797,613.46076316,
2026-06-11 14:43:00,1781188980,613.46076316,619.2721687,589.95787534,603.68211288,
2026-06-11 14:44:00,1781189040,603.68211288,616.22815085,590.57630352,592.82866951,
2026-06-11 14:45:00,1781189100,592.82866951,614.73654837,590.56926931,609.21622729,
2026-06-11 14:46:00,1781189160,609.21622729,626.80013063,594.82401008,603.39391575,
2026-06-11 14:47:00,1781189220,603.39391575,620.81196857,602.03088371,606.17572769,
2026-06-11 14:48:00,1781189280,606.17572769,639.68730946,604.89547538,624.78109647,
2026-06-11 14:49:00,1781189340,624.78109647,632.70341827,608.55230727,611.71946458,
2026-06-11 14:50:00,1781189400,611.71946458,633.46207739,595.98224836,628.34513626,
2026-06-11 14:51:00,1781189460,628.34513626,661.25049795,617.21906964,643.41353149,
2026-06-11 14:52:00,1781189520,643.41353149,645.20074321,615.20528906,626.72582105,
2026-06-11 14:53:00,1781189580,626.72582105,652.25445677,619.09504518,624.96279696,
2026-06-11 14:54:00,1781189640,624.96279696,636.00498244,610.94109032,622.23828854,
2026-06-11 14:55:00,1781189700,622.23828854,622.81170212,599.13032411,600.3516924,
2026-06-11 14:56:00,1781189760,600.3516924,602.19169977,553.64311392,566.80616349,
2026-06-11 14:57:00,1781189820,566.80616349,587.43745945,553.00778102,584.52267119,
2026-06-11 14:58:00,1781189880,584.52267119,592.36060216,540.83913533,545.5271388,
2026-06-11 14:59:00,1781189940,545.5271388,549.32626597,535.91249926,536.92755268,
2026-06-11 15:00:00,1781190000,536.92755268,552.63714132,520.44289132,520.7202061,
2026-06-11 15:01:00,1781190060,520.7202061,520.75792738,461.87475669,474.98869782,
2026-06-11 15:02:00,1781190120,474.98869782,511.69837666,469.08943981,491.04560563,
2026-06-11 15:03:00,1781190180,491.04560563,533.78258854,489.96874202,520.80879954,
2026-06-11 15:04:00,1781190240,520.80879954,537.06328923,513.82233501,528.50224082,
2026-06-11 15:05:00,1781190300,528.50224082,529.50883813,497.32553254,502.68254685,
2026-06-11 15:06:00,1781190360,502.68254685,528.31840182,497.94366452,514.9755827,
2026-06-11 15:07:00,1781190420,514.9755827,578.38775536,506.55833503,574.50078445,
2026-06-11 15:08:00,1781190480,574.50078445,586.30600857,548.06559665,567.18059159,
2026-06-11 15:09:00,1781190540,567.18059159,574.45910857,541.65421558,546.05416767,
2026-06-11 15:10:00,1781190600,546.05416767,546.175629,523.24787701,532.00148777,
2026-06-11 15:11:00,1781190660,532.00148777,544.74376379,526.76564082,539.43720707,
2026-06-11 15:12:00,1781190720,539.43720707,588.14145167,535.01857444,566.92080402,
2026-06-11 15:13:00,1781190780,566.92080402,570.98659695,545.68799999,547.74234736,
2026-06-11 15:14:00,1781190840,547.74234736,547.74234736,517.31729138,518.35955614,
2026-06-11 15:15:00,1781190900,518.35955614,542.72779435,510.7631667,541.47420292,
2026-06-11 15:16:00,1781190960,541.47420292,549.2095056,513.3925439,515.21690389,
2026-06-11 15:17:00,1781191020,515.21690389,527.41595188,508.58436558,510.68929548,
2026-06-11 15:18:00,1781191080,510.68929548,516.36211231,488.31807239,491.40234208,
2026-06-11 15:19:00,1781191140,491.40234208,510.77293458,489.46484921,506.39656955,
2026-06-11 15:20:00,1781191200,506.39656955,553.66931499,503.12895257,547.17956489,
2026-06-11 15:21:00,1781191260,547.17956489,562.99475375,542.93509141,548.04229635,
2026-06-11 15:22:00,1781191320,548.04229635,548.70438146,530.43059737,538.03590078,
2026-06-11 15:23:00,1781191380,538.03590078,565.55414267,533.52397161,561.06467256,
2026-06-11 15:24:00,1781191440,561.06467256,565.31264464,551.12651423,551.12651423,
2026-06-11 15:25:00,1781191500,551.12651423,552.02100068,529.55637591,544.80461417,
2026-06-11 15:26:00,1781191560,544.80461417,546.33503313,529.67505757,546.3282855,
2026-06-11 15:27:00,1781191620,546.3282855,552.50398674,528.15887952,540.44317215,
2026-06-11 15:28:00,1781191680,540.44317215,542.34205279,521.47227736,530.12567986,
2026-06-11 15:29:00,1781191740,530.12567986,535.07622665,519.41657564,527.14540825,
2026-06-11 15:30:00,1781191800,527.14540825,536.48748547,507.02429783,509.44781818,
2026-06-11 15:31:00,1781191860,509.44781818,511.35270715,492.75150287,509.65459273,
2026-06-11 15:32:00,1781191920,509.65459273,526.63990033,507.95701546,526.51844966,
2026-06-11 15:33:00,1781191980,526.51844966,526.70199125,505.48956245,525.36689367,
2026-06-11 15:34:00,1781192040,525.36689367,547.60030517,525.36689367,539.00131421,
2026-06-11 15:35:00,1781192100,539.00131421,576.35218542,534.63447099,562.69273122,
2026-06-11 15:36:00,1781192160,562.69273122,574.50703327,541.60672859,571.15900406,
2026-06-11 15:37:00,1781192220,571.15900406,585.57036918,568.14899341,582.08971843,
2026-06-11 15:38:00,1781192280,582.08971843,584.6921452,559.36301504,583.47409856,
2026-06-11 15:39:00,1781192340,583.47409856,592.52703892,567.83257482,568.9080477,
2026-06-11 15:40:00,1781192400,568.9080477,588.76689015,564.59446705,585.64108469,
2026-06-11 15:41:00,1781192460,585.64108469,585.64108469,558.22008871,558.3444524,
2026-06-11 15:42:00,1781192520,558.3444524,563.57545402,542.86938611,551.14575738,
2026-06-11 15:43:00,1781192580,551.14575738,558.39974088,517.49697306,518.94011897,
2026-06-11 15:44:00,1781192640,518.94011897,527.64043358,502.680428,503.62909604,
2026-06-11 15:45:00,1781192700,503.62909604,512.24451816,473.66516121,479.44245548,
2026-06-11 15:46:00,1781192760,479.44245548,509.06084878,479.44245548,508.046537,
2026-06-11 15:47:00,1781192820,508.046537,521.73508143,505.10943587,515.01620689,
2026-06-11 15:48:00,1781192880,515.01620689,515.33554953,476.16656707,493.73259578,
2026-06-11 15:49:00,1781192940,493.73259578,499.07833932,477.23635825,480.8076004,
2026-06-11 15:50:00,1781193000,480.8076004,487.07316904,472.9004643,476.95727079,
2026-06-11 15:51:00,1781193060,476.95727079,490.43309149,474.66199901,482.90920807,
2026-06-11 15:52:00,1781193120,482.90920807,488.38933924,461.08718636,469.26748004,
2026-06-11 15:53:00,1781193180,469.26748004,472.23707433,455.8939521,466.03491685,
2026-06-11 15:54:00,1781193240,466.03491685,484.70371588,465.95755271,483.73662195,
2026-06-11 15:55:00,1781193300,483.73662195,494.98476924,462.77658765,492.22531039,
2026-06-11 15:56:00,1781193360,492.22531039,503.36616073,483.39932414,503.36616073,
2026-06-11 15:57:00,1781193420,503.36616073,512.94680492,496.62496163,509.21509271,
2026-06-11 15:58:00,1781193480,509.21509271,517.18854183,504.1662872,517.06515594,
2026-06-11 15:59:00,1781193540,517.06515594,529.38094529,511.17384888,529.21477276,
2026-06-11 16:00:00,1781193600,529.21477276,546.90522131,527.40925814,543.43473726,
2026-06-11 16:01:00,1781193660,543.43473726,555.9449295,527.1319932,529.50612706,
2026-06-11 16:02:00,1781193720,529.50612706,529.50612706,517.56825411,524.78323282,
2026-06-11 16:03:00,1781193780,524.78323282,530.21484468,506.46934007,506.71654062,
2026-06-11 16:04:00,1781193840,506.71654062,508.32291915,493.21417526,500.35985607,
2026-06-11 16:05:00,1781193900,500.35985607,517.64186259,494.10470422,516.06236049,
2026-06-11 16:06:00,1781193960,516.06236049,549.12387919,515.8153823,544.44500722,
2026-06-11 16:07:00,1781194020,544.44500722,559.32490478,538.96640019,557.96271937,
2026-06-11 16:08:00,1781194080,557.96271937,558.00311045,539.50785954,552.6768457,
2026-06-11 16:09:00,1781194140,552.6768457,552.6768457,514.34203858,516.86824711,
2026-06-11 16:10:00,1781194200,516.86824711,536.51300443,509.78584497,513.6704797,
2026-06-11 16:11:00,1781194260,513.6704797,525.80397202,511.290308,520.84111402,
2026-06-11 16:12:00,1781194320,520.84111402,529.52630583,514.42306692,526.5534712,
2026-06-11 16:13:00,1781194380,526.5534712,530.55649828,520.64787093,524.51262399,
2026-06-11 16:14:00,1781194440,524.51262399,548.05471749,522.57753578,545.1215382,
2026-06-11 16:15:00,1781194500,545.1215382,555.41079639,532.6563445,538.8039204,
2026-06-11 16:16:00,1781194560,538.8039204,547.13351463,533.47309274,544.27724624,
2026-06-11 16:17:00,1781194620,544.27724624,546.05275073,523.7488592,542.99685499,
2026-06-11 16:18:00,1781194680,542.99685499,544.85571456,531.99244553,541.19942317,
2026-06-11 16:19:00,1781194740,541.19942317,542.98710937,531.40657612,539.67735786,
2026-06-11 16:20:00,1781194800,539.67735786,542.37403699,519.49387175,520.25366107,
2026-06-11 16:21:00,1781194860,520.25366107,535.57557027,483.03474028,491.97623277,
2026-06-11 16:22:00,1781194920,491.97623277,502.15118394,474.68462199,476.54031,
2026-06-11 16:23:00,1781194980,476.54031,484.4249312,464.93993094,468.50080015,
2026-06-11 16:24:00,1781195040,468.50080015,472.347904,455.78850928,459.33300847,
2026-06-11 16:25:00,1781195100,459.33300847,463.1366592,441.42860328,446.10727839,
2026-06-11 16:26:00,1781195160,446.10727839,464.32285981,444.87839612,454.89429427,
2026-06-11 16:27:00,1781195220,454.89429427,463.4546629,454.47301741,458.64311979,
2026-06-11 16:28:00,1781195280,458.64311979,475.00849032,457.50089754,465.17558798,
2026-06-11 16:29:00,1781195340,465.17558798,475.35627545,461.73509217,465.24483907,
2026-06-11 16:30:00,1781195400,465.24483907,470.25070522,450.95706469,457.51595396,
2026-06-11 16:31:00,1781195460,457.51595396,462.23661719,446.30628682,446.30628682,
2026-06-11 16:32:00,1781195520,446.30628682,457.50829111,432.48108426,457.24420487,
2026-06-11 16:33:00,1781195580,457.24420487,479.09805578,450.28209178,479.09805578,
2026-06-11 16:34:00,1781195640,479.09805578,513.46314184,477.21022257,487.92691708,
2026-06-11 16:35:00,1781195700,487.92691708,505.04386352,478.36098604,499.09841338,
2026-06-11 16:36:00,1781195760,499.09841338,526.83759114,494.63998791,526.83759114,
2026-06-11 16:37:00,1781195820,526.83759114,533.54180101,512.79375854,514.50714202,
2026-06-11 16:38:00,1781195880,514.50714202,521.10027586,496.88677608,510.75933263,
2026-06-11 16:39:00,1781195940,510.75933263,510.91997483,492.04222866,498.89065603,
2026-06-11 16:40:00,1781196000,498.89065603,506.36448127,481.85443597,485.16530516,
2026-06-11 16:41:00,1781196060,485.16530516,493.60844476,470.24932436,471.13565366,
2026-06-11 16:42:00,1781196120,471.13565366,478.97229904,461.2105771,476.6678212,
2026-06-11 16:43:00,1781196180,476.6678212,490.27382749,468.88829969,473.68329808,
2026-06-11 16:44:00,1781196240,473.68329808,476.44722778,460.95039913,469.34543421,
2026-06-11 16:45:00,1781196300,469.34543421,481.50625547,451.48425098,452.1959397,
2026-06-11 16:46:00,1781196360,452.1959397,465.9723272,450.82722916,457.46850768,
2026-06-11 16:47:00,1781196420,457.46850768,462.59651522,450.55131536,460.37757286,
2026-06-11 16:48:00,1781196480,460.37757286,475.93078999,460.37757286,472.82102928,
2026-06-11 16:49:00,1781196540,472.82102928,472.85779265,445.05840999,455.21606062,
2026-06-11 16:50:00,1781196600,455.21606062,458.34470218,435.46507589,456.63259651,
2026-06-11 16:51:00,1781196660,456.63259651,458.64794305,445.38592182,446.64165022,
2026-06-11 16:52:00,1781196720,446.64165022,453.18521165,435.31114141,444.26439677,
2026-06-11 16:53:00,1781196780,444.26439677,459.70657056,441.03232383,454.90202966,
2026-06-11 16:54:00,1781196840,454.90202966,469.1055357,449.11550893,450.45016202,
2026-06-11 16:55:00,1781196900,450.45016202,451.6927372,437.10612914,438.56255868,
2026-06-11 16:56:00,1781196960,438.56255868,450.44076632,434.72313561,440.66827707,
2026-06-11 16:57:00,1781197020,440.66827707,442.6128357,435.63928245,441.19232451,
2026-06-11 16:58:00,1781197080,441.19232451,446.81818759,438.78369814,438.78369814,
2026-06-11 16:59:00,1781197140,438.78369814,444.23006518,435.25787421,436.28416487,
2026-06-11 17:00:00,1781197200,436.28416487,437.61698023,426.55684944,433.90364759,
2026-06-11 17:01:00,1781197260,433.90364759,453.85006334,433.90151253,436.71582937,
2026-06-11 17:02:00,1781197320,436.71582937,443.2793617,422.92241974,422.92241974,
2026-06-11 17:03:00,1781197380,422.92241974,424.62461427,372.86736899,379.26115073,
2026-06-11 17:04:00,1781197440,379.26115073,380.7910528,366.6661337,380.02938647,
2026-06-11 17:05:00,1781197500,380.02938647,401.77069536,380.02938647,399.32718757,
2026-06-11 17:06:00,1781197560,399.32718757,408.92911417,393.69164127,401.46119466,
2026-06-11 17:07:00,1781197620,401.46119466,413.03691033,392.65753218,407.63289165,
2026-06-11 17:08:00,1781197680,407.63289165,409.40880907,396.67989205,398.50344968,
2026-06-11 17:09:00,1781197740,398.50344968,413.48059131,397.87641512,407.85239353,
2026-06-11 17:10:00,1781197800,407.85239353,427.76985657,401.97531301,419.69111799,
2026-06-11 17:11:00,1781197860,419.69111799,421.87132339,402.58023617,402.58023617,
2026-06-11 17:12:00,1781197920,402.58023617,414.03632727,382.54492186,383.12607253,
2026-06-11 17:13:00,1781197980,383.12607253,391.80075692,374.36937177,387.95935913,
2026-06-11 17:14:00,1781198040,387.95935913,393.67894496,384.82580778,385.49582202,
2026-06-11 17:15:00,1781198100,385.49582202,397.01784568,367.28409233,394.81167216,
2026-06-11 17:16:00,1781198160,394.81167216,402.11475192,392.85062234,400.45056486,
2026-06-11 17:17:00,1781198220,400.45056486,400.45056486,389.33154342,392.52368901,
2026-06-11 17:18:00,1781198280,392.52368901,392.52368901,365.33960029,367.87336397,
2026-06-11 17:19:00,1781198340,367.87336397,375.6087928,362.95036135,363.04845428,
2026-06-11 17:20:00,1781198400,363.04845428,373.22435945,353.4893499,370.56320115,
2026-06-11 17:21:00,1781198460,370.56320115,374.79078891,352.72123569,360.70279088,
2026-06-11 17:22:00,1781198520,360.70279088,370.71282003,350.52658723,356.57281744,
2026-06-11 17:23:00,1781198580,356.57281744,367.98313411,354.02590481,364.16600305,
2026-06-11 17:24:00,1781198640,364.16600305,370.62175339,350.1211099,367.91018337,
2026-06-11 17:25:00,1781198700,367.91018337,371.07667522,354.66166347,362.92574596,
2026-06-11 17:26:00,1781198760,362.92574596,366.4268292,347.16687386,348.33245768,
2026-06-11 17:27:00,1781198820,348.33245768,356.98361486,343.45961148,356.13816425,
2026-06-11 17:28:00,1781198880,356.13816425,492.27220218,354.19674784,452.29244561,
2026-06-11 17:29:00,1781198940,452.29244561,578.59301522,437.921355,568.1372484,
2026-06-11 17:30:00,1781199000,568.1372484,658.02745256,568.1372484,614.65055726,
2026-06-11 17:31:00,1781199060,614.65055726,697.97836691,583.89232652,692.31839777,
2026-06-11 17:32:00,1781199120,692.31839777,830.25834445,688.93299852,830.20193625,
2026-06-11 17:33:00,1781199180,830.20193625,845.12790001,759.58464531,759.58464531,
2026-06-11 17:34:00,1781199240,759.58464531,770.59363918,703.88363668,743.02320774,
2026-06-11 17:35:00,1781199300,743.02320774,759.12969567,675.96352527,733.97400122,
2026-06-11 17:36:00,1781199360,733.97400122,745.02345645,675.60079712,687.29122622,
2026-06-11 17:37:00,1781199420,687.29122622,723.41835728,673.76113277,707.92008392,
2026-06-11 17:38:00,1781199480,707.92008392,735.43004817,688.79798179,724.43901633,
2026-06-11 17:39:00,1781199540,724.43901633,739.04802066,700.32036297,720.99438883,
2026-06-11 17:40:00,1781199600,720.99438883,780.36939738,720.99438883,775.33054695,
2026-06-11 17:41:00,1781199660,775.33054695,807.50352094,755.40116973,802.19483775,
2026-06-11 17:42:00,1781199720,802.19483775,813.00443567,764.18045959,785.54430104,
2026-06-11 17:43:00,1781199780,785.54430104,802.07232854,761.28084445,770.56371237,
2026-06-11 17:44:00,1781199840,770.56371237,790.44186672,756.46048793,781.60453824,
2026-06-11 17:45:00,1781199900,781.60453824,856.54941009,781.06703594,856.54941009,
2026-06-11 17:46:00,1781199960,856.54941009,856.82986024,770.36915222,791.72509524,
2026-06-11 17:47:00,1781200020,791.72509524,872.49009247,790.69980697,854.54800827,
2026-06-11 17:48:00,1781200080,854.54800827,896.8572029,852.82438668,862.92882366,
2026-06-11 17:49:00,1781200140,862.92882366,945.37010721,818.1967995,929.21270626,
2026-06-11 17:50:00,1781200200,929.21270626,930.67911835,864.85997422,864.97338348,
2026-06-11 17:51:00,1781200260,864.97338348,916.19793952,845.76453896,896.02979202,
2026-06-11 17:52:00,1781200320,896.02979202,928.0393545,870.07190258,872.29512182,
2026-06-11 17:53:00,1781200380,872.29512182,880.4462287,840.11701574,852.43408016,
2026-06-11 17:54:00,1781200440,852.43408016,854.80275319,827.8842992,850.62345745,
2026-06-11 17:55:00,1781200500,850.62345745,866.58854935,836.9972094,847.13124102,
2026-06-11 17:56:00,1781200560,847.13124102,848.99163601,797.88049841,823.9034213,
2026-06-11 17:57:00,1781200620,823.9034213,859.81837039,807.1337455,852.95271196,
2026-06-11 17:58:00,1781200680,852.95271196,903.89617665,848.50167911,889.40848945,
2026-06-11 17:59:00,1781200740,889.40848945,955.63325869,870.25236341,949.09794336,
2026-06-11 18:00:00,1781200800,949.09794336,993.21975888,936.5310605,967.68981023,
2026-06-11 18:01:00,1781200860,967.68981023,1017.66964776,962.81511936,1013.48975508,
2026-06-11 18:02:00,1781200920,1013.48975508,1046.1466652,939.10601212,941.32087103,
2026-06-11 18:03:00,1781200980,941.32087103,1000.79663942,910.04175381,925.40323118,
2026-06-11 18:04:00,1781201040,925.40323118,928.72390179,865.16789144,879.65157874,
2026-06-11 18:05:00,1781201100,879.65157874,886.3441623,826.72225607,827.05189777,
2026-06-11 18:06:00,1781201160,827.05189777,838.99106848,799.1231971,817.59230401,
2026-06-11 18:07:00,1781201220,817.59230401,831.92069121,801.4443989,819.85279295,
2026-06-11 18:08:00,1781201280,819.85279295,834.24615156,789.38261292,798.33734786,
2026-06-11 18:09:00,1781201340,798.33734786,805.70487092,772.36778096,797.34401885,
2026-06-11 18:10:00,1781201400,797.34401885,807.55642602,766.7180036,787.7845705,
2026-06-11 18:11:00,1781201460,787.7845705,835.57369268,770.01769728,826.23506213,
2026-06-11 18:12:00,1781201520,826.23506213,869.20814703,825.45170146,839.58569959,
2026-06-11 18:13:00,1781201580,839.58569959,850.61595765,819.5481345,840.29125548,
2026-06-11 18:14:00,1781201640,840.29125548,855.1982532,829.54464831,850.15264025,
2026-06-11 18:15:00,1781201700,850.15264025,921.40370096,846.16228648,921.40370096,
2026-06-11 18:16:00,1781201760,921.40370096,933.62039933,899.4842779,924.4094493,
2026-06-11 18:17:00,1781201820,924.4094493,925.89111332,887.01107644,910.81488493,
2026-06-11 18:18:00,1781201880,910.81488493,918.24975286,868.35718182,887.94704044,
2026-06-11 18:19:00,1781201940,887.94704044,932.63877203,867.68642201,913.15224703,
2026-06-11 18:20:00,1781202000,913.15224703,921.39383447,885.54168902,899.80351286,
2026-06-11 18:21:00,1781202060,899.80351286,931.97222027,892.47819006,900.65343384,
2026-06-11 18:22:00,1781202120,900.65343384,900.65343384,793.1949707,828.46567362,
2026-06-11 18:23:00,1781202180,828.46567362,836.02693415,792.69264521,803.83426938,
2026-06-11 18:24:00,1781202240,803.83426938,821.43987245,786.1111953,811.91217894,
2026-06-11 18:25:00,1781202300,811.91217894,840.64869602,808.18750001,839.74796331,
2026-06-11 18:26:00,1781202360,839.74796331,846.40113833,824.39339848,843.62628039,
2026-06-11 18:27:00,1781202420,843.62628039,847.9109923,826.83566706,833.91251392,
2026-06-11 18:28:00,1781202480,833.91251392,836.28283737,802.94983242,824.84952052,
2026-06-11 18:29:00,1781202540,824.84952052,830.18718824,800.5354521,816.32345713,
2026-06-11 18:30:00,1781202600,816.32345713,857.74605004,810.13303021,857.46076869,
2026-06-11 18:31:00,1781202660,857.46076869,858.47460427,836.45461268,841.68991492,
2026-06-11 18:32:00,1781202720,841.68991492,841.68991492,805.31764801,822.67593002,
2026-06-11 18:33:00,1781202780,822.67593002,854.17473073,809.36893462,848.72484363,
2026-06-11 18:34:00,1781202840,848.72484363,857.50406479,838.50584679,839.44585274,
2026-06-11 18:35:00,1781202900,839.44585274,857.99287343,838.49631515,852.30146812,
2026-06-11 18:36:00,1781202960,852.30146812,899.75812595,849.14169439,894.2334346,
2026-06-11 18:37:00,1781203020,894.2334346,901.76975383,881.44373602,885.95572734,
2026-06-11 18:38:00,1781203080,885.95572734,896.06821965,876.42454828,892.11169478,
2026-06-11 18:39:00,1781203140,892.11169478,907.31489903,884.36131613,897.47297909,
2026-06-11 18:40:00,1781203200,897.47297909,918.26311074,886.79840969,888.63196653,
2026-06-11 18:41:00,1781203260,888.63196653,904.14181357,880.95476563,885.28044897,
2026-06-11 18:42:00,1781203320,885.28044897,891.85218054,877.40219091,886.31263921,
2026-06-11 18:43:00,1781203380,886.31263921,911.94411933,882.01464211,906.49772079,
2026-06-11 18:44:00,1781203440,906.49772079,909.48167166,896.85253774,907.46403593,
2026-06-11 18:45:00,1781203500,907.46403593,910.64110424,888.18912795,899.13145648,
2026-06-11 18:46:00,1781203560,899.13145648,907.25679126,895.09757628,898.22051648,
2026-06-11 18:47:00,1781203620,898.22051648,925.69694284,893.07376466,924.9186196,
2026-06-11 18:48:00,1781203680,924.9186196,924.9186196,899.53172976,901.42511335,
2026-06-11 18:49:00,1781203740,901.42511335,901.77040965,875.58147052,889.26542201,
2026-06-11 18:50:00,1781203800,889.26542201,904.19037732,884.54021705,887.47966658,
2026-06-11 18:51:00,1781203860,887.47966658,888.49109223,869.19367665,869.19367665,
2026-06-11 18:52:00,1781203920,869.19367665,905.19054575,868.56361783,905.19054575,
2026-06-11 18:53:00,1781203980,905.19054575,920.21011462,894.18291162,907.19812581,
2026-06-11 18:54:00,1781204040,907.19812581,909.30783447,885.75994728,885.81738654,
2026-06-11 18:55:00,1781204100,885.81738654,894.16186973,872.71484704,874.38655653,
2026-06-11 18:56:00,1781204160,874.38655653,903.85966212,865.94032619,896.02273498,
2026-06-11 18:57:00,1781204220,896.02273498,901.05450818,884.08599129,896.77085167,
2026-06-11 18:58:00,1781204280,896.77085167,902.82495283,876.44131623,877.14751015,
2026-06-11 18:59:00,1781204340,877.14751015,878.00627887,851.08486517,853.78628587,
2026-06-11 19:00:00,1781204400,853.78628587,865.94260649,830.07418405,861.71441157,
2026-06-11 19:01:00,1781204460,861.71441157,901.98229003,857.34891423,891.94008612,
2026-06-11 19:02:00,1781204520,891.94008612,934.99394248,891.70111617,908.97146952,
2026-06-11 19:03:00,1781204580,908.97146952,912.55466119,874.40158842,882.82633481,
2026-06-11 19:04:00,1781204640,882.82633481,893.46574671,869.55320187,875.78321381,
2026-06-11 19:05:00,1781204700,875.78321381,887.3386685,869.50459613,871.7072914,
2026-06-11 19:06:00,1781204760,871.7072914,875.59343126,852.31393292,866.43123999,
2026-06-11 19:07:00,1781204820,866.43123999,867.82779851,852.32480116,855.74934015,
2026-06-11 19:08:00,1781204880,855.74934015,858.52251163,812.79830742,830.21400424,
2026-06-11 19:09:00,1781204940,830.21400424,851.35403712,825.033489,826.45424429,
2026-06-11 19:10:00,1781205000,826.45424429,860.47176242,825.23062777,842.98009206,
2026-06-11 19:11:00,1781205060,842.98009206,848.20606842,809.40565398,829.90472163,
2026-06-11 19:12:00,1781205120,829.90472163,918.74189321,829.90472163,893.14880849,
2026-06-11 19:13:00,1781205180,893.14880849,905.41258539,849.19403925,887.42007803,
2026-06-11 19:14:00,1781205240,887.42007803,914.48360091,880.61154875,892.58019443,
2026-06-11 19:15:00,1781205300,892.58019443,927.05249421,887.75916527,921.80905304,
2026-06-11 19:16:00,1781205360,921.80905304,938.94505332,917.25690323,930.65248835,
2026-06-11 19:17:00,1781205420,930.65248835,969.27341117,923.41255755,965.17466455,
2026-06-11 19:18:00,1781205480,965.17466455,984.6374633,960.07505496,972.11955518,
2026-06-11 19:19:00,1781205540,972.11955518,972.11955518,934.62773883,951.69467379,
2026-06-11 19:20:00,1781205600,951.69467379,991.56464883,951.63564006,961.7185175,
2026-06-11 19:21:00,1781205660,961.7185175,967.97889222,950.10820103,957.98854447,
2026-06-11 19:22:00,1781205720,957.98854447,976.10281106,956.92586521,968.16719521,
2026-06-11 19:23:00,1781205780,968.16719521,995.6745325,967.63575339,982.03029594,
2026-06-11 19:24:00,1781205840,982.03029594,996.6811116,971.39017514,983.59806538,
2026-06-11 19:25:00,1781205900,983.59806538,983.68575611,947.20507458,970.37525048,
2026-06-11 19:26:00,1781205960,970.37525048,985.40127319,946.91811204,982.45725637,
2026-06-11 19:27:00,1781206020,982.45725637,982.51597419,935.52250346,945.08619738,
2026-06-11 19:28:00,1781206080,945.08619738,949.3280494,923.36983279,946.67286954,
2026-06-11 19:29:00,1781206140,946.67286954,957.79074366,927.77176596,930.75055863,
2026-06-11 19:30:00,1781206200,930.75055863,1113.01068277,927.54105649,1113.01068277,
2026-06-11 19:31:00,1781206260,1113.01068277,1113.01068277,1037.24015548,1072.53276029,
2026-06-11 19:32:00,1781206320,1072.53276029,1126.04693215,1069.55135554,1111.1195841,
2026-06-11 19:33:00,1781206380,1111.1195841,1155.21746622,1080.65218054,1122.84406308,
2026-06-11 19:34:00,1781206440,1122.84406308,1131.98185872,1017.61646819,1040.65392897,
2026-06-11 19:35:00,1781206500,1040.65392897,1051.32893121,1001.9593579,1042.67411888,
2026-06-11 19:36:00,1781206560,1042.67411888,1066.79515668,1026.27719926,1040.12997331,
2026-06-11 19:37:00,1781206620,1040.12997331,1083.10774854,1028.36433053,1065.03896722,
2026-06-11 19:38:00,1781206680,1065.03896722,1067.96317401,1023.6818798,1024.44511811,
2026-06-11 19:39:00,1781206740,1024.44511811,1033.54019165,981.80737169,985.70119872,
2026-06-11 19:40:00,1781206800,985.70119872,1031.06182808,985.69878092,1026.31430453,
2026-06-11 19:41:00,1781206860,1026.31430453,1063.59644063,1025.62719293,1055.5307634,
2026-06-11 19:42:00,1781206920,1055.5307634,1065.24640582,1050.0394954,1058.95152012,
2026-06-11 19:43:00,1781206980,1058.95152012,1062.70375653,1035.81539826,1039.31000874,
2026-06-11 19:44:00,1781207040,1039.31000874,1041.87379586,987.60908295,997.71333166,
2026-06-11 19:45:00,1781207100,997.71333166,998.37264762,978.95643743,993.07186696,
2026-06-11 19:46:00,1781207160,993.07186696,1000.14615096,963.44571761,970.48347237,
2026-06-11 19:47:00,1781207220,970.48347237,1015.0931973,970.48104378,1014.53317376,
2026-06-11 19:48:00,1781207280,1014.53317376,1021.87105218,988.79659215,1013.80219535,
2026-06-11 19:49:00,1781207340,1013.80219535,1019.27068469,986.28037543,990.27659118,
2026-06-11 19:50:00,1781207400,990.27659118,1005.07213046,953.53178577,973.91548733,
2026-06-11 19:51:00,1781207460,973.91548733,1004.97142151,967.31710638,1003.44935807,
2026-06-11 19:52:00,1781207520,1003.44935807,1009.40645941,970.47619765,987.66838825,
2026-06-11 19:53:00,1781207580,987.66838825,998.25954328,974.00933999,996.78786227,
2026-06-11 19:54:00,1781207640,996.78786227,1008.11493167,989.40293748,1008.11493167,
2026-06-11 19:55:00,1781207700,1008.11493167,1008.11493167,961.90617561,986.15773744,
2026-06-11 19:56:00,1781207760,986.15773744,989.25208125,977.70830371,981.29064289,
2026-06-11 19:57:00,1781207820,981.29064289,989.78354885,965.25157602,984.72542575,
2026-06-11 19:58:00,1781207880,984.72542575,993.18153109,964.96361747,965.65561165,
2026-06-11 19:59:00,1781207940,965.65561165,981.04918551,943.56985258,951.66391696,
2026-06-11 20:00:00,1781208000,951.66391696,976.52262685,906.55682716,914.50579406,
2026-06-11 20:01:00,1781208060,914.50579406,953.92750437,911.47002657,937.18642358,
2026-06-11 20:02:00,1781208120,937.18642358,979.62949027,920.36519588,962.43460604,
2026-06-11 20:03:00,1781208180,962.43460604,972.56057024,929.15302797,950.95791861,
2026-06-11 20:04:00,1781208240,950.95791861,960.49096687,937.40545666,943.3131055,
2026-06-11 20:05:00,1781208300,943.3131055,974.32525601,940.92802992,965.58936638,
2026-06-11 20:06:00,1781208360,965.58936638,965.70877682,940.06081778,940.49566092,
2026-06-11 20:07:00,1781208420,940.49566092,943.04873172,916.09816485,929.42003035,
2026-06-11 20:08:00,1781208480,929.42003035,930.93371288,904.75851473,916.87614497,
2026-06-11 20:09:00,1781208540,916.87614497,924.96705529,914.6456742,919.54404505,
2026-06-11 20:10:00,1781208600,919.54404505,919.54404505,882.53172061,885.07275741,
2026-06-11 20:11:00,1781208660,885.07275741,892.98237506,872.16010986,888.63467201,
2026-06-11 20:12:00,1781208720,888.63467201,894.39623025,886.314971,891.19649322,
2026-06-11 20:13:00,1781208780,891.19649322,898.80634832,874.45581381,883.88563817,
2026-06-11 20:14:00,1781208840,883.88563817,900.38474148,881.87823958,892.92313269,
2026-06-11 20:15:00,1781208900,892.92313269,897.64740467,876.06351106,879.18948259,
2026-06-11 20:16:00,1781208960,879.18948259,888.6598002,875.03621699,887.84072895,
2026-06-11 20:17:00,1781209020,887.84072895,900.92110144,883.31411015,896.37573686,
2026-06-11 20:18:00,1781209080,896.37573686,903.73841797,886.37589648,887.23830621,
2026-06-11 20:19:00,1781209140,887.23830621,903.86709966,887.17794995,891.97989773,
2026-06-11 20:20:00,1781209200,891.97989773,898.47713972,891.72927863,894.76256822,
2026-06-11 20:21:00,1781209260,894.76256822,898.46437683,864.23082756,864.28783838,
2026-06-11 20:22:00,1781209320,864.28783838,864.28783838,849.06022105,857.41246696,
2026-06-11 20:23:00,1781209380,857.41246696,868.47964667,857.35324161,868.13608565,
2026-06-11 20:24:00,1781209440,868.13608565,872.0691578,860.87844597,864.34781022,
2026-06-11 20:25:00,1781209500,864.34781022,865.83022515,840.96576569,850.52781291,
2026-06-11 20:26:00,1781209560,850.52781291,867.40462385,829.23826863,831.0740686,
2026-06-11 20:27:00,1781209620,831.0740686,852.49397513,823.59636593,825.43828108,
2026-06-11 20:28:00,1781209680,825.43828108,825.43828108,776.19454865,798.98649303,
2026-06-11 20:29:00,1781209740,798.98649303,800.74151009,789.59163766,799.3531176,
2026-06-11 20:30:00,1781209800,799.3531176,799.69779125,785.25908976,795.85867705,
2026-06-11 20:31:00,1781209860,795.85867705,812.21798734,782.41899427,784.41144331,
2026-06-11 20:32:00,1781209920,784.41144331,804.48629751,783.00988212,801.53343555,
2026-06-11 20:33:00,1781209980,801.53343555,821.88427055,793.14510838,812.83843219,
2026-06-11 20:34:00,1781210040,812.83843219,820.13855188,803.96289608,806.10018905,
2026-06-11 20:35:00,1781210100,806.10018905,807.96544569,781.24914389,785.34808313,
2026-06-11 20:36:00,1781210160,785.34808313,788.51963841,771.13472439,778.40099325,
2026-06-11 20:37:00,1781210220,778.40099325,780.43838369,770.12559627,779.07134311,
2026-06-11 20:38:00,1781210280,779.07134311,783.29920918,772.52798036,773.80718566,
2026-06-11 20:39:00,1781210340,773.80718566,779.13960979,766.84845116,777.97608107,
2026-06-11 20:40:00,1781210400,777.97608107,797.26628879,774.96140854,788.83722424,
2026-06-11 20:41:00,1781210460,788.83722424,789.2153867,764.0810766,764.26567008,
2026-06-11 20:42:00,1781210520,764.26567008,764.26567008,749.97144355,752.40013584,
2026-06-11 20:43:00,1781210580,752.40013584,760.84212644,749.19736737,752.37593826,
2026-06-11 20:44:00,1781210640,752.37593826,759.83213956,742.60264112,742.8340082,
2026-06-11 20:45:00,1781210700,742.8340082,748.56727944,733.7213558,747.9836049,
2026-06-11 20:46:00,1781210760,747.9836049,747.9836049,732.48230522,736.96340087,
2026-06-11 20:47:00,1781210820,736.96340087,748.05424964,733.33127253,737.0176354,
2026-06-11 20:48:00,1781210880,737.0176354,738.41085983,729.48098942,732.28092824,
2026-06-11 20:49:00,1781210940,732.28092824,738.88408644,732.22773712,733.39882504,
2026-06-11 20:50:00,1781211000,733.39882504,741.47639759,731.93173619,732.02166069,
2026-06-11 20:51:00,1781211060,732.02166069,759.49521381,732.0192143,759.49521381,
2026-06-11 20:52:00,1781211120,759.49521381,790.8531677,754.12198044,790.79495635,
2026-06-11 20:53:00,1781211180,790.79495635,794.21695274,777.53581647,794.21695274,
2026-06-11 20:54:00,1781211240,794.21695274,799.02079882,787.90699155,796.12920342,
2026-06-11 20:55:00,1781211300,796.12920342,796.29220702,787.28930182,789.83303863,
2026-06-11 20:56:00,1781211360,789.83303863,797.52378863,788.73387702,795.42498753,
2026-06-11 20:57:00,1781211420,795.42498753,800.74720987,791.00470165,799.41754324,
2026-06-11 20:58:00,1781211480,799.41754324,804.39155491,780.67246146,788.67585429,
2026-06-11 20:59:00,1781211540,788.67585429,805.16841286,788.67585429,790.34896026,
2026-06-11 21:00:00,1781211600,790.34896026,806.7743265,790.07186461,802.58570991,
2026-06-11 21:01:00,1781211660,802.58570991,818.77643388,802.58082927,812.86716803,
2026-06-11 21:02:00,1781211720,812.86716803,812.86716803,796.89428101,798.42112721,
2026-06-11 21:03:00,1781211780,798.42112721,798.66793371,795.25478466,798.61326619,
2026-06-11 21:04:00,1781211840,798.61326619,829.20913662,796.34331762,827.18106144,
2026-06-11 21:05:00,1781211900,827.18106144,847.46735858,825.25688083,830.19354258,
2026-06-11 21:06:00,1781211960,830.19354258,834.94293063,826.15508767,830.4522265,
2026-06-11 21:07:00,1781212020,830.4522265,845.81543625,830.44735783,832.44155004,
2026-06-11 21:08:00,1781212080,832.44155004,847.72331394,832.15316014,843.95920125,
2026-06-11 21:09:00,1781212140,843.95920125,844.71451026,835.45226992,837.58372338,
2026-06-11 21:10:00,1781212200,837.58372338,839.41460221,836.9437171,836.99813718,
2026-06-11 21:11:00,1781212260,836.99813718,840.67812002,831.15250871,836.93888977,
2026-06-11 21:12:00,1781212320,836.93888977,844.08988041,836.83013532,844.08744347,
2026-06-11 21:13:00,1781212380,844.08744347,910.67662758,844.08744347,900.72809717,
2026-06-11 21:14:00,1781212440,900.72809717,901.4195704,883.66863067,884.86895677,
2026-06-11 21:15:00,1781212500,884.86895677,884.92766207,870.47006167,874.32057579,
2026-06-11 21:16:00,1781212560,874.32057579,878.44737173,858.60343892,865.5109287,
2026-06-11 21:17:00,1781212620,865.5109287,873.9548761,859.82207739,861.67654676,
2026-06-11 21:18:00,1781212680,861.67654676,868.74856004,857.31889404,864.58096334,
2026-06-11 21:19:00,1781212740,864.58096334,870.30571407,860.90080507,864.68140181,
2026-06-11 21:20:00,1781212800,864.68140181,870.50674583,857.54667246,861.75972939,
2026-06-11 21:21:00,1781212860,861.75972939,865.68155283,851.0076311,864.79832337,
2026-06-11 21:22:00,1781212920,864.79832337,877.50133304,864.53210231,876.97454298,
2026-06-11 21:23:00,1781212980,876.97454298,889.13453132,876.95085329,881.56656224,
2026-06-11 21:24:00,1781213040,881.56656224,881.56656224,859.16075777,863.27954072,
2026-06-11 21:25:00,1781213100,863.27954072,863.27954072,838.13058689,846.61909893,
2026-06-11 21:26:00,1781213160,846.61909893,846.61909893,824.09192812,824.54111925,
2026-06-11 21:27:00,1781213220,824.54111925,829.52355966,821.32388969,829.04563671,
2026-06-11 21:28:00,1781213280,829.04563671,830.1345866,815.21604602,823.97968319,
2026-06-11 21:29:00,1781213340,823.97968319,840.69867312,823.75146942,840.41075524,
2026-06-11 21:30:00,1781213400,840.41075524,850.2074263,840.29413354,850.20008281,
2026-06-11 21:31:00,1781213460,850.20008281,854.1148279,846.49168984,851.32677184,
2026-06-11 21:32:00,1781213520,851.32677184,860.27379016,846.95850382,860.21102796,
2026-06-11 21:33:00,1781213580,860.21102796,860.28228642,856.1077565,857.86448548,
2026-06-11 21:34:00,1781213640,857.86448548,857.86448548,841.84326085,844.16417303,
2026-06-11 21:35:00,1781213700,844.16417303,844.55741453,826.8455734,831.79154347,
2026-06-11 21:36:00,1781213760,831.79154347,839.25360298,831.62109633,837.87965789,
2026-06-11 21:37:00,1781213820,837.87965789,838.01938044,830.69514189,830.92260612,
2026-06-11 21:38:00,1781213880,830.92260612,859.02914777,830.86328761,857.26854347,
2026-06-11 21:39:00,1781213940,857.26854347,861.82802837,848.53442389,861.57158077,
2026-06-11 21:40:00,1781214000,861.57158077,870.49590642,835.98257886,838.52970544,
2026-06-11 21:41:00,1781214060,838.52970544,847.02913859,833.89736542,846.62986657,
2026-06-11 21:42:00,1781214120,846.62986657,862.80901432,846.60012336,859.12866952,
2026-06-11 21:43:00,1781214180,859.12866952,859.93324107,840.36005449,841.73351002,
2026-06-11 21:44:00,1781214240,841.73351002,865.63142423,840.41205274,864.87037111,
2026-06-11 21:45:00,1781214300,864.87037111,878.63242449,857.59237585,864.37687489,
2026-06-11 21:46:00,1781214360,864.37687489,883.4558459,861.97926978,873.04960878,
2026-06-11 21:47:00,1781214420,873.04960878,885.35585445,864.253932,874.80243435,
2026-06-11 21:48:00,1781214480,874.80243435,889.04822632,871.5497161,886.88721841,
2026-06-11 21:49:00,1781214540,886.88721841,891.07401825,871.62455332,872.7762203,
2026-06-11 21:50:00,1781214600,872.7762203,873.5315582,858.96590871,859.02403202,
2026-06-11 21:51:00,1781214660,859.02403202,870.83502299,853.96052201,870.67798192,
2026-06-11 21:52:00,1781214720,870.67798192,882.91904396,864.33947157,872.24300338,
2026-06-11 21:53:00,1781214780,872.24300338,874.55137575,864.90986137,864.90986137,
2026-06-11 21:54:00,1781214840,864.90986137,866.66547975,842.39105391,850.98199475,
2026-06-11 21:55:00,1781214900,850.98199475,851.03994667,827.36671011,827.92064616,
2026-06-11 21:56:00,1781214960,827.92064616,832.31586201,816.95479507,820.56284258,
2026-06-11 21:57:00,1781215020,820.56284258,825.03934867,812.89995127,825.03934867,
2026-06-11 21:58:00,1781215080,825.03934867,841.95545214,825.03934867,841.75545936,
2026-06-11 21:59:00,1781215140,841.75545936,852.00223797,821.13338571,851.77030548,
2026-06-11 22:00:00,1781215200,851.77030548,875.05304159,840.07986187,873.64855715,
2026-06-11 22:01:00,1781215260,873.64855715,883.67289009,859.12783379,883.67289009,
2026-06-11 22:02:00,1781215320,883.67289009,893.12477211,856.64293379,875.9198339,
2026-06-11 22:03:00,1781215380,875.9198339,892.77777331,875.9198339,888.73004232,
2026-06-11 22:04:00,1781215440,888.73004232,927.07866495,880.61997756,884.61088382,
2026-06-11 22:05:00,1781215500,884.61088382,910.64504314,879.86051608,895.03195078,
2026-06-11 22:06:00,1781215560,895.03195078,918.96273578,882.21226249,902.91472464,
2026-06-11 22:07:00,1781215620,902.91472464,940.19310839,902.91472464,929.22555913,
2026-06-11 22:08:00,1781215680,929.22555913,933.11785115,910.59161128,922.08349132,
2026-06-11 22:09:00,1781215740,922.08349132,942.64555731,922.08349132,922.20870375,
2026-06-11 22:10:00,1781215800,922.20870375,922.20870375,903.00863749,920.82924791,
2026-06-11 22:11:00,1781215860,920.82924791,935.15541783,904.50914136,905.8314937,
2026-06-11 22:12:00,1781215920,905.8314937,908.55894963,886.40601039,892.62614675,
2026-06-11 22:13:00,1781215980,892.62614675,913.98655461,890.6669863,909.56208855,
2026-06-11 22:14:00,1781216040,909.56208855,922.19135739,908.26394215,915.43425796,
2026-06-11 22:15:00,1781216100,915.43425796,922.34529811,895.76409933,904.93463235,
2026-06-11 22:16:00,1781216160,904.93463235,940.37238904,899.61033653,918.07540486,
2026-06-11 22:17:00,1781216220,918.07540486,941.89401785,914.24856093,923.12928831,
2026-06-11 22:18:00,1781216280,923.12928831,926.60601903,912.65505782,919.46859891,
2026-06-11 22:19:00,1781216340,919.46859891,923.3729179,911.5014865,918.17398021,
2026-06-11 22:20:00,1781216400,918.17398021,920.68424154,904.25561528,909.99754115,
2026-06-11 22:21:00,1781216460,909.99754115,910.96529102,898.37541734,899.03153708,
2026-06-11 22:22:00,1781216520,899.03153708,899.03153708,869.86709674,871.14524726,
2026-06-11 22:23:00,1781216580,871.14524726,881.62745385,862.51272855,873.68154631,
2026-06-11 22:24:00,1781216640,873.68154631,880.85054415,864.22781523,864.92944034,
2026-06-11 22:25:00,1781216700,864.92944034,871.52162945,852.0969625,867.36776694,
2026-06-11 22:26:00,1781216760,867.36776694,871.24823943,860.302795,863.09790392,
2026-06-11 22:27:00,1781216820,863.09790392,870.25321612,860.61390378,865.22623791,
2026-06-11 22:28:00,1781216880,865.22623791,877.04689325,855.03795453,872.7410846,
2026-06-11 22:29:00,1781216940,872.7410846,892.38830203,872.7410846,885.8549311,
2026-06-11 22:30:00,1781217000,885.8549311,897.76145747,877.07298676,895.79842549,
2026-06-11 22:31:00,1781217060,895.79842549,919.41912086,890.85573417,891.21517561,
2026-06-11 22:32:00,1781217120,891.21517561,891.69213775,870.03037319,870.73781684,
2026-06-11 22:33:00,1781217180,870.73781684,883.3141774,863.47491406,873.52285933,
2026-06-11 22:34:00,1781217240,873.52285933,883.0094726,848.32368913,848.32368913,
2026-06-11 22:35:00,1781217300,848.32368913,868.87267945,831.12828528,868.5613618,
2026-06-11 22:36:00,1781217360,868.5613618,879.63307468,866.89128346,874.94751672,
2026-06-11 22:37:00,1781217420,874.94751672,875.16325482,862.26449869,864.05632899,
2026-06-11 22:38:00,1781217480,864.05632899,864.17178386,842.1524347,844.86930217,
2026-06-11 22:39:00,1781217540,844.86930217,855.26434686,833.65931962,852.26062606,
2026-06-11 22:40:00,1781217600,852.26062606,866.88909869,844.43354764,850.56010821,
2026-06-11 22:41:00,1781217660,850.56010821,852.1388211,834.89231606,837.41988498,
2026-06-11 22:42:00,1781217720,837.41988498,839.12622232,828.82237989,828.82237989,
2026-06-11 22:43:00,1781217780,828.82237989,838.06724303,825.23805904,837.54265558,
2026-06-11 22:44:00,1781217840,837.54265558,837.65875286,829.36974734,831.3301215,
2026-06-11 22:45:00,1781217900,831.3301215,846.51542517,829.08124228,838.48195986,
2026-06-11 22:46:00,1781217960,838.48195986,838.82293623,815.62875274,818.63937029,
2026-06-11 22:47:00,1781218020,818.63937029,819.41678402,810.02060491,810.05196886,
2026-06-11 22:48:00,1781218080,810.05196886,818.24998556,805.44007713,815.35318868,
2026-06-11 22:49:00,1781218140,815.35318868,849.5701986,814.94368728,832.24787405,
2026-06-11 22:50:00,1781218200,832.24787405,852.80598446,830.85506912,850.49929353,
2026-06-11 22:51:00,1781218260,850.49929353,855.29706142,840.03505962,841.08871348,
2026-06-11 22:52:00,1781218320,841.08871348,851.06127409,837.01246342,850.11400428,
2026-06-11 22:53:00,1781218380,850.11400428,850.11400428,835.93701266,839.22815407,
2026-06-11 22:54:00,1781218440,839.22815407,854.97097686,837.59628245,854.71104941,
2026-06-11 22:55:00,1781218500,854.71104941,866.69076402,848.72177595,865.26259174,
2026-06-11 22:56:00,1781218560,865.26259174,878.07300077,844.36622517,844.49630487,
2026-06-11 22:57:00,1781218620,844.49630487,858.93639866,844.49630487,857.3659706,
2026-06-11 22:58:00,1781218680,857.3659706,857.3659706,845.05897051,852.90448535,
2026-06-11 22:59:00,1781218740,852.90448535,853.01969508,824.38264992,826.58410546,
2026-06-11 23:00:00,1781218800,826.58410546,826.96138585,792.52431147,793.18631821,
2026-06-11 23:01:00,1781218860,793.18631821,793.47811355,780.45524074,786.05897491,
2026-06-11 23:02:00,1781218920,786.05897491,801.60572016,769.08073663,791.84682703,
2026-06-11 23:03:00,1781218980,791.84682703,793.81749057,748.63745359,772.8573204,
2026-06-11 23:04:00,1781219040,772.8573204,788.3250066,767.74797514,781.33369752,
2026-06-11 23:05:00,1781219100,781.33369752,790.91036741,775.53913722,777.61523567,
2026-06-11 23:06:00,1781219160,777.61523567,779.2787086,766.64135153,770.52336699,
2026-06-11 23:07:00,1781219220,770.52336699,773.70985045,761.79191029,763.51300079,
2026-06-11 23:08:00,1781219280,763.51300079,765.44494497,743.26171464,750.37508976,
2026-06-11 23:09:00,1781219340,750.37508976,750.44304393,741.87665052,744.48040353,
2026-06-11 23:10:00,1781219400,744.48040353,758.05046651,742.13651861,752.29648205,
2026-06-11 23:11:00,1781219460,752.29648205,758.41771409,747.34010942,752.35974869,
2026-06-11 23:12:00,1781219520,752.35974869,779.43159703,751.80924935,778.17695331,
2026-06-11 23:13:00,1781219580,778.17695331,778.17695331,755.90850427,766.03108341,
2026-06-11 23:14:00,1781219640,766.03108341,775.50596839,764.51855726,768.2625582,
2026-06-11 23:15:00,1781219700,768.2625582,779.64248704,758.33683246,778.92744218,
2026-06-11 23:16:00,1781219760,778.92744218,787.34808488,764.64801988,779.46324015,
2026-06-11 23:17:00,1781219820,779.46324015,779.96712836,759.48746489,760.04340183,
2026-06-11 23:18:00,1781219880,760.04340183,767.6904466,754.47104515,764.90417414,
2026-06-11 23:19:00,1781219940,764.90417414,782.70636012,762.55447874,777.90295229,
2026-06-11 23:20:00,1781220000,777.90295229,778.95822661,763.21949513,764.90347289,
2026-06-11 23:21:00,1781220060,764.90347289,771.04899551,763.41491703,763.5363098,
2026-06-11 23:22:00,1781220120,763.5363098,785.99512665,763.52355368,783.0756664,
2026-06-11 23:23:00,1781220180,783.0756664,786.80109288,776.42624062,782.67633912,
2026-06-11 23:24:00,1781220240,782.67633912,782.78575746,759.22557797,765.66855366,
2026-06-11 23:25:00,1781220300,765.66855366,773.98148869,759.51885475,760.88736152,
2026-06-11 23:26:00,1781220360,760.88736152,779.96402925,760.50012144,774.37593524,
2026-06-11 23:27:00,1781220420,774.37593524,779.61272685,753.80568727,754.6215429,
2026-06-11 23:28:00,1781220480,754.6215429,755.27595104,754.14471567,754.56325684,
2026-06-11 23:29:00,1781220540,754.56325684,762.6818046,752.87848442,756.76585915,
2026-06-11 23:30:00,1781220600,756.76585915,774.18004842,756.44151897,766.93512794,
2026-06-11 23:31:00,1781220660,766.93512794,808.5920488,762.05593721,803.33650966,
2026-06-11 23:32:00,1781220720,803.33650966,822.00829629,803.33650966,814.13604248,
2026-06-11 23:33:00,1781220780,814.13604248,836.22055567,800.62830955,836.2180867,
2026-06-11 23:34:00,1781220840,836.2180867,836.38811686,820.18076369,833.44044631,
2026-06-11 23:35:00,1781220900,833.44044631,838.92272192,816.44128385,817.26975418,
2026-06-11 23:36:00,1781220960,817.26975418,831.3233588,811.76963019,819.53878523,
2026-06-11 23:37:00,1781221020,819.53878523,826.84982657,812.37237566,813.40764478,
2026-06-11 23:38:00,1781221080,813.40764478,821.70898807,806.19503519,817.8660273,
2026-06-11 23:39:00,1781221140,817.8660273,840.39738427,814.42835004,837.42335632,
2026-06-11 23:40:00,1781221200,837.42335632,931.18884844,836.83248867,920.74314198,
2026-06-11 23:41:00,1781221260,920.74314198,925.8941615,913.26592031,916.27664596,
2026-06-11 23:42:00,1781221320,916.27664596,916.85720949,908.88709967,915.6024711,
2026-06-11 23:43:00,1781221380,915.6024711,917.44093746,889.84339898,898.01286958,
2026-06-11 23:44:00,1781221440,898.01286958,898.0176962,891.80558224,894.86367804,
2026-06-11 23:45:00,1781221500,894.86367804,905.8796387,894.53270056,895.96882475,
2026-06-11 23:46:00,1781221560,895.96882475,910.26178492,895.41081371,901.10304087,
2026-06-11 23:47:00,1781221620,901.10304087,909.77814819,878.47941481,879.03926372,
2026-06-11 23:48:00,1781221680,879.03926372,884.96006532,870.00813839,876.26624018,
2026-06-11 23:49:00,1781221740,876.26624018,886.49636379,872.99611926,874.49920443,
2026-06-11 23:50:00,1781221800,874.49920443,874.49920443,860.64951209,866.34467008,
2026-06-11 23:51:00,1781221860,866.34467008,866.34467008,840.13325549,842.68306096,
2026-06-11 23:52:00,1781221920,842.68306096,842.68306096,822.91647106,840.65822078,
2026-06-11 23:53:00,1781221980,840.65822078,842.3086045,823.8122122,832.93594081,
2026-06-11 23:54:00,1781222040,832.93594081,893.3024475,831.40556307,887.52614311,
2026-06-11 23:55:00,1781222100,887.52614311,890.84530508,880.56086287,888.23145559,
2026-06-11 23:56:00,1781222160,888.23145559,888.28497982,878.82838514,886.40188179,
2026-06-11 23:57:00,1781222220,886.40188179,896.96659503,872.88188374,891.05502853,
2026-06-11 23:58:00,1781222280,891.05502853,896.49587947,874.96394717,882.49838699,
2026-06-11 23:59:00,1781222340,882.49838699,891.36132999,869.520896,891.36132999,
2026-06-12 00:00:00,1781222400,891.36132999,891.42511712,849.46374969,880.30835669,
2026-06-12 00:01:00,1781222460,880.30835669,887.93894082,871.21774005,875.18312525,
2026-06-12 00:02:00,1781222520,875.18312525,880.48180397,855.31221025,860.38399107,
2026-06-12 00:03:00,1781222580,860.38399107,860.38399107,834.22980423,839.74372295,
2026-06-12 00:04:00,1781222640,839.74372295,861.7699332,839.43474176,859.09680792,
2026-06-12 00:05:00,1781222700,859.09680792,878.39288437,856.60255032,865.14208886,
2026-06-12 00:06:00,1781222760,865.14208886,887.11954599,859.10749755,877.93963692,
2026-06-12 00:07:00,1781222820,877.93963692,985.46529345,877.93721947,972.61749988,
2026-06-12 00:08:00,1781222880,972.61749988,984.81194795,951.60146106,958.74853957,
2026-06-12 00:09:00,1781222940,958.74853957,958.74853957,935.11613293,942.40958719,
2026-06-12 00:10:00,1781223000,942.40958719,956.33253788,938.2198356,939.35486173,
2026-06-12 00:11:00,1781223060,939.35486173,955.25020508,920.83031589,926.52600562,
2026-06-12 00:12:00,1781223120,926.52600562,930.68757048,918.22934623,923.38473241,
2026-06-12 00:13:00,1781223180,923.38473241,935.92575965,912.85128684,934.11689242,
2026-06-12 00:14:00,1781223240,934.11689242,952.3702035,932.99901087,950.45825599,
2026-06-12 00:15:00,1781223300,950.45825599,950.45825599,890.69011531,899.55523506,
2026-06-12 00:16:00,1781223360,899.55523506,912.71486519,870.73772156,876.47773969,
2026-06-12 00:17:00,1781223420,876.47773969,885.23724677,869.67324621,876.40509415,
2026-06-12 00:18:00,1781223480,876.40509415,892.05596588,876.40509415,887.37978588,
2026-06-12 00:19:00,1781223540,887.37978588,902.30827723,886.80952799,889.77080473,
2026-06-12 00:20:00,1781223600,889.77080473,889.77080473,877.68278046,885.47800175,
2026-06-12 00:21:00,1781223660,885.47800175,908.73246284,879.67229377,890.17655517,
2026-06-12 00:22:00,1781223720,890.17655517,900.67778163,861.88663952,872.3614868,
2026-06-12 00:23:00,1781223780,872.3614868,872.3614868,858.14528485,861.29405012,
2026-06-12 00:24:00,1781223840,861.29405012,865.10494882,844.46280334,846.22035124,
2026-06-12 00:25:00,1781223900,846.22035124,866.54177707,845.73881997,865.70703717,
2026-06-12 00:26:00,1781223960,865.70703717,865.88446441,825.27450237,825.27450237,
2026-06-12 00:27:00,1781224020,825.27450237,848.03092857,809.30030832,839.69079143,
2026-06-12 00:28:00,1781224080,839.69079143,860.97119786,838.991003,858.77146149,
2026-06-12 00:29:00,1781224140,858.77146149,880.42510276,858.16439286,867.12114051,
2026-06-12 00:30:00,1781224200,867.12114051,877.83232483,856.59400547,869.34599371,
2026-06-12 00:31:00,1781224260,869.34599371,869.34599371,834.21481559,850.49423147,
2026-06-12 00:32:00,1781224320,850.49423147,876.23879807,847.97359152,873.0231885,
2026-06-12 00:33:00,1781224380,873.0231885,895.34786395,872.5266862,892.66225397,
2026-06-12 00:34:00,1781224440,892.66225397,906.57683819,858.26813963,872.93214179,
2026-06-12 00:35:00,1781224500,872.93214179,897.17094032,866.62368139,895.91048561,
2026-06-12 00:36:00,1781224560,895.91048561,905.95003585,880.67339794,897.31902491,
2026-06-12 00:37:00,1781224620,897.31902491,912.5314346,896.94425027,907.13267263,
2026-06-12 00:38:00,1781224680,907.13267263,945.75788295,907.06787344,925.01816491,
2026-06-12 00:39:00,1781224740,925.01816491,925.93224994,895.46808405,896.70771639,
2026-06-12 00:40:00,1781224800,896.70771639,909.12285283,883.87328763,902.79576209,
2026-06-12 00:41:00,1781224860,902.79576209,913.49654045,891.69742859,901.39207215,
2026-06-12 00:42:00,1781224920,901.39207215,918.34410922,899.74051025,904.07557756,
2026-06-12 00:43:00,1781224980,904.07557756,907.05737174,882.51403744,883.35735645,
2026-06-12 00:44:00,1781225040,883.35735645,888.69107041,874.79245758,884.83301119,
2026-06-12 00:45:00,1781225100,884.83301119,907.00703019,877.47965956,905.94069804,
2026-06-12 00:46:00,1781225160,905.94069804,908.4927923,892.32463118,897.86099424,
2026-06-12 00:47:00,1781225220,897.86099424,904.03712693,891.56050533,899.30864217,
2026-06-12 00:48:00,1781225280,899.30864217,905.35523314,895.00209997,896.30115307,
2026-06-12 00:49:00,1781225340,896.30115307,905.16352895,893.22401345,897.81006735,
2026-06-12 00:50:00,1781225400,897.81006735,897.87024511,881.44599357,886.85986867,
2026-06-12 00:51:00,1781225460,886.85986867,921.80227643,886.7977201,912.93639683,
2026-06-12 00:52:00,1781225520,912.93639683,914.45935244,900.88603521,909.02150532,
2026-06-12 00:53:00,1781225580,909.02150532,915.81194769,904.60250307,913.17544563,
2026-06-12 00:54:00,1781225640,913.17544563,923.65067357,909.23803952,915.60113266,
2026-06-12 00:55:00,1781225700,915.60113266,920.98437033,908.32167698,917.32064216,
2026-06-12 00:56:00,1781225760,917.32064216,929.82230839,911.8688659,917.83772402,
2026-06-12 00:57:00,1781225820,917.83772402,918.0862151,889.87036739,892.57679801,
2026-06-12 00:58:00,1781225880,892.57679801,899.68677301,867.82012074,868.76278729,
2026-06-12 00:59:00,1781225940,868.76278729,879.78631837,864.39738923,873.6891882,
2026-06-12 01:00:00,1781226000,873.6891882,878.00518939,819.54476972,825.19567984,
2026-06-12 01:01:00,1781226060,825.19567984,825.25521607,795.38887063,795.57671068,
2026-06-12 01:02:00,1781226120,795.57671068,805.2409466,770.62604105,773.24311702,
2026-06-12 01:03:00,1781226180,773.24311702,809.58376854,770.53315571,796.81047403,
2026-06-12 01:04:00,1781226240,796.81047403,800.33081125,783.22793844,793.38855882,
2026-06-12 01:05:00,1781226300,793.38855882,798.39557817,773.29729568,773.61983098,
2026-06-12 01:06:00,1781226360,773.61983098,805.0358469,773.55984954,791.88952058,
2026-06-12 01:07:00,1781226420,791.88952058,803.42185913,787.78855809,793.26580692,
2026-06-12 01:08:00,1781226480,793.26580692,795.14411262,783.8401767,787.09928338,
2026-06-12 01:09:00,1781226540,787.09928338,816.58260209,786.29435484,790.25329799,
2026-06-12 01:10:00,1781226600,790.25329799,801.96033413,784.16773143,791.89192969,
2026-06-12 01:11:00,1781226660,791.89192969,802.3919054,774.41413065,778.88953901,
2026-06-12 01:12:00,1781226720,778.88953901,782.92015107,772.87055771,779.65421049,
2026-06-12 01:13:00,1781226780,779.65421049,781.88823311,767.77436481,779.12680329,
2026-06-12 01:14:00,1781226840,779.12680329,788.61501029,768.22183935,778.34248894,
2026-06-12 01:15:00,1781226900,778.34248894,782.04100912,766.22746898,768.13892743,
2026-06-12 01:16:00,1781226960,768.13892743,810.18520206,766.09220924,808.7612186,
2026-06-12 01:17:00,1781227020,808.7612186,808.7612186,764.60750041,779.24871618,
2026-06-12 01:18:00,1781227080,779.24871618,786.8930446,767.75526101,767.75526101,
2026-06-12 01:19:00,1781227140,767.75526101,767.92697653,747.93969845,748.38729436,
2026-06-12 01:20:00,1781227200,748.38729436,751.44112174,734.09512986,741.38017679,
2026-06-12 01:21:00,1781227260,741.38017679,757.65302516,737.05231282,753.86774244,
2026-06-12 01:22:00,1781227320,753.86774244,753.86774244,728.78278207,728.89149694,
2026-06-12 01:23:00,1781227380,728.89149694,740.76299839,722.27329369,722.67191857,
2026-06-12 01:24:00,1781227440,722.67191857,732.85224654,722.16670579,722.16670579,
2026-06-12 01:25:00,1781227500,722.16670579,735.01588514,717.08530635,724.70765832,
2026-06-12 01:26:00,1781227560,724.70765832,724.70765832,695.16361183,702.20654134,
2026-06-12 01:27:00,1781227620,702.20654134,702.20654134,675.15057338,696.33008671,
2026-06-12 01:28:00,1781227680,696.33008671,707.32296588,673.14916508,701.78302794,
2026-06-12 01:29:00,1781227740,701.78302794,711.59178963,699.97324463,703.37196284,
2026-06-12 01:30:00,1781227800,703.37196284,728.69603195,700.65429116,728.41765794,
2026-06-12 01:31:00,1781227860,728.41765794,728.83357461,703.15428749,711.41848899,
2026-06-12 01:32:00,1781227920,711.41848899,733.70675888,710.82827312,726.12982016,
2026-06-12 01:33:00,1781227980,726.12982016,737.2020538,715.86893208,725.66849058,
2026-06-12 01:34:00,1781228040,725.66849058,731.70720401,705.88878803,706.26798251,
2026-06-12 01:35:00,1781228100,706.26798251,711.22485838,680.96915169,686.14287975,
2026-06-12 01:36:00,1781228160,686.14287975,693.8673995,678.88265592,679.62059389,
2026-06-12 01:37:00,1781228220,679.62059389,695.97430773,679.62059389,694.94814428,
2026-06-12 01:38:00,1781228280,694.94814428,703.04917046,692.20017604,702.14916628,
2026-06-12 01:39:00,1781228340,702.14916628,717.83926191,690.33173905,714.04087842,
2026-06-12 01:40:00,1781228400,714.04087842,714.91616533,697.53528064,698.27095592,
2026-06-12 01:41:00,1781228460,698.27095592,709.60410069,697.56531799,701.89219972,
2026-06-12 01:42:00,1781228520,701.89219972,719.53006003,700.91182378,719.53006003,
2026-06-12 01:43:00,1781228580,719.53006003,738.80916094,719.5250486,730.42414463,
2026-06-12 01:44:00,1781228640,730.42414463,736.66804998,707.80757346,708.33727273,
2026-06-12 01:45:00,1781228700,708.33727273,752.01140453,708.11370703,731.52568005,
2026-06-12 01:46:00,1781228760,731.52568005,748.18590938,728.46246444,738.2190438,
2026-06-12 01:47:00,1781228820,738.2190438,752.38779903,731.98691251,734.83495717,
2026-06-12 01:48:00,1781228880,734.83495717,754.90211944,729.11062374,749.3037115,
2026-06-12 01:49:00,1781228940,749.3037115,763.02125544,745.1950754,755.57627046,
2026-06-12 01:50:00,1781229000,755.57627046,755.7442339,734.72708119,739.62020547,
2026-06-12 01:51:00,1781229060,739.62020547,756.45603925,732.15861561,748.15816578,
2026-06-12 01:52:00,1781229120,748.15816578,749.05753336,737.4768868,742.48267756,
2026-06-12 01:53:00,1781229180,742.48267756,743.71790623,735.9391797,742.83002702,
2026-06-12 01:54:00,1781229240,742.83002702,764.29764218,736.2432585,761.40007937,
2026-06-12 01:55:00,1781229300,761.40007937,761.62876348,729.1316267,736.32559835,
2026-06-12 01:56:00,1781229360,736.32559835,740.79288427,722.83181884,722.83181884,
2026-06-12 01:57:00,1781229420,722.83181884,729.13738534,716.02743101,725.80251387,
2026-06-12 01:58:00,1781229480,725.80251387,737.52366037,725.80251387,737.12793908,
2026-06-12 01:59:00,1781229540,737.12793908,744.51638411,733.03186431,742.80438154,
2026-06-12 02:00:00,1781229600,742.80438154,756.97807338,742.74548033,747.40310683,
2026-06-12 02:01:00,1781229660,747.40310683,765.86505245,746.26397881,761.21498348,
2026-06-12 02:02:00,1781229720,761.21498348,782.20165184,757.20856363,782.14104684,
2026-06-12 02:03:00,1781229780,782.14104684,782.42664305,765.74773043,766.26435343,
2026-06-12 02:04:00,1781229840,766.26435343,775.58306407,762.46550504,767.47080434,
2026-06-12 02:05:00,1781229900,767.47080434,782.21802232,764.39482259,782.2155268,
2026-06-12 02:06:00,1781229960,782.2155268,791.94198884,781.22265799,791.59075432,
2026-06-12 02:07:00,1781230020,791.59075432,813.06325106,785.93736021,806.91588899,
2026-06-12 02:08:00,1781230080,806.91588899,806.91588899,791.25511001,799.29404748,
2026-06-12 02:09:00,1781230140,799.29404748,879.45771035,795.40478517,874.29871991,
2026-06-12 02:10:00,1781230200,874.29871991,959.67470079,873.80024409,915.74855777,
2026-06-12 02:11:00,1781230260,915.74855777,921.63875071,892.68153169,902.91786934,
2026-06-12 02:12:00,1781230320,902.91786934,908.76264703,887.54476797,899.40031179,
2026-06-12 02:13:00,1781230380,899.40031179,921.87550871,881.48210954,889.80885973,
2026-06-12 02:14:00,1781230440,889.80885973,889.82124403,878.19422549,884.30931383,
2026-06-12 02:15:00,1781230500,884.30931383,902.10954295,877.56703489,878.06395371,
2026-06-12 02:16:00,1781230560,878.06395371,882.55257308,855.41227435,868.40496105,
2026-06-12 02:17:00,1781230620,868.40496105,868.40496105,849.46918033,852.18233392,
2026-06-12 02:18:00,1781230680,852.18233392,852.24091431,835.47814292,842.99593594,
2026-06-12 02:19:00,1781230740,842.99593594,867.39206904,841.40015383,864.63521898,
2026-06-12 02:20:00,1781230800,864.63521898,867.65467859,846.59100814,860.90191972,
2026-06-12 02:21:00,1781230860,860.90191972,861.62993378,844.10828079,852.01007865,
2026-06-12 02:22:00,1781230920,852.01007865,879.52611366,852.01007865,860.24651642,
2026-06-12 02:23:00,1781230980,860.24651642,876.45568387,855.38847103,865.11478237,
2026-06-12 02:24:00,1781231040,865.11478237,890.56600211,865.11478237,870.12456258,
2026-06-12 02:25:00,1781231100,870.12456258,870.12456258,840.4516449,844.63147567,
2026-06-12 02:26:00,1781231160,844.63147567,849.48853477,829.02804625,829.80794757,
2026-06-12 02:27:00,1781231220,829.80794757,830.39966048,816.95239137,822.64815458,
2026-06-12 02:28:00,1781231280,822.64815458,824.35974174,800.31833159,811.18009156,
2026-06-12 02:29:00,1781231340,811.18009156,815.89104993,803.29641494,815.59257471,
2026-06-12 02:30:00,1781231400,815.59257471,837.39351211,810.91277916,833.45715986,
2026-06-12 02:31:00,1781231460,833.45715986,844.74460934,826.75886563,828.73194726,
2026-06-12 02:32:00,1781231520,828.73194726,836.16701768,824.65015739,832.00929061,
2026-06-12 02:33:00,1781231580,832.00929061,841.10233596,807.20539001,808.7385493,
2026-06-12 02:34:00,1781231640,808.7385493,810.67299102,778.92000301,787.81315602,
2026-06-12 02:35:00,1781231700,787.81315602,802.43745681,785.80294953,789.46776064,
2026-06-12 02:36:00,1781231760,789.46776064,823.86724299,784.89541208,823.86724299,
2026-06-12 02:37:00,1781231820,823.86724299,842.15713533,821.47924292,838.43815604,
2026-06-12 02:38:00,1781231880,838.43815604,852.00002114,827.66868859,833.68876769,
2026-06-12 02:39:00,1781231940,833.68876769,846.11901175,822.03592817,845.8677313,
2026-06-12 02:40:00,1781232000,845.8677313,866.80392035,832.19185502,841.4953084,
2026-06-12 02:41:00,1781232060,841.4953084,844.42250231,828.72765101,829.78754151,
2026-06-12 02:42:00,1781232120,829.78754151,834.2237311,824.14304127,831.35031362,
2026-06-12 02:43:00,1781232180,831.35031362,834.63811596,827.9529156,833.81020069,
2026-06-12 02:44:00,1781232240,833.81020069,860.55118607,833.73173393,859.12581624,
2026-06-12 02:45:00,1781232300,859.12581624,859.72067782,835.51337088,836.90603028,
2026-06-12 02:46:00,1781232360,836.90603028,839.27980848,831.46922049,837.80060941,
2026-06-12 02:47:00,1781232420,837.80060941,856.02116021,837.46578125,846.29503783,
2026-06-12 02:48:00,1781232480,846.29503783,852.08288458,828.61361669,837.79597228,
2026-06-12 02:49:00,1781232540,837.79597228,847.43900824,832.82200052,846.44538907,
2026-06-12 02:50:00,1781232600,846.44538907,849.14238821,829.9115544,837.4025994,
2026-06-12 02:51:00,1781232660,837.4025994,850.15411642,825.04187189,828.89875711,
2026-06-12 02:52:00,1781232720,828.89875711,839.35719582,828.74711811,839.35719582,
2026-06-12 02:53:00,1781232780,839.35719582,839.70644725,826.94991489,830.46710093,
2026-06-12 02:54:00,1781232840,830.46710093,838.04510582,827.85581984,828.44505522,
2026-06-12 02:55:00,1781232900,828.44505522,828.50353598,818.91452743,822.09451494,
2026-06-12 02:56:00,1781232960,822.09451494,823.6307815,820.0865748,820.39545482,
2026-06-12 02:57:00,1781233020,820.39545482,820.88956662,810.55376959,814.16740268,
2026-06-12 02:58:00,1781233080,814.16740268,817.95680495,795.58774852,817.58978188,
2026-06-12 02:59:00,1781233140,817.58978188,845.42547607,817.2855648,836.357244,
2026-06-12 03:00:00,1781233200,836.357244,847.848396,835.75367242,844.44742689,
2026-06-12 03:01:00,1781233260,844.44742689,856.96384371,827.07216342,830.73700266,
2026-06-12 03:02:00,1781233320,830.73700266,835.58044742,816.17069971,816.81651873,
2026-06-12 03:03:00,1781233380,816.81651873,831.29203627,812.13562804,813.25552091,
2026-06-12 03:04:00,1781233440,813.25552091,824.57431584,808.25418342,808.91807367,
2026-06-12 03:05:00,1781233500,808.91807367,808.91807367,794.95549577,797.7327147,
2026-06-12 03:06:00,1781233560,797.7327147,811.26653784,797.55244521,806.76269352,
2026-06-12 03:07:00,1781233620,806.76269352,820.14482706,802.57466386,805.37655077,
2026-06-12 03:08:00,1781233680,805.37655077,807.0827471,792.60939205,798.6459263,
2026-06-12 03:09:00,1781233740,798.6459263,819.39577518,793.51862957,816.22196696,
2026-06-12 03:10:00,1781233800,816.22196696,816.22196696,799.81030403,799.9282908,
2026-06-12 03:11:00,1781233860,799.9282908,808.60948757,794.53653114,801.25676796,
2026-06-12 03:12:00,1781233920,801.25676796,804.63014573,783.17771976,793.48705514,
2026-06-12 03:13:00,1781233980,793.48705514,793.48705514,766.72897382,770.06845082,
2026-06-12 03:14:00,1781234040,770.06845082,777.94300297,766.81502552,774.47414279,
2026-06-12 03:15:00,1781234100,774.47414279,774.80982493,759.30404381,763.14732717,
2026-06-12 03:16:00,1781234160,763.14732717,767.57334543,751.63009384,762.75002211,
2026-06-12 03:17:00,1781234220,762.75002211,766.00383316,749.9840578,754.09260025,
2026-06-12 03:18:00,1781234280,754.09260025,757.30557143,746.87470943,754.58918531,
2026-06-12 03:19:00,1781234340,754.58918531,754.58918531,741.98634024,744.04470711,
2026-06-12 03:20:00,1781234400,744.04470711,745.88701492,722.62588954,727.99215952,
2026-06-12 03:21:00,1781234460,727.99215952,738.14841027,712.25037718,715.00148335,
2026-06-12 03:22:00,1781234520,715.00148335,727.98300581,703.5824018,703.5824018,
2026-06-12 03:23:00,1781234580,703.5824018,704.52795893,692.92767591,702.01760571,
2026-06-12 03:24:00,1781234640,702.01760571,711.77979708,697.61036571,705.01340605,
2026-06-12 03:25:00,1781234700,705.01340605,705.01340605,667.28103846,685.20228046,
2026-06-12 03:26:00,1781234760,685.20228046,704.98731606,685.20228046,704.75886686,
2026-06-12 03:27:00,1781234820,704.75886686,708.63370225,692.34521411,697.27150276,
2026-06-12 03:28:00,1781234880,697.27150276,722.31043594,697.21546975,722.15863298,
2026-06-12 03:29:00,1781234940,722.15863298,722.15863298,711.01730112,712.66410342,
2026-06-12 03:30:00,1781235000,712.66410342,735.34681323,711.92246948,716.40078627,
2026-06-12 03:31:00,1781235060,716.40078627,758.36387826,716.17034318,739.48273025,
2026-06-12 03:32:00,1781235120,739.48273025,739.48273025,713.29683331,731.18274926,
2026-06-12 03:33:00,1781235180,731.18274926,738.91777995,725.82073101,731.84825984,
2026-06-12 03:34:00,1781235240,731.84825984,756.7255073,724.97519686,755.87861309,
2026-06-12 03:35:00,1781235300,755.87861309,768.25736478,735.58004441,742.81804752,
2026-06-12 03:36:00,1781235360,742.81804752,745.72866385,728.54026139,731.29916336,
2026-06-12 03:37:00,1781235420,731.29916336,747.78843857,731.29916336,745.84191006,
2026-06-12 03:38:00,1781235480,745.84191006,745.90035995,731.99051169,739.43611076,
2026-06-12 03:39:00,1781235540,739.43611076,739.6684489,728.23024795,728.67441762,
2026-06-12 03:40:00,1781235600,728.67441762,737.72742988,724.05837592,730.05484724,
2026-06-12 03:41:00,1781235660,730.05484724,743.40173528,722.67236614,731.01764177,
2026-06-12 03:42:00,1781235720,731.01764177,734.47379367,714.31814185,724.49928949,
2026-06-12 03:43:00,1781235780,724.49928949,728.35629377,719.93172107,723.18598553,
2026-06-12 03:44:00,1781235840,723.18598553,737.86097981,722.82276399,731.85156355,
2026-06-12 03:45:00,1781235900,731.85156355,740.35828536,719.89986007,727.07343783,
2026-06-12 03:46:00,1781235960,727.07343783,744.0070651,724.61284519,743.45049439,
2026-06-12 03:47:00,1781236020,743.45049439,752.18399916,738.30585233,744.70712407,
2026-06-12 03:48:00,1781236080,744.70712407,764.70092309,737.60654491,749.39874227,
2026-06-12 03:49:00,1781236140,749.39874227,756.51717856,725.7168583,728.77874211,
2026-06-12 03:50:00,1781236200,728.77874211,745.08827717,728.77874211,734.18444325,
2026-06-12 03:51:00,1781236260,734.18444325,749.9234758,734.18197208,744.40853787,
2026-06-12 03:52:00,1781236320,744.40853787,756.85436395,743.98664418,746.9550969,
2026-06-12 03:53:00,1781236380,746.9550969,756.94527195,744.80093454,755.63241583,
2026-06-12 03:54:00,1781236440,755.63241583,762.07488003,750.46531,752.54871267,
2026-06-12 03:55:00,1781236500,752.54871267,766.41790122,752.29160442,758.42076918,
2026-06-12 03:56:00,1781236560,758.42076918,758.42076918,750.19498686,754.19845896,
2026-06-12 03:57:00,1781236620,754.19845896,765.55963044,754.13950845,758.96563078,
2026-06-12 03:58:00,1781236680,758.96563078,759.28010332,750.01903226,752.14525145,
2026-06-12 03:59:00,1781236740,752.14525145,762.56761493,752.14030657,758.7818801,
2026-06-12 04:00:00,1781236800,758.7818801,764.17988972,752.98975467,754.56360431,
2026-06-12 04:01:00,1781236860,754.56360431,755.09110716,730.43307957,747.57761279,
2026-06-12 04:02:00,1781236920,747.57761279,747.57761279,731.80242462,737.87645401,
2026-06-12 04:03:00,1781236980,737.87645401,757.28209175,736.9391927,747.78322557,
2026-06-12 04:04:00,1781237040,747.78322557,753.78385636,731.23432172,753.54471956,
2026-06-12 04:05:00,1781237100,753.54471956,753.7822868,738.36644031,740.38166194,
2026-06-12 04:06:00,1781237160,740.38166194,741.48993503,713.30890795,713.93714358,
2026-06-12 04:07:00,1781237220,713.93714358,714.50832481,699.31518941,713.15162809,
2026-06-12 04:08:00,1781237280,713.15162809,750.18956036,713.14914207,742.4258144,
2026-06-12 04:09:00,1781237340,742.4258144,744.76927752,727.81988906,732.60068178,
2026-06-12 04:10:00,1781237400,732.60068178,738.66694909,731.51238986,736.58720792,
2026-06-12 04:11:00,1781237460,736.58720792,779.00266139,736.58226661,762.86061497,
2026-06-12 04:12:00,1781237520,762.86061497,766.7324138,752.3665275,759.34606615,
2026-06-12 04:13:00,1781237580,759.34606615,759.40553843,723.57478332,732.56642872,
2026-06-12 04:14:00,1781237640,732.56642872,747.42901402,727.67545839,739.86388033,
2026-06-12 04:15:00,1781237700,739.86388033,783.67684943,739.86388033,776.89920362,
2026-06-12 04:16:00,1781237760,776.89920362,862.33189984,771.44757224,851.47069546,
2026-06-12 04:17:00,1781237820,851.47069546,889.31852412,835.69474462,839.9812178,
2026-06-12 04:18:00,1781237880,839.9812178,862.48185701,831.57020593,841.88750581,
2026-06-12 04:19:00,1781237940,841.88750581,854.35683665,839.26610796,852.39686168,
2026-06-12 04:20:00,1781238000,852.39686168,852.39686168,830.93769389,839.27339505,
2026-06-12 04:21:00,1781238060,839.27339505,857.64145787,839.27339505,855.40106895,
2026-06-12 04:22:00,1781238120,855.40106895,879.47534717,842.61848936,877.0899429,
2026-06-12 04:23:00,1781238180,877.0899429,916.32531298,874.11022508,885.43785665,
2026-06-12 04:24:00,1781238240,885.43785665,903.50875071,878.32605687,895.25607422,
2026-06-12 04:25:00,1781238300,895.25607422,896.09701979,884.99302952,889.85274755,
2026-06-12 04:26:00,1781238360,889.85274755,930.55910854,886.01714297,930.36785314,
2026-06-12 04:27:00,1781238420,930.36785314,934.4963613,911.15467418,921.88077704,
2026-06-12 04:28:00,1781238480,921.88077704,936.21046131,916.57104367,926.06340797,
2026-06-12 04:29:00,1781238540,926.06340797,941.85633923,919.7583926,933.23789434,
2026-06-12 04:30:00,1781238600,933.23789434,933.23789434,909.9025647,914.16641147,
2026-06-12 04:31:00,1781238660,914.16641147,981.83963935,914.16641147,930.59058874,
2026-06-12 04:32:00,1781238720,930.59058874,943.04164244,904.98552764,921.11021066,
2026-06-12 04:33:00,1781238780,921.11021066,952.35441527,903.59153657,903.59153657,
2026-06-12 04:34:00,1781238840,903.59153657,904.4915299,878.52227281,902.85443065,
2026-06-12 04:35:00,1781238900,902.85443065,907.78017452,887.69914608,893.26805474,
2026-06-12 04:36:00,1781238960,893.26805474,901.58197269,884.23536118,885.19744777,
2026-06-12 04:37:00,1781239020,885.19744777,898.74833324,884.17596312,890.66493906,
2026-06-12 04:38:00,1781239080,890.66493906,891.17927907,872.76002867,878.1153367,
2026-06-12 04:39:00,1781239140,878.1153367,906.03015031,877.0526177,893.05104138,
2026-06-12 04:40:00,1781239200,893.05104138,894.29463654,878.04401287,889.49804274,
2026-06-12 04:41:00,1781239260,889.49804274,889.63381281,869.05391432,879.92181676,
2026-06-12 04:42:00,1781239320,879.92181676,880.22552728,865.26069773,877.78731685,
2026-06-12 04:43:00,1781239380,877.78731685,894.65576451,877.15568404,882.08141589,
2026-06-12 04:44:00,1781239440,882.08141589,896.50281416,882.08141589,886.47396438,
2026-06-12 04:45:00,1781239500,886.47396438,909.39739642,886.22609584,891.57494571,
2026-06-12 04:46:00,1781239560,891.57494571,902.17785385,882.75613765,892.38724169,
2026-06-12 04:47:00,1781239620,892.38724169,893.37089457,874.7298892,884.78282297,
2026-06-12 04:48:00,1781239680,884.78282297,889.67527098,880.6441403,887.52960135,
2026-06-12 04:49:00,1781239740,887.52960135,887.96193449,878.99759942,884.94650969,
2026-06-12 04:50:00,1781239800,884.94650969,899.37993334,879.53529697,884.5661032,
2026-06-12 04:51:00,1781239860,884.5661032,897.86170812,881.85807875,897.7300474,
2026-06-12 04:52:00,1781239920,897.7300474,899.06201669,894.32324546,897.2103673,
2026-06-12 04:53:00,1781239980,897.2103673,901.66212385,878.35003155,879.3933367,
2026-06-12 04:54:00,1781240040,879.3933367,880.67483745,876.59857076,876.72119283,
2026-06-12 04:55:00,1781240100,876.72119283,890.10918894,873.74183525,873.8030315,
2026-06-12 04:56:00,1781240160,873.8030315,881.70456084,869.2850362,879.21854284,
2026-06-12 04:57:00,1781240220,879.21854284,887.82207914,879.10441656,880.94283219,
2026-06-12 04:58:00,1781240280,880.94283219,880.98697905,873.72806235,874.86961908,
2026-06-12 04:59:00,1781240340,874.86961908,880.47678743,866.99939703,873.28532555,
2026-06-12 05:00:00,1781240400,873.28532555,889.53949565,862.16157252,865.81094325,
2026-06-12 05:01:00,1781240460,865.81094325,865.87195912,835.64388682,857.33583533,
2026-06-12 05:02:00,1781240520,857.33583533,857.33583533,819.45601808,825.05319438,
2026-06-12 05:03:00,1781240580,825.05319438,837.91848237,823.68857731,835.83135578,
2026-06-12 05:04:00,1781240640,835.83135578,844.99485151,821.64312475,826.26200179,
2026-06-12 05:05:00,1781240700,826.26200179,833.69184195,821.58591383,824.99474503,
2026-06-12 05:06:00,1781240760,824.99474503,838.68574824,821.08596323,834.63903152,
2026-06-12 05:07:00,1781240820,834.63903152,840.17534095,813.6396446,814.29738335,
2026-06-12 05:08:00,1781240880,814.29738335,814.72650062,786.61692359,798.72779341,
2026-06-12 05:09:00,1781240940,798.72779341,804.48375477,792.24462774,800.81926214,
2026-06-12 05:10:00,1781241000,800.81926214,801.38823191,773.58574475,784.62607214,
2026-06-12 05:11:00,1781241060,784.62607214,785.56702533,721.89429396,721.89429396,
2026-06-12 05:12:00,1781241120,721.89429396,728.28753612,694.14392399,717.04078488,
2026-06-12 05:13:00,1781241180,717.04078488,717.04078488,698.07464844,703.16600246,
2026-06-12 05:14:00,1781241240,703.16600246,721.75232955,703.16342766,706.60978005,
2026-06-12 05:15:00,1781241300,706.60978005,733.03765872,705.74946839,729.85400931,
2026-06-12 05:16:00,1781241360,729.85400931,747.709517,728.56210623,742.30410568,
2026-06-12 05:17:00,1781241420,742.30410568,753.70897242,737.32392718,750.9301617,
2026-06-12 05:18:00,1781241480,750.9301617,759.77508862,746.4902389,756.22262101,
2026-06-12 05:19:00,1781241540,756.22262101,760.52833341,753.00208454,755.05740228,
2026-06-12 05:20:00,1781241600,755.05740228,757.61006507,740.61766526,747.21233653,
2026-06-12 05:21:00,1781241660,747.21233653,747.32744408,736.66841816,743.21703279,
2026-06-12 05:22:00,1781241720,743.21703279,753.29098505,726.03292115,728.05348357,
2026-06-12 05:23:00,1781241780,728.05348357,745.36745963,725.24929803,725.8721795,
2026-06-12 05:24:00,1781241840,725.8721795,733.46404016,709.91124758,731.66965917,
2026-06-12 05:25:00,1781241900,731.66965917,736.38299443,725.86554346,733.86840409,
2026-06-12 05:26:00,1781241960,733.86840409,738.96519879,725.75876049,726.45469568,
2026-06-12 05:27:00,1781242020,726.45469568,737.03487557,721.76560216,724.77356574,
2026-06-12 05:28:00,1781242080,724.77356574,733.23827726,720.21035316,727.72539825,
2026-06-12 05:29:00,1781242140,727.72539825,734.85480128,725.64530652,730.33476617,
2026-06-12 05:30:00,1781242200,730.33476617,736.85034695,719.86332009,733.73763398,
2026-06-12 05:31:00,1781242260,733.73763398,737.427765,717.20784518,735.48325401,
2026-06-12 05:32:00,1781242320,735.48325401,736.69514287,705.00448864,706.91570543,
2026-06-12 05:33:00,1781242380,706.91570543,723.31093201,694.97466628,707.17615603,
2026-06-12 05:34:00,1781242440,707.17615603,720.84888771,704.07316143,715.23790528,
2026-06-12 05:35:00,1781242500,715.23790528,721.34391951,704.06742501,713.04554674,
2026-06-12 05:36:00,1781242560,713.04554674,715.48620714,685.69953269,689.17314016,
2026-06-12 05:37:00,1781242620,689.17314016,699.85228887,667.35979436,678.1093885,
2026-06-12 05:38:00,1781242680,678.1093885,686.38405417,662.70104939,664.99346761,
2026-06-12 05:39:00,1781242740,664.99346761,677.5846454,646.64920029,676.6135565,
2026-06-12 05:40:00,1781242800,676.6135565,679.95019133,661.18438145,668.42559939,
2026-06-12 05:41:00,1781242860,668.42559939,678.00777963,658.13418201,673.00732775,
2026-06-12 05:42:00,1781242920,673.00732775,679.27969806,666.97508519,679.19193708,
2026-06-12 05:43:00,1781242980,679.19193708,690.55924889,671.559217,675.25852158,
2026-06-12 05:44:00,1781243040,675.25852158,681.74971026,671.83048078,680.45220293,
2026-06-12 05:45:00,1781243100,680.45220293,688.21768202,680.44958866,684.85243288,
2026-06-12 05:46:00,1781243160,684.85243288,684.85243288,665.6767768,666.56146207,
2026-06-12 05:47:00,1781243220,666.56146207,672.81378256,652.09911114,667.69141265,
2026-06-12 05:48:00,1781243280,667.69141265,667.85474636,658.52889043,663.62985636,
2026-06-12 05:49:00,1781243340,663.62985636,685.69280876,658.40699673,685.63133087,
2026-06-12 05:50:00,1781243400,685.63133087,686.75148086,629.21232974,629.21232974,
2026-06-12 05:51:00,1781243460,629.21232974,661.22294273,628.8894186,659.18872921,
2026-06-12 05:52:00,1781243520,659.18872921,670.8582307,633.70103776,634.50303167,
2026-06-12 05:53:00,1781243580,634.50303167,657.19417366,632.2090841,654.10475091,
2026-06-12 05:54:00,1781243640,654.10475091,669.26688695,654.10475091,663.21148587,
2026-06-12 05:55:00,1781243700,663.21148587,670.20370234,660.45090709,670.20370234,
2026-06-12 05:56:00,1781243760,670.20370234,676.94927388,664.50888999,671.47135385,
2026-06-12 05:57:00,1781243820,671.47135385,687.36372367,666.64929602,683.21620235,
2026-06-12 05:58:00,1781243880,683.21620235,684.5578387,672.74096061,674.88423611,
2026-06-12 05:59:00,1781243940,674.88423611,674.88423611,654.03347215,656.83333512,
2026-06-12 06:00:00,1781244000,656.83333512,666.84839479,643.0725868,663.67833497,
2026-06-12 06:01:00,1781244060,663.67833497,669.0236944,647.44784152,657.40418745,
2026-06-12 06:02:00,1781244120,657.40418745,679.83056851,651.3381113,675.18339422,
2026-06-12 06:03:00,1781244180,675.18339422,683.87467001,662.31192127,683.87467001,
2026-06-12 06:04:00,1781244240,683.87467001,685.89440993,669.7215502,680.12582705,
2026-06-12 06:05:00,1781244300,680.12582705,690.39962886,676.59591057,683.41311043,
2026-06-12 06:06:00,1781244360,683.41311043,689.76595425,672.79884406,676.0585969,
2026-06-12 06:07:00,1781244420,676.0585969,677.44516166,659.48732329,663.66257226,
2026-06-12 06:08:00,1781244480,663.66257226,681.66409219,650.0457376,668.45031289,
2026-06-12 06:09:00,1781244540,668.45031289,672.11183571,633.31952714,639.08217359,
2026-06-12 06:10:00,1781244600,639.08217359,645.06754231,615.74500891,645.06754231,
2026-06-12 06:11:00,1781244660,645.06754231,655.04948914,630.78099505,640.68552905,
2026-06-12 06:12:00,1781244720,640.68552905,640.68552905,620.50504852,628.28285666,
2026-06-12 06:13:00,1781244780,628.28285666,635.34986452,622.01536686,624.99159176,
2026-06-12 06:14:00,1781244840,624.99159176,629.95686642,616.3953729,628.31534121,
2026-06-12 06:15:00,1781244900,628.31534121,629.54111166,581.3947123,582.42846605,
2026-06-12 06:16:00,1781244960,582.42846605,582.78505344,555.35171583,559.78911609,
2026-06-12 06:17:00,1781245020,559.78911609,566.92530446,549.94102482,553.7095365,
2026-06-12 06:18:00,1781245080,553.7095365,575.49917936,553.60802834,573.13025957,
2026-06-12 06:19:00,1781245140,573.13025957,574.21948421,553.73352343,557.48654115,
2026-06-12 06:20:00,1781245200,557.48654115,564.681938,552.35208921,553.95210182,
2026-06-12 06:21:00,1781245260,553.95210182,558.66340335,523.16345742,556.97982493,
2026-06-12 06:22:00,1781245320,556.97982493,561.15369311,544.13452403,556.83855712,
2026-06-12 06:23:00,1781245380,556.83855712,567.61961244,556.28762515,565.17490244,
2026-06-12 06:24:00,1781245440,565.17490244,577.84304867,564.6756328,569.23644484,
2026-06-12 06:25:00,1781245500,569.23644484,574.33407481,560.43331542,563.96983344,
2026-06-12 06:26:00,1781245560,563.96983344,570.73253894,546.31090762,565.31653263,
2026-06-12 06:27:00,1781245620,565.31653263,568.70358203,551.7805745,556.80037506,
2026-06-12 06:28:00,1781245680,556.80037506,562.77253975,551.95086202,554.10508784,
2026-06-12 06:29:00,1781245740,554.10508784,554.40934437,546.56197677,550.53513058,
2026-06-12 06:30:00,1781245800,550.53513058,550.53513058,521.3493607,530.7559676,
2026-06-12 06:31:00,1781245860,530.7559676,530.85204612,499.03603408,502.22260446,
2026-06-12 06:32:00,1781245920,502.22260446,515.93971255,499.20475121,509.05290987,
2026-06-12 06:33:00,1781245980,509.05290987,509.48382796,429.68027147,435.54167248,
2026-06-12 06:34:00,1781246040,435.54167248,466.08395057,428.99498526,450.10239836,
2026-06-12 06:35:00,1781246100,450.10239836,468.26776845,447.83560824,455.20272112,
2026-06-12 06:36:00,1781246160,455.20272112,461.47050661,438.9699655,447.63482763,
2026-06-12 06:37:00,1781246220,447.63482763,454.6185699,430.17304495,432.24138292,
2026-06-12 06:38:00,1781246280,432.24138292,433.95379216,413.98029684,420.65769145,
2026-06-12 06:39:00,1781246340,420.65769145,463.56757829,420.45004521,462.74087886,
2026-06-12 06:40:00,1781246400,462.74087886,470.14110158,454.30938911,467.89850632,
2026-06-12 06:41:00,1781246460,467.89850632,467.98375716,443.25304545,463.03701394,
2026-06-12 06:42:00,1781246520,463.03701394,466.73687178,452.65728768,457.55963136,
2026-06-12 06:43:00,1781246580,457.55963136,468.82295433,450.09766199,454.27555797,
2026-06-12 06:44:00,1781246640,454.27555797,463.18531266,449.71638556,453.63083556,
2026-06-12 06:45:00,1781246700,453.63083556,477.83416396,449.29139666,474.35831162,
2026-06-12 06:46:00,1781246760,474.35831162,483.33946349,469.72896988,482.52012403,
2026-06-12 06:47:00,1781246820,482.52012403,493.34606855,482.51739369,492.9343626,
2026-06-12 06:48:00,1781246880,492.9343626,492.9343626,476.22310841,485.73237386,
2026-06-12 06:49:00,1781246940,485.73237386,485.82919861,465.52637076,476.8042628,
2026-06-12 06:50:00,1781247000,476.8042628,485.66528651,464.47694766,465.47623994,
2026-06-12 06:51:00,1781247060,465.47623994,471.07007277,456.23433754,462.12406065,
2026-06-12 06:52:00,1781247120,462.12406065,477.13710627,458.8896739,470.66695417,
2026-06-12 06:53:00,1781247180,470.66695417,478.23652279,464.44199976,467.34632833,
2026-06-12 06:54:00,1781247240,467.34632833,476.85021491,465.78286142,472.37180659,
2026-06-12 06:55:00,1781247300,472.37180659,472.79286637,465.19077215,465.32489901,
2026-06-12 06:56:00,1781247360,465.32489901,480.24428962,462.79182074,478.6008301,
2026-06-12 06:57:00,1781247420,478.6008301,487.57781692,478.59807953,487.57781692,
2026-06-12 06:58:00,1781247480,487.57781692,499.6908621,481.01433185,486.10460056,
2026-06-12 06:59:00,1781247540,486.10460056,487.21433028,474.82308603,480.03020494,
2026-06-12 07:00:00,1781247600,480.03020494,513.68406754,479.66795977,508.62339389,
2026-06-12 07:01:00,1781247660,508.62339389,528.57049897,506.62549978,522.69232966,
2026-06-12 07:02:00,1781247720,522.69232966,529.89700557,516.08631157,516.08631157,
2026-06-12 07:03:00,1781247780,516.08631157,518.27222334,507.06427282,518.22502917,
2026-06-12 07:04:00,1781247840,518.22502917,525.94942976,516.59811823,522.54192609,
2026-06-12 07:05:00,1781247900,522.54192609,533.19672106,519.54180365,530.25496754,
2026-06-12 07:06:00,1781247960,530.25496754,533.35673888,521.94598435,526.19291409,
2026-06-12 07:07:00,1781248020,526.19291409,526.19291409,497.59043307,508.64424147,
2026-06-12 07:08:00,1781248080,508.64424147,521.38144696,507.74473896,520.7696693,
2026-06-12 07:09:00,1781248140,520.7696693,521.8120914,513.50049665,513.70319525,
2026-06-12 07:10:00,1781248200,513.70319525,514.77591278,507.6236925,510.86563512,
2026-06-12 07:11:00,1781248260,510.86563512,521.80548326,492.61701846,493.69383515,
2026-06-12 07:12:00,1781248320,493.69383515,506.06053301,487.81589207,496.85043886,
2026-06-12 07:13:00,1781248380,496.85043886,499.52146948,478.35869457,478.35869457,
2026-06-12 07:14:00,1781248440,478.35869457,489.3675934,462.96066869,466.00894635,
2026-06-12 07:15:00,1781248500,466.00894635,477.82826909,465.55411643,468.43975242,
2026-06-12 07:16:00,1781248560,468.43975242,481.14267002,450.92679363,476.09984364,
2026-06-12 07:17:00,1781248620,476.09984364,481.86603402,459.92643244,481.86603402,
2026-06-12 07:18:00,1781248680,481.86603402,507.12258168,480.53605139,490.97495683,
2026-06-12 07:19:00,1781248740,490.97495683,495.7364363,475.54534926,482.55969116,
2026-06-12 07:20:00,1781248800,482.55969116,501.1203296,481.07980137,501.11488645,
2026-06-12 07:21:00,1781248860,501.11488645,504.9433019,468.05193879,483.83436616,
2026-06-12 07:22:00,1781248920,483.83436616,484.2010686,461.32728563,463.9838086,
2026-06-12 07:23:00,1781248980,463.9838086,482.47034102,461.62249687,482.47034102,
2026-06-12 07:24:00,1781249040,482.47034102,493.66348468,482.42684754,489.62856193,
2026-06-12 07:25:00,1781249100,489.62856193,489.62856193,472.65778594,477.2513312,
2026-06-12 07:26:00,1781249160,477.2513312,483.66380002,475.81616258,481.27896446,
2026-06-12 07:27:00,1781249220,481.27896446,481.27896446,470.97410377,475.91810582,
2026-06-12 07:28:00,1781249280,475.91810582,481.30539538,468.44207683,480.3025665,
2026-06-12 07:29:00,1781249340,480.3025665,486.89765908,475.48038342,478.99514261,
2026-06-12 07:30:00,1781249400,478.99514261,485.25509707,472.93218532,484.64388693,
2026-06-12 07:31:00,1781249460,484.64388693,489.92589831,479.52425222,489.59944072,
2026-06-12 07:32:00,1781249520,489.59944072,489.78441644,470.48521622,479.96563317,
2026-06-12 07:33:00,1781249580,479.96563317,481.5173555,465.23490009,476.84635774,
2026-06-12 07:34:00,1781249640,476.84635774,488.59774078,462.23811875,462.23811875,
2026-06-12 07:35:00,1781249700,462.23811875,483.83755285,461.1661204,476.96278562,
2026-06-12 07:36:00,1781249760,476.96278562,477.34936377,461.38352267,466.36009646,
2026-06-12 07:37:00,1781249820,466.36009646,471.56090783,449.04232962,451.66315869,
2026-06-12 07:38:00,1781249880,451.66315869,466.86614344,443.85107902,466.86343569,
2026-06-12 07:39:00,1781249940,466.86343569,495.98286911,465.3947894,495.70595233,
2026-06-12 07:40:00,1781250000,495.70595233,506.82021169,486.04747341,495.30973494,
2026-06-12 07:41:00,1781250060,495.30973494,509.65930404,494.14913487,509.56179355,
2026-06-12 07:42:00,1781250120,509.56179355,514.20999578,500.17757463,512.87354097,
2026-06-12 07:43:00,1781250180,512.87354097,512.87354097,499.10885863,499.15563399,
2026-06-12 07:44:00,1781250240,499.15563399,505.50743415,480.43594604,480.71393677,
2026-06-12 07:45:00,1781250300,480.71393677,480.89127495,469.96080944,470.14121309,
2026-06-12 07:46:00,1781250360,470.14121309,470.51001594,449.91588203,455.55481954,
2026-06-12 07:47:00,1781250420,455.55481954,455.92466426,448.55531739,453.44563853,
2026-06-12 07:48:00,1781250480,453.44563853,462.80005339,449.28355026,458.02563282,
2026-06-12 07:49:00,1781250540,458.02563282,464.08815909,458.02563282,460.3543124,
2026-06-12 07:50:00,1781250600,460.3543124,460.53517417,449.60823554,453.38398276,
2026-06-12 07:51:00,1781250660,453.38398276,453.65305593,449.06682727,451.13912559,
2026-06-12 07:52:00,1781250720,451.13912559,457.2993821,444.99419112,449.27006017,
2026-06-12 07:53:00,1781250780,449.27006017,450.40887782,430.97139393,431.32599828,
2026-06-12 07:54:00,1781250840,431.32599828,431.45743454,424.51366924,425.44453066,
2026-06-12 07:55:00,1781250900,425.44453066,442.10276726,424.23513224,440.38272677,
2026-06-12 07:56:00,1781250960,440.38272677,508.50679801,440.2910675,477.40692582,
2026-06-12 07:57:00,1781251020,477.40692582,498.0404628,446.00982878,451.49440898,
2026-06-12 07:58:00,1781251080,451.49440898,456.23900951,438.10580568,451.39450069,
2026-06-12 07:59:00,1781251140,451.39450069,452.63033218,439.11260869,442.52588059,
2026-06-12 08:00:00,1781251200,442.52588059,455.13205938,440.20165839,449.48290987,
2026-06-12 08:01:00,1781251260,449.48290987,464.05821421,446.80723509,458.35574217,
2026-06-12 08:02:00,1781251320,458.35574217,486.74497468,453.41556767,475.40771522,
2026-06-12 08:03:00,1781251380,475.40771522,475.75519495,450.95967405,464.85113744,
2026-06-12 08:04:00,1781251440,464.85113744,474.25237242,452.48511613,455.84813862,
2026-06-12 08:05:00,1781251500,455.84813862,486.34884572,452.27565494,481.32666526,
2026-06-12 08:06:00,1781251560,481.32666526,509.10591335,481.32666526,503.28037699,
2026-06-12 08:07:00,1781251620,503.28037699,526.13142466,502.84424161,521.22992165,
2026-06-12 08:08:00,1781251680,521.22992165,536.69636668,520.30015517,536.63827299,
2026-06-12 08:09:00,1781251740,536.63827299,540.33380533,529.95537207,532.49114896,
2026-06-12 08:10:00,1781251800,532.49114896,560.54681321,530.97092224,541.75200688,
2026-06-12 08:11:00,1781251860,541.75200688,553.11518139,530.33090977,545.2034228,
2026-06-12 08:12:00,1781251920,545.2034228,557.45354446,545.2034228,556.5121601,
2026-06-12 08:13:00,1781251980,556.5121601,574.05341845,548.34512104,561.40876653,
2026-06-12 08:14:00,1781252040,561.40876653,561.46166637,547.34370776,547.50467753,
2026-06-12 08:15:00,1781252100,547.50467753,554.20425458,541.9903942,552.59321288,
2026-06-12 08:16:00,1781252160,552.59321288,605.15156597,549.3452733,601.40858933,
2026-06-12 08:17:00,1781252220,601.40858933,621.06897938,582.26317981,605.13198006,
2026-06-12 08:18:00,1781252280,605.13198006,647.74396188,600.8231845,640.4905533,
2026-06-12 08:19:00,1781252340,640.4905533,650.3236833,628.57856807,642.99832632,
2026-06-12 08:20:00,1781252400,642.99832632,647.38370821,632.7280807,645.09145104,
2026-06-12 08:21:00,1781252460,645.09145104,723.13661171,644.24846315,704.62223545,
2026-06-12 08:22:00,1781252520,704.62223545,741.44194491,694.27895376,706.88259265,
2026-06-12 08:23:00,1781252580,706.88259265,706.88259265,671.31058981,683.6795676,
2026-06-12 08:24:00,1781252640,683.6795676,702.30600586,672.18798097,673.63629025,
2026-06-12 08:25:00,1781252700,673.63629025,677.05722521,663.05144191,671.23683737,
2026-06-12 08:26:00,1781252760,671.23683737,674.08302099,660.46595606,663.46403117,
2026-06-12 08:27:00,1781252820,663.46403117,697.30808528,663.46153422,682.1398094,
2026-06-12 08:28:00,1781252880,682.1398094,703.9780529,674.12794939,698.16808475,
2026-06-12 08:29:00,1781252940,698.16808475,701.58177056,683.91386507,693.90255379,
2026-06-12 08:30:00,1781253000,693.90255379,701.92621961,671.42307487,672.01187597,
2026-06-12 08:31:00,1781253060,672.01187597,681.39481466,660.87999215,664.94375427,
2026-06-12 08:32:00,1781253120,664.94375427,671.30258322,656.39213051,667.55952642,
2026-06-12 08:33:00,1781253180,667.55952642,695.31061791,664.45385503,689.21783993,
2026-06-12 08:34:00,1781253240,689.21783993,694.72211761,668.83535556,669.98523277,
2026-06-12 08:35:00,1781253300,669.98523277,670.52146122,644.47583403,653.616653,
2026-06-12 08:36:00,1781253360,653.616653,657.94415388,648.80863522,652.15030382,
2026-06-12 08:37:00,1781253420,652.15030382,652.15030382,622.5873798,633.33499132,
2026-06-12 08:38:00,1781253480,633.33499132,649.33148073,628.81409085,648.11005003,
2026-06-12 08:39:00,1781253540,648.11005003,665.1132071,645.73077027,661.34979035,
2026-06-12 08:40:00,1781253600,661.34979035,662.60423972,624.47381541,628.73956999,
2026-06-12 08:41:00,1781253660,628.73956999,636.93145666,616.45346864,618.06671508,
2026-06-12 08:42:00,1781253720,618.06671508,622.15121377,597.88832237,602.54780919,
2026-06-12 08:43:00,1781253780,602.54780919,603.39997541,595.00114329,596.42764372,
2026-06-12 08:44:00,1781253840,596.42764372,598.59606274,591.1910092,598.12825141,
2026-06-12 08:45:00,1781253900,598.12825141,598.92581779,579.6119655,580.05498785,
2026-06-12 08:46:00,1781253960,580.05498785,615.17627942,576.15804193,615.06080545,
2026-06-12 08:47:00,1781254020,615.06080545,633.31127196,607.80655514,612.76429223,
2026-06-12 08:48:00,1781254080,612.76429223,632.33181713,612.12214806,627.97817378,
2026-06-12 08:49:00,1781254140,627.97817378,630.42910337,612.34441014,615.62925424,
2026-06-12 08:50:00,1781254200,615.62925424,617.97569885,607.57117612,614.83952243,
2026-06-12 08:51:00,1781254260,614.83952243,628.21958591,606.71673811,615.06138031,
2026-06-12 08:52:00,1781254320,615.06138031,643.59628032,615.06138031,636.04909628,
2026-06-12 08:53:00,1781254380,636.04909628,647.11226469,630.99307733,640.18988095,
2026-06-12 08:54:00,1781254440,640.18988095,640.18988095,628.30089017,633.96388293,
2026-06-12 08:55:00,1781254500,633.96388293,642.57545454,631.00418872,636.64974987,
2026-06-12 08:56:00,1781254560,636.64974987,650.45646198,629.58249518,644.11205679,
2026-06-12 08:57:00,1781254620,644.11205679,645.41415985,640.07226152,641.81247551,
2026-06-12 08:58:00,1781254680,641.81247551,646.28909314,634.51815917,635.75910941,
2026-06-12 08:59:00,1781254740,635.75910941,645.8443701,634.39151752,634.45196926,
2026-06-12 09:00:00,1781254800,634.45196926,635.22016493,623.94224909,629.48861472,
2026-06-12 09:01:00,1781254860,629.48861472,645.7514868,629.01810867,639.84286774,
2026-06-12 09:02:00,1781254920,639.84286774,663.28503212,637.52016665,654.59380892,
2026-06-12 09:03:00,1781254980,654.59380892,654.59380892,618.03430003,619.77994679,
2026-06-12 09:04:00,1781255040,619.77994679,623.15843933,613.85349339,616.1696784,
2026-06-12 09:05:00,1781255100,616.1696784,649.19940492,613.82075419,627.28350609,
2026-06-12 09:06:00,1781255160,627.28350609,648.44569299,627.28350609,642.5024381,
2026-06-12 09:07:00,1781255220,642.5024381,684.70705681,641.84878121,678.06419707,
2026-06-12 09:08:00,1781255280,678.06419707,680.51487995,642.5606459,649.73850489,
2026-06-12 09:09:00,1781255340,649.73850489,671.42614093,649.73850489,662.05219027,
2026-06-12 09:10:00,1781255400,662.05219027,662.05219027,645.07666577,655.80869085,
2026-06-12 09:11:00,1781255460,655.80869085,679.77288994,655.74600724,674.19226712,
2026-06-12 09:12:00,1781255520,674.19226712,678.39471905,661.50451489,661.50451489,
2026-06-12 09:13:00,1781255580,661.50451489,674.07909716,657.33300408,672.82349024,
2026-06-12 09:14:00,1781255640,672.82349024,702.31283765,669.41087832,692.69605151,
2026-06-12 09:15:00,1781255700,692.69605151,701.35209626,682.23267001,698.10372997,
2026-06-12 09:16:00,1781255760,698.10372997,717.16788161,683.18329392,713.9568906,
2026-06-12 09:17:00,1781255820,713.9568906,719.92529567,681.04937449,691.8443022,
2026-06-12 09:18:00,1781255880,691.8443022,700.25114313,685.21195673,687.43808022,
2026-06-12 09:19:00,1781255940,687.43808022,708.93754542,687.37608988,705.84201631,
2026-06-12 09:20:00,1781256000,705.84201631,730.9211207,703.85513858,711.03108433,
2026-06-12 09:21:00,1781256060,711.03108433,776.14439372,708.06422917,773.7905756,
2026-06-12 09:22:00,1781256120,773.7905756,793.31465476,736.32672725,749.74170436,
2026-06-12 09:23:00,1781256180,749.74170436,760.06038372,748.39773001,751.83542103,
2026-06-12 09:24:00,1781256240,751.83542103,768.44024302,751.70082629,759.83662473,
2026-06-12 09:25:00,1781256300,759.83662473,780.93145819,757.9788989,780.61067595,
2026-06-12 09:26:00,1781256360,780.61067595,796.88296774,774.81336572,796.88062261,
2026-06-12 09:27:00,1781256420,796.88062261,824.99596108,795.84091379,807.56687311,
2026-06-12 09:28:00,1781256480,807.56687311,846.86815254,802.76990063,832.38267735,
2026-06-12 09:29:00,1781256540,832.38267735,848.30889406,822.4884899,832.24646582,
2026-06-12 09:30:00,1781256600,832.24646582,852.54365156,828.3972121,852.54134838,
2026-06-12 09:31:00,1781256660,852.54134838,857.6651398,835.85183816,852.99438704,
2026-06-12 09:32:00,1781256720,852.99438704,938.93438361,852.925453,917.1725218,
2026-06-12 09:33:00,1781256780,917.1725218,946.71219819,905.95351019,934.86355314,
2026-06-12 09:34:00,1781256840,934.86355314,971.75136121,920.31977673,935.02939935,
2026-06-12 09:35:00,1781256900,935.02939935,945.09861062,899.58183828,935.28059508,
2026-06-12 09:36:00,1781256960,935.28059508,940.63795999,902.30225472,903.85750583,
2026-06-12 09:37:00,1781257020,903.85750583,918.45123167,899.00699165,901.17366482,
2026-06-12 09:38:00,1781257080,901.17366482,915.47974611,895.13561902,899.9301862,
2026-06-12 09:39:00,1781257140,899.9301862,910.5564962,890.70389034,901.75958563,
2026-06-12 09:40:00,1781257200,901.75958563,923.13438428,896.20979258,908.13219344,
2026-06-12 09:41:00,1781257260,908.13219344,908.13219344,878.27922875,883.98477569,
2026-06-12 09:42:00,1781257320,883.98477569,917.89138248,883.21100846,910.75915604,
2026-06-12 09:43:00,1781257380,910.75915604,930.64085916,910.75453358,921.64877285,
2026-06-12 09:44:00,1781257440,921.64877285,939.92285967,919.01656881,920.87118822,
2026-06-12 09:45:00,1781257500,920.87118822,937.83248891,880.58751759,929.16331885,
2026-06-12 09:46:00,1781257560,929.16331885,929.16331885,910.28943102,910.64169831,
2026-06-12 09:47:00,1781257620,910.64169831,958.22800337,910.64169831,936.61159247,
2026-06-12 09:48:00,1781257680,936.61159247,948.37140429,888.28426019,899.2548777,
2026-06-12 09:49:00,1781257740,899.2548777,900.30513369,886.31351314,888.98977717,
2026-06-12 09:50:00,1781257800,888.98977717,908.43991808,888.76272191,905.47068507,
2026-06-12 09:51:00,1781257860,905.47068507,905.47068507,867.12764017,877.08583972,
2026-06-12 09:52:00,1781257920,877.08583972,877.08583972,857.81394515,864.14157563,
2026-06-12 09:53:00,1781257980,864.14157563,872.3622187,854.31121757,859.18685252,
2026-06-12 09:54:00,1781258040,859.18685252,870.51702168,851.50827105,851.50827105,
2026-06-12 09:55:00,1781258100,851.50827105,895.71025014,847.12200725,884.0902314,
2026-06-12 09:56:00,1781258160,884.0902314,891.48331052,856.84391979,856.84391979,
2026-06-12 09:57:00,1781258220,856.84391979,869.22928478,856.24036642,865.26707597,
2026-06-12 09:58:00,1781258280,865.26707597,872.69308488,851.9063815,853.05945104,
2026-06-12 09:59:00,1781258340,853.05945104,853.64190678,823.82337261,830.09893426,
2026-06-12 10:00:00,1781258400,830.09893426,830.09893426,785.34976369,797.79000958,
2026-06-12 10:01:00,1781258460,797.79000958,810.77599901,796.48510457,806.1935267,
2026-06-12 10:02:00,1781258520,806.1935267,828.40100438,806.1910757,817.33040554,
2026-06-12 10:03:00,1781258580,817.33040554,820.38798722,787.15633047,800.21837445,
2026-06-12 10:04:00,1781258640,800.21837445,815.01859469,794.66396931,796.04649473,
2026-06-12 10:05:00,1781258700,796.04649473,796.04649473,782.57318512,784.07266676,
2026-06-12 10:06:00,1781258760,784.07266676,797.55679909,783.50343374,795.65865949,
2026-06-12 10:07:00,1781258820,795.65865949,815.44905493,793.31583022,815.44905493,
2026-06-12 10:08:00,1781258880,815.44905493,821.29805148,809.66539345,819.62538032,
2026-06-12 10:09:00,1781258940,819.62538032,872.2353423,803.95016695,872.2353423,
2026-06-12 10:10:00,1781259000,872.2353423,893.95728178,838.84133762,851.02584722,
2026-06-12 10:11:00,1781259060,851.02584722,854.95203388,799.95248397,823.19819538,
2026-06-12 10:12:00,1781259120,823.19819538,823.19819538,795.67671562,800.04413855,
2026-06-12 10:13:00,1781259180,800.04413855,835.80739844,799.84146212,824.60999047,
2026-06-12 10:14:00,1781259240,824.60999047,832.83813567,818.20598845,832.83813567,
2026-06-12 10:15:00,1781259300,832.83813567,832.83813567,794.69895465,813.77455641,
2026-06-12 10:16:00,1781259360,813.77455641,832.2007907,813.77455641,817.84010713,
2026-06-12 10:17:00,1781259420,817.84010713,843.61912878,814.51717727,831.46159947,
2026-06-12 10:18:00,1781259480,831.46159947,842.03942919,813.12870046,815.69595097,
2026-06-12 10:19:00,1781259540,815.69595097,830.86180569,815.48850568,829.67416028,
2026-06-12 10:20:00,1781259600,829.67416028,832.22211188,812.76404898,815.66651662,
2026-06-12 10:21:00,1781259660,815.66651662,832.04705027,815.52477331,828.32247576,
2026-06-12 10:22:00,1781259720,828.32247576,833.90679515,813.3463501,830.40493013,
2026-06-12 10:23:00,1781259780,830.40493013,837.04694477,823.50614331,832.10028316,
2026-06-12 10:24:00,1781259840,832.10028316,855.49294525,831.34305264,855.07443397,
2026-06-12 10:25:00,1781259900,855.07443397,862.57712914,745.12079073,753.6832412,
2026-06-12 10:26:00,1781259960,753.6832412,756.65509279,725.34149782,725.34149782,
2026-06-12 10:27:00,1781260020,725.34149782,733.90760092,711.52385399,719.20627274,
2026-06-12 10:28:00,1781260080,719.20627274,729.96944929,717.49445754,724.05867078,
2026-06-12 10:29:00,1781260140,724.05867078,732.09591369,706.79173921,726.43954973,
2026-06-12 10:30:00,1781260200,726.43954973,771.30251864,724.67977393,743.64199855,
2026-06-12 10:31:00,1781260260,743.64199855,757.67225454,736.73171093,748.09187136,
2026-06-12 10:32:00,1781260320,748.09187136,784.04683384,738.33188083,784.04683384,
2026-06-12 10:33:00,1781260380,784.04683384,798.18786859,761.26969881,771.79642023,
2026-06-12 10:34:00,1781260440,771.79642023,808.731128,771.79395491,807.20011852,
2026-06-12 10:35:00,1781260500,807.20011852,820.63798447,788.54586537,794.71515314,
2026-06-12 10:36:00,1781260560,794.71515314,824.59347632,779.16638219,819.64660751,
2026-06-12 10:37:00,1781260620,819.64660751,819.64660751,790.35409238,801.87677681,
2026-06-12 10:38:00,1781260680,801.87677681,811.58232149,799.19078378,806.57434652,
2026-06-12 10:39:00,1781260740,806.57434652,819.54983242,775.18715048,783.18608424,
2026-06-12 10:40:00,1781260800,783.18608424,798.54141517,767.38126894,785.83627322,
2026-06-12 10:41:00,1781260860,785.83627322,793.67612864,762.15116197,762.21915487,
2026-06-12 10:42:00,1781260920,762.21915487,772.14446666,756.00871734,770.64235013,
2026-06-12 10:43:00,1781260980,770.64235013,770.84916008,754.42882074,755.709856,
2026-06-12 10:44:00,1781261040,755.709856,772.52475023,755.12042664,772.34711524,
2026-06-12 10:45:00,1781261100,772.34711524,776.62069333,758.14113814,776.55201651,
2026-06-12 10:46:00,1781261160,776.55201651,783.83234407,770.59361337,774.20976557,
2026-06-12 10:47:00,1781261220,774.20976557,777.55359699,756.66259222,777.35230596,
2026-06-12 10:48:00,1781261280,777.35230596,811.73686425,777.17362027,801.29718858,
2026-06-12 10:49:00,1781261340,801.29718858,806.10493508,782.93323551,796.57447049,
2026-06-12 10:50:00,1781261400,796.57447049,803.80601381,786.7869369,793.78606735,
2026-06-12 10:51:00,1781261460,793.78606735,797.60958725,781.4886736,782.65538903,
2026-06-12 10:52:00,1781261520,782.65538903,787.69268081,768.53092415,786.15512508,
2026-06-12 10:53:00,1781261580,786.15512508,798.21571854,784.36520827,785.96517716,
2026-06-12 10:54:00,1781261640,785.96517716,797.80908722,778.21395739,778.87025287,
2026-06-12 10:55:00,1781261700,778.87025287,790.12749849,767.00408004,786.55261912,
2026-06-12 10:56:00,1781261760,786.55261912,797.82487602,780.99662565,782.72682104,
2026-06-12 10:57:00,1781261820,782.72682104,782.92239415,752.49729499,780.231258,
2026-06-12 10:58:00,1781261880,780.231258,807.67195109,769.59897372,784.18616245,
2026-06-12 10:59:00,1781261940,784.18616245,792.97658293,773.40604878,776.84311044,
2026-06-12 11:00:00,1781262000,776.84311044,788.94017334,765.46952549,765.46952549,
2026-06-12 11:01:00,1781262060,765.46952549,795.29282023,764.78187621,795.29282023,
2026-06-12 11:02:00,1781262120,795.29282023,840.64587104,777.00149348,834.06283571,
2026-06-12 11:03:00,1781262180,834.06283571,896.1555737,828.96669473,883.31923636,
2026-06-12 11:04:00,1781262240,883.31923636,890.15826955,830.35503975,858.06525981,
2026-06-12 11:05:00,1781262300,858.06525981,908.93871121,846.84554045,898.25213128,
2026-06-12 11:06:00,1781262360,898.25213128,909.86097752,863.0728965,863.60404653,
2026-06-12 11:07:00,1781262420,863.60404653,886.46015618,860.88245932,868.27338175,
2026-06-12 11:08:00,1781262480,868.27338175,875.47549182,850.83502259,850.90427419,
2026-06-12 11:09:00,1781262540,850.90427419,851.17888631,819.99458608,823.64599465,
2026-06-12 11:10:00,1781262600,823.64599465,832.80652479,811.01861202,811.01861202,
2026-06-12 11:11:00,1781262660,811.01861202,832.4301502,808.50886757,830.67358116,
2026-06-12 11:12:00,1781262720,830.67358116,864.96921384,830.50778099,857.55959376,
2026-06-12 11:13:00,1781262780,857.55959376,886.25929032,856.57389216,871.50586018,
2026-06-12 11:14:00,1781262840,871.50586018,879.66774576,865.75502578,867.69239188,
2026-06-12 11:15:00,1781262900,867.69239188,884.91473825,866.23431311,877.4670551,
2026-06-12 11:16:00,1781262960,877.4670551,877.74614692,848.69073996,867.69517457,
2026-06-12 11:17:00,1781263020,867.69517457,867.83268638,842.10779979,845.56368889,
2026-06-12 11:18:00,1781263080,845.56368889,850.81639174,816.59201066,834.0073745,
2026-06-12 11:19:00,1781263140,834.0073745,834.14206749,820.48719585,832.55035883,
2026-06-12 11:20:00,1781263200,832.55035883,868.13401783,829.60399726,850.47105483,
2026-06-12 11:21:00,1781263260,850.47105483,866.05142014,845.11419359,864.71963342,
2026-06-12 11:22:00,1781263320,864.71963342,880.68870371,860.32352847,877.6954567,
2026-06-12 11:23:00,1781263380,877.6954567,889.91554034,864.20816959,886.90351093,
2026-06-12 11:24:00,1781263440,886.90351093,904.2432314,870.26807793,896.98723653,
2026-06-12 11:25:00,1781263500,896.98723653,908.72842974,882.33298408,889.68043391,
2026-06-12 11:26:00,1781263560,889.68043391,893.80623436,872.43835833,873.65746852,
2026-06-12 11:27:00,1781263620,873.65746852,875.97766047,867.98155222,868.31898274,
2026-06-12 11:28:00,1781263680,868.31898274,890.46344749,866.57401495,887.80256949,
2026-06-12 11:29:00,1781263740,887.80256949,888.9141348,865.75314344,866.99145996,
2026-06-12 11:30:00,1781263800,866.99145996,867.33525215,829.02513274,843.21454649,
2026-06-12 11:31:00,1781263860,843.21454649,867.12333114,825.86902356,834.23129638,
2026-06-12 11:32:00,1781263920,834.23129638,849.77481747,800.55413749,804.34903205,
2026-06-12 11:33:00,1781263980,804.34903205,819.67831274,797.96693071,808.24960639,
2026-06-12 11:34:00,1781264040,808.24960639,822.20799146,805.65204375,809.6091061,
2026-06-12 11:35:00,1781264100,809.6091061,815.42529352,769.76719971,786.09069178,
2026-06-12 11:36:00,1781264160,786.09069178,793.94209872,782.62467401,787.88294305,
2026-06-12 11:37:00,1781264220,787.88294305,792.07351283,775.31446947,779.27058871,
2026-06-12 11:38:00,1781264280,779.27058871,793.57225513,768.37639608,776.60337145,
2026-06-12 11:39:00,1781264340,776.60337145,787.79184901,768.21860451,772.24669889,
2026-06-12 11:40:00,1781264400,772.24669889,799.41213854,770.85600464,796.71020841,
2026-06-12 11:41:00,1781264460,796.71020841,852.83085586,789.68282041,832.91307359,
2026-06-12 11:42:00,1781264520,832.91307359,836.90202878,819.82219798,829.54016045,
2026-06-12 11:43:00,1781264580,829.54016045,847.34920356,821.84539246,844.14565692,
2026-06-12 11:44:00,1781264640,844.14565692,847.66307408,838.56328176,845.64135364,
2026-06-12 11:45:00,1781264700,845.64135364,909.26670779,845.56148399,892.7010801,
2026-06-12 11:46:00,1781264760,892.7010801,892.7010801,867.03005033,877.38096467,
2026-06-12 11:47:00,1781264820,877.38096467,877.38096467,841.66552335,870.74676455,
2026-06-12 11:48:00,1781264880,870.74676455,880.42260969,864.60357627,873.26672805,
2026-06-12 11:49:00,1781264940,873.26672805,874.11011333,856.86240599,858.97516158,
2026-06-12 11:50:00,1781265000,858.97516158,866.69138741,854.52611489,860.81462291,
2026-06-12 11:51:00,1781265060,860.81462291,863.66730618,842.16598145,854.29143442,
2026-06-12 11:52:00,1781265120,854.29143442,864.15492405,854.28895494,862.59041889,
2026-06-12 11:53:00,1781265180,862.59041889,877.37938945,849.39994975,875.55524851,
2026-06-12 11:54:00,1781265240,875.55524851,877.64366876,872.38888236,876.58275325,
2026-06-12 11:55:00,1781265300,876.58275325,885.65346591,857.14289157,876.94901534,
2026-06-12 11:56:00,1781265360,876.94901534,876.94901534,845.47629285,862.72352338,
2026-06-12 11:57:00,1781265420,862.72352338,862.93287837,848.11586298,848.11586298,
2026-06-12 11:58:00,1781265480,848.11586298,852.12681817,830.79512133,844.17175244,
2026-06-12 11:59:00,1781265540,844.17175244,844.17175244,819.00329361,821.10990237,
2026-06-12 12:00:00,1781265600,821.10990237,821.10990237,753.16371277,756.48620583,
2026-06-12 12:01:00,1781265660,756.48620583,804.21363757,741.9979112,771.77123521,
2026-06-12 12:02:00,1781265720,771.77123521,817.56143391,764.76389748,808.54890564,
2026-06-12 12:03:00,1781265780,808.54890564,830.70352075,805.83557297,806.65606127,
2026-06-12 12:04:00,1781265840,806.65606127,808.4453259,748.39560314,761.7963735,
2026-06-12 12:05:00,1781265900,761.7963735,776.06352238,753.61035854,759.45789781,
2026-06-12 12:06:00,1781265960,759.45789781,779.46171742,736.8240908,747.81243925,
2026-06-12 12:07:00,1781266020,747.81243925,758.86469939,740.54120329,742.9444698,
2026-06-12 12:08:00,1781266080,742.9444698,766.45992373,742.03103823,761.2448492,
2026-06-12 12:09:00,1781266140,761.2448492,766.21928945,748.39420028,752.1194948,
2026-06-12 12:10:00,1781266200,752.1194948,778.96960218,751.85192659,773.12112254,
2026-06-12 12:11:00,1781266260,773.12112254,773.12112254,737.34016903,745.08977242,
2026-06-12 12:12:00,1781266320,745.08977242,745.08977242,717.98148477,718.04306629,
2026-06-12 12:13:00,1781266380,718.04306629,735.44049485,718.0404518,728.54976543,
2026-06-12 12:14:00,1781266440,728.54976543,730.49856982,716.36312341,724.11276032,
2026-06-12 12:15:00,1781266500,724.11276032,744.79102334,716.87614245,719.61430406,
2026-06-12 12:16:00,1781266560,719.61430406,741.72984372,709.80623018,735.15259431,
2026-06-12 12:17:00,1781266620,735.15259431,739.34910831,722.19772473,738.43583679,
2026-06-12 12:18:00,1781266680,738.43583679,741.86154541,728.21604529,730.28988223,
2026-06-12 12:19:00,1781266740,730.28988223,757.03965766,729.25153992,729.38142784,
2026-06-12 12:20:00,1781266800,729.38142784,739.15580965,698.15703107,698.59852462,
2026-06-12 12:21:00,1781266860,698.59852462,708.96609354,675.87804999,676.57089733,
2026-06-12 12:22:00,1781266920,676.57089733,713.03019858,676.5682548,704.70326963,
2026-06-12 12:23:00,1781266980,704.70326963,711.03132828,688.42239798,698.14915251,
2026-06-12 12:24:00,1781267040,698.14915251,698.14915251,673.94130065,674.31287062,
2026-06-12 12:25:00,1781267100,674.31287062,677.2085441,655.53831817,666.54889921,
2026-06-12 12:26:00,1781267160,666.54889921,668.77680366,659.52266259,659.52266259,
2026-06-12 12:27:00,1781267220,659.52266259,659.82570304,629.55547827,641.66691932,
2026-06-12 12:28:00,1781267280,641.66691932,650.51074551,622.37769994,633.14725814,
2026-06-12 12:29:00,1781267340,633.14725814,633.14725814,610.7271743,610.7271743,
2026-06-12 12:30:00,1781267400,610.7271743,640.50499509,602.30198193,635.03620278,
2026-06-12 12:31:00,1781267460,635.03620278,651.00329202,628.92638288,632.68195276,
2026-06-12 12:32:00,1781267520,632.68195276,655.00610138,632.68195276,650.09994163,
2026-06-12 12:33:00,1781267580,650.09994163,668.48446092,648.89964822,660.42109751,
2026-06-12 12:34:00,1781267640,660.42109751,683.34900376,655.25509275,675.4097235,
2026-06-12 12:35:00,1781267700,675.4097235,686.52330593,655.55521441,658.13122087,
2026-06-12 12:36:00,1781267760,658.13122087,658.56706633,643.27447548,643.27447548,
2026-06-12 12:37:00,1781267820,643.27447548,666.64489887,643.27447548,654.89141554,
2026-06-12 12:38:00,1781267880,654.89141554,655.31437778,624.22042044,625.4603984,
2026-06-12 12:39:00,1781267940,625.4603984,625.4603984,586.45428429,598.81935936,
2026-06-12 12:40:00,1781268000,598.81935936,611.58726996,580.83982952,610.02254381,
2026-06-12 12:41:00,1781268060,610.02254381,626.51276192,600.1922021,621.59885112,
2026-06-12 12:42:00,1781268120,621.59885112,627.60826928,605.35150343,626.19007164,
2026-06-12 12:43:00,1781268180,626.19007164,641.80611414,621.58868242,637.00730006,
2026-06-12 12:44:00,1781268240,637.00730006,641.97789222,584.44150322,608.27530988,
2026-06-12 12:45:00,1781268300,608.27530988,610.8194771,591.96281103,604.79052514,
2026-06-12 12:46:00,1781268360,604.79052514,637.84807683,604.42096623,628.7791937,
2026-06-12 12:47:00,1781268420,628.7791937,642.32447917,617.11906888,635.65333698,
2026-06-12 12:48:00,1781268480,635.65333698,652.71227986,619.98339757,648.56833693,
2026-06-12 12:49:00,1781268540,648.56833693,663.49479052,639.72112145,639.72112145,
2026-06-12 12:50:00,1781268600,639.72112145,671.1220808,631.70525116,639.56118425,
2026-06-12 12:51:00,1781268660,639.56118425,643.97918661,616.21326077,627.55319148,
2026-06-12 12:52:00,1781268720,627.55319148,663.68505845,626.87881465,659.54114934,
2026-06-12 12:53:00,1781268780,659.54114934,659.54114934,637.64170408,637.87283054,
2026-06-12 12:54:00,1781268840,637.87283054,637.87283054,590.50850433,595.93819738,
2026-06-12 12:55:00,1781268900,595.93819738,609.13784011,559.21443906,588.16428323,
2026-06-12 12:56:00,1781268960,588.16428323,597.07008966,577.30553647,586.2743238,
2026-06-12 12:57:00,1781269020,586.2743238,612.38709472,585.84555194,608.8105004,
2026-06-12 12:58:00,1781269080,608.8105004,615.9243305,601.84541135,612.63564323,
2026-06-12 12:59:00,1781269140,612.63564323,633.56935493,607.594687,610.26088317,
2026-06-12 13:00:00,1781269200,610.26088317,629.9944765,599.36998915,599.6581509,
2026-06-12 13:01:00,1781269260,599.6581509,603.35375828,586.30877935,592.90591837,
2026-06-12 13:02:00,1781269320,592.90591837,608.07184755,570.23199962,607.17454612,
2026-06-12 13:03:00,1781269380,607.17454612,607.58337259,583.40849285,596.30482333,
2026-06-12 13:04:00,1781269440,596.30482333,596.53688381,584.12381733,585.52913808,
2026-06-12 13:05:00,1781269500,585.52913808,601.80800267,583.18958685,598.43879592,
2026-06-12 13:06:00,1781269560,598.43879592,601.1423301,585.20721647,589.62431504,
2026-06-12 13:07:00,1781269620,589.62431504,609.42865974,589.62431504,602.52277963,
2026-06-12 13:08:00,1781269680,602.52277963,620.8390212,602.40193766,609.32827763,
2026-06-12 13:09:00,1781269740,609.32827763,636.17764981,605.85262873,605.90892973,
2026-06-12 13:10:00,1781269800,605.90892973,617.27294145,588.51481593,608.50211086,
2026-06-12 13:11:00,1781269860,608.50211086,609.39194428,582.22832323,584.73984396,
2026-06-12 13:12:00,1781269920,584.73984396,595.65385643,556.56511888,557.57940683,
2026-06-12 13:13:00,1781269980,557.57940683,592.60855254,548.51065844,590.83941767,
2026-06-12 13:14:00,1781270040,590.83941767,618.97653811,589.29943198,617.46907032,
2026-06-12 13:15:00,1781270100,617.46907032,621.36811431,592.2766543,593.52003354,
2026-06-12 13:16:00,1781270160,593.52003354,609.55208441,589.87977477,604.84789162,
2026-06-12 13:17:00,1781270220,604.84789162,616.69421367,593.46297665,600.99098864,
2026-06-12 13:18:00,1781270280,600.99098864,645.73896652,598.12277677,641.53053285,
2026-06-12 13:19:00,1781270340,641.53053285,643.80542387,621.59213426,627.02519245,
2026-06-12 13:20:00,1781270400,627.02519245,628.96994447,607.15717073,621.49781827,
2026-06-12 13:21:00,1781270460,621.49781827,621.67956063,601.52602785,607.54784031,
2026-06-12 13:22:00,1781270520,607.54784031,607.66760503,580.56536911,580.81869202,
2026-06-12 13:23:00,1781270580,580.81869202,585.17016849,554.53345832,555.6491128,
2026-06-12 13:24:00,1781270640,555.6491128,575.17946451,555.1883811,575.17946451,
2026-06-12 13:25:00,1781270700,575.17946451,579.02239861,559.91998165,566.6372681,
2026-06-12 13:26:00,1781270760,566.6372681,579.707827,566.37615039,569.72983034,
2026-06-12 13:27:00,1781270820,569.72983034,575.55117148,560.99832923,571.49850346,
2026-06-12 13:28:00,1781270880,571.49850346,572.53152688,540.95857332,557.90042256,
2026-06-12 13:29:00,1781270940,557.90042256,579.85970024,557.90042256,574.25049322,
2026-06-12 13:30:00,1781271000,574.25049322,599.74344245,517.27790083,532.4059322,
2026-06-12 13:31:00,1781271060,532.4059322,546.24333131,490.50784423,492.2717886,
2026-06-12 13:32:00,1781271120,492.2717886,543.3574221,491.233699,513.90093652,
2026-06-12 13:33:00,1781271180,513.90093652,523.43862326,490.22445666,490.32523463,
2026-06-12 13:34:00,1781271240,490.32523463,520.22919865,481.91161195,491.50352715,
2026-06-12 13:35:00,1781271300,491.50352715,557.62402667,477.98045828,545.806148,
2026-06-12 13:36:00,1781271360,545.806148,547.08607095,506.22667161,520.44084072,
2026-06-12 13:37:00,1781271420,520.44084072,536.70114832,498.66603547,530.80372026,
2026-06-12 13:38:00,1781271480,530.80372026,549.64893287,511.7634805,536.50736726,
2026-06-12 13:39:00,1781271540,536.50736726,563.02561172,522.59922483,561.55073507,
2026-06-12 13:40:00,1781271600,561.55073507,573.88213616,471.26177898,481.20602489,
2026-06-12 13:41:00,1781271660,481.20602489,486.90744793,421.30114846,445.57094657,
2026-06-12 13:42:00,1781271720,445.57094657,445.57094657,392.8625838,392.92268566,
2026-06-12 13:43:00,1781271780,392.92268566,454.3278057,387.50409635,441.12345692,
2026-06-12 13:44:00,1781271840,441.12345692,446.0471019,423.80234405,426.21670089,
2026-06-12 13:45:00,1781271900,426.21670089,468.45205073,416.90550646,424.2952365,
2026-06-12 13:46:00,1781271960,424.2952365,464.29544924,421.79476713,451.20823822,
2026-06-12 13:47:00,1781272020,451.20823822,468.51976392,447.67341408,447.67341408,
2026-06-12 13:48:00,1781272080,447.67341408,452.12802542,406.18635136,430.58943701,
2026-06-12 13:49:00,1781272140,430.58943701,463.79871563,422.92649343,451.7921761,
2026-06-12 13:50:00,1781272200,451.7921761,478.21458441,451.7921761,472.04456694,
2026-06-12 13:51:00,1781272260,472.04456694,487.22110325,443.08168858,454.58236709,
2026-06-12 13:52:00,1781272320,454.58236709,470.93310108,434.58299895,466.84346221,
2026-06-12 13:53:00,1781272380,466.84346221,480.49076262,423.57761387,423.90515819,
2026-06-12 13:54:00,1781272440,423.90515819,434.72063805,405.15281298,425.86132584,
2026-06-12 13:55:00,1781272500,425.86132584,425.86132584,397.85420565,400.5108222,
2026-06-12 13:56:00,1781272560,400.5108222,418.35760785,395.06322493,409.08412341,
2026-06-12 13:57:00,1781272620,409.08412341,430.28194498,406.21495345,420.26649006,
2026-06-12 13:58:00,1781272680,420.26649006,438.94647038,412.71751505,435.30636593,
2026-06-12 13:59:00,1781272740,435.30636593,468.48716292,431.52394198,457.64741867,
2026-06-12 14:00:00,1781272800,457.64741867,574.59580451,440.51034476,561.70253796,
2026-06-12 14:01:00,1781272860,561.70253796,599.02475327,533.88179743,568.74047559,
2026-06-12 14:02:00,1781272920,568.74047559,575.55857811,520.06326353,535.97089177,
2026-06-12 14:03:00,1781272980,535.97089177,585.3447477,515.20227213,565.69480191,
2026-06-12 14:04:00,1781273040,565.69480191,568.26366274,519.94462154,538.60701726,
2026-06-12 14:05:00,1781273100,538.60701726,538.94668925,499.97293092,509.99530066,
2026-06-12 14:06:00,1781273160,509.99530066,560.18004549,508.19162179,559.70467597,
2026-06-12 14:07:00,1781273220,559.70467597,635.36318721,557.23204959,625.57041409,
2026-06-12 14:08:00,1781273280,625.57041409,626.44898357,553.22942248,555.03490041,
2026-06-12 14:09:00,1781273340,555.03490041,573.18149462,545.86265415,559.8541208,
2026-06-12 14:10:00,1781273400,559.8541208,571.72073019,535.70389891,569.08187919,
2026-06-12 14:11:00,1781273460,569.08187919,569.46944415,521.01576058,550.20978827,
2026-06-12 14:12:00,1781273520,550.20978827,563.51864912,526.89859215,526.89859215,
2026-06-12 14:13:00,1781273580,526.89859215,550.30237523,503.06952613,510.4627023,
2026-06-12 14:14:00,1781273640,510.4627023,566.06991541,510.12437652,558.30915465,
2026-06-12 14:15:00,1781273700,558.30915465,597.61714085,549.35624258,588.36691094,
2026-06-12 14:16:00,1781273760,588.36691094,598.67066838,573.4585451,592.20048374,
2026-06-12 14:17:00,1781273820,592.20048374,627.58049344,580.9896849,582.26657449,
2026-06-12 14:18:00,1781273880,582.26657449,582.26657449,525.71859075,534.33758491,
2026-06-12 14:19:00,1781273940,534.33758491,553.4011529,527.97415864,531.31821268,
2026-06-12 14:20:00,1781274000,531.31821268,560.47300124,522.8179182,552.54145112,
2026-06-12 14:21:00,1781274060,552.54145112,599.0489929,512.83405004,518.70273349,
2026-06-12 14:22:00,1781274120,518.70273349,522.72242127,477.7576623,482.47609868,
2026-06-12 14:23:00,1781274180,482.47609868,515.78051119,479.55897118,512.2516058,
2026-06-12 14:24:00,1781274240,512.2516058,559.42815276,512.13715118,536.60888479,
2026-06-12 14:25:00,1781274300,536.60888479,644.87195145,533.3698162,627.73864274,
2026-06-12 14:26:00,1781274360,627.73864274,642.55293134,575.29116514,604.40357836,
2026-06-12 14:27:00,1781274420,604.40357836,671.95787027,602.88809129,651.75889945,
2026-06-12 14:28:00,1781274480,651.75889945,682.74786418,634.27021136,652.76456848,
2026-06-12 14:29:00,1781274540,652.76456848,670.72085048,646.63748167,663.33510352,
2026-06-12 14:30:00,1781274600,663.33510352,693.79775862,658.57109586,686.26832899,
2026-06-12 14:31:00,1781274660,686.26832899,709.74459412,633.83341299,651.68998206,
2026-06-12 14:32:00,1781274720,651.68998206,674.10728915,622.57783014,635.23746113,
2026-06-12 14:33:00,1781274780,635.23746113,657.93049476,606.95788283,643.1332433,
2026-06-12 14:34:00,1781274840,643.1332433,705.3370647,643.1332433,695.0672174,
2026-06-12 14:35:00,1781274900,695.0672174,734.60085185,686.90279134,700.71774397,
2026-06-12 14:36:00,1781274960,700.71774397,763.19007846,681.26542063,741.95780302,
2026-06-12 14:37:00,1781275020,741.95780302,764.18878135,698.1085828,723.69796221,
2026-06-12 14:38:00,1781275080,723.69796221,754.67513538,716.31946807,735.71709084,
2026-06-12 14:39:00,1781275140,735.71709084,758.20011498,722.58036097,722.71770056,
2026-06-12 14:40:00,1781275200,722.71770056,728.94450852,657.24100528,673.59449371,
2026-06-12 14:41:00,1781275260,673.59449371,682.44602761,628.00274603,645.29830838,
2026-06-12 14:42:00,1781275320,645.29830838,671.1257005,631.74964946,641.70459742,
2026-06-12 14:43:00,1781275380,641.70459742,643.43442667,553.86054777,560.15590379,
2026-06-12 14:44:00,1781275440,560.15590379,607.46147255,560.15337364,572.51446025,
2026-06-12 14:45:00,1781275500,572.51446025,605.94105596,551.7320534,591.66772685,
2026-06-12 14:46:00,1781275560,591.66772685,612.04113119,568.45516854,593.64357927,
2026-06-12 14:47:00,1781275620,593.64357927,604.72046524,547.38177716,564.98031477,
2026-06-12 14:48:00,1781275680,564.98031477,597.22895494,555.74036377,564.30980792,
2026-06-12 14:49:00,1781275740,564.30980792,578.33698518,534.83654589,573.71919301,
2026-06-12 14:50:00,1781275800,573.71919301,657.9001472,570.384004,647.69146354,
2026-06-12 14:51:00,1781275860,647.69146354,659.02205335,609.38511415,609.38511415,
2026-06-12 14:52:00,1781275920,609.38511415,843.08193662,599.48805382,805.98833425,
2026-06-12 14:53:00,1781275980,805.98833425,877.46579122,796.73498068,823.21314029,
2026-06-12 14:54:00,1781276040,823.21314029,882.06728614,808.49040698,879.21627174,
2026-06-12 14:55:00,1781276100,879.21627174,922.44940282,813.37645785,824.83720644,
2026-06-12 14:56:00,1781276160,824.83720644,916.4052888,814.32433254,898.84332106,
2026-06-12 14:57:00,1781276220,898.84332106,916.27591823,856.53636383,900.7376374,
2026-06-12 14:58:00,1781276280,900.7376374,912.0973442,864.87444673,909.62737199,
2026-06-12 14:59:00,1781276340,909.62737199,933.20332668,891.63967018,931.88525201,
2026-06-12 15:00:00,1781276400,931.88525201,1028.20774312,916.36826408,1023.3041577,
2026-06-12 15:01:00,1781276460,1023.3041577,1084.09407224,1010.67132881,1065.52717251,
2026-06-12 15:02:00,1781276520,1065.52717251,1082.89752816,1022.41750029,1023.78035114,
2026-06-12 15:03:00,1781276580,1023.78035114,1052.10056511,871.70570415,874.3298943,
2026-06-12 15:04:00,1781276640,874.3298943,919.4660847,855.14269955,880.307815,
2026-06-12 15:05:00,1781276700,880.307815,959.96538326,875.07187854,959.96538326,
2026-06-12 15:06:00,1781276760,959.96538326,1027.24364817,949.37635838,1011.16783036,
2026-06-12 15:07:00,1781276820,1011.16783036,1087.65279664,987.20577362,1063.54342691,
2026-06-12 15:08:00,1781276880,1063.54342691,1077.63206019,1003.56128919,1032.2087454,
2026-06-12 15:09:00,1781276940,1032.2087454,1062.36145064,1010.4247299,1010.4247299,
2026-06-12 15:10:00,1781277000,1010.4247299,1139.0349009,999.61003603,1139.0349009,
2026-06-12 15:11:00,1781277060,1139.0349009,1163.607519,1117.2629403,1133.45009753,
2026-06-12 15:12:00,1781277120,1133.45009753,1154.97458289,1073.47163561,1151.84791162,
2026-06-12 15:13:00,1781277180,1151.84791162,1260.49345267,1150.75446727,1256.53335049,
2026-06-12 15:14:00,1781277240,1256.53335049,1260.84466725,1221.65441774,1253.22767886,
2026-06-12 15:15:00,1781277300,1253.22767886,1275.19122167,1199.30689859,1201.25301202,
2026-06-12 15:16:00,1781277360,1201.25301202,1219.29176339,1174.79085123,1217.22639518,
2026-06-12 15:17:00,1781277420,1217.22639518,1270.17163008,1211.75753347,1225.96472066,
2026-06-12 15:18:00,1781277480,1225.96472066,1240.79424639,1181.24882517,1210.96507783,
2026-06-12 15:19:00,1781277540,1210.96507783,1215.93447543,1149.97433619,1172.96629075,
2026-06-12 15:20:00,1781277600,1172.96629075,1181.66764003,1117.56665798,1130.12408012,
2026-06-12 15:21:00,1781277660,1130.12408012,1173.64192478,1117.5494028,1147.48378286,
2026-06-12 15:22:00,1781277720,1147.48378286,1175.48936867,1108.15117717,1132.25626139,
2026-06-12 15:23:00,1781277780,1132.25626139,1166.40689518,1108.96848134,1142.46791839,
2026-06-12 15:24:00,1781277840,1142.46791839,1175.44832357,1138.87886857,1156.56633045,
2026-06-12 15:25:00,1781277900,1156.56633045,1202.73416323,1156.56633045,1196.66706426,
2026-06-12 15:26:00,1781277960,1196.66706426,1201.6216471,1142.50475118,1162.16689695,
2026-06-12 15:27:00,1781278020,1162.16689695,1190.75578857,1152.92940873,1185.2599165,
2026-06-12 15:28:00,1781278080,1185.2599165,1187.07612066,1093.34004735,1099.04593678,
2026-06-12 15:29:00,1781278140,1099.04593678,1131.69793148,1043.81156605,1044.4611977,
2026-06-12 15:30:00,1781278200,1044.4611977,1048.94309769,972.3984442,999.4364803,
2026-06-12 15:31:00,1781278260,999.4364803,1008.18939411,937.02057819,958.57212364,
2026-06-12 15:32:00,1781278320,958.57212364,1001.78165621,931.62058393,939.86371842,
2026-06-12 15:33:00,1781278380,939.86371842,958.0292204,900.54629736,905.87151953,
2026-06-12 15:34:00,1781278440,905.87151953,915.24119393,876.66083412,877.65322151,
2026-06-12 15:35:00,1781278500,877.65322151,991.65827925,858.35596471,991.65827925,
2026-06-12 15:36:00,1781278560,991.65827925,991.90048176,910.14839618,925.17042029,
2026-06-12 15:37:00,1781278620,925.17042029,948.13335217,854.59020217,871.31041843,
2026-06-12 15:38:00,1781278680,871.31041843,894.71496178,826.13212361,840.07494243,
2026-06-12 15:39:00,1781278740,840.07494243,905.0196217,820.9347298,887.18466155,
2026-06-12 15:40:00,1781278800,887.18466155,911.45875821,834.15667066,839.15094953,
2026-06-12 15:41:00,1781278860,839.15094953,880.58331123,800.19105571,815.20405586,
2026-06-12 15:42:00,1781278920,815.20405586,828.59860513,772.90975012,810.68279602,
2026-06-12 15:43:00,1781278980,810.68279602,862.76902231,800.86526064,862.76902231,
2026-06-12 15:44:00,1781279040,862.76902231,863.26723018,825.30693152,848.1062049,
2026-06-12 15:45:00,1781279100,848.1062049,857.84817956,807.12385351,835.68957348,
2026-06-12 15:46:00,1781279160,835.68957348,876.87419677,802.57264868,812.07351958,
2026-06-12 15:47:00,1781279220,812.07351958,815.9099648,750.11224411,758.17677525,
2026-06-12 15:48:00,1781279280,758.17677525,762.59586106,695.97057167,712.3913168,
2026-06-12 15:49:00,1781279340,712.3913168,731.55499414,675.42181806,695.45453568,
2026-06-12 15:50:00,1781279400,695.45453568,748.50054651,695.45215148,740.53913906,
2026-06-12 15:51:00,1781279460,740.53913906,758.87958632,716.88088617,739.90506355,
2026-06-12 15:52:00,1781279520,739.90506355,775.81812803,735.01677585,773.01827663,
2026-06-12 15:53:00,1781279580,773.01827663,806.40760968,764.11048383,783.37238731,
2026-06-12 15:54:00,1781279640,783.37238731,817.16080731,773.62200225,803.1376838,
2026-06-12 15:55:00,1781279700,803.1376838,805.82943467,732.37707917,734.23374911,
2026-06-12 15:56:00,1781279760,734.23374911,749.60975554,672.23167776,695.36777539,
2026-06-12 15:57:00,1781279820,695.36777539,712.88235099,690.04328088,693.49826779,
2026-06-12 15:58:00,1781279880,693.49826779,700.42287555,665.12608389,665.24344267,
2026-06-12 15:59:00,1781279940,665.24344267,665.24344267,595.01248824,622.55776692,
2026-06-12 16:00:00,1781280000,622.55776692,691.593297,611.86344592,666.48798125,
2026-06-12 16:01:00,1781280060,666.48798125,687.35103719,630.60891792,637.22890212,
2026-06-12 16:02:00,1781280120,637.22890212,645.96927516,583.65350287,584.77249159,
2026-06-12 16:03:00,1781280180,584.77249159,678.43936298,569.38793191,669.66919349,
2026-06-12 16:04:00,1781280240,669.66919349,723.76097981,668.09518716,683.8879151,
2026-06-12 16:05:00,1781280300,683.8879151,696.4654327,661.42001307,669.15160238,
2026-06-12 16:06:00,1781280360,669.15160238,748.16500283,668.73677773,729.36750165,
2026-06-12 16:07:00,1781280420,729.36750165,754.64449757,729.36750165,743.48783216,
