datetime,time,open,high,low,close,volume
2026-06-10 13:45:00,1781099100,0.1,0.1,0.1,0.1,
2026-06-10 13:46:00,1781099160,0.1,214.95070326,0.1,205.25586403,
2026-06-10 13:47:00,1781099220,205.25586403,226.68148479,203.07278575,216.82860985,
2026-06-10 13:48:00,1781099280,216.82860985,227.99517809,210.32732109,226.5338867,
2026-06-10 13:49:00,1781099340,226.5338867,240.34752096,223.39130924,238.28789758,
2026-06-10 13:50:00,1781099400,238.28789758,239.7859368,212.39895796,217.27113625,
2026-06-10 13:51:00,1781099460,217.27113625,220.67307332,201.86324129,202.05238681,
2026-06-10 13:52:00,1781099520,202.05238681,214.24664473,201.07615793,201.12365524,
2026-06-10 13:53:00,1781099580,201.12365524,206.91244631,194.86332149,196.53611862,
2026-06-10 13:54:00,1781099640,196.53611862,206.76923496,193.50360074,198.07536238,
2026-06-10 13:55:00,1781099700,198.07536238,204.69723338,194.22502019,198.5892807,
2026-06-10 13:56:00,1781099760,198.5892807,202.08590866,189.66665743,189.98429741,
2026-06-10 13:57:00,1781099820,189.98429741,203.63397871,187.82455417,192.25320353,
2026-06-10 13:58:00,1781099880,192.25320353,192.25320353,178.14819582,180.17853313,
2026-06-10 13:59:00,1781099940,180.17853313,188.03787937,179.54261634,187.0847413,
2026-06-10 14:00:00,1781100000,187.0847413,189.52062252,178.08461811,180.72305477,
2026-06-10 14:01:00,1781100060,180.72305477,184.08397391,171.98844714,171.99480975,
2026-06-10 14:02:00,1781100120,171.99480975,182.18240262,169.30147173,180.57608284,
2026-06-10 14:03:00,1781100180,180.57608284,197.31478939,177.31462054,194.51457649,
2026-06-10 14:04:00,1781100240,194.51457649,197.17046703,188.83866308,196.54529107,
2026-06-10 14:05:00,1781100300,196.54529107,199.34580043,187.06480661,190.88255003,
2026-06-10 14:06:00,1781100360,190.88255003,201.10188379,188.58892728,196.28198031,
2026-06-10 14:07:00,1781100420,196.28198031,199.89299529,190.11135395,190.72070542,
2026-06-10 14:08:00,1781100480,190.72070542,202.65827562,187.32886782,202.65827562,
2026-06-10 14:09:00,1781100540,202.65827562,202.65827562,194.85749936,196.0365659,
2026-06-10 14:10:00,1781100600,196.0365659,199.3659296,185.3253327,189.87638657,
2026-06-10 14:11:00,1781100660,189.87638657,193.79645541,186.7378316,190.48681442,
2026-06-10 14:12:00,1781100720,190.48681442,193.98249643,188.64033629,189.30542569,
2026-06-10 14:13:00,1781100780,189.30542569,189.85715655,170.52080583,182.35195213,
2026-06-10 14:14:00,1781100840,182.35195213,182.63107981,162.98706799,163.01297151,
2026-06-10 14:15:00,1781100900,163.01297151,164.649354,150.10624797,150.33085066,
2026-06-10 14:16:00,1781100960,150.33085066,168.37475112,148.93384388,167.8730092,
2026-06-10 14:17:00,1781101020,167.8730092,167.95637239,150.81630082,151.92711522,
2026-06-10 14:18:00,1781101080,151.92711522,152.82543685,142.70602328,146.81541247,
2026-06-10 14:19:00,1781101140,146.81541247,147.24077888,139.57348539,146.53432688,
2026-06-10 14:20:00,1781101200,146.53432688,152.38734251,140.0368094,140.06096517,
2026-06-10 14:21:00,1781101260,140.06096517,147.54796407,137.13666973,145.21561688,
2026-06-10 14:22:00,1781101320,145.21561688,156.08709876,142.41159724,153.82795001,
2026-06-10 14:23:00,1781101380,153.82795001,158.14342357,147.47500728,155.9183578,
2026-06-10 14:24:00,1781101440,155.9183578,171.48717896,154.58016623,169.27759655,
2026-06-10 14:25:00,1781101500,169.27759655,172.67175915,149.11806713,153.02769769,
2026-06-10 14:26:00,1781101560,153.02769769,159.21154143,152.47754042,154.31776034,
2026-06-10 14:27:00,1781101620,154.31776034,163.80748826,154.31776034,163.80748826,
2026-06-10 14:28:00,1781101680,163.80748826,165.87203321,152.20299506,156.70444764,
2026-06-10 14:29:00,1781101740,156.70444764,158.52031027,149.18541063,154.04664797,
2026-06-10 14:30:00,1781101800,154.04664797,156.17884318,146.78964343,149.02305229,
2026-06-10 14:31:00,1781101860,149.02305229,149.06168864,130.96249815,131.06670058,
2026-06-10 14:32:00,1781101920,131.06670058,140.83193518,128.22510152,140.83193518,
2026-06-10 14:33:00,1781101980,140.83193518,146.53549112,132.53028052,144.6560481,
2026-06-10 14:34:00,1781102040,144.6560481,149.97113051,138.62866448,148.3161101,
2026-06-10 14:35:00,1781102100,148.3161101,148.78489947,139.41108353,140.43604729,
2026-06-10 14:36:00,1781102160,140.43604729,140.43604729,132.33702792,135.73658384,
2026-06-10 14:37:00,1781102220,135.73658384,135.93921132,122.67639133,125.66276453,
2026-06-10 14:38:00,1781102280,125.66276453,129.22711021,122.97908915,125.51490265,
2026-06-10 14:39:00,1781102340,125.51490265,134.36088279,125.02064427,134.25310972,
2026-06-10 14:40:00,1781102400,134.25310972,145.97471557,133.02254364,145.75889935,
2026-06-10 14:41:00,1781102460,145.75889935,160.10368297,145.27044121,156.59297011,
2026-06-10 14:42:00,1781102520,156.59297011,159.98980893,147.88921534,147.90201411,
2026-06-10 14:43:00,1781102580,147.90201411,154.99740176,146.59580323,147.43749047,
2026-06-10 14:44:00,1781102640,147.43749047,149.093985,137.46684627,137.46684627,
2026-06-10 14:45:00,1781102700,137.46684627,141.95576778,131.07614946,136.36348185,
2026-06-10 14:46:00,1781102760,136.36348185,136.97716217,132.9222388,135.30208207,
2026-06-10 14:47:00,1781102820,135.30208207,146.10571631,134.62067629,141.76547842,
2026-06-10 14:48:00,1781102880,141.76547842,143.4645204,133.61964568,135.19115778,
2026-06-10 14:49:00,1781102940,135.19115778,136.36465302,126.29654569,134.9462743,
2026-06-10 14:50:00,1781103000,134.9462743,139.27460443,126.47425315,133.86721044,
2026-06-10 14:51:00,1781103060,133.86721044,139.32185053,129.84865595,131.55305323,
2026-06-10 14:52:00,1781103120,131.55305323,131.94790716,126.46564078,128.05757793,
2026-06-10 14:53:00,1781103180,128.05757793,130.91597065,125.71097671,129.5431497,
2026-06-10 14:54:00,1781103240,129.5431497,135.94088426,128.98120401,132.45524015,
2026-06-10 14:55:00,1781103300,132.45524015,140.2948219,127.55858217,128.50729875,
2026-06-10 14:56:00,1781103360,128.50729875,131.13986458,125.46082869,129.48390745,
2026-06-10 14:57:00,1781103420,129.48390745,131.75636681,121.20247562,129.5598127,
2026-06-10 14:58:00,1781103480,129.5598127,150.56482954,128.68023301,149.95597102,
2026-06-10 14:59:00,1781103540,149.95597102,169.53051711,148.62412869,168.8647295,
2026-06-10 15:00:00,1781103600,168.8647295,181.51135809,162.44969673,179.63977516,
2026-06-10 15:01:00,1781103660,179.63977516,202.31661134,175.07368582,192.99479361,
2026-06-10 15:02:00,1781103720,192.99479361,196.95990052,182.11049613,188.63394384,
2026-06-10 15:03:00,1781103780,188.63394384,196.62139763,180.1019197,184.017906,
2026-06-10 15:04:00,1781103840,184.017906,187.18663628,160.68634199,166.49319787,
2026-06-10 15:05:00,1781103900,166.49319787,167.03295756,142.85479591,142.89133878,
2026-06-10 15:06:00,1781103960,142.89133878,148.86244693,137.22628888,137.24907068,
2026-06-10 15:07:00,1781104020,137.24907068,147.04782176,134.55339688,146.48316945,
2026-06-10 15:08:00,1781104080,146.48316945,146.48316945,132.39280045,138.41293834,
2026-06-10 15:09:00,1781104140,138.41293834,142.76844227,133.31182506,133.405787,
2026-06-10 15:10:00,1781104200,133.405787,136.87439742,131.90014874,136.0864749,
2026-06-10 15:11:00,1781104260,136.0864749,137.06513211,125.03119667,130.45620668,
2026-06-10 15:12:00,1781104320,130.45620668,134.01166747,127.6796725,134.01166747,
2026-06-10 15:13:00,1781104380,134.01166747,145.9299114,133.49980042,142.90231885,
2026-06-10 15:14:00,1781104440,142.90231885,143.22855813,134.58272125,134.71998581,
2026-06-10 15:15:00,1781104500,134.71998581,134.71998581,124.93137621,126.67859634,
2026-06-10 15:16:00,1781104560,126.67859634,137.33053277,124.27890441,134.56989576,
2026-06-10 15:17:00,1781104620,134.56989576,142.20864569,134.28455469,139.77862971,
2026-06-10 15:18:00,1781104680,139.77862971,139.77862971,132.20905984,137.8417278,
2026-06-10 15:19:00,1781104740,137.8417278,154.88108606,137.76699717,153.72751762,
2026-06-10 15:20:00,1781104800,153.72751762,166.19957341,150.3503833,165.54868889,
2026-06-10 15:21:00,1781104860,165.54868889,182.54710844,165.12515145,176.27158182,
2026-06-10 15:22:00,1781104920,176.27158182,181.32523371,167.62138848,174.27632947,
2026-06-10 15:23:00,1781104980,174.27632947,185.56561041,172.97315967,184.73217859,
2026-06-10 15:24:00,1781105040,184.73217859,190.26032744,178.2418515,183.11137478,
2026-06-10 15:25:00,1781105100,183.11137478,191.47061724,182.52968669,183.91701673,
2026-06-10 15:26:00,1781105160,183.91701673,185.86900455,178.32846918,182.10195348,
2026-06-10 15:27:00,1781105220,182.10195348,182.10195348,176.09358898,181.54364026,
2026-06-10 15:28:00,1781105280,181.54364026,190.9650407,181.27009688,183.90424763,
2026-06-10 15:29:00,1781105340,183.90424763,187.509974,178.50653911,178.91450919,
2026-06-10 15:30:00,1781105400,178.91450919,194.00373395,176.5630958,191.55153338,
2026-06-10 15:31:00,1781105460,191.55153338,195.90944947,182.16307632,183.08201875,
2026-06-10 15:32:00,1781105520,183.08201875,186.70708991,178.7663475,181.23772285,
2026-06-10 15:33:00,1781105580,181.23772285,189.23194248,175.7813665,178.04512087,
2026-06-10 15:34:00,1781105640,178.04512087,187.44364661,175.51053767,178.61963255,
2026-06-10 15:35:00,1781105700,178.61963255,182.68665585,176.51141858,177.39724585,
2026-06-10 15:36:00,1781105760,177.39724585,186.42896322,176.05020525,182.8870004,
2026-06-10 15:37:00,1781105820,182.8870004,183.94423314,177.72108356,180.9907285,
2026-06-10 15:38:00,1781105880,180.9907285,180.9907285,164.38751201,165.25088075,
2026-06-10 15:39:00,1781105940,165.25088075,176.00997103,160.76575007,171.32677195,
2026-06-10 15:40:00,1781106000,171.32677195,171.38421772,164.71278588,164.74613348,
2026-06-10 15:41:00,1781106060,164.74613348,174.81528101,161.60026346,172.69696572,
2026-06-10 15:42:00,1781106120,172.69696572,181.77501669,167.95822135,170.36232416,
2026-06-10 15:43:00,1781106180,170.36232416,182.39502429,170.36232416,180.05848812,
2026-06-10 15:44:00,1781106240,180.05848812,192.18645839,180.05848812,188.18337811,
2026-06-10 15:45:00,1781106300,188.18337811,193.51373062,180.77673662,192.49335595,
2026-06-10 15:46:00,1781106360,192.49335595,219.05856133,192.49335595,210.88832612,
2026-06-10 15:47:00,1781106420,210.88832612,210.91689597,174.05458231,174.05458231,
2026-06-10 15:48:00,1781106480,174.05458231,178.3687593,153.12176252,153.36766268,
2026-06-10 15:49:00,1781106540,153.36766268,179.41743899,152.11312758,174.89520528,
2026-06-10 15:50:00,1781106600,174.89520528,188.08857524,164.16137882,174.86500941,
2026-06-10 15:51:00,1781106660,174.86500941,197.88257921,174.41697711,180.23438638,
2026-06-10 15:52:00,1781106720,180.23438638,204.63856404,174.66231202,202.91090743,
2026-06-10 15:53:00,1781106780,202.91090743,237.33123372,195.44094564,235.54877146,
2026-06-10 15:54:00,1781106840,235.54877146,275.28133603,233.20857835,269.11198182,
2026-06-10 15:55:00,1781106900,269.11198182,276.36964036,241.1347651,243.63733143,
2026-06-10 15:56:00,1781106960,243.63733143,249.98244781,232.61820601,232.95050143,
2026-06-10 15:57:00,1781107020,232.95050143,256.42123605,231.89333023,248.35283272,
2026-06-10 15:58:00,1781107080,248.35283272,249.72427491,236.16440748,237.33020858,
2026-06-10 15:59:00,1781107140,237.33020858,237.67310391,228.85047362,233.23944264,
2026-06-10 16:00:00,1781107200,233.23944264,235.91431025,220.6341448,220.65195502,
2026-06-10 16:01:00,1781107260,220.65195502,225.44710843,210.94114702,216.9427703,
2026-06-10 16:02:00,1781107320,216.9427703,217.55702084,209.4192448,209.4192448,
2026-06-10 16:03:00,1781107380,209.4192448,217.90035153,204.61833806,209.10815385,
2026-06-10 16:04:00,1781107440,209.10815385,214.13786829,200.86284067,201.70593711,
2026-06-10 16:05:00,1781107500,201.70593711,212.21749001,200.0251906,203.32540854,
2026-06-10 16:06:00,1781107560,203.32540854,220.70064499,199.70989716,217.75256679,
2026-06-10 16:07:00,1781107620,217.75256679,227.73901269,213.68125302,215.33541502,
2026-06-10 16:08:00,1781107680,215.33541502,216.60936786,192.80091405,192.80091405,
2026-06-10 16:09:00,1781107740,192.80091405,204.18452726,190.99661309,204.18452726,
2026-06-10 16:10:00,1781107800,204.18452726,204.18452726,184.84962687,187.43882565,
2026-06-10 16:11:00,1781107860,187.43882565,193.84011123,184.65952664,189.86061372,
2026-06-10 16:12:00,1781107920,189.86061372,200.0343155,188.54531713,190.22875859,
2026-06-10 16:13:00,1781107980,190.22875859,191.14353579,185.2957622,188.80280729,
2026-06-10 16:14:00,1781108040,188.80280729,190.92086489,182.69337694,186.57594513,
2026-06-10 16:15:00,1781108100,186.57594513,200.30457456,185.61153931,195.14232594,
2026-06-10 16:16:00,1781108160,195.14232594,202.7868487,188.11031926,196.42727124,
2026-06-10 16:17:00,1781108220,196.42727124,203.9464921,185.10600863,185.97724394,
2026-06-10 16:18:00,1781108280,185.97724394,188.58582843,183.76826053,184.67163891,
2026-06-10 16:19:00,1781108340,184.67163891,186.87521185,182.80058628,184.26120061,
2026-06-10 16:20:00,1781108400,184.26120061,189.75099263,180.63096322,181.05490736,
2026-06-10 16:21:00,1781108460,181.05490736,189.54080385,175.75277917,188.96008033,
2026-06-10 16:22:00,1781108520,188.96008033,195.37382077,182.21045031,182.33098386,
2026-06-10 16:23:00,1781108580,182.33098386,187.97823996,180.54064487,184.9638425,
2026-06-10 16:24:00,1781108640,184.9638425,184.9638425,171.37043905,172.95001555,
2026-06-10 16:25:00,1781108700,172.95001555,177.82903705,156.07285457,164.9368929,
2026-06-10 16:26:00,1781108760,164.9368929,172.31560501,164.64720932,168.27524032,
2026-06-10 16:27:00,1781108820,168.27524032,179.29143595,168.24663876,176.08170237,
2026-06-10 16:28:00,1781108880,176.08170237,182.95857756,172.05167488,176.91008917,
2026-06-10 16:29:00,1781108940,176.91008917,179.56537185,173.83995272,179.44077959,
2026-06-10 16:30:00,1781109000,179.44077959,183.44992721,172.7327963,172.76204911,
2026-06-10 16:31:00,1781109060,172.76204911,175.16592945,165.00881741,169.26169881,
2026-06-10 16:32:00,1781109120,169.26169881,176.21479893,159.78256864,171.76673313,
2026-06-10 16:33:00,1781109180,171.76673313,177.74897578,171.41436461,171.54078829,
2026-06-10 16:34:00,1781109240,171.54078829,194.97192942,168.40294178,194.72845265,
2026-06-10 16:35:00,1781109300,194.72845265,197.30154258,183.93167854,190.71922303,
2026-06-10 16:36:00,1781109360,190.71922303,194.64207765,181.31852225,185.23766826,
2026-06-10 16:37:00,1781109420,185.23766826,196.6050482,185.13404484,187.83211519,
2026-06-10 16:38:00,1781109480,187.83211519,193.00577964,177.75235131,187.39260192,
2026-06-10 16:39:00,1781109540,187.39260192,187.39260192,176.70611445,180.9917162,
2026-06-10 16:40:00,1781109600,180.9917162,189.60142072,178.31864593,184.44749189,
2026-06-10 16:41:00,1781109660,184.44749189,187.95406256,174.26292044,175.71707117,
2026-06-10 16:42:00,1781109720,175.71707117,179.62334511,172.14876213,177.27194256,
2026-06-10 16:43:00,1781109780,177.27194256,180.04582172,171.51652903,172.64656542,
2026-06-10 16:44:00,1781109840,172.64656542,175.84180653,169.0620448,169.77295707,
2026-06-10 16:45:00,1781109900,169.77295707,169.77295707,160.71418142,161.19763529,
2026-06-10 16:46:00,1781109960,161.19763529,166.27813455,147.31166386,150.5037419,
2026-06-10 16:47:00,1781110020,150.5037419,153.69522612,138.01115486,138.01115486,
2026-06-10 16:48:00,1781110080,138.01115486,148.91277133,134.43057858,140.89995811,
2026-06-10 16:49:00,1781110140,140.89995811,142.26057434,134.87124874,137.8872178,
2026-06-10 16:50:00,1781110200,137.8872178,140.15325952,130.95406736,136.18143363,
2026-06-10 16:51:00,1781110260,136.18143363,145.24300286,130.60738814,145.24300286,
2026-06-10 16:52:00,1781110320,145.24300286,160.2977942,142.99067403,160.2977942,
2026-06-10 16:53:00,1781110380,160.2977942,160.93605564,152.25291907,154.81508021,
2026-06-10 16:54:00,1781110440,154.81508021,165.57319785,154.81508021,159.5947404,
2026-06-10 16:55:00,1781110500,159.5947404,160.33050253,146.8700416,148.43172645,
2026-06-10 16:56:00,1781110560,148.43172645,154.10062318,147.68418517,153.74210401,
2026-06-10 16:57:00,1781110620,153.74210401,159.10610538,148.59293962,158.98230183,
2026-06-10 16:58:00,1781110680,158.98230183,161.04261335,156.26088918,159.00638299,
2026-06-10 16:59:00,1781110740,159.00638299,166.2545515,158.77781424,164.77513081,
2026-06-10 17:00:00,1781110800,164.77513081,171.28332682,160.97014864,162.54525658,
2026-06-10 17:01:00,1781110860,162.54525658,169.48282599,161.50869313,168.87208618,
2026-06-10 17:02:00,1781110920,168.87208618,179.01274554,167.09228107,175.73096695,
2026-06-10 17:03:00,1781110980,175.73096695,178.50430436,171.90220344,174.46532275,
2026-06-10 17:04:00,1781111040,174.46532275,182.86406767,173.75092583,181.13190941,
2026-06-10 17:05:00,1781111100,181.13190941,181.34482811,168.0915896,168.56944538,
2026-06-10 17:06:00,1781111160,168.56944538,171.53143881,163.07728653,170.38231708,
2026-06-10 17:07:00,1781111220,170.38231708,173.60140961,156.07697652,160.51804524,
2026-06-10 17:08:00,1781111280,160.51804524,160.58686747,151.9471397,153.79867095,
2026-06-10 17:09:00,1781111340,153.79867095,156.68867685,146.35679763,152.65330767,
2026-06-10 17:10:00,1781111400,152.65330767,153.08321025,130.77594073,132.57730568,
2026-06-10 17:11:00,1781111460,132.57730568,143.52625876,131.05936968,140.29096043,
2026-06-10 17:12:00,1781111520,140.29096043,141.61539311,132.91424286,138.8021277,
2026-06-10 17:13:00,1781111580,138.8021277,144.5233457,138.63734561,140.93333218,
2026-06-10 17:14:00,1781111640,140.93333218,141.69673639,136.34418338,141.32906299,
2026-06-10 17:15:00,1781111700,141.32906299,147.40500157,138.12308919,144.63584724,
2026-06-10 17:16:00,1781111760,144.63584724,151.89400382,142.22826023,147.14919683,
2026-06-10 17:17:00,1781111820,147.14919683,154.27650711,143.08422881,144.12124415,
2026-06-10 17:18:00,1781111880,144.12124415,152.74550777,144.12124415,148.42235534,
2026-06-10 17:19:00,1781111940,148.42235534,149.28747512,142.95194797,148.99987711,
2026-06-10 17:20:00,1781112000,148.99987711,149.42038837,142.26413868,149.3011268,
2026-06-10 17:21:00,1781112060,149.3011268,149.39286223,135.99650846,142.61606827,
2026-06-10 17:22:00,1781112120,142.61606827,142.61606827,131.73121697,134.38325099,
2026-06-10 17:23:00,1781112180,134.38325099,138.27798299,133.56883199,136.42959497,
2026-06-10 17:24:00,1781112240,136.42959497,145.14319135,135.28733609,140.97562325,
2026-06-10 17:25:00,1781112300,140.97562325,148.37307626,139.21499946,144.34705917,
2026-06-10 17:26:00,1781112360,144.34705917,144.34705917,131.38297637,135.79728714,
2026-06-10 17:27:00,1781112420,135.79728714,138.36056569,129.2533839,131.88636149,
2026-06-10 17:28:00,1781112480,131.88636149,132.54635101,129.08984587,130.43295252,
2026-06-10 17:29:00,1781112540,130.43295252,130.43295252,115.89446974,117.84273503,
2026-06-10 17:30:00,1781112600,117.84273503,120.60365639,110.88773452,112.00277862,
2026-06-10 17:31:00,1781112660,112.00277862,116.03104885,106.2247264,106.2247264,
2026-06-10 17:32:00,1781112720,106.2247264,109.57860118,96.31977099,102.19418036,
2026-06-10 17:33:00,1781112780,102.19418036,116.4018164,102.19418036,116.39107316,
2026-06-10 17:34:00,1781112840,116.39107316,123.47052511,113.35864947,115.71577326,
2026-06-10 17:35:00,1781112900,115.71577326,118.01383049,111.29326966,111.36563831,
2026-06-10 17:36:00,1781112960,111.36563831,114.53611089,105.35240192,107.05852669,
2026-06-10 17:37:00,1781113020,107.05852669,117.5798156,107.05768311,114.80592529,
2026-06-10 17:38:00,1781113080,114.80592529,114.80592529,105.85620394,109.48759119,
2026-06-10 17:39:00,1781113140,109.48759119,115.16947077,108.74998708,112.96651515,
2026-06-10 17:40:00,1781113200,112.96651515,122.24845186,106.69192985,112.20227296,
2026-06-10 17:41:00,1781113260,112.20227296,114.47799354,104.76658539,109.62704352,
2026-06-10 17:42:00,1781113320,109.62704352,110.65114339,104.4401983,110.65027664,
2026-06-10 17:43:00,1781113380,110.65027664,124.98586404,109.23117004,124.3353462,
2026-06-10 17:44:00,1781113440,124.3353462,124.3353462,114.53991228,114.89386139,
2026-06-10 17:45:00,1781113500,114.89386139,121.63300133,112.78635977,120.11669322,
2026-06-10 17:46:00,1781113560,120.11669322,133.15138706,120.11669322,131.11408221,
2026-06-10 17:47:00,1781113620,131.11408221,139.04432766,128.06250533,137.06922964,
2026-06-10 17:48:00,1781113680,137.06922964,146.14993493,136.80090851,143.0568012,
2026-06-10 17:49:00,1781113740,143.0568012,147.88325056,139.286035,147.36678702,
2026-06-10 17:50:00,1781113800,147.36678702,147.7781945,122.12270808,129.28203636,
2026-06-10 17:51:00,1781113860,129.28203636,133.72235095,127.01097138,131.43693191,
2026-06-10 17:52:00,1781113920,131.43693191,131.67124758,121.11186907,121.264917,
2026-06-10 17:53:00,1781113980,121.264917,126.26785357,120.40952183,125.64127581,
2026-06-10 17:54:00,1781114040,125.64127581,131.28674627,123.62524574,127.19917228,
2026-06-10 17:55:00,1781114100,127.19917228,136.45743706,127.0929298,130.8580033,
2026-06-10 17:56:00,1781114160,130.8580033,136.81750836,128.19882097,136.43546019,
2026-06-10 17:57:00,1781114220,136.43546019,136.57972326,128.66288494,129.32670165,
2026-06-10 17:58:00,1781114280,129.32670165,139.67831019,129.32670165,136.32045407,
2026-06-10 17:59:00,1781114340,136.32045407,138.33124772,133.61312706,135.11991629,
2026-06-10 18:00:00,1781114400,135.11991629,140.9871197,134.14809645,136.38937878,
2026-06-10 18:01:00,1781114460,136.38937878,139.83597472,129.992842,132.39457584,
2026-06-10 18:02:00,1781114520,132.39457584,143.02568265,130.32178769,141.44011872,
2026-06-10 18:03:00,1781114580,141.44011872,145.81557294,137.78712149,144.7011519,
2026-06-10 18:04:00,1781114640,144.7011519,151.21934685,142.56927004,149.27548381,
2026-06-10 18:05:00,1781114700,149.27548381,153.73322916,147.58522409,152.75977726,
2026-06-10 18:06:00,1781114760,152.75977726,156.47419569,138.42781652,138.49078728,
2026-06-10 18:07:00,1781114820,138.49078728,138.49078728,128.13284542,128.84398979,
2026-06-10 18:08:00,1781114880,128.84398979,139.64115525,128.83234863,137.17397572,
2026-06-10 18:09:00,1781114940,137.17397572,137.30813339,130.89583982,133.92699675,
2026-06-10 18:10:00,1781115000,133.92699675,133.98427745,123.58974948,124.40375704,
2026-06-10 18:11:00,1781115060,124.40375704,131.52511842,123.37784635,131.26281977,
2026-06-10 18:12:00,1781115120,131.26281977,133.74858216,129.45827813,129.79844984,
2026-06-10 18:13:00,1781115180,129.79844984,130.67028285,122.34967384,125.21443228,
2026-06-10 18:14:00,1781115240,125.21443228,128.55579883,125.21443228,127.16400754,
2026-06-10 18:15:00,1781115300,127.16400754,132.23119713,126.21424951,128.78847923,
2026-06-10 18:16:00,1781115360,128.78847923,132.19443928,127.64932768,128.85822457,
2026-06-10 18:17:00,1781115420,128.85822457,128.85822457,118.64070793,119.22166045,
2026-06-10 18:18:00,1781115480,119.22166045,122.5329855,117.89506134,121.06772156,
2026-06-10 18:19:00,1781115540,121.06772156,123.43528737,118.65447769,120.98617987,
2026-06-10 18:20:00,1781115600,120.98617987,126.86651322,120.91850744,123.9913595,
2026-06-10 18:21:00,1781115660,123.9913595,128.1351323,120.01540897,120.15317952,
2026-06-10 18:22:00,1781115720,120.15317952,120.30612145,115.21251233,118.4270838,
2026-06-10 18:23:00,1781115780,118.4270838,125.90946024,118.4270838,124.92086333,
2026-06-10 18:24:00,1781115840,124.92086333,130.25275062,122.81044861,128.90784473,
2026-06-10 18:25:00,1781115900,128.90784473,129.7280601,118.13132396,118.75887053,
2026-06-10 18:26:00,1781115960,118.75887053,124.34820711,117.3518412,121.62822074,
2026-06-10 18:27:00,1781116020,121.62822074,121.62822074,115.79886039,117.25202441,
2026-06-10 18:28:00,1781116080,117.25202441,123.03733486,117.25202441,120.70105299,
2026-06-10 18:29:00,1781116140,120.70105299,136.14587034,119.77291211,135.39030038,
2026-06-10 18:30:00,1781116200,135.39030038,135.39030038,126.85826411,134.32588689,
2026-06-10 18:31:00,1781116260,134.32588689,134.40956014,125.75650221,126.50261495,
2026-06-10 18:32:00,1781116320,126.50261495,129.19216144,123.55688443,126.64759924,
2026-06-10 18:33:00,1781116380,126.64759924,129.57777707,122.36876001,122.48117976,
2026-06-10 18:34:00,1781116440,122.48117976,125.56957418,118.60171585,124.05738359,
2026-06-10 18:35:00,1781116500,124.05738359,124.05738359,111.19174303,114.71750249,
2026-06-10 18:36:00,1781116560,114.71750249,117.70931968,112.51953823,112.66571091,
2026-06-10 18:37:00,1781116620,112.66571091,113.56441404,108.3697809,110.19185916,
2026-06-10 18:38:00,1781116680,110.19185916,111.79558088,108.78873159,110.8546795,
2026-06-10 18:39:00,1781116740,110.8546795,112.45946554,108.82863704,109.65784156,
2026-06-10 18:40:00,1781116800,109.65784156,111.39944042,108.21729845,109.30235604,
2026-06-10 18:41:00,1781116860,109.30235604,110.75532842,106.28758964,106.29590449,
2026-06-10 18:42:00,1781116920,106.29590449,111.63792196,106.29590449,106.40675457,
2026-06-10 18:43:00,1781116980,106.40675457,109.45666644,104.16795596,104.21725019,
2026-06-10 18:44:00,1781117040,104.21725019,107.31689081,102.4858677,106.19311991,
2026-06-10 18:45:00,1781117100,106.19311991,107.70621271,102.79368789,104.60717352,
2026-06-10 18:46:00,1781117160,104.60717352,105.66694926,100.63946171,102.47542874,
2026-06-10 18:47:00,1781117220,102.47542874,103.76090133,101.57451081,102.43714542,
2026-06-10 18:48:00,1781117280,102.43714542,109.01344871,102.39011151,106.36206821,
2026-06-10 18:49:00,1781117340,106.36206821,110.34606553,104.5909963,105.39469773,
2026-06-10 18:50:00,1781117400,105.39469773,105.67299204,88.03375261,93.72371311,
2026-06-10 18:51:00,1781117460,93.72371311,100.97994492,93.48209405,98.48932729,
2026-06-10 18:52:00,1781117520,98.48932729,101.85245182,97.50024305,99.27051002,
2026-06-10 18:53:00,1781117580,99.27051002,107.23850372,99.20302877,105.26170505,
2026-06-10 18:54:00,1781117640,105.26170505,110.41880519,103.03176584,108.8622697,
2026-06-10 18:55:00,1781117700,108.8622697,108.8622697,100.9538527,101.67829659,
2026-06-10 18:56:00,1781117760,101.67829659,104.13290406,98.94856106,103.1054652,
2026-06-10 18:57:00,1781117820,103.1054652,112.84768991,103.10463229,111.34790467,
2026-06-10 18:58:00,1781117880,111.34790467,111.34790467,108.81859681,108.89747808,
2026-06-10 18:59:00,1781117940,108.89747808,110.51030387,107.9769464,109.98584301,
2026-06-10 19:00:00,1781118000,109.98584301,111.98057334,107.30460563,107.84891875,
2026-06-10 19:01:00,1781118060,107.84891875,112.52473132,107.7760441,108.06645641,
2026-06-10 19:02:00,1781118120,108.06645641,108.17999406,99.82056931,104.91944532,
2026-06-10 19:03:00,1781118180,104.91944532,107.63869559,102.78253569,106.05774282,
2026-06-10 19:04:00,1781118240,106.05774282,106.51255035,99.13075296,101.64240026,
2026-06-10 19:05:00,1781118300,101.64240026,101.67188545,93.5063382,96.99107676,
2026-06-10 19:06:00,1781118360,96.99107676,103.40269843,96.94293389,102.41385099,
2026-06-10 19:07:00,1781118420,102.41385099,109.9580674,102.40393315,109.62882546,
2026-06-10 19:08:00,1781118480,109.62882546,113.78375862,108.04382227,112.24911097,
2026-06-10 19:09:00,1781118540,112.24911097,112.37507793,108.91038604,111.74360187,
2026-06-10 19:10:00,1781118600,111.74360187,112.08277579,103.44795669,105.91487652,
2026-06-10 19:11:00,1781118660,105.91487652,106.12676725,97.29960062,97.35668551,
2026-06-10 19:12:00,1781118720,97.35668551,97.6687294,93.23434413,97.06140475,
2026-06-10 19:13:00,1781118780,97.06140475,98.80714352,94.88588518,95.24370883,
2026-06-10 19:14:00,1781118840,95.24370883,95.96498621,92.45552154,94.00777439,
2026-06-10 19:15:00,1781118900,94.00777439,99.07910393,91.37294065,97.89094077,
2026-06-10 19:16:00,1781118960,97.89094077,100.24303516,96.98672642,99.01341033,
2026-06-10 19:17:00,1781119020,99.01341033,99.72824578,88.12076615,88.56897958,
2026-06-10 19:18:00,1781119080,88.56897958,93.5498053,87.80563775,93.11106318,
2026-06-10 19:19:00,1781119140,93.11106318,95.17617237,89.42383133,91.74982341,
2026-06-10 19:20:00,1781119200,91.74982341,94.19828128,89.7616097,90.05967613,
2026-06-10 19:21:00,1781119260,90.05967613,91.86138703,87.87024755,90.81340206,
2026-06-10 19:22:00,1781119320,90.81340206,93.33665568,89.62394981,90.6747498,
2026-06-10 19:23:00,1781119380,90.6747498,90.68295376,87.2357245,88.25285456,
2026-06-10 19:24:00,1781119440,88.25285456,93.92076661,88.25285456,93.88380099,
2026-06-10 19:25:00,1781119500,93.88380099,101.409831,93.27497783,98.02085674,
2026-06-10 19:26:00,1781119560,98.02085674,99.72173629,91.98533683,92.25077016,
2026-06-10 19:27:00,1781119620,92.25077016,94.08995286,90.48348001,92.01908082,
2026-06-10 19:28:00,1781119680,92.01908082,97.89431243,91.38210788,95.8490039,
2026-06-10 19:29:00,1781119740,95.8490039,99.52249167,95.48432501,97.58301206,
2026-06-10 19:30:00,1781119800,97.58301206,104.25254377,96.91680879,102.69747218,
2026-06-10 19:31:00,1781119860,102.69747218,107.77391883,101.50126295,101.50126295,
2026-06-10 19:32:00,1781119920,101.50126295,106.10437912,101.21554919,105.2713597,
2026-06-10 19:33:00,1781119980,105.2713597,108.77143376,104.86192414,107.93712545,
2026-06-10 19:34:00,1781120040,107.93712545,113.58010536,107.80239054,112.96674451,
2026-06-10 19:35:00,1781120100,112.96674451,115.59552252,109.54470498,114.4022791,
2026-06-10 19:36:00,1781120160,114.4022791,114.4022791,109.71176549,111.73429133,
2026-06-10 19:37:00,1781120220,111.73429133,119.24045234,111.73341045,116.77502086,
2026-06-10 19:38:00,1781120280,116.77502086,122.37358841,116.1639009,121.59646234,
2026-06-10 19:39:00,1781120340,121.59646234,128.55905109,119.22302971,119.53431831,
2026-06-10 19:40:00,1781120400,119.53431831,124.45739109,115.08678362,118.27652632,
2026-06-10 19:41:00,1781120460,118.27652632,121.12713768,113.9889538,120.6959324,
2026-06-10 19:42:00,1781120520,120.6959324,121.20220192,117.87765881,118.55360848,
2026-06-10 19:43:00,1781120580,118.55360848,123.07601993,116.15559921,120.80012553,
2026-06-10 19:44:00,1781120640,120.80012553,123.12457034,119.93001617,122.15991811,
2026-06-10 19:45:00,1781120700,122.15991811,124.23691307,119.56194396,120.57559503,
2026-06-10 19:46:00,1781120760,120.57559503,120.57559503,111.54174061,119.21569615,
2026-06-10 19:47:00,1781120820,119.21569615,119.39433371,113.31602279,113.39442244,
2026-06-10 19:48:00,1781120880,113.39442244,115.0261026,109.58403857,110.09714763,
2026-06-10 19:49:00,1781120940,110.09714763,117.39954865,110.09714763,117.39954865,
2026-06-10 19:50:00,1781121000,117.39954865,118.14288561,102.707309,117.43209609,
2026-06-10 19:51:00,1781121060,117.43209609,118.23821969,111.2434828,117.56035942,
2026-06-10 19:52:00,1781121120,117.56035942,119.08556327,114.52766774,115.47257122,
2026-06-10 19:53:00,1781121180,115.47257122,121.80803087,115.471669,121.27081823,
2026-06-10 19:54:00,1781121240,121.27081823,122.0544532,112.34374495,117.25897071,
2026-06-10 19:55:00,1781121300,117.25897071,120.33851003,114.19017507,120.31409621,
2026-06-10 19:56:00,1781121360,120.31409621,125.14670801,119.05516976,121.8315289,
2026-06-10 19:57:00,1781121420,121.8315289,126.10924508,120.07098396,123.41088968,
2026-06-10 19:58:00,1781121480,123.41088968,123.41088968,118.21192188,122.54806392,
2026-06-10 19:59:00,1781121540,122.54806392,122.54806392,112.04284447,113.45712571,
2026-06-10 20:00:00,1781121600,113.45712571,114.70187896,108.2440359,109.06570223,
2026-06-10 20:01:00,1781121660,109.06570223,109.06570223,99.61526815,99.61526815,
2026-06-10 20:02:00,1781121720,99.61526815,105.87663274,98.41634592,102.97657971,
2026-06-10 20:03:00,1781121780,102.97657971,111.27117375,102.31638722,108.87279771,
2026-06-10 20:04:00,1781121840,108.87279771,108.87279771,101.80555539,104.10826761,
2026-06-10 20:05:00,1781121900,104.10826761,105.07431373,95.24219472,99.57546589,
2026-06-10 20:06:00,1781121960,99.57546589,105.10387981,95.98812461,96.50102186,
2026-06-10 20:07:00,1781122020,96.50102186,96.53997548,93.61443987,96.31772282,
2026-06-10 20:08:00,1781122080,96.31772282,98.56256368,95.3532718,95.38139248,
2026-06-10 20:09:00,1781122140,95.38139248,95.38139248,87.69748839,94.20258097,
2026-06-10 20:10:00,1781122200,94.20258097,97.36784727,93.21985023,96.74696533,
2026-06-10 20:11:00,1781122260,96.74696533,98.9160495,96.37499582,97.91987034,
2026-06-10 20:12:00,1781122320,97.91987034,99.53878384,97.01679629,97.61357599,
2026-06-10 20:13:00,1781122380,97.61357599,100.6489804,94.91507808,97.92722507,
2026-06-10 20:14:00,1781122440,97.92722507,98.84281673,96.35976232,97.42349651,
2026-06-10 20:15:00,1781122500,97.42349651,101.02730329,96.44333867,98.51826614,
2026-06-10 20:16:00,1781122560,98.51826614,99.46890594,93.09897357,94.46152192,
2026-06-10 20:17:00,1781122620,94.46152192,96.99177831,90.77317598,95.38498212,
2026-06-10 20:18:00,1781122680,95.38498212,100.60750095,94.78694383,98.58541433,
2026-06-10 20:19:00,1781122740,98.58541433,100.45399095,97.94651448,98.00393358,
2026-06-10 20:20:00,1781122800,98.00393358,98.00393358,90.34635111,93.08647301,
2026-06-10 20:21:00,1781122860,93.08647301,97.50818818,90.51334924,91.56953281,
2026-06-10 20:22:00,1781122920,91.56953281,105.48364673,91.55884514,105.00834465,
2026-06-10 20:23:00,1781122980,105.00834465,108.26934997,98.88128313,101.1172339,
2026-06-10 20:24:00,1781123040,101.1172339,108.22363602,100.9874853,106.77231204,
2026-06-10 20:25:00,1781123100,106.77231204,107.74711271,104.67179007,107.18990332,
2026-06-10 20:26:00,1781123160,107.18990332,107.18990332,103.49787398,104.71409308,
2026-06-10 20:27:00,1781123220,104.71409308,104.71409308,102.12246149,103.03320001,
2026-06-10 20:28:00,1781123280,103.03320001,103.76520047,101.40998088,102.9932506,
2026-06-10 20:29:00,1781123340,102.9932506,104.16461338,102.30628651,103.16617786,
2026-06-10 20:30:00,1781123400,103.16617786,103.16617786,95.71813796,97.12101493,
2026-06-10 20:31:00,1781123460,97.12101493,98.66910617,95.23760852,96.17739863,
2026-06-10 20:32:00,1781123520,96.17739863,99.83524316,93.1067907,98.38727788,
2026-06-10 20:33:00,1781123580,98.38727788,102.5752588,98.38645733,102.38779971,
2026-06-10 20:34:00,1781123640,102.38779971,104.73748301,101.93750735,102.94214534,
2026-06-10 20:35:00,1781123700,102.94214534,103.70981325,100.03997784,100.33091755,
2026-06-10 20:36:00,1781123760,100.33091755,100.75602503,98.77625583,99.16428764,
2026-06-10 20:37:00,1781123820,99.16428764,102.67759683,99.1536775,102.54486625,
2026-06-10 20:38:00,1781123880,102.54486625,103.87717561,98.71867231,98.88396407,
2026-06-10 20:39:00,1781123940,98.88396407,101.53946364,97.55162521,97.76351518,
2026-06-10 20:40:00,1781124000,97.76351518,98.02617168,95.90319514,96.74973201,
2026-06-10 20:41:00,1781124060,96.74973201,98.76526008,96.6616527,98.20243978,
2026-06-10 20:42:00,1781124120,98.20243978,98.20243978,95.44315426,95.72440549,
2026-06-10 20:43:00,1781124180,95.72440549,99.01278239,94.10887672,95.82229456,
2026-06-10 20:44:00,1781124240,95.82229456,97.23923613,91.63795445,91.74835447,
2026-06-10 20:45:00,1781124300,91.74835447,94.89720701,90.37924814,90.38677717,
2026-06-10 20:46:00,1781124360,90.38677717,90.38677717,86.34968993,88.51842842,
2026-06-10 20:47:00,1781124420,88.51842842,89.56772439,86.1661556,88.96951839,
2026-06-10 20:48:00,1781124480,88.96951839,90.55472305,86.62525583,90.03216107,
2026-06-10 20:49:00,1781124540,90.03216107,91.73812672,89.32742894,91.64625114,
2026-06-10 20:50:00,1781124600,91.64625114,94.66314011,86.28389382,87.16926653,
2026-06-10 20:51:00,1781124660,87.16926653,89.07717454,83.79544787,88.89546528,
2026-06-10 20:52:00,1781124720,88.89546528,90.05606563,87.5610332,88.58518355,
2026-06-10 20:53:00,1781124780,88.58518355,88.58518355,83.6470657,85.53428944,
2026-06-10 20:54:00,1781124840,85.53428944,88.94125914,84.96184689,88.93971056,
2026-06-10 20:55:00,1781124900,88.93971056,89.83047937,83.94804634,83.97957014,
2026-06-10 20:56:00,1781124960,83.97957014,85.26659651,83.60530177,85.25793551,
2026-06-10 20:57:00,1781125020,85.25793551,85.25793551,83.1312164,84.03036519,
2026-06-10 20:58:00,1781125080,84.03036519,91.94544635,84.03036519,90.38898489,
2026-06-10 20:59:00,1781125140,90.38898489,92.3707493,89.66094812,91.53967274,
2026-06-10 21:00:00,1781125200,91.53967274,91.54728004,85.72854823,86.4893796,
2026-06-10 21:01:00,1781125260,86.4893796,89.73904067,86.48861753,88.69316345,
2026-06-10 21:02:00,1781125320,88.69316345,89.75108015,86.68578755,86.98671931,
2026-06-10 21:03:00,1781125380,86.98671931,89.99318523,86.94641977,88.59063174,
2026-06-10 21:04:00,1781125440,88.59063174,88.71491788,86.01027416,86.20371882,
2026-06-10 21:05:00,1781125500,86.20371882,86.20371882,79.75384282,82.13076077,
2026-06-10 21:06:00,1781125560,82.13076077,83.90810911,79.10971293,79.10971293,
2026-06-10 21:07:00,1781125620,79.10971293,80.77767996,78.39176485,78.63619086,
2026-06-10 21:08:00,1781125680,78.63619086,79.17007938,77.15028383,77.74055265,
2026-06-10 21:09:00,1781125740,77.74055265,79.46931614,76.9681479,77.49124865,
2026-06-10 21:10:00,1781125800,77.49124865,78.04725204,70.38433695,75.03908295,
2026-06-10 21:11:00,1781125860,75.03908295,76.66729951,72.56927844,75.97220104,
2026-06-10 21:12:00,1781125920,75.97220104,80.50693735,75.33735432,75.97943833,
2026-06-10 21:13:00,1781125980,75.97943833,79.92077649,75.97103028,79.90144344,
2026-06-10 21:14:00,1781126040,79.90144344,80.27126689,77.9609731,80.27126689,
2026-06-10 21:15:00,1781126100,80.27126689,86.56894662,80.27126689,86.13818931,
2026-06-10 21:16:00,1781126160,86.13818931,89.8547312,86.13818931,89.55612032,
2026-06-10 21:17:00,1781126220,89.55612032,91.23337733,87.51757868,87.51758361,
2026-06-10 21:18:00,1781126280,87.51758361,87.53415829,79.8956837,82.32673855,
2026-06-10 21:19:00,1781126340,82.32673855,86.29605952,81.39897197,83.38002036,
2026-06-10 21:20:00,1781126400,83.38002036,83.38002036,79.71955349,82.5052189,
2026-06-10 21:21:00,1781126460,82.5052189,82.63938077,79.00597412,80.45638821,
2026-06-10 21:22:00,1781126520,80.45638821,85.09396579,80.3315709,84.9774895,
2026-06-10 21:23:00,1781126580,84.9774895,86.70623812,81.13087537,81.67919748,
2026-06-10 21:24:00,1781126640,81.67919748,82.13339974,76.68024056,77.12212103,
2026-06-10 21:25:00,1781126700,77.12212103,79.50542143,76.57672992,79.3236832,
2026-06-10 21:26:00,1781126760,79.3236832,80.23806183,78.63502157,79.84465523,
2026-06-10 21:27:00,1781126820,79.84465523,83.20986536,78.99956345,79.69025374,
2026-06-10 21:28:00,1781126880,79.69025374,81.82912782,78.51097658,78.51097658,
2026-06-10 21:29:00,1781126940,78.51097658,80.57116966,78.10093128,78.69646219,
2026-06-10 21:30:00,1781127000,78.69646219,85.50932806,78.11750396,83.36360464,
2026-06-10 21:31:00,1781127060,83.36360464,85.22152179,83.22136326,85.10660376,
2026-06-10 21:32:00,1781127120,85.10660376,89.39660318,84.02969617,88.45024974,
2026-06-10 21:33:00,1781127180,88.45024974,90.88776436,87.84407975,90.88776436,
2026-06-10 21:34:00,1781127240,90.88776436,91.16373672,86.78660063,89.22630171,
2026-06-10 21:35:00,1781127300,89.22630171,90.62469103,83.59517856,86.02352848,
2026-06-10 21:36:00,1781127360,86.02352848,86.40031127,84.02631577,85.44456315,
2026-06-10 21:37:00,1781127420,85.44456315,86.24442668,84.16561906,86.23582144,
2026-06-10 21:38:00,1781127480,86.23582144,86.40737944,84.04217173,86.02751601,
2026-06-10 21:39:00,1781127540,86.02751601,86.03532598,82.20966201,82.20966201,
2026-06-10 21:40:00,1781127600,82.20966201,84.57427023,81.69814095,84.56582069,
2026-06-10 21:41:00,1781127660,84.56582069,85.83777128,84.44452616,85.63960637,
2026-06-10 21:42:00,1781127720,85.63960637,86.64589674,84.60698729,86.62711217,
2026-06-10 21:43:00,1781127780,86.62711217,89.47649268,85.999306,86.8203261,
2026-06-10 21:44:00,1781127840,86.8203261,90.21651176,86.69717871,90.19130377,
2026-06-10 21:45:00,1781127900,90.19130377,90.6944229,86.36379353,86.36379353,
2026-06-10 21:46:00,1781127960,86.36379353,89.24960988,85.77177175,88.7904566,
2026-06-10 21:47:00,1781128020,88.7904566,88.79996921,86.21746953,88.79917756,
2026-06-10 21:48:00,1781128080,88.79917756,90.16127049,88.6947815,89.63129215,
2026-06-10 21:49:00,1781128140,89.63129215,89.63129215,72.36633469,73.45191868,
2026-06-10 21:50:00,1781128200,73.45191868,73.45191868,56.92417864,68.58401449,
2026-06-10 21:51:00,1781128260,68.58401449,68.59807138,59.46261555,60.07468727,
2026-06-10 21:52:00,1781128320,60.07468727,63.91910916,59.50259434,63.37627659,
2026-06-10 21:53:00,1781128380,63.37627659,67.43199868,61.91937261,63.12871709,
2026-06-10 21:54:00,1781128440,63.12871709,66.70092208,63.12871709,65.57316051,
2026-06-10 21:55:00,1781128500,65.57316051,68.2835895,64.64643456,66.21112122,
2026-06-10 21:56:00,1781128560,66.21112122,70.32365261,66.00776434,70.32365261,
2026-06-10 21:57:00,1781128620,70.32365261,71.36792842,64.1195547,64.91996553,
2026-06-10 21:58:00,1781128680,64.91996553,70.0471222,62.8571758,70.0471222,
2026-06-10 21:59:00,1781128740,70.0471222,75.92604859,69.58828921,75.09218648,
2026-06-10 22:00:00,1781128800,75.09218648,75.90626596,66.70866234,70.52073482,
2026-06-10 22:01:00,1781128860,70.52073482,71.77033795,67.26255437,67.50736121,
2026-06-10 22:02:00,1781128920,67.50736121,69.44699538,64.53371681,64.55290594,
2026-06-10 22:03:00,1781128980,64.55290594,70.12952493,64.00970649,68.7527356,
2026-06-10 22:04:00,1781129040,68.7527356,68.7527356,64.73684461,65.96009123,
2026-06-10 22:05:00,1781129100,65.96009123,70.33757721,65.69159664,66.70163578,
2026-06-10 22:06:00,1781129160,66.70163578,72.07312792,65.97139352,70.4652536,
2026-06-10 22:07:00,1781129220,70.4652536,73.74178569,69.41307171,73.47625107,
2026-06-10 22:08:00,1781129280,73.47625107,74.44293676,71.89522517,74.29880614,
2026-06-10 22:09:00,1781129340,74.29880614,74.48168664,73.06624034,74.25777059,
2026-06-10 22:10:00,1781129400,74.25777059,78.32911021,74.23592998,77.13455342,
2026-06-10 22:11:00,1781129460,77.13455342,78.35647485,71.28187574,71.28187574,
2026-06-10 22:12:00,1781129520,71.28187574,76.97979953,70.22405159,73.77789566,
2026-06-10 22:13:00,1781129580,73.77789566,74.40661394,69.92181106,71.88140209,
2026-06-10 22:14:00,1781129640,71.88140209,73.19302011,70.97794105,73.08382334,
2026-06-10 22:15:00,1781129700,73.08382334,73.08382334,67.50452738,68.44004226,
2026-06-10 22:16:00,1781129760,68.44004226,70.28835856,67.29591578,68.24378848,
2026-06-10 22:17:00,1781129820,68.24378848,68.66016498,65.51644148,66.23536385,
2026-06-10 22:18:00,1781129880,66.23536385,68.71133624,65.9158977,68.32607884,
2026-06-10 22:19:00,1781129940,68.32607884,76.15708204,67.11049477,67.22633675,
2026-06-10 22:20:00,1781130000,67.22633675,70.12019066,65.92290552,68.40505725,
2026-06-10 22:21:00,1781130060,68.40505725,78.12650387,68.33087373,77.06356597,
2026-06-10 22:22:00,1781130120,77.06356597,77.63818827,72.94273746,74.0593927,
2026-06-10 22:23:00,1781130180,74.0593927,75.48235739,72.27584429,75.31929565,
2026-06-10 22:24:00,1781130240,75.31929565,78.59186695,71.04812007,78.26469363,
2026-06-10 22:25:00,1781130300,78.26469363,82.36613296,75.32690322,81.94840609,
2026-06-10 22:26:00,1781130360,81.94840609,81.94840609,76.36140217,77.74259338,
2026-06-10 22:27:00,1781130420,77.74259338,81.12363891,75.9824451,79.76581954,
2026-06-10 22:28:00,1781130480,79.76581954,82.60359872,78.80562014,78.80562014,
2026-06-10 22:29:00,1781130540,78.80562014,78.80562014,73.75317454,75.70396103,
2026-06-10 22:30:00,1781130600,75.70396103,83.74204906,74.70278687,81.28891296,
2026-06-10 22:31:00,1781130660,81.28891296,88.22740569,81.21780985,87.3009986,
2026-06-10 22:32:00,1781130720,87.3009986,89.09629722,84.08057774,85.45156901,
2026-06-10 22:33:00,1781130780,85.45156901,86.55773557,84.00979858,84.39246661,
2026-06-10 22:34:00,1781130840,84.39246661,84.56523277,77.22853642,78.3991036,
2026-06-10 22:35:00,1781130900,78.3991036,83.48214174,78.26955539,83.15479014,
2026-06-10 22:36:00,1781130960,83.15479014,83.18675134,77.50917663,79.57818389,
2026-06-10 22:37:00,1781131020,79.57818389,84.74108291,78.3930525,82.46489877,
2026-06-10 22:38:00,1781131080,82.46489877,85.65689741,80.69272869,85.03330128,
2026-06-10 22:39:00,1781131140,85.03330128,85.03330128,82.57649332,83.95613281,
2026-06-10 22:40:00,1781131200,83.95613281,88.73632601,82.71596246,87.22099518,
2026-06-10 22:41:00,1781131260,87.22099518,87.22099518,84.33814106,86.09072238,
2026-06-10 22:42:00,1781131320,86.09072238,91.80960535,85.90779419,91.58376851,
2026-06-10 22:43:00,1781131380,91.58376851,99.23560897,91.57427065,96.70037305,
2026-06-10 22:44:00,1781131440,96.70037305,98.60906924,89.89024055,97.16970323,
2026-06-10 22:45:00,1781131500,97.16970323,97.97180891,87.01181181,89.3070979,
2026-06-10 22:46:00,1781131560,89.3070979,91.90727733,86.62571645,91.65337132,
2026-06-10 22:47:00,1781131620,91.65337132,91.65337132,86.12252167,86.33664114,
2026-06-10 22:48:00,1781131680,86.33664114,90.07454079,83.71257356,86.93939427,
2026-06-10 22:49:00,1781131740,86.93939427,86.93939427,82.72828989,85.32162938,
2026-06-10 22:50:00,1781131800,85.32162938,88.99050406,85.03459412,85.89567092,
2026-06-10 22:51:00,1781131860,85.89567092,88.32168282,84.77068415,85.52959392,
2026-06-10 22:52:00,1781131920,85.52959392,89.15568913,85.01903924,86.37750798,
2026-06-10 22:53:00,1781131980,86.37750798,86.38418423,80.90915782,85.62899617,
2026-06-10 22:54:00,1781132040,85.62899617,86.87291789,84.86182745,86.10177907,
2026-06-10 22:55:00,1781132100,86.10177907,88.3302456,83.83886089,84.38003917,
2026-06-10 22:56:00,1781132160,84.38003917,84.98562352,83.83466277,84.35734745,
2026-06-10 22:57:00,1781132220,84.35734745,85.51007861,82.91184544,85.51007861,
2026-06-10 22:58:00,1781132280,85.51007861,85.80525187,82.89590655,83.53758512,
2026-06-10 22:59:00,1781132340,83.53758512,83.53758512,79.74124331,81.54541024,
2026-06-10 23:00:00,1781132400,81.54541024,81.71747283,75.5250795,76.32736352,
2026-06-10 23:01:00,1781132460,76.32736352,80.04856268,76.32736352,78.4656377,
2026-06-10 23:02:00,1781132520,78.4656377,80.9426311,76.80437141,78.91993241,
2026-06-10 23:03:00,1781132580,78.91993241,80.73868989,78.02602533,78.99329825,
2026-06-10 23:04:00,1781132640,78.99329825,80.52534559,77.83732609,79.52673409,
2026-06-10 23:05:00,1781132700,79.52673409,80.68221161,78.00790156,79.23938997,
2026-06-10 23:06:00,1781132760,79.23938997,79.88799158,78.16338808,78.99872129,
2026-06-10 23:07:00,1781132820,78.99872129,80.31860545,76.79447529,80.07493082,
2026-06-10 23:08:00,1781132880,80.07493082,80.11771654,76.7889944,77.03903328,
2026-06-10 23:09:00,1781132940,77.03903328,79.10824197,70.81800527,72.3263511,
2026-06-10 23:10:00,1781133000,72.3263511,72.96263981,69.52403254,71.77240291,
2026-06-10 23:11:00,1781133060,71.77240291,72.01024774,68.47203793,71.40733046,
2026-06-10 23:12:00,1781133120,71.40733046,72.81843299,69.18580052,71.34050535,
2026-06-10 23:13:00,1781133180,71.34050535,73.0565613,70.52348942,71.30443456,
2026-06-10 23:14:00,1781133240,71.30443456,72.49335587,70.72096996,71.89427951,
2026-06-10 23:15:00,1781133300,71.89427951,73.24481089,68.96840264,71.55593009,
2026-06-10 23:16:00,1781133360,71.55593009,72.72557091,69.7027161,72.67596368,
2026-06-10 23:17:00,1781133420,72.67596368,76.73769312,72.23573096,76.10878424,
2026-06-10 23:18:00,1781133480,76.10878424,79.85117286,76.09405591,78.02037833,
2026-06-10 23:19:00,1781133540,78.02037833,88.48672135,76.76740433,85.38643955,
2026-06-10 23:20:00,1781133600,85.38643955,96.45972908,83.48127007,95.21750385,
2026-06-10 23:21:00,1781133660,95.21750385,96.86192444,91.75563923,95.0062177,
2026-06-10 23:22:00,1781133720,95.0062177,97.56611313,93.51752645,95.78789436,
2026-06-10 23:23:00,1781133780,95.78789436,97.55357469,94.68973181,96.10224336,
2026-06-10 23:24:00,1781133840,96.10224336,96.53170307,90.89354649,92.8498289,
2026-06-10 23:25:00,1781133900,92.8498289,98.07873703,90.55104066,90.9925893,
2026-06-10 23:26:00,1781133960,90.9925893,94.76329367,89.65342126,92.48235624,
2026-06-10 23:27:00,1781134020,92.48235624,95.82742096,91.64132509,95.19622943,
2026-06-10 23:28:00,1781134080,95.19622943,95.88167878,92.9954176,95.88167878,
2026-06-10 23:29:00,1781134140,95.88167878,100.89827008,95.5625524,98.40030235,
2026-06-10 23:30:00,1781134200,98.40030235,100.98206772,97.78146138,99.22378308,
2026-06-10 23:31:00,1781134260,99.22378308,99.22378308,91.88974865,93.50043664,
2026-06-10 23:32:00,1781134320,93.50043664,95.60366361,90.57839116,94.72320226,
2026-06-10 23:33:00,1781134380,94.72320226,95.44054548,89.52430135,90.18623465,
2026-06-10 23:34:00,1781134440,90.18623465,92.16150104,90.01698326,92.04207494,
2026-06-10 23:35:00,1781134500,92.04207494,96.30392468,92.01511803,94.60990325,
2026-06-10 23:36:00,1781134560,94.60990325,98.78227069,94.60903935,95.14761398,
2026-06-10 23:37:00,1781134620,95.14761398,95.56514224,94.31718706,95.12805826,
2026-06-10 23:38:00,1781134680,95.12805826,95.13613791,91.39573162,92.41209622,
2026-06-10 23:39:00,1781134740,92.41209622,92.46594698,89.51166646,90.19308746,
2026-06-10 23:40:00,1781134800,90.19308746,93.67993172,88.62247236,93.39242443,
2026-06-10 23:41:00,1781134860,93.39242443,96.39373238,92.48118041,95.55804443,
2026-06-10 23:42:00,1781134920,95.55804443,100.27181551,95.45810472,97.66935958,
2026-06-10 23:43:00,1781134980,97.66935958,98.8228282,96.17244777,96.40188335,
2026-06-10 23:44:00,1781135040,96.40188335,96.41095358,93.9559707,94.59234479,
2026-06-10 23:45:00,1781135100,94.59234479,94.60040728,89.72688425,92.82085518,
2026-06-10 23:46:00,1781135160,92.82085518,92.82085518,90.86221824,91.21371911,
2026-06-10 23:47:00,1781135220,91.21371911,92.79032815,89.53787392,92.76344448,
2026-06-10 23:48:00,1781135280,92.76344448,93.53581791,89.61258548,89.61258548,
2026-06-10 23:49:00,1781135340,89.61258548,89.69739873,87.78995323,88.60281626,
2026-06-10 23:50:00,1781135400,88.60281626,90.21668502,87.43139539,88.9720184,
2026-06-10 23:51:00,1781135460,88.9720184,91.71134856,88.95994958,90.69748142,
2026-06-10 23:52:00,1781135520,90.69748142,94.3629392,90.62706427,93.96287447,
2026-06-10 23:53:00,1781135580,93.96287447,97.44716999,93.78159358,94.85049459,
2026-06-10 23:54:00,1781135640,94.85049459,94.85049459,91.10409465,93.26098944,
2026-06-10 23:55:00,1781135700,93.26098944,94.06503744,92.10846019,92.3817368,
2026-06-10 23:56:00,1781135760,92.3817368,92.65167304,89.81953827,90.59307283,
2026-06-10 23:57:00,1781135820,90.59307283,91.18827378,89.02445593,89.24060676,
2026-06-10 23:58:00,1781135880,89.24060676,90.24886508,89.05472599,89.95799083,
2026-06-10 23:59:00,1781135940,89.95799083,92.18108364,89.45246658,89.88579386,
2026-06-11 00:00:00,1781136000,89.88579386,96.33143968,89.88579386,95.86797269,
2026-06-11 00:01:00,1781136060,95.86797269,99.44588475,94.75013525,99.28868309,
2026-06-11 00:02:00,1781136120,99.28868309,103.47003831,99.12074611,99.99616869,
2026-06-11 00:03:00,1781136180,99.99616869,100.78456768,97.88793397,97.96801725,
2026-06-11 00:04:00,1781136240,97.96801725,101.27669132,93.52732437,94.56199672,
2026-06-11 00:05:00,1781136300,94.56199672,100.14417287,94.36716081,99.56083145,
2026-06-11 00:06:00,1781136360,99.56083145,101.51187803,95.84944394,100.00146941,
2026-06-11 00:07:00,1781136420,100.00146941,103.73341131,99.93620364,101.27694111,
2026-06-11 00:08:00,1781136480,101.27694111,101.27694111,96.40410152,98.85447529,
2026-06-11 00:09:00,1781136540,98.85447529,98.85447529,93.55306864,96.78641144,
2026-06-11 00:10:00,1781136600,96.78641144,99.20563007,94.46986784,96.13578745,
2026-06-11 00:11:00,1781136660,96.13578745,100.79154953,96.13491041,100.75340895,
2026-06-11 00:12:00,1781136720,100.75340895,101.47246605,97.10325021,101.44888291,
2026-06-11 00:13:00,1781136780,101.44888291,105.23841843,101.28624862,102.6254295,
2026-06-11 00:14:00,1781136840,102.6254295,104.44516799,101.17102366,103.51030079,
2026-06-11 00:15:00,1781136900,103.51030079,113.29901584,103.51030079,112.40066229,
2026-06-11 00:16:00,1781136960,112.40066229,120.41875084,110.78774695,117.26234979,
2026-06-11 00:17:00,1781137020,117.26234979,132.84757149,117.03585946,132.20110079,
2026-06-11 00:18:00,1781137080,132.20110079,132.20110079,115.60274568,118.37278902,
2026-06-11 00:19:00,1781137140,118.37278902,126.65849697,118.24163903,124.15946068,
2026-06-11 00:20:00,1781137200,124.15946068,129.2707739,122.46870143,127.1441875,
2026-06-11 00:21:00,1781137260,127.1441875,131.89983252,124.67634629,128.77406992,
2026-06-11 00:22:00,1781137320,128.77406992,129.01815341,120.00503235,120.76145172,
2026-06-11 00:23:00,1781137380,120.76145172,120.8279036,113.02896682,115.58816084,
2026-06-11 00:24:00,1781137440,115.58816084,116.70442181,110.69418674,116.62890154,
2026-06-11 00:25:00,1781137500,116.62890154,117.32691143,112.75753178,115.98058437,
2026-06-11 00:26:00,1781137560,115.98058437,117.55682369,114.29691103,117.18015653,
2026-06-11 00:27:00,1781137620,117.18015653,118.0487478,111.0104211,112.04165795,
2026-06-11 00:28:00,1781137680,112.04165795,118.07385829,110.51786294,118.06294525,
2026-06-11 00:29:00,1781137740,118.06294525,118.7178536,115.71970664,118.7178536,
2026-06-11 00:30:00,1781137800,118.7178536,119.7594096,114.90546747,115.65561077,
2026-06-11 00:31:00,1781137860,115.65561077,116.73718144,112.62722263,116.40605757,
2026-06-11 00:32:00,1781137920,116.40605757,118.20280962,115.44847733,117.01202846,
2026-06-11 00:33:00,1781137980,117.01202846,119.54963545,113.12969311,115.96490784,
2026-06-11 00:34:00,1781138040,115.96490784,118.50358821,111.14844315,111.14844315,
2026-06-11 00:35:00,1781138100,111.14844315,114.98396339,110.05707602,114.90247314,
2026-06-11 00:36:00,1781138160,114.90247314,114.93451315,106.81828354,108.09572465,
2026-06-11 00:37:00,1781138220,108.09572465,112.57287688,107.28366233,112.22363308,
2026-06-11 00:38:00,1781138280,112.22363308,112.87939297,107.79704105,109.0667298,
2026-06-11 00:39:00,1781138340,109.0667298,109.17840539,106.13769577,107.53492781,
2026-06-11 00:40:00,1781138400,107.53492781,108.50288379,106.78552954,108.01248439,
2026-06-11 00:41:00,1781138460,108.01248439,112.36227411,107.0987564,111.86532408,
2026-06-11 00:42:00,1781138520,111.86532408,117.75923142,111.86532408,116.34233439,
2026-06-11 00:43:00,1781138580,116.34233439,118.03389255,112.9185007,112.95008307,
2026-06-11 00:44:00,1781138640,112.95008307,112.95008307,106.8296229,107.01530416,
2026-06-11 00:45:00,1781138700,107.01530416,114.92362577,107.01530416,113.50956212,
2026-06-11 00:46:00,1781138760,113.50956212,120.39176176,112.85552785,120.08602845,
2026-06-11 00:47:00,1781138820,120.08602845,122.50941784,113.89298877,114.68018418,
2026-06-11 00:48:00,1781138880,114.68018418,120.07351803,114.57061141,119.58456504,
2026-06-11 00:49:00,1781138940,119.58456504,119.58456504,116.79202214,118.46332744,
2026-06-11 00:50:00,1781139000,118.46332744,118.4665119,115.08392197,116.40480537,
2026-06-11 00:51:00,1781139060,116.40480537,117.37717192,112.28728366,114.64005012,
2026-06-11 00:52:00,1781139120,114.64005012,119.15266981,114.64005012,116.80320145,
2026-06-11 00:53:00,1781139180,116.80320145,117.10776709,113.20947548,113.40436495,
2026-06-11 00:54:00,1781139240,113.40436495,113.40436495,107.17527952,108.72758885,
2026-06-11 00:55:00,1781139300,108.72758885,111.35531196,107.03037697,109.91482649,
2026-06-11 00:56:00,1781139360,109.91482649,110.2872611,107.10038731,108.2319309,
2026-06-11 00:57:00,1781139420,108.2319309,109.3870511,107.74928222,109.0654816,
2026-06-11 00:58:00,1781139480,109.0654816,111.85373046,108.74966457,110.84388862,
2026-06-11 00:59:00,1781139540,110.84388862,113.13970455,105.71398758,105.7341072,
2026-06-11 01:00:00,1781139600,105.7341072,111.46658744,105.71305373,107.79789531,
2026-06-11 01:01:00,1781139660,107.79789531,116.07944164,107.76631723,115.76151154,
2026-06-11 01:02:00,1781139720,115.76151154,118.5040063,114.72669337,114.84317094,
2026-06-11 01:03:00,1781139780,114.84317094,116.81642146,113.33742894,114.77743959,
2026-06-11 01:04:00,1781139840,114.77743959,125.17311052,114.25000133,120.94095396,
2026-06-11 01:05:00,1781139900,120.94095396,126.23547924,117.73871771,123.48586031,
2026-06-11 01:06:00,1781139960,123.48586031,125.07971513,119.92552987,119.92552987,
2026-06-11 01:07:00,1781140020,119.92552987,119.92552987,114.47863998,117.41202723,
2026-06-11 01:08:00,1781140080,117.41202723,118.94829608,114.54658013,118.87859743,
2026-06-11 01:09:00,1781140140,118.87859743,119.8279265,114.36364107,115.23631201,
2026-06-11 01:10:00,1781140200,115.23631201,121.28290337,115.23631201,119.85715594,
2026-06-11 01:11:00,1781140260,119.85715594,121.6041861,118.98824363,120.05649738,
2026-06-11 01:12:00,1781140320,120.05649738,124.24135792,119.27351735,122.66622623,
2026-06-11 01:13:00,1781140380,122.66622623,134.89660525,121.08398961,133.89963932,
2026-06-11 01:14:00,1781140440,133.89963932,136.82687398,127.29766507,127.38352509,
2026-06-11 01:15:00,1781140500,127.38352509,134.13585228,124.65714886,127.83357815,
2026-06-11 01:16:00,1781140560,127.83357815,143.39680118,126.85609434,140.97786972,
2026-06-11 01:17:00,1781140620,140.97786972,141.5810345,130.98192801,135.73841631,
2026-06-11 01:18:00,1781140680,135.73841631,137.59270834,133.20245416,135.56311718,
2026-06-11 01:19:00,1781140740,135.56311718,147.53987984,135.56311718,145.52865703,
2026-06-11 01:20:00,1781140800,145.52865703,145.53954816,135.35520419,136.17010409,
2026-06-11 01:21:00,1781140860,136.17010409,143.1204388,135.6607136,141.47038129,
2026-06-11 01:22:00,1781140920,141.47038129,143.48967236,134.10210255,137.04424469,
2026-06-11 01:23:00,1781140980,137.04424469,143.35320787,136.93049915,142.94506681,
2026-06-11 01:24:00,1781141040,142.94506681,144.99969504,140.54447148,142.77566632,
2026-06-11 01:25:00,1781141100,142.77566632,145.23676746,140.46334178,143.36178196,
2026-06-11 01:26:00,1781141160,143.36178196,149.65615916,139.95395011,140.29035233,
2026-06-11 01:27:00,1781141220,140.29035233,141.26460693,135.38101876,140.81905001,
2026-06-11 01:28:00,1781141280,140.81905001,141.53159222,138.24742529,138.44925782,
2026-06-11 01:29:00,1781141340,138.44925782,141.76120923,136.3995842,141.44147672,
2026-06-11 01:30:00,1781141400,141.44147672,144.78357732,140.002517,140.21247488,
2026-06-11 01:31:00,1781141460,140.21247488,140.34043842,133.77343683,134.21347532,
2026-06-11 01:32:00,1781141520,134.21347532,143.38986198,134.21239442,143.37570151,
2026-06-11 01:33:00,1781141580,143.37570151,143.67356957,135.25100609,136.27938719,
2026-06-11 01:34:00,1781141640,136.27938719,141.48001445,136.12829643,141.09489987,
2026-06-11 01:35:00,1781141700,141.09489987,141.31572884,135.81512208,138.2261766,
2026-06-11 01:36:00,1781141760,138.2261766,138.2261766,131.07747348,131.07777202,
2026-06-11 01:37:00,1781141820,131.07777202,134.12327713,129.80404152,132.35977767,
2026-06-11 01:38:00,1781141880,132.35977767,152.62368743,132.35870452,152.62368743,
2026-06-11 01:39:00,1781141940,152.62368743,153.72496504,146.36262272,150.66736165,
2026-06-11 01:40:00,1781142000,150.66736165,150.66736165,146.91552828,147.36019588,
2026-06-11 01:41:00,1781142060,147.36019588,165.65195082,147.36019588,164.43596103,
2026-06-11 01:42:00,1781142120,164.43596103,164.43596103,153.79019566,155.92681723,
2026-06-11 01:43:00,1781142180,155.92681723,159.33047332,154.27600738,155.71171239,
2026-06-11 01:44:00,1781142240,155.71171239,155.71171239,147.66561683,150.12050698,
2026-06-11 01:45:00,1781142300,150.12050698,150.60791195,146.45765158,146.58246723,
2026-06-11 01:46:00,1781142360,146.58246723,154.4994867,145.97594598,151.99304976,
2026-06-11 01:47:00,1781142420,151.99304976,155.13762454,149.99606346,150.58881202,
2026-06-11 01:48:00,1781142480,150.58881202,151.83460562,145.8450882,145.8450882,
2026-06-11 01:49:00,1781142540,145.8450882,153.44783969,145.55369756,150.72618047,
2026-06-11 01:50:00,1781142600,150.72618047,150.75342036,142.24886432,146.00345486,
2026-06-11 01:51:00,1781142660,146.00345486,153.36991054,145.9503793,151.16345929,
2026-06-11 01:52:00,1781142720,151.16345929,154.78893121,148.19770651,149.023965,
2026-06-11 01:53:00,1781142780,149.023965,151.86567722,148.23621036,149.63039473,
2026-06-11 01:54:00,1781142840,149.63039473,151.5033882,144.40892946,144.56761484,
2026-06-11 01:55:00,1781142900,144.56761484,144.59278584,138.82633916,139.69026616,
2026-06-11 01:56:00,1781142960,139.69026616,143.45549659,138.90952818,142.78695456,
2026-06-11 01:57:00,1781143020,142.78695456,146.81309858,142.52101852,146.81309858,
2026-06-11 01:58:00,1781143080,146.81309858,147.89138664,144.44556627,147.08154268,
2026-06-11 01:59:00,1781143140,147.08154268,150.58947271,142.4094026,142.73432634,
2026-06-11 02:00:00,1781143200,142.73432634,146.71426464,142.73432634,144.22351777,
2026-06-11 02:01:00,1781143260,144.22351777,147.43135999,139.24641077,147.43135999,
2026-06-11 02:02:00,1781143320,147.43135999,152.24013373,143.17357343,143.19857554,
2026-06-11 02:03:00,1781143380,143.19857554,146.36534527,140.65986493,145.04896784,
2026-06-11 02:04:00,1781143440,145.04896784,150.83225784,144.34919408,149.55059758,
2026-06-11 02:05:00,1781143500,149.55059758,150.51256339,142.71756356,144.65961025,
2026-06-11 02:06:00,1781143560,144.65961025,146.37890242,138.56661057,139.01187971,
2026-06-11 02:07:00,1781143620,139.01187971,139.79374501,136.28626967,136.99290659,
2026-06-11 02:08:00,1781143680,136.99290659,138.64796861,134.352016,134.75277683,
2026-06-11 02:09:00,1781143740,134.75277683,137.14287474,133.7160306,136.85614963,
2026-06-11 02:10:00,1781143800,136.85614963,136.85614963,133.14826806,134.28061519,
2026-06-11 02:11:00,1781143860,134.28061519,134.85293731,131.29168362,131.47428218,
2026-06-11 02:12:00,1781143920,131.47428218,134.90314434,130.00061863,133.65700454,
2026-06-11 02:13:00,1781143980,133.65700454,137.31732021,133.48039374,135.63791094,
2026-06-11 02:14:00,1781144040,135.63791094,139.91676374,134.09031128,137.70165543,
2026-06-11 02:15:00,1781144100,137.70165543,141.43645876,137.70165543,139.52470095,
2026-06-11 02:16:00,1781144160,139.52470095,144.68204395,133.99199488,144.24757303,
2026-06-11 02:17:00,1781144220,144.24757303,148.77840236,142.15605941,148.73678054,
2026-06-11 02:18:00,1781144280,148.73678054,154.88086631,148.01878016,151.13715686,
2026-06-11 02:19:00,1781144340,151.13715686,154.75382449,148.72837947,153.21121917,
2026-06-11 02:20:00,1781144400,153.21121917,153.87495713,141.14508471,143.50659443,
2026-06-11 02:21:00,1781144460,143.50659443,143.50659443,130.41786661,131.44052316,
2026-06-11 02:22:00,1781144520,131.44052316,131.44052316,123.4800469,124.17696925,
2026-06-11 02:23:00,1781144580,124.17696925,128.66726051,123.35931045,125.37662062,
2026-06-11 02:24:00,1781144640,125.37662062,127.67444998,123.71627355,127.67444998,
2026-06-11 02:25:00,1781144700,127.67444998,128.44303624,125.18324363,126.66196212,
2026-06-11 02:26:00,1781144760,126.66196212,133.72714549,125.47413674,133.55266321,
2026-06-11 02:27:00,1781144820,133.55266321,135.12187503,126.36503801,126.53149491,
2026-06-11 02:28:00,1781144880,126.53149491,126.53149491,123.06147216,123.06147216,
2026-06-11 02:29:00,1781144940,123.06147216,123.26610689,121.35475448,123.13770299,
2026-06-11 02:30:00,1781145000,123.13770299,126.56981312,120.73302768,121.94833964,
2026-06-11 02:31:00,1781145060,121.94833964,123.12250444,114.7250144,114.76678818,
2026-06-11 02:32:00,1781145120,114.76678818,115.30185489,112.47141559,113.00887418,
2026-06-11 02:33:00,1781145180,113.00887418,117.27634168,113.00887418,115.85995184,
2026-06-11 02:34:00,1781145240,115.85995184,115.99150199,109.83412523,113.64112861,
2026-06-11 02:35:00,1781145300,113.64112861,117.02303792,112.71963808,115.63293944,
2026-06-11 02:36:00,1781145360,115.63293944,121.10950352,115.63293944,120.69337858,
2026-06-11 02:37:00,1781145420,120.69337858,123.58849372,120.51306559,120.89024397,
2026-06-11 02:38:00,1781145480,120.89024397,121.73118145,118.96128912,121.00390041,
2026-06-11 02:39:00,1781145540,121.00390041,126.23662551,120.55588127,122.9063626,
2026-06-11 02:40:00,1781145600,122.9063626,129.43221471,122.82520693,126.34348115,
2026-06-11 02:41:00,1781145660,126.34348115,127.18126338,124.92855445,127.18126338,
2026-06-11 02:42:00,1781145720,127.18126338,127.18126338,121.85624943,122.82033252,
2026-06-11 02:43:00,1781145780,122.82033252,126.58044614,122.77911179,125.38761952,
2026-06-11 02:44:00,1781145840,125.38761952,126.25696364,122.92444144,123.75928521,
2026-06-11 02:45:00,1781145900,123.75928521,123.90047545,120.22442368,122.45034904,
2026-06-11 02:46:00,1781145960,122.45034904,123.29324907,118.39105841,118.97820512,
2026-06-11 02:47:00,1781146020,118.97820512,120.36770374,117.5215063,118.31931564,
2026-06-11 02:48:00,1781146080,118.31931564,119.61369927,117.22651485,117.59117731,
2026-06-11 02:49:00,1781146140,117.59117731,117.73223883,115.84932086,117.02687333,
2026-06-11 02:50:00,1781146200,117.02687333,125.73171219,117.01896575,124.36186521,
2026-06-11 02:51:00,1781146260,124.36186521,128.20945623,120.11156282,120.82724876,
2026-06-11 02:52:00,1781146320,120.82724876,123.93824855,120.82724876,123.83229993,
2026-06-11 02:53:00,1781146380,123.83229993,127.37603399,122.85042461,125.86899422,
2026-06-11 02:54:00,1781146440,125.86899422,131.46108416,124.88844557,127.65814991,
2026-06-11 02:55:00,1781146500,127.65814991,133.16628142,126.19502325,127.36935531,
2026-06-11 02:56:00,1781146560,127.36935531,140.28671573,127.36935531,136.64721227,
2026-06-11 02:57:00,1781146620,136.64721227,141.81422065,135.90652984,139.67573482,
2026-06-11 02:58:00,1781146680,139.67573482,140.5311815,135.68187332,135.68187332,
2026-06-11 02:59:00,1781146740,135.68187332,135.68187332,129.87846477,130.35759179,
2026-06-11 03:00:00,1781146800,130.35759179,133.42235407,129.66504312,131.71709969,
2026-06-11 03:01:00,1781146860,131.71709969,134.87180131,130.35543259,133.16110524,
2026-06-11 03:02:00,1781146920,133.16110524,133.7325982,128.96647007,132.15702124,
2026-06-11 03:03:00,1781146980,132.15702124,133.63482655,130.03873878,130.43679617,
2026-06-11 03:04:00,1781147040,130.43679617,131.6078308,129.44181131,131.42194346,
2026-06-11 03:05:00,1781147100,131.42194346,133.37388688,128.00375639,128.60907352,
2026-06-11 03:06:00,1781147160,128.60907352,128.62117591,119.60220536,120.91821393,
2026-06-11 03:07:00,1781147220,120.91821393,124.66418524,119.40734621,123.24433806,
2026-06-11 03:08:00,1781147280,123.24433806,123.25499297,119.88160333,122.52198696,
2026-06-11 03:09:00,1781147340,122.52198696,127.1432541,122.50930822,124.73983976,
2026-06-11 03:10:00,1781147400,124.73983976,125.03346801,121.4416077,122.50478319,
2026-06-11 03:11:00,1781147460,122.50478319,123.37885534,118.45528407,119.85037795,
2026-06-11 03:12:00,1781147520,119.85037795,119.86180877,113.33164021,113.75597594,
2026-06-11 03:13:00,1781147580,113.75597594,118.03416772,112.58693774,118.03416772,
2026-06-11 03:14:00,1781147640,118.03416772,122.8625092,117.77212253,119.38977454,
2026-06-11 03:15:00,1781147700,119.38977454,121.74819956,117.65331253,121.65549015,
2026-06-11 03:16:00,1781147760,121.65549015,122.56750329,119.54288239,122.06190538,
2026-06-11 03:17:00,1781147820,122.06190538,127.72260009,121.19083918,124.05496604,
2026-06-11 03:18:00,1781147880,124.05496604,126.13045966,123.807357,124.12227854,
2026-06-11 03:19:00,1781147940,124.12227854,124.37392447,118.56154402,118.57287531,
2026-06-11 03:20:00,1781148000,118.57287531,118.60584542,114.55940366,114.80538889,
2026-06-11 03:21:00,1781148060,114.80538889,119.809002,113.43116313,119.5844104,
2026-06-11 03:22:00,1781148120,119.5844104,122.23227268,116.55601727,117.59251579,
2026-06-11 03:23:00,1781148180,117.59251579,119.0028856,117.19344164,118.80979122,
2026-06-11 03:24:00,1781148240,118.80979122,123.73258244,118.24806645,123.61534069,
2026-06-11 03:25:00,1781148300,123.61534069,125.01983287,120.83823549,124.94848188,
2026-06-11 03:26:00,1781148360,124.94848188,124.94848188,121.79389168,123.66638258,
2026-06-11 03:27:00,1781148420,123.66638258,125.59765523,122.0232109,124.55896341,
2026-06-11 03:28:00,1781148480,124.55896341,124.94234532,123.69808291,124.8079598,
2026-06-11 03:29:00,1781148540,124.8079598,125.46869303,123.34433276,124.73532531,
2026-06-11 03:30:00,1781148600,124.73532531,128.16545751,123.64227214,126.92402203,
2026-06-11 03:31:00,1781148660,126.92402203,135.32654408,126.50529236,135.02930034,
2026-06-11 03:32:00,1781148720,135.02930034,146.38496126,134.14691416,142.10945705,
2026-06-11 03:33:00,1781148780,142.10945705,168.95048174,140.47591117,167.47235016,
2026-06-11 03:34:00,1781148840,167.47235016,184.09440262,162.47651227,163.63391833,
2026-06-11 03:35:00,1781148900,163.63391833,172.19519804,156.92491681,162.75951725,
2026-06-11 03:36:00,1781148960,162.75951725,165.4202442,150.55129506,155.74912666,
2026-06-11 03:37:00,1781149020,155.74912666,159.83571088,152.10809118,158.30176424,
2026-06-11 03:38:00,1781149080,158.30176424,160.22943448,154.31069455,155.46262009,
2026-06-11 03:39:00,1781149140,155.46262009,159.25934644,154.21607732,154.21607732,
2026-06-11 03:40:00,1781149200,154.21607732,158.80463373,152.03544686,153.27177952,
2026-06-11 03:41:00,1781149260,153.27177952,157.02149874,151.75267043,157.02149874,
2026-06-11 03:42:00,1781149320,157.02149874,161.24974585,154.25893622,159.57468076,
2026-06-11 03:43:00,1781149380,159.57468076,160.87540174,159.27178379,160.18861607,
2026-06-11 03:44:00,1781149440,160.18861607,160.18861607,153.0341224,154.22363162,
2026-06-11 03:45:00,1781149500,154.22363162,167.36499271,154.22363162,161.69285989,
2026-06-11 03:46:00,1781149560,161.69285989,161.72093186,155.97206883,157.1623482,
2026-06-11 03:47:00,1781149620,157.1623482,166.32444714,154.14278424,160.03564432,
2026-06-11 03:48:00,1781149680,160.03564432,167.35635857,156.41501045,160.19254605,
2026-06-11 03:49:00,1781149740,160.19254605,167.71964549,158.98109459,158.98109459,
2026-06-11 03:50:00,1781149800,158.98109459,168.81796846,158.97987077,167.07564426,
2026-06-11 03:51:00,1781149860,167.07564426,167.77250824,164.14799978,165.33509304,
2026-06-11 03:52:00,1781149920,165.33509304,172.4294979,160.96020606,166.53526329,
2026-06-11 03:53:00,1781149980,166.53526329,172.59936344,163.5566593,169.52201963,
2026-06-11 03:54:00,1781150040,169.52201963,169.52201963,166.4482991,167.10323113,
2026-06-11 03:55:00,1781150100,167.10323113,206.54202701,165.55049879,204.40738101,
2026-06-11 03:56:00,1781150160,204.40738101,226.46038975,197.05016891,205.32956185,
2026-06-11 03:57:00,1781150220,205.32956185,212.99969253,203.61728785,211.62905434,
2026-06-11 03:58:00,1781150280,211.62905434,220.07346426,204.26659702,206.08607389,
2026-06-11 03:59:00,1781150340,206.08607389,210.1912863,198.53675517,198.53675517,
2026-06-11 04:00:00,1781150400,198.53675517,202.00304875,192.21500616,192.23191126,
2026-06-11 04:01:00,1781150460,192.23191126,192.70301522,180.97514343,182.55525854,
2026-06-11 04:02:00,1781150520,182.55525854,195.84919807,182.55394059,189.63614904,
2026-06-11 04:03:00,1781150580,189.63614904,189.64018695,181.65563398,186.58784863,
2026-06-11 04:04:00,1781150640,186.58784863,194.12937909,186.56997438,188.49016669,
2026-06-11 04:05:00,1781150700,188.49016669,188.53944611,182.45219576,185.61306672,
2026-06-11 04:06:00,1781150760,185.61306672,187.30942661,178.25480084,180.15089256,
2026-06-11 04:07:00,1781150820,180.15089256,184.36426248,179.52387808,182.09606486,
2026-06-11 04:08:00,1781150880,182.09606486,187.88473436,181.94854151,187.39352858,
2026-06-11 04:09:00,1781150940,187.39352858,188.17311794,181.31011199,186.89102895,
2026-06-11 04:10:00,1781151000,186.89102895,194.5767227,178.0130092,191.10261551,
2026-06-11 04:11:00,1781151060,191.10261551,197.12729337,186.15663711,196.75524929,
2026-06-11 04:12:00,1781151120,196.75524929,201.5418099,193.03720429,198.69533165,
2026-06-11 04:13:00,1781151180,198.69533165,206.07440869,195.88945631,200.40995539,
2026-06-11 04:14:00,1781151240,200.40995539,201.72187613,193.28938878,193.28938878,
2026-06-11 04:15:00,1781151300,193.28938878,194.23710492,188.76836905,193.18959133,
2026-06-11 04:16:00,1781151360,193.18959133,200.60154013,186.80810583,186.89109671,
2026-06-11 04:17:00,1781151420,186.89109671,189.89866898,185.74844379,188.29293347,
2026-06-11 04:18:00,1781151480,188.29293347,189.42827735,181.57460676,182.95334726,
2026-06-11 04:19:00,1781151540,182.95334726,190.00929818,182.83169805,189.91632155,
2026-06-11 04:20:00,1781151600,189.91632155,198.82815779,186.59530392,196.71692914,
2026-06-11 04:21:00,1781151660,196.71692914,198.39558616,185.45237136,185.77852544,
2026-06-11 04:22:00,1781151720,185.77852544,186.14176177,180.1287198,183.19461101,
2026-06-11 04:23:00,1781151780,183.19461101,186.31228093,180.52350593,184.25109061,
2026-06-11 04:24:00,1781151840,184.25109061,188.76295023,181.23003234,183.84951979,
2026-06-11 04:25:00,1781151900,183.84951979,184.0786221,178.33111311,181.25210558,
2026-06-11 04:26:00,1781151960,181.25210558,185.51356995,181.11718128,183.90829302,
2026-06-11 04:27:00,1781152020,183.90829302,183.90829302,178.91615214,180.28287358,
2026-06-11 04:28:00,1781152080,180.28287358,182.16315651,178.65817065,180.3942497,
2026-06-11 04:29:00,1781152140,180.3942497,183.31815407,180.27451423,181.90539399,
2026-06-11 04:30:00,1781152200,181.90539399,186.31676267,181.30088792,184.87225053,
2026-06-11 04:31:00,1781152260,184.87225053,187.08503632,181.45913676,181.48936184,
2026-06-11 04:32:00,1781152320,181.48936184,181.60667867,176.87695026,180.39771319,
2026-06-11 04:33:00,1781152380,180.39771319,181.90048316,174.30057851,174.55095064,
2026-06-11 04:34:00,1781152440,174.55095064,176.93759165,169.95687928,171.95487721,
2026-06-11 04:35:00,1781152500,171.95487721,177.2742324,171.05855931,175.69940069,
2026-06-11 04:36:00,1781152560,175.69940069,180.77726345,174.47926672,180.04411859,
2026-06-11 04:37:00,1781152620,180.04411859,180.35196186,176.44406183,179.17383245,
2026-06-11 04:38:00,1781152680,179.17383245,191.87586149,179.17383245,189.6732837,
2026-06-11 04:39:00,1781152740,189.6732837,194.15808001,188.43123088,194.03413501,
2026-06-11 04:40:00,1781152800,194.03413501,197.01775668,186.67862062,190.66578337,
2026-06-11 04:41:00,1781152860,190.66578337,190.75195132,183.82761173,185.30854122,
2026-06-11 04:42:00,1781152920,185.30854122,187.49795937,183.93694752,183.93694752,
2026-06-11 04:43:00,1781152980,183.93694752,184.61115436,181.41120642,183.97144185,
2026-06-11 04:44:00,1781153040,183.97144185,189.6808173,183.96877425,187.53692682,
2026-06-11 04:45:00,1781153100,187.53692682,194.92671031,187.53692682,193.98914175,
2026-06-11 04:46:00,1781153160,193.98914175,194.85950751,192.35316363,193.71140993,
2026-06-11 04:47:00,1781153220,193.71140993,206.941397,193.58609244,204.25318859,
2026-06-11 04:48:00,1781153280,204.25318859,204.28901013,194.77323562,203.34736958,
2026-06-11 04:49:00,1781153340,203.34736958,209.22195013,201.79652478,205.31840013,
2026-06-11 04:50:00,1781153400,205.31840013,215.95203514,205.10132793,215.76303391,
2026-06-11 04:51:00,1781153460,215.76303391,216.38635952,207.39943933,207.41764082,
2026-06-11 04:52:00,1781153520,207.41764082,217.98478973,207.41764082,209.97829765,
2026-06-11 04:53:00,1781153580,209.97829765,211.54808373,204.32029653,206.82262077,
2026-06-11 04:54:00,1781153640,206.82262077,209.39664644,202.99167735,208.69271041,
2026-06-11 04:55:00,1781153700,208.69271041,210.46577684,201.26682538,201.80075956,
2026-06-11 04:56:00,1781153760,201.80075956,203.4077001,198.24303089,198.38320023,
2026-06-11 04:57:00,1781153820,198.38320023,198.79644388,193.86520717,195.24839292,
2026-06-11 04:58:00,1781153880,195.24839292,195.24839292,182.07857946,183.20823409,
2026-06-11 04:59:00,1781153940,183.20823409,189.46941873,181.93198347,186.33426842,
2026-06-11 05:00:00,1781154000,186.33426842,186.94256869,169.13560905,170.93420256,
2026-06-11 05:01:00,1781154060,170.93420256,172.43696623,166.4782744,166.66285131,
2026-06-11 05:02:00,1781154120,166.66285131,171.8485418,163.66406041,167.6279463,
2026-06-11 05:03:00,1781154180,167.6279463,169.06300889,163.73865642,166.70661992,
2026-06-11 05:04:00,1781154240,166.70661992,167.14760966,163.94596815,165.0017869,
2026-06-11 05:05:00,1781154300,165.0017869,165.19019075,162.8858226,165.11643955,
2026-06-11 05:06:00,1781154360,165.11643955,166.43653526,161.05908085,161.69450656,
2026-06-11 05:07:00,1781154420,161.69450656,167.85837122,161.55756868,165.24735432,
2026-06-11 05:08:00,1781154480,165.24735432,168.90231523,165.24609695,167.58516707,
2026-06-11 05:09:00,1781154540,167.58516707,171.65155988,166.92930477,170.98278847,
2026-06-11 05:10:00,1781154600,170.98278847,174.17817059,167.47475168,167.90608274,
2026-06-11 05:11:00,1781154660,167.90608274,168.85776751,165.4984359,166.37854913,
2026-06-11 05:12:00,1781154720,166.37854913,172.4672807,166.04244432,169.91906417,
2026-06-11 05:13:00,1781154780,169.91906417,170.67445349,165.67085536,165.98705566,
2026-06-11 05:14:00,1781154840,165.98705566,171.31090344,165.83151636,170.54726623,
2026-06-11 05:15:00,1781154900,170.54726623,175.12404166,167.90759721,172.8968068,
2026-06-11 05:16:00,1781154960,172.8968068,180.88062761,172.8968068,178.19231509,
2026-06-11 05:17:00,1781155020,178.19231509,183.52165357,176.78888493,178.75821348,
2026-06-11 05:18:00,1781155080,178.75821348,179.22943506,169.1407785,169.1407785,
2026-06-11 05:19:00,1781155140,169.1407785,176.25985704,168.25688684,168.94346338,
2026-06-11 05:20:00,1781155200,168.94346338,173.39226016,167.9305483,173.17340354,
2026-06-11 05:21:00,1781155260,173.17340354,179.92089681,172.97949433,179.555336,
2026-06-11 05:22:00,1781155320,179.555336,180.81641043,174.68149708,180.81509347,
2026-06-11 05:23:00,1781155380,180.81509347,181.86242947,172.04745701,172.17568492,
2026-06-11 05:24:00,1781155440,172.17568492,177.31577047,171.39905977,172.89298509,
2026-06-11 05:25:00,1781155500,172.89298509,173.36148979,167.08434228,171.29694932,
2026-06-11 05:26:00,1781155560,171.29694932,173.34245546,165.48707294,167.68204437,
2026-06-11 05:27:00,1781155620,167.68204437,169.15686797,160.31572177,160.37522156,
2026-06-11 05:28:00,1781155680,160.37522156,160.42482042,156.31042417,160.24338504,
2026-06-11 05:29:00,1781155740,160.24338504,164.59311197,160.08684431,163.63045518,
2026-06-11 05:30:00,1781155800,163.63045518,166.91838819,161.7372411,163.56858445,
2026-06-11 05:31:00,1781155860,163.56858445,163.93479593,158.01419512,159.70769347,
2026-06-11 05:32:00,1781155920,159.70769347,170.0261044,159.70646036,168.58314526,
2026-06-11 05:33:00,1781155980,168.58314526,171.93264845,164.48901868,166.949091,
2026-06-11 05:34:00,1781156040,166.949091,167.98044349,163.96525109,164.50960642,
2026-06-11 05:35:00,1781156100,164.50960642,165.6589625,158.34717119,159.83850148,
2026-06-11 05:36:00,1781156160,159.83850148,169.6486253,158.27220007,166.33256373,
2026-06-11 05:37:00,1781156220,166.33256373,168.79431768,164.47258863,166.77710933,
2026-06-11 05:38:00,1781156280,166.77710933,169.39552165,165.85007238,168.03726929,
2026-06-11 05:39:00,1781156340,168.03726929,168.32241692,160.83880739,160.93054793,
2026-06-11 05:40:00,1781156400,160.93054793,163.50420737,160.04795065,161.6603699,
2026-06-11 05:41:00,1781156460,161.6603699,166.18513395,160.38135445,166.18387369,
2026-06-11 05:42:00,1781156520,166.18387369,168.27667138,164.93214467,166.55336183,
2026-06-11 05:43:00,1781156580,166.55336183,172.19059233,166.4891688,168.47656945,
2026-06-11 05:44:00,1781156640,168.47656945,171.74535434,166.27487765,170.90660895,
2026-06-11 05:45:00,1781156700,170.90660895,172.72538311,169.59146927,170.33032884,
2026-06-11 05:46:00,1781156760,170.33032884,171.63460345,168.01663174,169.52989325,
2026-06-11 05:47:00,1781156820,169.52989325,170.00749151,163.24763495,163.32529574,
2026-06-11 05:48:00,1781156880,163.32529574,164.75702438,158.9842538,162.66475017,
2026-06-11 05:49:00,1781156940,162.66475017,164.87928536,160.54925206,161.3526291,
2026-06-11 05:50:00,1781157000,161.3526291,163.89262631,157.71162137,159.12613712,
2026-06-11 05:51:00,1781157060,159.12613712,165.17522673,157.29489006,159.14322325,
2026-06-11 05:52:00,1781157120,159.14322325,159.56098728,156.74727048,158.74262539,
2026-06-11 05:53:00,1781157180,158.74262539,167.0853157,158.72619298,166.60188233,
2026-06-11 05:54:00,1781157240,166.60188233,166.6176999,157.77161608,159.42184769,
2026-06-11 05:55:00,1781157300,159.42184769,167.64735035,159.34435542,165.74192286,
2026-06-11 05:56:00,1781157360,165.74192286,169.29008602,160.90146966,162.31929089,
2026-06-11 05:57:00,1781157420,162.31929089,165.2162335,160.31014385,164.3059809,
2026-06-11 05:58:00,1781157480,164.3059809,165.58937823,159.84705918,160.19730384,
2026-06-11 05:59:00,1781157540,160.19730384,160.2279762,152.60971601,155.09809686,
2026-06-11 06:00:00,1781157600,155.09809686,157.27224834,152.71523481,155.28546451,
2026-06-11 06:01:00,1781157660,155.28546451,157.25587377,151.96350832,154.55726181,
2026-06-11 06:02:00,1781157720,154.55726181,154.55726181,151.92728928,152.19105263,
2026-06-11 06:03:00,1781157780,152.19105263,157.23852399,152.19105263,156.29885065,
2026-06-11 06:04:00,1781157840,156.29885065,156.29885065,145.48069615,145.48069615,
2026-06-11 06:05:00,1781157900,145.48069615,152.79008554,144.24836467,149.81430828,
2026-06-11 06:06:00,1781157960,149.81430828,150.87071611,145.94395401,150.70352966,
2026-06-11 06:07:00,1781158020,150.70352966,154.30915844,149.55988074,150.38207613,
2026-06-11 06:08:00,1781158080,150.38207613,161.23656127,150.23287862,160.43113826,
2026-06-11 06:09:00,1781158140,160.43113826,165.80199108,159.68283111,163.78746586,
2026-06-11 06:10:00,1781158200,163.78746586,167.2476929,161.95448294,165.9953823,
2026-06-11 06:11:00,1781158260,165.9953823,173.58678221,163.87147791,171.66736978,
2026-06-11 06:12:00,1781158320,171.66736978,185.54759443,171.13183087,185.54759443,
2026-06-11 06:13:00,1781158380,185.54759443,188.42307476,178.80042773,182.02045855,
2026-06-11 06:14:00,1781158440,182.02045855,183.80012001,180.5825663,182.70131937,
2026-06-11 06:15:00,1781158500,182.70131937,193.0642998,182.70131937,188.9071749,
2026-06-11 06:16:00,1781158560,188.9071749,198.70565793,186.59227802,187.26586015,
2026-06-11 06:17:00,1781158620,187.26586015,187.58205976,182.80691969,185.8280545,
2026-06-11 06:18:00,1781158680,185.8280545,185.8280545,172.72183565,173.9402669,
2026-06-11 06:19:00,1781158740,173.9402669,179.44902532,172.81392025,176.60960694,
2026-06-11 06:20:00,1781158800,176.60960694,189.5934536,176.55529397,188.853364,
2026-06-11 06:21:00,1781158860,188.853364,210.86459241,188.7642155,201.21143408,
2026-06-11 06:22:00,1781158920,201.21143408,201.34427162,193.82549906,195.68568696,
2026-06-11 06:23:00,1781158980,195.68568696,205.15853322,191.36772563,201.50750713,
2026-06-11 06:24:00,1781159040,201.50750713,209.67673081,195.85748231,205.98129593,
2026-06-11 06:25:00,1781159100,205.98129593,209.32437088,194.44877824,194.44877824,
2026-06-11 06:26:00,1781159160,194.44877824,197.43962084,185.16604544,187.53395389,
2026-06-11 06:27:00,1781159220,187.53395389,191.73125201,181.87393922,183.87604737,
2026-06-11 06:28:00,1781159280,183.87604737,186.09621828,181.62639308,183.49432202,
2026-06-11 06:29:00,1781159340,183.49432202,185.76897086,179.83910727,183.37293115,
2026-06-11 06:30:00,1781159400,183.37293115,185.47967496,179.23901506,179.40527935,
2026-06-11 06:31:00,1781159460,179.40527935,188.06712192,179.34004848,187.74542008,
2026-06-11 06:32:00,1781159520,187.74542008,194.42754403,187.11224068,191.35078378,
2026-06-11 06:33:00,1781159580,191.35078378,192.55709861,186.61911942,191.66353785,
2026-06-11 06:34:00,1781159640,191.66353785,198.32148584,189.67932283,194.77588704,
2026-06-11 06:35:00,1781159700,194.77588704,195.0731987,190.28958228,192.4651563,
2026-06-11 06:36:00,1781159760,192.4651563,201.81291619,191.00751075,198.70586757,
2026-06-11 06:37:00,1781159820,198.70586757,200.84749927,193.53353151,196.91140022,
2026-06-11 06:38:00,1781159880,196.91140022,198.66918575,194.34795805,198.3154552,
2026-06-11 06:39:00,1781159940,198.3154552,198.3154552,196.33741741,196.60754589,
2026-06-11 06:40:00,1781160000,196.60754589,198.59820426,196.33357023,196.65645996,
2026-06-11 06:41:00,1781160060,196.65645996,201.86111933,186.04269805,201.18968907,
2026-06-11 06:42:00,1781160120,201.18968907,201.18968907,191.5909959,192.88663623,
2026-06-11 06:43:00,1781160180,192.88663623,194.523212,187.9033274,188.79274308,
2026-06-11 06:44:00,1781160240,188.79274308,193.78168552,188.27570901,193.74377446,
2026-06-11 06:45:00,1781160300,193.74377446,194.74792544,186.76276672,187.09148893,
2026-06-11 06:46:00,1781160360,187.09148893,187.43434673,178.6809733,181.00827993,
2026-06-11 06:47:00,1781160420,181.00827993,181.09784627,176.08394379,177.10792648,
2026-06-11 06:48:00,1781160480,177.10792648,177.95091329,173.92254847,177.64476628,
2026-06-11 06:49:00,1781160540,177.64476628,177.75384527,168.85084009,169.78140946,
2026-06-11 06:50:00,1781160600,169.78140946,172.18152772,168.20537937,170.83667629,
2026-06-11 06:51:00,1781160660,170.83667629,171.75919226,169.40410279,171.60823021,
2026-06-11 06:52:00,1781160720,171.60823021,172.25271294,167.88924353,168.4820426,
2026-06-11 06:53:00,1781160780,168.4820426,168.50439434,165.40509159,166.80376135,
2026-06-11 06:54:00,1781160840,166.80376135,170.43913724,164.87169365,170.37476271,
2026-06-11 06:55:00,1781160900,170.37476271,170.37476271,159.21191187,162.24446016,
2026-06-11 06:56:00,1781160960,162.24446016,164.20954524,160.13660952,161.21970931,
2026-06-11 06:57:00,1781161020,161.21970931,165.65038449,161.21970931,163.76122188,
2026-06-11 06:58:00,1781161080,163.76122188,168.50929984,163.48428232,165.55166873,
2026-06-11 06:59:00,1781161140,165.55166873,166.29441652,163.41177622,163.41177622,
2026-06-11 07:00:00,1781161200,163.41177622,165.04968836,161.11978155,162.19077512,
2026-06-11 07:01:00,1781161260,162.19077512,165.5784498,160.07118093,164.62153822,
2026-06-11 07:02:00,1781161320,164.62153822,168.17883115,153.90675719,153.90675719,
2026-06-11 07:03:00,1781161380,153.90675719,157.45080512,150.67213361,153.65527766,
2026-06-11 07:04:00,1781161440,153.65527766,155.72197447,151.38548718,151.60052045,
2026-06-11 07:05:00,1781161500,151.60052045,155.45572615,151.44443665,153.36344449,
2026-06-11 07:06:00,1781161560,153.36344449,155.89244161,152.01758917,153.43066588,
2026-06-11 07:07:00,1781161620,153.43066588,154.40573298,147.93458442,150.2364104,
2026-06-11 07:08:00,1781161680,150.2364104,155.07574638,150.2364104,155.07574638,
2026-06-11 07:09:00,1781161740,155.07574638,156.20903157,152.23539542,155.19277203,
2026-06-11 07:10:00,1781161800,155.19277203,159.96579892,153.29148439,159.34496057,
2026-06-11 07:11:00,1781161860,159.34496057,163.68958113,158.0261535,159.19335187,
2026-06-11 07:12:00,1781161920,159.19335187,160.14205884,154.05463138,154.56091701,
2026-06-11 07:13:00,1781161980,154.56091701,159.29725834,150.90301111,156.43218241,
2026-06-11 07:14:00,1781162040,156.43218241,160.73572639,156.35825967,158.14788881,
2026-06-11 07:15:00,1781162100,158.14788881,160.46285709,156.54648176,159.80907418,
2026-06-11 07:16:00,1781162160,159.80907418,163.83366662,156.31859242,163.01526228,
2026-06-11 07:17:00,1781162220,163.01526228,165.26856763,161.46624964,163.7984009,
2026-06-11 07:18:00,1781162280,163.7984009,169.80972429,163.17687941,165.94070264,
2026-06-11 07:19:00,1781162340,165.94070264,166.6711285,163.2510607,164.45016291,
2026-06-11 07:20:00,1781162400,164.45016291,173.32292024,164.02003368,173.17428135,
2026-06-11 07:21:00,1781162460,173.17428135,179.97558697,172.85988478,179.97558697,
2026-06-11 07:22:00,1781162520,179.97558697,183.33094046,173.83437909,175.89273744,
2026-06-11 07:23:00,1781162580,175.89273744,175.89273744,169.78556455,170.90612827,
2026-06-11 07:24:00,1781162640,170.90612827,178.38654148,169.87765817,178.36979352,
2026-06-11 07:25:00,1781162700,178.36979352,178.82242174,171.4943304,172.09300119,
2026-06-11 07:26:00,1781162760,172.09300119,174.43395005,171.2891955,172.97744045,
2026-06-11 07:27:00,1781162820,172.97744045,177.24010121,172.89568603,174.53119472,
2026-06-11 07:28:00,1781162880,174.53119472,176.54078795,173.54792754,176.54078795,
2026-06-11 07:29:00,1781162940,176.54078795,181.18593068,174.77110414,181.11507603,
2026-06-11 07:30:00,1781163000,181.11507603,189.94714478,181.11371929,181.83615862,
2026-06-11 07:31:00,1781163060,181.83615862,181.83615862,172.04821616,173.40191178,
2026-06-11 07:32:00,1781163120,173.40191178,174.32025261,172.41351108,173.44865916,
2026-06-11 07:33:00,1781163180,173.44865916,178.28271335,173.44865916,175.22953357,
2026-06-11 07:34:00,1781163240,175.22953357,175.5118817,169.36939152,169.55285949,
2026-06-11 07:35:00,1781163300,169.55285949,173.0746927,168.85766884,172.0804943,
2026-06-11 07:36:00,1781163360,172.0804943,175.73088059,169.4570947,169.94521634,
2026-06-11 07:37:00,1781163420,169.94521634,172.27791282,167.93425557,168.77480434,
2026-06-11 07:38:00,1781163480,168.77480434,168.77480434,161.09232111,161.645644,
2026-06-11 07:39:00,1781163540,161.645644,161.92196021,157.85393511,157.99975379,
2026-06-11 07:40:00,1781163600,157.99975379,157.99975379,153.96039138,155.11206234,
2026-06-11 07:41:00,1781163660,155.11206234,162.88671448,154.96017005,161.92341782,
2026-06-11 07:42:00,1781163720,161.92341782,168.42322575,161.84623032,166.64249958,
2026-06-11 07:43:00,1781163780,166.64249958,170.18748475,163.50936922,169.20111597,
2026-06-11 07:44:00,1781163840,169.20111597,169.4051504,163.37206661,167.15174819,
2026-06-11 07:45:00,1781163900,167.15174819,171.4647487,166.99269225,170.61054825,
2026-06-11 07:46:00,1781163960,170.61054825,174.1885321,170.56113215,173.97287506,
2026-06-11 07:47:00,1781164020,173.97287506,180.87936945,173.80769049,176.52557411,
2026-06-11 07:48:00,1781164080,176.52557411,178.66683692,174.85830768,175.72798465,
2026-06-11 07:49:00,1781164140,175.72798465,178.8107043,175.49646651,176.06662113,
2026-06-11 07:50:00,1781164200,176.06662113,178.09927739,175.56640668,176.95520899,
2026-06-11 07:51:00,1781164260,176.95520899,178.48652293,172.68543475,173.26749413,
2026-06-11 07:52:00,1781164320,173.26749413,173.26749413,170.65266884,171.60016421,
2026-06-11 07:53:00,1781164380,171.60016421,176.79546252,171.31875161,172.59099185,
2026-06-11 07:54:00,1781164440,172.59099185,175.55225024,171.4578688,174.62369117,
2026-06-11 07:55:00,1781164500,174.62369117,179.27606806,174.23834204,178.39351139,
2026-06-11 07:56:00,1781164560,178.39351139,180.26291853,176.81966298,178.90935484,
2026-06-11 07:57:00,1781164620,178.90935484,181.20633165,178.69132842,179.31449184,
2026-06-11 07:58:00,1781164680,179.31449184,179.77180928,176.6645179,176.73964458,
2026-06-11 07:59:00,1781164740,176.73964458,177.53856367,175.95422382,176.62596798,
2026-06-11 08:00:00,1781164800,176.62596798,185.92971313,176.57537049,183.75264293,
2026-06-11 08:01:00,1781164860,183.75264293,186.68313443,177.89812732,182.06655058,
2026-06-11 08:02:00,1781164920,182.06655058,188.64086096,180.89167344,184.61685884,
2026-06-11 08:03:00,1781164980,184.61685884,187.71382537,183.63841009,184.51087118,
2026-06-11 08:04:00,1781165040,184.51087118,184.73804342,179.92189904,179.95965618,
2026-06-11 08:05:00,1781165100,179.95965618,183.67426127,179.67248859,182.28949426,
2026-06-11 08:06:00,1781165160,182.28949426,186.69337614,181.86420664,186.45112234,
2026-06-11 08:07:00,1781165220,186.45112234,186.45112234,182.33110109,183.41156113,
2026-06-11 08:08:00,1781165280,183.41156113,185.48367792,181.64016082,185.39660466,
2026-06-11 08:09:00,1781165340,185.39660466,191.96547864,183.9871645,186.42408742,
2026-06-11 08:10:00,1781165400,186.42408742,189.77562568,186.24239296,187.36719115,
2026-06-11 08:11:00,1781165460,187.36719115,191.434615,185.97765181,186.09830069,
2026-06-11 08:12:00,1781165520,186.09830069,188.61990529,186.09689877,187.15966944,
2026-06-11 08:13:00,1781165580,187.15966944,201.45332374,187.14099719,201.10111072,
2026-06-11 08:14:00,1781165640,201.10111072,201.10111072,190.22057202,193.57402888,
2026-06-11 08:15:00,1781165700,193.57402888,193.80449046,190.90924961,191.1937104,
2026-06-11 08:16:00,1781165760,191.1937104,191.28000396,187.51595564,188.58097836,
2026-06-11 08:17:00,1781165820,188.58097836,193.19518946,188.58097836,189.64454995,
2026-06-11 08:18:00,1781165880,189.64454995,196.24169851,189.64454995,195.18375057,
2026-06-11 08:19:00,1781165940,195.18375057,195.21799578,191.69237038,192.7460237,
2026-06-11 08:20:00,1781166000,192.7460237,192.7460237,190.39025474,190.95875592,
2026-06-11 08:21:00,1781166060,190.95875592,193.41436162,190.93981177,191.78630544,
2026-06-11 08:22:00,1781166120,191.78630544,201.07510618,191.78487688,200.07061058,
2026-06-11 08:23:00,1781166180,200.07061058,210.36533281,200.05096433,209.96993862,
2026-06-11 08:24:00,1781166240,209.96993862,212.72019989,206.32556888,210.78158482,
2026-06-11 08:25:00,1781166300,210.78158482,211.06369803,204.99522113,207.642193,
2026-06-11 08:26:00,1781166360,207.642193,210.70185537,206.68655159,207.21532165,
2026-06-11 08:27:00,1781166420,207.21532165,211.60588084,206.3863086,209.74930721,
2026-06-11 08:28:00,1781166480,209.74930721,216.0481062,208.87982415,213.70513659,
2026-06-11 08:29:00,1781166540,213.70513659,214.59415723,212.19813265,214.59112948,
2026-06-11 08:30:00,1781166600,214.59112948,216.74822548,212.39530483,212.83412782,
2026-06-11 08:31:00,1781166660,212.83412782,212.90904257,208.82765758,211.25769801,
2026-06-11 08:32:00,1781166720,211.25769801,215.70250532,210.06890394,210.44100067,
2026-06-11 08:33:00,1781166780,210.44100067,214.90528595,210.23276398,214.08589998,
2026-06-11 08:34:00,1781166840,214.08589998,215.59444804,211.91208562,212.73743195,
2026-06-11 08:35:00,1781166900,212.73743195,214.34991795,211.18178921,212.82170804,
2026-06-11 08:36:00,1781166960,212.82170804,212.98917421,210.76786445,210.91872838,
2026-06-11 08:37:00,1781167020,210.91872838,214.36647072,210.89524454,212.5529344,
2026-06-11 08:38:00,1781167080,212.5529344,212.5529344,210.54033417,210.70013318,
2026-06-11 08:39:00,1781167140,210.70013318,220.09267215,208.81423124,216.84757496,
2026-06-11 08:40:00,1781167200,216.84757496,216.84757496,213.10065576,213.7328414,
2026-06-11 08:41:00,1781167260,213.7328414,213.75216714,208.98012204,209.76562507,
2026-06-11 08:42:00,1781167320,209.76562507,210.01211001,203.20738027,203.29967183,
2026-06-11 08:43:00,1781167380,203.29967183,204.87064748,194.96843333,195.11246162,
2026-06-11 08:44:00,1781167440,195.11246162,196.24451828,193.82398177,195.99623616,
2026-06-11 08:45:00,1781167500,195.99623616,204.25340177,195.03780774,201.36130949,
2026-06-11 08:46:00,1781167560,201.36130949,206.43783041,198.78831809,206.38952103,
2026-06-11 08:47:00,1781167620,206.38952103,214.28606855,204.6079136,213.86432237,
2026-06-11 08:48:00,1781167680,213.86432237,233.0949981,213.74789202,225.86766275,
2026-06-11 08:49:00,1781167740,225.86766275,231.13435104,218.30061211,218.30061211,
2026-06-11 08:50:00,1781167800,218.30061211,222.86704628,217.84112882,219.14211553,
2026-06-11 08:51:00,1781167860,219.14211553,225.48873982,216.02418617,216.28935007,
2026-06-11 08:52:00,1781167920,216.28935007,216.52995619,210.69546677,213.69524345,
2026-06-11 08:53:00,1781167980,213.69524345,213.96562156,211.69646153,213.35304079,
2026-06-11 08:54:00,1781168040,213.35304079,213.96330008,212.69709664,213.40698616,
2026-06-11 08:55:00,1781168100,213.40698616,215.98520489,212.43072084,213.4263905,
2026-06-11 08:56:00,1781168160,213.4263905,213.59036652,206.85025623,208.65298863,
2026-06-11 08:57:00,1781168220,208.65298863,209.47501212,204.03661637,208.92463356,
2026-06-11 08:58:00,1781168280,208.92463356,210.64685412,208.58927744,208.64088037,
2026-06-11 08:59:00,1781168340,208.64088037,213.63330373,208.16275062,213.63330373,
2026-06-11 09:00:00,1781168400,213.63330373,213.67174712,204.10179843,208.16393404,
2026-06-11 09:01:00,1781168460,208.16393404,208.65234195,204.74666567,206.48541103,
2026-06-11 09:02:00,1781168520,206.48541103,212.19131501,206.21166909,211.07647501,
2026-06-11 09:03:00,1781168580,211.07647501,212.69260253,209.7094245,211.89021435,
2026-06-11 09:04:00,1781168640,211.89021435,212.80096497,202.81217683,203.62994412,
2026-06-11 09:05:00,1781168700,203.62994412,205.62088055,197.71309882,198.38594696,
2026-06-11 09:06:00,1781168760,198.38594696,198.38594696,193.6920522,196.21949906,
2026-06-11 09:07:00,1781168820,196.21949906,197.15792859,190.38708122,192.54204748,
2026-06-11 09:08:00,1781168880,192.54204748,195.02697698,190.09038128,191.89106021,
2026-06-11 09:09:00,1781168940,191.89106021,192.39328542,189.4641955,192.2111279,
2026-06-11 09:10:00,1781169000,192.2111279,197.04983355,192.2096839,194.95575976,
2026-06-11 09:11:00,1781169060,194.95575976,194.97228202,189.31308732,189.34036339,
2026-06-11 09:12:00,1781169120,189.34036339,190.92179987,187.62123963,190.11926215,
2026-06-11 09:13:00,1781169180,190.11926215,193.31379852,186.50030366,187.01153106,
2026-06-11 09:14:00,1781169240,187.01153106,193.92494537,185.18194198,193.21258046,
2026-06-11 09:15:00,1781169300,193.21258046,193.21258046,184.43356681,185.8181494,
2026-06-11 09:16:00,1781169360,185.8181494,186.18378887,178.85046364,182.74013664,
2026-06-11 09:17:00,1781169420,182.74013664,182.91104105,178.87541149,181.74585783,
2026-06-11 09:18:00,1781169480,181.74585783,189.32612785,181.74585783,189.12975548,
2026-06-11 09:19:00,1781169540,189.12975548,193.0637214,188.24516188,188.8020868,
2026-06-11 09:20:00,1781169600,188.8020868,188.8020868,182.18825607,183.51850196,
2026-06-11 09:21:00,1781169660,183.51850196,183.87124273,180.8229614,180.99137319,
2026-06-11 09:22:00,1781169720,180.99137319,183.11354713,179.02124951,182.19110322,
2026-06-11 09:23:00,1781169780,182.19110322,184.05541416,179.88365643,182.95154121,
2026-06-11 09:24:00,1781169840,182.95154121,184.11660876,178.79028535,183.99384462,
2026-06-11 09:25:00,1781169900,183.99384462,186.68851823,180.92520273,184.77931531,
2026-06-11 09:26:00,1781169960,184.77931531,184.88151506,180.65642502,182.76199942,
2026-06-11 09:27:00,1781170020,182.76199942,184.41235726,181.03459839,183.27486889,
2026-06-11 09:28:00,1781170080,183.27486889,185.23416687,182.64532354,185.06166811,
2026-06-11 09:29:00,1781170140,185.06166811,185.06166811,182.05179204,184.44580621,
2026-06-11 09:30:00,1781170200,184.44580621,189.74374445,183.11607621,183.66769104,
2026-06-11 09:31:00,1781170260,183.66769104,200.39383651,183.24996229,198.45572077,
2026-06-11 09:32:00,1781170320,198.45572077,199.72285153,191.50403988,196.70620053,
2026-06-11 09:33:00,1781170380,196.70620053,198.58528798,193.55778681,197.56924269,
2026-06-11 09:34:00,1781170440,197.56924269,203.90572377,194.81124882,203.5980943,
2026-06-11 09:35:00,1781170500,203.5980943,207.57615405,195.82911734,196.11532355,
2026-06-11 09:36:00,1781170560,196.11532355,200.66080511,196.07744376,199.42406838,
2026-06-11 09:37:00,1781170620,199.42406838,199.53045775,196.63773526,198.19004683,
2026-06-11 09:38:00,1781170680,198.19004683,199.10850239,195.12443659,195.87579767,
2026-06-11 09:39:00,1781170740,195.87579767,199.68750854,195.00451207,195.02270195,
2026-06-11 09:40:00,1781170800,195.02270195,195.99438908,193.87640962,194.63951623,
2026-06-11 09:41:00,1781170860,194.63951623,194.65622851,189.69054997,190.08141325,
2026-06-11 09:42:00,1781170920,190.08141325,195.22744015,189.86254666,193.01258236,
2026-06-11 09:43:00,1781170980,193.01258236,193.23734502,189.24977361,189.35593087,
2026-06-11 09:44:00,1781171040,189.35593087,195.65066833,188.85691742,194.63783896,
2026-06-11 09:45:00,1781171100,194.63783896,194.69106776,190.36481712,193.93567625,
2026-06-11 09:46:00,1781171160,193.93567625,193.93567625,192.46308476,192.56838276,
2026-06-11 09:47:00,1781171220,192.56838276,192.95635857,188.93847006,189.63367847,
2026-06-11 09:48:00,1781171280,189.63367847,194.24021495,189.1025901,193.05868415,
2026-06-11 09:49:00,1781171340,193.05868415,193.34221126,189.41411798,192.58340477,
2026-06-11 09:50:00,1781171400,192.58340477,192.58340477,190.40811422,191.45392253,
2026-06-11 09:51:00,1781171460,191.45392253,201.22002499,191.38939684,199.05356854,
2026-06-11 09:52:00,1781171520,199.05356854,203.49441623,196.45264777,196.61571596,
2026-06-11 09:53:00,1781171580,196.61571596,196.86830625,193.35220545,196.65801282,
2026-06-11 09:54:00,1781171640,196.65801282,197.81750202,191.60498626,197.62831653,
2026-06-11 09:55:00,1781171700,197.62831653,200.58494054,194.78795643,195.00512881,
2026-06-11 09:56:00,1781171760,195.00512881,195.77914953,188.40603642,188.40603642,
2026-06-11 09:57:00,1781171820,188.40603642,188.40603642,185.21291561,186.00753784,
2026-06-11 09:58:00,1781171880,186.00753784,189.8020573,185.88055203,189.8020573,
2026-06-11 09:59:00,1781171940,189.8020573,193.99574573,187.43665529,190.06526377,
2026-06-11 10:00:00,1781172000,190.06526377,195.03709389,188.21938825,191.76983346,
2026-06-11 10:01:00,1781172060,191.76983346,196.57769925,187.70799252,190.32015475,
2026-06-11 10:02:00,1781172120,190.32015475,193.06773094,181.94227401,182.16733729,
2026-06-11 10:03:00,1781172180,182.16733729,183.68277537,179.77487144,181.24295335,
2026-06-11 10:04:00,1781172240,181.24295335,183.19260477,173.33393538,176.8734642,
2026-06-11 10:05:00,1781172300,176.8734642,180.59469398,175.32228013,180.08574889,
2026-06-11 10:06:00,1781172360,180.08574889,187.39049925,176.82933427,187.12338581,
2026-06-11 10:07:00,1781172420,187.12338581,195.60426693,187.12338581,193.69314446,
2026-06-11 10:08:00,1781172480,193.69314446,197.99603629,191.4584163,192.26425165,
2026-06-11 10:09:00,1781172540,192.26425165,192.26425165,184.73843923,190.16508872,
2026-06-11 10:10:00,1781172600,190.16508872,191.10317192,182.91490873,182.91490873,
2026-06-11 10:11:00,1781172660,182.91490873,187.92145532,181.77569256,187.68731992,
2026-06-11 10:12:00,1781172720,187.68731992,187.79182657,182.69945321,185.29210291,
2026-06-11 10:13:00,1781172780,185.29210291,191.32016408,182.70571658,188.52639154,
2026-06-11 10:14:00,1781172840,188.52639154,188.54438216,182.17028289,182.47738677,
2026-06-11 10:15:00,1781172900,182.47738677,186.50772464,182.31957765,184.1274182,
2026-06-11 10:16:00,1781172960,184.1274182,184.1274182,178.0461056,178.25147001,
2026-06-11 10:17:00,1781173020,178.25147001,178.95628585,164.00610385,168.00926231,
2026-06-11 10:18:00,1781173080,168.00926231,174.78745905,167.26257195,167.59898089,
2026-06-11 10:19:00,1781173140,167.59898089,170.0259907,161.80097628,168.36066911,
2026-06-11 10:20:00,1781173200,168.36066911,170.856694,167.50195274,168.68053258,
2026-06-11 10:21:00,1781173260,168.68053258,173.41493531,168.33585827,171.74428479,
2026-06-11 10:22:00,1781173320,171.74428479,172.78633041,165.13776071,165.9144344,
2026-06-11 10:23:00,1781173380,165.9144344,170.95759939,165.91039697,170.24607398,
2026-06-11 10:24:00,1781173440,170.24607398,170.54619375,165.76572623,168.07848644,
2026-06-11 10:25:00,1781173500,168.07848644,170.10473056,167.51976213,169.65737586,
2026-06-11 10:26:00,1781173560,169.65737586,169.67263568,164.45372258,167.31139428,
2026-06-11 10:27:00,1781173620,167.31139428,168.27488505,165.5267852,167.40031969,
2026-06-11 10:28:00,1781173680,167.40031969,170.95545684,167.08541745,170.05872773,
2026-06-11 10:29:00,1781173740,170.05872773,174.39600029,169.32742904,170.68921379,
2026-06-11 10:30:00,1781173800,170.68921379,176.86271933,168.86746808,176.35756423,
2026-06-11 10:31:00,1781173860,176.35756423,183.31652005,176.33904135,178.68236936,
2026-06-11 10:32:00,1781173920,178.68236936,178.68236936,175.7555043,176.98557222,
2026-06-11 10:33:00,1781173980,176.98557222,176.98557222,171.5480991,172.15271494,
2026-06-11 10:34:00,1781174040,172.15271494,180.73368735,172.15271494,173.96412342,
2026-06-11 10:35:00,1781174100,173.96412342,178.12640629,172.58208268,178.12640629,
2026-06-11 10:36:00,1781174160,178.12640629,182.53095934,178.12640629,181.58089767,
2026-06-11 10:37:00,1781174220,181.58089767,183.10396902,178.04906831,180.88073207,
2026-06-11 10:38:00,1781174280,180.88073207,185.90320807,180.08157231,182.90443033,
2026-06-11 10:39:00,1781174340,182.90443033,183.02560872,173.84564855,174.87484313,
2026-06-11 10:40:00,1781174400,174.87484313,178.30169179,174.56162939,175.38908018,
2026-06-11 10:41:00,1781174460,175.38908018,176.85404561,172.10269277,175.10501903,
2026-06-11 10:42:00,1781174520,175.10501903,177.90043271,172.64903972,176.87047953,
2026-06-11 10:43:00,1781174580,176.87047953,180.94926373,176.17933826,176.98253985,
2026-06-11 10:44:00,1781174640,176.98253985,181.43857583,174.95954288,177.37360664,
2026-06-11 10:45:00,1781174700,177.37360664,178.24994789,176.37137926,176.40181322,
2026-06-11 10:46:00,1781174760,176.40181322,182.80472108,174.92792711,180.97737038,
2026-06-11 10:47:00,1781174820,180.97737038,183.98764979,179.05049023,182.24285964,
2026-06-11 10:48:00,1781174880,182.24285964,182.70185242,180.50396388,181.0984838,
2026-06-11 10:49:00,1781174940,181.0984838,182.68779839,179.21492122,182.66619745,
2026-06-11 10:50:00,1781175000,182.66619745,184.35155818,179.90942396,182.65070124,
2026-06-11 10:51:00,1781175060,182.65070124,205.69610971,182.52458674,197.67042191,
2026-06-11 10:52:00,1781175120,197.67042191,197.67042191,186.95891879,193.57522703,
2026-06-11 10:53:00,1781175180,193.57522703,196.41536444,189.40825902,194.25302692,
2026-06-11 10:54:00,1781175240,194.25302692,206.60811601,192.73487305,205.05771506,
2026-06-11 10:55:00,1781175300,205.05771506,222.0363619,197.47067598,220.66940282,
2026-06-11 10:56:00,1781175360,220.66940282,221.24565438,197.67492092,199.09693412,
2026-06-11 10:57:00,1781175420,199.09693412,214.36064707,199.06764762,211.6995807,
2026-06-11 10:58:00,1781175480,211.6995807,221.26500104,209.84444408,215.04797613,
2026-06-11 10:59:00,1781175540,215.04797613,230.31927207,212.97351422,217.36646388,
2026-06-11 11:00:00,1781175600,217.36646388,217.57751779,202.04367259,202.12886198,
2026-06-11 11:01:00,1781175660,202.12886198,219.72058124,202.12886198,219.6795708,
2026-06-11 11:02:00,1781175720,219.6795708,225.99261056,217.41321546,223.13146341,
2026-06-11 11:03:00,1781175780,223.13146341,231.41164129,223.10917554,224.76337849,
2026-06-11 11:04:00,1781175840,224.76337849,230.09192997,224.44559399,226.01785627,
2026-06-11 11:05:00,1781175900,226.01785627,229.19789877,218.20321574,222.89477855,
2026-06-11 11:06:00,1781175960,222.89477855,222.91390998,216.70271002,218.57167852,
2026-06-11 11:07:00,1781176020,218.57167852,221.07639342,210.8060645,211.6409203,
2026-06-11 11:08:00,1781176080,211.6409203,214.34112646,196.50533415,214.21742524,
2026-06-11 11:09:00,1781176140,214.21742524,216.69843677,211.41224054,216.57520194,
2026-06-11 11:10:00,1781176200,216.57520194,223.95188488,216.57520194,223.31204922,
2026-06-11 11:11:00,1781176260,223.31204922,230.76181149,222.8950144,229.63416658,
2026-06-11 11:12:00,1781176320,229.63416658,230.48202149,219.1543665,225.60589249,
2026-06-11 11:13:00,1781176380,225.60589249,226.69024711,221.92251349,225.94516698,
2026-06-11 11:14:00,1781176440,225.94516698,228.03871043,225.6071358,226.6833537,
2026-06-11 11:15:00,1781176500,226.6833537,226.6833537,217.65679324,222.9970019,
2026-06-11 11:16:00,1781176560,222.9970019,225.27512287,222.93322704,224.96363916,
2026-06-11 11:17:00,1781176620,224.96363916,234.54517367,224.96205502,231.24009496,
2026-06-11 11:18:00,1781176680,231.24009496,231.24009496,215.21700287,219.46323415,
2026-06-11 11:19:00,1781176740,219.46323415,220.11407919,209.5551913,213.10028674,
2026-06-11 11:20:00,1781176800,213.10028674,214.12844001,210.2553012,213.06461368,
2026-06-11 11:21:00,1781176860,213.06461368,217.50280857,208.94283625,217.37022359,
2026-06-11 11:22:00,1781176920,217.37022359,222.43035004,217.03994983,220.8463444,
2026-06-11 11:23:00,1781176980,220.8463444,221.96374184,220.32885418,220.95518336,
2026-06-11 11:24:00,1781177040,220.95518336,223.91170319,218.68587849,221.78052751,
2026-06-11 11:25:00,1781177100,221.78052751,221.97474077,212.38684187,214.82104575,
2026-06-11 11:26:00,1781177160,214.82104575,215.16505048,209.21989442,209.2594204,
2026-06-11 11:27:00,1781177220,209.2594204,215.71645829,208.37341183,214.38522933,
2026-06-11 11:28:00,1781177280,214.38522933,223.6482346,213.08830506,223.40488955,
2026-06-11 11:29:00,1781177340,223.40488955,229.22320467,218.81865581,220.08783581,
2026-06-11 11:30:00,1781177400,220.08783581,233.10894384,219.52541609,228.26657483,
2026-06-11 11:31:00,1781177460,228.26657483,239.84172761,223.74661613,238.74630125,
2026-06-11 11:32:00,1781177520,238.74630125,243.26888584,230.1418498,230.4546984,
2026-06-11 11:33:00,1781177580,230.4546984,233.46318964,225.21009684,231.39932806,
2026-06-11 11:34:00,1781177640,231.39932806,231.39932806,221.90923603,225.60559948,
2026-06-11 11:35:00,1781177700,225.60559948,227.87179324,219.09967381,219.93490016,
2026-06-11 11:36:00,1781177760,219.93490016,219.95392542,213.45177385,213.45177385,
2026-06-11 11:37:00,1781177820,213.45177385,217.5861191,207.16884895,208.14749069,
2026-06-11 11:38:00,1781177880,208.14749069,211.72240017,202.20875654,204.97316181,
2026-06-11 11:39:00,1781177940,204.97316181,215.99706971,203.42586313,213.66993443,
2026-06-11 11:40:00,1781178000,213.66993443,215.2757488,209.03841747,210.04470945,
2026-06-11 11:41:00,1781178060,210.04470945,216.27552037,207.93983336,211.773814,
2026-06-11 11:42:00,1781178120,211.773814,212.8572203,208.10944215,212.63108986,
2026-06-11 11:43:00,1781178180,212.63108986,214.01574536,209.73104338,212.71461203,
2026-06-11 11:44:00,1781178240,212.71461203,212.91111026,205.15984421,209.36802196,
2026-06-11 11:45:00,1781178300,209.36802196,209.36802196,203.09279711,204.91868135,
2026-06-11 11:46:00,1781178360,204.91868135,206.93166266,204.87793919,206.34638641,
2026-06-11 11:47:00,1781178420,206.34638641,208.06814513,202.56814969,202.56814969,
2026-06-11 11:48:00,1781178480,202.56814969,203.82592193,200.3000664,202.26365974,
2026-06-11 11:49:00,1781178540,202.26365974,208.39995245,198.50922761,208.39995245,
2026-06-11 11:50:00,1781178600,208.39995245,210.59233872,205.69144298,208.4883605,
2026-06-11 11:51:00,1781178660,208.4883605,231.57957458,206.37830747,225.11395636,
2026-06-11 11:52:00,1781178720,225.11395636,227.80538418,214.30691884,216.8540953,
2026-06-11 11:53:00,1781178780,216.8540953,219.83538534,213.98265957,216.81871598,
2026-06-11 11:54:00,1781178840,216.81871598,216.93001436,212.85461391,215.9416085,
2026-06-11 11:55:00,1781178900,215.9416085,215.9416085,206.36699236,207.32811795,
2026-06-11 11:56:00,1781178960,207.32811795,207.32811795,200.273809,204.2179884,
2026-06-11 11:57:00,1781179020,204.2179884,207.0684049,201.26346054,202.07715336,
2026-06-11 11:58:00,1781179080,202.07715336,203.85267893,200.8865426,202.14377047,
2026-06-11 11:59:00,1781179140,202.14377047,203.48442861,199.05627586,200.23340851,
2026-06-11 12:00:00,1781179200,200.23340851,201.87575376,188.40663124,190.12317,
2026-06-11 12:01:00,1781179260,190.12317,195.72051522,190.12169967,190.51722587,
2026-06-11 12:02:00,1781179320,190.51722587,192.10934366,187.69169996,190.85160783,
2026-06-11 12:03:00,1781179380,190.85160783,191.2379772,182.4609582,183.48403556,
2026-06-11 12:04:00,1781179440,183.48403556,194.07685196,181.16141936,193.48925982,
2026-06-11 12:05:00,1781179500,193.48925982,199.73706076,193.04847184,195.49937745,
2026-06-11 12:06:00,1781179560,195.49937745,202.45974501,191.18553061,192.30550313,
2026-06-11 12:07:00,1781179620,192.30550313,192.30550313,182.11068617,186.01522794,
2026-06-11 12:08:00,1781179680,186.01522794,189.54448433,182.7238418,188.12750258,
2026-06-11 12:09:00,1781179740,188.12750258,190.34186323,181.80573851,183.57496877,
2026-06-11 12:10:00,1781179800,183.57496877,202.25687106,182.61512849,201.70006594,
2026-06-11 12:11:00,1781179860,201.70006594,211.62318835,196.83775274,211.57780038,
2026-06-11 12:12:00,1781179920,211.57780038,217.94649652,208.3167614,217.80043022,
2026-06-11 12:13:00,1781179980,217.80043022,218.48066045,202.4195233,202.4195233,
2026-06-11 12:14:00,1781180040,202.4195233,212.25854407,197.34127754,210.38298282,
2026-06-11 12:15:00,1781180100,210.38298282,213.93743689,202.86335105,206.74652903,
2026-06-11 12:16:00,1781180160,206.74652903,211.14387774,204.84548562,208.34573638,
2026-06-11 12:17:00,1781180220,208.34573638,211.73303207,202.59235435,202.83681669,
2026-06-11 12:18:00,1781180280,202.83681669,217.41308155,202.04439947,211.93489744,
2026-06-11 12:19:00,1781180340,211.93489744,212.45849296,200.6250495,200.6250495,
2026-06-11 12:20:00,1781180400,200.6250495,200.66225358,174.93405594,175.03033362,
2026-06-11 12:21:00,1781180460,175.03033362,177.91422077,161.68274585,164.46575748,
2026-06-11 12:22:00,1781180520,164.46575748,165.87763154,135.30532999,137.57461088,
2026-06-11 12:23:00,1781180580,137.57461088,150.4359246,132.78177403,148.22481392,
2026-06-11 12:24:00,1781180640,148.22481392,158.0623947,139.19188905,143.96875988,
2026-06-11 12:25:00,1781180700,143.96875988,152.00107647,142.66860099,145.65456255,
2026-06-11 12:26:00,1781180760,145.65456255,154.92718782,145.14691725,153.46183291,
2026-06-11 12:27:00,1781180820,153.46183291,154.15677697,140.43806694,145.88199213,
2026-06-11 12:28:00,1781180880,145.88199213,150.06327021,134.71791711,136.73372541,
2026-06-11 12:29:00,1781180940,136.73372541,142.13359213,135.95172447,136.51438704,
2026-06-11 12:30:00,1781181000,136.51438704,153.6695579,114.3968003,131.14238428,
2026-06-11 12:31:00,1781181060,131.14238428,141.61362731,124.24656392,132.94312859,
2026-06-11 12:32:00,1781181120,132.94312859,134.80290018,124.16249206,133.74368763,
2026-06-11 12:33:00,1781181180,133.74368763,136.27420028,124.49021734,127.78169265,
2026-06-11 12:34:00,1781181240,127.78169265,153.02474179,124.56187238,148.35986377,
2026-06-11 12:35:00,1781181300,148.35986377,156.73404343,145.7319496,149.49491092,
2026-06-11 12:36:00,1781181360,149.49491092,160.67473861,149.4595974,155.98813461,
2026-06-11 12:37:00,1781181420,155.98813461,158.54721679,147.06932964,147.39436167,
2026-06-11 12:38:00,1781181480,147.39436167,166.04613972,147.3573971,152.94903302,
2026-06-11 12:39:00,1781181540,152.94903302,162.87367156,150.3927463,150.3927463,
2026-06-11 12:40:00,1781181600,150.3927463,154.79671775,147.53642237,152.53121585,
2026-06-11 12:41:00,1781181660,152.53121585,161.26593192,148.52094875,159.43851834,
2026-06-11 12:42:00,1781181720,159.43851834,161.61810683,153.35583583,159.09860245,
2026-06-11 12:43:00,1781181780,159.09860245,160.57688386,147.59322708,147.59322708,
2026-06-11 12:44:00,1781181840,147.59322708,173.58024716,143.80572945,168.71593465,
2026-06-11 12:45:00,1781181900,168.71593465,171.14054141,158.75940298,168.81791022,
2026-06-11 12:46:00,1781181960,168.81791022,174.74287662,164.86258616,173.33344465,
2026-06-11 12:47:00,1781182020,173.33344465,178.40456379,161.88508848,165.13269706,
2026-06-11 12:48:00,1781182080,165.13269706,168.55722897,158.67575078,159.04621282,
2026-06-11 12:49:00,1781182140,159.04621282,172.07702976,155.40312048,172.07702976,
2026-06-11 12:50:00,1781182200,172.07702976,173.78971267,157.06850889,159.71925679,
2026-06-11 12:51:00,1781182260,159.71925679,174.89294883,159.45088999,174.6625782,
2026-06-11 12:52:00,1781182320,174.6625782,183.70232146,174.66115029,177.15022719,
2026-06-11 12:53:00,1781182380,177.15022719,182.70035881,165.9801254,168.07416555,
2026-06-11 12:54:00,1781182440,168.07416555,170.43477002,165.55999409,167.15600389,
2026-06-11 12:55:00,1781182500,167.15600389,182.4373058,166.39441613,179.17099558,
2026-06-11 12:56:00,1781182560,179.17099558,180.6063135,174.03444773,176.51927114,
2026-06-11 12:57:00,1781182620,176.51927114,179.81127343,169.89189338,171.87586278,
2026-06-11 12:58:00,1781182680,171.87586278,180.56787984,167.76567869,178.1777087,
2026-06-11 12:59:00,1781182740,178.1777087,179.52541151,174.09595887,174.71013194,
2026-06-11 13:00:00,1781182800,174.71013194,175.360242,163.1040146,164.07618527,
2026-06-11 13:01:00,1781182860,164.07618527,169.35561767,160.80077716,160.94960479,
2026-06-11 13:02:00,1781182920,160.94960479,163.73334655,156.34523906,160.49776574,
2026-06-11 13:03:00,1781182980,160.49776574,161.02324866,155.55741475,159.01049503,
2026-06-11 13:04:00,1781183040,159.01049503,167.14021727,157.49750875,161.85535744,
2026-06-11 13:05:00,1781183100,161.85535744,162.00033876,154.49789718,158.98473073,
2026-06-11 13:06:00,1781183160,158.98473073,162.30796909,154.65907796,159.24780563,
2026-06-11 13:07:00,1781183220,159.24780563,162.04817324,156.05650627,158.8922891,
2026-06-11 13:08:00,1781183280,158.8922891,160.4459926,156.54081743,158.42960089,
2026-06-11 13:09:00,1781183340,158.42960089,158.42960089,153.61291554,154.92360157,
2026-06-11 13:10:00,1781183400,154.92360157,158.45855966,154.87419185,157.22542511,
2026-06-11 13:11:00,1781183460,157.22542511,161.03646395,147.5983613,150.83382076,
2026-06-11 13:12:00,1781183520,150.83382076,157.94522193,150.83382076,155.39368017,
2026-06-11 13:13:00,1781183580,155.39368017,159.25982464,154.40044725,155.37164748,
2026-06-11 13:14:00,1781183640,155.37164748,159.82016339,155.06530737,156.21848703,
2026-06-11 13:15:00,1781183700,156.21848703,159.85060113,155.21137758,158.93892557,
2026-06-11 13:16:00,1781183760,158.93892557,165.32101709,158.93619671,164.3184092,
2026-06-11 13:17:00,1781183820,164.3184092,164.71307594,160.07558894,161.71370975,
2026-06-11 13:18:00,1781183880,161.71370975,167.47028358,161.05527217,167.47028358,
2026-06-11 13:19:00,1781183940,167.47028358,172.23404463,165.7111627,171.58900879,
2026-06-11 13:20:00,1781184000,171.58900879,179.64095007,171.58900879,172.84398904,
2026-06-11 13:21:00,1781184060,172.84398904,174.93242843,171.50880659,173.03834517,
2026-06-11 13:22:00,1781184120,173.03834517,173.03834517,156.90621182,158.40628243,
2026-06-11 13:23:00,1781184180,158.40628243,160.42199806,154.64959051,154.74125298,
2026-06-11 13:24:00,1781184240,154.74125298,156.17319408,142.44926325,143.56499685,
2026-06-11 13:25:00,1781184300,143.56499685,146.39954066,140.81315443,145.47758098,
2026-06-11 13:26:00,1781184360,145.47758098,146.24920506,141.4674057,145.91784646,
2026-06-11 13:27:00,1781184420,145.91784646,147.52268162,142.78385931,146.10056472,
2026-06-11 13:28:00,1781184480,146.10056472,148.5874386,143.2037265,148.57194128,
2026-06-11 13:29:00,1781184540,148.57194128,148.63129013,140.53282514,143.93352019,
2026-06-11 13:30:00,1781184600,143.93352019,143.97880035,136.61874482,142.80300103,
2026-06-11 13:31:00,1781184660,142.80300103,143.67353643,129.02312475,132.89363081,
2026-06-11 13:32:00,1781184720,132.89363081,134.05208127,124.32378302,130.669251,
2026-06-11 13:33:00,1781184780,130.669251,143.86016529,130.61346885,137.06913728,
2026-06-11 13:34:00,1781184840,137.06913728,141.00392075,130.10443199,137.39655311,
2026-06-11 13:35:00,1781184900,137.39655311,152.83130461,132.46469548,152.49846269,
2026-06-11 13:36:00,1781184960,152.49846269,164.06315845,149.09486905,149.12582465,
2026-06-11 13:37:00,1781185020,149.12582465,159.54421406,146.64733456,156.80344505,
2026-06-11 13:38:00,1781185080,156.80344505,157.94519836,138.95194942,140.72841882,
2026-06-11 13:39:00,1781185140,140.72841882,155.76670403,140.72841882,147.65426606,
2026-06-11 13:40:00,1781185200,147.65426606,148.98901067,135.19185605,148.18804532,
2026-06-11 13:41:00,1781185260,148.18804532,149.701139,129.77860342,134.96632581,
2026-06-11 13:42:00,1781185320,134.96632581,143.40323757,129.95813387,139.01478573,
2026-06-11 13:43:00,1781185380,139.01478573,156.65651885,139.01478573,154.51566296,
2026-06-11 13:44:00,1781185440,154.51566296,167.8899626,154.05282662,167.17461371,
2026-06-11 13:45:00,1781185500,167.17461371,195.0285079,162.83331028,181.41579658,
2026-06-11 13:46:00,1781185560,181.41579658,183.81147374,170.9634274,180.49054069,
2026-06-11 13:47:00,1781185620,180.49054069,186.67360926,171.40989086,180.41029703,
2026-06-11 13:48:00,1781185680,180.41029703,182.42581634,174.93619401,179.28160367,
2026-06-11 13:49:00,1781185740,179.28160367,184.17069334,174.69839178,174.76921673,
2026-06-11 13:50:00,1781185800,174.76921673,199.41712811,173.64355731,195.98211747,
2026-06-11 13:51:00,1781185860,195.98211747,196.07749161,180.38225019,186.92740103,
2026-06-11 13:52:00,1781185920,186.92740103,198.75876835,180.11910622,186.65901034,
2026-06-11 13:53:00,1781185980,186.65901034,212.88877478,178.00076948,211.02778493,
2026-06-11 13:54:00,1781186040,211.02778493,212.05765172,195.03389291,198.62443893,
2026-06-11 13:55:00,1781186100,198.62443893,198.66368985,187.8978961,191.13835878,
2026-06-11 13:56:00,1781186160,191.13835878,191.59578416,173.75876371,173.82959982,
2026-06-11 13:57:00,1781186220,173.82959982,176.47605284,163.8533107,164.72039262,
2026-06-11 13:58:00,1781186280,164.72039262,175.53265539,164.72039262,171.49156479,
2026-06-11 13:59:00,1781186340,171.49156479,181.04681327,171.35111308,179.14441571,
2026-06-11 14:00:00,1781186400,179.14441571,181.63306653,171.54733001,175.31316341,
2026-06-11 14:01:00,1781186460,175.31316341,177.73532784,165.28097284,174.43259537,
2026-06-11 14:02:00,1781186520,174.43259537,177.49507979,167.59672646,171.78621724,
2026-06-11 14:03:00,1781186580,171.78621724,177.59217754,165.45888967,166.19612466,
2026-06-11 14:04:00,1781186640,166.19612466,181.18345421,162.59851292,180.55998113,
2026-06-11 14:05:00,1781186700,180.55998113,180.88759097,154.05051865,155.3624034,
2026-06-11 14:06:00,1781186760,155.3624034,161.86367137,149.8248509,150.37353757,
2026-06-11 14:07:00,1781186820,150.37353757,164.66940316,149.99310168,163.80805798,
2026-06-11 14:08:00,1781186880,163.80805798,163.80805798,156.38086865,163.00850229,
2026-06-11 14:09:00,1781186940,163.00850229,163.71639062,146.63123379,152.40279708,
2026-06-11 14:10:00,1781187000,152.40279708,155.92887916,137.04702599,137.04702599,
2026-06-11 14:11:00,1781187060,137.04702599,143.02490921,128.55880585,142.72243608,
2026-06-11 14:12:00,1781187120,142.72243608,145.4894234,131.63631042,134.81711471,
2026-06-11 14:13:00,1781187180,134.81711471,140.40075093,130.7927675,139.80083034,
2026-06-11 14:14:00,1781187240,139.80083034,141.40544539,132.47464666,134.10171985,
2026-06-11 14:15:00,1781187300,134.10171985,146.96415906,132.24890585,140.97512827,
2026-06-11 14:16:00,1781187360,140.97512827,142.46168817,125.3257417,125.9676412,
2026-06-11 14:17:00,1781187420,125.9676412,139.17080421,125.81606514,135.90563348,
2026-06-11 14:18:00,1781187480,135.90563348,136.7074643,126.69340173,126.94174951,
2026-06-11 14:19:00,1781187540,126.94174951,138.43921199,125.28200384,134.44202803,
2026-06-11 14:20:00,1781187600,134.44202803,144.71709325,131.68135852,144.31995375,
2026-06-11 14:21:00,1781187660,144.31995375,148.7313158,139.01170516,148.7313158,
2026-06-11 14:22:00,1781187720,148.7313158,153.00820268,136.9165789,149.09158832,
2026-06-11 14:23:00,1781187780,149.09158832,161.55272987,148.93345346,154.21321718,
2026-06-11 14:24:00,1781187840,154.21321718,164.8193078,149.37662711,156.75432679,
2026-06-11 14:25:00,1781187900,156.75432679,161.38022439,153.82818745,157.32939433,
2026-06-11 14:26:00,1781187960,157.32939433,157.44296948,143.75044839,144.90724781,
2026-06-11 14:27:00,1781188020,144.90724781,155.34626162,144.90592388,150.82438821,
2026-06-11 14:28:00,1781188080,150.82438821,158.89375521,148.19288524,158.03518089,
2026-06-11 14:29:00,1781188140,158.03518089,167.34852269,154.78812875,165.85706683,
2026-06-11 14:30:00,1781188200,165.85706683,171.18890902,148.41530427,149.46048049,
2026-06-11 14:31:00,1781188260,149.46048049,156.29626061,146.66504566,153.36946237,
2026-06-11 14:32:00,1781188320,153.36946237,159.15771774,148.81107518,151.8897945,
2026-06-11 14:33:00,1781188380,151.8897945,155.33151934,145.83149029,147.05132232,
2026-06-11 14:34:00,1781188440,147.05132232,150.12764509,140.27322781,149.22824156,
2026-06-11 14:35:00,1781188500,149.22824156,156.67092873,145.73759421,155.10601757,
2026-06-11 14:36:00,1781188560,155.10601757,171.85667604,150.93550679,171.53743262,
2026-06-11 14:37:00,1781188620,171.53743262,173.02830889,149.84662814,149.84662814,
2026-06-11 14:38:00,1781188680,149.84662814,159.0743228,149.84662814,153.56781372,
2026-06-11 14:39:00,1781188740,153.56781372,154.26329967,144.86675577,147.16002826,
2026-06-11 14:40:00,1781188800,147.16002826,148.91414272,142.00552311,148.58372582,
2026-06-11 14:41:00,1781188860,148.58372582,153.10436441,142.39177153,144.44087392,
2026-06-11 14:42:00,1781188920,144.44087392,150.18641424,140.32859742,143.815171,
2026-06-11 14:43:00,1781188980,143.815171,145.82775065,135.76751943,140.59306817,
2026-06-11 14:44:00,1781189040,140.59306817,145.12896856,136.19839407,136.96197837,
2026-06-11 14:45:00,1781189100,136.96197837,144.23621428,136.11090495,141.9818939,
2026-06-11 14:46:00,1781189160,141.9818939,148.17157248,137.27146274,140.36741812,
2026-06-11 14:47:00,1781189220,140.36741812,146.43960581,139.8893682,141.23628838,
2026-06-11 14:48:00,1781189280,141.23628838,153.36023129,140.85845391,147.97666269,
2026-06-11 14:49:00,1781189340,147.97666269,150.48561687,141.99376945,143.19748229,
2026-06-11 14:50:00,1781189400,143.19748229,150.70892382,137.82507075,148.9647806,
2026-06-11 14:51:00,1781189460,148.9647806,160.3788094,144.6112554,153.88160635,
2026-06-11 14:52:00,1781189520,153.88160635,154.60243388,144.33125028,148.22633839,
2026-06-11 14:53:00,1781189580,148.22633839,157.09758746,145.76125849,147.04420608,
2026-06-11 14:54:00,1781189640,147.04420608,151.85682209,142.95375045,146.50144147,
2026-06-11 14:55:00,1781189700,146.50144147,146.8825635,139.00423626,139.4794171,
2026-06-11 14:56:00,1781189760,139.4794171,140.00187118,124.06079188,128.8465339,
2026-06-11 14:57:00,1781189820,128.8465339,135.03226741,123.69035161,134.51655983,
2026-06-11 14:58:00,1781189880,134.51655983,137.19537674,120.46054847,121.53661911,
2026-06-11 14:59:00,1781189940,121.53661911,123.2692285,118.83964323,119.22328232,
2026-06-11 15:00:00,1781190000,119.22328232,124.30677235,113.6511185,113.73961378,
2026-06-11 15:01:00,1781190060,113.73961378,113.75126266,95.84137895,100.04206808,
2026-06-11 15:02:00,1781190120,100.04206808,111.88619653,98.23327111,105.83733077,
2026-06-11 15:03:00,1781190180,105.83733077,120.02308604,105.49903874,115.63436238,
2026-06-11 15:04:00,1781190240,115.63436238,121.31840034,113.40155271,119.128809,
2026-06-11 15:05:00,1781190300,119.128809,119.45844675,108.92822448,110.63056603,
2026-06-11 15:06:00,1781190360,110.63056603,119.13485739,109.0972235,114.78089537,
2026-06-11 15:07:00,1781190420,114.78089537,135.62714226,112.11302334,133.87905029,
2026-06-11 15:08:00,1781190480,133.87905029,138.18845732,125.04415748,131.64038221,
2026-06-11 15:09:00,1781190540,131.64038221,134.43560167,123.49696977,124.94696197,
2026-06-11 15:10:00,1781190600,124.94696197,125.01441917,117.3733693,120.15447242,
2026-06-11 15:11:00,1781190660,120.15447242,124.57962098,118.62053995,122.95430498,
2026-06-11 15:12:00,1781190720,122.95430498,139.13377312,121.52474776,131.56623271,
2026-06-11 15:13:00,1781190780,131.56623271,133.12914693,124.56482053,125.42746051,
2026-06-11 15:14:00,1781190840,125.42746051,125.42746051,115.29295304,115.85738945,
2026-06-11 15:15:00,1781190900,115.85738945,123.38151359,113.31524556,122.88651153,
2026-06-11 15:16:00,1781190960,122.88651153,125.45169228,113.54575402,114.42842194,
2026-06-11 15:17:00,1781191020,114.42842194,118.49033778,112.59574614,113.14774124,
2026-06-11 15:18:00,1781191080,113.14774124,115.01479283,105.74533477,107.23875116,
2026-06-11 15:19:00,1781191140,107.23875116,113.12610179,106.10698268,111.89346426,
2026-06-11 15:20:00,1781191200,111.89346426,127.79535987,110.84687314,125.88740717,
2026-06-11 15:21:00,1781191260,125.88740717,131.28092183,124.42213962,126.87159907,
2026-06-11 15:22:00,1781191320,126.87159907,126.87159907,120.18460425,122.5198754,
2026-06-11 15:23:00,1781191380,122.5198754,131.37076449,121.03494601,129.72731704,
2026-06-11 15:24:00,1781191440,129.72731704,131.16605222,126.41131591,126.41131591,
2026-06-11 15:25:00,1781191500,126.41131591,126.63416312,119.30518997,123.77712786,
2026-06-11 15:26:00,1781191560,123.77712786,124.21163588,118.87248849,124.12265689,
2026-06-11 15:27:00,1781191620,124.12265689,126.15567683,118.09652955,121.65524008,
2026-06-11 15:28:00,1781191680,121.65524008,122.87547489,115.78324203,118.50506043,
2026-06-11 15:29:00,1781191740,118.50506043,119.99262723,115.03641842,117.33782546,
2026-06-11 15:30:00,1781191800,117.33782546,120.45180602,110.95685808,111.73932275,
2026-06-11 15:31:00,1781191860,111.73932275,112.35396116,106.47811199,112.1483804,
2026-06-11 15:32:00,1781191920,112.1483804,117.42135308,111.57674736,117.38189709,
2026-06-11 15:33:00,1781191980,117.38189709,117.43450745,110.6534608,116.86245052,
2026-06-11 15:34:00,1781192040,116.86245052,123.70283983,116.86245052,120.87235638,
2026-06-11 15:35:00,1781192100,120.87235638,132.96624117,119.45702284,128.64673668,
2026-06-11 15:36:00,1781192160,128.64673668,132.32014409,121.61976168,131.00623644,
2026-06-11 15:37:00,1781192220,131.00623644,135.92416482,130.16999826,134.54705729,
2026-06-11 15:38:00,1781192280,134.54705729,135.53370333,127.21799485,134.72299301,
2026-06-11 15:39:00,1781192340,134.72299301,137.64375164,129.04048567,129.43543398,
2026-06-11 15:40:00,1781192400,129.43543398,135.8595627,127.88102278,134.2745506,
2026-06-11 15:41:00,1781192460,134.2745506,134.2745506,125.71808253,125.77399912,
2026-06-11 15:42:00,1781192520,125.77399912,127.28615686,120.04113588,122.56678004,
2026-06-11 15:43:00,1781192580,122.56678004,124.93824738,111.63971084,112.58740771,
2026-06-11 15:44:00,1781192640,112.58740771,114.97839473,107.00033251,107.23920972,
2026-06-11 15:45:00,1781192700,107.23920972,110.01607959,97.9537761,99.72331673,
2026-06-11 15:46:00,1781192760,99.72331673,108.72329554,99.72331673,107.95865118,
2026-06-11 15:47:00,1781192820,107.95865118,112.81357969,107.40238725,110.84928031,
2026-06-11 15:48:00,1781192880,110.84928031,110.9497493,98.92740558,102.81408255,
2026-06-11 15:49:00,1781192940,102.81408255,105.71220446,98.51925805,99.83772486,
2026-06-11 15:50:00,1781193000,99.83772486,101.61784879,97.53574995,98.70586136,
2026-06-11 15:51:00,1781193060,98.70586136,103.03344986,98.22293854,100.77224098,
2026-06-11 15:52:00,1781193120,100.77224098,102.44432312,94.2156079,96.78697581,
2026-06-11 15:53:00,1781193180,96.78697581,97.6314749,92.78161206,95.67601638,
2026-06-11 15:54:00,1781193240,95.67601638,101.40821826,95.65551151,101.18380993,
2026-06-11 15:55:00,1781193300,101.18380993,104.64940807,94.82396635,103.7336352,
2026-06-11 15:56:00,1781193360,103.7336352,106.72988957,100.90340281,106.72988957,
2026-06-11 15:57:00,1781193420,106.72988957,110.09198053,104.69718915,108.83362228,
2026-06-11 15:58:00,1781193480,108.83362228,111.37755361,107.36851462,111.33807648,
2026-06-11 15:59:00,1781193540,111.33807648,114.40405981,109.28153004,114.35062778,
2026-06-11 16:00:00,1781193600,114.35062778,120.125572,113.73315788,118.83652443,
2026-06-11 16:01:00,1781193660,118.83652443,122.72058227,113.51201045,114.33442696,
2026-06-11 16:02:00,1781193720,114.33442696,114.36899404,110.73481583,112.85807192,
2026-06-11 16:03:00,1781193780,112.85807192,114.3989926,106.50980162,106.57052567,
2026-06-11 16:04:00,1781193840,106.57052567,106.93259975,102.31347696,104.43962383,
2026-06-11 16:05:00,1781193900,104.43962383,110.15965061,102.65874372,109.69917317,
2026-06-11 16:06:00,1781193960,109.69917317,120.00859321,109.54925724,118.17540078,
2026-06-11 16:07:00,1781194020,118.17540078,123.26786465,116.39079679,122.70766209,
2026-06-11 16:08:00,1781194080,122.70766209,122.7203184,116.7998978,120.89900057,
2026-06-11 16:09:00,1781194140,120.89900057,120.89900057,108.51051863,109.31682952,
2026-06-11 16:10:00,1781194200,109.31682952,115.06240136,106.39235889,107.57406048,
2026-06-11 16:11:00,1781194260,107.57406048,111.32556295,106.92471156,109.53580611,
2026-06-11 16:12:00,1781194320,109.53580611,111.93545305,107.48674641,110.92623833,
2026-06-11 16:13:00,1781194380,110.92623833,112.08897062,108.98877229,110.24416396,
2026-06-11 16:14:00,1781194440,110.24416396,117.6668983,109.66153521,117.09248351,
2026-06-11 16:15:00,1781194500,117.09248351,119.64546679,112.15325945,114.28849801,
2026-06-11 16:16:00,1781194560,114.28849801,117.02285826,112.63351661,115.88406942,
2026-06-11 16:17:00,1781194620,115.88406942,116.17516888,109.34043361,115.31583099,
2026-06-11 16:18:00,1781194680,115.31583099,115.90316458,111.66723966,114.48003334,
2026-06-11 16:19:00,1781194740,114.48003334,115.02291061,111.15697452,113.69951989,
2026-06-11 16:20:00,1781194800,113.69951989,114.46210805,107.1132143,107.37031396,
2026-06-11 16:21:00,1781194860,107.37031396,112.25158414,96.25798648,98.61770677,
2026-06-11 16:22:00,1781194920,98.61770677,101.84291633,93.96841448,94.51415808,
2026-06-11 16:23:00,1781194980,94.51415808,97.00898711,91.40403389,92.46309876,
2026-06-11 16:24:00,1781195040,92.46309876,93.58874564,88.68689782,89.61080958,
2026-06-11 16:25:00,1781195100,89.61080958,90.66449438,84.63624063,86.01951096,
2026-06-11 16:26:00,1781195160,86.01951096,91.11928154,85.61292857,88.53845156,
2026-06-11 16:27:00,1781195220,88.53845156,91.16857441,88.5245391,89.80809003,
2026-06-11 16:28:00,1781195280,89.80809003,94.78549532,89.53082326,91.97936095,
2026-06-11 16:29:00,1781195340,91.97936095,94.82758863,90.92570029,91.71887047,
2026-06-11 16:30:00,1781195400,91.71887047,93.16224088,87.46555523,89.39278101,
2026-06-11 16:31:00,1781195460,89.39278101,90.85778692,86.11257724,86.11257724,
2026-06-11 16:32:00,1781195520,86.11257724,89.83210755,82.2224887,89.67919894,
2026-06-11 16:33:00,1781195580,89.67919894,96.8666808,87.64601306,96.8666808,
2026-06-11 16:34:00,1781195640,96.8666808,106.224296,95.23606195,98.99635056,
2026-06-11 16:35:00,1781195700,98.99635056,104.50116847,96.35388936,102.66155136,
2026-06-11 16:36:00,1781195760,102.66155136,110.9317764,101.42389549,110.9317764,
2026-06-11 16:37:00,1781195820,110.9317764,113.06111473,106.58002633,107.28021617,
2026-06-11 16:38:00,1781195880,107.28021617,109.24470707,101.83885863,105.83024356,
2026-06-11 16:39:00,1781195940,105.83024356,105.87907608,99.91642368,101.83881922,
2026-06-11 16:40:00,1781196000,101.83881922,103.94391897,96.62342525,97.88614653,
2026-06-11 16:41:00,1781196060,97.88614653,100.61932474,93.57648264,93.83631726,
2026-06-11 16:42:00,1781196120,93.83631726,96.01663325,90.8407765,95.27016261,
2026-06-11 16:43:00,1781196180,95.27016261,99.29192879,92.80388757,94.04215016,
2026-06-11 16:44:00,1781196240,94.04215016,94.82987236,90.25578161,92.83485656,
2026-06-11 16:45:00,1781196300,92.83485656,96.14302326,87.27267474,87.2821417,
2026-06-11 16:46:00,1781196360,87.2821417,91.60656325,87.16208797,89.09976253,
2026-06-11 16:47:00,1781196420,89.09976253,90.69330469,87.21233472,90.04868426,
2026-06-11 16:48:00,1781196480,90.04868426,94.80503405,90.04868426,93.98942308,
2026-06-11 16:49:00,1781196540,93.98942308,93.99977703,86.21480175,88.99393059,
2026-06-11 16:50:00,1781196600,88.99393059,89.90968358,83.0672445,89.20001226,
2026-06-11 16:51:00,1781196660,89.20001226,89.83339826,86.05449927,86.47245226,
2026-06-11 16:52:00,1781196720,86.47245226,88.31002672,83.09244456,85.57113516,
2026-06-11 16:53:00,1781196780,85.57113516,89.83182367,84.66112857,88.44620087,
2026-06-11 16:54:00,1781196840,88.44620087,92.48583926,86.66013012,87.08285693,
2026-06-11 16:55:00,1781196900,87.08285693,87.43699525,83.43685949,83.68550029,
2026-06-11 16:56:00,1781196960,83.68550029,87.00869836,82.37972742,83.49115809,
2026-06-11 16:57:00,1781197020,83.49115809,84.1262507,82.22525885,83.6889858,
2026-06-11 16:58:00,1781197080,83.6889858,85.16359548,82.42887844,82.42887844,
2026-06-11 16:59:00,1781197140,82.42887844,83.79828149,81.27306389,81.37197488,
2026-06-11 17:00:00,1781197200,81.37197488,81.65705344,78.71149156,80.66073127,
2026-06-11 17:01:00,1781197260,80.66073127,86.1328114,80.63721566,81.37968162,
2026-06-11 17:02:00,1781197320,81.37968162,83.20509052,77.74182729,77.7712842,
2026-06-11 17:03:00,1781197380,77.7712842,78.33416533,64.82913652,66.30722605,
2026-06-11 17:04:00,1781197440,66.30722605,66.99578359,63.22428628,66.99578359,
2026-06-11 17:05:00,1781197500,66.99578359,72.89520064,66.99578359,72.27126835,
2026-06-11 17:06:00,1781197560,72.27126835,75.01491289,71.43234106,73.68551803,
2026-06-11 17:07:00,1781197620,73.68551803,77.10226212,71.55984323,75.70050899,
2026-06-11 17:08:00,1781197680,75.70050899,76.19004602,72.97920054,73.66335751,
2026-06-11 17:09:00,1781197740,73.66335751,77.79021841,73.52408795,76.32159257,
2026-06-11 17:10:00,1781197800,76.32159257,82.19210531,74.83447842,79.85908299,
2026-06-11 17:11:00,1781197860,79.85908299,80.54523738,75.12208288,75.12208288,
2026-06-11 17:12:00,1781197920,75.12208288,78.1918936,69.86992843,70.05723087,
2026-06-11 17:13:00,1781197980,70.05723087,72.37672458,67.81184099,71.28627489,
2026-06-11 17:14:00,1781198040,71.28627489,72.72993687,70.38618848,70.49372986,
2026-06-11 17:15:00,1781198100,70.49372986,73.75850707,65.80169499,73.25504493,
2026-06-11 17:16:00,1781198160,73.25504493,75.30709929,72.84805594,74.84609098,
2026-06-11 17:17:00,1781198220,74.84609098,74.84609098,71.78669225,72.74725326,
2026-06-11 17:18:00,1781198280,72.74725326,72.74725326,65.7227115,66.33641705,
2026-06-11 17:19:00,1781198340,66.33641705,68.28383394,64.81778754,64.84312248,
2026-06-11 17:20:00,1781198400,64.84312248,67.924572,62.50867473,67.38918705,
2026-06-11 17:21:00,1781198460,67.38918705,68.56181676,62.97611913,64.93717189,
2026-06-11 17:22:00,1781198520,64.93717189,67.47665775,62.09575718,63.68957988,
2026-06-11 17:23:00,1781198580,63.68957988,67.20480451,63.17346876,66.392059,
2026-06-11 17:24:00,1781198640,66.392059,68.41123098,62.80991914,67.71197326,
2026-06-11 17:25:00,1781198700,67.71197326,68.52759117,64.43989374,66.552736,
2026-06-11 17:26:00,1781198760,66.552736,67.52681853,62.38379894,62.53980349,
2026-06-11 17:27:00,1781198820,62.53980349,64.78645771,61.39038912,64.51447957,
2026-06-11 17:28:00,1781198880,64.51447957,102.72210863,63.88362572,90.44245635,
2026-06-11 17:29:00,1781198940,90.44245635,127.20548121,85.89463374,123.94300481,
2026-06-11 17:30:00,1781199000,123.94300481,152.41533762,123.94300481,137.03821595,
2026-06-11 17:31:00,1781199060,137.03821595,166.92871205,126.54514739,164.77368793,
2026-06-11 17:32:00,1781199120,164.77368793,206.36138713,162.95785013,206.36138713,
2026-06-11 17:33:00,1781199180,206.36138713,211.96979328,176.00924564,176.00924564,
2026-06-11 17:34:00,1781199240,176.00924564,179.13447924,156.07686612,169.63883561,
2026-06-11 17:35:00,1781199300,169.63883561,175.71325478,146.25388093,166.71097025,
2026-06-11 17:36:00,1781199360,166.71097025,170.81493959,146.72885096,151.0776095,
2026-06-11 17:37:00,1781199420,151.0776095,163.77566084,146.80471698,159.09036299,
2026-06-11 17:38:00,1781199480,159.09036299,169.67192634,152.62669444,165.96973516,
2026-06-11 17:39:00,1781199540,165.96973516,171.35206956,157.17153619,165.17568525,
2026-06-11 17:40:00,1781199600,165.17568525,187.87351156,165.17568525,184.57383275,
2026-06-11 17:41:00,1781199660,184.57383275,197.55864652,178.46834423,195.15016689,
2026-06-11 17:42:00,1781199720,195.15016689,199.68803488,180.92391536,189.49275218,
2026-06-11 17:43:00,1781199780,189.49275218,195.31279072,180.34164411,184.02446326,
2026-06-11 17:44:00,1781199840,184.02446326,191.25317916,179.0866231,188.1428988,
2026-06-11 17:45:00,1781199900,188.1428988,216.32044529,187.70335609,216.29420337,
2026-06-11 17:46:00,1781199960,216.29420337,216.40429469,182.8334152,191.51945949,
2026-06-11 17:47:00,1781200020,191.51945949,222.31934596,191.13194287,214.63242815,
2026-06-11 17:48:00,1781200080,214.63242815,231.89851598,214.00536113,218.00732235,
2026-06-11 17:49:00,1781200140,218.00732235,252.73160663,201.44934157,244.14774907,
2026-06-11 17:50:00,1781200200,244.14774907,244.34417078,217.52678781,217.57172201,
2026-06-11 17:51:00,1781200260,217.57172201,238.32733176,209.33935477,229.94296468,
2026-06-11 17:52:00,1781200320,229.94296468,242.01795985,218.10835941,219.57993454,
2026-06-11 17:53:00,1781200380,219.57993454,222.78002436,206.62266177,211.31164519,
2026-06-11 17:54:00,1781200440,211.31164519,211.97739211,201.61983235,210.2152229,
2026-06-11 17:55:00,1781200500,210.2152229,216.41682981,204.78487685,208.59875336,
2026-06-11 17:56:00,1781200560,208.59875336,209.32173992,189.72318215,200.10858045,
2026-06-11 17:57:00,1781200620,200.10858045,213.21552342,193.61598081,210.33794088,
2026-06-11 17:58:00,1781200680,210.33794088,230.20778216,208.67627204,223.95926654,
2026-06-11 17:59:00,1781200740,223.95926654,251.5356852,216.61054723,249.02536836,
2026-06-11 18:00:00,1781200800,249.02536836,267.51933734,243.81393239,256.73390402,
2026-06-11 18:01:00,1781200860,256.73390402,277.63644911,254.49125656,275.89996195,
2026-06-11 18:02:00,1781200920,275.89996195,289.92179911,244.23713254,245.1536468,
2026-06-11 18:03:00,1781200980,245.1536468,270.64066416,232.65242596,238.07238994,
2026-06-11 18:04:00,1781201040,238.07238994,239.49415695,214.60633151,221.18525702,
2026-06-11 18:05:00,1781201100,221.18525702,222.94210908,198.75031962,199.19066836,
2026-06-11 18:06:00,1781201160,199.19066836,203.29257978,188.21079938,194.45723457,
2026-06-11 18:07:00,1781201220,194.45723457,199.6818882,188.10851378,195.57112956,
2026-06-11 18:08:00,1781201280,195.57112956,200.71296254,183.33385874,183.33385874,
2026-06-11 18:09:00,1781201340,183.33385874,189.87966609,177.89629361,188.21468284,
2026-06-11 18:10:00,1781201400,188.21468284,190.50276965,175.95626749,183.71869674,
2026-06-11 18:11:00,1781201460,183.71869674,201.90692915,177.59218402,198.15310776,
2026-06-11 18:12:00,1781201520,198.15310776,214.80707306,198.15310776,203.06087928,
2026-06-11 18:13:00,1781201580,203.06087928,207.39458992,196.09328679,204.60254625,
2026-06-11 18:14:00,1781201640,204.60254625,209.98573099,200.29935136,208.02414171,
2026-06-11 18:15:00,1781201700,208.02414171,236.63872079,206.38774963,236.63872079,
2026-06-11 18:16:00,1781201760,236.63872079,241.58204073,227.80416358,237.42377392,
2026-06-11 18:17:00,1781201820,237.42377392,238.3272295,222.31297257,231.53452653,
2026-06-11 18:18:00,1781201880,231.53452653,234.60908282,214.69721529,221.98151981,
2026-06-11 18:19:00,1781201940,221.98151981,239.93031208,214.11588999,232.24264656,
2026-06-11 18:20:00,1781202000,232.24264656,235.66164229,222.31747665,228.25803003,
2026-06-11 18:21:00,1781202060,228.25803003,241.27206976,225.98142203,228.37899553,
2026-06-11 18:22:00,1781202120,228.37899553,228.56119642,187.9415621,201.19729667,
2026-06-11 18:23:00,1781202180,201.19729667,203.62347468,186.79484732,191.12122969,
2026-06-11 18:24:00,1781202240,191.12122969,197.78773224,184.44220349,194.78472605,
2026-06-11 18:25:00,1781202300,194.78472605,206.07957183,193.32070283,205.55619291,
2026-06-11 18:26:00,1781202360,205.55619291,208.02947365,199.52158749,207.47652858,
2026-06-11 18:27:00,1781202420,207.47652858,209.201232,201.27080012,203.23048183,
2026-06-11 18:28:00,1781202480,203.23048183,204.42825701,191.47810131,200.10831669,
2026-06-11 18:29:00,1781202540,200.10831669,202.13432199,190.57776292,196.87843484,
2026-06-11 18:30:00,1781202600,196.87843484,212.17423305,194.46530033,212.15038553,
2026-06-11 18:31:00,1781202660,212.15038553,212.65474601,204.07521674,206.69892878,
2026-06-11 18:32:00,1781202720,206.69892878,206.69892878,192.92990418,199.51213006,
2026-06-11 18:33:00,1781202780,199.51213006,210.83118668,194.24462929,208.34312249,
2026-06-11 18:34:00,1781202840,208.34312249,211.1941081,203.98293507,204.484702,
2026-06-11 18:35:00,1781202900,204.484702,211.63964029,204.1602477,209.11098965,
2026-06-11 18:36:00,1781202960,209.11098965,227.24839202,208.01300337,224.65761215,
2026-06-11 18:37:00,1781203020,224.65761215,227.48353361,219.22443856,221.93381583,
2026-06-11 18:38:00,1781203080,221.93381583,225.15698825,217.38689192,223.49288496,
2026-06-11 18:39:00,1781203140,223.49288496,229.70919627,220.45324073,225.67122938,
2026-06-11 18:40:00,1781203200,225.67122938,233.87653086,221.30398633,222.1142713,
2026-06-11 18:41:00,1781203260,222.1142713,228.08976916,218.5113794,220.25677861,
2026-06-11 18:42:00,1781203320,220.25677861,223.28460018,217.2990712,220.99462395,
2026-06-11 18:43:00,1781203380,220.99462395,231.04487368,219.28372377,228.79211412,
2026-06-11 18:44:00,1781203440,228.79211412,230.06028646,225.12536942,229.46873957,
2026-06-11 18:45:00,1781203500,229.46873957,230.68582237,221.46266953,226.91081102,
2026-06-11 18:46:00,1781203560,226.91081102,228.77787521,223.60332793,224.87029339,
2026-06-11 18:47:00,1781203620,224.87029339,235.53502011,222.8095524,235.24492661,
2026-06-11 18:48:00,1781203680,235.24492661,235.24492661,225.48740773,226.16518807,
2026-06-11 18:49:00,1781203740,226.16518807,226.3032496,215.89286851,220.87389223,
2026-06-11 18:50:00,1781203800,220.87389223,226.53426582,218.31780321,219.60367187,
2026-06-11 18:51:00,1781203860,219.60367187,220.04553483,211.87347216,211.87347216,
2026-06-11 18:52:00,1781203920,211.87347216,226.07218792,211.62542141,226.07218792,
2026-06-11 18:53:00,1781203980,226.07218792,232.21309146,221.76137039,226.80316214,
2026-06-11 18:54:00,1781204040,226.80316214,227.73363482,218.48486255,218.50762644,
2026-06-11 18:55:00,1781204100,218.50762644,221.85424372,212.36732163,213.14674637,
2026-06-11 18:56:00,1781204160,213.14674637,224.75416138,209.8566291,221.67120905,
2026-06-11 18:57:00,1781204220,221.67120905,224.2696126,216.93892646,223.01106527,
2026-06-11 18:58:00,1781204280,223.01106527,225.24357583,214.77769864,215.40019612,
2026-06-11 18:59:00,1781204340,215.40019612,215.40019612,204.7615878,205.34205549,
2026-06-11 19:00:00,1781204400,205.34205549,210.01849265,196.310117,208.34194219,
2026-06-11 19:01:00,1781204460,208.34194219,223.78947451,206.60251201,219.81668089,
2026-06-11 19:02:00,1781204520,219.81668089,238.06866261,219.71627681,227.50315595,
2026-06-11 19:03:00,1781204580,227.50315595,228.94335034,213.8817675,217.47998325,
2026-06-11 19:04:00,1781204640,217.47998325,221.3050931,211.31848144,213.70846782,
2026-06-11 19:05:00,1781204700,213.70846782,218.29632183,210.99053956,211.77455968,
2026-06-11 19:06:00,1781204760,211.77455968,213.30480832,204.03770483,209.58044215,
2026-06-11 19:07:00,1781204820,209.58044215,210.04881021,204.12321848,205.49606748,
2026-06-11 19:08:00,1781204880,205.49606748,206.60262533,189.59632585,196.35653374,
2026-06-11 19:09:00,1781204940,196.35653374,204.17743244,194.19633476,195.19315806,
2026-06-11 19:10:00,1781205000,195.19315806,209.43750866,194.72990679,202.63167814,
2026-06-11 19:11:00,1781205060,202.63167814,204.61279814,190.00600849,198.00874862,
2026-06-11 19:12:00,1781205120,198.00874862,232.80550184,198.00874862,222.00324716,
2026-06-11 19:13:00,1781205180,222.00324716,226.99068452,205.5277287,220.52978411,
2026-06-11 19:14:00,1781205240,220.52978411,231.77967107,217.82978147,221.69670858,
2026-06-11 19:15:00,1781205300,221.69670858,235.46661667,219.66514874,233.07219592,
2026-06-11 19:16:00,1781205360,233.07219592,239.38343488,230.50874405,235.93898697,
2026-06-11 19:17:00,1781205420,235.93898697,251.36025885,232.78517809,247.81212366,
2026-06-11 19:18:00,1781205480,247.81212366,257.93809845,246.02069797,250.99703222,
2026-06-11 19:19:00,1781205540,250.99703222,251.02062603,236.15671272,243.15338863,
2026-06-11 19:20:00,1781205600,243.15338863,259.13393751,243.15158496,246.93761903,
2026-06-11 19:21:00,1781205660,246.93761903,249.07975755,241.6714693,244.78762776,
2026-06-11 19:22:00,1781205720,244.78762776,252.61184232,244.51143971,249.38968966,
2026-06-11 19:23:00,1781205780,249.38968966,261.11809068,249.31368199,255.51891657,
2026-06-11 19:24:00,1781205840,255.51891657,261.90398025,251.10264277,256.18901044,
2026-06-11 19:25:00,1781205900,256.18901044,256.18901044,240.95166076,250.74041843,
2026-06-11 19:26:00,1781205960,250.74041843,256.38714515,240.42260657,255.12263291,
2026-06-11 19:27:00,1781206020,255.12263291,255.14651362,235.99672765,240.16138356,
2026-06-11 19:28:00,1781206080,240.16138356,241.92123461,231.35347299,240.81409593,
2026-06-11 19:29:00,1781206140,240.81409593,245.33449367,232.38051306,233.45391257,
2026-06-11 19:30:00,1781206200,233.45391257,311.62186917,232.03221298,311.62186917,
2026-06-11 19:31:00,1781206260,311.62186917,311.62186917,277.53736441,289.76385817,
2026-06-11 19:32:00,1781206320,289.76385817,315.27168941,289.03680913,305.51617554,
2026-06-11 19:33:00,1781206380,305.51617554,328.76340404,293.73695292,313.88275866,
2026-06-11 19:34:00,1781206440,313.88275866,317.80499891,267.69280718,278.1081886,
2026-06-11 19:35:00,1781206500,278.1081886,282.05274164,261.75603272,278.06871429,
2026-06-11 19:36:00,1781206560,278.06871429,288.79182903,270.76289603,277.06371133,
2026-06-11 19:37:00,1781206620,277.06371133,296.31744794,271.98133067,287.99514873,
2026-06-11 19:38:00,1781206680,287.99514873,289.36933431,271.05819837,271.54219748,
2026-06-11 19:39:00,1781206740,271.54219748,275.34177675,252.85383972,254.28337075,
2026-06-11 19:40:00,1781206800,254.28337075,273.19588344,254.28151606,271.11610465,
2026-06-11 19:41:00,1781206860,271.11610465,288.28462175,270.81833575,284.66150451,
2026-06-11 19:42:00,1781206920,284.66150451,288.90948792,282.00136482,285.79417649,
2026-06-11 19:43:00,1781206980,285.79417649,287.25320966,275.38830161,276.88629336,
2026-06-11 19:44:00,1781207040,276.88629336,278.00453166,254.5552992,256.09359581,
2026-06-11 19:45:00,1781207100,256.09359581,259.45588226,251.1927182,257.55881819,
2026-06-11 19:46:00,1781207160,257.55881819,260.47972553,245.08016883,249.30674747,
2026-06-11 19:47:00,1781207220,249.30674747,273.03583934,249.30674747,272.85696971,
2026-06-11 19:48:00,1781207280,272.85696971,277.01677868,262.24008904,270.89210184,
2026-06-11 19:49:00,1781207340,270.89210184,276.10138021,262.09650091,264.09956053,
2026-06-11 19:50:00,1781207400,264.09956053,270.2362083,248.55506762,257.18492536,
2026-06-11 19:51:00,1781207460,257.18492536,270.69278138,254.39500191,269.75070567,
2026-06-11 19:52:00,1781207520,269.75070567,272.42896217,256.152171,264.40120917,
2026-06-11 19:53:00,1781207580,264.40120917,268.84254065,258.35821881,268.22915426,
2026-06-11 19:54:00,1781207640,268.22915426,273.67315334,265.22442845,273.67315334,
2026-06-11 19:55:00,1781207700,273.67315334,273.67315334,254.3141035,264.79932929,
2026-06-11 19:56:00,1781207760,264.79932929,266.05843802,261.33558124,263.2221791,
2026-06-11 19:57:00,1781207820,263.2221791,267.18527677,256.47471629,265.06151476,
2026-06-11 19:58:00,1781207880,265.06151476,268.68568842,257.2094274,257.62157279,
2026-06-11 19:59:00,1781207940,257.62157279,264.14131304,248.65884816,252.35147286,
2026-06-11 20:00:00,1781208000,252.35147286,263.09246253,234.33255412,237.76789505,
2026-06-11 20:01:00,1781208060,237.76789505,255.5448755,236.59739123,247.99020583,
2026-06-11 20:02:00,1781208120,247.99020583,266.72810435,242.20463657,260.37213093,
2026-06-11 20:03:00,1781208180,260.37213093,265.14254665,247.55176783,256.79497429,
2026-06-11 20:04:00,1781208240,256.79497429,260.85048224,250.85399079,253.13559919,
2026-06-11 20:05:00,1781208300,253.13559919,267.25632198,252.15787675,263.62759657,
2026-06-11 20:06:00,1781208360,263.62759657,263.76378536,252.89628052,253.05504229,
2026-06-11 20:07:00,1781208420,253.05504229,254.1509413,242.74597236,248.38207132,
2026-06-11 20:08:00,1781208480,248.38207132,249.03374651,238.18565633,243.45450132,
2026-06-11 20:09:00,1781208540,243.45450132,246.83892505,242.58879293,244.20268532,
2026-06-11 20:10:00,1781208600,244.20268532,244.20268532,228.91973658,229.99767203,
2026-06-11 20:11:00,1781208660,229.99767203,233.25883475,224.80668334,231.60731837,
2026-06-11 20:12:00,1781208720,231.60731837,234.69071369,230.63670447,233.79374058,
2026-06-11 20:13:00,1781208780,233.79374058,236.91512502,227.4610885,231.25080647,
2026-06-11 20:14:00,1781208840,231.25080647,237.84385745,230.50033572,235.08992824,
2026-06-11 20:15:00,1781208900,235.08992824,237.26910102,228.6614825,230.31037376,
2026-06-11 20:16:00,1781208960,230.31037376,234.15842024,228.73445132,233.71838884,
2026-06-11 20:17:00,1781209020,233.71838884,239.52855566,231.95166574,237.68578787,
2026-06-11 20:18:00,1781209080,237.68578787,240.63152827,233.54107546,233.6596187,
2026-06-11 20:19:00,1781209140,233.6596187,240.41961111,233.63419217,235.82287531,
2026-06-11 20:20:00,1781209200,235.82287531,238.21945612,235.6549116,236.3834682,
2026-06-11 20:21:00,1781209260,236.3834682,238.22982863,223.36958676,223.36958676,
2026-06-11 20:22:00,1781209320,223.36958676,223.72352184,217.62949119,220.84938767,
2026-06-11 20:23:00,1781209380,220.84938767,225.13341701,220.64174756,225.04152899,
2026-06-11 20:24:00,1781209440,225.04152899,226.53395355,221.99698332,223.41524422,
2026-06-11 20:25:00,1781209500,223.41524422,223.96296504,213.8492679,217.66065835,
2026-06-11 20:26:00,1781209560,217.66065835,224.62988924,209.42327593,210.18329535,
2026-06-11 20:27:00,1781209620,210.18329535,218.72644938,207.31305512,207.90879909,
2026-06-11 20:28:00,1781209680,207.90879909,207.90879909,188.97661153,197.88723972,
2026-06-11 20:29:00,1781209740,197.88723972,198.65338178,194.42722162,198.00034927,
2026-06-11 20:30:00,1781209800,198.00034927,198.30837194,192.73623205,196.55814534,
2026-06-11 20:31:00,1781209860,196.55814534,202.56079011,191.23484406,192.6277218,
2026-06-11 20:32:00,1781209920,192.6277218,199.9827725,191.54777692,198.42610075,
2026-06-11 20:33:00,1781209980,198.42610075,206.01410188,194.99780499,202.55976878,
2026-06-11 20:34:00,1781210040,202.55976878,205.18375221,199.17959468,200.37284635,
2026-06-11 20:35:00,1781210100,200.37284635,200.37284635,189.86575317,191.17911979,
2026-06-11 20:36:00,1781210160,191.17911979,192.21473392,185.57545734,187.55719482,
2026-06-11 20:37:00,1781210220,187.55719482,188.98172534,184.63685369,187.67958489,
2026-06-11 20:38:00,1781210280,187.67958489,189.10395019,184.99003993,185.33510988,
2026-06-11 20:39:00,1781210340,185.33510988,187.33267295,182.67209264,186.82596339,
2026-06-11 20:40:00,1781210400,186.82596339,193.86084675,185.7017436,190.75655583,
2026-06-11 20:41:00,1781210460,190.75655583,190.91173303,181.62530699,181.65968132,
2026-06-11 20:42:00,1781210520,181.65968132,181.67818842,176.56842691,177.57300172,
2026-06-11 20:43:00,1781210580,177.57300172,180.74722641,176.80421787,177.86687712,
2026-06-11 20:44:00,1781210640,177.86687712,180.57023256,173.69039683,173.74238351,
2026-06-11 20:45:00,1781210700,173.74238351,176.13224093,170.46831504,175.78463089,
2026-06-11 20:46:00,1781210760,175.78463089,175.78463089,170.37690161,172.4533518,
2026-06-11 20:47:00,1781210820,172.4533518,176.44167184,171.15989405,172.94087682,
2026-06-11 20:48:00,1781210880,172.94087682,173.48000201,170.96670703,172.06739043,
2026-06-11 20:49:00,1781210940,172.06739043,174.58699057,172.06578131,172.97526176,
2026-06-11 20:50:00,1781211000,172.97526176,176.01117885,172.55451112,172.60345797,
2026-06-11 20:51:00,1781211060,172.60345797,182.60060217,172.60184527,182.60060217,
2026-06-11 20:52:00,1781211120,182.60060217,193.60399267,180.53353286,193.59410857,
2026-06-11 20:53:00,1781211180,193.59410857,194.87135738,188.76637527,194.87135738,
2026-06-11 20:54:00,1781211240,194.87135738,196.15295754,192.11821962,194.88822734,
2026-06-11 20:55:00,1781211300,194.88822734,194.94903511,191.18695694,191.80795886,
2026-06-11 20:56:00,1781211360,191.80795886,194.49272995,191.33835963,193.64937305,
2026-06-11 20:57:00,1781211420,193.64937305,196.01270609,192.0699322,195.56404208,
2026-06-11 20:58:00,1781211480,195.56404208,197.45115595,188.29738016,191.33187305,
2026-06-11 20:59:00,1781211540,191.33187305,197.55561225,191.33187305,192.08053672,
2026-06-11 21:00:00,1781211600,192.08053672,198.34669058,191.91380515,197.00264392,
2026-06-11 21:01:00,1781211660,197.00264392,203.34431753,196.99920067,200.92428172,
2026-06-11 21:02:00,1781211720,200.92428172,200.92428172,194.75702813,195.06845245,
2026-06-11 21:03:00,1781211780,195.06845245,195.15194652,193.85611619,194.91918721,
2026-06-11 21:04:00,1781211840,194.91918721,207.08277161,194.06221113,206.48414785,
2026-06-11 21:05:00,1781211900,206.48414785,214.52314543,205.74127078,207.16829971,
2026-06-11 21:06:00,1781211960,207.16829971,208.61541741,205.33646095,206.82183663,
2026-06-11 21:07:00,1781212020,206.82183663,212.17504172,206.39702869,206.73336341,
2026-06-11 21:08:00,1781212080,206.73336341,212.48030675,206.62041548,210.66042582,
2026-06-11 21:09:00,1781212140,210.66042582,210.74632114,207.04416034,207.44519082,
2026-06-11 21:10:00,1781212200,207.44519082,207.97996744,206.83999991,206.86018255,
2026-06-11 21:11:00,1781212260,206.86018255,207.82927805,204.49290729,206.24401014,
2026-06-11 21:12:00,1781212320,206.24401014,208.79623391,206.22032783,208.518965,
2026-06-11 21:13:00,1781212380,208.518965,234.52760182,208.51719784,230.65339295,
2026-06-11 21:14:00,1781212440,230.65339295,231.21858577,224.06821726,224.53566013,
2026-06-11 21:15:00,1781212500,224.53566013,224.559047,218.85936731,220.47947146,
2026-06-11 21:16:00,1781212560,220.47947146,221.90354652,213.91048607,216.44061501,
2026-06-11 21:17:00,1781212620,216.44061501,219.58093515,213.88845332,214.23493801,
2026-06-11 21:18:00,1781212680,214.23493801,217.21081521,212.42968579,215.15174478,
2026-06-11 21:19:00,1781212740,215.15174478,216.9690112,213.27852021,214.87646596,
2026-06-11 21:20:00,1781212800,214.87646596,217.21876816,212.07194759,213.53627395,
2026-06-11 21:21:00,1781212860,213.53627395,214.34839132,209.23170609,214.01065845,
2026-06-11 21:22:00,1781212920,214.01065845,219.01681236,213.99436176,218.80658808,
2026-06-11 21:23:00,1781212980,218.80658808,223.94306572,218.77992361,220.84604016,
2026-06-11 21:24:00,1781213040,220.84604016,220.84604016,211.78549457,213.33615352,
2026-06-11 21:25:00,1781213100,213.33615352,213.33615352,203.42095541,206.61835746,
2026-06-11 21:26:00,1781213160,206.61835746,206.61835746,197.88250577,198.0666985,
2026-06-11 21:27:00,1781213220,198.0666985,200.34906822,196.84885445,200.25078555,
2026-06-11 21:28:00,1781213280,200.25078555,200.67523959,194.83008489,198.08372405,
2026-06-11 21:29:00,1781213340,198.08372405,204.4486835,197.99648575,204.3343689,
2026-06-11 21:30:00,1781213400,204.3343689,207.71192388,204.2888344,207.71192388,
2026-06-11 21:31:00,1781213460,207.71192388,209.26278757,206.40841157,208.43280334,
2026-06-11 21:32:00,1781213520,208.43280334,211.80458645,206.74558539,211.69347809,
2026-06-11 21:33:00,1781213580,211.69347809,211.72830069,209.94326706,210.4853565,
2026-06-11 21:34:00,1781213640,210.4853565,210.4853565,204.43457517,205.59747442,
2026-06-11 21:35:00,1781213700,205.59747442,205.83892763,199.14241665,201.05714476,
2026-06-11 21:36:00,1781213760,201.05714476,203.99685541,201.05714476,203.47016824,
2026-06-11 21:37:00,1781213820,203.47016824,203.73348816,201.01913418,201.10573856,
2026-06-11 21:38:00,1781213880,201.10573856,212.11920721,201.04254105,211.43611657,
2026-06-11 21:39:00,1781213940,211.43611657,212.79079218,208.03532329,212.7096577,
2026-06-11 21:40:00,1781214000,212.7096577,216.06332988,202.83548249,204.10586358,
2026-06-11 21:41:00,1781214060,204.10586358,207.02005643,202.34861206,206.76682735,
2026-06-11 21:42:00,1781214120,206.76682735,212.55034384,206.51090485,211.14928342,
2026-06-11 21:43:00,1781214180,211.14928342,211.39834808,203.74251501,204.26387166,
2026-06-11 21:44:00,1781214240,204.26387166,213.01282209,203.75739307,212.59633506,
2026-06-11 21:45:00,1781214300,212.59633506,217.65378389,209.50618149,212.02254675,
2026-06-11 21:46:00,1781214360,212.02254675,218.99559253,211.11155719,214.46856144,
2026-06-11 21:47:00,1781214420,214.46856144,219.08421331,210.842159,215.0533207,
2026-06-11 21:48:00,1781214480,215.0533207,220.03262049,213.67189523,219.19032482,
2026-06-11 21:49:00,1781214540,219.19032482,221.18251617,213.48192224,213.95317684,
2026-06-11 21:50:00,1781214600,213.95317684,214.25455578,208.18616703,208.20856223,
2026-06-11 21:51:00,1781214660,208.20856223,212.08352509,206.16398078,211.89445771,
2026-06-11 21:52:00,1781214720,211.89445771,216.51613812,208.9790032,212.20967276,
2026-06-11 21:53:00,1781214780,212.20967276,213.37516942,209.56949672,209.56949672,
2026-06-11 21:54:00,1781214840,209.56949672,210.39503407,201.13408744,204.33988749,
2026-06-11 21:55:00,1781214900,204.33988749,204.33988749,195.03418049,195.15698193,
2026-06-11 21:56:00,1781214960,195.15698193,196.88503897,191.05992654,192.49452816,
2026-06-11 21:57:00,1781215020,192.49452816,194.04985741,189.52198324,194.0481363,
2026-06-11 21:58:00,1781215080,194.0481363,200.89680241,194.0481363,200.83904371,
2026-06-11 21:59:00,1781215140,200.83904371,204.61264844,193.24853255,204.47081143,
2026-06-11 22:00:00,1781215200,204.47081143,213.35973896,200.02339903,212.80773101,
2026-06-11 22:01:00,1781215260,212.80773101,216.43274563,207.19300416,216.43274563,
2026-06-11 22:02:00,1781215320,216.43274563,220.09720436,205.78929644,213.20142846,
2026-06-11 22:03:00,1781215380,213.20142846,219.55579462,213.10431606,217.70625771,
2026-06-11 22:04:00,1781215440,217.70625771,232.73688353,214.15451756,215.64673825,
2026-06-11 22:05:00,1781215500,215.64673825,226.0990983,213.79480212,219.06851177,
2026-06-11 22:06:00,1781215560,219.06851177,228.14554748,213.99731819,221.76261101,
2026-06-11 22:07:00,1781215620,221.76261101,236.09384258,221.76261101,231.5449856,
2026-06-11 22:08:00,1781215680,231.5449856,232.8678136,223.8900802,228.34764341,
2026-06-11 22:09:00,1781215740,228.34764341,236.64887651,228.25897683,228.25897683,
2026-06-11 22:10:00,1781215800,228.25897683,228.25897683,220.73222126,227.40157841,
2026-06-11 22:11:00,1781215860,227.40157841,232.88077001,220.58296028,221.10236813,
2026-06-11 22:12:00,1781215920,221.10236813,222.27868075,213.80585477,215.94374218,
2026-06-11 22:13:00,1781215980,215.94374218,223.75201896,215.13516725,221.93980129,
2026-06-11 22:14:00,1781216040,221.93980129,226.80714187,220.65918304,223.36187678,
2026-06-11 22:15:00,1781216100,223.36187678,226.18679886,215.61711242,219.33880214,
2026-06-11 22:16:00,1781216160,219.33880214,233.72989757,217.31165889,224.52246213,
2026-06-11 22:17:00,1781216220,224.52246213,233.58091471,223.00869447,225.65680148,
2026-06-11 22:18:00,1781216280,225.65680148,226.99876535,221.45500501,224.04095578,
2026-06-11 22:19:00,1781216340,224.04095578,225.51879608,220.88974241,223.25241336,
2026-06-11 22:20:00,1781216400,223.25241336,224.14384425,217.6640677,220.20193229,
2026-06-11 22:21:00,1781216460,220.20193229,220.20193229,215.29592685,215.63797025,
2026-06-11 22:22:00,1781216520,215.63797025,215.63797025,205.27884926,205.81320801,
2026-06-11 22:23:00,1781216580,205.81320801,209.41089209,202.55068187,206.22443432,
2026-06-11 22:24:00,1781216640,206.22443432,209.04230644,202.44397996,203.22696319,
2026-06-11 22:25:00,1781216700,203.22696319,205.23952813,197.67593968,203.76928629,
2026-06-11 22:26:00,1781216760,203.76928629,205.24973894,201.09274607,201.9705669,
2026-06-11 22:27:00,1781216820,201.9705669,205.43874629,201.36163772,203.52352643,
2026-06-11 22:28:00,1781216880,203.52352643,208.39064732,199.72327962,206.74690411,
2026-06-11 22:29:00,1781216940,206.74690411,214.48334623,206.74690411,212.00272963,
2026-06-11 22:30:00,1781217000,212.00272963,216.4768273,208.62214,215.74321167,
2026-06-11 22:31:00,1781217060,215.74321167,224.61227884,212.82989304,212.96902118,
2026-06-11 22:32:00,1781217120,212.96902118,213.15282816,205.71240307,205.98163397,
2026-06-11 22:33:00,1781217180,205.98163397,209.79739079,203.11977231,205.63339051,
2026-06-11 22:34:00,1781217240,205.63339051,209.0246378,196.34302782,196.34302782,
2026-06-11 22:35:00,1781217300,196.34302782,204.17184121,190.14582324,203.63642017,
2026-06-11 22:36:00,1781217360,203.63642017,207.69588277,202.6153027,206.33318039,
2026-06-11 22:37:00,1781217420,206.33318039,206.50767985,201.70925391,202.28681772,
2026-06-11 22:38:00,1781217480,202.28681772,202.35206167,193.65417703,194.9585169,
2026-06-11 22:39:00,1781217540,194.9585169,199.12668509,190.69699776,198.07716114,
2026-06-11 22:40:00,1781217600,198.07716114,203.65925732,195.10680552,197.84360604,
2026-06-11 22:41:00,1781217660,197.84360604,198.01777387,192.33142116,193.35742259,
2026-06-11 22:42:00,1781217720,193.35742259,194.12703972,190.22902985,190.22902985,
2026-06-11 22:43:00,1781217780,190.22902985,193.45706462,188.74442654,193.30074605,
2026-06-11 22:44:00,1781217840,193.30074605,193.30074605,190.16293418,190.78096555,
2026-06-11 22:45:00,1781217900,190.78096555,196.53360762,189.9907113,193.51511738,
2026-06-11 22:46:00,1781217960,193.51511738,193.65285423,184.84346778,186.06561464,
2026-06-11 22:47:00,1781218020,186.06561464,186.24213225,182.80799057,182.80799057,
2026-06-11 22:48:00,1781218080,182.80799057,186.24442649,181.23994195,185.24780396,
2026-06-11 22:49:00,1781218140,185.24780396,197.89087125,185.04680698,191.55488171,
2026-06-11 22:50:00,1781218200,191.55488171,199.78621407,191.14466803,199.10823085,
2026-06-11 22:51:00,1781218260,199.10823085,200.91291144,195.3258534,195.71909772,
2026-06-11 22:52:00,1781218320,195.71909772,199.2222143,194.12483975,198.68670464,
2026-06-11 22:53:00,1781218380,198.68670464,198.68670464,193.27398896,194.92595223,
2026-06-11 22:54:00,1781218440,194.92595223,200.89761367,194.41225715,200.78484126,
2026-06-11 22:55:00,1781218500,200.78484126,204.4010658,198.1584225,203.83456989,
2026-06-11 22:56:00,1781218560,203.83456989,208.40969054,195.91142411,195.91142411,
2026-06-11 22:57:00,1781218620,195.91142411,201.22372258,195.91142411,200.53275143,
2026-06-11 22:58:00,1781218680,200.53275143,200.53275143,195.87087915,199.12494423,
2026-06-11 22:59:00,1781218740,199.12494423,199.16737763,188.48104981,189.24339427,
2026-06-11 23:00:00,1781218800,189.24339427,189.36748569,177.11129689,177.48592287,
2026-06-11 23:01:00,1781218860,177.48592287,177.6842223,172.88097868,175.00345974,
2026-06-11 23:02:00,1781218920,175.00345974,181.10749781,169.01217717,177.56264408,
2026-06-11 23:03:00,1781218980,177.56264408,178.26883524,162.78236509,171.53926979,
2026-06-11 23:04:00,1781219040,171.53926979,177.33178052,169.77451724,174.97870977,
2026-06-11 23:05:00,1781219100,174.97870977,178.3197946,172.87870372,173.8441321,
2026-06-11 23:06:00,1781219160,173.8441321,174.45946043,170.57050551,172.05303151,
2026-06-11 23:07:00,1781219220,172.05303151,173.60116092,169.36937943,170.41429464,
2026-06-11 23:08:00,1781219280,170.41429464,170.80050627,163.33348274,165.85404999,
2026-06-11 23:09:00,1781219340,165.85404999,165.85981655,162.86636545,164.29448255,
2026-06-11 23:10:00,1781219400,164.29448255,169.60392025,163.45959893,167.6413018,
2026-06-11 23:11:00,1781219460,167.6413018,170.28524925,166.16203005,168.25506698,
2026-06-11 23:12:00,1781219520,168.25506698,177.18911303,168.02209384,176.69618396,
2026-06-11 23:13:00,1781219580,176.69618396,176.69618396,168.62880645,172.10687836,
2026-06-11 23:14:00,1781219640,172.10687836,174.92715385,171.38069124,172.13434824,
2026-06-11 23:15:00,1781219700,172.13434824,175.95237905,168.50997,175.68973791,
2026-06-11 23:16:00,1781219760,175.68973791,178.34729604,170.62793924,175.06496448,
2026-06-11 23:17:00,1781219820,175.06496448,175.24485793,167.54824739,167.65176992,
2026-06-11 23:18:00,1781219880,167.65176992,170.16859585,165.54233518,169.077216,
2026-06-11 23:19:00,1781219940,169.077216,174.94114008,168.02785239,172.90192131,
2026-06-11 23:20:00,1781220000,172.90192131,173.20491413,167.42602197,168.23025473,
2026-06-11 23:21:00,1781220060,168.23025473,170.32530537,167.55062899,167.55062899,
2026-06-11 23:22:00,1781220120,167.55062899,175.39054159,167.40207988,174.47601435,
2026-06-11 23:23:00,1781220180,174.47601435,176.13366579,172.25455353,174.5477998,
2026-06-11 23:24:00,1781220240,174.5477998,174.62937629,166.22677497,168.46082653,
2026-06-11 23:25:00,1781220300,168.46082653,171.37410201,166.12761164,166.60482776,
2026-06-11 23:26:00,1781220360,166.60482776,173.33658147,166.50699283,171.04746623,
2026-06-11 23:27:00,1781220420,171.04746623,173.18433434,164.25463473,164.53710446,
2026-06-11 23:28:00,1781220480,164.53710446,165.00588131,164.5348896,164.87353556,
2026-06-11 23:29:00,1781220540,164.87353556,167.78876373,164.33452548,165.66216902,
2026-06-11 23:30:00,1781220600,165.66216902,172.01008428,165.57358126,169.53541684,
2026-06-11 23:31:00,1781220660,169.53541684,184.49579989,167.85495416,182.48292428,
2026-06-11 23:32:00,1781220720,182.48292428,189.02987132,182.41301939,185.87647312,
2026-06-11 23:33:00,1781220780,185.87647312,195.07128785,181.27678342,195.06950664,
2026-06-11 23:34:00,1781220840,195.06950664,195.13115555,188.78032643,193.74141714,
2026-06-11 23:35:00,1781220900,193.74141714,195.75522935,187.4745715,187.72434924,
2026-06-11 23:36:00,1781220960,187.72434924,193.03712429,185.85937774,188.808554,
2026-06-11 23:37:00,1781221020,188.808554,191.65992531,186.30185553,186.69171329,
2026-06-11 23:38:00,1781221080,186.69171329,189.23845523,183.78653064,188.82078748,
2026-06-11 23:39:00,1781221140,188.82078748,196.03565661,186.69310159,194.91000837,
2026-06-11 23:40:00,1781221200,194.91000837,231.26797986,194.63177477,226.26249553,
2026-06-11 23:41:00,1781221260,226.26249553,228.39913011,223.31005148,224.43251569,
2026-06-11 23:42:00,1781221320,224.43251569,224.50195246,221.41155905,223.9002838,
2026-06-11 23:43:00,1781221380,223.9002838,224.4434108,213.71421503,216.89082749,
2026-06-11 23:44:00,1781221440,216.89082749,216.90453684,214.39567183,215.09716351,
2026-06-11 23:45:00,1781221500,215.09716351,218.20939645,214.06448098,214.29792565,
2026-06-11 23:46:00,1781221560,214.29792565,219.35647357,214.01453319,215.2989346,
2026-06-11 23:47:00,1781221620,215.2989346,218.20549799,206.23330546,206.55941769,
2026-06-11 23:48:00,1781221680,206.55941769,209.21989576,203.34591684,205.00733946,
2026-06-11 23:49:00,1781221740,205.00733946,209.41720877,203.98613787,204.47027393,
2026-06-11 23:50:00,1781221800,204.47027393,204.49308132,198.82189718,200.64009987,
2026-06-11 23:51:00,1781221860,200.64009987,200.66260183,190.97321265,192.14520801,
2026-06-11 23:52:00,1781221920,192.14520801,192.14520801,184.9673858,191.79436357,
2026-06-11 23:53:00,1781221980,191.79436357,192.40226144,185.4597432,188.75992249,
2026-06-11 23:54:00,1781222040,188.75992249,211.09079381,188.19817662,208.64708174,
2026-06-11 23:55:00,1781222100,208.64708174,210.03985204,205.98010927,208.83182702,
2026-06-11 23:56:00,1781222160,208.83182702,208.84953642,204.95748323,207.50623635,
2026-06-11 23:57:00,1781222220,207.50623635,210.5932515,201.41307876,208.36219088,
2026-06-11 23:58:00,1781222280,208.36219088,210.26587353,202.05965988,204.88888207,
2026-06-11 23:59:00,1781222340,204.88888207,208.07595471,200.05371696,208.07595471,
2026-06-12 00:00:00,1781222400,208.07595471,208.1400958,192.1998362,203.73102359,
2026-06-12 00:01:00,1781222460,203.73102359,206.43082683,200.43439052,201.54618025,
2026-06-12 00:02:00,1781222520,201.54618025,203.45270305,193.84998739,195.58995564,
2026-06-12 00:03:00,1781222580,195.58995564,195.58995564,185.89126838,187.99341477,
2026-06-12 00:04:00,1781222640,187.99341477,196.28640173,187.95031618,195.25816083,
2026-06-12 00:05:00,1781222700,195.25816083,202.27597237,194.31422393,197.02473975,
2026-06-12 00:06:00,1781222760,197.02473975,205.05504295,194.76600634,201.48914247,
2026-06-12 00:07:00,1781222820,201.48914247,243.11753472,201.48733859,237.82179204,
2026-06-12 00:08:00,1781222880,237.82179204,241.96915281,228.81354931,231.59458438,
2026-06-12 00:09:00,1781222940,231.59458438,231.59458438,222.18018308,224.63200813,
2026-06-12 00:10:00,1781223000,224.63200813,230.01618388,222.80664365,223.25100882,
2026-06-12 00:11:00,1781223060,223.25100882,229.50222144,215.74280995,218.01358215,
2026-06-12 00:12:00,1781223120,218.01358215,219.86448505,214.9314851,217.01897586,
2026-06-12 00:13:00,1781223180,217.01897586,222.185283,213.08801657,221.34164106,
2026-06-12 00:14:00,1781223240,221.34164106,227.73919351,220.73438134,226.98416281,
2026-06-12 00:15:00,1781223300,226.98416281,226.98416281,204.34311398,207.66579437,
2026-06-12 00:16:00,1781223360,207.66579437,212.54736744,196.63653269,198.82893641,
2026-06-12 00:17:00,1781223420,198.82893641,202.23044289,196.45928961,198.84779268,
2026-06-12 00:18:00,1781223480,198.84779268,204.77323162,198.84779268,203.03604587,
2026-06-12 00:19:00,1781223540,203.03604587,208.87330831,202.8079429,204.20134832,
2026-06-12 00:20:00,1781223600,204.20134832,204.20134832,199.7633048,202.34434901,
2026-06-12 00:21:00,1781223660,202.34434901,210.95560197,199.8464459,203.83146089,
2026-06-12 00:22:00,1781223720,203.83146089,207.74104965,192.82107221,196.64097962,
2026-06-12 00:23:00,1781223780,196.64097962,196.64097962,191.72726005,193.1285699,
2026-06-12 00:24:00,1781223840,193.1285699,194.53186818,187.30479381,188.044346,
2026-06-12 00:25:00,1781223900,188.044346,195.6272253,187.89012176,195.37325785,
2026-06-12 00:26:00,1781223960,195.37325785,195.43697752,180.22471943,180.22471943,
2026-06-12 00:27:00,1781224020,180.22471943,188.421399,174.5027795,185.47376241,
2026-06-12 00:28:00,1781224080,185.47376241,193.0941643,185.19454752,192.27968769,
2026-06-12 00:29:00,1781224140,192.27968769,200.23838828,192.05607136,195.08752143,
2026-06-12 00:30:00,1781224200,195.08752143,199.19103164,191.31483438,196.26736326,
2026-06-12 00:31:00,1781224260,196.26736326,196.26736326,183.36766402,189.30911361,
2026-06-12 00:32:00,1781224320,189.30911361,198.1017456,188.34689495,196.9237374,
2026-06-12 00:33:00,1781224380,196.9237374,204.95985315,196.67175976,203.70957542,
2026-06-12 00:34:00,1781224440,203.70957542,208.47638934,190.68173981,196.08021092,
2026-06-12 00:35:00,1781224500,196.08021092,203.97592186,193.80426737,203.40057601,
2026-06-12 00:36:00,1781224560,203.40057601,207.14980848,197.79052103,203.67139835,
2026-06-12 00:37:00,1781224620,203.67139835,208.53789377,203.52971215,206.02913947,
2026-06-12 00:38:00,1781224680,206.02913947,221.21901081,206.02731392,212.91431943,
2026-06-12 00:39:00,1781224740,212.91431943,212.96714145,201.49411857,201.81852869,
2026-06-12 00:40:00,1781224800,201.81852869,206.26982671,197.12323916,203.74354072,
2026-06-12 00:41:00,1781224860,203.74354072,207.12195571,199.17356105,202.66746749,
2026-06-12 00:42:00,1781224920,202.66746749,209.1781247,202.05538357,203.73396635,
2026-06-12 00:43:00,1781224980,203.73396635,204.87418109,195.67266573,196.07748044,
2026-06-12 00:44:00,1781225040,196.07748044,198.37148173,193.18609628,196.83954994,
2026-06-12 00:45:00,1781225100,196.83954994,204.27552154,194.12321101,203.79557688,
2026-06-12 00:46:00,1781225160,203.79557688,204.62993766,198.48262035,200.74583231,
2026-06-12 00:47:00,1781225220,200.74583231,203.09666706,198.51909656,201.56583319,
2026-06-12 00:48:00,1781225280,201.56583319,204.00066312,200.30019695,200.76764518,
2026-06-12 00:49:00,1781225340,200.76764518,204.25920377,199.69990083,201.52517737,
2026-06-12 00:50:00,1781225400,201.52517737,201.54669659,195.92147853,197.82519247,
2026-06-12 00:51:00,1781225460,197.82519247,210.57436429,197.82519247,207.50508973,
2026-06-12 00:52:00,1781225520,207.50508973,208.0206568,202.8636254,205.75494852,
2026-06-12 00:53:00,1781225580,205.75494852,208.2828003,204.09565127,207.01292403,
2026-06-12 00:54:00,1781225640,207.01292403,210.74055354,205.54025341,207.61860058,
2026-06-12 00:55:00,1781225700,207.61860058,209.6480954,204.81661587,207.95345296,
2026-06-12 00:56:00,1781225760,207.95345296,212.69868366,205.47478991,207.72567089,
2026-06-12 00:57:00,1781225820,207.72567089,207.85431398,196.96003141,197.97717733,
2026-06-12 00:58:00,1781225880,197.97717733,200.61438851,188.65107407,189.02999561,
2026-06-12 00:59:00,1781225940,189.02999561,192.94425356,187.447156,190.52960907,
2026-06-12 01:00:00,1781226000,190.52960907,192.10305531,170.95670425,172.9008123,
2026-06-12 01:01:00,1781226060,172.9008123,172.92162404,162.75731311,162.84774579,
2026-06-12 01:02:00,1781226120,162.84774579,166.18146567,154.63896879,155.57687264,
2026-06-12 01:03:00,1781226180,155.57687264,168.36396171,154.84236686,164.61166465,
2026-06-12 01:04:00,1781226240,164.61166465,165.94290853,160.17591249,163.53058492,
2026-06-12 01:05:00,1781226300,163.53058492,165.83730575,157.82134933,158.0372343,
2026-06-12 01:06:00,1781226360,158.0372343,168.85407205,158.01624855,164.24463996,
2026-06-12 01:07:00,1781226420,164.24463996,167.97249289,162.87539766,164.79954443,
2026-06-12 01:08:00,1781226480,164.79954443,165.72109847,161.84989636,162.80236913,
2026-06-12 01:09:00,1781226540,162.80236913,173.502089,162.73895428,164.35275407,
2026-06-12 01:10:00,1781226600,164.35275407,168.23694916,162.29362499,164.79685281,
2026-06-12 01:11:00,1781226660,164.79685281,168.46309977,159.08649237,160.71834024,
2026-06-12 01:12:00,1781226720,160.71834024,162.06290932,158.66176484,161.0561148,
2026-06-12 01:13:00,1781226780,161.0561148,161.81305196,157.15638052,160.79166951,
2026-06-12 01:14:00,1781226840,160.79166951,163.89266477,157.08407986,160.72436656,
2026-06-12 01:15:00,1781226900,160.72436656,161.91642397,156.75760428,157.37545203,
2026-06-12 01:16:00,1781226960,157.37545203,171.45332944,156.62725597,170.91505725,
2026-06-12 01:17:00,1781227020,170.91505725,170.95445231,155.88480434,160.88736806,
2026-06-12 01:18:00,1781227080,160.88736806,163.64616339,156.87897445,156.87897445,
2026-06-12 01:19:00,1781227140,156.87897445,156.93660573,151.02472714,151.24795729,
2026-06-12 01:20:00,1781227200,151.24795729,152.16848819,146.470773,149.17546683,
2026-06-12 01:21:00,1781227260,149.17546683,154.07485366,147.18413307,152.91762407,
2026-06-12 01:22:00,1781227320,152.91762407,152.91762407,145.62222696,145.65682802,
2026-06-12 01:23:00,1781227380,145.65682802,149.88543365,143.59289544,143.98973154,
2026-06-12 01:24:00,1781227440,143.98973154,147.18454909,143.87735249,144.04522662,
2026-06-12 01:25:00,1781227500,144.04522662,148.31932824,142.41810613,144.95923362,
2026-06-12 01:26:00,1781227560,144.95923362,144.95923362,135.64961467,136.33408523,
2026-06-12 01:27:00,1781227620,136.33408523,137.8840718,129.50068823,136.51860229,
2026-06-12 01:28:00,1781227680,136.51860229,140.23539277,129.35037217,138.436,
2026-06-12 01:29:00,1781227740,138.436,142.14199476,137.95260402,139.63664921,
2026-06-12 01:30:00,1781227800,139.63664921,148.08788606,138.78230239,147.99660099,
2026-06-12 01:31:00,1781227860,147.99660099,148.15773319,139.99905194,143.01359284,
2026-06-12 01:32:00,1781227920,143.01359284,151.00237617,142.85572122,148.54959595,
2026-06-12 01:33:00,1781227980,148.54959595,152.15729152,145.16065913,148.01577292,
2026-06-12 01:34:00,1781228040,148.01577292,149.95250893,141.35820091,141.42688819,
2026-06-12 01:35:00,1781228100,141.42688819,143.19284465,133.62354794,135.25594514,
2026-06-12 01:36:00,1781228160,135.25594514,137.32475619,132.34545211,132.62668977,
2026-06-12 01:37:00,1781228220,132.62668977,138.1079418,132.62668977,137.78065186,
2026-06-12 01:38:00,1781228280,137.78065186,140.1968406,136.74410278,139.92327691,
2026-06-12 01:39:00,1781228340,139.92327691,145.38541672,136.41656855,144.20524449,
2026-06-12 01:40:00,1781228400,144.20524449,144.43547491,138.81971353,138.87163447,
2026-06-12 01:41:00,1781228460,138.87163447,142.55167263,138.59333529,140.33953432,
2026-06-12 01:42:00,1781228520,140.33953432,146.33510319,140.02401389,146.33510319,
2026-06-12 01:43:00,1781228580,146.33510319,152.68568555,146.33188524,149.89330878,
2026-06-12 01:44:00,1781228640,149.89330878,151.76678236,142.23906019,142.41749046,
2026-06-12 01:45:00,1781228700,142.41749046,156.50231453,142.34369903,149.45943483,
2026-06-12 01:46:00,1781228760,149.45943483,155.12406176,148.45075817,152.12491285,
2026-06-12 01:47:00,1781228820,152.12491285,156.69323032,149.23937808,150.19112587,
2026-06-12 01:48:00,1781228880,150.19112587,156.55173043,148.29981987,154.48793663,
2026-06-12 01:49:00,1781228940,154.48793663,158.84296742,152.97617443,156.28558985,
2026-06-12 01:50:00,1781229000,156.28558985,156.34109723,149.28047012,151.24616263,
2026-06-12 01:51:00,1781229060,151.24616263,156.78359258,148.93986563,153.8266462,
2026-06-12 01:52:00,1781229120,153.8266462,154.39157602,150.65109764,152.29062852,
2026-06-12 01:53:00,1781229180,152.29062852,152.50845643,149.95813694,152.2877595,
2026-06-12 01:54:00,1781229240,152.2877595,159.02777455,149.7339129,158.1072981,
2026-06-12 01:55:00,1781229300,158.1072981,158.1072981,147.16122316,149.41796299,
2026-06-12 01:56:00,1781229360,149.41796299,151.07506954,145.18970319,145.18970319,
2026-06-12 01:57:00,1781229420,145.18970319,147.36478229,143.31183345,146.36780312,
2026-06-12 01:58:00,1781229480,146.36780312,149.94100213,146.36780312,149.85198928,
2026-06-12 01:59:00,1781229540,149.85198928,152.2075143,148.50983416,151.51392717,
2026-06-12 02:00:00,1781229600,151.51392717,155.86842959,151.42079696,152.75303782,
2026-06-12 02:01:00,1781229660,152.75303782,158.80692499,152.41499869,157.27354268,
2026-06-12 02:02:00,1781229720,157.27354268,163.7686689,155.92924227,163.53590259,
2026-06-12 02:03:00,1781229780,163.53590259,163.63165483,157.63747098,157.81109091,
2026-06-12 02:04:00,1781229840,157.81109091,160.84224501,156.22193054,157.85997751,
2026-06-12 02:05:00,1781229900,157.85997751,162.76234044,156.93617242,162.76063728,
2026-06-12 02:06:00,1781229960,162.76063728,165.37442614,162.00906008,165.25410886,
2026-06-12 02:07:00,1781230020,165.25410886,172.64267422,163.32098885,170.59769949,
2026-06-12 02:08:00,1781230080,170.59769949,170.59769949,165.14287931,167.70055814,
2026-06-12 02:09:00,1781230140,167.70055814,195.77760358,166.28315718,193.87851956,
2026-06-12 02:10:00,1781230200,193.87851956,225.59957483,193.69149148,208.24630925,
2026-06-12 02:11:00,1781230260,208.24630925,210.49671426,198.93648366,202.01356834,
2026-06-12 02:12:00,1781230320,202.01356834,203.8797783,195.06311845,199.68341408,
2026-06-12 02:13:00,1781230380,199.68341408,207.78748708,192.6106785,195.29126301,
2026-06-12 02:14:00,1781230440,195.29126301,195.32139268,190.77198114,192.89124434,
2026-06-12 02:15:00,1781230500,192.89124434,199.48357343,190.67947988,190.86015265,
2026-06-12 02:16:00,1781230560,190.86015265,192.80888923,182.6921431,187.89539633,
2026-06-12 02:17:00,1781230620,187.89539633,187.89539633,180.59169961,181.29921841,
2026-06-12 02:18:00,1781230680,181.29921841,181.31915208,175.17933855,177.10902041,
2026-06-12 02:19:00,1781230740,177.10902041,185.84096693,176.6938164,184.90695454,
2026-06-12 02:20:00,1781230800,184.90695454,185.98914914,178.45193449,183.42506546,
2026-06-12 02:21:00,1781230860,183.42506546,183.6289347,177.04498848,179.73025469,
2026-06-12 02:22:00,1781230920,179.73025469,189.22796108,179.72847339,182.08160141,
2026-06-12 02:23:00,1781230980,182.08160141,187.50222171,180.37680716,183.50662242,
2026-06-12 02:24:00,1781231040,183.50662242,191.41628283,182.23581195,183.47757687,
2026-06-12 02:25:00,1781231100,183.47757687,183.47757687,173.43154979,174.63598879,
2026-06-12 02:26:00,1781231160,174.63598879,176.26745631,169.46932733,169.73782058,
2026-06-12 02:27:00,1781231220,169.73782058,170.00212144,165.4020208,167.6223626,
2026-06-12 02:28:00,1781231280,167.6223626,168.13585552,160.18414852,163.82729201,
2026-06-12 02:29:00,1781231340,163.82729201,165.51923722,161.28350143,165.41727666,
2026-06-12 02:30:00,1781231400,165.41727666,172.76472484,163.81523618,171.39513193,
2026-06-12 02:31:00,1781231460,171.39513193,175.33419403,169.43029435,170.18419012,
2026-06-12 02:32:00,1781231520,170.18419012,172.73754723,168.89093111,171.38275412,
2026-06-12 02:33:00,1781231580,171.38275412,174.62931582,162.42601733,163.25171335,
2026-06-12 02:34:00,1781231640,163.25171335,163.5933682,153.2280659,156.46840415,
2026-06-12 02:35:00,1781231700,156.46840415,161.34355833,155.76502116,156.71430256,
2026-06-12 02:36:00,1781231760,156.71430256,168.8114699,155.20946548,168.8114699,
2026-06-12 02:37:00,1781231820,168.8114699,175.33512448,168.02838467,173.99374323,
2026-06-12 02:38:00,1781231880,173.99374323,178.69807362,169.67378645,171.93890481,
2026-06-12 02:39:00,1781231940,171.93890481,176.0503079,167.85504023,175.6959295,
2026-06-12 02:40:00,1781232000,175.6959295,183.15868892,170.97728075,174.21965151,
2026-06-12 02:41:00,1781232060,174.21965151,175.16144071,169.69313634,170.0070081,
2026-06-12 02:42:00,1781232120,170.0070081,171.14959778,167.93400009,170.06087112,
2026-06-12 02:43:00,1781232180,170.06087112,171.00075442,168.79105425,170.71874246,
2026-06-12 02:44:00,1781232240,170.71874246,179.8397674,170.69427103,179.25873062,
2026-06-12 02:45:00,1781232300,179.25873062,179.4714213,170.66121301,171.09099334,
2026-06-12 02:46:00,1781232360,171.09099334,171.71843172,169.28176325,170.98179552,
2026-06-12 02:47:00,1781232420,170.98179552,177.16245267,170.75519739,173.6207753,
2026-06-12 02:48:00,1781232480,173.6207753,175.21999218,166.78115659,169.88133915,
2026-06-12 02:49:00,1781232540,169.88133915,172.79560532,167.87576135,172.35285547,
2026-06-12 02:50:00,1781232600,172.35285547,173.24050044,166.59238416,169.18975359,
2026-06-12 02:51:00,1781232660,169.18975359,173.48619984,164.84794549,166.86684077,
2026-06-12 02:52:00,1781232720,166.86684077,169.26501659,166.29363856,169.26501659,
2026-06-12 02:53:00,1781232780,169.26501659,169.40069122,165.05630709,166.01316106,
2026-06-12 02:54:00,1781232840,166.01316106,168.26994327,165.38089261,166.84748623,
2026-06-12 02:55:00,1781232900,166.84748623,166.8873449,164.31578195,165.64850852,
2026-06-12 02:56:00,1781232960,165.64850852,166.14540834,165.13976494,165.13976494,
2026-06-12 02:57:00,1781233020,165.13976494,165.3220795,161.80321692,163.0288312,
2026-06-12 02:58:00,1781233080,163.0288312,164.68174211,157.05593268,164.52368405,
2026-06-12 02:59:00,1781233140,164.52368405,174.01383068,164.41252387,170.91004759,
2026-06-12 03:00:00,1781233200,170.91004759,174.66461889,170.45314539,173.55353487,
2026-06-12 03:01:00,1781233260,173.55353487,178.24824453,167.98595224,169.18419987,
2026-06-12 03:02:00,1781233320,169.18419987,170.77367227,164.04537525,165.62476401,
2026-06-12 03:03:00,1781233380,165.62476401,168.96989744,162.57539149,162.90498663,
2026-06-12 03:04:00,1781233440,162.90498663,166.78035486,161.31623698,161.53809185,
2026-06-12 03:05:00,1781233500,161.53809185,161.53809185,157.12101488,157.7911758,
2026-06-12 03:06:00,1781233560,157.7911758,162.14660413,157.72734582,160.83060448,
2026-06-12 03:07:00,1781233620,160.83060448,165.48169496,159.54599612,160.36847634,
2026-06-12 03:08:00,1781233680,160.36847634,160.9968803,156.20703781,158.18947081,
2026-06-12 03:09:00,1781233740,158.18947081,165.34665865,156.4429022,164.23014596,
2026-06-12 03:10:00,1781233800,164.23014596,164.24901096,158.87092944,158.90935991,
2026-06-12 03:11:00,1781233860,158.90935991,161.85029014,157.14875771,159.34225497,
2026-06-12 03:12:00,1781233920,159.34225497,160.43542924,153.33878045,156.80870222,
2026-06-12 03:13:00,1781233980,156.80870222,156.80870222,148.05162752,149.2612827,
2026-06-12 03:14:00,1781234040,149.2612827,151.8986626,148.22720803,151.0071125,
2026-06-12 03:15:00,1781234100,151.0071125,151.24607519,146.12045193,147.43066246,
2026-06-12 03:16:00,1781234160,147.43066246,148.91831206,143.63025815,147.38708267,
2026-06-12 03:17:00,1781234220,147.38708267,148.61198212,143.50645868,145.01228599,
2026-06-12 03:18:00,1781234280,145.01228599,146.32761289,142.77698752,145.43739003,
2026-06-12 03:19:00,1781234340,145.43739003,145.43739003,141.76327375,142.406265,
2026-06-12 03:20:00,1781234400,142.406265,143.03018601,135.87003452,137.46245256,
2026-06-12 03:21:00,1781234460,137.46245256,140.61395744,132.57680274,133.49033412,
2026-06-12 03:22:00,1781234520,133.49033412,137.60766685,130.11636645,130.13356382,
2026-06-12 03:23:00,1781234580,130.13356382,130.40710613,126.93487002,129.68726394,
2026-06-12 03:24:00,1781234640,129.68726394,132.74410607,128.37692363,130.61994882,
2026-06-12 03:25:00,1781234700,130.61994882,130.61994882,119.45078347,125.28961224,
2026-06-12 03:26:00,1781234760,125.28961224,130.91113188,125.23804852,130.30239039,
2026-06-12 03:27:00,1781234820,130.30239039,131.76773093,126.79134774,128.31103793,
2026-06-12 03:28:00,1781234880,128.31103793,135.7102436,128.31103793,135.60197572,
2026-06-12 03:29:00,1781234940,135.60197572,135.60197572,132.47706853,133.0345575,
2026-06-12 03:30:00,1781235000,133.0345575,139.74129768,132.78804242,133.71422524,
2026-06-12 03:31:00,1781235060,133.71422524,146.74754128,133.64232528,140.32766534,
2026-06-12 03:32:00,1781235120,140.32766534,140.32766534,132.19533085,138.08090827,
2026-06-12 03:33:00,1781235180,138.08090827,140.27774503,136.29210847,137.52215127,
2026-06-12 03:34:00,1781235240,137.52215127,145.04222321,135.04205277,144.75692955,
2026-06-12 03:35:00,1781235300,144.75692955,148.8561068,138.57750523,140.85774772,
2026-06-12 03:36:00,1781235360,140.85774772,141.77611393,135.96850298,136.79589321,
2026-06-12 03:37:00,1781235420,136.79589321,141.73087171,136.79589321,141.06528318,
2026-06-12 03:38:00,1781235480,141.06528318,141.08370896,136.66503692,138.76973365,
2026-06-12 03:39:00,1781235540,138.76973365,138.84248902,135.44002423,135.49359185,
2026-06-12 03:40:00,1781235600,135.49359185,138.30228723,134.08218319,135.69215337,
2026-06-12 03:41:00,1781235660,135.69215337,139.51803854,133.29953751,135.62010176,
2026-06-12 03:42:00,1781235720,135.62010176,136.71089688,130.61431225,134.05589511,
2026-06-12 03:43:00,1781235780,134.05589511,135.10799299,132.3291028,133.23163476,
2026-06-12 03:44:00,1781235840,133.23163476,137.72939897,133.08891261,135.84366625,
2026-06-12 03:45:00,1781235900,135.84366625,138.24199486,131.90898803,134.06807168,
2026-06-12 03:46:00,1781235960,134.06807168,139.25554004,133.33559644,138.82922732,
2026-06-12 03:47:00,1781236020,138.82922732,141.23302287,136.93833969,138.93980239,
2026-06-12 03:48:00,1781236080,138.93980239,145.35744059,136.71813291,140.75243256,
2026-06-12 03:49:00,1781236140,140.75243256,143.04769784,133.76206782,134.79085402,
2026-06-12 03:50:00,1781236200,134.79085402,139.67321475,134.79085402,135.98525581,
2026-06-12 03:51:00,1781236260,135.98525581,140.93939775,135.9836601,139.08213957,
2026-06-12 03:52:00,1781236320,139.08213957,143.29689513,138.93413719,140.11697369,
2026-06-12 03:53:00,1781236380,140.11697369,142.86852613,139.38954846,142.55554393,
2026-06-12 03:54:00,1781236440,142.55554393,144.4634865,140.86069243,141.64356817,
2026-06-12 03:55:00,1781236500,141.64356817,145.49042718,141.50898518,142.81352283,
2026-06-12 03:56:00,1781236560,142.81352283,142.81352283,139.89162461,141.00139702,
2026-06-12 03:57:00,1781236620,141.00139702,144.60548705,140.75395787,141.81082233,
2026-06-12 03:58:00,1781236680,141.81082233,141.86356925,138.83874651,139.40677157,
2026-06-12 03:59:00,1781236740,139.40677157,142.1871078,139.33951991,140.94711228,
2026-06-12 04:00:00,1781236800,140.94711228,142.60670597,138.94324219,139.32860771,
2026-06-12 04:01:00,1781236860,139.32860771,139.42723921,131.68926896,137.07297571,
2026-06-12 04:02:00,1781236920,137.07297571,137.07297571,131.90119986,133.66255438,
2026-06-12 04:03:00,1781236980,133.66255438,139.90638844,133.38539607,137.05294787,
2026-06-12 04:04:00,1781237040,137.05294787,138.89418614,132.06021466,138.81879388,
2026-06-12 04:05:00,1781237100,138.81879388,138.87009703,134.15862356,134.88553467,
2026-06-12 04:06:00,1781237160,134.88553467,135.11963201,126.70059931,126.95515213,
2026-06-12 04:07:00,1781237220,126.95515213,127.05832358,122.50068537,126.69174661,
2026-06-12 04:08:00,1781237280,126.69174661,137.55321074,126.69020194,134.96211118,
2026-06-12 04:09:00,1781237340,134.96211118,135.67687074,130.43964101,131.95002771,
2026-06-12 04:10:00,1781237400,131.95002771,133.73384208,131.6228956,133.13260552,
2026-06-12 04:11:00,1781237460,133.13260552,146.61960951,133.12943675,141.55072681,
2026-06-12 04:12:00,1781237520,141.55072681,142.76428678,138.33582537,140.24155456,
2026-06-12 04:13:00,1781237580,140.24155456,140.2601672,129.09744487,131.71622385,
2026-06-12 04:14:00,1781237640,131.71622385,135.92680311,130.21080832,133.53590582,
2026-06-12 04:15:00,1781237700,133.53590582,147.23277508,133.53590582,145.62785999,
2026-06-12 04:16:00,1781237760,145.62785999,174.07975789,143.44150873,170.46150735,
2026-06-12 04:17:00,1781237820,170.46150735,182.88714188,164.17259788,165.43868102,
2026-06-12 04:18:00,1781237880,165.43868102,172.76717919,162.70323625,165.63718819,
2026-06-12 04:19:00,1781237940,165.63718819,169.39408538,164.74136266,168.61596787,
2026-06-12 04:20:00,1781238000,168.61596787,168.65714471,161.40740919,165.69948859,
2026-06-12 04:21:00,1781238060,165.69948859,170.88721834,165.64554646,170.06820042,
2026-06-12 04:22:00,1781238120,170.06820042,178.12499724,165.53988123,177.41141324,
2026-06-12 04:23:00,1781238180,177.41141324,190.98791661,176.19593967,179.7595772,
2026-06-12 04:24:00,1781238240,179.7595772,185.52567435,176.83387724,181.10992972,
2026-06-12 04:25:00,1781238300,181.10992972,181.42035293,177.26991863,179.0674297,
2026-06-12 04:26:00,1781238360,179.0674297,192.53700982,177.52674583,192.48737694,
2026-06-12 04:27:00,1781238420,192.48737694,193.67825103,185.3466511,189.19635358,
2026-06-12 04:28:00,1781238480,189.19635358,193.81562909,187.08312716,190.50517575,
2026-06-12 04:29:00,1781238540,190.50517575,195.88509418,187.60556503,191.46069153,
2026-06-12 04:30:00,1781238600,191.46069153,191.46069153,182.61013887,191.44845363,
2026-06-12 04:31:00,1781238660,191.44845363,208.52004431,187.19739747,187.19739747,
2026-06-12 04:32:00,1781238720,187.19739747,193.25522322,179.58280226,185.4440487,
2026-06-12 04:33:00,1781238780,185.4440487,196.31159108,178.79045835,178.79045835,
2026-06-12 04:34:00,1781238840,178.79045835,179.20734805,170.5344445,179.02532939,
2026-06-12 04:35:00,1781238900,179.02532939,180.4367317,173.5912109,175.56655425,
2026-06-12 04:36:00,1781238960,175.56655425,178.82107933,173.07821789,173.49631738,
2026-06-12 04:37:00,1781239020,173.49631738,178.20163816,173.15887262,175.23818838,
2026-06-12 04:38:00,1781239080,175.23818838,175.41518301,169.06268856,171.23911999,
2026-06-12 04:39:00,1781239140,171.23911999,180.94142597,170.85918902,176.37451939,
2026-06-12 04:40:00,1781239200,176.37451939,176.79960126,170.93347376,175.05981119,
2026-06-12 04:41:00,1781239260,175.05981119,175.08028633,168.04944031,171.81917678,
2026-06-12 04:42:00,1781239320,171.81917678,171.90348034,166.645569,170.95988522,
2026-06-12 04:43:00,1781239380,170.95988522,176.80228225,170.7741891,172.31121695,
2026-06-12 04:44:00,1781239440,172.31121695,177.41238218,172.31121695,173.66756553,
2026-06-12 04:45:00,1781239500,173.66756553,181.30067474,172.93702695,174.62950159,
2026-06-12 04:46:00,1781239560,174.62950159,178.41143897,171.52937397,175.07491239,
2026-06-12 04:47:00,1781239620,175.07491239,175.48342253,169.01492254,172.53574713,
2026-06-12 04:48:00,1781239680,172.53574713,174.77063971,171.58804317,173.91522519,
2026-06-12 04:49:00,1781239740,173.91522519,174.07564538,170.35821996,172.41413858,
2026-06-12 04:50:00,1781239800,172.41413858,177.37163182,170.45998698,172.17195995,
2026-06-12 04:51:00,1781239860,172.17195995,176.36452822,170.98570372,176.31775344,
2026-06-12 04:52:00,1781239920,176.31775344,176.47377352,175.02177941,175.69264505,
2026-06-12 04:53:00,1781239980,175.69264505,177.32060521,169.7709181,170.23769998,
2026-06-12 04:54:00,1781240040,170.23769998,170.80481008,169.25895467,169.29889468,
2026-06-12 04:55:00,1781240100,169.29889468,173.85908306,167.95519736,167.99672075,
2026-06-12 04:56:00,1781240160,167.99672075,170.69909422,166.57531277,169.87802146,
2026-06-12 04:57:00,1781240220,169.87802146,173.06094739,169.72908143,170.5470988,
2026-06-12 04:58:00,1781240280,170.5470988,170.5470988,167.6014581,167.98765279,
2026-06-12 04:59:00,1781240340,167.98765279,169.95639142,165.37988392,167.49977642,
2026-06-12 05:00:00,1781240400,167.49977642,173.40947141,164.37707671,165.63258386,
2026-06-12 05:01:00,1781240460,165.63258386,165.78115371,155.37523318,162.74780803,
2026-06-12 05:02:00,1781240520,162.74780803,162.74780803,150.52347772,152.32031544,
2026-06-12 05:03:00,1781240580,152.32031544,156.6501268,151.87699605,156.02904122,
2026-06-12 05:04:00,1781240640,156.02904122,159.38308409,151.78309568,153.29606108,
2026-06-12 05:05:00,1781240700,153.29606108,156.05094249,152.09486973,153.28496217,
2026-06-12 05:06:00,1781240760,153.28496217,157.90803529,152.01289918,156.64204428,
2026-06-12 05:07:00,1781240820,156.64204428,158.45966549,150.40800903,150.73879421,
2026-06-12 05:08:00,1781240880,150.73879421,150.79684083,141.90963481,145.78133705,
2026-06-12 05:09:00,1781240940,145.78133705,147.68377783,143.6579985,146.83804924,
2026-06-12 05:10:00,1781241000,146.83804924,147.0592551,138.49975318,141.98103523,
2026-06-12 05:11:00,1781241060,141.98103523,142.40100799,123.3076041,123.3076041,
2026-06-12 05:12:00,1781241120,123.3076041,125.79622725,115.33442837,122.72410911,
2026-06-12 05:13:00,1781241180,122.72410911,122.72410911,117.25714142,119.21486688,
2026-06-12 05:14:00,1781241240,119.21486688,124.64994705,119.21332685,120.11307108,
2026-06-12 05:15:00,1781241300,120.11307108,128.33532296,119.86078445,127.36201811,
2026-06-12 05:16:00,1781241360,127.36201811,132.7702998,126.93817833,131.16340693,
2026-06-12 05:17:00,1781241420,131.16340693,135.07369241,129.79731944,134.162417,
2026-06-12 05:18:00,1781241480,134.162417,137.14785354,133.11621801,136.20610466,
2026-06-12 05:19:00,1781241540,136.20610466,137.46630226,135.21722527,135.66053229,
2026-06-12 05:20:00,1781241600,135.66053229,136.34407256,131.22244041,132.77732601,
2026-06-12 05:21:00,1781241660,132.77732601,132.8116004,129.40574906,131.65190029,
2026-06-12 05:22:00,1781241720,131.65190029,134.74144131,126.5528203,127.21581388,
2026-06-12 05:23:00,1781241780,127.21581388,132.54598314,126.60817923,126.69254358,
2026-06-12 05:24:00,1781241840,126.69254358,129.70592502,122.67866007,129.16094584,
2026-06-12 05:25:00,1781241900,129.16094584,130.65753291,127.36595583,130.56896826,
2026-06-12 05:26:00,1781241960,130.56896826,131.56243267,127.73424945,127.98260844,
2026-06-12 05:27:00,1781242020,127.98260844,131.24812216,126.62766169,127.74318521,
2026-06-12 05:28:00,1781242080,127.74318521,130.25000473,126.42733913,128.56667527,
2026-06-12 05:29:00,1781242140,128.56667527,131.12267298,127.91932977,129.85086885,
2026-06-12 05:30:00,1781242200,129.85086885,132.01622901,126.78047416,131.20020964,
2026-06-12 05:31:00,1781242260,131.20020964,132.4798475,126.37548055,131.86239604,
2026-06-12 05:32:00,1781242320,131.86239604,132.27125584,122.92869661,123.58298752,
2026-06-12 05:33:00,1781242380,123.58298752,128.52296312,120.1856178,123.83949815,
2026-06-12 05:34:00,1781242440,123.83949815,128.38221033,123.11793336,126.38164238,
2026-06-12 05:35:00,1781242500,126.38164238,127.60311323,122.9202936,125.05059313,
2026-06-12 05:36:00,1781242560,125.05059313,125.76662515,116.95117243,118.05789414,
2026-06-12 05:37:00,1781242620,118.05789414,121.19599883,111.73816758,114.70182665,
2026-06-12 05:38:00,1781242680,114.70182665,117.19528397,110.8425359,111.67249279,
2026-06-12 05:39:00,1781242740,111.67249279,115.1282545,106.5449913,114.89524416,
2026-06-12 05:40:00,1781242800,114.89524416,115.87609765,110.57489339,112.70329456,
2026-06-12 05:41:00,1781242860,112.70329456,115.38877295,109.83118352,114.2319873,
2026-06-12 05:42:00,1781242920,114.2319873,116.27437642,112.65470817,116.00535585,
2026-06-12 05:43:00,1781242980,116.00535585,119.32261868,113.89860797,115.04251005,
2026-06-12 05:44:00,1781243040,115.04251005,116.81191859,114.02559136,114.90044614,
2026-06-12 05:45:00,1781243100,114.90044614,118.7425761,114.81920931,117.70142826,
2026-06-12 05:46:00,1781243160,117.70142826,117.72202011,112.40116458,113.08235671,
2026-06-12 05:47:00,1781243220,113.08235671,114.87852797,109.06393788,113.44758641,
2026-06-12 05:48:00,1781243280,113.44758641,113.45143829,110.79729827,112.18862588,
2026-06-12 05:49:00,1781243340,112.18862588,118.85754636,110.6975868,118.83804276,
2026-06-12 05:50:00,1781243400,118.83804276,119.13397514,102.98852919,102.98852919,
2026-06-12 05:51:00,1781243460,102.98852919,112.03921506,102.8995919,111.46338435,
2026-06-12 05:52:00,1781243520,111.46338435,114.8258902,104.81469738,105.03495481,
2026-06-12 05:53:00,1781243580,105.03495481,111.37186393,104.49876753,110.52051998,
2026-06-12 05:54:00,1781243640,110.52051998,114.85302552,110.52051998,113.22735574,
2026-06-12 05:55:00,1781243700,113.22735574,115.24812471,112.4820367,115.24812471,
2026-06-12 05:56:00,1781243760,115.24812471,117.11512883,113.42745799,115.24597913,
2026-06-12 05:57:00,1781243820,115.24597913,119.37967966,113.76278393,117.82991007,
2026-06-12 05:58:00,1781243880,117.82991007,118.27662686,115.08400367,115.71205847,
2026-06-12 05:59:00,1781243940,115.71205847,115.88606713,110.23536439,111.23340906,
2026-06-12 06:00:00,1781244000,111.23340906,114.18321939,107.50435201,113.26356607,
2026-06-12 06:01:00,1781244060,113.26356607,114.6091415,108.70176392,111.48477108,
2026-06-12 06:02:00,1781244120,111.48477108,117.87073606,109.85250487,116.06769164,
2026-06-12 06:03:00,1781244180,116.06769164,118.97554073,112.45423634,118.97554073,
2026-06-12 06:04:00,1781244240,118.97554073,119.56319255,114.43715867,117.47769329,
2026-06-12 06:05:00,1781244300,117.47769329,121.01843499,116.68075413,119.06192529,
2026-06-12 06:06:00,1781244360,119.06192529,120.99344468,116.35896682,117.38099243,
2026-06-12 06:07:00,1781244420,117.38099243,117.87599835,112.813303,113.96669973,
2026-06-12 06:08:00,1781244480,113.96669973,119.2287308,110.17330881,115.41286579,
2026-06-12 06:09:00,1781244540,115.41286579,116.46616431,105.3597143,107.05759276,
2026-06-12 06:10:00,1781244600,107.05759276,109.21685526,100.71059868,109.21685526,
2026-06-12 06:11:00,1781244660,109.21685526,112.07344017,105.06667686,107.84000735,
2026-06-12 06:12:00,1781244720,107.84000735,107.84000735,102.28120663,104.34834072,
2026-06-12 06:13:00,1781244780,104.34834072,106.31989823,102.7626446,103.6261309,
2026-06-12 06:14:00,1781244840,103.6261309,104.89458109,101.3907882,104.31255658,
2026-06-12 06:15:00,1781244900,104.31255658,104.64924744,92.03750548,92.42295462,
2026-06-12 06:16:00,1781244960,92.42295462,92.42295462,85.80691801,87.23413927,
2026-06-12 06:17:00,1781245020,87.23413927,89.25207293,85.43163404,86.51793686,
2026-06-12 06:18:00,1781245080,86.51793686,92.90262021,86.5165865,92.34754899,
2026-06-12 06:19:00,1781245140,92.34754899,92.70827229,87.78837724,88.59689553,
2026-06-12 06:20:00,1781245200,88.59689553,90.76026215,87.54466376,88.15199857,
2026-06-12 06:21:00,1781245260,88.15199857,90.14190069,81.01933675,89.84051479,
2026-06-12 06:22:00,1781245320,89.84051479,90.92568133,86.77879948,90.2785737,
2026-06-12 06:23:00,1781245380,90.2785737,92.61926263,89.37039428,91.63617851,
2026-06-12 06:24:00,1781245440,91.63617851,94.74850953,91.35021775,92.4170173,
2026-06-12 06:25:00,1781245500,92.4170173,93.76908128,90.06514511,90.86699554,
2026-06-12 06:26:00,1781245560,90.86699554,92.4046708,86.19844682,90.85330553,
2026-06-12 06:27:00,1781245620,90.85330553,91.74989316,87.22855264,88.63532297,
2026-06-12 06:28:00,1781245680,88.63532297,90.17633646,87.23690045,87.59617228,
2026-06-12 06:29:00,1781245740,87.59617228,87.59617228,85.58952565,86.58901385,
2026-06-12 06:30:00,1781245800,86.58901385,86.58901385,79.39463675,81.67135221,
2026-06-12 06:31:00,1781245860,81.67135221,81.69528178,74.17791322,75.0691769,
2026-06-12 06:32:00,1781245920,75.0691769,78.43079607,74.33403851,76.73733379,
2026-06-12 06:33:00,1781245980,76.73733379,77.0900881,59.18997979,60.7492419,
2026-06-12 06:34:00,1781246040,60.7492419,67.48881099,59.13261371,63.96992867,
2026-06-12 06:35:00,1781246100,63.96992867,68.28322132,63.60608992,65.36092044,
2026-06-12 06:36:00,1781246160,65.36092044,66.77292602,62.04700818,64.21292979,
2026-06-12 06:37:00,1781246220,64.21292979,65.88733215,60.54206451,61.08091931,
2026-06-12 06:38:00,1781246280,61.08091931,61.48345788,57.87977934,59.39362713,
2026-06-12 06:39:00,1781246340,59.39362713,69.63737273,59.39362713,69.63737273,
2026-06-12 06:40:00,1781246400,69.63737273,71.07422505,67.38594434,70.62033305,
2026-06-12 06:41:00,1781246460,70.62033305,70.67279375,65.07701971,69.72868196,
2026-06-12 06:42:00,1781246520,69.72868196,70.65214287,67.2855618,68.47840551,
2026-06-12 06:43:00,1781246580,68.47840551,71.12346845,66.95776416,67.91003864,
2026-06-12 06:44:00,1781246640,67.91003864,70.16709007,66.94719238,67.83731457,
2026-06-12 06:45:00,1781246700,67.83731457,73.61024917,66.80001242,72.66516014,
2026-06-12 06:46:00,1781246760,72.66516014,74.8337098,71.50465281,74.8337098,
2026-06-12 06:47:00,1781246820,74.8337098,77.04654691,74.61626665,76.94449126,
2026-06-12 06:48:00,1781246880,76.94449126,76.94449126,72.91583354,75.28101027,
2026-06-12 06:49:00,1781246940,75.28101027,75.30901471,70.57113653,73.19814788,
2026-06-12 06:50:00,1781247000,73.19814788,75.28565052,69.99741242,70.1183335,
2026-06-12 06:51:00,1781247060,70.1183335,71.41580051,67.96618314,69.29030582,
2026-06-12 06:52:00,1781247120,69.29030582,72.88200474,68.6295395,71.29975726,
2026-06-12 06:53:00,1781247180,71.29975726,72.9901504,69.80345001,70.36107228,
2026-06-12 06:54:00,1781247240,70.36107228,72.52308239,69.77155339,71.32302169,
2026-06-12 06:55:00,1781247300,71.32302169,71.32302169,69.2172724,69.24302812,
2026-06-12 06:56:00,1781247360,69.24302812,72.62753556,68.64629534,72.24336782,
2026-06-12 06:57:00,1781247420,72.24336782,74.0577302,72.24211383,73.93225801,
2026-06-12 06:58:00,1781247480,73.93225801,76.95421387,72.55413025,73.65634644,
2026-06-12 06:59:00,1781247540,73.65634644,73.83906326,70.93493361,72.19646581,
2026-06-12 07:00:00,1781247600,72.19646581,80.32006241,72.10867796,79.06327442,
2026-06-12 07:01:00,1781247660,79.06327442,83.94129384,78.59159739,81.79757955,
2026-06-12 07:02:00,1781247720,81.79757955,83.03913241,78.1166325,78.1166325,
2026-06-12 07:03:00,1781247780,78.1166325,78.14982464,75.46036724,77.75586701,
2026-06-12 07:04:00,1781247840,77.75586701,79.39562059,77.22042566,78.31781819,
2026-06-12 07:05:00,1781247900,78.31781819,80.40673902,77.5292703,79.64729714,
2026-06-12 07:06:00,1781247960,79.64729714,80.30563775,77.61813251,78.0847226,
2026-06-12 07:07:00,1781248020,78.0847226,78.0847226,71.23438401,73.9899744,
2026-06-12 07:08:00,1781248080,73.9899744,76.53463739,73.51125199,76.36861506,
2026-06-12 07:09:00,1781248140,76.36861506,76.62043801,74.22409499,74.23402324,
2026-06-12 07:10:00,1781248200,74.23402324,74.23402324,72.67754194,73.00989804,
2026-06-12 07:11:00,1781248260,73.00989804,75.50370164,68.51919997,68.84930716,
2026-06-12 07:12:00,1781248320,68.84930716,71.55359559,67.41225958,69.32097741,
2026-06-12 07:13:00,1781248380,69.32097741,69.77691723,64.8405046,65.14397712,
2026-06-12 07:14:00,1781248440,65.14397712,67.34496816,61.17377476,61.48735714,
2026-06-12 07:15:00,1781248500,61.48735714,63.98464928,61.38318399,61.77698625,
2026-06-12 07:16:00,1781248560,61.77698625,64.48617672,57.94202282,63.15036977,
2026-06-12 07:17:00,1781248620,63.15036977,64.67427909,59.74086397,64.67427909,
2026-06-12 07:18:00,1781248680,64.67427909,69.80690945,64.3645216,66.08724346,
2026-06-12 07:19:00,1781248740,66.08724346,67.07965729,62.57763905,64.18006748,
2026-06-12 07:20:00,1781248800,64.18006748,68.3559695,63.85376241,68.34214184,
2026-06-12 07:21:00,1781248860,68.34214184,69.15585812,60.92144806,64.30897041,
2026-06-12 07:22:00,1781248920,64.30897041,64.39873287,59.42484652,59.97487564,
2026-06-12 07:23:00,1781248980,59.97487564,64.09712458,59.54531679,64.09712458,
2026-06-12 07:24:00,1781249040,64.09712458,66.5019706,64.09480417,65.52945984,
2026-06-12 07:25:00,1781249100,65.52945984,65.52945984,61.75932695,62.72743763,
2026-06-12 07:26:00,1781249160,62.72743763,63.97601651,62.34493667,63.43290535,
2026-06-12 07:27:00,1781249220,63.43290535,63.45161939,61.21585833,62.43323943,
2026-06-12 07:28:00,1781249280,62.43323943,63.60331224,60.71507549,63.07589624,
2026-06-12 07:29:00,1781249340,63.07589624,64.43513257,61.96696214,62.6931782,
2026-06-12 07:30:00,1781249400,62.6931782,63.96248268,61.31697679,63.71802247,
2026-06-12 07:31:00,1781249460,63.71802247,64.87570567,62.56232308,64.84388422,
2026-06-12 07:32:00,1781249520,64.84388422,64.84388422,60.61861643,62.66347724,
2026-06-12 07:33:00,1781249580,62.66347724,62.93023538,59.35514419,61.76157787,
2026-06-12 07:34:00,1781249640,61.76157787,64.41361923,58.68139264,58.68139264,
2026-06-12 07:35:00,1781249700,58.68139264,63.0781246,58.4545481,61.60808333,
2026-06-12 07:36:00,1781249760,61.60808333,61.73487189,58.34079843,59.36482489,
2026-06-12 07:37:00,1781249820,59.36482489,60.47781443,55.68907825,56.24631997,
2026-06-12 07:38:00,1781249880,56.24631997,59.22957661,54.60811061,59.2284662,
2026-06-12 07:39:00,1781249940,59.2284662,65.42260355,58.89440794,65.26523622,
2026-06-12 07:40:00,1781250000,65.26523622,67.72001839,63.19911134,65.21144069,
2026-06-12 07:41:00,1781250060,65.21144069,69.37407852,65.00970989,69.32849491,
2026-06-12 07:42:00,1781250120,69.32849491,71.19655003,67.57359177,70.88724671,
2026-06-12 07:43:00,1781250180,70.88724671,70.88724671,67.15193907,67.16243799,
2026-06-12 07:44:00,1781250240,67.16243799,68.02155487,54.39834393,54.45348689,
2026-06-12 07:45:00,1781250300,54.45348689,54.45348689,45.93384896,46.06454961,
2026-06-12 07:46:00,1781250360,46.06454961,46.13001694,42.52553511,42.92181678,
2026-06-12 07:47:00,1781250420,42.92181678,43.75124698,41.73792403,43.73269728,
2026-06-12 07:48:00,1781250480,43.73269728,46.59279345,43.2816525,45.78760495,
2026-06-12 07:49:00,1781250540,45.78760495,46.82650707,45.78760495,46.72794592,
2026-06-12 07:50:00,1781250600,46.72794592,46.76028212,44.79767174,46.05831335,
2026-06-12 07:51:00,1781250660,46.05831335,46.1064848,45.26492406,45.69479369,
2026-06-12 07:52:00,1781250720,45.69479369,46.81074554,44.6910174,45.74372675,
2026-06-12 07:53:00,1781250780,45.74372675,45.99217106,43.62618301,43.68818254,
2026-06-12 07:54:00,1781250840,43.68818254,44.74926431,43.52091628,44.72530344,
2026-06-12 07:55:00,1781250900,44.72530344,47.40670145,44.5551397,47.19165465,
2026-06-12 07:56:00,1781250960,47.19165465,59.71917099,47.17488433,53.70007172,
2026-06-12 07:57:00,1781251020,53.70007172,58.60500649,48.53468459,49.45570137,
2026-06-12 07:58:00,1781251080,49.45570137,50.33631449,45.08145486,46.52144732,
2026-06-12 07:59:00,1781251140,46.52144732,46.58771863,44.13386553,44.64127588,
2026-06-12 08:00:00,1781251200,44.64127588,46.72445972,44.28447167,45.70104268,
2026-06-12 08:01:00,1781251260,45.70104268,47.8460144,45.0741597,46.7071966,
2026-06-12 08:02:00,1781251320,46.7071966,50.97276119,45.75374397,48.45799207,
2026-06-12 08:03:00,1781251380,48.45799207,48.5204654,43.74170787,45.77728291,
2026-06-12 08:04:00,1781251440,45.77728291,47.36012986,43.12531396,43.59946034,
2026-06-12 08:05:00,1781251500,43.59946034,48.34577656,43.05773939,48.09554691,
2026-06-12 08:06:00,1781251560,48.09554691,51.96242515,47.47180804,50.96489718,
2026-06-12 08:07:00,1781251620,50.96489718,54.89759229,50.78212178,54.01550114,
2026-06-12 08:08:00,1781251680,54.01550114,57.03054093,53.73312951,57.02949278,
2026-06-12 08:09:00,1781251740,57.02949278,57.78842637,55.82527495,56.23099703,
2026-06-12 08:10:00,1781251800,56.23099703,62.22413166,56.03715248,58.46983419,
2026-06-12 08:11:00,1781251860,58.46983419,60.96436092,56.23642307,59.50832106,
2026-06-12 08:12:00,1781251920,59.50832106,62.09461227,59.50832106,62.09461227,
2026-06-12 08:13:00,1781251980,62.09461227,65.548653,60.23610609,62.77794538,
2026-06-12 08:14:00,1781252040,62.77794538,62.77794538,60.05112885,60.15498988,
2026-06-12 08:15:00,1781252100,60.15498988,61.50242069,59.11534596,61.44214021,
2026-06-12 08:16:00,1781252160,61.44214021,72.18579092,60.78345182,71.02090588,
2026-06-12 08:17:00,1781252220,71.02090588,75.37054832,66.91155102,72.57913936,
2026-06-12 08:18:00,1781252280,72.57913936,82.00876868,71.63941158,80.15564828,
2026-06-12 08:19:00,1781252340,80.15564828,81.93345069,76.83264258,79.77829522,
2026-06-12 08:20:00,1781252400,79.77829522,80.27404919,77.07313254,79.72816758,
2026-06-12 08:21:00,1781252460,79.72816758,97.9233063,79.47218361,93.21583977,
2026-06-12 08:22:00,1781252520,93.21583977,102.47187341,90.68431054,93.83501404,
2026-06-12 08:23:00,1781252580,93.83501404,93.83501404,84.58204159,87.52383018,
2026-06-12 08:24:00,1781252640,87.52383018,91.69951474,84.17185118,84.17185118,
2026-06-12 08:25:00,1781252700,84.17185118,85.33083007,82.06466054,83.60396804,
2026-06-12 08:26:00,1781252760,83.60396804,84.48851474,81.26083608,81.67172243,
2026-06-12 08:27:00,1781252820,81.67172243,89.4942975,81.65667368,85.53326054,
2026-06-12 08:28:00,1781252880,85.53326054,90.32866815,83.61878642,88.96048753,
2026-06-12 08:29:00,1781252940,88.96048753,89.65593942,84.99784557,87.50120205,
2026-06-12 08:30:00,1781253000,87.50120205,89.39390562,82.0272778,82.16185895,
2026-06-12 08:31:00,1781253060,82.16185895,84.48075725,79.21854322,80.07040537,
2026-06-12 08:32:00,1781253120,80.07040537,81.31523834,77.64044041,79.61968203,
2026-06-12 08:33:00,1781253180,79.61968203,85.50748024,78.90956205,83.91722532,
2026-06-12 08:34:00,1781253240,83.91722532,85.11197065,78.63711147,78.82536411,
2026-06-12 08:35:00,1781253300,78.82536411,78.94718767,73.35500812,75.13007184,
2026-06-12 08:36:00,1781253360,75.13007184,75.79470877,73.59216473,74.14573144,
2026-06-12 08:37:00,1781253420,74.14573144,74.14573144,68.47028938,71.51971236,
2026-06-12 08:38:00,1781253480,71.51971236,75.57416568,70.91360219,75.27474168,
2026-06-12 08:39:00,1781253540,75.27474168,78.60964967,74.4647295,77.59412285,
2026-06-12 08:40:00,1781253600,77.59412285,77.8751225,69.45307447,70.33668532,
2026-06-12 08:41:00,1781253660,70.33668532,72.25284842,67.77553687,68.03784026,
2026-06-12 08:42:00,1781253720,68.03784026,68.88522023,63.91603295,64.90433916,
2026-06-12 08:43:00,1781253780,64.90433916,65.15368941,63.36749581,63.69111145,
2026-06-12 08:44:00,1781253840,63.69111145,63.96433711,62.49462653,63.81364211,
2026-06-12 08:45:00,1781253900,63.81364211,63.93794697,59.66690292,59.79675746,
2026-06-12 08:46:00,1781253960,59.79675746,66.00264114,58.91498425,66.00264114,
2026-06-12 08:47:00,1781254020,66.00264114,69.41656319,64.49358928,65.58063861,
2026-06-12 08:48:00,1781254080,65.58063861,69.94930398,65.44714285,68.8485099,
2026-06-12 08:49:00,1781254140,68.8485099,69.36372593,65.63252271,66.08465093,
2026-06-12 08:50:00,1781254200,66.08465093,66.40268718,64.32814254,65.9820687,
2026-06-12 08:51:00,1781254260,65.9820687,68.91472967,64.35994627,66.08230083,
2026-06-12 08:52:00,1781254320,66.08230083,71.76034125,66.08230083,70.19578579,
2026-06-12 08:53:00,1781254380,70.19578579,72.57031443,69.02386976,71.02929616,
2026-06-12 08:54:00,1781254440,71.02929616,71.02929616,68.25954616,69.38906996,
2026-06-12 08:55:00,1781254500,69.38906996,71.22444299,68.72925195,69.64473936,
2026-06-12 08:56:00,1781254560,69.64473936,72.34615491,68.10842613,70.90203506,
2026-06-12 08:57:00,1781254620,70.90203506,71.17755572,70.02866373,70.35313134,
2026-06-12 08:58:00,1781254680,70.35313134,71.33006892,68.43504164,68.66801114,
2026-06-12 08:59:00,1781254740,68.66801114,70.64578818,68.1435181,68.15582826,
2026-06-12 09:00:00,1781254800,68.15582826,68.31602481,65.95843113,67.12557876,
2026-06-12 09:01:00,1781254860,67.12557876,70.41764028,67.02833799,68.87119654,
2026-06-12 09:02:00,1781254920,68.87119654,73.69562844,68.33385886,71.37309268,
2026-06-12 09:03:00,1781254980,71.37309268,71.37309268,63.9033458,64.30417956,
2026-06-12 09:04:00,1781255040,64.30417956,64.94184101,62.83597116,63.25103978,
2026-06-12 09:05:00,1781255100,63.25103978,69.49766719,62.26655572,64.83954375,
2026-06-12 09:06:00,1781255160,64.83954375,69.18449439,64.83954375,68.13730191,
2026-06-12 09:07:00,1781255220,68.13730191,77.41395029,68.01232836,75.89150317,
2026-06-12 09:08:00,1781255280,75.89150317,76.41850553,68.31482859,69.85809752,
2026-06-12 09:09:00,1781255340,69.85809752,74.33425572,69.85809752,71.85088136,
2026-06-12 09:10:00,1781255400,71.85088136,71.85088136,68.59528348,70.87576425,
2026-06-12 09:11:00,1781255460,70.87576425,75.67866746,70.86176382,74.47434518,
2026-06-12 09:12:00,1781255520,74.47434518,75.44447967,71.81542031,71.81542031,
2026-06-12 09:13:00,1781255580,71.81542031,74.67704991,70.90732926,74.36701323,
2026-06-12 09:14:00,1781255640,74.36701323,81.12675771,73.73304542,79.02244521,
2026-06-12 09:15:00,1781255700,79.02244521,80.86703823,76.59797702,80.09234906,
2026-06-12 09:16:00,1781255760,80.09234906,84.98394131,76.92909376,84.23306109,
2026-06-12 09:17:00,1781255820,84.23306109,85.59469866,76.7606587,79.34534655,
2026-06-12 09:18:00,1781255880,79.34534655,81.31549462,77.59673308,78.10530423,
2026-06-12 09:19:00,1781255940,78.10530423,83.07212284,78.0914698,82.39395492,
2026-06-12 09:20:00,1781256000,82.39395492,88.36800388,82.27097237,84.09930339,
2026-06-12 09:21:00,1781256060,84.09930339,99.25435293,83.25256669,98.58837069,
2026-06-12 09:22:00,1781256120,98.58837069,103.5573816,89.69164872,92.43035885,
2026-06-12 09:23:00,1781256180,92.43035885,95.06395384,92.38114729,93.29308954,
2026-06-12 09:24:00,1781256240,93.29308954,97.52211708,93.25330643,95.43419131,
2026-06-12 09:25:00,1781256300,95.43419131,100.11286433,94.71088678,100.04110675,
2026-06-12 09:26:00,1781256360,100.04110675,103.85894814,98.44521718,103.8054137,
2026-06-12 09:27:00,1781256420,103.8054137,110.81795941,103.5798323,106.11433505,
2026-06-12 09:28:00,1781256480,106.11433505,116.81113105,104.88318237,112.73341904,
2026-06-12 09:29:00,1781256540,112.73341904,117.27150685,110.51670879,113.29823831,
2026-06-12 09:30:00,1781256600,113.29823831,118.14833897,112.03327975,118.14672795,
2026-06-12 09:31:00,1781256660,118.14672795,120.09637156,113.54366104,118.81890657,
2026-06-12 09:32:00,1781256720,118.81890657,144.63233317,118.7996769,137.88913065,
2026-06-12 09:33:00,1781256780,137.88913065,146.31821806,134.56297827,142.58471991,
2026-06-12 09:34:00,1781256840,142.58471991,154.6286794,139.22714728,143.71473339,
2026-06-12 09:35:00,1781256900,143.71473339,145.90289687,132.59265859,142.58647017,
2026-06-12 09:36:00,1781256960,142.58647017,143.96356594,132.20283949,132.75216285,
2026-06-12 09:37:00,1781257020,132.75216285,137.25228843,131.43737409,132.07901786,
2026-06-12 09:38:00,1781257080,132.07901786,136.39470363,130.29507728,131.83090832,
2026-06-12 09:39:00,1781257140,131.83090832,134.98947781,128.97144564,132.24417297,
2026-06-12 09:40:00,1781257200,132.24417297,138.65809074,130.6532184,133.94601371,
2026-06-12 09:41:00,1781257260,133.94601371,133.94601371,125.35984058,127.33513098,
2026-06-12 09:42:00,1781257320,127.33513098,137.23527887,127.08347346,135.11351463,
2026-06-12 09:43:00,1781257380,135.11351463,141.14614805,135.11004029,138.26128695,
2026-06-12 09:44:00,1781257440,138.26128695,143.755697,137.41824298,138.12647308,
2026-06-12 09:45:00,1781257500,138.12647308,143.40277407,126.4452259,140.66864382,
2026-06-12 09:46:00,1781257560,140.66864382,140.66864382,135.19648268,135.35508455,
2026-06-12 09:47:00,1781257620,135.35508455,150.51151086,135.35508455,143.64542609,
2026-06-12 09:48:00,1781257680,143.64542609,147.52739852,129.60451321,132.80360493,
2026-06-12 09:49:00,1781257740,132.80360493,132.88321356,128.684372,129.56487209,
2026-06-12 09:50:00,1781257800,129.56487209,135.65442862,129.56315616,134.78115275,
2026-06-12 09:51:00,1781257860,134.78115275,134.78115275,124.27201881,127.19528817,
2026-06-12 09:52:00,1781257920,127.19528817,127.19528817,121.90063825,123.74329364,
2026-06-12 09:53:00,1781257980,123.74329364,126.14036414,121.5164893,122.91787873,
2026-06-12 09:54:00,1781258040,122.91787873,126.21471988,121.07417888,121.12531971,
2026-06-12 09:55:00,1781258100,121.12531971,134.28557955,119.93175313,130.88683843,
2026-06-12 09:56:00,1781258160,130.88683843,133.14887396,123.42197701,123.42197701,
2026-06-12 09:57:00,1781258220,123.42197701,127.21794481,123.24442762,126.13298164,
2026-06-12 09:58:00,1781258280,126.13298164,128.3206312,122.39553739,122.729385,
2026-06-12 09:59:00,1781258340,122.729385,122.8810422,114.49866651,116.33745904,
2026-06-12 10:00:00,1781258400,116.33745904,116.33745904,104.6186557,108.09079298,
2026-06-12 10:01:00,1781258460,108.09079298,111.45239266,107.71836449,110.74524813,
2026-06-12 10:02:00,1781258520,110.74524813,116.95735676,110.74363877,114.15724338,
2026-06-12 10:03:00,1781258580,114.15724338,114.97805636,106.03407006,109.46550191,
2026-06-12 10:04:00,1781258640,109.46550191,113.55885971,108.15244534,109.04677377,
2026-06-12 10:05:00,1781258700,109.04677377,109.11705835,106.07294323,106.66774318,
2026-06-12 10:06:00,1781258760,106.66774318,110.55603275,106.59865322,110.07030389,
2026-06-12 10:07:00,1781258820,110.07030389,115.85976098,109.52588385,114.40453894,
2026-06-12 10:08:00,1781258880,114.40453894,117.47109925,114.30742366,116.97943487,
2026-06-12 10:09:00,1781258940,116.97943487,131.98719584,112.67604656,131.98719584,
2026-06-12 10:10:00,1781259000,131.98719584,138.54638656,122.66065452,126.20567759,
2026-06-12 10:11:00,1781259060,126.20567759,127.54004346,111.85947019,118.19286847,
2026-06-12 10:12:00,1781259120,118.19286847,118.19286847,109.61142574,110.83666417,
2026-06-12 10:13:00,1781259180,110.83666417,120.7650556,110.78126584,117.06444411,
2026-06-12 10:14:00,1781259240,117.06444411,119.53107741,115.20237595,119.53107741,
2026-06-12 10:15:00,1781259300,119.53107741,119.53107741,109.52863266,114.78830477,
2026-06-12 10:16:00,1781259360,114.78830477,119.87478031,114.78830477,115.51796242,
2026-06-12 10:17:00,1781259420,115.51796242,122.61497032,114.58985641,119.11986483,
2026-06-12 10:18:00,1781259480,119.11986483,122.04905294,114.32438078,115.09138839,
2026-06-12 10:19:00,1781259540,115.09138839,119.12785589,115.03428961,118.31816648,
2026-06-12 10:20:00,1781259600,118.31816648,118.93493854,113.58883996,114.38133034,
2026-06-12 10:21:00,1781259660,114.38133034,118.72179122,114.31186855,117.48133087,
2026-06-12 10:22:00,1781259720,117.48133087,118.64479471,113.35416961,117.64167986,
2026-06-12 10:23:00,1781259780,117.64167986,119.14042909,115.5446865,117.76548824,
2026-06-12 10:24:00,1781259840,117.76548824,124.00895336,117.5540128,123.88895255,
2026-06-12 10:25:00,1781259900,123.88895255,126.06165108,93.94654605,96.17166164,
2026-06-12 10:26:00,1781259960,96.17166164,97.32698053,89.15109202,89.15109202,
2026-06-12 10:27:00,1781260020,89.15109202,91.23142,85.82409132,87.57088776,
2026-06-12 10:28:00,1781260080,87.57088776,90.10001261,87.1642492,88.66808973,
2026-06-12 10:29:00,1781260140,88.66808973,90.57444663,84.62689148,89.24599397,
2026-06-12 10:30:00,1781260200,89.24599397,100.37523471,88.86950516,93.62952177,
2026-06-12 10:31:00,1781260260,93.62952177,97.07949493,91.84489691,94.85496922,
2026-06-12 10:32:00,1781260320,94.85496922,104.35932844,92.65046525,104.35932844,
2026-06-12 10:33:00,1781260380,104.35932844,107.92999795,99.0252725,101.70101278,
2026-06-12 10:34:00,1781260440,101.70101278,111.8682089,101.69944661,111.43099509,
2026-06-12 10:35:00,1781260500,111.43099509,115.22602191,107.23839959,109.06164769,
2026-06-12 10:36:00,1781260560,109.06164769,116.95116426,104.94517726,115.47097797,
2026-06-12 10:37:00,1781260620,115.47097797,115.47097797,107.53190616,112.71827972,
2026-06-12 10:38:00,1781260680,112.71827972,113.41488301,110.16985983,111.76536018,
2026-06-12 10:39:00,1781260740,111.76536018,115.3539662,103.79222645,105.84994704,
2026-06-12 10:40:00,1781260800,105.84994704,109.78648818,101.54874679,106.08983657,
2026-06-12 10:41:00,1781260860,106.08983657,108.12701328,100.05885862,100.47030231,
2026-06-12 10:42:00,1781260920,100.47030231,102.89362817,98.71334127,102.39208778,
2026-06-12 10:43:00,1781260980,102.39208778,102.58771703,98.44897279,98.79473591,
2026-06-12 10:44:00,1781261040,98.79473591,103.21663479,98.6121772,103.18254884,
2026-06-12 10:45:00,1781261100,103.18254884,104.36780054,99.49881732,104.34901018,
2026-06-12 10:46:00,1781261160,104.34901018,106.21530723,102.77732942,103.79923654,
2026-06-12 10:47:00,1781261220,103.79923654,105.19317799,99.56924342,105.18370793,
2026-06-12 10:48:00,1781261280,105.18370793,114.55043664,105.1302946,111.93314598,
2026-06-12 10:49:00,1781261340,111.93314598,113.30734218,107.3461438,110.96701956,
2026-06-12 10:50:00,1781261400,110.96701956,112.91548462,108.52823626,111.4252297,
2026-06-12 10:51:00,1781261460,111.4252297,111.49236228,106.76956704,107.06117371,
2026-06-12 10:52:00,1781261520,107.06117371,108.40784382,103.46923506,108.00123326,
2026-06-12 10:53:00,1781261580,108.00123326,110.95407188,107.4653701,107.98335872,
2026-06-12 10:54:00,1781261640,107.98335872,111.43550274,106.07128506,106.2927046,
2026-06-12 10:55:00,1781261700,106.2927046,108.75379409,103.11120878,108.15567409,
2026-06-12 10:56:00,1781261760,108.15567409,111.09346901,106.65203238,107.18413592,
2026-06-12 10:57:00,1781261820,107.18413592,107.18413592,99.40504243,106.38530204,
2026-06-12 10:58:00,1781261880,106.38530204,113.69787135,103.58047743,107.63015828,
2026-06-12 10:59:00,1781261940,107.63015828,109.95157592,104.7173916,105.60967545,
2026-06-12 11:00:00,1781262000,105.60967545,108.84424671,102.87622022,102.97646544,
2026-06-12 11:01:00,1781262060,102.97646544,110.81082248,102.81181281,110.79283941,
2026-06-12 11:02:00,1781262120,110.79283941,123.40728741,106.3405491,121.36914336,
2026-06-12 11:03:00,1781262180,121.36914336,139.10878178,119.99496967,135.61285542,
2026-06-12 11:04:00,1781262240,135.61285542,137.73924959,120.50643714,127.78027869,
2026-06-12 11:05:00,1781262300,127.78027869,141.10320939,124.54021876,137.84619425,
2026-06-12 11:06:00,1781262360,137.84619425,141.24925229,127.37230144,128.46176237,
2026-06-12 11:07:00,1781262420,128.46176237,135.09483501,126.83964062,128.6744304,
2026-06-12 11:08:00,1781262480,128.6744304,130.55227462,123.35590838,123.37553077,
2026-06-12 11:09:00,1781262540,123.37553077,123.49965275,114.74881098,115.76716121,
2026-06-12 11:10:00,1781262600,115.76716121,118.32415159,112.43639052,112.45466392,
2026-06-12 11:11:00,1781262660,112.45466392,118.69623968,111.77608176,118.25705455,
2026-06-12 11:12:00,1781262720,118.25705455,128.32777024,118.2426882,128.32777024,
2026-06-12 11:13:00,1781262780,128.32777024,134.21706241,125.8597063,129.71207836,
2026-06-12 11:14:00,1781262840,129.71207836,132.55703652,128.24291444,128.86273756,
2026-06-12 11:15:00,1781262900,128.86273756,134.12798839,128.51886421,132.06452367,
2026-06-12 11:16:00,1781262960,132.06452367,132.12462675,123.79096617,129.22136838,
2026-06-12 11:17:00,1781263020,129.22136838,129.26014365,121.5496063,122.56750705,
2026-06-12 11:18:00,1781263080,122.56750705,124.25646441,115.08106721,119.99664406,
2026-06-12 11:19:00,1781263140,119.99664406,120.03317933,115.96913325,119.24106262,
2026-06-12 11:20:00,1781263200,119.24106262,129.44000833,118.42155145,124.58702791,
2026-06-12 11:21:00,1781263260,124.58702791,129.04850748,123.124363,128.60588223,
2026-06-12 11:22:00,1781263320,128.60588223,133.26638494,127.33591878,132.41091662,
2026-06-12 11:23:00,1781263380,132.41091662,135.92378869,128.50269364,134.98783015,
2026-06-12 11:24:00,1781263440,134.98783015,140.31153022,130.12637971,137.99199274,
2026-06-12 11:25:00,1781263500,137.99199274,141.53248559,133.58314246,135.82732169,
2026-06-12 11:26:00,1781263560,135.82732169,137.07570991,130.51122593,130.87233669,
2026-06-12 11:27:00,1781263620,130.87233669,131.64738751,129.31799036,129.31799036,
2026-06-12 11:28:00,1781263680,129.31799036,135.77173864,128.75675818,134.94182556,
2026-06-12 11:29:00,1781263740,134.94182556,135.10620894,128.47359827,128.75456128,
2026-06-12 11:30:00,1781263800,128.75456128,128.85200908,118.22458927,122.41455315,
2026-06-12 11:31:00,1781263860,122.41455315,129.16104308,117.33395218,120.25715519,
2026-06-12 11:32:00,1781263920,120.25715519,124.17639102,110.60355559,112.07596296,
2026-06-12 11:33:00,1781263980,112.07596296,115.88270632,110.07124303,112.68771393,
2026-06-12 11:34:00,1781264040,112.68771393,116.43824319,111.88184126,113.29224012,
2026-06-12 11:35:00,1781264100,113.29224012,114.89030536,103.91698235,108.16133771,
2026-06-12 11:36:00,1781264160,108.16133771,110.39311141,107.26546842,108.81881103,
2026-06-12 11:37:00,1781264220,108.81881103,110.23929927,105.9861292,107.13765057,
2026-06-12 11:38:00,1781264280,107.13765057,110.88702891,104.26470537,106.55003411,
2026-06-12 11:39:00,1781264340,106.55003411,109.66982739,104.47065765,105.93981878,
2026-06-12 11:40:00,1781264400,105.93981878,113.75639843,105.57558809,113.11918967,
2026-06-12 11:41:00,1781264460,113.11918967,129.45645139,111.50874145,123.68406372,
2026-06-12 11:42:00,1781264520,123.68406372,124.79572682,120.0080083,122.91741835,
2026-06-12 11:43:00,1781264580,122.91741835,128.16046794,120.89691358,127.85399346,
2026-06-12 11:44:00,1781264640,127.85399346,128.80540619,126.26451128,128.19484257,
2026-06-12 11:45:00,1781264700,128.19484257,147.22445082,128.19298224,142.10860148,
2026-06-12 11:46:00,1781264760,142.10860148,142.10860148,134.22277436,137.32795243,
2026-06-12 11:47:00,1781264820,137.32795243,137.32795243,126.91234261,135.36800718,
2026-06-12 11:48:00,1781264880,135.36800718,138.25618416,133.53078684,136.41851156,
2026-06-12 11:49:00,1781264940,136.41851156,136.66958809,131.26331915,131.90503248,
2026-06-12 11:50:00,1781265000,131.90503248,134.19791001,130.71168343,132.44264766,
2026-06-12 11:51:00,1781265060,132.44264766,133.28117572,126.94822751,130.26703811,
2026-06-12 11:52:00,1781265120,130.26703811,133.10651811,130.23896319,132.36053989,
2026-06-12 11:53:00,1781265180,132.36053989,137.02701321,128.76794467,136.40409723,
2026-06-12 11:54:00,1781265240,136.40409723,137.05624629,135.40358052,136.73748865,
2026-06-12 11:55:00,1781265300,136.73748865,139.57601016,131.19507716,136.76195188,
2026-06-12 11:56:00,1781265360,136.76195188,136.76195188,127.47453454,132.64806324,
2026-06-12 11:57:00,1781265420,132.64806324,132.64806324,128.21370283,128.21370283,
2026-06-12 11:58:00,1781265480,128.21370283,129.44960127,123.40490807,127.37004692,
2026-06-12 11:59:00,1781265540,127.37004692,127.37004692,119.89734278,120.4442893,
2026-06-12 12:00:00,1781265600,120.4442893,120.4442893,102.6365271,103.49281792,
2026-06-12 12:01:00,1781265660,103.49281792,117.12000808,99.91773077,108.40933907,
2026-06-12 12:02:00,1781265720,108.40933907,120.27790797,106.56193219,117.72792243,
2026-06-12 12:03:00,1781265780,117.72792243,123.97976787,117.42081206,117.78366063,
2026-06-12 12:04:00,1781265840,117.78366063,118.45615896,102.96022275,106.57853462,
2026-06-12 12:05:00,1781265900,106.57853462,110.7628003,104.88119624,106.49119394,
2026-06-12 12:06:00,1781265960,106.49119394,111.69074441,101.13378322,104.1803354,
2026-06-12 12:07:00,1781266020,104.1803354,107.02694713,102.07703112,102.69253785,
2026-06-12 12:08:00,1781266080,102.69253785,108.88160626,102.45696421,107.51921526,
2026-06-12 12:09:00,1781266140,107.51921526,109.04006204,104.54285928,105.46410404,
2026-06-12 12:10:00,1781266200,105.46410404,112.55124473,105.38489282,109.44520698,
2026-06-12 12:11:00,1781266260,109.44520698,109.9702313,102.14559956,103.99407263,
2026-06-12 12:12:00,1781266320,103.99407263,103.99407263,97.53366143,97.54805053,
2026-06-12 12:13:00,1781266380,97.54805053,102.17108758,97.54639362,100.75775905,
2026-06-12 12:14:00,1781266440,100.75775905,101.42944602,97.93702696,100.08333912,
2026-06-12 12:15:00,1781266500,100.08333912,105.51809953,98.30031917,99.06144345,
2026-06-12 12:16:00,1781266560,99.06144345,105.21218589,96.77610582,103.43083164,
2026-06-12 12:17:00,1781266620,103.43083164,104.53960617,99.97363155,104.33989037,
2026-06-12 12:18:00,1781266680,104.33989037,105.5642467,102.01933056,102.56383218,
2026-06-12 12:19:00,1781266740,102.56383218,109.58503019,102.45650369,102.48974826,
2026-06-12 12:20:00,1781266800,102.48974826,105.00575863,94.90123358,95.0090562,
2026-06-12 12:21:00,1781266860,95.0090562,97.58752232,89.89722092,90.15128087,
2026-06-12 12:22:00,1781266920,90.15128087,99.65643756,90.149678,97.55914109,
2026-06-12 12:23:00,1781266980,97.55914109,99.26124481,94.08920268,97.14200444,
2026-06-12 12:24:00,1781267040,97.14200444,97.21475823,91.70556209,91.79466466,
2026-06-12 12:25:00,1781267100,91.79466466,92.4816929,87.45566304,90.22975362,
2026-06-12 12:26:00,1781267160,90.22975362,90.87668349,89.0063005,89.57191283,
2026-06-12 12:27:00,1781267220,89.57191283,90.06074726,83.15434224,86.2436799,
2026-06-12 12:28:00,1781267280,86.2436799,89.26508267,83.49594562,86.36258278,
2026-06-12 12:29:00,1781267340,86.36258278,86.36258278,81.25044775,81.25044775,
2026-06-12 12:30:00,1781267400,81.25044775,88.56699649,79.43571801,87.46976637,
2026-06-12 12:31:00,1781267460,87.46976637,91.60283354,86.09683948,87.38283536,
2026-06-12 12:32:00,1781267520,87.38283536,93.05541142,87.38283536,92.05079256,
2026-06-12 12:33:00,1781267580,92.05079256,96.30832632,91.48668486,93.8442934,
2026-06-12 12:34:00,1781267640,93.8442934,99.78308659,92.58891968,97.95522407,
2026-06-12 12:35:00,1781267700,97.95522407,100.75142997,93.04300941,93.66551321,
2026-06-12 12:36:00,1781267760,93.66551321,93.73654915,89.95509456,90.11578029,
2026-06-12 12:37:00,1781267820,90.11578029,95.38917507,90.07029067,92.43267056,
2026-06-12 12:38:00,1781267880,92.43267056,92.53540952,85.12722777,85.12722777,
2026-06-12 12:39:00,1781267940,85.12722777,85.12722777,77.04416736,80.19327847,
2026-06-12 12:40:00,1781268000,80.19327847,84.65046153,76.30816865,84.14440617,
2026-06-12 12:41:00,1781268060,84.14440617,88.48808723,82.26219568,87.21183054,
2026-06-12 12:42:00,1781268120,87.21183054,89.11553683,83.75105064,89.0519555,
2026-06-12 12:43:00,1781268180,89.0519555,92.57060382,87.69732148,91.39110853,
2026-06-12 12:44:00,1781268240,91.39110853,92.72969402,79.41866509,85.11713679,
2026-06-12 12:45:00,1781268300,85.11713679,85.20313601,81.2292489,84.0718685,
2026-06-12 12:46:00,1781268360,84.0718685,91.66523664,83.72172608,89.48720775,
2026-06-12 12:47:00,1781268420,89.48720775,93.17876761,86.92926434,91.58290162,
2026-06-12 12:48:00,1781268480,91.58290162,95.24053551,87.71614359,94.22380835,
2026-06-12 12:49:00,1781268540,94.22380835,98.08468661,92.054131,92.26744676,
2026-06-12 12:50:00,1781268600,92.26744676,99.71982729,90.2805896,91.36951542,
2026-06-12 12:51:00,1781268660,91.36951542,92.41892065,85.73810288,88.47865477,
2026-06-12 12:52:00,1781268720,88.47865477,96.67607096,88.22051929,95.64052182,
2026-06-12 12:53:00,1781268780,95.64052182,95.64052182,90.63710931,90.70609147,
2026-06-12 12:54:00,1781268840,90.70609147,90.70609147,79.37143733,80.61715853,
2026-06-12 12:55:00,1781268900,80.61715853,83.60745599,72.33547746,78.76747157,
2026-06-12 12:56:00,1781268960,78.76747157,81.1965882,76.41117939,78.75283579,
2026-06-12 12:57:00,1781269020,78.75283579,84.87946561,78.66057345,84.10090604,
2026-06-12 12:58:00,1781269080,84.10090604,85.84055527,82.62435355,85.07870221,
2026-06-12 12:59:00,1781269140,85.07870221,89.92569895,83.87222991,84.54466903,
2026-06-12 13:00:00,1781269200,84.54466903,89.41400921,82.25574565,82.32047334,
2026-06-12 13:01:00,1781269260,82.32047334,83.27439099,79.57865459,81.11635095,
2026-06-12 13:02:00,1781269320,81.11635095,85.2262657,76.28294481,85.09926224,
2026-06-12 13:03:00,1781269380,85.09926224,85.13941208,79.70974176,82.81956792,
2026-06-12 13:04:00,1781269440,82.81956792,82.87245635,80.34597488,80.81973585,
2026-06-12 13:05:00,1781269500,80.81973585,84.55217864,80.29925193,83.62673754,
2026-06-12 13:06:00,1781269560,83.62673754,84.25622194,80.55163555,81.88497697,
2026-06-12 13:07:00,1781269620,81.88497697,86.40453711,81.88497697,84.69106278,
2026-06-12 13:08:00,1781269680,84.69106278,89.2828381,84.68780605,86.95039712,
2026-06-12 13:09:00,1781269740,86.95039712,93.302433,85.63967919,85.63967919,
2026-06-12 13:10:00,1781269800,85.63967919,88.34738304,81.57276249,86.2222921,
2026-06-12 13:11:00,1781269860,86.2222921,86.30505113,80.09036629,80.78363955,
2026-06-12 13:12:00,1781269920,80.78363955,83.40251381,74.60323772,74.79817204,
2026-06-12 13:13:00,1781269980,74.79817204,82.53389518,72.82140227,82.30403073,
2026-06-12 13:14:00,1781270040,82.30403073,89.03128911,81.85464032,88.66939501,
2026-06-12 13:15:00,1781270100,88.66939501,89.75172514,83.06434872,83.34554591,
2026-06-12 13:16:00,1781270160,83.34554591,87.0350058,82.50103999,85.94020977,
2026-06-12 13:17:00,1781270220,85.94020977,88.69390511,83.5128805,85.30798141,
2026-06-12 13:18:00,1781270280,85.30798141,95.77200835,84.63254894,94.73403459,
2026-06-12 13:19:00,1781270340,94.73403459,95.21820918,89.90939308,91.16418531,
2026-06-12 13:20:00,1781270400,91.16418531,91.63438801,86.3423633,89.51202466,
2026-06-12 13:21:00,1781270460,89.51202466,89.55561037,84.85930902,86.04739069,
2026-06-12 13:22:00,1781270520,86.04739069,86.07557315,79.74149624,79.80702286,
2026-06-12 13:23:00,1781270580,79.80702286,80.73385304,73.78866136,74.06568455,
2026-06-12 13:24:00,1781270640,74.06568455,79.02605569,73.97520363,78.88147841,
2026-06-12 13:25:00,1781270700,78.88147841,79.89324366,75.8086481,77.43004214,
2026-06-12 13:26:00,1781270760,77.43004214,80.34144197,77.36247705,78.0951758,
2026-06-12 13:27:00,1781270820,78.0951758,79.3120314,76.08456887,78.33891325,
2026-06-12 13:28:00,1781270880,78.33891325,78.57171617,71.87198486,75.68642642,
2026-06-12 13:29:00,1781270940,75.68642642,80.20543534,75.65946747,78.92483815,
2026-06-12 13:30:00,1781271000,78.92483815,84.80725345,66.51342387,70.34403802,
2026-06-12 13:31:00,1781271060,70.34403802,74.16471692,62.38616839,62.53582734,
2026-06-12 13:32:00,1781271120,62.53582734,73.71861449,62.53582734,67.01389363,
2026-06-12 13:33:00,1781271180,67.01389363,69.77398728,63.58805911,63.72807745,
2026-06-12 13:34:00,1781271240,63.72807745,70.14960342,61.98032374,64.19389556,
2026-06-12 13:35:00,1781271300,64.19389556,78.47332881,61.38962889,75.7815458,
2026-06-12 13:36:00,1781271360,75.7815458,76.06930595,67.42017305,70.75332022,
2026-06-12 13:37:00,1781271420,70.75332022,74.73898494,66.25832762,73.28017686,
2026-06-12 13:38:00,1781271480,73.28017686,77.22315487,69.13215506,73.95098762,
2026-06-12 13:39:00,1781271540,73.95098762,79.82072269,70.94435294,79.51792818,
2026-06-12 13:40:00,1781271600,79.51792818,81.56545371,59.51170481,61.46566372,
2026-06-12 13:41:00,1781271660,61.46566372,62.63649495,50.32050934,54.780933,
2026-06-12 13:42:00,1781271720,54.780933,54.780933,45.34576181,45.34576181,
2026-06-12 13:43:00,1781271780,45.34576181,58.74544469,44.75292671,56.12914716,
2026-06-12 13:44:00,1781271840,56.12914716,57.44184575,53.45396592,54.12041355,
2026-06-12 13:45:00,1781271900,54.12041355,63.0152471,52.51964046,54.15162683,
2026-06-12 13:46:00,1781271960,54.15162683,61.81178972,53.26149403,59.17120218,
2026-06-12 13:47:00,1781272020,59.17120218,62.46626503,57.61393912,57.61393912,
2026-06-12 13:48:00,1781272080,57.61393912,58.60232821,49.86786494,54.22387812,
2026-06-12 13:49:00,1781272140,54.22387812,60.87544634,52.80474949,58.28369189,
2026-06-12 13:50:00,1781272200,58.28369189,63.28712419,58.28369189,62.15722148,
2026-06-12 13:51:00,1781272260,62.15722148,64.94163862,55.2671582,57.4365342,
2026-06-12 13:52:00,1781272320,57.4365342,60.4542779,53.5320144,59.53041535,
2026-06-12 13:53:00,1781272380,59.53041535,62.08282954,50.12554343,50.1695158,
2026-06-12 13:54:00,1781272440,50.1695158,51.94788119,46.66087621,50.20506454,
2026-06-12 13:55:00,1781272500,50.20506454,50.20506454,45.18717977,45.50429376,
2026-06-12 13:56:00,1781272560,45.50429376,48.83766533,44.77114338,47.37647415,
2026-06-12 13:57:00,1781272620,47.37647415,51.26129494,46.83298959,49.43710142,
2026-06-12 13:58:00,1781272680,49.43710142,53.10327676,48.10504848,52.37732245,
2026-06-12 13:59:00,1781272740,52.37732245,58.54997803,51.68628317,56.41240741,
2026-06-12 14:00:00,1781272800,56.41240741,79.78376288,53.12320834,76.64489772,
2026-06-12 14:01:00,1781272860,76.64489772,85.08439516,69.43672462,75.23793151,
2026-06-12 14:02:00,1781272920,75.23793151,76.65189898,64.21311173,67.53702626,
2026-06-12 14:03:00,1781272980,67.53702626,77.33624264,63.03408196,72.92931757,
2026-06-12 14:04:00,1781273040,72.92931757,73.53338254,63.56697445,67.52205087,
2026-06-12 14:05:00,1781273100,67.52205087,67.54432928,59.21054935,60.8268158,
2026-06-12 14:06:00,1781273160,60.8268158,70.98334184,60.47633644,70.8823147,
2026-06-12 14:07:00,1781273220,70.8823147,87.27433625,70.40964862,84.62006408,
2026-06-12 14:08:00,1781273280,84.62006408,85.06394051,69.24653071,69.669678,
2026-06-12 14:09:00,1781273340,69.669678,73.37124672,67.46223692,69.88258755,
2026-06-12 14:10:00,1781273400,69.88258755,72.04223399,64.93796027,71.48596939,
2026-06-12 14:11:00,1781273460,71.48596939,71.58533252,61.58330048,67.03782044,
2026-06-12 14:12:00,1781273520,67.03782044,70.1313426,61.06178727,61.06178727,
2026-06-12 14:13:00,1781273580,61.06178727,66.89888848,57.55228383,58.8077667,
2026-06-12 14:14:00,1781273640,58.8077667,69.45541733,58.8077667,67.88284716,
2026-06-12 14:15:00,1781273700,67.88284716,76.28085219,65.9831686,74.13083694,
2026-06-12 14:16:00,1781273760,74.13083694,76.1268244,70.32419284,73.75902615,
2026-06-12 14:17:00,1781273820,73.75902615,81.65499931,71.13327687,71.58064587,
2026-06-12 14:18:00,1781273880,71.58064587,72.35859753,59.82206247,61.31564238,
2026-06-12 14:19:00,1781273940,61.31564238,64.91385121,59.90439223,60.72550728,
2026-06-12 14:20:00,1781274000,60.72550728,66.19159987,58.68446502,64.49100745,
2026-06-12 14:21:00,1781274060,64.49100745,73.7472495,55.81889902,56.73360807,
2026-06-12 14:22:00,1781274120,56.73360807,57.48272302,49.38038418,50.19603552,
2026-06-12 14:23:00,1781274180,50.19603552,56.31308825,49.68491622,55.45408464,
2026-06-12 14:24:00,1781274240,55.45408464,64.26831277,55.43307709,60.0441753,
2026-06-12 14:25:00,1781274300,60.0441753,82.01272615,59.42663504,77.93023648,
2026-06-12 14:26:00,1781274360,77.93023648,81.15418335,66.70776305,71.74635454,
2026-06-12 14:27:00,1781274420,71.74635454,85.50764342,71.43318104,80.97986191,
2026-06-12 14:28:00,1781274480,80.97986191,87.38013176,77.21830135,80.50689788,
2026-06-12 14:29:00,1781274540,80.50689788,84.38464594,78.90048247,81.78467793,
2026-06-12 14:30:00,1781274600,81.78467793,88.08125424,80.89013259,85.68899739,
2026-06-12 14:31:00,1781274660,85.68899739,90.91341757,73.84132045,77.26947693,
2026-06-12 14:32:00,1781274720,77.26947693,82.24487983,70.81427631,73.32194284,
2026-06-12 14:33:00,1781274780,73.32194284,77.93397592,67.33752324,74.60442113,
2026-06-12 14:34:00,1781274840,74.60442113,87.45055152,74.60442113,84.87136966,
2026-06-12 14:35:00,1781274900,84.87136966,93.97807494,83.24732568,85.87836842,
2026-06-12 14:36:00,1781274960,85.87836842,99.66776785,80.87746605,96.17843366,
2026-06-12 14:37:00,1781275020,96.17843366,99.72009603,83.74091184,89.31257082,
2026-06-12 14:38:00,1781275080,89.31257082,95.56867788,86.68159661,90.82400742,
2026-06-12 14:39:00,1781275140,90.82400742,96.4322723,87.87143537,88.0892783,
2026-06-12 14:40:00,1781275200,88.0892783,89.40675489,73.13472835,76.17935057,
2026-06-12 14:41:00,1781275260,76.17935057,78.00114271,66.58131444,70.16617269,
2026-06-12 14:42:00,1781275320,70.16617269,75.182234,67.35540903,68.96091063,
2026-06-12 14:43:00,1781275380,68.96091063,69.23817449,52.63810308,53.73666389,
2026-06-12 14:44:00,1781275440,53.73666389,62.32128724,53.73539984,56.1096068,
2026-06-12 14:45:00,1781275500,56.1096068,62.78185509,52.52824844,60.1629301,
2026-06-12 14:46:00,1781275560,60.1629301,63.76719817,56.03056619,60.63190036,
2026-06-12 14:47:00,1781275620,60.63190036,62.84352647,52.77158427,56.25049112,
2026-06-12 14:48:00,1781275680,56.25049112,62.14273216,54.42227959,56.01388213,
2026-06-12 14:49:00,1781275740,56.01388213,58.89452542,51.24757628,57.98039506,
2026-06-12 14:50:00,1781275800,57.98039506,73.98929967,57.43276177,72.48065211,
2026-06-12 14:51:00,1781275860,72.48065211,74.28189094,64.32007676,64.32007676,
2026-06-12 14:52:00,1781275920,64.32007676,117.27056581,63.16316389,107.11311628,
2026-06-12 14:53:00,1781275980,107.11311628,124.9312316,105.11974378,110.52845512,
2026-06-12 14:54:00,1781276040,110.52845512,123.17904528,105.14390402,123.17904528,
2026-06-12 14:55:00,1781276100,123.17904528,134.41417663,104.34922756,107.1105021,
2026-06-12 14:56:00,1781276160,107.1105021,130.99941131,104.1200521,125.60127065,
2026-06-12 14:57:00,1781276220,125.60127065,128.52027031,113.83039093,123.92840258,
2026-06-12 14:58:00,1781276280,123.92840258,126.76236678,114.06886418,126.00780234,
2026-06-12 14:59:00,1781276340,126.00780234,132.70389544,121.15078397,132.17526473,
2026-06-12 15:00:00,1781276400,132.17526473,161.72477085,128.21185885,160.2758894,
2026-06-12 15:01:00,1781276460,160.2758894,181.44664159,156.28267191,172.80688057,
2026-06-12 15:02:00,1781276520,172.80688057,176.32995191,151.07439153,151.49856108,
2026-06-12 15:03:00,1781276580,151.49856108,160.480277,107.38299125,108.06117597,
2026-06-12 15:04:00,1781276640,108.06117597,120.17605271,103.02616152,109.8154316,
2026-06-12 15:05:00,1781276700,109.8154316,133.0104905,108.92797495,133.0104905,
2026-06-12 15:06:00,1781276760,133.0104905,155.0782683,129.9611455,150.07699802,
2026-06-12 15:07:00,1781276820,150.07699802,175.09598744,143.26244722,167.01808009,
2026-06-12 15:08:00,1781276880,167.01808009,171.26049395,147.72716771,156.61195047,
2026-06-12 15:09:00,1781276940,156.61195047,166.72805961,150.07992083,150.33410521,
2026-06-12 15:10:00,1781277000,150.33410521,193.05981648,146.88313008,193.05981648,
2026-06-12 15:11:00,1781277060,193.05981648,202.26592774,185.37789378,194.51934787,
2026-06-12 15:12:00,1781277120,194.51934787,198.11323988,170.49430238,196.50638301,
2026-06-12 15:13:00,1781277180,196.50638301,238.61069708,196.15136437,236.62868934,
2026-06-12 15:14:00,1781277240,236.62868934,238.35451146,221.78972896,232.15765831,
2026-06-12 15:15:00,1781277300,232.15765831,242.02808811,212.39347062,213.13108019,
2026-06-12 15:16:00,1781277360,213.13108019,220.203271,203.91286067,219.69574626,
2026-06-12 15:17:00,1781277420,219.69574626,239.56794472,216.76333497,222.45000297,
2026-06-12 15:18:00,1781277480,222.45000297,229.37442666,206.54878213,218.07945461,
2026-06-12 15:19:00,1781277540,218.07945461,219.70105304,194.80900131,203.20228384,
2026-06-12 15:20:00,1781277600,203.20228384,206.6244197,184.66107903,188.94402931,
2026-06-12 15:21:00,1781277660,188.94402931,204.65073947,184.21457706,193.54961528,
2026-06-12 15:22:00,1781277720,193.54961528,204.29456973,180.21042652,189.2546862,
2026-06-12 15:23:00,1781277780,189.2546862,201.62258045,181.14718692,192.93378809,
2026-06-12 15:24:00,1781277840,192.93378809,205.48758842,191.77430633,199.41640106,
2026-06-12 15:25:00,1781277900,199.41640106,215.47512086,199.32210837,213.18866486,
2026-06-12 15:26:00,1781277960,213.18866486,214.99262677,193.28704863,200.28087156,
2026-06-12 15:27:00,1781278020,200.28087156,210.64873164,197.02954803,208.47425599,
2026-06-12 15:28:00,1781278080,208.47425599,209.07464885,175.01999514,176.75418881,
2026-06-12 15:29:00,1781278140,176.75418881,188.40101282,158.92453594,159.73842685,
2026-06-12 15:30:00,1781278200,159.73842685,160.62517984,136.699447,144.69732842,
2026-06-12 15:31:00,1781278260,144.69732842,147.43623149,127.37894684,133.99249276,
2026-06-12 15:32:00,1781278320,133.99249276,146.8234375,126.32668458,128.63959467,
2026-06-12 15:33:00,1781278380,128.63959467,133.52858433,117.53271381,119.04270554,
2026-06-12 15:34:00,1781278440,119.04270554,121.92771177,111.98974781,112.49683079,
2026-06-12 15:35:00,1781278500,112.49683079,143.52561562,107.72581147,143.52561562,
2026-06-12 15:36:00,1781278560,143.52561562,143.52561562,121.54341276,125.70451792,
2026-06-12 15:37:00,1781278620,125.70451792,131.67479486,105.98553521,111.17614343,
2026-06-12 15:38:00,1781278680,111.17614343,116.29767734,99.21636725,102.5984247,
2026-06-12 15:39:00,1781278740,102.5984247,122.54123585,98.91888959,121.30543654,
2026-06-12 15:40:00,1781278800,121.30543654,124.84766273,104.52419998,105.77265434,
2026-06-12 15:41:00,1781278860,105.77265434,116.36807984,96.04263226,99.70300566,
2026-06-12 15:42:00,1781278920,99.70300566,103.07235038,89.9974599,98.83292276,
2026-06-12 15:43:00,1781278980,98.83292276,111.00734292,96.23558995,111.00734292,
2026-06-12 15:44:00,1781279040,111.00734292,111.16211461,101.48871054,106.99971638,
2026-06-12 15:45:00,1781279100,106.99971638,109.11362488,96.29418578,103.21194554,
2026-06-12 15:46:00,1781279160,103.21194554,113.35880049,94.74553376,96.99888299,
2026-06-12 15:47:00,1781279220,96.99888299,97.95374073,82.73642892,84.50950028,
2026-06-12 15:48:00,1781279280,84.50950028,85.38795565,71.22597275,74.62926378,
2026-06-12 15:49:00,1781279340,74.62926378,78.60875634,67.37873464,71.11022514,
2026-06-12 15:50:00,1781279400,71.11022514,82.78931773,71.10868836,81.0778127,
2026-06-12 15:51:00,1781279460,81.0778127,85.38712039,76.73188661,81.70598113,
2026-06-12 15:52:00,1781279520,81.70598113,89.75744559,80.64766182,89.11632011,
2026-06-12 15:53:00,1781279580,89.11632011,96.71794404,87.07009277,91.16988868,
2026-06-12 15:54:00,1781279640,91.16988868,99.31230817,88.77650426,95.54089276,
2026-06-12 15:55:00,1781279700,95.54089276,96.17799655,78.86292701,79.25945065,
2026-06-12 15:56:00,1781279760,79.25945065,82.79089273,67.13200699,71.95205474,
2026-06-12 15:57:00,1781279820,71.95205474,75.58117945,70.95173587,71.75136491,
2026-06-12 15:58:00,1781279880,71.75136491,73.22168477,66.54114549,66.62744276,
2026-06-12 15:59:00,1781279940,66.62744276,66.62744276,54.31786673,59.32070647,
2026-06-12 16:00:00,1781280000,59.32070647,73.28904051,57.43480786,68.35392618,
2026-06-12 16:01:00,1781280060,68.35392618,71.97542747,61.20298327,62.52233317,
2026-06-12 16:02:00,1781280120,62.52233317,64.20102883,53.20689856,53.20689856,
2026-06-12 16:03:00,1781280180,53.20689856,70.26846474,50.74424098,69.19267789,
2026-06-12 16:04:00,1781280240,69.19267789,79.70381134,68.2311319,70.96804667,
2026-06-12 16:05:00,1781280300,70.96804667,74.18050776,67.07972889,68.64744508,
2026-06-12 16:06:00,1781280360,68.64744508,84.36443027,68.44203829,80.10816346,
2026-06-12 16:07:00,1781280420,80.10816346,86.78575495,74.1359375,77.82155874,
2026-06-12 16:08:00,1781280480,77.82155874,82.39538144,76.87543409,82.39538144,
