datetime,time,open,high,low,close,volume
2026-06-10 12:30:00,1781094600,0.1,306.09717165,0.1,296.72267818,
2026-06-10 12:31:00,1781094660,296.72267818,334.86758692,286.33870523,295.63025967,
2026-06-10 12:32:00,1781094720,295.63025967,330.96100929,285.71330211,322.47234017,
2026-06-10 12:33:00,1781094780,322.47234017,381.33961777,320.64637122,366.18615964,
2026-06-10 12:34:00,1781094840,366.18615964,368.13389268,322.10149997,325.63881547,
2026-06-10 12:35:00,1781094900,325.63881547,332.86005728,303.31066497,305.1950431,
2026-06-10 12:36:00,1781094960,305.1950431,338.00047859,304.42694217,333.56963484,
2026-06-10 12:37:00,1781095020,333.56963484,333.56963484,317.97312911,317.97312911,
2026-06-10 12:38:00,1781095080,317.97312911,330.354191,305.26579737,329.98133875,
2026-06-10 12:39:00,1781095140,329.98133875,330.97176274,312.23850364,321.55955376,
2026-06-10 12:40:00,1781095200,321.55955376,321.95169944,306.50033321,311.72629943,
2026-06-10 12:41:00,1781095260,311.72629943,323.41575766,303.49895317,311.84166005,
2026-06-10 12:42:00,1781095320,311.84166005,318.79588324,294.74857012,299.11749781,
2026-06-10 12:43:00,1781095380,299.11749781,307.5093283,296.74150096,296.76163869,
2026-06-10 12:44:00,1781095440,296.76163869,303.85781221,294.99798685,300.05444449,
2026-06-10 12:45:00,1781095500,300.05444449,306.48327566,290.5091737,294.15303351,
2026-06-10 12:46:00,1781095560,294.15303351,312.85344662,293.44000116,308.50129652,
2026-06-10 12:47:00,1781095620,308.50129652,314.13276598,299.26029804,299.26029804,
2026-06-10 12:48:00,1781095680,299.26029804,314.65626345,297.64139615,305.78360929,
2026-06-10 12:49:00,1781095740,305.78360929,311.53625243,303.28120324,307.62408195,
2026-06-10 12:50:00,1781095800,307.62408195,307.8749253,294.0547557,303.66525547,
2026-06-10 12:51:00,1781095860,303.66525547,303.66525547,290.39599044,291.79481018,
2026-06-10 12:52:00,1781095920,291.79481018,293.19404075,279.31767348,281.04624086,
2026-06-10 12:53:00,1781095980,281.04624086,286.32736513,280.44411688,284.02761697,
2026-06-10 12:54:00,1781096040,284.02761697,289.00871014,275.78762395,278.07597346,
2026-06-10 12:55:00,1781096100,278.07597346,279.0721606,270.79833973,271.66154522,
2026-06-10 12:56:00,1781096160,271.66154522,280.5118523,271.66154522,278.74460199,
2026-06-10 12:57:00,1781096220,278.74460199,283.51166823,274.74230914,275.17949161,
2026-06-10 12:58:00,1781096280,275.17949161,275.17949161,267.65420014,267.70995719,
2026-06-10 12:59:00,1781096340,267.70995719,269.48787243,255.54372434,255.54372434,
2026-06-10 13:00:00,1781096400,255.54372434,266.34555622,253.32539135,261.25773517,
2026-06-10 13:01:00,1781096460,261.25773517,262.40927547,245.31261089,245.69199447,
2026-06-10 13:02:00,1781096520,245.69199447,248.30632373,241.34545312,241.3985268,
2026-06-10 13:03:00,1781096580,241.3985268,243.67578117,239.13877493,243.1502242,
2026-06-10 13:04:00,1781096640,243.1502242,246.33739215,239.17322576,245.8159036,
2026-06-10 13:05:00,1781096700,245.8159036,246.85793565,239.79555297,245.43366746,
2026-06-10 13:06:00,1781096760,245.43366746,254.78457614,245.43366746,249.38804624,
2026-06-10 13:07:00,1781096820,249.38804624,253.53784246,245.4692077,248.44580578,
2026-06-10 13:08:00,1781096880,248.44580578,255.40257625,248.0081109,248.13394931,
2026-06-10 13:09:00,1781096940,248.13394931,250.35567659,245.35075889,247.51850989,
2026-06-10 13:10:00,1781097000,247.51850989,248.48054906,232.20525381,232.63704858,
2026-06-10 13:11:00,1781097060,232.63704858,236.09753794,231.71495268,233.87686487,
2026-06-10 13:12:00,1781097120,233.87686487,244.19264688,231.56497452,240.32144473,
2026-06-10 13:13:00,1781097180,240.32144473,242.30635117,237.79850272,237.79850272,
2026-06-10 13:14:00,1781097240,237.79850272,240.37299521,231.31420579,236.25667531,
2026-06-10 13:15:00,1781097300,236.25667531,238.09631025,227.51195142,230.13676555,
2026-06-10 13:16:00,1781097360,230.13676555,234.32742054,227.1766118,229.37474703,
2026-06-10 13:17:00,1781097420,229.37474703,231.10141538,224.77885001,225.91648183,
2026-06-10 13:18:00,1781097480,225.91648183,232.25217362,225.8436065,228.39284979,
2026-06-10 13:19:00,1781097540,228.39284979,230.42320072,225.37523613,229.10222695,
2026-06-10 13:20:00,1781097600,229.10222695,229.92564693,224.1537008,229.57894535,
2026-06-10 13:21:00,1781097660,229.57894535,243.02872789,228.84010071,240.64493094,
2026-06-10 13:22:00,1781097720,240.64493094,241.45250211,227.46040805,233.171005,
2026-06-10 13:23:00,1781097780,233.171005,237.53333146,233.171005,237.05637873,
2026-06-10 13:24:00,1781097840,237.05637873,240.06650503,232.68626725,236.35785733,
2026-06-10 13:25:00,1781097900,236.35785733,236.74521416,222.54476542,229.9035351,
2026-06-10 13:26:00,1781097960,229.9035351,230.63717091,220.79120015,221.41232297,
2026-06-10 13:27:00,1781098020,221.41232297,240.52199543,221.26205713,239.80488472,
2026-06-10 13:28:00,1781098080,239.80488472,246.11184673,236.3227154,239.19024632,
2026-06-10 13:29:00,1781098140,239.19024632,242.06920356,235.79927807,240.47520929,
2026-06-10 13:30:00,1781098200,240.47520929,271.35219206,229.42951498,268.69886108,
2026-06-10 13:31:00,1781098260,268.69886108,286.18257684,258.88584405,277.26863219,
2026-06-10 13:32:00,1781098320,277.26863219,280.8873533,254.48422839,260.74807636,
2026-06-10 13:33:00,1781098380,260.74807636,265.54402904,246.69980155,258.98722962,
2026-06-10 13:34:00,1781098440,258.98722962,276.06875863,257.50800121,270.20919103,
2026-06-10 13:35:00,1781098500,270.20919103,293.84693947,264.09075659,282.91199245,
2026-06-10 13:36:00,1781098560,282.91199245,306.33926782,278.60151893,296.8474553,
2026-06-10 13:37:00,1781098620,296.8474553,346.67952606,296.8474553,341.30128972,
2026-06-10 13:38:00,1781098680,341.30128972,343.8012007,320.18166961,332.05709077,
2026-06-10 13:39:00,1781098740,332.05709077,346.71154676,325.45237586,345.54698944,
2026-06-10 13:40:00,1781098800,345.54698944,357.88250341,328.83248683,346.11522576,
2026-06-10 13:41:00,1781098860,346.11522576,350.40202186,322.3745322,326.71349225,
2026-06-10 13:42:00,1781098920,326.71349225,358.45831053,321.6665664,336.50024298,
2026-06-10 13:43:00,1781098980,336.50024298,381.07837438,335.41245416,376.33475075,
2026-06-10 13:44:00,1781099040,376.33475075,399.16409651,363.89123323,398.09369295,
2026-06-10 13:45:00,1781099100,398.09369295,402.92277439,359.14126245,379.28730088,
2026-06-10 13:46:00,1781099160,379.28730088,381.71206559,359.19561523,359.19561523,
2026-06-10 13:47:00,1781099220,359.19561523,392.7255948,356.8875154,378.16591305,
2026-06-10 13:48:00,1781099280,378.16591305,394.5231428,367.77232776,392.76839412,
2026-06-10 13:49:00,1781099340,392.76839412,412.76692492,387.14343703,409.3818168,
2026-06-10 13:50:00,1781099400,409.3818168,411.656309,370.00703553,377.47013869,
2026-06-10 13:51:00,1781099460,377.47013869,382.45590045,354.22305636,354.51706187,
2026-06-10 13:52:00,1781099520,354.51706187,373.61507361,353.50984004,353.58369677,
2026-06-10 13:53:00,1781099580,353.58369677,361.87276157,343.22760609,347.78304016,
2026-06-10 13:54:00,1781099640,347.78304016,361.87136867,341.25782749,348.45191273,
2026-06-10 13:55:00,1781099700,348.45191273,359.05438362,342.69708833,352.03666531,
2026-06-10 13:56:00,1781099760,352.03666531,355.00355715,335.6871376,335.82768814,
2026-06-10 13:57:00,1781099820,335.82768814,357.2617427,332.57615517,339.17171908,
2026-06-10 13:58:00,1781099880,339.17171908,339.17171908,317.10959352,320.36334091,
2026-06-10 13:59:00,1781099940,320.36334091,333.27923665,319.51123267,333.27923665,
2026-06-10 14:00:00,1781100000,333.27923665,335.80659465,317.4821615,321.02715877,
2026-06-10 14:01:00,1781100060,321.02715877,326.70771629,307.57238327,307.7005769,
2026-06-10 14:02:00,1781100120,307.7005769,323.92656264,303.86536938,321.76444395,
2026-06-10 14:03:00,1781100180,321.76444395,347.69678232,316.07216022,343.39779064,
2026-06-10 14:04:00,1781100240,343.39779064,347.98029073,334.98522916,346.84093449,
2026-06-10 14:05:00,1781100300,346.84093449,351.7685731,332.35636741,338.35544116,
2026-06-10 14:06:00,1781100360,338.35544116,353.4511293,334.336968,345.38836351,
2026-06-10 14:07:00,1781100420,345.38836351,351.43976783,335.92199832,337.18692562,
2026-06-10 14:08:00,1781100480,337.18692562,356.02776753,332.03004092,356.02776753,
2026-06-10 14:09:00,1781100540,356.02776753,356.02776753,344.41531107,346.46358731,
2026-06-10 14:10:00,1781100600,346.46358731,351.49195563,329.3577094,336.55112999,
2026-06-10 14:11:00,1781100660,336.55112999,342.85505685,331.8100389,337.6297725,
2026-06-10 14:12:00,1781100720,337.6297725,343.15693942,334.84660626,335.85157178,
2026-06-10 14:13:00,1781100780,335.85157178,336.68109593,305.62048889,325.18704576,
2026-06-10 14:14:00,1781100840,325.18704576,325.25118806,294.84883568,295.15449652,
2026-06-10 14:15:00,1781100900,295.15449652,297.77465424,273.8195915,273.84078993,
2026-06-10 14:16:00,1781100960,273.84078993,303.95834003,271.77702025,303.15691711,
2026-06-10 14:17:00,1781101020,303.15691711,303.29013746,274.45011311,276.72672449,
2026-06-10 14:18:00,1781101080,276.72672449,278.17822997,263.17661492,269.76795887,
2026-06-10 14:19:00,1781101140,269.76795887,270.61643787,258.39524826,269.358458,
2026-06-10 14:20:00,1781101200,269.358458,278.36648786,259.1185853,259.15818077,
2026-06-10 14:21:00,1781101260,259.15818077,271.46737652,254.02486391,267.42304593,
2026-06-10 14:22:00,1781101320,267.42304593,286.42945604,263.76473843,282.45850255,
2026-06-10 14:23:00,1781101380,282.45850255,288.84769674,271.76187234,285.04728128,
2026-06-10 14:24:00,1781101440,285.04728128,311.60298025,283.10463033,308.06461579,
2026-06-10 14:25:00,1781101500,308.06461579,313.6502096,275.05768779,281.07129298,
2026-06-10 14:26:00,1781101560,281.07129298,292.05814669,280.55955395,284.60267117,
2026-06-10 14:27:00,1781101620,284.60267117,300.3896786,284.60267117,300.3896786,
2026-06-10 14:28:00,1781101680,300.3896786,303.44288631,280.24598473,287.45966916,
2026-06-10 14:29:00,1781101740,287.45966916,290.37428016,275.65377917,283.61367965,
2026-06-10 14:30:00,1781101800,283.61367965,286.97164795,271.77805514,276.42064332,
2026-06-10 14:31:00,1781101860,276.42064332,276.42064332,245.37243363,245.54537054,
2026-06-10 14:32:00,1781101920,245.54537054,263.15234728,240.74729753,263.15234728,
2026-06-10 14:33:00,1781101980,263.15234728,271.49816044,249.33300145,268.47627561,
2026-06-10 14:34:00,1781102040,268.47627561,277.80194575,258.91090494,275.15324581,
2026-06-10 14:35:00,1781102100,275.15324581,275.71215556,260.05964661,261.5846685,
2026-06-10 14:36:00,1781102160,261.5846685,261.62512922,248.58665129,254.22406248,
2026-06-10 14:37:00,1781102220,254.22406248,254.52005222,232.27990532,237.25611834,
2026-06-10 14:38:00,1781102280,237.25611834,243.36784964,233.40893597,237.49771949,
2026-06-10 14:39:00,1781102340,237.49771949,252.55294241,236.6704492,252.37422138,
2026-06-10 14:40:00,1781102400,252.37422138,271.24331129,250.32971583,270.84692586,
2026-06-10 14:41:00,1781102460,270.84692586,295.06100828,270.28643232,289.3124998,
2026-06-10 14:42:00,1781102520,289.3124998,294.8359021,273.65367726,273.67461638,
2026-06-10 14:43:00,1781102580,273.67461638,285.53757309,272.74596455,273.41450732,
2026-06-10 14:44:00,1781102640,273.41450732,276.8295716,256.92405382,256.92405382,
2026-06-10 14:45:00,1781102700,256.92405382,264.85906222,246.76650138,255.81777098,
2026-06-10 14:46:00,1781102760,255.81777098,256.83482027,249.79406495,253.67908197,
2026-06-10 14:47:00,1781102820,253.67908197,271.80049192,252.54918673,264.9226166,
2026-06-10 14:48:00,1781102880,264.9226166,267.72437563,251.97061868,254.50261647,
2026-06-10 14:49:00,1781102940,254.50261647,256.0967025,239.71167518,253.59445391,
2026-06-10 14:50:00,1781103000,253.59445391,260.93862286,239.74741078,251.99514042,
2026-06-10 14:51:00,1781103060,251.99514042,261.05885475,245.06773411,248.08945494,
2026-06-10 14:52:00,1781103120,248.08945494,248.80316724,238.94901985,242.03401666,
2026-06-10 14:53:00,1781103180,242.03401666,246.70230004,238.44676939,244.89499402,
2026-06-10 14:54:00,1781103240,244.89499402,255.01229576,244.06263478,249.14172135,
2026-06-10 14:55:00,1781103300,249.14172135,262.06367909,240.80430372,242.39667701,
2026-06-10 14:56:00,1781103360,242.39667701,247.08628178,237.27442714,243.91453948,
2026-06-10 14:57:00,1781103420,243.91453948,247.76417675,229.92461478,244.40897167,
2026-06-10 14:58:00,1781103480,244.40897167,278.76564654,243.1755914,277.58318197,
2026-06-10 14:59:00,1781103540,277.58318197,310.59176477,275.11991348,309.50846424,
2026-06-10 15:00:00,1781103600,309.50846424,329.70994032,299.2306267,326.45531374,
2026-06-10 15:01:00,1781103660,326.45531374,362.7054201,319.15954423,347.93140278,
2026-06-10 15:02:00,1781103720,347.93140278,354.15306365,330.03837039,340.80381858,
2026-06-10 15:03:00,1781103780,340.80381858,353.43871024,327.23091576,333.52970198,
2026-06-10 15:04:00,1781103840,333.52970198,338.76508602,296.04059162,306.06178903,
2026-06-10 15:05:00,1781103900,306.06178903,306.90310342,267.22310422,267.28364375,
2026-06-10 15:06:00,1781103960,267.28364375,277.47962163,258.09823937,258.12315251,
2026-06-10 15:07:00,1781104020,258.12315251,274.03971256,253.20992988,272.73138926,
2026-06-10 15:08:00,1781104080,272.73138926,272.73138926,250.45995289,260.07438681,
2026-06-10 15:09:00,1781104140,260.07438681,266.67153954,251.56896282,251.93981087,
2026-06-10 15:10:00,1781104200,251.93981087,257.49404556,249.79783856,256.35812979,
2026-06-10 15:11:00,1781104260,256.35812979,257.52672155,237.63203825,246.44369047,
2026-06-10 15:12:00,1781104320,246.44369047,252.44979997,241.90761203,252.44979997,
2026-06-10 15:13:00,1781104380,252.44979997,272.1642831,251.57365272,267.25987544,
2026-06-10 15:14:00,1781104440,267.25987544,267.81344744,253.52448079,253.95974932,
2026-06-10 15:15:00,1781104500,253.95974932,253.95974932,237.41004985,239.82172207,
2026-06-10 15:16:00,1781104560,239.82172207,257.27608101,235.71449633,253.36447461,
2026-06-10 15:17:00,1781104620,253.36447461,265.81980666,252.81014952,261.95086208,
2026-06-10 15:18:00,1781104680,261.95086208,261.95086208,248.57173473,257.864846,
2026-06-10 15:19:00,1781104740,257.864846,287.0879542,257.74174226,283.97025626,
2026-06-10 15:20:00,1781104800,283.97025626,305.38362367,279.57096855,304.4063127,
2026-06-10 15:21:00,1781104860,304.4063127,332.2298749,303.72082945,322.03722716,
2026-06-10 15:22:00,1781104920,322.03722716,329.80501553,307.71218305,318.28286252,
2026-06-10 15:23:00,1781104980,318.28286252,336.58369136,316.18813032,335.37394306,
2026-06-10 15:24:00,1781105040,335.37394306,344.09953543,325.09708176,332.43255794,
2026-06-10 15:25:00,1781105100,332.43255794,346.00882395,331.67065447,333.98419522,
2026-06-10 15:26:00,1781105160,333.98419522,337.56909344,325.04435534,331.38464873,
2026-06-10 15:27:00,1781105220,331.38464873,331.38464873,321.26943953,330.23529242,
2026-06-10 15:28:00,1781105280,330.23529242,345.83062082,329.78219851,334.57145606,
2026-06-10 15:29:00,1781105340,334.57145606,340.16833218,325.2875837,325.34111207,
2026-06-10 15:30:00,1781105400,325.34111207,350.16755629,321.69264305,347.16790901,
2026-06-10 15:31:00,1781105460,347.16790901,354.76482118,334.23697333,337.02798584,
2026-06-10 15:32:00,1781105520,337.02798584,342.6820004,330.49241295,335.69626527,
2026-06-10 15:33:00,1781105580,335.69626527,348.42513118,326.92193134,330.82661864,
2026-06-10 15:34:00,1781105640,330.82661864,346.07230961,326.55558352,331.81702946,
2026-06-10 15:35:00,1781105700,331.81702946,337.89303655,328.06230881,329.22276212,
2026-06-10 15:36:00,1781105760,329.22276212,343.7861606,326.87389781,338.18664652,
2026-06-10 15:37:00,1781105820,338.18664652,338.98123675,329.3840561,334.12565861,
2026-06-10 15:38:00,1781105880,334.12565861,334.12565861,307.44992925,308.86000021,
2026-06-10 15:39:00,1781105940,308.86000021,326.2686429,301.69499954,319.02459626,
2026-06-10 15:40:00,1781106000,319.02459626,319.11826715,307.31667366,307.31667366,
2026-06-10 15:41:00,1781106060,307.31667366,323.60961191,301.78050531,320.31123539,
2026-06-10 15:42:00,1781106120,320.31123539,335.31976777,313.05581057,316.93927759,
2026-06-10 15:43:00,1781106180,316.93927759,336.35041606,316.93927759,332.13901044,
2026-06-10 15:44:00,1781106240,332.13901044,351.47646319,332.13901044,345.41239939,
2026-06-10 15:45:00,1781106300,345.41239939,353.44658353,333.86975065,352.08067391,
2026-06-10 15:46:00,1781106360,352.08067391,395.00182448,352.08067391,383.17502087,
2026-06-10 15:47:00,1781106420,383.17502087,383.17502087,324.1844662,324.1844662,
2026-06-10 15:48:00,1781106480,324.1844662,330.91364776,288.84116997,289.03985864,
2026-06-10 15:49:00,1781106540,289.03985864,330.85047253,286.96976884,324.34470824,
2026-06-10 15:50:00,1781106600,324.34470824,345.8995191,306.38729992,323.65982454,
2026-06-10 15:51:00,1781106660,323.65982454,360.87332487,322.93503507,332.72082992,
2026-06-10 15:52:00,1781106720,332.72082992,371.12919482,324.30862409,369.93119528,
2026-06-10 15:53:00,1781106780,369.93119528,423.35007954,357.01309372,421.2173203,
2026-06-10 15:54:00,1781106840,421.2173203,480.57457665,416.92764979,470.15172797,
2026-06-10 15:55:00,1781106900,470.15172797,480.88999362,430.36313737,434.62945375,
2026-06-10 15:56:00,1781106960,434.62945375,443.76529564,415.32838588,415.84524626,
2026-06-10 15:57:00,1781107020,415.84524626,453.78602057,414.97050401,442.03896448,
2026-06-10 15:58:00,1781107080,442.03896448,444.08851312,422.68304751,424.43160364,
2026-06-10 15:59:00,1781107140,424.43160364,424.85799998,411.80908691,418.90758041,
2026-06-10 16:00:00,1781107200,418.90758041,424.1643304,401.17191149,401.39613387,
2026-06-10 16:01:00,1781107260,401.39613387,408.00088505,384.94852851,393.78830838,
2026-06-10 16:02:00,1781107320,393.78830838,395.0468857,383.64656393,383.64656393,
2026-06-10 16:03:00,1781107380,383.64656393,397.21310625,376.33355659,383.43729267,
2026-06-10 16:04:00,1781107440,383.43729267,391.7000083,370.12528129,371.44302542,
2026-06-10 16:05:00,1781107500,371.44302542,387.72800472,368.43345426,373.59765846,
2026-06-10 16:06:00,1781107560,373.59765846,402.35252478,367.94991657,397.90103732,
2026-06-10 16:07:00,1781107620,397.90103732,414.16898224,391.02618985,393.75578905,
2026-06-10 16:08:00,1781107680,393.75578905,395.55078495,357.91813965,357.91813965,
2026-06-10 16:09:00,1781107740,357.91813965,375.77130567,355.14980628,371.14050619,
2026-06-10 16:10:00,1781107800,371.14050619,376.54835785,345.50424689,349.30215825,
2026-06-10 16:11:00,1781107860,349.30215825,358.98376023,344.34972668,352.23570802,
2026-06-10 16:12:00,1781107920,352.23570802,368.02720231,350.14463296,352.14407379,
2026-06-10 16:13:00,1781107980,352.14407379,353.01054939,343.79695794,349.29233861,
2026-06-10 16:14:00,1781108040,349.29233861,352.5107769,336.90639196,342.72355108,
2026-06-10 16:15:00,1781108100,342.72355108,364.81061229,341.17761297,356.96527062,
2026-06-10 16:16:00,1781108160,356.96527062,368.72763181,345.07266946,357.14604462,
2026-06-10 16:17:00,1781108220,357.14604462,369.26973653,339.0138217,340.1192719,
2026-06-10 16:18:00,1781108280,340.1192719,344.53123442,336.32276504,338.6490326,
2026-06-10 16:19:00,1781108340,338.6490326,341.84236639,335.13972466,337.31959097,
2026-06-10 16:20:00,1781108400,337.31959097,345.94792218,331.07952655,331.10381348,
2026-06-10 16:21:00,1781108460,331.10381348,345.20009476,323.2375925,344.78496594,
2026-06-10 16:22:00,1781108520,344.78496594,354.46582261,333.08799226,333.2813928,
2026-06-10 16:23:00,1781108580,333.2813928,341.87137115,330.7436775,337.22581942,
2026-06-10 16:24:00,1781108640,337.22581942,337.22581942,315.70290365,318.18621974,
2026-06-10 16:25:00,1781108700,318.18621974,325.93812345,290.0612471,304.17315771,
2026-06-10 16:26:00,1781108760,304.17315771,317.43971344,303.85362361,310.62044791,
2026-06-10 16:27:00,1781108820,310.62044791,327.89856451,310.57411681,323.01512275,
2026-06-10 16:28:00,1781108880,323.01512275,333.94306151,316.63670618,323.76059727,
2026-06-10 16:29:00,1781108940,323.76059727,328.84291447,319.05999574,328.84291447,
2026-06-10 16:30:00,1781109000,328.84291447,335.01388344,318.07338957,318.12063455,
2026-06-10 16:31:00,1781109060,318.12063455,322.10221789,305.02389461,311.81475285,
2026-06-10 16:32:00,1781109120,311.81475285,323.50817171,296.3060381,316.01706869,
2026-06-10 16:33:00,1781109180,316.01706869,325.51932,315.39324111,315.60526019,
2026-06-10 16:34:00,1781109240,315.60526019,353.32122769,310.58807215,353.06354975,
2026-06-10 16:35:00,1781109300,353.06354975,356.64134831,334.86785316,345.41052782,
2026-06-10 16:36:00,1781109360,345.41052782,352.08563974,331.09915347,337.2316531,
2026-06-10 16:37:00,1781109420,337.2316531,354.83852416,336.85269671,341.35084569,
2026-06-10 16:38:00,1781109480,341.35084569,349.31463083,325.17601501,340.70123947,
2026-06-10 16:39:00,1781109540,340.70123947,340.70123947,323.67976074,330.04167974,
2026-06-10 16:40:00,1781109600,330.04167974,344.25883534,325.75532615,335.94030116,
2026-06-10 16:41:00,1781109660,335.94030116,341.54041211,318.99852871,321.4506262,
2026-06-10 16:42:00,1781109720,321.4506262,327.70406244,315.39315283,320.17615616,
2026-06-10 16:43:00,1781109780,320.17615616,328.92327166,315.48549673,317.07720478,
2026-06-10 16:44:00,1781109840,317.07720478,321.93250628,310.97918564,311.97984489,
2026-06-10 16:45:00,1781109900,311.97984489,311.97984489,297.05977899,298.20000988,
2026-06-10 16:46:00,1781109960,298.20000988,306.68189093,275.86709306,280.74910319,
2026-06-10 16:47:00,1781110020,280.74910319,285.80396444,260.07714571,260.07714571,
2026-06-10 16:48:00,1781110080,260.07714571,277.67255898,253.70560117,264.08487704,
2026-06-10 16:49:00,1781110140,264.08487704,267.09913618,254.77217285,259.523184,
2026-06-10 16:50:00,1781110200,259.523184,262.92248178,246.78072311,255.81090736,
2026-06-10 16:51:00,1781110260,255.81090736,270.56846408,247.66862436,269.93705942,
2026-06-10 16:52:00,1781110320,269.93705942,297.04692736,268.03061539,297.04692736,
2026-06-10 16:53:00,1781110380,297.04692736,298.39262932,283.72126444,288.74717831,
2026-06-10 16:54:00,1781110440,288.74717831,305.5099173,288.74717831,295.42432926,
2026-06-10 16:55:00,1781110500,295.42432926,296.5423973,274.72360673,277.15554942,
2026-06-10 16:56:00,1781110560,277.15554942,286.89544921,276.00563201,286.89544921,
2026-06-10 16:57:00,1781110620,286.89544921,295.02289111,277.78978076,294.86574326,
2026-06-10 16:58:00,1781110680,294.86574326,298.57675147,290.7251702,295.37072166,
2026-06-10 16:59:00,1781110740,295.37072166,307.06889293,294.8281525,304.20410853,
2026-06-10 17:00:00,1781110800,304.20410853,315.12085486,298.12842274,301.07284474,
2026-06-10 17:01:00,1781110860,301.07284474,312.75763446,299.58683941,311.49867959,
2026-06-10 17:02:00,1781110920,311.49867959,328.71920622,308.745933,324.6077004,
2026-06-10 17:03:00,1781110980,324.6077004,327.95984416,317.3871838,320.9196812,
2026-06-10 17:04:00,1781111040,320.9196812,335.45947951,319.93374371,332.6869854,
2026-06-10 17:05:00,1781111100,332.6869854,333.03031183,311.34728613,312.16878014,
2026-06-10 17:06:00,1781111160,312.16878014,317.02402514,303.42094556,313.25554456,
2026-06-10 17:07:00,1781111220,313.25554456,319.77782422,291.83345856,299.3041642,
2026-06-10 17:08:00,1781111280,299.3041642,299.48572328,284.97041408,288.0667234,
2026-06-10 17:09:00,1781111340,288.0667234,292.92075963,276.07582697,286.55095234,
2026-06-10 17:10:00,1781111400,286.55095234,287.19331087,250.50476024,252.99603865,
2026-06-10 17:11:00,1781111460,252.99603865,271.26424384,250.80648891,266.30449544,
2026-06-10 17:12:00,1781111520,266.30449544,268.23985574,253.23923514,262.80045608,
2026-06-10 17:13:00,1781111580,262.80045608,272.77508924,262.79021837,267.14768415,
2026-06-10 17:14:00,1781111640,267.14768415,268.26109984,259.32728764,267.81102947,
2026-06-10 17:15:00,1781111700,267.81102947,277.40867398,262.34295594,271.93388672,
2026-06-10 17:16:00,1781111760,271.93388672,285.37207227,268.77813569,277.47110205,
2026-06-10 17:17:00,1781111820,277.47110205,289.4001,270.16049345,271.81163399,
2026-06-10 17:18:00,1781111880,271.81163399,285.57573956,271.76961848,278.43410663,
2026-06-10 17:19:00,1781111940,278.43410663,281.34297649,270.61231777,281.03369299,
2026-06-10 17:20:00,1781112000,281.03369299,281.43594122,269.40127977,281.23858348,
2026-06-10 17:21:00,1781112060,281.23858348,281.38447521,259.33316549,270.73141574,
2026-06-10 17:22:00,1781112120,270.73141574,270.73141574,251.86161722,255.72951956,
2026-06-10 17:23:00,1781112180,255.72951956,262.67721133,254.87287927,259.82224853,
2026-06-10 17:24:00,1781112240,259.82224853,274.76972344,258.49382425,268.35214054,
2026-06-10 17:25:00,1781112300,268.35214054,280.19473414,264.88191454,273.46721548,
2026-06-10 17:26:00,1781112360,273.46721548,273.46721548,251.60958331,259.08659639,
2026-06-10 17:27:00,1781112420,259.08659639,263.62289327,248.20387672,252.84312287,
2026-06-10 17:28:00,1781112480,252.84312287,253.67980118,248.02853755,249.95569209,
2026-06-10 17:29:00,1781112540,249.95569209,249.95569209,225.08616829,228.76592979,
2026-06-10 17:30:00,1781112600,228.76592979,233.36188836,216.67758984,218.62592871,
2026-06-10 17:31:00,1781112660,218.62592871,225.50081406,208.14548476,208.14548476,
2026-06-10 17:32:00,1781112720,208.14548476,213.93444596,190.89218202,200.56892377,
2026-06-10 17:33:00,1781112780,200.56892377,224.32090786,200.56892377,224.30262009,
2026-06-10 17:34:00,1781112840,224.30262009,236.38113071,219.25325783,223.31753856,
2026-06-10 17:35:00,1781112900,223.31753856,227.61264722,216.13242242,216.32797595,
2026-06-10 17:36:00,1781112960,216.32797595,222.06078286,205.9693909,208.85406249,
2026-06-10 17:37:00,1781113020,208.85406249,225.23389965,208.85283325,219.51330335,
2026-06-10 17:38:00,1781113080,219.51330335,220.82764074,206.15481641,212.3167179,
2026-06-10 17:39:00,1781113140,212.3167179,222.05931634,211.05324308,217.85919133,
2026-06-10 17:40:00,1781113200,217.85919133,233.4455811,206.31813541,215.96557516,
2026-06-10 17:41:00,1781113260,215.96557516,219.33125706,203.06345236,211.40262147,
2026-06-10 17:42:00,1781113320,211.40262147,213.16025356,202.20825835,213.15900135,
2026-06-10 17:43:00,1781113380,213.15900135,237.7491997,210.7966116,236.65661489,
2026-06-10 17:44:00,1781113440,236.65661489,236.65661489,219.23503805,220.12470835,
2026-06-10 17:45:00,1781113500,220.12470835,231.81402818,216.58174841,229.50508344,
2026-06-10 17:46:00,1781113560,229.50508344,250.69844168,229.1761941,248.35790038,
2026-06-10 17:47:00,1781113620,248.35790038,259.87980333,242.043578,256.60985131,
2026-06-10 17:48:00,1781113680,256.60985131,271.6938862,256.36827182,266.70558273,
2026-06-10 17:49:00,1781113740,266.70558273,275.43307938,260.70631363,274.39609081,
2026-06-10 17:50:00,1781113800,274.39609081,275.07180825,231.41488847,243.99952105,
2026-06-10 17:51:00,1781113860,243.99952105,251.92757214,240.74114967,246.75604556,
2026-06-10 17:52:00,1781113920,246.75604556,248.51718129,231.6657515,231.93114911,
2026-06-10 17:53:00,1781113980,231.93114911,240.22631417,230.24860836,238.44022975,
2026-06-10 17:54:00,1781114040,238.44022975,247.69105454,234.88808635,241.24316104,
2026-06-10 17:55:00,1781114100,241.24316104,257.10043717,241.1256169,247.65928989,
2026-06-10 17:56:00,1781114160,247.65928989,257.48273159,243.18291032,256.73452659,
2026-06-10 17:57:00,1781114220,256.73452659,257.03335547,244.08610486,245.30960579,
2026-06-10 17:58:00,1781114280,245.30960579,262.31197304,245.30960579,256.98373193,
2026-06-10 17:59:00,1781114340,256.98373193,260.3612579,252.28119583,254.92837342,
2026-06-10 18:00:00,1781114400,254.92837342,265.45248963,253.69198291,257.81997035,
2026-06-10 18:01:00,1781114460,257.81997035,263.5707238,246.13009277,249.85900761,
2026-06-10 18:02:00,1781114520,249.85900761,268.87307119,246.39882636,267.81687318,
2026-06-10 18:03:00,1781114580,267.81687318,272.98310831,260.05237586,270.97781233,
2026-06-10 18:04:00,1781114640,270.97781233,281.39992693,267.28400781,278.04090444,
2026-06-10 18:05:00,1781114700,278.04090444,285.29821252,275.37095468,283.93790194,
2026-06-10 18:06:00,1781114760,283.93790194,289.64525586,260.60973019,260.62744242,
2026-06-10 18:07:00,1781114820,260.62744242,260.62744242,243.28718841,244.66643996,
2026-06-10 18:08:00,1781114880,244.66643996,263.57475391,244.61007739,259.10482069,
2026-06-10 18:09:00,1781114940,259.10482069,259.26179889,248.48737421,253.75435132,
2026-06-10 18:10:00,1781115000,253.75435132,253.75435132,236.03418422,237.4076058,
2026-06-10 18:11:00,1781115060,237.4076058,249.22399049,235.75738973,248.78510487,
2026-06-10 18:12:00,1781115120,248.78510487,253.01497576,245.72229937,246.99704873,
2026-06-10 18:13:00,1781115180,246.99704873,248.44724946,234.32745136,239.41387797,
2026-06-10 18:14:00,1781115240,239.41387797,245.50041543,239.41387797,242.63637144,
2026-06-10 18:15:00,1781115300,242.63637144,250.63658211,240.95483301,244.28563654,
2026-06-10 18:16:00,1781115360,244.28563654,250.37192491,242.38757373,247.05284351,
2026-06-10 18:17:00,1781115420,247.05284351,247.05284351,227.73640036,228.256744,
2026-06-10 18:18:00,1781115480,228.256744,234.675313,226.87882821,232.13861933,
2026-06-10 18:19:00,1781115540,232.13861933,236.22380569,227.99880642,231.80859767,
2026-06-10 18:20:00,1781115600,231.80859767,241.46478252,231.69422781,236.60641878,
2026-06-10 18:21:00,1781115660,236.60641878,243.56015893,230.42066436,230.82155212,
2026-06-10 18:22:00,1781115720,230.82155212,230.96675789,222.36754578,228.01625147,
2026-06-10 18:23:00,1781115780,228.01625147,240.37124292,228.01625147,237.95137042,
2026-06-10 18:24:00,1781115840,237.95137042,247.12615643,234.09828624,245.0537693,
2026-06-10 18:25:00,1781115900,245.0537693,246.43073453,226.76085861,227.70234822,
2026-06-10 18:26:00,1781115960,227.70234822,237.65676273,225.36451998,232.748967,
2026-06-10 18:27:00,1781116020,232.748967,232.748967,222.56980243,225.10210689,
2026-06-10 18:28:00,1781116080,225.10210689,235.02515049,225.10210689,230.85300259,
2026-06-10 18:29:00,1781116140,230.85300259,256.66119347,229.28206947,255.5238144,
2026-06-10 18:30:00,1781116200,255.5238144,255.5238144,241.52032941,254.25353831,
2026-06-10 18:31:00,1781116260,254.25353831,254.39357238,239.88220227,241.13910686,
2026-06-10 18:32:00,1781116320,241.13910686,245.48568119,236.42539129,241.67830712,
2026-06-10 18:33:00,1781116380,241.67830712,246.53745755,234.95598875,235.14643799,
2026-06-10 18:34:00,1781116440,235.14643799,240.82543333,228.70378806,238.1160386,
2026-06-10 18:35:00,1781116500,238.1160386,238.13528332,216.49073783,222.15227664,
2026-06-10 18:36:00,1781116560,222.15227664,227.54441179,218.52170966,218.77247985,
2026-06-10 18:37:00,1781116620,218.77247985,220.26197889,210.92428129,213.81156542,
2026-06-10 18:38:00,1781116680,213.81156542,216.5665804,211.164251,214.56405504,
2026-06-10 18:39:00,1781116740,214.56405504,217.83053872,211.18260394,213.15510695,
2026-06-10 18:40:00,1781116800,213.15510695,216.38362815,210.78402006,213.00472312,
2026-06-10 18:41:00,1781116860,213.00472312,215.68589647,207.67177216,207.67177216,
2026-06-10 18:42:00,1781116920,207.67177216,216.69358898,207.67177216,207.80757573,
2026-06-10 18:43:00,1781116980,207.80757573,213.46335694,204.25288787,204.33824983,
2026-06-10 18:44:00,1781117040,204.33824983,209.80363947,201.55766569,207.97259868,
2026-06-10 18:45:00,1781117100,207.97259868,210.48512312,201.9688758,204.97452931,
2026-06-10 18:46:00,1781117160,204.97452931,207.02737747,198.01358957,201.76240298,
2026-06-10 18:47:00,1781117220,201.76240298,203.6864804,200.01885008,201.56978921,
2026-06-10 18:48:00,1781117280,201.56978921,213.53044709,201.56735215,209.04736792,
2026-06-10 18:49:00,1781117340,209.04736792,215.89434539,206.00784007,207.53189382,
2026-06-10 18:50:00,1781117400,207.53189382,207.98251343,176.71359708,186.58223139,
2026-06-10 18:51:00,1781117460,186.58223139,198.97715661,186.58223139,195.18099559,
2026-06-10 18:52:00,1781117520,195.18099559,201.15710184,193.40880855,196.564869,
2026-06-10 18:53:00,1781117580,196.564869,210.42707593,196.33065566,207.0207393,
2026-06-10 18:54:00,1781117640,207.0207393,215.31799483,203.12580368,212.72429662,
2026-06-10 18:55:00,1781117700,212.72429662,212.72429662,198.56528219,199.65483978,
2026-06-10 18:56:00,1781117760,199.65483978,203.64077961,194.61993124,202.54508657,
2026-06-10 18:57:00,1781117820,202.54508657,219.36577116,202.29239517,217.03747811,
2026-06-10 18:58:00,1781117880,217.03747811,217.03747811,212.27564974,212.84442487,
2026-06-10 18:59:00,1781117940,212.84442487,215.41403105,211.24087838,214.44664462,
2026-06-10 19:00:00,1781118000,214.44664462,217.68934393,209.80208249,209.80208249,
2026-06-10 19:01:00,1781118060,209.80208249,219.02266907,209.80208249,211.4924114,
2026-06-10 19:02:00,1781118120,211.4924114,211.4924114,197.22467044,206.08417787,
2026-06-10 19:03:00,1781118180,206.08417787,210.45452594,202.04093439,207.89597199,
2026-06-10 19:04:00,1781118240,207.89597199,208.80904656,195.60020047,199.69458484,
2026-06-10 19:05:00,1781118300,199.69458484,199.74591048,185.70358823,192.29705448,
2026-06-10 19:06:00,1781118360,192.29705448,203.84244492,192.1014977,201.99860971,
2026-06-10 19:07:00,1781118420,201.99860971,215.34382149,201.99860971,214.78252224,
2026-06-10 19:08:00,1781118480,214.78252224,221.72462088,212.00388944,219.10814666,
2026-06-10 19:09:00,1781118540,219.10814666,219.4458827,213.26675869,218.33620073,
2026-06-10 19:10:00,1781118600,218.33620073,218.90570612,203.7962762,207.98328297,
2026-06-10 19:11:00,1781118660,207.98328297,208.48246088,192.86802184,192.96819281,
2026-06-10 19:12:00,1781118720,192.96819281,193.61097546,185.95860736,192.96693427,
2026-06-10 19:13:00,1781118780,192.96693427,195.69243889,188.81574265,189.227134,
2026-06-10 19:14:00,1781118840,189.227134,190.72699586,184.02482866,186.86666987,
2026-06-10 19:15:00,1781118900,186.86666987,195.93275072,182.07820411,194.26231583,
2026-06-10 19:16:00,1781118960,194.26231583,198.06002855,192.11390598,195.54427179,
2026-06-10 19:17:00,1781119020,195.54427179,196.79478192,175.73313292,176.47737034,
2026-06-10 19:18:00,1781119080,176.47737034,185.97511121,175.12587492,185.30880938,
2026-06-10 19:19:00,1781119140,185.30880938,189.16348944,178.87105629,182.83328987,
2026-06-10 19:20:00,1781119200,182.83328987,186.89828478,179.27227796,179.75581188,
2026-06-10 19:21:00,1781119260,179.75581188,183.15191655,175.99531591,181.50505912,
2026-06-10 19:22:00,1781119320,181.50505912,186.09617743,179.57479726,181.10209465,
2026-06-10 19:23:00,1781119380,181.10209465,181.10209465,174.97083283,177.20700495,
2026-06-10 19:24:00,1781119440,177.20700495,186.99626791,177.20700495,186.99626791,
2026-06-10 19:25:00,1781119500,186.99626791,200.33955535,185.89507413,194.4362359,
2026-06-10 19:26:00,1781119560,194.4362359,197.54859894,183.73215322,184.31016485,
2026-06-10 19:27:00,1781119620,184.31016485,187.39298819,181.31750405,184.06433687,
2026-06-10 19:28:00,1781119680,184.06433687,194.298174,182.7909182,190.58278379,
2026-06-10 19:29:00,1781119740,190.58278379,196.80973457,189.86286436,193.47325337,
2026-06-10 19:30:00,1781119800,193.47325337,205.54048773,192.58296806,202.79353524,
2026-06-10 19:31:00,1781119860,202.79353524,211.83631811,200.89790945,200.89790945,
2026-06-10 19:32:00,1781119920,200.89790945,209.23497,200.1637955,207.68532549,
2026-06-10 19:33:00,1781119980,207.68532549,213.81318211,207.00794168,212.14902467,
2026-06-10 19:34:00,1781120040,212.14902467,222.36440622,212.14902467,221.93099226,
2026-06-10 19:35:00,1781120100,221.93099226,225.80263975,215.09058767,223.65239528,
2026-06-10 19:36:00,1781120160,223.65239528,223.65239528,215.31151457,218.64083607,
2026-06-10 19:37:00,1781120220,218.64083607,232.25105255,218.63956274,227.92324303,
2026-06-10 19:38:00,1781120280,227.92324303,237.93547988,226.89885446,237.08122106,
2026-06-10 19:39:00,1781120340,237.08122106,248.20901489,232.02485908,232.62381325,
2026-06-10 19:40:00,1781120400,232.62381325,241.0367838,225.06253646,230.48377881,
2026-06-10 19:41:00,1781120460,230.48377881,235.34492671,223.20827075,234.33901283,
2026-06-10 19:42:00,1781120520,234.33901283,235.74815747,229.9586512,231.32288868,
2026-06-10 19:43:00,1781120580,231.32288868,238.7941224,226.97624392,234.82786278,
2026-06-10 19:44:00,1781120640,234.82786278,239.05650201,233.42229871,237.54543265,
2026-06-10 19:45:00,1781120700,237.54543265,241.19161633,233.37911115,234.96909032,
2026-06-10 19:46:00,1781120760,234.96909032,234.96909032,219.44133307,232.53170453,
2026-06-10 19:47:00,1781120820,232.53170453,232.79988071,222.2409353,222.46315309,
2026-06-10 19:48:00,1781120880,222.46315309,224.89501458,215.89649547,216.81916422,
2026-06-10 19:49:00,1781120940,216.81916422,229.07642266,216.81916422,229.07042064,
2026-06-10 19:50:00,1781121000,229.07042064,230.28858201,203.46976214,228.89747668,
2026-06-10 19:51:00,1781121060,228.89747668,230.63047672,218.25044714,229.25521201,
2026-06-10 19:52:00,1781121120,229.25521201,232.16715766,224.21414837,225.76708771,
2026-06-10 19:53:00,1781121180,225.76708771,236.74659047,225.76708771,236.22366379,
2026-06-10 19:54:00,1781121240,236.22366379,237.46703881,220.44414958,228.57873273,
2026-06-10 19:55:00,1781121300,228.57873273,234.43644398,223.31771224,234.33585233,
2026-06-10 19:56:00,1781121360,234.33585233,242.24860133,232.20639161,236.75729135,
2026-06-10 19:57:00,1781121420,236.75729135,244.32552955,234.30258428,240.02050739,
2026-06-10 19:58:00,1781121480,240.02050739,240.02050739,230.90959482,237.64152462,
2026-06-10 19:59:00,1781121540,237.64152462,237.64152462,220.29409574,222.54972129,
2026-06-10 20:00:00,1781121600,222.54972129,225.13081642,213.902694,215.25461837,
2026-06-10 20:01:00,1781121660,215.25461837,215.25461837,197.63633845,197.63633845,
2026-06-10 20:02:00,1781121720,197.63633845,209.22169485,195.51585948,204.10695193,
2026-06-10 20:03:00,1781121780,204.10695193,217.76833083,202.80787673,213.49116484,
2026-06-10 20:04:00,1781121840,213.49116484,213.49116484,201.17868711,205.19354812,
2026-06-10 20:05:00,1781121900,205.19354812,206.87475321,189.98249156,197.4829521,
2026-06-10 20:06:00,1781121960,197.4829521,207.55090561,191.90828367,192.76703299,
2026-06-10 20:07:00,1781122020,192.76703299,192.76703299,187.15281104,192.15308178,
2026-06-10 20:08:00,1781122080,192.15308178,196.19939304,191.15956756,191.20928928,
2026-06-10 20:09:00,1781122140,191.20928928,191.20928928,177.36154334,188.98765178,
2026-06-10 20:10:00,1781122200,188.98765178,194.54050387,187.15391086,193.38123349,
2026-06-10 20:11:00,1781122260,193.38123349,197.45083068,192.65814476,196.14533685,
2026-06-10 20:12:00,1781122320,196.14533685,198.80291958,194.49881046,195.35398406,
2026-06-10 20:13:00,1781122380,195.35398406,200.6967164,190.34596822,195.73823643,
2026-06-10 20:14:00,1781122440,195.73823643,197.58699967,193.08442908,195.03268644,
2026-06-10 20:15:00,1781122500,195.03268644,201.19490854,193.08897511,196.32007659,
2026-06-10 20:16:00,1781122560,196.32007659,198.82593083,187.64058853,189.96971171,
2026-06-10 20:17:00,1781122620,189.96971171,194.39207741,183.41855691,191.65057029,
2026-06-10 20:18:00,1781122680,191.65057029,201.07498968,190.41689699,197.59762016,
2026-06-10 20:19:00,1781122740,197.59762016,200.9791158,195.98087876,196.1325286,
2026-06-10 20:20:00,1781122800,196.1325286,196.1325286,182.08241324,186.9687192,
2026-06-10 20:21:00,1781122860,186.9687192,194.96547016,182.66413763,184.48748541,
2026-06-10 20:22:00,1781122920,184.48748541,209.2499826,184.30669021,208.65574563,
2026-06-10 20:23:00,1781122980,208.65574563,214.80675676,197.95530658,201.70812669,
2026-06-10 20:24:00,1781123040,201.70812669,215.30311978,201.43547482,212.53697577,
2026-06-10 20:25:00,1781123100,212.53697577,214.24534162,209.07314749,213.066863,
2026-06-10 20:26:00,1781123160,213.066863,213.066863,206.67779799,208.92702182,
2026-06-10 20:27:00,1781123220,208.92702182,208.92702182,204.52353716,206.30905946,
2026-06-10 20:28:00,1781123280,206.30905946,207.58237453,203.45045868,206.32313851,
2026-06-10 20:29:00,1781123340,206.32313851,208.66268989,205.33159832,206.79385316,
2026-06-10 20:30:00,1781123400,206.79385316,206.79385316,193.52730835,196.06299607,
2026-06-10 20:31:00,1781123460,196.06299607,199.28885959,192.98459184,194.62186447,
2026-06-10 20:32:00,1781123520,194.62186447,200.62261553,189.04490229,198.31284829,
2026-06-10 20:33:00,1781123580,198.31284829,205.51737475,198.31163014,205.24440859,
2026-06-10 20:34:00,1781123640,205.24440859,209.74493926,204.72188838,206.98110986,
2026-06-10 20:35:00,1781123700,206.98110986,208.32001364,201.66125892,202.38045096,
2026-06-10 20:36:00,1781123760,202.38045096,203.25962211,199.64678601,200.09288063,
2026-06-10 20:37:00,1781123820,200.09288063,206.9577848,200.0743143,206.68681661,
2026-06-10 20:38:00,1781123880,206.68681661,209.12008777,199.91967657,200.19136058,
2026-06-10 20:39:00,1781123940,200.19136058,204.82725174,197.39144212,197.6076174,
2026-06-10 20:40:00,1781124000,197.6076174,198.68476075,194.70364853,196.74244712,
2026-06-10 20:41:00,1781124060,196.74244712,200.30017423,196.56873356,199.47040928,
2026-06-10 20:42:00,1781124120,199.47040928,199.47040928,194.23676974,194.66016446,
2026-06-10 20:43:00,1781124180,194.66016446,200.25209179,191.44128866,194.42616914,
2026-06-10 20:44:00,1781124240,194.42616914,197.01682339,187.43547144,187.78974559,
2026-06-10 20:45:00,1781124300,187.78974559,193.2885179,185.00591112,185.00591112,
2026-06-10 20:46:00,1781124360,185.00591112,185.00591112,177.7279833,181.54363522,
2026-06-10 20:47:00,1781124420,181.54363522,183.43344509,177.35841374,182.48004321,
2026-06-10 20:48:00,1781124480,182.48004321,185.03650183,178.05287762,184.32250421,
2026-06-10 20:49:00,1781124540,184.32250421,187.6822738,183.19929518,187.39810239,
2026-06-10 20:50:00,1781124600,187.39810239,192.70048171,177.34886391,179.12528517,
2026-06-10 20:51:00,1781124660,179.12528517,183.15004988,173.21752102,182.60070678,
2026-06-10 20:52:00,1781124720,182.60070678,185.00680889,179.64860225,181.47484188,
2026-06-10 20:53:00,1781124780,181.47484188,181.47484188,172.68443826,176.48955007,
2026-06-10 20:54:00,1781124840,176.48955007,182.44391665,175.37578846,182.42533811,
2026-06-10 20:55:00,1781124900,182.42533811,183.88503189,173.21075034,173.21075034,
2026-06-10 20:56:00,1781124960,173.21075034,175.65935571,172.56307175,175.59661366,
2026-06-10 20:57:00,1781125020,175.59661366,175.59661366,171.82971313,173.73419341,
2026-06-10 20:58:00,1781125080,173.73419341,187.62532478,173.73419341,184.63876476,
2026-06-10 20:59:00,1781125140,184.63876476,188.35457498,183.17594289,186.95244013,
2026-06-10 21:00:00,1781125200,186.95244013,186.98421373,176.98916339,178.26541634,
2026-06-10 21:01:00,1781125260,178.26541634,183.94347621,178.24839864,182.09038933,
2026-06-10 21:02:00,1781125320,182.09038933,183.85583173,178.41458426,179.08937269,
2026-06-10 21:03:00,1781125380,179.08937269,184.58646242,179.05633669,181.78029006,
2026-06-10 21:04:00,1781125440,181.78029006,181.98076868,177.45849389,177.55227563,
2026-06-10 21:05:00,1781125500,177.55227563,177.55227563,165.34158934,170.09577523,
2026-06-10 21:06:00,1781125560,170.09577523,173.35386851,164.10780328,164.10780328,
2026-06-10 21:07:00,1781125620,164.10780328,167.28739567,163.02249311,163.59406126,
2026-06-10 21:08:00,1781125680,163.59406126,164.62096233,161.17357464,162.43753186,
2026-06-10 21:09:00,1781125740,162.43753186,164.92292549,160.24582763,160.93336179,
2026-06-10 21:10:00,1781125800,160.93336179,162.04521993,148.23813543,156.65754695,
2026-06-10 21:11:00,1781125860,156.65754695,159.35172349,152.05592663,156.89550347,
2026-06-10 21:12:00,1781125920,156.89550347,165.00831345,156.24684265,156.51085602,
2026-06-10 21:13:00,1781125980,156.51085602,163.68984583,156.49575753,163.60507457,
2026-06-10 21:14:00,1781126040,163.60507457,164.25426666,160.10014631,164.25313744,
2026-06-10 21:15:00,1781126100,164.25313744,175.20079351,164.25313744,174.45088462,
2026-06-10 21:16:00,1781126160,174.45088462,181.2464687,174.45088462,180.8245525,
2026-06-10 21:17:00,1781126220,180.8245525,184.70202417,178.05460231,178.07013858,
2026-06-10 21:18:00,1781126280,178.07013858,178.10003548,163.79875271,168.38434772,
2026-06-10 21:19:00,1781126340,168.38434772,175.42013786,166.69812238,170.07566641,
2026-06-10 21:20:00,1781126400,170.07566641,170.07566641,163.59856546,168.84870859,
2026-06-10 21:21:00,1781126460,168.84870859,168.96561213,162.38364886,164.67041332,
2026-06-10 21:22:00,1781126520,164.67041332,173.47647063,164.3471919,173.38105659,
2026-06-10 21:23:00,1781126580,173.38105659,176.78139252,166.31837621,167.30943905,
2026-06-10 21:24:00,1781126640,167.30943905,167.94755113,157.70682417,158.73516394,
2026-06-10 21:25:00,1781126700,158.73516394,163.0199706,157.89128831,162.6141689,
2026-06-10 21:26:00,1781126760,162.6141689,164.16614785,161.23475177,163.42319114,
2026-06-10 21:27:00,1781126820,163.42319114,169.53723061,161.57359148,162.82481736,
2026-06-10 21:28:00,1781126880,162.82481736,166.9509235,161.56329033,161.56329033,
2026-06-10 21:29:00,1781126940,161.56329033,165.1924561,160.81961553,161.92181837,
2026-06-10 21:30:00,1781127000,161.92181837,173.97661408,160.84951731,169.9865151,
2026-06-10 21:31:00,1781127060,169.9865151,172.59714955,169.68254905,171.88605912,
2026-06-10 21:32:00,1781127120,171.88605912,178.66005967,169.91460172,176.92814827,
2026-06-10 21:33:00,1781127180,176.92814827,180.8006972,175.72931585,180.8006972,
2026-06-10 21:34:00,1781127240,180.8006972,181.46623731,173.78503962,177.9763979,
2026-06-10 21:35:00,1781127300,177.9763979,180.29287241,167.76635526,171.66370344,
2026-06-10 21:36:00,1781127360,171.66370344,172.10915749,168.03277173,170.25956374,
2026-06-10 21:37:00,1781127420,170.25956374,171.09285516,167.72925507,170.81147157,
2026-06-10 21:38:00,1781127480,170.81147157,171.12102522,166.57891427,170.00893498,
2026-06-10 21:39:00,1781127540,170.00893498,170.02294067,162.84706407,162.92642122,
2026-06-10 21:40:00,1781127600,162.92642122,166.48507724,162.01938122,166.33516561,
2026-06-10 21:41:00,1781127660,166.33516561,169.05402464,166.26047972,168.78278101,
2026-06-10 21:42:00,1781127720,168.78278101,170.1654965,166.92498871,170.13060316,
2026-06-10 21:43:00,1781127780,170.13060316,175.65713276,169.06194264,170.91314935,
2026-06-10 21:44:00,1781127840,170.91314935,176.12530095,170.71908523,175.85531546,
2026-06-10 21:45:00,1781127900,175.85531546,176.64818896,169.03011129,169.03011129,
2026-06-10 21:46:00,1781127960,169.03011129,174.01024275,167.95761681,173.1890302,
2026-06-10 21:47:00,1781128020,173.1890302,173.1890302,168.27153627,172.65062385,
2026-06-10 21:48:00,1781128080,172.65062385,175.15683266,172.65062385,173.76370401,
2026-06-10 21:49:00,1781128140,173.76370401,173.76370401,142.87135222,144.16336159,
2026-06-10 21:50:00,1781128200,144.16336159,144.16336159,115.46000673,135.1436609,
2026-06-10 21:51:00,1781128260,135.1436609,135.23626028,119.22422653,120.32168813,
2026-06-10 21:52:00,1781128320,120.32168813,127.5569103,119.4938107,126.48988459,
2026-06-10 21:53:00,1781128380,126.48988459,134.31561841,124.44107379,126.39633725,
2026-06-10 21:54:00,1781128440,126.39633725,133.10055704,126.39633725,131.00103494,
2026-06-10 21:55:00,1781128500,131.00103494,136.04725088,129.58428148,132.58930895,
2026-06-10 21:56:00,1781128560,132.58930895,140.38922591,132.25897505,140.38922591,
2026-06-10 21:57:00,1781128620,140.38922591,142.25652119,129.66383461,130.84095849,
2026-06-10 21:58:00,1781128680,130.84095849,140.4586199,127.18493503,140.32007739,
2026-06-10 21:59:00,1781128740,140.32007739,151.04753707,139.54763611,149.50464221,
2026-06-10 22:00:00,1781128800,149.50464221,150.95251621,134.50635124,141.35456105,
2026-06-10 22:01:00,1781128860,141.35456105,143.37064267,134.97640248,135.23216673,
2026-06-10 22:02:00,1781128920,135.23216673,138.86388196,130.7044302,130.7044302,
2026-06-10 22:03:00,1781128980,130.7044302,140.95738649,129.78398458,138.15140056,
2026-06-10 22:04:00,1781129040,138.15140056,138.15140056,130.91328845,133.16733546,
2026-06-10 22:05:00,1781129100,133.16733546,141.23884226,132.92539083,134.73763272,
2026-06-10 22:06:00,1781129160,134.73763272,144.60215043,133.46088753,141.93738506,
2026-06-10 22:07:00,1781129220,141.93738506,146.94907236,139.78719848,146.1871909,
2026-06-10 22:08:00,1781129280,146.1871909,148.66898057,143.8016437,148.41149244,
2026-06-10 22:09:00,1781129340,148.41149244,148.70571236,145.98339269,147.77986335,
2026-06-10 22:10:00,1781129400,147.77986335,155.56923065,147.74105094,153.37831328,
2026-06-10 22:11:00,1781129460,153.37831328,155.22537043,142.0907126,142.1784733,
2026-06-10 22:12:00,1781129520,142.1784733,152.21191999,140.30277835,146.5716491,
2026-06-10 22:13:00,1781129580,146.5716491,148.52941429,140.57968714,142.86201389,
2026-06-10 22:14:00,1781129640,142.86201389,145.77293055,141.801334,145.54463501,
2026-06-10 22:15:00,1781129700,145.54463501,145.54463501,135.50369389,137.29773406,
2026-06-10 22:16:00,1781129760,137.29773406,140.99232214,135.0662376,137.00498366,
2026-06-10 22:17:00,1781129820,137.00498366,137.71893371,131.99531932,133.54166,
2026-06-10 22:18:00,1781129880,133.54166,137.97216623,132.9116203,137.04122703,
2026-06-10 22:19:00,1781129940,137.04122703,150.8416594,134.68908435,134.97192067,
2026-06-10 22:20:00,1781130000,134.97192067,139.42390786,132.06425271,136.71873868,
2026-06-10 22:21:00,1781130060,136.71873868,154.69331325,136.6936134,152.24403257,
2026-06-10 22:22:00,1781130120,152.24403257,153.69172217,145.14739582,147.15414343,
2026-06-10 22:23:00,1781130180,147.15414343,149.51974283,143.84203005,149.16693559,
2026-06-10 22:24:00,1781130240,149.16693559,154.22905067,141.52145338,153.77370404,
2026-06-10 22:25:00,1781130300,153.77370404,161.52429934,148.62496532,160.77099421,
2026-06-10 22:26:00,1781130360,160.77099421,160.77099421,150.92956043,153.42923784,
2026-06-10 22:27:00,1781130420,153.42923784,158.7667425,150.02051412,156.51003942,
2026-06-10 22:28:00,1781130480,156.51003942,161.47098749,154.73745495,154.73745495,
2026-06-10 22:29:00,1781130540,154.73745495,154.73745495,145.86928654,149.47768769,
2026-06-10 22:30:00,1781130600,149.47768769,163.80571039,147.70913446,159.47933898,
2026-06-10 22:31:00,1781130660,159.47933898,171.74993183,159.35491424,169.93097358,
2026-06-10 22:32:00,1781130720,169.93097358,173.15994196,164.25600255,166.71796031,
2026-06-10 22:33:00,1781130780,166.71796031,168.51866184,163.3068185,163.3068185,
2026-06-10 22:34:00,1781130840,163.3068185,164.25540104,151.47174821,153.37131783,
2026-06-10 22:35:00,1781130900,153.37131783,163.05854659,153.14436333,162.5948225,
2026-06-10 22:36:00,1781130960,162.5948225,162.6523584,152.78114829,156.11422746,
2026-06-10 22:37:00,1781131020,156.11422746,164.8030065,154.05033869,160.73673521,
2026-06-10 22:38:00,1781131080,160.73673521,166.20354931,157.52667153,165.1720287,
2026-06-10 22:39:00,1781131140,165.1720287,165.1720287,160.62129406,162.83981595,
2026-06-10 22:40:00,1781131200,162.83981595,171.44385315,160.69489411,169.21443357,
2026-06-10 22:41:00,1781131260,169.21443357,169.21443357,164.07446385,166.67151587,
2026-06-10 22:42:00,1781131320,166.67151587,176.54572112,166.35255572,175.8093047,
2026-06-10 22:43:00,1781131380,175.8093047,188.70591861,175.79317878,184.54686852,
2026-06-10 22:44:00,1781131440,184.54686852,187.67549413,172.80739967,185.11344419,
2026-06-10 22:45:00,1781131500,185.11344419,186.4824344,167.20570567,171.20974283,
2026-06-10 22:46:00,1781131560,171.20974283,175.11272691,166.21010233,174.67799303,
2026-06-10 22:47:00,1781131620,174.67799303,174.67799303,165.256331,165.59415799,
2026-06-10 22:48:00,1781131680,165.59415799,171.97443184,161.19717538,166.3391725,
2026-06-10 22:49:00,1781131740,166.3391725,166.3391725,158.88821801,162.94721468,
2026-06-10 22:50:00,1781131800,162.94721468,168.87439527,162.43864281,163.34035467,
2026-06-10 22:51:00,1781131860,163.34035467,167.78545458,161.66048652,163.02555271,
2026-06-10 22:52:00,1781131920,163.02555271,169.13370441,162.06124648,164.15382617,
2026-06-10 22:53:00,1781131980,164.15382617,164.15382617,154.1313898,162.16653198,
2026-06-10 22:54:00,1781132040,162.16653198,164.41911077,161.04899411,163.05944375,
2026-06-10 22:55:00,1781132100,163.05944375,166.87548766,158.9745906,159.96972138,
2026-06-10 22:56:00,1781132160,159.96972138,160.64245779,158.94479966,159.34576703,
2026-06-10 22:57:00,1781132220,159.34576703,161.22091264,156.90392135,161.22091264,
2026-06-10 22:58:00,1781132280,161.22091264,161.72599382,157.36387524,158.45114444,
2026-06-10 22:59:00,1781132340,158.45114444,158.45114444,151.99265737,155.00339214,
2026-06-10 23:00:00,1781132400,155.00339214,155.30017612,144.52372634,146.14267,
2026-06-10 23:01:00,1781132460,146.14267,152.52624242,146.14267,149.82066649,
2026-06-10 23:02:00,1781132520,149.82066649,153.89278056,146.82162527,150.51735119,
2026-06-10 23:03:00,1781132580,150.51735119,153.53774586,148.81732224,150.38230385,
2026-06-10 23:04:00,1781132640,150.38230385,152.55046876,148.45219285,150.73358741,
2026-06-10 23:05:00,1781132700,150.73358741,152.81624594,148.20492923,150.3054802,
2026-06-10 23:06:00,1781132760,150.3054802,151.41351813,148.49603406,149.70710036,
2026-06-10 23:07:00,1781132820,149.70710036,152.02976894,145.99859069,151.48699266,
2026-06-10 23:08:00,1781132880,151.48699266,151.53812256,145.5343513,145.93672605,
2026-06-10 23:09:00,1781132940,145.93672605,149.6160124,135.24597307,137.99365672,
2026-06-10 23:10:00,1781133000,137.99365672,138.40137016,132.85218262,136.38021069,
2026-06-10 23:11:00,1781133060,136.38021069,136.84616535,130.83892142,136.02049611,
2026-06-10 23:12:00,1781133120,136.02049611,138.40563948,132.12488705,135.96128399,
2026-06-10 23:13:00,1781133180,135.96128399,138.81439695,134.60869422,135.91906774,
2026-06-10 23:14:00,1781133240,135.91906774,138.01483456,134.99008505,136.91313173,
2026-06-10 23:15:00,1781133300,136.91313173,138.96808268,131.79361242,136.20471837,
2026-06-10 23:16:00,1781133360,136.20471837,138.05773415,132.79764236,137.97197223,
2026-06-10 23:17:00,1781133420,137.97197223,145.4742475,137.23541389,144.40252691,
2026-06-10 23:18:00,1781133480,144.40252691,151.14335824,144.40252691,146.86644455,
2026-06-10 23:19:00,1781133540,146.86644455,164.47847551,145.40265003,159.35386673,
2026-06-10 23:20:00,1781133600,159.35386673,179.29278872,156.29786862,177.05047157,
2026-06-10 23:21:00,1781133660,177.05047157,179.55782942,171.46943502,175.86623645,
2026-06-10 23:22:00,1781133720,175.86623645,180.43174143,173.06841203,177.37855041,
2026-06-10 23:23:00,1781133780,177.37855041,180.79833026,175.82800109,177.87329989,
2026-06-10 23:24:00,1781133840,177.87329989,178.88124047,168.59506013,171.84149738,
2026-06-10 23:25:00,1781133900,171.84149738,181.01557513,168.31083683,168.87843042,
2026-06-10 23:26:00,1781133960,168.87843042,175.20916638,166.72102755,171.58323411,
2026-06-10 23:27:00,1781134020,171.58323411,177.02536904,170.1373312,176.01392322,
2026-06-10 23:28:00,1781134080,176.01392322,177.27673246,172.44527458,177.24250802,
2026-06-10 23:29:00,1781134140,177.24250802,185.16791073,176.74218905,180.76237405,
2026-06-10 23:30:00,1781134200,180.76237405,184.93411823,179.76189561,182.14991661,
2026-06-10 23:31:00,1781134260,182.14991661,182.14991661,169.34665762,172.07124759,
2026-06-10 23:32:00,1781134320,172.07124759,176.37280134,166.97190191,174.97495355,
2026-06-10 23:33:00,1781134380,174.97495355,176.25161391,166.05529114,166.97934364,
2026-06-10 23:34:00,1781134440,166.97934364,170.28856141,166.53566781,170.1463809,
2026-06-10 23:35:00,1781134500,170.1463809,177.50241304,170.14517202,174.35887258,
2026-06-10 23:36:00,1781134560,174.35887258,181.88413157,174.35887258,175.68509892,
2026-06-10 23:37:00,1781134620,175.68509892,176.00786382,174.3549469,175.33415147,
2026-06-10 23:38:00,1781134680,175.33415147,175.34794567,169.09972528,170.59582098,
2026-06-10 23:39:00,1781134740,170.59582098,170.67810745,166.06854576,167.38102482,
2026-06-10 23:40:00,1781134800,167.38102482,173.09398243,164.73881089,172.75538139,
2026-06-10 23:41:00,1781134860,172.75538139,177.98296527,171.38192618,176.53625871,
2026-06-10 23:42:00,1781134920,176.53625871,184.12287485,176.3684003,179.62114157,
2026-06-10 23:43:00,1781134980,179.62114157,181.55310835,177.37296002,177.73679335,
2026-06-10 23:44:00,1781135040,177.73679335,177.75202201,173.53974975,174.50925929,
2026-06-10 23:45:00,1781135100,174.50925929,174.64312598,166.53422845,171.69394728,
2026-06-10 23:46:00,1781135160,171.69394728,171.69394728,168.06580067,168.64750937,
2026-06-10 23:47:00,1781135220,168.64750937,171.60510222,166.11450374,171.57298213,
2026-06-10 23:48:00,1781135280,171.57298213,173.0645208,166.4086163,166.95978831,
2026-06-10 23:49:00,1781135340,166.95978831,166.95978831,163.61438859,164.60059009,
2026-06-10 23:50:00,1781135400,164.60059009,166.64077349,162.40193009,165.47097039,
2026-06-10 23:51:00,1781135460,165.47097039,169.15093354,164.42482836,166.99910014,
2026-06-10 23:52:00,1781135520,166.99910014,173.18557603,166.99910014,172.26454235,
2026-06-10 23:53:00,1781135580,172.26454235,178.20312503,172.04933215,173.86127484,
2026-06-10 23:54:00,1781135640,173.86127484,173.86127484,167.63802127,171.32128326,
2026-06-10 23:55:00,1781135700,171.32128326,172.5270252,168.86423062,169.39552705,
2026-06-10 23:56:00,1781135760,169.39552705,169.85172905,165.56451865,166.78174048,
2026-06-10 23:57:00,1781135820,166.78174048,167.75700615,163.9403733,164.43732829,
2026-06-10 23:58:00,1781135880,164.43732829,165.55200125,163.89297468,165.05163873,
2026-06-10 23:59:00,1781135940,165.05163873,168.76802066,164.15057896,164.85678424,
2026-06-11 00:00:00,1781136000,164.85678424,175.4260149,164.85678424,174.65278202,
2026-06-11 00:01:00,1781136060,174.65278202,180.56013572,172.87274305,180.30200352,
2026-06-11 00:02:00,1781136120,180.30200352,187.11136033,180.09494118,181.41619895,
2026-06-11 00:03:00,1781136180,181.41619895,182.78687073,178.09700273,178.23839251,
2026-06-11 00:04:00,1781136240,178.23839251,183.52265485,171.09880084,172.92478661,
2026-06-11 00:05:00,1781136300,172.92478661,182.748234,172.60836514,181.77528079,
2026-06-11 00:06:00,1781136360,181.77528079,184.45880669,175.2916929,181.6924713,
2026-06-11 00:07:00,1781136420,181.6924713,187.66384662,181.62867829,183.58870341,
2026-06-11 00:08:00,1781136480,183.58870341,183.58870341,175.35318733,179.97093019,
2026-06-11 00:09:00,1781136540,179.97093019,179.97093019,171.01306955,176.33642555,
2026-06-11 00:10:00,1781136600,176.33642555,180.42179174,172.75246489,175.64534774,
2026-06-11 00:11:00,1781136660,175.64534774,183.23329598,175.64411543,183.00790115,
2026-06-11 00:12:00,1781136720,183.00790115,183.76899238,177.10332469,183.66957423,
2026-06-11 00:13:00,1781136780,183.66957423,189.4078685,183.41566848,185.27197134,
2026-06-11 00:14:00,1781136840,185.27197134,188.42000563,182.83130917,186.89986831,
2026-06-11 00:15:00,1781136900,186.89986831,203.36697712,186.89986831,201.81821068,
2026-06-11 00:16:00,1781136960,201.81821068,214.74271502,199.08764856,209.62050808,
2026-06-11 00:17:00,1781137020,209.62050808,235.33861444,209.25015746,234.30559877,
2026-06-11 00:18:00,1781137080,234.30559877,234.30559877,208.7833655,213.57624854,
2026-06-11 00:19:00,1781137140,213.57624854,228.24332613,213.36094773,224.40057591,
2026-06-11 00:20:00,1781137200,224.40057591,233.41409147,222.4708533,230.23629161,
2026-06-11 00:21:00,1781137260,230.23629161,237.92921761,226.10927481,232.97409073,
2026-06-11 00:22:00,1781137320,232.97409073,233.24037627,219.00075843,220.25356616,
2026-06-11 00:23:00,1781137380,220.25356616,220.33710534,207.60080725,211.99520466,
2026-06-11 00:24:00,1781137440,211.99520466,214.48811924,204.31339189,214.3625873,
2026-06-11 00:25:00,1781137500,214.3625873,215.6027184,207.97476842,213.37003775,
2026-06-11 00:26:00,1781137560,213.37003775,216.63608441,210.84494695,216.19649603,
2026-06-11 00:27:00,1781137620,216.19649603,217.66070414,206.11862809,207.84389142,
2026-06-11 00:28:00,1781137680,207.84389142,218.72620862,205.4827766,218.72620862,
2026-06-11 00:29:00,1781137740,218.72620862,219.31790257,214.32993521,219.22529316,
2026-06-11 00:30:00,1781137800,219.22529316,221.32797948,213.67792308,215.24513988,
2026-06-11 00:31:00,1781137860,215.24513988,217.58699424,210.62133454,217.1102637,
2026-06-11 00:32:00,1781137920,217.1102637,220.16521721,215.56916564,218.10126888,
2026-06-11 00:33:00,1781137980,218.10126888,222.43922449,211.71832352,216.56915613,
2026-06-11 00:34:00,1781138040,216.56915613,220.89957381,209.22816942,209.75483616,
2026-06-11 00:35:00,1781138100,209.75483616,215.05152689,207.2297634,214.79762572,
2026-06-11 00:36:00,1781138160,214.79762572,214.85141425,200.89914996,203.20829209,
2026-06-11 00:37:00,1781138220,203.20829209,209.855016,201.47576497,209.29011254,
2026-06-11 00:38:00,1781138280,209.29011254,210.24460943,201.58972027,203.5019963,
2026-06-11 00:39:00,1781138340,203.5019963,203.69016204,198.79966067,201.27815634,
2026-06-11 00:40:00,1781138400,201.27815634,202.43055644,199.58665557,201.5214258,
2026-06-11 00:41:00,1781138460,201.5214258,208.53655787,200.05479764,207.94341985,
2026-06-11 00:42:00,1781138520,207.94341985,217.09762095,207.94341985,214.59461305,
2026-06-11 00:43:00,1781138580,214.59461305,217.45908392,208.70951917,208.76228938,
2026-06-11 00:44:00,1781138640,208.76228938,208.76228938,198.47214868,199.24657794,
2026-06-11 00:45:00,1781138700,199.24657794,211.99325615,199.16047013,209.45924591,
2026-06-11 00:46:00,1781138760,209.45924591,220.7716322,207.9846254,220.47574321,
2026-06-11 00:47:00,1781138820,220.47574321,224.4930599,210.09153116,211.19166275,
2026-06-11 00:48:00,1781138880,211.19166275,221.05278175,211.19166275,220.64997102,
2026-06-11 00:49:00,1781138940,220.64997102,220.64997102,216.77836062,219.83185221,
2026-06-11 00:50:00,1781139000,219.83185221,219.85019329,214.9686132,217.17867191,
2026-06-11 00:51:00,1781139060,217.17867191,218.67677418,210.62915137,214.88587774,
2026-06-11 00:52:00,1781139120,214.88587774,223.26126919,214.88587774,219.41540094,
2026-06-11 00:53:00,1781139180,219.41540094,219.90607644,213.18202169,213.3696972,
2026-06-11 00:54:00,1781139240,213.3696972,213.40551345,203.40948947,206.21987445,
2026-06-11 00:55:00,1781139300,206.21987445,210.93270839,203.34670229,207.93248753,
2026-06-11 00:56:00,1781139360,207.93248753,208.15698085,203.11043482,204.7976579,
2026-06-11 00:57:00,1781139420,204.7976579,206.6487734,203.9981747,205.68827894,
2026-06-11 00:58:00,1781139480,205.68827894,210.27703372,205.0369974,208.30513265,
2026-06-11 00:59:00,1781139540,208.30513265,212.33979555,199.94591605,200.19766321,
2026-06-11 01:00:00,1781139600,200.19766321,209.73111466,200.042364,203.21936249,
2026-06-11 01:01:00,1781139660,203.21936249,217.751573,203.16610352,217.12894942,
2026-06-11 01:02:00,1781139720,217.12894942,221.43855502,215.43393242,215.76988217,
2026-06-11 01:03:00,1781139780,215.76988217,219.34161051,213.42608958,215.53321278,
2026-06-11 01:04:00,1781139840,215.53321278,233.11250098,214.64445568,226.94201963,
2026-06-11 01:05:00,1781139900,226.94201963,236.3664865,221.67912293,232.03361733,
2026-06-11 01:06:00,1781139960,232.03361733,234.57529189,225.15521985,225.15521985,
2026-06-11 01:07:00,1781140020,225.15521985,225.15521985,215.78119203,220.19514647,
2026-06-11 01:08:00,1781140080,220.19514647,223.35555102,215.80979583,223.28832755,
2026-06-11 01:09:00,1781140140,223.28832755,225.23432751,216.04333252,217.67006156,
2026-06-11 01:10:00,1781140200,217.67006156,228.19459814,217.67006156,225.85326129,
2026-06-11 01:11:00,1781140260,225.85326129,229.23908597,224.42093469,226.71854892,
2026-06-11 01:12:00,1781140320,226.71854892,233.25340657,225.37454576,230.57370182,
2026-06-11 01:13:00,1781140380,230.57370182,250.75738711,227.8670068,248.95255432,
2026-06-11 01:14:00,1781140440,248.95255432,253.96466524,237.90486989,238.04098468,
2026-06-11 01:15:00,1781140500,238.04098468,249.27138256,233.62326014,238.88276635,
2026-06-11 01:16:00,1781140560,238.88276635,264.84931737,237.10357625,260.8709413,
2026-06-11 01:17:00,1781140620,260.8709413,261.66493644,244.05606099,251.47683586,
2026-06-11 01:18:00,1781140680,251.47683586,254.59765285,247.43985401,251.38714441,
2026-06-11 01:19:00,1781140740,251.38714441,271.03445438,251.28933818,267.9676735,
2026-06-11 01:20:00,1781140800,267.9676735,267.9676735,250.7372285,252.13389406,
2026-06-11 01:21:00,1781140860,252.13389406,263.91435826,251.29312598,260.82398532,
2026-06-11 01:22:00,1781140920,260.82398532,264.09256671,248.67735541,253.77927593,
2026-06-11 01:23:00,1781140980,253.77927593,264.57673276,253.59126071,264.01557529,
2026-06-11 01:24:00,1781141040,264.01557529,266.95070925,259.50584455,263.04421637,
2026-06-11 01:25:00,1781141100,263.04421637,267.61101003,259.42002035,264.7742881,
2026-06-11 01:26:00,1781141160,264.7742881,275.26339683,259.50954856,260.03249421,
2026-06-11 01:27:00,1781141220,260.03249421,261.7153967,251.80884608,261.23486805,
2026-06-11 01:28:00,1781141280,261.23486805,262.55860292,257.22139845,257.73259561,
2026-06-11 01:29:00,1781141340,257.73259561,264.07507917,254.47001625,263.53836275,
2026-06-11 01:30:00,1781141400,263.53836275,268.9839171,260.96859168,261.31439881,
2026-06-11 01:31:00,1781141460,261.31439881,261.52663357,250.54994163,251.34895935,
2026-06-11 01:32:00,1781141520,251.34895935,267.11614299,251.3474665,267.09301856,
2026-06-11 01:33:00,1781141580,267.09301856,267.58683336,254.01143945,256.82186208,
2026-06-11 01:34:00,1781141640,256.82186208,264.46706278,255.31710121,263.99293058,
2026-06-11 01:35:00,1781141700,263.99293058,264.17017138,255.02146604,259.08463261,
2026-06-11 01:36:00,1781141760,259.08463261,259.08463261,247.19351115,247.23122143,
2026-06-11 01:37:00,1781141820,247.23122143,251.95047212,245.19150606,248.94840825,
2026-06-11 01:38:00,1781141880,248.94840825,283.18140235,248.94692062,283.18140235,
2026-06-11 01:39:00,1781141940,283.18140235,284.99260256,272.65301901,279.64675846,
2026-06-11 01:40:00,1781142000,279.64675846,279.64675846,273.6508731,274.16949225,
2026-06-11 01:41:00,1781142060,274.16949225,304.84496996,274.16949225,303.1485354,
2026-06-11 01:42:00,1781142120,303.1485354,303.1485354,285.57918095,288.59598076,
2026-06-11 01:43:00,1781142180,288.59598076,294.24447437,285.63696302,289.1154884,
2026-06-11 01:44:00,1781142240,289.1154884,289.1154884,275.59370822,279.38293104,
2026-06-11 01:45:00,1781142300,279.38293104,280.18726335,273.98338677,274.02747816,
2026-06-11 01:46:00,1781142360,274.02747816,286.29502629,272.88129669,282.1338826,
2026-06-11 01:47:00,1781142420,282.1338826,287.07633175,278.99589164,280.0188062,
2026-06-11 01:48:00,1781142480,280.0188062,282.20415935,271.8440008,271.8440008,
2026-06-11 01:49:00,1781142540,271.8440008,284.32934905,271.36170539,279.83745118,
2026-06-11 01:50:00,1781142600,279.83745118,279.88234265,266.26066816,272.24101087,
2026-06-11 01:51:00,1781142660,272.24101087,283.32489021,272.15316028,279.740305,
2026-06-11 01:52:00,1781142720,279.740305,285.75920681,275.19783986,276.40052992,
2026-06-11 01:53:00,1781142780,276.40052992,280.72377391,274.93078076,276.91595635,
2026-06-11 01:54:00,1781142840,276.91595635,279.83935753,267.59069211,267.89533838,
2026-06-11 01:55:00,1781142900,267.89533838,267.93723421,258.38228265,259.84868241,
2026-06-11 01:56:00,1781142960,259.84868241,265.99405359,258.78081966,264.93810549,
2026-06-11 01:57:00,1781143020,264.93810549,270.6948888,264.14977999,270.6948888,
2026-06-11 01:58:00,1781143080,270.6948888,272.42506024,267.00801311,271.40665943,
2026-06-11 01:59:00,1781143140,271.40665943,277.47462237,264.07825016,264.49194893,
2026-06-11 02:00:00,1781143200,264.49194893,271.06937425,264.49194893,267.08718323,
2026-06-11 02:01:00,1781143260,267.08718323,273.02314576,258.93340991,273.02314576,
2026-06-11 02:02:00,1781143320,273.02314576,281.24905072,265.73076435,265.85072665,
2026-06-11 02:03:00,1781143380,265.85072665,270.69822675,261.50544894,268.74139789,
2026-06-11 02:04:00,1781143440,268.74139789,278.69428507,267.58585715,276.48931795,
2026-06-11 02:05:00,1781143500,276.48931795,278.25242697,265.18446069,268.38399523,
2026-06-11 02:06:00,1781143560,268.38399523,271.14497986,258.30526775,259.01397634,
2026-06-11 02:07:00,1781143620,259.01397634,260.15323486,254.60462985,255.73007308,
2026-06-11 02:08:00,1781143680,255.73007308,258.41953718,251.18393508,251.90136606,
2026-06-11 02:09:00,1781143740,251.90136606,256.08014273,250.13428337,255.35776222,
2026-06-11 02:10:00,1781143800,255.35776222,255.35776222,248.68229485,250.21552936,
2026-06-11 02:11:00,1781143860,250.21552936,251.01915733,245.08770087,245.3070352,
2026-06-11 02:12:00,1781143920,245.3070352,250.94755813,242.60833911,246.76913283,
2026-06-11 02:13:00,1781143980,246.76913283,254.67748825,246.76913283,251.64135461,
2026-06-11 02:14:00,1781144040,251.64135461,258.6636467,248.96576128,254.88348458,
2026-06-11 02:15:00,1781144100,254.88348458,260.84905141,254.75816449,257.50380089,
2026-06-11 02:16:00,1781144160,257.50380089,265.74214162,248.14295122,265.02728932,
2026-06-11 02:17:00,1781144220,265.02728932,273.07119114,261.67832695,273.00321406,
2026-06-11 02:18:00,1781144280,273.00321406,283.16520463,271.90845274,277.15069409,
2026-06-11 02:19:00,1781144340,277.15069409,283.10897215,273.27742124,280.35005065,
2026-06-11 02:20:00,1781144400,280.35005065,281.49651577,260.63934866,264.60931199,
2026-06-11 02:21:00,1781144460,264.60931199,264.60931199,242.90162455,244.4350033,
2026-06-11 02:22:00,1781144520,244.4350033,244.4350033,231.14322782,232.49807891,
2026-06-11 02:23:00,1781144580,232.49807891,240.02533884,231.41651201,234.61881735,
2026-06-11 02:24:00,1781144640,234.61881735,237.85883695,231.63619891,237.85883695,
2026-06-11 02:25:00,1781144700,237.85883695,239.1177087,233.73636127,236.23619234,
2026-06-11 02:26:00,1781144760,236.23619234,248.53129731,234.48991828,248.38398001,
2026-06-11 02:27:00,1781144820,248.38398001,251.19415426,236.58232387,236.60215875,
2026-06-11 02:28:00,1781144880,236.60215875,236.60215875,231.01736198,231.01736198,
2026-06-11 02:29:00,1781144940,231.01736198,231.21872435,228.12424266,230.9557347,
2026-06-11 02:30:00,1781145000,230.9557347,236.72972291,226.81445579,228.70855107,
2026-06-11 02:31:00,1781145060,228.70855107,230.69417748,216.3959702,216.69457091,
2026-06-11 02:32:00,1781145120,216.69457091,217.51377502,212.80391568,213.71144585,
2026-06-11 02:33:00,1781145180,213.71144585,221.38342972,213.71144585,219.36042484,
2026-06-11 02:34:00,1781145240,219.36042484,219.62125719,209.55750506,216.24783214,
2026-06-11 02:35:00,1781145300,216.24783214,222.28264688,214.67930875,220.1397066,
2026-06-11 02:36:00,1781145360,220.1397066,229.74472202,220.1397066,229.04632198,
2026-06-11 02:37:00,1781145420,229.04632198,234.08178613,228.8389785,229.6228343,
2026-06-11 02:38:00,1781145480,229.6228343,230.65439422,226.3503213,229.44734239,
2026-06-11 02:39:00,1781145540,229.44734239,238.18878947,228.69246081,232.43126898,
2026-06-11 02:40:00,1781145600,232.43126898,242.81044264,232.17782099,237.61296728,
2026-06-11 02:41:00,1781145660,237.61296728,239.1876904,235.42818968,239.1876904,
2026-06-11 02:42:00,1781145720,239.1876904,239.1876904,229.94039644,231.42776996,
2026-06-11 02:43:00,1781145780,231.42776996,237.86479658,231.37395171,236.02218386,
2026-06-11 02:44:00,1781145840,236.02218386,237.42830336,231.71282229,233.37744765,
2026-06-11 02:45:00,1781145900,233.37744765,233.78130062,227.46569837,231.38797444,
2026-06-11 02:46:00,1781145960,231.38797444,232.8909559,224.18996642,225.2135807,
2026-06-11 02:47:00,1781146020,225.2135807,227.98897103,223.23029305,224.54423833,
2026-06-11 02:48:00,1781146080,224.54423833,226.65236367,222.70887984,223.5339164,
2026-06-11 02:49:00,1781146140,223.5339164,223.8638639,220.7542528,222.79417849,
2026-06-11 02:50:00,1781146200,222.79417849,238.12100595,222.73454523,235.94803654,
2026-06-11 02:51:00,1781146260,235.94803654,242.33812682,228.27954515,228.96115418,
2026-06-11 02:52:00,1781146320,228.96115418,233.82810073,228.96115418,233.79253815,
2026-06-11 02:53:00,1781146380,233.79253815,239.99941166,232.43021692,237.66887352,
2026-06-11 02:54:00,1781146440,237.66887352,247.09834071,236.08517651,240.71818163,
2026-06-11 02:55:00,1781146500,240.71818163,249.83385091,237.94977264,239.91404342,
2026-06-11 02:56:00,1781146560,239.91404342,261.75443558,239.91404342,255.80821521,
2026-06-11 02:57:00,1781146620,255.80821521,264.41485001,254.54842151,261.00148646,
2026-06-11 02:58:00,1781146680,261.00148646,262.47056949,254.13653136,254.13653136,
2026-06-11 02:59:00,1781146740,254.13653136,254.13653136,243.99138877,244.80375165,
2026-06-11 03:00:00,1781146800,244.80375165,249.97503936,243.67552261,247.49729093,
2026-06-11 03:01:00,1781146860,247.49729093,252.90046213,245.31570744,250.10461311,
2026-06-11 03:02:00,1781146920,250.10461311,251.06159618,242.95773867,248.35394668,
2026-06-11 03:03:00,1781146980,248.35394668,250.74018942,244.9940612,246.05721353,
2026-06-11 03:04:00,1781147040,246.05721353,247.50392425,243.87695047,247.08907939,
2026-06-11 03:05:00,1781147100,247.08907939,250.54304207,241.80902993,242.56210232,
2026-06-11 03:06:00,1781147160,242.56210232,242.63266381,226.81586052,228.94760478,
2026-06-11 03:07:00,1781147220,228.94760478,235.75087353,226.85172592,233.25661057,
2026-06-11 03:08:00,1781147280,233.25661057,233.31450536,227.46437014,231.40107102,
2026-06-11 03:09:00,1781147340,231.40107102,239.31075691,231.34066187,235.65192091,
2026-06-11 03:10:00,1781147400,235.65192091,236.04323182,229.93508536,231.69513572,
2026-06-11 03:11:00,1781147460,231.69513572,233.13628741,225.12701946,227.63152648,
2026-06-11 03:12:00,1781147520,227.63152648,227.63152648,216.22473863,216.78330188,
2026-06-11 03:13:00,1781147580,216.78330188,224.49490827,215.12934038,224.49490827,
2026-06-11 03:14:00,1781147640,224.49490827,232.48875264,223.97979023,227.31458263,
2026-06-11 03:15:00,1781147700,227.31458263,231.38069693,224.49393728,230.73619932,
2026-06-11 03:16:00,1781147760,230.73619932,232.40402974,227.25428794,231.40888806,
2026-06-11 03:17:00,1781147820,231.40888806,240.23512001,229.69728689,233.79631419,
2026-06-11 03:18:00,1781147880,233.79631419,237.45910262,233.2419188,234.16402777,
2026-06-11 03:19:00,1781147940,234.16402777,234.67889934,225.03342341,225.07188858,
2026-06-11 03:20:00,1781148000,225.07188858,225.10891534,218.3257236,218.71377729,
2026-06-11 03:21:00,1781148060,218.71377729,226.74965711,216.24805519,226.41552292,
2026-06-11 03:22:00,1781148120,226.41552292,230.87010757,221.84766888,223.39903595,
2026-06-11 03:23:00,1781148180,223.39903595,226.43016949,222.84074318,226.31147017,
2026-06-11 03:24:00,1781148240,226.31147017,234.12110799,225.52341707,233.92300193,
2026-06-11 03:25:00,1781148300,233.92300193,236.06516922,229.01631437,235.8778048,
2026-06-11 03:26:00,1781148360,235.8778048,235.8778048,230.16525426,233.07676582,
2026-06-11 03:27:00,1781148420,233.07676582,236.11986346,230.2151683,234.46180932,
2026-06-11 03:28:00,1781148480,234.46180932,234.65505976,233.01149481,234.43722523,
2026-06-11 03:29:00,1781148540,234.43722523,235.66875627,232.11866814,234.24742525,
2026-06-11 03:30:00,1781148600,234.24742525,240.02451812,232.70730722,238.47362422,
2026-06-11 03:31:00,1781148660,238.47362422,253.14975842,237.90548276,252.81047602,
2026-06-11 03:32:00,1781148720,252.81047602,271.66495796,251.22082344,264.21580572,
2026-06-11 03:33:00,1781148780,264.21580572,307.17008157,261.16603731,304.30979618,
2026-06-11 03:34:00,1781148840,304.30979618,332.31270058,298.52115325,301.08051974,
2026-06-11 03:35:00,1781148900,301.08051974,316.02725472,290.29514677,301.08792999,
2026-06-11 03:36:00,1781148960,301.08792999,305.64034291,281.55594406,289.71490652,
2026-06-11 03:37:00,1781149020,289.71490652,296.33850182,283.77444007,294.10258801,
2026-06-11 03:38:00,1781149080,294.10258801,297.52490849,287.89759055,289.80142183,
2026-06-11 03:39:00,1781149140,289.80142183,296.50140569,288.38094638,288.38094638,
2026-06-11 03:40:00,1781149200,288.38094638,295.70449085,284.52617413,286.4913597,
2026-06-11 03:41:00,1781149260,286.4913597,292.82344846,284.03087879,292.82344846,
2026-06-11 03:42:00,1781149320,292.82344846,300.02659937,288.26376507,297.26073109,
2026-06-11 03:43:00,1781149380,297.26073109,299.54208799,296.82992586,298.51129191,
2026-06-11 03:44:00,1781149440,298.51129191,298.51129191,286.86941195,288.99160375,
2026-06-11 03:45:00,1781149500,288.99160375,310.59047435,288.99160375,300.8535097,
2026-06-11 03:46:00,1781149560,300.8535097,300.94325216,291.30075982,292.99391545,
2026-06-11 03:47:00,1781149620,292.99391545,308.68012686,288.10576436,298.6744091,
2026-06-11 03:48:00,1781149680,298.6744091,311.75864255,294.50620021,300.10258555,
2026-06-11 03:49:00,1781149740,300.10258555,311.15734132,297.05137339,297.05137339,
2026-06-11 03:50:00,1781149800,297.05137339,312.74594059,297.04972222,309.94017457,
2026-06-11 03:51:00,1781149860,309.94017457,311.38765829,305.5313141,307.56353987,
2026-06-11 03:52:00,1781149920,307.56353987,319.60970106,300.63713103,309.93723804,
2026-06-11 03:53:00,1781149980,309.93723804,319.92891947,305.11388134,315.20414076,
2026-06-11 03:54:00,1781150040,315.20414076,315.20414076,310.39450325,311.97092588,
2026-06-11 03:55:00,1781150100,311.97092588,376.41437691,309.59263425,373.00185776,
2026-06-11 03:56:00,1781150160,373.00185776,408.37131656,361.79178518,376.10803939,
2026-06-11 03:57:00,1781150220,376.10803939,389.3545668,374.12979034,386.637768,
2026-06-11 03:58:00,1781150280,386.637768,400.52901819,374.56768267,377.38469277,
2026-06-11 03:59:00,1781150340,377.38469277,383.97659143,366.18118651,366.18118651,
2026-06-11 04:00:00,1781150400,366.18118651,371.65068488,355.2956233,355.32297409,
2026-06-11 04:01:00,1781150460,355.32297409,356.15006062,337.83696615,340.69193677,
2026-06-11 04:02:00,1781150520,340.69193677,363.39691577,340.63755,353.20880393,
2026-06-11 04:03:00,1781150580,353.20880393,353.20880393,340.08161794,349.61892987,
2026-06-11 04:04:00,1781150640,349.61892987,362.37711276,349.59017505,352.89818256,
2026-06-11 04:05:00,1781150700,352.89818256,352.89818256,342.10221458,347.31464262,
2026-06-11 04:06:00,1781150760,347.31464262,349.92192066,336.19991138,339.5671574,
2026-06-11 04:07:00,1781150820,339.5671574,346.82889577,338.66476864,341.88634849,
2026-06-11 04:08:00,1781150880,341.88634849,351.85331263,341.88634849,351.11566011,
2026-06-11 04:09:00,1781150940,351.11566011,352.38762886,341.0592737,350.21209134,
2026-06-11 04:10:00,1781151000,350.21209134,362.93699334,335.69689413,357.29891201,
2026-06-11 04:11:00,1781151060,357.29891201,367.34845657,348.7875574,366.47585486,
2026-06-11 04:12:00,1781151120,366.47585486,374.56375014,361.67872264,370.93209041,
2026-06-11 04:13:00,1781151180,370.93209041,382.6795579,366.4112972,373.84613594,
2026-06-11 04:14:00,1781151240,373.84613594,376.02001493,361.80272961,361.80272961,
2026-06-11 04:15:00,1781151300,361.80272961,362.76961064,353.96522418,361.41369753,
2026-06-11 04:16:00,1781151360,361.41369753,373.60900758,350.93904993,351.07461004,
2026-06-11 04:17:00,1781151420,351.07461004,355.92048965,349.09013167,353.7624853,
2026-06-11 04:18:00,1781151480,353.7624853,355.61569182,342.8588327,344.98226794,
2026-06-11 04:19:00,1781151540,344.98226794,356.51958541,344.72075735,356.46109564,
2026-06-11 04:20:00,1781151600,356.46109564,370.75096039,351.08602649,367.16111339,
2026-06-11 04:21:00,1781151660,367.16111339,369.96720632,349.00468371,349.9979353,
2026-06-11 04:22:00,1781151720,349.9979353,351.02142,341.75299743,346.78226962,
2026-06-11 04:23:00,1781151780,346.78226962,351.88217572,342.20806019,348.07443915,
2026-06-11 04:24:00,1781151840,348.07443915,355.54062368,343.19166355,344.76739259,
2026-06-11 04:25:00,1781151900,344.76739259,346.61750611,338.51512711,343.16289755,
2026-06-11 04:26:00,1781151960,343.16289755,350.47103983,343.00248298,347.80161727,
2026-06-11 04:27:00,1781152020,347.80161727,347.80161727,339.64780732,342.02091946,
2026-06-11 04:28:00,1781152080,342.02091946,345.06403373,339.33062635,342.15825493,
2026-06-11 04:29:00,1781152140,342.15825493,347.30208929,341.88323094,345.17860767,
2026-06-11 04:30:00,1781152200,345.17860767,352.29745178,344.12931591,350.00386021,
2026-06-11 04:31:00,1781152260,350.00386021,353.57292826,343.60115026,343.60115026,
2026-06-11 04:32:00,1781152320,343.60115026,343.89203405,336.26758356,341.89302997,
2026-06-11 04:33:00,1781152380,341.89302997,344.35793986,332.06964577,332.61782983,
2026-06-11 04:34:00,1781152440,332.61782983,336.30986215,324.72635903,328.04803217,
2026-06-11 04:35:00,1781152500,328.04803217,336.44110967,326.58018394,333.85282272,
2026-06-11 04:36:00,1781152560,333.85282272,342.42109265,331.73224412,341.45561825,
2026-06-11 04:37:00,1781152620,341.45561825,342.0369154,335.76802584,340.50348587,
2026-06-11 04:38:00,1781152680,340.50348587,361.7507443,340.50348587,358.33788055,
2026-06-11 04:39:00,1781152740,358.33788055,365.59128304,356.36159007,365.28056368,
2026-06-11 04:40:00,1781152800,365.28056368,370.03203334,353.21878786,359.42526525,
2026-06-11 04:41:00,1781152860,359.42526525,359.61605294,348.84830627,351.48017808,
2026-06-11 04:42:00,1781152920,351.48017808,354.50888766,347.3821385,347.3821385,
2026-06-11 04:43:00,1781152980,347.3821385,349.68808238,344.55054108,348.83953728,
2026-06-11 04:44:00,1781153040,348.83953728,359.22798845,348.83597141,359.22798845,
2026-06-11 04:45:00,1781153100,359.22798845,366.27915388,356.73778633,364.6276038,
2026-06-11 04:46:00,1781153160,364.6276038,366.35652877,362.06089777,364.13976019,
2026-06-11 04:47:00,1781153220,364.13976019,386.15735238,363.94516408,382.10105924,
2026-06-11 04:48:00,1781153280,382.10105924,382.1590339,366.44416285,380.22998672,
2026-06-11 04:49:00,1781153340,380.22998672,389.954085,377.70153845,384.38269541,
2026-06-11 04:50:00,1781153400,384.38269541,401.80175409,384.09556583,401.49845709,
2026-06-11 04:51:00,1781153460,401.49845709,402.30257665,387.84732057,387.87674998,
2026-06-11 04:52:00,1781153520,387.87674998,404.91966248,387.87674998,391.65267995,
2026-06-11 04:53:00,1781153580,391.65267995,394.19929052,382.77588726,386.85903731,
2026-06-11 04:54:00,1781153640,386.85903731,391.57222725,380.98273122,390.27168718,
2026-06-11 04:55:00,1781153700,390.27168718,392.48395989,377.48459215,378.40718838,
2026-06-11 04:56:00,1781153760,378.40718838,381.12007307,373.09523458,373.32411896,
2026-06-11 04:57:00,1781153820,373.32411896,374.10294555,365.93061241,368.61141218,
2026-06-11 04:58:00,1781153880,368.61141218,368.61141218,348.07462419,350.09184301,
2026-06-11 04:59:00,1781153940,350.09184301,361.0717151,348.17651404,356.13547073,
2026-06-11 05:00:00,1781154000,356.13547073,357.13961729,327.06280133,329.92376671,
2026-06-11 05:01:00,1781154060,329.92376671,332.48945856,323.50282375,323.91729704,
2026-06-11 05:02:00,1781154120,323.91729704,332.08594688,318.93385973,324.89457908,
2026-06-11 05:03:00,1781154180,324.89457908,327.30034866,317.90622384,322.64404909,
2026-06-11 05:04:00,1781154240,322.64404909,323.50082513,318.0511023,319.22034216,
2026-06-11 05:05:00,1781154300,319.22034216,319.50819481,315.01422607,318.6020014,
2026-06-11 05:06:00,1781154360,318.6020014,320.8201491,311.43403669,312.29086702,
2026-06-11 05:07:00,1781154420,312.29086702,322.28103738,312.06129684,317.878853,
2026-06-11 05:08:00,1781154480,317.878853,323.91530293,317.87714667,321.56327718,
2026-06-11 05:09:00,1781154540,321.56327718,327.99142323,320.20719011,326.88141552,
2026-06-11 05:10:00,1781154600,326.88141552,332.18252853,320.87389404,321.5485538,
2026-06-11 05:11:00,1781154660,321.5485538,322.80222407,317.22972863,318.66315718,
2026-06-11 05:12:00,1781154720,318.66315718,329.32310839,318.18053227,324.94356322,
2026-06-11 05:13:00,1781154780,324.94356322,326.2238471,318.08014328,318.46340031,
2026-06-11 05:14:00,1781154840,318.46340031,327.39607741,318.35854787,324.76055954,
2026-06-11 05:15:00,1781154900,324.76055954,333.3730935,321.43710086,332.11704867,
2026-06-11 05:16:00,1781154960,332.11704867,342.92215573,330.82582534,339.23550847,
2026-06-11 05:17:00,1781155020,339.23550847,347.95054489,337.35235342,340.82898629,
2026-06-11 05:18:00,1781155080,340.82898629,341.79248802,326.47561251,326.52826664,
2026-06-11 05:19:00,1781155140,326.52826664,338.60189908,324.68473433,326.84350318,
2026-06-11 05:20:00,1781155200,326.84350318,334.40827649,324.85804851,334.10831088,
2026-06-11 05:21:00,1781155260,334.10831088,345.58722164,333.78485508,344.98023781,
2026-06-11 05:22:00,1781155320,344.98023781,348.14750426,338.14722806,348.14573892,
2026-06-11 05:23:00,1781155380,348.14573892,350.16589396,335.26435465,335.26435465,
2026-06-11 05:24:00,1781155440,335.26435465,344.29102197,334.00809094,337.20749407,
2026-06-11 05:25:00,1781155500,337.20749407,338.25823284,328.11648386,334.88813863,
2026-06-11 05:26:00,1781155560,334.88813863,338.42800527,325.11583272,328.5992052,
2026-06-11 05:27:00,1781155620,328.5992052,331.04349453,315.29557897,315.29557897,
2026-06-11 05:28:00,1781155680,315.29557897,315.99408391,308.94782793,315.6486092,
2026-06-11 05:29:00,1781155740,315.6486092,322.24298572,314.73290376,320.59846173,
2026-06-11 05:30:00,1781155800,320.59846173,326.24662327,317.57044996,319.85006845,
2026-06-11 05:31:00,1781155860,319.85006845,320.3132706,310.052002,312.7829197,
2026-06-11 05:32:00,1781155920,312.7829197,330.28148418,312.7812285,327.78989158,
2026-06-11 05:33:00,1781155980,327.78989158,333.40622571,320.90944756,325.06743822,
2026-06-11 05:34:00,1781156040,325.06743822,326.93331472,320.05002941,321.10698377,
2026-06-11 05:35:00,1781156100,321.10698377,323.02012436,310.52977467,312.99383711,
2026-06-11 05:36:00,1781156160,312.99383711,330.05591872,310.40108465,324.1267138,
2026-06-11 05:37:00,1781156220,324.1267138,327.93800546,320.51685136,324.41254108,
2026-06-11 05:38:00,1781156280,324.41254108,328.717043,322.81294038,326.59378932,
2026-06-11 05:39:00,1781156340,326.59378932,327.00905504,313.79036133,313.94558762,
2026-06-11 05:40:00,1781156400,313.94558762,318.20834035,312.30936163,314.96092037,
2026-06-11 05:41:00,1781156460,314.96092037,322.15516959,312.69457734,322.15346305,
2026-06-11 05:42:00,1781156520,322.15346305,325.82168066,320.27051202,323.11453236,
2026-06-11 05:43:00,1781156580,323.11453236,332.65018541,323.08805016,326.73964124,
2026-06-11 05:44:00,1781156640,326.73964124,333.31418916,323.421827,331.92937181,
2026-06-11 05:45:00,1781156700,331.92937181,335.04424091,330.18277622,331.39468204,
2026-06-11 05:46:00,1781156760,331.39468204,333.3063913,327.135736,330.41387192,
2026-06-11 05:47:00,1781156820,330.41387192,331.28554532,320.78958869,320.92127395,
2026-06-11 05:48:00,1781156880,320.92127395,322.99549612,313.39841795,319.32731526,
2026-06-11 05:49:00,1781156940,319.32731526,322.84128763,315.60181694,316.86937902,
2026-06-11 05:50:00,1781157000,316.86937902,321.224866,310.98736381,313.1531917,
2026-06-11 05:51:00,1781157060,313.1531917,323.15110063,309.92001955,312.67861644,
2026-06-11 05:52:00,1781157120,312.67861644,313.26609936,308.45999024,311.57472499,
2026-06-11 05:53:00,1781157180,311.57472499,325.4668538,311.49430162,324.92818804,
2026-06-11 05:54:00,1781157240,324.92818804,324.92818804,309.74195321,312.28331009,
2026-06-11 05:55:00,1781157300,312.28331009,326.39634475,312.20393939,323.17875645,
2026-06-11 05:56:00,1781157360,323.17875645,329.1836935,314.92286329,317.41019044,
2026-06-11 05:57:00,1781157420,317.41019044,322.44114985,314.10005134,321.23541652,
2026-06-11 05:58:00,1781157480,321.23541652,323.29990165,313.28604256,313.48470081,
2026-06-11 05:59:00,1781157540,313.48470081,313.536741,300.66125803,304.80405068,
2026-06-11 06:00:00,1781157600,304.80405068,308.54981802,300.72844296,305.35230314,
2026-06-11 06:01:00,1781157660,305.35230314,308.70977261,299.5880992,302.77464952,
2026-06-11 06:02:00,1781157720,302.77464952,302.99399459,298.45285504,299.10498113,
2026-06-11 06:03:00,1781157780,299.10498113,307.17362291,299.10332266,305.51328495,
2026-06-11 06:04:00,1781157840,305.51328495,305.65254547,284.8767842,284.8767842,
2026-06-11 06:05:00,1781157900,284.8767842,299.68331893,284.55988346,294.42317778,
2026-06-11 06:06:00,1781157960,294.42317778,295.68669937,287.3929056,294.53199642,
2026-06-11 06:07:00,1781158020,294.53199642,300.32816496,292.27440049,293.44214435,
2026-06-11 06:08:00,1781158080,293.44214435,311.6425348,293.18904466,310.38504,
2026-06-11 06:09:00,1781158140,310.38504,319.47098304,308.79062848,315.67030712,
2026-06-11 06:10:00,1781158200,315.67030712,321.63606768,312.8756074,319.7656885,
2026-06-11 06:11:00,1781158260,319.7656885,333.05798434,316.29049271,329.72694401,
2026-06-11 06:12:00,1781158320,329.72694401,352.24957963,328.83183968,352.24957963,
2026-06-11 06:13:00,1781158380,352.24957963,357.33198959,342.31642655,347.87455082,
2026-06-11 06:14:00,1781158440,347.87455082,351.04601811,346.01685633,350.4247957,
2026-06-11 06:15:00,1781158500,350.4247957,368.16135593,350.4247957,361.8871855,
2026-06-11 06:16:00,1781158560,361.8871855,378.11568509,358.53625514,359.80237317,
2026-06-11 06:17:00,1781158620,359.80237317,360.65798093,352.71398819,357.90085452,
2026-06-11 06:18:00,1781158680,357.90085452,357.90085452,335.01155511,337.02731402,
2026-06-11 06:19:00,1781158740,337.02731402,347.98023359,336.08871186,343.2513226,
2026-06-11 06:20:00,1781158800,343.2513226,366.28095093,343.24956498,365.03617205,
2026-06-11 06:21:00,1781158860,365.03617205,402.73702082,364.88838209,387.24228084,
2026-06-11 06:22:00,1781158920,387.24228084,387.24228084,374.31444884,378.5248747,
2026-06-11 06:23:00,1781158980,378.5248747,395.00213275,372.3221224,389.29726807,
2026-06-11 06:24:00,1781159040,389.29726807,404.78265131,380.69496016,399.7124032,
2026-06-11 06:25:00,1781159100,399.7124032,405.51916359,380.72738462,380.78787674,
2026-06-11 06:26:00,1781159160,380.78787674,385.3828848,364.92389185,368.71315994,
2026-06-11 06:27:00,1781159220,368.71315994,375.94936754,360.78330394,364.09111742,
2026-06-11 06:28:00,1781159280,364.09111742,367.83043948,360.31492355,363.90340216,
2026-06-11 06:29:00,1781159340,363.90340216,367.94748327,357.49918931,364.21885715,
2026-06-11 06:30:00,1781159400,364.21885715,368.16268984,357.34842368,357.53249763,
2026-06-11 06:31:00,1781159460,357.53249763,373.10721499,357.49991617,372.33661253,
2026-06-11 06:32:00,1781159520,372.33661253,384.14965849,371.58472687,378.90369929,
2026-06-11 06:33:00,1781159580,378.90369929,380.43774828,370.6162499,379.04555059,
2026-06-11 06:34:00,1781159640,379.04555059,390.73129355,375.89129895,385.41521574,
2026-06-11 06:35:00,1781159700,385.41521574,385.81928468,377.16089234,380.39717527,
2026-06-11 06:36:00,1781159760,380.39717527,396.56612683,378.25428485,391.96421204,
2026-06-11 06:37:00,1781159820,391.96421204,395.60673224,383.29596558,389.3537423,
2026-06-11 06:38:00,1781159880,389.3537423,390.90415976,383.79003587,390.31351941,
2026-06-11 06:39:00,1781159940,390.31351941,390.31351941,386.55713722,387.14610846,
2026-06-11 06:40:00,1781160000,387.14610846,390.23937937,386.10874334,386.23223371,
2026-06-11 06:41:00,1781160060,386.23223371,394.13445431,367.67091334,393.02053412,
2026-06-11 06:42:00,1781160120,393.02053412,393.02053412,377.9267076,379.89791029,
2026-06-11 06:43:00,1781160180,379.89791029,381.72956277,370.08797068,371.03611183,
2026-06-11 06:44:00,1781160240,371.03611183,380.44576021,370.49879658,380.3828039,
2026-06-11 06:45:00,1781160300,380.3828039,382.1844344,368.44564193,368.97564066,
2026-06-11 06:46:00,1781160360,368.97564066,369.58508652,355.13037294,359.53995909,
2026-06-11 06:47:00,1781160420,359.53995909,359.63581415,351.4666173,353.20380947,
2026-06-11 06:48:00,1781160480,353.20380947,354.62371478,347.74631344,354.1609669,
2026-06-11 06:49:00,1781160540,354.1609669,354.85003216,340.03975462,341.59128494,
2026-06-11 06:50:00,1781160600,341.59128494,346.53217722,339.12981188,344.30020584,
2026-06-11 06:51:00,1781160660,344.30020584,347.19407206,342.6845302,346.93580116,
2026-06-11 06:52:00,1781160720,346.93580116,348.13992907,340.80054318,341.99860305,
2026-06-11 06:53:00,1781160780,341.99860305,342.14860471,337.05548978,339.55768149,
2026-06-11 06:54:00,1781160840,339.55768149,346.23007129,336.61123638,346.18656967,
2026-06-11 06:55:00,1781160900,346.18656967,346.21322247,327.32947838,332.65100551,
2026-06-11 06:56:00,1781160960,332.65100551,335.96323861,329.05464962,329.94690628,
2026-06-11 06:57:00,1781161020,329.94690628,337.08284955,329.94690628,333.66762852,
2026-06-11 06:58:00,1781161080,333.66762852,341.74103599,333.15810623,335.46526101,
2026-06-11 06:59:00,1781161140,335.46526101,336.76262279,332.79321203,332.79321203,
2026-06-11 07:00:00,1781161200,332.79321203,335.40820493,329.11405212,330.33238007,
2026-06-11 07:01:00,1781161260,330.33238007,335.79169618,326.55141833,333.76708415,
2026-06-11 07:02:00,1781161320,333.76708415,339.58683332,314.97253253,314.97253253,
2026-06-11 07:03:00,1781161380,314.97253253,321.36842271,309.55397268,314.43797946,
2026-06-11 07:04:00,1781161440,314.43797946,317.5749279,308.49512708,308.63926944,
2026-06-11 07:05:00,1781161500,308.63926944,313.80013071,308.19308618,310.12455244,
2026-06-11 07:06:00,1781161560,310.12455244,314.43863693,307.66512506,309.11745118,
2026-06-11 07:07:00,1781161620,309.11745118,310.80274204,297.76839422,301.75971467,
2026-06-11 07:08:00,1781161680,301.75971467,309.287008,301.75971467,309.287008,
2026-06-11 07:09:00,1781161740,309.287008,311.2701913,304.47502137,309.57998564,
2026-06-11 07:10:00,1781161800,309.57998564,317.03486663,305.94493727,315.56252793,
2026-06-11 07:11:00,1781161860,315.56252793,323.20312526,313.44112195,315.72525204,
2026-06-11 07:12:00,1781161920,315.72525204,316.79499727,305.67785526,306.621397,
2026-06-11 07:13:00,1781161980,306.621397,314.28604378,299.79925657,309.63611204,
2026-06-11 07:14:00,1781162040,309.63611204,316.73677391,309.60853704,312.50662438,
2026-06-11 07:15:00,1781162100,312.50662438,315.97872037,309.23931874,314.6232792,
2026-06-11 07:16:00,1781162160,314.6232792,321.13946538,308.64748272,319.70151935,
2026-06-11 07:17:00,1781162220,319.70151935,323.53459149,317.18015846,321.20222205,
2026-06-11 07:18:00,1781162280,321.20222205,332.07036153,320.1956478,325.64267533,
2026-06-11 07:19:00,1781162340,325.64267533,326.66502195,321.13195318,322.74455681,
2026-06-11 07:20:00,1781162400,322.74455681,338.45356301,321.93990979,338.10710422,
2026-06-11 07:21:00,1781162460,338.10710422,349.26487605,337.57604642,348.16646809,
2026-06-11 07:22:00,1781162520,348.16646809,354.81092557,340.68847815,344.47770344,
2026-06-11 07:23:00,1781162580,344.47770344,344.47770344,334.4534225,337.24896166,
2026-06-11 07:24:00,1781162640,337.24896166,352.52695141,335.49086091,352.52695141,
2026-06-11 07:25:00,1781162700,352.52695141,353.28982709,342.05144323,343.18028981,
2026-06-11 07:26:00,1781162760,343.18028981,347.25005246,341.76214892,345.22080602,
2026-06-11 07:27:00,1781162820,345.22080602,353.47762614,345.21717566,349.23219985,
2026-06-11 07:28:00,1781162880,349.23219985,352.47256086,347.69039821,352.47256086,
2026-06-11 07:29:00,1781162940,352.47256086,360.71903956,349.48971545,360.56856862,
2026-06-11 07:30:00,1781163000,360.56856862,376.07367871,360.56856862,362.98683152,
2026-06-11 07:31:00,1781163060,362.98683152,362.98683152,345.51142618,347.66670542,
2026-06-11 07:32:00,1781163120,347.66670542,349.39700385,346.08010585,347.87194145,
2026-06-11 07:33:00,1781163180,347.87194145,355.90975458,347.87194145,350.70070539,
2026-06-11 07:34:00,1781163240,350.70070539,351.32648224,340.77059676,341.21226191,
2026-06-11 07:35:00,1781163300,341.21226191,347.26900331,339.92856523,345.34820052,
2026-06-11 07:36:00,1781163360,345.34820052,351.30934661,340.27323835,341.1213512,
2026-06-11 07:37:00,1781163420,341.1213512,345.63055111,338.84044503,340.25590593,
2026-06-11 07:38:00,1781163480,340.25590593,340.25590593,327.47215834,328.65459241,
2026-06-11 07:39:00,1781163540,328.65459241,329.02527176,320.83370398,320.90690976,
2026-06-11 07:40:00,1781163600,320.90690976,320.90690976,313.50785794,314.88028174,
2026-06-11 07:41:00,1781163660,314.88028174,326.58730286,314.77858353,324.47540006,
2026-06-11 07:42:00,1781163720,324.47540006,334.65659645,324.33565254,331.51823362,
2026-06-11 07:43:00,1781163780,331.51823362,337.56801351,326.51322849,335.90731575,
2026-06-11 07:44:00,1781163840,335.90731575,336.38913412,326.78570714,333.28377968,
2026-06-11 07:45:00,1781163900,333.28377968,340.63219345,333.01367913,339.20994492,
2026-06-11 07:46:00,1781163960,339.20994492,345.63749435,339.12660543,345.41393274,
2026-06-11 07:47:00,1781164020,345.41393274,357.43199429,345.10808801,353.16126209,
2026-06-11 07:48:00,1781164080,353.16126209,354.31772126,347.54307035,348.85450175,
2026-06-11 07:49:00,1781164140,348.85450175,354.15869095,348.50902093,350.23881789,
2026-06-11 07:50:00,1781164200,350.23881789,353.40399163,349.36788341,351.25507131,
2026-06-11 07:51:00,1781164260,351.25507131,353.80283143,344.212212,345.28656332,
2026-06-11 07:52:00,1781164320,345.28656332,345.28656332,341.21939338,342.75022124,
2026-06-11 07:53:00,1781164380,342.75022124,351.79075583,342.62870218,344.75122876,
2026-06-11 07:54:00,1781164440,344.75122876,349.22588844,342.99102349,347.89395726,
2026-06-11 07:55:00,1781164500,347.89395726,356.25597893,347.23376947,354.84068624,
2026-06-11 07:56:00,1781164560,354.84068624,358.16183186,352.23210955,356.05328997,
2026-06-11 07:57:00,1781164620,356.05328997,360.12857123,355.686528,357.12323544,
2026-06-11 07:58:00,1781164680,357.12323544,357.87686485,352.39934763,352.42708759,
2026-06-11 07:59:00,1781164740,352.42708759,353.85386409,351.15089945,352.39293999,
2026-06-11 08:00:00,1781164800,352.39293999,368.27404432,352.3078526,364.55987519,
2026-06-11 08:01:00,1781164860,364.55987519,369.47637188,354.51055066,361.33400168,
2026-06-11 08:02:00,1781164920,361.33400168,372.24178331,359.18990618,365.5800641,
2026-06-11 08:03:00,1781164980,365.5800641,371.0700229,363.97831086,365.44202875,
2026-06-11 08:04:00,1781165040,365.44202875,365.86524577,357.70571752,357.73386683,
2026-06-11 08:05:00,1781165100,357.73386683,363.76126984,357.00954797,360.71115425,
2026-06-11 08:06:00,1781165160,360.71115425,368.2569161,360.07688973,367.85179846,
2026-06-11 08:07:00,1781165220,367.85179846,367.85179846,361.04021505,362.91106142,
2026-06-11 08:08:00,1781165280,362.91106142,366.26570046,359.93128864,366.06836164,
2026-06-11 08:09:00,1781165340,366.06836164,377.06872272,363.99540472,368.81812231,
2026-06-11 08:10:00,1781165400,368.81812231,373.96585326,368.26444314,369.65186388,
2026-06-11 08:11:00,1781165460,369.65186388,376.65986719,367.44877876,367.44877876,
2026-06-11 08:12:00,1781165520,367.44877876,371.6470541,367.44687887,369.49930239,
2026-06-11 08:13:00,1781165580,369.49930239,393.01068992,369.4665856,391.99969455,
2026-06-11 08:14:00,1781165640,391.99969455,391.99969455,373.79135509,380.02508213,
2026-06-11 08:15:00,1781165700,380.02508213,380.02508213,374.96208862,375.22139235,
2026-06-11 08:16:00,1781165760,375.22139235,375.22139235,369.07286875,371.01697584,
2026-06-11 08:17:00,1781165820,371.01697584,378.82752404,371.01697584,372.74453405,
2026-06-11 08:18:00,1781165880,372.74453405,383.63694274,372.74453405,381.85571456,
2026-06-11 08:19:00,1781165940,381.85571456,381.91306381,376.11346053,376.88982433,
2026-06-11 08:20:00,1781166000,376.88982433,376.88982433,372.59534891,373.8312916,
2026-06-11 08:21:00,1781166060,373.8312916,377.83218556,373.71113809,374.50309851,
2026-06-11 08:22:00,1781166120,374.50309851,389.93240248,374.46510403,388.38999073,
2026-06-11 08:23:00,1781166180,388.38999073,405.26491091,388.29127355,404.28184316,
2026-06-11 08:24:00,1781166240,404.28184316,409.73713277,398.37036803,409.73713277,
2026-06-11 08:25:00,1781166300,409.73713277,409.97220259,397.98808902,402.42828921,
2026-06-11 08:26:00,1781166360,402.42828921,407.94702037,401.66604463,403.15959288,
2026-06-11 08:27:00,1781166420,403.15959288,411.19190781,401.81119707,408.08675404,
2026-06-11 08:28:00,1781166480,408.08675404,419.02443615,406.72842619,415.28258083,
2026-06-11 08:29:00,1781166540,415.28258083,416.55971552,413.02203141,416.09985788,
2026-06-11 08:30:00,1781166600,416.09985788,419.60982336,412.39946541,413.08912582,
2026-06-11 08:31:00,1781166660,413.08912582,413.21251794,405.78320414,409.02287924,
2026-06-11 08:32:00,1781166720,409.02287924,416.34753256,407.12568515,409.09603035,
2026-06-11 08:33:00,1781166780,409.09603035,415.16268333,408.96584227,413.68195424,
2026-06-11 08:34:00,1781166840,413.68195424,416.1509489,410.25644578,411.5328308,
2026-06-11 08:35:00,1781166900,411.5328308,413.85084905,408.94794787,411.39794945,
2026-06-11 08:36:00,1781166960,411.39794945,411.60287161,407.72852828,407.79959957,
2026-06-11 08:37:00,1781167020,407.79959957,413.30504938,407.76451572,410.47721184,
2026-06-11 08:38:00,1781167080,410.47721184,410.47721184,406.90237494,407.27033834,
2026-06-11 08:39:00,1781167140,407.27033834,422.68290933,404.24023959,417.94655679,
2026-06-11 08:40:00,1781167200,417.94655679,417.94655679,411.34781431,411.49863587,
2026-06-11 08:41:00,1781167260,411.49863587,411.68420023,402.41318672,403.982669,
2026-06-11 08:42:00,1781167320,403.982669,404.47779036,393.26878729,393.4208955,
2026-06-11 08:43:00,1781167380,393.4208955,396.00931013,381.35755634,381.38529145,
2026-06-11 08:44:00,1781167440,381.38529145,384.60815352,379.81309186,383.72871209,
2026-06-11 08:45:00,1781167500,383.72871209,397.48818824,382.32293785,392.72842592,
2026-06-11 08:46:00,1781167560,392.72842592,400.53337853,388.20586831,400.39547954,
2026-06-11 08:47:00,1781167620,400.39547954,412.69923187,397.43111066,412.00958488,
2026-06-11 08:48:00,1781167680,412.00958488,442.28865089,411.81964744,430.21018605,
2026-06-11 08:49:00,1781167740,430.21018605,438.152953,417.54512434,417.54512434,
2026-06-11 08:50:00,1781167800,417.54512434,425.3604312,417.29822139,419.87392726,
2026-06-11 08:51:00,1781167860,419.87392726,429.9350877,414.19595725,414.44783503,
2026-06-11 08:52:00,1781167920,414.44783503,415.59505729,405.52328243,411.79357964,
2026-06-11 08:53:00,1781167980,411.79357964,412.47258864,408.68904611,410.82400474,
2026-06-11 08:54:00,1781168040,410.82400474,411.78525588,409.6982173,410.72766117,
2026-06-11 08:55:00,1781168100,410.72766117,414.39846906,408.95741176,410.32300852,
2026-06-11 08:56:00,1781168160,410.32300852,410.57343665,399.59076206,402.45703413,
2026-06-11 08:57:00,1781168220,402.45703413,405.47910047,395.94090764,404.55081479,
2026-06-11 08:58:00,1781168280,404.55081479,407.52298419,403.86215655,404.21584014,
2026-06-11 08:59:00,1781168340,404.21584014,413.4546768,403.68873545,413.4546768,
2026-06-11 09:00:00,1781168400,413.4546768,413.51769611,398.08259265,404.67690622,
2026-06-11 09:01:00,1781168460,404.67690622,405.65407506,399.42919697,402.7230837,
2026-06-11 09:02:00,1781168520,402.7230837,412.80865677,402.25332602,411.1656102,
2026-06-11 09:03:00,1781168580,411.1656102,413.92347303,409.08100175,412.62117531,
2026-06-11 09:04:00,1781168640,412.62117531,414.50826468,398.63061321,400.2457239,
2026-06-11 09:05:00,1781168700,400.2457239,403.27562485,390.20885836,391.32946154,
2026-06-11 09:06:00,1781168760,391.32946154,391.32946154,383.73467218,386.46361825,
2026-06-11 09:07:00,1781168820,386.46361825,388.0268998,375.72729833,379.23070813,
2026-06-11 09:08:00,1781168880,379.23070813,383.76541856,375.6388965,378.4276106,
2026-06-11 09:09:00,1781168940,378.4276106,378.83542946,373.79361958,378.5175843,
2026-06-11 09:10:00,1781169000,378.5175843,386.4366091,378.51370551,382.70490059,
2026-06-11 09:11:00,1781169060,382.70490059,382.73289842,372.96582061,372.96582061,
2026-06-11 09:12:00,1781169120,372.96582061,375.28649156,369.76942964,373.8991007,
2026-06-11 09:13:00,1781169180,373.8991007,379.45629092,368.27249211,368.9934476,
2026-06-11 09:14:00,1781169240,368.9934476,381.58947048,365.88665282,380.59954822,
2026-06-11 09:15:00,1781169300,380.59954822,380.67749602,365.80882557,367.78306988,
2026-06-11 09:16:00,1781169360,367.78306988,368.4003868,356.41296684,362.56117112,
2026-06-11 09:17:00,1781169420,362.56117112,362.76844057,356.21661463,361.80499335,
2026-06-11 09:18:00,1781169480,361.80499335,374.29020309,361.79397226,373.96203299,
2026-06-11 09:19:00,1781169540,373.96203299,380.5622948,372.46678905,373.35852361,
2026-06-11 09:20:00,1781169600,373.35852361,373.35852361,362.2809156,363.94128434,
2026-06-11 09:21:00,1781169660,363.94128434,364.58324317,359.77324051,360.05799852,
2026-06-11 09:22:00,1781169720,360.05799852,363.4049856,356.49931324,361.14908961,
2026-06-11 09:23:00,1781169780,361.14908961,364.43290356,357.07232047,362.27287313,
2026-06-11 09:24:00,1781169840,362.27287313,363.55574311,355.12032238,363.40545751,
2026-06-11 09:25:00,1781169900,363.40545751,368.17061989,358.23858079,364.95150765,
2026-06-11 09:26:00,1781169960,364.95150765,365.12363812,357.52267572,361.06966174,
2026-06-11 09:27:00,1781170020,361.06966174,363.77524427,358.18208223,362.11654699,
2026-06-11 09:28:00,1781170080,362.11654699,366.36307076,361.4069538,366.12468736,
2026-06-11 09:29:00,1781170140,366.12468736,366.12468736,360.69077142,364.09320997,
2026-06-11 09:30:00,1781170200,364.09320997,372.8749474,361.81367861,362.72502048,
2026-06-11 09:31:00,1781170260,362.72502048,392.02692511,362.1675448,389.1826392,
2026-06-11 09:32:00,1781170320,389.1826392,392.14539604,378.25106844,387.03887629,
2026-06-11 09:33:00,1781170380,387.03887629,389.84608454,381.32594008,387.84060949,
2026-06-11 09:34:00,1781170440,387.84060949,399.29333481,383.08139244,397.09819015,
2026-06-11 09:35:00,1781170500,397.09819015,405.94785693,387.33297526,387.57333339,
2026-06-11 09:36:00,1781170560,387.57333339,394.69879319,387.51053002,392.32430082,
2026-06-11 09:37:00,1781170620,392.32430082,392.32430082,387.52717017,389.86294408,
2026-06-11 09:38:00,1781170680,389.86294408,391.39409131,384.24672743,385.3129227,
2026-06-11 09:39:00,1781170740,385.3129227,391.41841485,383.77089625,383.81446746,
2026-06-11 09:40:00,1781170800,383.81446746,385.45005171,381.89973213,383.1828344,
2026-06-11 09:41:00,1781170860,383.1828344,383.21125236,375.6752862,376.31096747,
2026-06-11 09:42:00,1781170920,376.31096747,384.30104612,375.86279323,380.84276154,
2026-06-11 09:43:00,1781170980,380.84276154,381.30817587,375.39161143,375.73257859,
2026-06-11 09:44:00,1781171040,375.73257859,386.97173818,375.37951799,385.41027564,
2026-06-11 09:45:00,1781171100,385.41027564,385.49993915,378.14462863,384.35641058,
2026-06-11 09:46:00,1781171160,384.35641058,384.41497345,382.13277026,382.24052662,
2026-06-11 09:47:00,1781171220,382.24052662,382.71902659,375.54540781,376.95946133,
2026-06-11 09:48:00,1781171280,376.95946133,384.62493889,376.15214345,380.71584837,
2026-06-11 09:49:00,1781171340,380.71584837,384.70877796,376.95583526,383.51784694,
2026-06-11 09:50:00,1781171400,383.51784694,383.51784694,379.93461224,382.07941958,
2026-06-11 09:51:00,1781171460,382.07941958,398.7408746,381.89374668,395.41839545,
2026-06-11 09:52:00,1781171520,395.41839545,403.15663067,390.93753689,391.18308712,
2026-06-11 09:53:00,1781171580,391.18308712,391.23911057,385.40777532,390.18616727,
2026-06-11 09:54:00,1781171640,390.18616727,391.41040183,381.74311549,390.80826319,
2026-06-11 09:55:00,1781171700,390.80826319,395.48911738,385.44753385,385.76873533,
2026-06-11 09:56:00,1781171760,385.76873533,386.86892477,374.44932335,374.47749145,
2026-06-11 09:57:00,1781171820,374.47749145,374.47749145,368.57777905,369.60103583,
2026-06-11 09:58:00,1781171880,369.60103583,376.70619789,369.45006182,376.70619789,
2026-06-11 09:59:00,1781171940,376.70619789,383.92077223,373.15861271,377.69337888,
2026-06-11 10:00:00,1781172000,377.69337888,386.15560442,374.57560016,380.82761069,
2026-06-11 10:01:00,1781172060,380.82761069,388.72404295,373.17196982,377.83233476,
2026-06-11 10:02:00,1781172120,377.83233476,382.55922059,364.51588992,364.89302169,
2026-06-11 10:03:00,1781172180,364.89302169,367.12621665,360.22615766,362.39155905,
2026-06-11 10:04:00,1781172240,362.39155905,366.01549782,349.4479505,355.08636613,
2026-06-11 10:05:00,1781172300,355.08636613,361.51304174,351.93808474,360.64952545,
2026-06-11 10:06:00,1781172360,360.64952545,373.18615859,355.85947058,372.57395106,
2026-06-11 10:07:00,1781172420,372.57395106,387.03189193,372.57395106,383.79046755,
2026-06-11 10:08:00,1781172480,383.79046755,390.84297403,379.9020593,382.34680432,
2026-06-11 10:09:00,1781172540,382.34680432,382.49261277,369.35967784,377.79037566,
2026-06-11 10:10:00,1781172600,377.79037566,379.12282403,366.70468236,366.70468236,
2026-06-11 10:11:00,1781172660,366.70468236,375.39556507,364.81589537,375.00031107,
2026-06-11 10:12:00,1781172720,375.00031107,375.00386092,366.65631482,370.93646607,
2026-06-11 10:13:00,1781172780,370.93646607,382.1967012,367.39312321,377.95247982,
2026-06-11 10:14:00,1781172840,377.95247982,377.98292161,366.61579958,367.16819078,
2026-06-11 10:15:00,1781172900,367.16819078,374.43638223,366.89977915,370.88317398,
2026-06-11 10:16:00,1781172960,370.88317398,370.88317398,360.32887033,361.59441527,
2026-06-11 10:17:00,1781173020,361.59441527,361.81778773,335.71053714,342.34180476,
2026-06-11 10:18:00,1781173080,342.34180476,354.68560689,341.71696721,343.65559942,
2026-06-11 10:19:00,1781173140,343.65559942,347.81431091,333.75068605,344.74834096,
2026-06-11 10:20:00,1781173200,344.74834096,349.53181739,343.59702141,345.6998193,
2026-06-11 10:21:00,1781173260,345.6998193,354.21810281,345.32862513,351.76312486,
2026-06-11 10:22:00,1781173320,351.76312486,353.68561113,340.24422631,341.51510492,
2026-06-11 10:23:00,1781173380,341.51510492,350.4944356,341.47120083,349.47106489,
2026-06-11 10:24:00,1781173440,349.47106489,349.98945338,341.8862388,345.86113494,
2026-06-11 10:25:00,1781173500,345.86113494,350.08767518,344.84050105,349.55843439,
2026-06-11 10:26:00,1781173560,349.55843439,349.60492653,341.02600997,346.08399022,
2026-06-11 10:27:00,1781173620,346.08399022,348.2560668,342.98396675,347.25126023,
2026-06-11 10:28:00,1781173680,347.25126023,353.81499315,346.85882945,352.16187597,
2026-06-11 10:29:00,1781173740,352.16187597,359.49413721,350.84857789,352.82487093,
2026-06-11 10:30:00,1781173800,352.82487093,364.19467262,349.71259814,363.32818474,
2026-06-11 10:31:00,1781173860,363.32818474,375.89320022,363.32626323,368.66847228,
2026-06-11 10:32:00,1781173920,368.66847228,368.66847228,363.56103382,365.80411326,
2026-06-11 10:33:00,1781173980,365.80411326,365.80411326,356.20903592,357.22152113,
2026-06-11 10:34:00,1781174040,357.22152113,372.19629402,357.22152113,361.18547642,
2026-06-11 10:35:00,1781174100,361.18547642,369.07617565,358.84662984,369.07617565,
2026-06-11 10:36:00,1781174160,369.07617565,376.19300406,368.95479006,374.53407602,
2026-06-11 10:37:00,1781174220,374.53407602,376.71676489,368.58792293,373.39161771,
2026-06-11 10:38:00,1781174280,373.39161771,381.99653871,372.14997096,377.16734731,
2026-06-11 10:39:00,1781174340,377.16734731,377.37637999,361.369965,363.02923607,
2026-06-11 10:40:00,1781174400,363.02923607,369.37853376,362.44822994,364.61994794,
2026-06-11 10:41:00,1781174460,364.61994794,367.32386589,359.08833354,364.51137808,
2026-06-11 10:42:00,1781174520,364.51137808,369.66445556,360.47916128,368.29088264,
2026-06-11 10:43:00,1781174580,368.29088264,375.62313871,367.41401121,368.63983758,
2026-06-11 10:44:00,1781174640,368.63983758,376.21769034,364.82699191,368.95122303,
2026-06-11 10:45:00,1781174700,368.95122303,370.45608476,367.04069136,367.04069136,
2026-06-11 10:46:00,1781174760,367.04069136,377.66470688,364.49481186,374.48397636,
2026-06-11 10:47:00,1781174820,374.48397636,379.71113394,371.41275271,376.4907922,
2026-06-11 10:48:00,1781174880,376.4907922,376.91671476,373.31256922,374.43764551,
2026-06-11 10:49:00,1781174940,374.43764551,377.08990877,371.41146019,376.83881417,
2026-06-11 10:50:00,1781175000,376.83881417,379.90943478,372.02165478,377.36768166,
2026-06-11 10:51:00,1781175060,377.36768166,416.95065477,376.77822955,404.01154069,
2026-06-11 10:52:00,1781175120,404.01154069,404.01154069,384.77494738,395.61119128,
2026-06-11 10:53:00,1781175180,395.61119128,399.84219643,388.20347664,395.95229777,
2026-06-11 10:54:00,1781175240,395.95229777,416.77522959,392.85774124,414.03183119,
2026-06-11 10:55:00,1781175300,414.03183119,441.57417925,401.28499514,439.26315026,
2026-06-11 10:56:00,1781175360,439.26315026,440.21986919,401.93967447,405.10228302,
2026-06-11 10:57:00,1781175420,405.10228302,429.77146421,404.03001024,424.44403522,
2026-06-11 10:58:00,1781175480,424.44403522,440.93012204,421.57962609,430.32193747,
2026-06-11 10:59:00,1781175540,430.32193747,455.6662538,426.45777953,433.22990787,
2026-06-11 11:00:00,1781175600,433.22990787,434.30379938,407.94083372,408.27793591,
2026-06-11 11:01:00,1781175660,408.27793591,437.55943466,408.27793591,437.43547431,
2026-06-11 11:02:00,1781175720,437.43547431,447.30125721,433.64042339,443.35498767,
2026-06-11 11:03:00,1781175780,443.35498767,456.80533591,443.35498767,444.97343617,
2026-06-11 11:04:00,1781175840,444.97343617,454.24029786,444.85614586,448.53712999,
2026-06-11 11:05:00,1781175900,448.53712999,453.33673574,434.84002668,442.57055,
2026-06-11 11:06:00,1781175960,442.57055,442.57055,431.63797265,434.82065499,
2026-06-11 11:07:00,1781176020,434.82065499,439.29769187,422.22652696,423.83924259,
2026-06-11 11:08:00,1781176080,423.83924259,427.67026744,398.06329168,427.46520309,
2026-06-11 11:09:00,1781176140,427.46520309,431.06402323,422.38405555,430.77593325,
2026-06-11 11:10:00,1781176200,430.77593325,441.8480954,430.77593325,440.58032264,
2026-06-11 11:11:00,1781176260,440.58032264,454.20326614,440.02635467,452.34923289,
2026-06-11 11:12:00,1781176320,452.34923289,453.74438439,435.25222473,446.15580716,
2026-06-11 11:13:00,1781176380,446.15580716,448.15402823,440.31174136,446.97356171,
2026-06-11 11:14:00,1781176440,446.97356171,450.30245676,446.35484518,447.96742142,
2026-06-11 11:15:00,1781176500,447.96742142,447.96742142,432.95356955,441.75491305,
2026-06-11 11:16:00,1781176560,441.75491305,445.53875214,441.64995444,445.12250369,
2026-06-11 11:17:00,1781176620,445.12250369,462.1049538,445.12044396,456.63007769,
2026-06-11 11:18:00,1781176680,456.63007769,456.63007769,429.16908203,435.62732364,
2026-06-11 11:19:00,1781176740,435.62732364,436.68962474,419.88144044,426.14196743,
2026-06-11 11:20:00,1781176800,426.14196743,427.73762088,421.26692433,426.47310327,
2026-06-11 11:21:00,1781176860,426.47310327,432.56062624,419.18859576,432.02165111,
2026-06-11 11:22:00,1781176920,432.02165111,440.37230918,431.47332066,437.65613268,
2026-06-11 11:23:00,1781176980,437.65613268,439.07672146,436.55447939,436.98747455,
2026-06-11 11:24:00,1781177040,436.98747455,442.99338356,434.60578847,440.445777,
2026-06-11 11:25:00,1781177100,440.445777,440.95701128,426.69895131,430.75899275,
2026-06-11 11:26:00,1781177160,430.75899275,431.46411166,421.48605168,421.55233111,
2026-06-11 11:27:00,1781177220,421.55233111,432.4947077,420.22356886,430.30710136,
2026-06-11 11:28:00,1781177280,430.30710136,445.10900855,427.86136446,444.86558244,
2026-06-11 11:29:00,1781177340,444.86558244,454.48464743,437.04734425,439.25692352,
2026-06-11 11:30:00,1781177400,439.25692352,461.36798052,438.30406923,453.56662621,
2026-06-11 11:31:00,1781177460,453.56662621,471.52741892,446.17632859,469.73277605,
2026-06-11 11:32:00,1781177520,469.73277605,476.93585145,455.65488482,456.28017384,
2026-06-11 11:33:00,1781177580,456.28017384,461.35107636,447.92612848,457.74869208,
2026-06-11 11:34:00,1781177640,457.74869208,457.74869208,441.09271267,447.20179111,
2026-06-11 11:35:00,1781177700,447.20179111,451.96432635,437.84052096,439.53374108,
2026-06-11 11:36:00,1781177760,439.53374108,439.56593055,428.64517402,428.64517402,
2026-06-11 11:37:00,1781177820,428.64517402,435.63919648,418.37319979,420.00497638,
2026-06-11 11:38:00,1781177880,420.00497638,426.41916959,410.41333591,414.60614026,
2026-06-11 11:39:00,1781177940,414.60614026,433.0715609,412.04579164,429.24076876,
2026-06-11 11:40:00,1781178000,429.24076876,432.07380952,421.30978322,422.99055646,
2026-06-11 11:41:00,1781178060,422.99055646,433.44377455,419.25694412,425.60906883,
2026-06-11 11:42:00,1781178120,425.60906883,426.47967667,418.8671707,426.23314687,
2026-06-11 11:43:00,1781178180,426.23314687,427.85599265,420.97285106,425.80377025,
2026-06-11 11:44:00,1781178240,425.80377025,426.23384002,413.45999729,420.62011472,
2026-06-11 11:45:00,1781178300,420.62011472,420.62011472,409.5271507,412.69811801,
2026-06-11 11:46:00,1781178360,412.69811801,416.35524867,412.63006216,415.02238954,
2026-06-11 11:47:00,1781178420,415.02238954,417.76698237,409.36959744,409.36959744,
2026-06-11 11:48:00,1781178480,409.36959744,411.66935726,405.31465743,408.55698497,
2026-06-11 11:49:00,1781178540,408.55698497,420.04867534,402.32142325,420.04867534,
2026-06-11 11:50:00,1781178600,420.04867534,423.5865105,415.56674756,420.52380791,
2026-06-11 11:51:00,1781178660,420.52380791,457.54811826,416.80999211,446.2179764,
2026-06-11 11:52:00,1781178720,446.2179764,450.95890755,428.58661593,433.82907989,
2026-06-11 11:53:00,1781178780,433.82907989,439.32579743,430.07132287,435.04066491,
2026-06-11 11:54:00,1781178840,435.04066491,435.30683519,428.63843829,434.5931255,
2026-06-11 11:55:00,1781178900,434.5931255,434.5931255,418.97897096,420.59244717,
2026-06-11 11:56:00,1781178960,420.59244717,420.59244717,408.85774324,415.66401201,
2026-06-11 11:57:00,1781179020,415.66401201,420.28148015,410.28979433,411.65875629,
2026-06-11 11:58:00,1781179080,411.65875629,414.63463365,409.6341497,411.75003067,
2026-06-11 11:59:00,1781179140,411.75003067,413.90544338,406.46884966,408.32860844,
2026-06-11 12:00:00,1781179200,408.32860844,411.2796933,388.07754878,391.22835361,
2026-06-11 12:01:00,1781179260,391.22835361,401.08675466,391.22835361,392.53695787,
2026-06-11 12:02:00,1781179320,392.53695787,395.36741241,387.53830932,393.23938368,
2026-06-11 12:03:00,1781179380,393.23938368,393.84084009,379.1677428,380.75163759,
2026-06-11 12:04:00,1781179440,380.75163759,397.70857177,376.77201878,396.70693005,
2026-06-11 12:05:00,1781179500,396.70693005,406.58435582,395.66379318,399.68144669,
2026-06-11 12:06:00,1781179560,399.68144669,412.20613984,393.28809093,395.2040484,
2026-06-11 12:07:00,1781179620,395.2040484,395.2040484,378.34528497,385.35756941,
2026-06-11 12:08:00,1781179680,385.35756941,390.3365906,379.28733851,387.63910447,
2026-06-11 12:09:00,1781179740,387.63910447,390.8651297,376.12386017,379.18966052,
2026-06-11 12:10:00,1781179800,379.18966052,409.22509716,377.41336382,408.2691551,
2026-06-11 12:11:00,1781179860,408.2691551,425.74078483,399.86952961,425.74078483,
2026-06-11 12:12:00,1781179920,425.74078483,436.10066595,420.39562084,435.73762732,
2026-06-11 12:13:00,1781179980,435.73762732,437.16980956,410.7583801,410.7583801,
2026-06-11 12:14:00,1781180040,410.7583801,427.3081617,402.06495849,424.66591601,
2026-06-11 12:15:00,1781180100,424.66591601,430.5273787,411.86528816,418.33847021,
2026-06-11 12:16:00,1781180160,418.33847021,425.60772687,415.26799984,421.2162543,
2026-06-11 12:17:00,1781180220,421.2162543,426.80182551,410.31418369,410.41109157,
2026-06-11 12:18:00,1781180280,410.41109157,434.36958689,409.11608514,425.98400881,
2026-06-11 12:19:00,1781180340,425.98400881,426.86304853,408.6472304,408.74571992,
2026-06-11 12:20:00,1781180400,408.74571992,408.74571992,364.47221738,365.00946193,
2026-06-11 12:21:00,1781180460,365.00946193,369.58921301,341.09931441,346.82043391,
2026-06-11 12:22:00,1781180520,346.82043391,349.03896047,294.50667289,299.24634221,
2026-06-11 12:23:00,1781180580,299.24634221,315.16510136,288.43379833,311.24699536,
2026-06-11 12:24:00,1781180640,311.24699536,327.98878695,292.11308754,300.54384703,
2026-06-11 12:25:00,1781180700,300.54384703,315.19614881,298.59601928,304.06643033,
2026-06-11 12:26:00,1781180760,304.06643033,320.05540641,302.69373114,318.58420841,
2026-06-11 12:27:00,1781180820,318.58420841,319.42686014,295.6281984,305.3935017,
2026-06-11 12:28:00,1781180880,305.3935017,312.35752645,284.49282832,287.74698006,
2026-06-11 12:29:00,1781180940,287.74698006,297.0130377,286.25008665,287.07610379,
2026-06-11 12:30:00,1781181000,287.07610379,317.4743639,246.48465673,277.22021177,
2026-06-11 12:31:00,1781181060,277.22021177,295.83117426,264.4345865,280.17615618,
2026-06-11 12:32:00,1781181120,280.17615618,283.49803236,264.8316339,280.4018275,
2026-06-11 12:33:00,1781181180,280.4018275,284.92699386,263.51290154,269.5097677,
2026-06-11 12:34:00,1781181240,269.5097677,314.84528567,263.66271659,306.63842148,
2026-06-11 12:35:00,1781181300,306.63842148,321.54172516,302.02669494,308.82037614,
2026-06-11 12:36:00,1781181360,308.82037614,329.31858726,308.82037614,321.09430086,
2026-06-11 12:37:00,1781181420,321.09430086,325.58352588,306.41963906,307.02771721,
2026-06-11 12:38:00,1781181480,307.02771721,339.91702374,307.02771721,317.83580081,
2026-06-11 12:39:00,1781181540,317.83580081,334.29387909,313.79807108,313.91423437,
2026-06-11 12:40:00,1781181600,313.91423437,321.3196192,308.48524093,317.67019791,
2026-06-11 12:41:00,1781181660,317.67019791,333.44882482,311.01829647,330.21945523,
2026-06-11 12:42:00,1781181720,330.21945523,334.37800007,320.872728,330.96368688,
2026-06-11 12:43:00,1781181780,330.96368688,333.75064911,311.81900116,311.81900116,
2026-06-11 12:44:00,1781181840,311.81900116,354.83032254,305.05612057,346.24429904,
2026-06-11 12:45:00,1781181900,346.24429904,353.22819,329.07922851,350.05265719,
2026-06-11 12:46:00,1781181960,350.05265719,360.36213606,343.45510554,357.87232394,
2026-06-11 12:47:00,1781182020,357.87232394,368.35931013,340.13533872,346.24918416,
2026-06-11 12:48:00,1781182080,346.24918416,352.2463597,335.50437912,336.06017064,
2026-06-11 12:49:00,1781182140,336.06017064,360.93583383,331.00174027,360.81058954,
2026-06-11 12:50:00,1781182200,360.81058954,363.76904484,335.6916111,340.34640221,
2026-06-11 12:51:00,1781182260,340.34640221,364.02822083,339.68183863,362.97993835,
2026-06-11 12:52:00,1781182320,362.97993835,383.43302854,362.24550331,372.2973233,
2026-06-11 12:53:00,1781182380,372.2973233,381.39065746,352.65262528,357.25108339,
2026-06-11 12:54:00,1781182440,357.25108339,361.39419336,351.97672567,356.10736167,
2026-06-11 12:55:00,1781182500,356.10736167,382.46129618,354.69021691,377.29723595,
2026-06-11 12:56:00,1781182560,377.29723595,379.94829411,368.31284977,372.33127325,
2026-06-11 12:57:00,1781182620,372.33127325,379.07394174,362.26749749,365.75207745,
2026-06-11 12:58:00,1781182680,365.75207745,380.42846556,358.14079575,376.22263561,
2026-06-11 12:59:00,1781182740,376.22263561,378.68175188,369.57424575,370.45892504,
2026-06-11 13:00:00,1781182800,370.45892504,371.53628686,349.42189102,351.31435555,
2026-06-11 13:01:00,1781182860,351.31435555,361.31801223,346.61430148,346.75942122,
2026-06-11 13:02:00,1781182920,346.75942122,351.5725868,337.86017678,345.28096841,
2026-06-11 13:03:00,1781182980,345.28096841,346.30262392,336.69505936,343.20341362,
2026-06-11 13:04:00,1781183040,343.20341362,358.69355935,340.70213453,349.28345189,
2026-06-11 13:05:00,1781183100,349.28345189,349.37027266,335.42048348,343.42778928,
2026-06-11 13:06:00,1781183160,343.42778928,350.13538382,336.21035901,344.86627719,
2026-06-11 13:07:00,1781183220,344.86627719,350.05972165,339.39338297,344.34082344,
2026-06-11 13:08:00,1781183280,344.34082344,347.02922658,340.0421807,343.09190792,
2026-06-11 13:09:00,1781183340,343.09190792,344.2526007,335.84016904,338.07971203,
2026-06-11 13:10:00,1781183400,338.07971203,344.99140715,337.99139704,343.05581576,
2026-06-11 13:11:00,1781183460,343.05581576,350.67303134,326.14852984,331.98192879,
2026-06-11 13:12:00,1781183520,331.98192879,344.79385906,331.98192879,339.90623086,
2026-06-11 13:13:00,1781183580,339.90623086,347.31834069,338.54774341,340.45753724,
2026-06-11 13:14:00,1781183640,340.45753724,348.60063714,339.9067178,342.43207107,
2026-06-11 13:15:00,1781183700,342.43207107,349.41159343,341.23006897,347.95015072,
2026-06-11 13:16:00,1781183760,347.95015072,359.01997245,347.94623926,357.98757962,
2026-06-11 13:17:00,1781183820,357.98757962,358.76979054,350.53413286,352.65401302,
2026-06-11 13:18:00,1781183880,352.65401302,363.42499677,351.37612713,363.42499677,
2026-06-11 13:19:00,1781183940,363.42499677,371.00841268,360.37247337,369.85237037,
2026-06-11 13:20:00,1781184000,369.85237037,384.25001033,369.85237037,372.14387463,
2026-06-11 13:21:00,1781184060,372.14387463,375.12571098,368.73630737,371.79189083,
2026-06-11 13:22:00,1781184120,371.79189083,371.79189083,342.90166762,345.72859021,
2026-06-11 13:23:00,1781184180,345.72859021,349.88581717,339.58609342,339.80076749,
2026-06-11 13:24:00,1781184240,339.80076749,342.43833631,317.59891478,319.66705257,
2026-06-11 13:25:00,1781184300,319.66705257,324.46126217,314.47980881,322.35551369,
2026-06-11 13:26:00,1781184360,322.35551369,323.07919015,315.05292309,321.78996422,
2026-06-11 13:27:00,1781184420,321.78996422,323.46025605,314.86787105,320.44493388,
2026-06-11 13:28:00,1781184480,320.44493388,324.62364446,315.23835471,324.52760793,
2026-06-11 13:29:00,1781184540,324.52760793,324.63581139,309.04232814,314.84324028,
2026-06-11 13:30:00,1781184600,314.84324028,314.9253958,301.46528571,312.44769968,
2026-06-11 13:31:00,1781184660,312.44769968,314.02841105,285.27575945,291.89539722,
2026-06-11 13:32:00,1781184720,291.89539722,294.01894793,275.72559676,287.89059661,
2026-06-11 13:33:00,1781184780,287.89059661,312.14494508,287.78798814,298.9614509,
2026-06-11 13:34:00,1781184840,298.9614509,305.15081676,285.6331886,298.32273755,
2026-06-11 13:35:00,1781184900,298.32273755,326.43836845,289.42490799,325.08553619,
2026-06-11 13:36:00,1781184960,325.08553619,345.2644796,318.88331394,318.93874602,
2026-06-11 13:37:00,1781185020,318.93874602,336.42506766,314.11328647,331.75245205,
2026-06-11 13:38:00,1781185080,331.75245205,334.12021025,300.06805326,303.45755635,
2026-06-11 13:39:00,1781185140,303.45755635,331.03327317,303.45755635,316.80427613,
2026-06-11 13:40:00,1781185200,316.80427613,319.27163671,293.07504418,316.15589396,
2026-06-11 13:41:00,1781185260,316.15589396,319.5746121,283.16701659,292.81204823,
2026-06-11 13:42:00,1781185320,292.81204823,307.90531656,283.5788391,300.29886277,
2026-06-11 13:43:00,1781185380,300.29886277,331.51637789,300.29886277,327.55870986,
2026-06-11 13:44:00,1781185440,327.55870986,351.0621102,326.73529168,349.86538534,
2026-06-11 13:45:00,1781185500,349.86538534,398.71141708,342.36784035,377.1629904,
2026-06-11 13:46:00,1781185560,377.1629904,382.20063922,359.31178752,376.18141351,
2026-06-11 13:47:00,1781185620,376.18141351,388.47234166,361.26507847,377.64499066,
2026-06-11 13:48:00,1781185680,377.64499066,381.26568695,368.12325108,377.11362339,
2026-06-11 13:49:00,1781185740,377.11362339,384.88626551,368.7577583,369.16098302,
2026-06-11 13:50:00,1781185800,369.16098302,412.38234316,367.82092905,408.46368054,
2026-06-11 13:51:00,1781185860,408.46368054,408.46368054,377.88192625,389.76254993,
2026-06-11 13:52:00,1781185920,389.76254993,410.54182882,379.75108786,391.06321144,
2026-06-11 13:53:00,1781185980,391.06321144,436.21603212,375.54008294,433.06720856,
2026-06-11 13:54:00,1781186040,433.06720856,435.51045315,405.58653551,411.33021879,
2026-06-11 13:55:00,1781186100,411.33021879,411.39743894,392.29262636,398.20513444,
2026-06-11 13:56:00,1781186160,398.20513444,398.99379307,366.8668983,366.8668983,
2026-06-11 13:57:00,1781186220,366.8668983,371.85008175,350.21422103,351.95773102,
2026-06-11 13:58:00,1781186280,351.95773102,370.93329495,351.95577091,363.97248601,
2026-06-11 13:59:00,1781186340,363.97248601,381.52008636,363.97248601,378.87543303,
2026-06-11 14:00:00,1781186400,378.87543303,383.73940728,365.84125798,372.15077774,
2026-06-11 14:01:00,1781186460,372.15077774,376.35133554,353.22037651,370.21057242,
2026-06-11 14:02:00,1781186520,370.21057242,375.76578145,358.42658386,365.63131102,
2026-06-11 14:03:00,1781186580,365.63131102,375.9217032,354.80110161,356.14397393,
2026-06-11 14:04:00,1781186640,356.14397393,382.35952009,349.80124239,381.27191806,
2026-06-11 14:05:00,1781186700,381.27191806,381.88360788,335.34227215,337.74810697,
2026-06-11 14:06:00,1781186760,337.74810697,350.21434209,328.36598655,328.75577017,
2026-06-11 14:07:00,1781186820,328.75577017,354.25822246,328.54847639,352.78308568,
2026-06-11 14:08:00,1781186880,352.78308568,352.78308568,339.6333771,351.97920316,
2026-06-11 14:09:00,1781186940,351.97920316,353.51165779,322.8944008,332.38122096,
2026-06-11 14:10:00,1781187000,332.38122096,339.85839346,306.76273574,306.76273574,
2026-06-11 14:11:00,1781187060,306.76273574,314.98198669,288.18314607,314.4976384,
2026-06-11 14:12:00,1781187120,314.4976384,319.84464467,293.83100561,298.62495957,
2026-06-11 14:13:00,1781187180,298.62495957,308.24998276,290.42442148,307.15426785,
2026-06-11 14:14:00,1781187240,307.15426785,309.96344294,293.32722799,295.70937869,
2026-06-11 14:15:00,1781187300,295.70937869,318.57565899,292.29829394,307.74728226,
2026-06-11 14:16:00,1781187360,307.74728226,310.50536855,278.30476165,279.49726873,
2026-06-11 14:17:00,1781187420,279.49726873,304.28330857,279.21508233,298.1340731,
2026-06-11 14:18:00,1781187480,298.1340731,299.60452908,280.13999818,280.60003587,
2026-06-11 14:19:00,1781187540,280.60003587,301.33455996,277.2383395,294.25650239,
2026-06-11 14:20:00,1781187600,294.25650239,312.99394952,289.18626451,312.28708752,
2026-06-11 14:21:00,1781187660,312.28708752,319.7376332,303.09727068,319.7376332,
2026-06-11 14:22:00,1781187720,319.7376332,327.20653126,297.463709,319.69851015,
2026-06-11 14:23:00,1781187780,319.69851015,342.51708783,319.41484752,329.26290603,
2026-06-11 14:24:00,1781187840,329.26290603,348.21388916,320.59582908,334.63863709,
2026-06-11 14:25:00,1781187900,334.63863709,343.1900903,329.62554578,336.03319508,
2026-06-11 14:26:00,1781187960,336.03319508,336.23630627,311.82131883,313.97779511,
2026-06-11 14:27:00,1781188020,313.97779511,333.00567964,313.97590021,324.75556299,
2026-06-11 14:28:00,1781188080,324.75556299,338.47821163,319.73239636,337.07618864,
2026-06-11 14:29:00,1781188140,337.07618864,354.25054439,331.40579069,351.66040083,
2026-06-11 14:30:00,1781188200,351.66040083,361.21509869,320.34893458,322.14715864,
2026-06-11 14:31:00,1781188260,322.14715864,335.14761396,316.94639769,330.40856978,
2026-06-11 14:32:00,1781188320,330.40856978,341.02285021,321.93611996,327.51774301,
2026-06-11 14:33:00,1781188380,327.51774301,333.69733217,316.49180036,318.87283178,
2026-06-11 14:34:00,1781188440,318.87283178,324.95181937,306.72173117,323.37976346,
2026-06-11 14:35:00,1781188500,323.37976346,336.8967811,317.04448375,334.08794171,
2026-06-11 14:36:00,1781188560,334.08794171,363.20252594,326.47775923,362.64031567,
2026-06-11 14:37:00,1781188620,362.64031567,365.26534352,324.55661795,324.60320063,
2026-06-11 14:38:00,1781188680,324.60320063,341.12082606,324.60320063,331.81508792,
2026-06-11 14:39:00,1781188740,331.81508792,333.06652569,316.10731473,319.49122636,
2026-06-11 14:40:00,1781188800,319.49122636,322.69097834,309.77868756,322.21261027,
2026-06-11 14:41:00,1781188860,322.21261027,330.84490887,311.39334029,314.55852319,
2026-06-11 14:42:00,1781188920,314.55852319,324.70057467,306.8359545,313.39355855,
2026-06-11 14:43:00,1781188980,313.39355855,317.01583648,298.30507526,307.16579396,
2026-06-11 14:44:00,1781189040,307.16579396,315.29499558,298.81833552,300.2733383,
2026-06-11 14:45:00,1781189100,300.2733383,313.10972664,298.63353568,309.35244678,
2026-06-11 14:46:00,1781189160,309.35244678,320.34302171,300.12376759,305.43954906,
2026-06-11 14:47:00,1781189220,305.43954906,316.71419929,304.5718083,307.40999567,
2026-06-11 14:48:00,1781189280,307.40999567,328.20541537,306.57316441,318.48547246,
2026-06-11 14:49:00,1781189340,318.48547246,323.18530973,307.82157111,310.03941824,
2026-06-11 14:50:00,1781189400,310.03941824,324.56016652,300.28462138,321.2703469,
2026-06-11 14:51:00,1781189460,321.2703469,341.87006495,314.04874035,330.15975722,
2026-06-11 14:52:00,1781189520,330.15975722,331.4750574,312.39535146,319.43670452,
2026-06-11 14:53:00,1781189580,319.43670452,335.21948697,315.0480499,317.37258544,
2026-06-11 14:54:00,1781189640,317.37258544,326.0775194,309.91161613,316.75504016,
2026-06-11 14:55:00,1781189700,316.75504016,317.26410955,302.33874244,303.15370349,
2026-06-11 14:56:00,1781189760,303.15370349,303.96332656,274.28768513,283.03329499,
2026-06-11 14:57:00,1781189820,283.03329499,295.07256516,273.67490228,293.99119353,
2026-06-11 14:58:00,1781189880,293.99119353,299.19382484,267.70600061,269.74905087,
2026-06-11 14:59:00,1781189940,269.74905087,272.54000881,263.55466851,264.27314211,
2026-06-11 15:00:00,1781190000,264.27314211,273.85817161,254.02091717,254.18841534,
2026-06-11 15:01:00,1781190060,254.18841534,254.21085855,219.88258938,227.87616799,
2026-06-11 15:02:00,1781190120,227.87616799,249.7215746,224.38423264,237.57521418,
2026-06-11 15:03:00,1781190180,237.57521418,263.9019079,236.93128859,255.710742,
2026-06-11 15:04:00,1781190240,255.710742,265.99015407,251.47818757,261.49258983,
2026-06-11 15:05:00,1781190300,261.49258983,262.10669229,241.54367638,244.77948183,
2026-06-11 15:06:00,1781190360,244.77948183,260.97363408,241.86598399,252.93070004,
2026-06-11 15:07:00,1781190420,252.93070004,291.61649739,248.07631422,289.19223332,
2026-06-11 15:08:00,1781190480,289.19223332,296.36799998,271.44130821,283.33513109,
2026-06-11 15:09:00,1781190540,283.33513109,288.11635445,268.20620714,270.86834174,
2026-06-11 15:10:00,1781190600,270.86834174,270.94251001,257.10243634,262.72058869,
2026-06-11 15:11:00,1781190660,262.72058869,270.58359758,259.77667742,267.16118907,
2026-06-11 15:12:00,1781190720,267.16118907,296.62057538,264.42833776,283.15281565,
2026-06-11 15:13:00,1781190780,283.15281565,285.5759788,270.00417514,271.34840169,
2026-06-11 15:14:00,1781190840,271.34840169,271.45011972,252.67096979,253.49442925,
2026-06-11 15:15:00,1781190900,253.49442925,268.26670162,248.4838522,267.57449834,
2026-06-11 15:16:00,1781190960,267.57449834,272.2901605,250.32654154,251.35178651,
2026-06-11 15:17:00,1781191020,251.35178651,258.75975617,247.43751428,248.66848088,
2026-06-11 15:18:00,1781191080,248.66848088,252.27853266,235.29798148,237.13761376,
2026-06-11 15:19:00,1781191140,237.13761376,248.42890407,235.93527452,245.91580844,
2026-06-11 15:20:00,1781191200,245.91580844,275.24825324,243.95193033,271.67650176,
2026-06-11 15:21:00,1781191260,271.67650176,281.56022878,269.03485176,273.0076622,
2026-06-11 15:22:00,1781191320,273.0076622,273.0076622,261.10169818,265.52789962,
2026-06-11 15:23:00,1781191380,265.52789962,282.46557361,262.78297825,279.53961376,
2026-06-11 15:24:00,1781191440,279.53961376,282.32923169,273.16571555,273.16571555,
2026-06-11 15:25:00,1781191500,273.16571555,273.57566841,259.82416367,268.57781655,
2026-06-11 15:26:00,1781191560,268.57781655,269.47713269,259.69178061,269.37003882,
2026-06-11 15:27:00,1781191620,269.37003882,273.21395456,258.23171307,264.91043493,
2026-06-11 15:28:00,1781191680,264.91043493,267.02020401,254.31619244,259.46482819,
2026-06-11 15:29:00,1781191740,259.46482819,262.44634206,252.73665289,257.64188122,
2026-06-11 15:30:00,1781191800,257.64188122,263.61387864,245.63995957,247.26841216,
2026-06-11 15:31:00,1781191860,247.26841216,248.33368386,237.31755178,247.49281248,
2026-06-11 15:32:00,1781191920,247.49281248,257.39505616,246.26288376,257.29436036,
2026-06-11 15:33:00,1781191980,257.29436036,257.39253561,244.70058803,256.44036091,
2026-06-11 15:34:00,1781192040,256.44036091,269.47528446,256.44036091,264.22499585,
2026-06-11 15:35:00,1781192100,264.22499585,287.12774192,261.58695061,278.64948894,
2026-06-11 15:36:00,1781192160,278.64948894,285.86608359,265.74061266,283.476199,
2026-06-11 15:37:00,1781192220,283.476199,292.89094485,281.98982695,290.62290747,
2026-06-11 15:38:00,1781192280,290.62290747,291.98288798,276.56132416,290.97884613,
2026-06-11 15:39:00,1781192340,290.97884613,296.49888253,280.97214658,281.85060412,
2026-06-11 15:40:00,1781192400,281.85060412,293.71868245,279.22058883,291.55207118,
2026-06-11 15:41:00,1781192460,291.55207118,291.55207118,274.9430073,275.07596485,
2026-06-11 15:42:00,1781192520,275.07596485,278.03008403,265.09757242,270.03664413,
2026-06-11 15:43:00,1781192580,270.03664413,274.27881354,249.23539011,250.10154819,
2026-06-11 15:44:00,1781192640,250.10154819,255.44162694,240.57445134,241.27318336,
2026-06-11 15:45:00,1781192700,241.27318336,246.29323198,223.26267803,226.59948793,
2026-06-11 15:46:00,1781192760,226.59948793,244.05098,226.59948793,242.96670291,
2026-06-11 15:47:00,1781192820,242.96670291,251.66084227,241.652417,247.54708306,
2026-06-11 15:48:00,1781192880,247.54708306,247.73805889,224.2838987,232.23465618,
2026-06-11 15:49:00,1781192940,232.23465618,237.52539637,223.95170766,226.07366786,
2026-06-11 15:50:00,1781193000,226.07366786,229.93287302,221.85940288,224.3334943,
2026-06-11 15:51:00,1781193060,224.3334943,232.36744386,223.07292951,227.95607499,
2026-06-11 15:52:00,1781193120,227.95607499,231.04896912,214.89226776,219.78578693,
2026-06-11 15:53:00,1781193180,219.78578693,221.75186784,212.18360394,218.00422507,
2026-06-11 15:54:00,1781193240,218.00422507,228.9930519,217.95875251,228.41852003,
2026-06-11 15:55:00,1781193300,228.41852003,235.1865167,216.00569444,233.51526029,
2026-06-11 15:56:00,1781193360,233.51526029,239.20365997,227.79850711,239.20365997,
2026-06-11 15:57:00,1781193420,239.20365997,245.65735563,235.4819943,243.36430182,
2026-06-11 15:58:00,1781193480,243.36430182,248.0804392,240.71522395,248.00614186,
2026-06-11 15:59:00,1781193540,248.00614186,254.02940341,243.98548076,253.90443722,
2026-06-11 16:00:00,1781193600,253.90443722,264.53354093,252.84314464,262.21657618,
2026-06-11 16:01:00,1781193660,262.21657618,270.08539334,252.81314088,254.24786538,
2026-06-11 16:02:00,1781193720,254.24786538,254.24786538,247.0819403,251.26860842,
2026-06-11 16:03:00,1781193780,251.26860842,254.50351787,240.33737211,240.6066664,
2026-06-11 16:04:00,1781193840,240.6066664,241.0538199,232.41086547,236.29543911,
2026-06-11 16:05:00,1781193900,236.29543911,246.50041726,232.65677231,245.56949298,
2026-06-11 16:06:00,1781193960,245.56949298,265.20087051,245.42139158,262.51716043,
2026-06-11 16:07:00,1781194020,262.51716043,271.74763245,259.2020721,270.66641791,
2026-06-11 16:08:00,1781194080,270.66641791,270.69058314,259.40092098,267.37492227,
2026-06-11 16:09:00,1781194140,267.37492227,267.37492227,244.26013429,245.85093962,
2026-06-11 16:10:00,1781194200,245.85093962,257.09441132,241.1497844,243.38373746,
2026-06-11 16:11:00,1781194260,243.38373746,250.33805357,241.80367463,247.11588648,
2026-06-11 16:12:00,1781194320,247.11588648,252.45232143,243.21329808,250.42190026,
2026-06-11 16:13:00,1781194380,250.42190026,252.83187061,247.00714776,249.39649389,
2026-06-11 16:14:00,1781194440,249.39649389,263.27096968,248.24053484,262.78892421,
2026-06-11 16:15:00,1781194500,262.78892421,267.83473567,253.99883795,257.72067722,
2026-06-11 16:16:00,1781194560,257.72067722,262.41746038,254.53039459,260.41696398,
2026-06-11 16:17:00,1781194620,260.41696398,261.39791331,248.18270392,259.76444728,
2026-06-11 16:18:00,1781194680,259.76444728,260.718031,252.70652694,258.19029799,
2026-06-11 16:19:00,1781194740,258.19029799,259.31468582,252.72743846,257.77918878,
2026-06-11 16:20:00,1781194800,257.77918878,259.39875574,245.23955235,245.68533642,
2026-06-11 16:21:00,1781194860,245.68533642,254.89761795,223.78936822,228.73003121,
2026-06-11 16:22:00,1781194920,228.73003121,235.13396073,219.24818759,220.3251566,
2026-06-11 16:23:00,1781194980,220.3251566,225.24553885,214.34925134,215.66649871,
2026-06-11 16:24:00,1781195040,215.66649871,218.67102382,209.03493482,210.21167065,
2026-06-11 16:25:00,1781195100,210.21167065,213.23441855,200.67688709,203.48439963,
2026-06-11 16:26:00,1781195160,203.48439963,213.68410331,202.63379206,208.6521241,
2026-06-11 16:27:00,1781195220,208.6521241,213.52120725,208.33169917,210.78944068,
2026-06-11 16:28:00,1781195280,210.78944068,220.46244337,210.13090253,214.73099413,
2026-06-11 16:29:00,1781195340,214.73099413,220.12437369,212.56592128,214.25737183,
2026-06-11 16:30:00,1781195400,214.25737183,217.08165101,205.928339,209.71731175,
2026-06-11 16:31:00,1781195460,209.71731175,212.65104012,203.56241699,203.56241699,
2026-06-11 16:32:00,1781195520,203.56241699,210.82533575,195.71326651,210.6732457,
2026-06-11 16:33:00,1781195580,210.6732457,222.80325081,206.33639261,222.80325081,
2026-06-11 16:34:00,1781195640,222.80325081,243.04709545,221.73435172,228.31724373,
2026-06-11 16:35:00,1781195700,228.31724373,238.68881441,222.89009977,235.13507282,
2026-06-11 16:36:00,1781195760,235.13507282,251.73776952,232.60631282,251.73776952,
2026-06-11 16:37:00,1781195820,251.73776952,255.42093407,243.03060043,244.09568088,
2026-06-11 16:38:00,1781195880,244.09568088,247.95234196,233.6071932,241.55974597,
2026-06-11 16:39:00,1781195940,241.55974597,241.65454075,230.54701665,234.53928625,
2026-06-11 16:40:00,1781196000,234.53928625,238.87640322,224.32598631,226.23016201,
2026-06-11 16:41:00,1781196060,226.23016201,231.4094046,218.03229033,218.54577055,
2026-06-11 16:42:00,1781196120,218.54577055,223.1608055,212.96382731,221.76504377,
2026-06-11 16:43:00,1781196180,221.76504377,229.31824604,216.79845349,219.62484053,
2026-06-11 16:44:00,1781196240,219.62484053,221.21586848,212.07044101,216.81319516,
2026-06-11 16:45:00,1781196300,216.81319516,224.06921264,206.28541568,206.28541568,
2026-06-11 16:46:00,1781196360,206.28541568,214.91074298,206.2347236,210.11468602,
2026-06-11 16:47:00,1781196420,210.11468602,212.90193716,206.04373767,211.71213449,
2026-06-11 16:48:00,1781196480,211.71213449,220.76339144,211.71213449,219.00190506,
2026-06-11 16:49:00,1781196540,219.00190506,219.06792679,203.58269783,209.18861728,
2026-06-11 16:50:00,1781196600,209.18861728,211.00398216,197.69394279,210.28865811,
2026-06-11 16:51:00,1781196660,210.28865811,210.87807729,202.76368145,203.48267576,
2026-06-11 16:52:00,1781196720,203.48267576,207.41999181,197.2277831,202.34134972,
2026-06-11 16:53:00,1781196780,202.34134972,210.71689534,200.45427236,207.71499678,
2026-06-11 16:54:00,1781196840,207.71499678,215.57842156,204.0574143,204.3601883,
2026-06-11 16:55:00,1781196900,204.3601883,205.60554009,197.98546802,198.84648786,
2026-06-11 16:56:00,1781196960,198.84648786,205.29849089,196.50265146,199.12532298,
2026-06-11 16:57:00,1781197020,199.12532298,200.19395817,196.30454433,199.22407391,
2026-06-11 16:58:00,1781197080,199.22407391,202.4069797,197.44589961,197.44589961,
2026-06-11 16:59:00,1781197140,197.44589961,200.23729812,195.1533505,195.39483958,
2026-06-11 17:00:00,1781197200,195.39483958,196.04357222,189.9621399,193.84342066,
2026-06-11 17:01:00,1781197260,193.84342066,205.19894945,193.81588155,195.46257254,
2026-06-11 17:02:00,1781197320,195.46257254,199.17381032,188.07756384,188.07756384,
2026-06-11 17:03:00,1781197380,188.07756384,189.12732009,161.09180036,164.59417699,
2026-06-11 17:04:00,1781197440,164.59417699,165.59054697,157.80460338,165.29850465,
2026-06-11 17:05:00,1781197500,165.29850465,177.26995079,165.29850465,175.93190898,
2026-06-11 17:06:00,1781197560,175.93190898,181.29760504,173.73206108,178.17809713,
2026-06-11 17:07:00,1781197620,178.17809713,184.94214833,173.54747406,182.10787649,
2026-06-11 17:08:00,1781197680,182.10787649,183.29720212,176.69329613,177.92823027,
2026-06-11 17:09:00,1781197740,177.92823027,186.29628541,177.58003302,183.11965673,
2026-06-11 17:10:00,1781197800,183.11965673,194.65121493,179.81677173,190.08691484,
2026-06-11 17:11:00,1781197860,190.08691484,191.08688593,180.17617658,180.17617658,
2026-06-11 17:12:00,1781197920,180.17617658,186.70013632,169.2787921,169.53981883,
2026-06-11 17:13:00,1781197980,169.53981883,174.36897583,164.81777569,172.05610415,
2026-06-11 17:14:00,1781198040,172.05610415,175.08384935,170.20079553,170.56609783,
2026-06-11 17:15:00,1781198100,170.56609783,176.96793457,160.68080112,175.35898415,
2026-06-11 17:16:00,1781198160,175.35898415,179.92786104,174.58773026,179.13001865,
2026-06-11 17:17:00,1781198220,179.13001865,179.13001865,173.05329808,175.0325088,
2026-06-11 17:18:00,1781198280,175.0325088,175.0325088,160.61233966,162.002321,
2026-06-11 17:19:00,1781198340,162.002321,166.30001191,159.34630334,159.44561585,
2026-06-11 17:20:00,1781198400,159.44561585,165.15044559,154.34749056,164.0092234,
2026-06-11 17:21:00,1781198460,164.0092234,166.15796003,154.14207577,158.41708166,
2026-06-11 17:22:00,1781198520,158.41708166,163.81182266,153.07886545,156.3732275,
2026-06-11 17:23:00,1781198580,156.3732275,162.97186142,154.99461023,161.40781359,
2026-06-11 17:24:00,1781198640,161.40781359,165.59470955,153.98703201,164.12580286,
2026-06-11 17:25:00,1781198700,164.12580286,165.86218386,156.95009467,161.46717932,
2026-06-11 17:26:00,1781198760,161.46717932,163.42979323,153.08646209,153.25455406,
2026-06-11 17:27:00,1781198820,153.25455406,158.43680762,151.22762726,157.97561091,
2026-06-11 17:28:00,1781198880,157.97561091,235.76004797,156.95284899,212.291605,
2026-06-11 17:29:00,1781198940,212.291605,287.53676458,203.56655981,281.12972993,
2026-06-11 17:30:00,1781199000,281.12972993,334.87745517,281.12972993,306.81279935,
2026-06-11 17:31:00,1781199060,306.81279935,359.5817144,288.74653074,355.43220469,
2026-06-11 17:32:00,1781199120,355.43220469,439.39763844,351.87547129,439.3596956,
2026-06-11 17:33:00,1781199180,439.3596956,449.18502062,389.02181046,389.02181046,
2026-06-11 17:34:00,1781199240,389.02181046,395.15269481,351.56812965,376.60294143,
2026-06-11 17:35:00,1781199300,376.60294143,386.83025,333.20807031,370.71036561,
2026-06-11 17:36:00,1781199360,370.71036561,378.78065085,333.58289729,341.83743568,
2026-06-11 17:37:00,1781199420,341.83743568,365.5706299,334.04560657,356.19110877,
2026-06-11 17:38:00,1781199480,356.19110877,375.94329639,344.52070528,369.33624051,
2026-06-11 17:39:00,1781199540,369.33624051,377.50624548,352.63040206,366.87282577,
2026-06-11 17:40:00,1781199600,366.87282577,407.05244735,366.87282577,401.42136422,
2026-06-11 17:41:00,1781199660,401.42136422,424.48797273,390.3157957,420.49850677,
2026-06-11 17:42:00,1781199720,420.49850677,428.27695022,395.08584912,410.14995017,
2026-06-11 17:43:00,1781199780,410.14995017,420.19865825,393.84116516,400.4967318,
2026-06-11 17:44:00,1781199840,400.4967318,413.56601773,391.66732864,407.18532836,
2026-06-11 17:45:00,1781199900,407.18532836,457.5954351,407.18322204,457.51846984,
2026-06-11 17:46:00,1781199960,457.51846984,457.78572002,400.46997316,415.31789085,
2026-06-11 17:47:00,1781200020,415.31789085,468.52580549,414.34734676,455.86416347,
2026-06-11 17:48:00,1781200080,455.86416347,485.40449423,454.52324572,461.04445879,
2026-06-11 17:49:00,1781200140,461.04445879,520.11520157,432.25381205,508.67139515,
2026-06-11 17:50:00,1781200200,508.67139515,509.86805214,464.35459347,464.43206519,
2026-06-11 17:51:00,1781200260,464.43206519,497.42940856,450.05824901,483.16917116,
2026-06-11 17:52:00,1781200320,483.16917116,504.93072237,465.70926723,467.22845843,
2026-06-11 17:53:00,1781200380,467.22845843,473.47629495,445.02876384,453.24863572,
2026-06-11 17:54:00,1781200440,453.24863572,454.76839934,436.26938987,452.16008073,
2026-06-11 17:55:00,1781200500,452.16008073,462.73258187,442.57614828,449.45195314,
2026-06-11 17:56:00,1781200560,449.45195314,450.71198838,416.28798885,434.33467769,
2026-06-11 17:57:00,1781200620,434.33467769,457.70264602,422.98249014,452.81823949,
2026-06-11 17:58:00,1781200680,452.81823949,487.22675561,449.71515174,476.55927575,
2026-06-11 17:59:00,1781200740,476.55927575,523.05877832,463.6321873,518.33945737,
2026-06-11 18:00:00,1781200800,518.33945737,548.17660073,508.97075078,529.72614841,
2026-06-11 18:01:00,1781200860,529.72614841,565.85116762,526.30017657,563.3554243,
2026-06-11 18:02:00,1781200920,563.3554243,586.18688794,510.18135553,511.72624731,
2026-06-11 18:03:00,1781200980,511.72624731,553.9766493,490.19487848,500.69005833,
2026-06-11 18:04:00,1781201040,500.69005833,502.99476326,460.27639599,470.38351374,
2026-06-11 18:05:00,1781201100,470.38351374,474.96936015,432.73588861,433.37052458,
2026-06-11 18:06:00,1781201160,433.37052458,440.84935239,413.72790166,426.471491,
2026-06-11 18:07:00,1781201220,426.471491,436.16030702,415.46784317,427.49734612,
2026-06-11 18:08:00,1781201280,427.49734612,435.70890936,404.35941719,404.35941719,
2026-06-11 18:09:00,1781201340,404.35941719,415.9963226,394.01000991,412.61156456,
2026-06-11 18:10:00,1781201400,412.61156456,417.28828725,391.69098586,405.81197038,
2026-06-11 18:11:00,1781201460,405.81197038,437.09694975,394.10453144,430.308457,
2026-06-11 18:12:00,1781201520,430.308457,459.9908925,430.308457,440.10625741,
2026-06-11 18:13:00,1781201580,440.10625741,447.69310886,427.23356732,434.18975763,
2026-06-11 18:14:00,1781201640,434.18975763,450.37312048,432.9522469,446.98348036,
2026-06-11 18:15:00,1781201700,446.98348036,495.72862197,443.98739005,495.72862197,
2026-06-11 18:16:00,1781201760,495.72862197,504.82385768,480.7191578,499.21865445,
2026-06-11 18:17:00,1781201820,499.21865445,500.2454167,473.95916171,489.37903324,
2026-06-11 18:18:00,1781201880,489.37903324,494.66213341,460.32677535,473.35909522,
2026-06-11 18:19:00,1781201940,473.35909522,504.07213,459.41244638,489.38829633,
2026-06-11 18:20:00,1781202000,489.38829633,496.65968173,472.52910324,482.4767247,
2026-06-11 18:21:00,1781202060,482.4767247,504.6753975,477.78350147,483.34788187,
2026-06-11 18:22:00,1781202120,483.34788187,483.34788187,410.27216546,434.56309243,
2026-06-11 18:23:00,1781202180,434.56309243,438.94556788,410.13406972,417.73391569,
2026-06-11 18:24:00,1781202240,417.73391569,429.23644596,405.57350357,423.70603766,
2026-06-11 18:25:00,1781202300,423.70603766,442.47605535,421.07371852,441.56450466,
2026-06-11 18:26:00,1781202360,441.56450466,445.85181796,430.84627722,444.96272315,
2026-06-11 18:27:00,1781202420,444.96272315,447.9640193,433.92663682,437.99289128,
2026-06-11 18:28:00,1781202480,437.99289128,439.4941396,416.8643555,432.32883551,
2026-06-11 18:29:00,1781202540,432.32883551,436.44753303,416.06932028,426.43255318,
2026-06-11 18:30:00,1781202600,426.43255318,453.1789246,421.85559197,452.98460953,
2026-06-11 18:31:00,1781202660,452.98460953,454.04236278,438.91264528,442.94826319,
2026-06-11 18:32:00,1781202720,442.94826319,442.98390771,417.97069346,429.70894756,
2026-06-11 18:33:00,1781202780,429.70894756,450.40825299,421.11214786,446.47345793,
2026-06-11 18:34:00,1781202840,446.47345793,451.17212566,438.1177926,438.84526984,
2026-06-11 18:35:00,1781202900,438.84526984,451.1315949,438.27958101,446.85109171,
2026-06-11 18:36:00,1781202960,446.85109171,478.52986169,445.23926905,474.52197493,
2026-06-11 18:37:00,1781203020,474.52197493,479.72185162,465.46869994,470.76158012,
2026-06-11 18:38:00,1781203080,470.76158012,476.5611714,463.06898834,474.57198395,
2026-06-11 18:39:00,1781203140,474.57198395,485.72893328,469.60190144,479.24673337,
2026-06-11 18:40:00,1781203200,479.24673337,493.66503693,472.25876708,473.51593178,
2026-06-11 18:41:00,1781203260,473.51593178,484.14920943,468.12672912,471.17176668,
2026-06-11 18:42:00,1781203320,471.17176668,476.51466394,466.03260164,472.8400953,
2026-06-11 18:43:00,1781203380,472.8400953,491.54044961,469.89183688,487.80624181,
2026-06-11 18:44:00,1781203440,487.80624181,489.97669499,481.2622708,488.59440062,
2026-06-11 18:45:00,1781203500,488.59440062,490.56520105,474.80407021,484.2387823,
2026-06-11 18:46:00,1781203560,484.2387823,487.55629015,478.9885736,481.2825683,
2026-06-11 18:47:00,1781203620,481.2825683,500.44821242,477.81901523,499.85531741,
2026-06-11 18:48:00,1781203680,499.85531741,499.85531741,481.44797524,482.66410391,
2026-06-11 18:49:00,1781203740,482.66410391,482.78173845,464.60002015,473.74764104,
2026-06-11 18:50:00,1781203800,473.74764104,483.86287015,470.36266687,472.41500351,
2026-06-11 18:51:00,1781203860,472.41500351,473.75301493,460.02370767,460.02370767,
2026-06-11 18:52:00,1781203920,460.02370767,482.40699178,459.593017,482.21846977,
2026-06-11 18:53:00,1781203980,482.21846977,492.81291241,475.63970809,483.69471041,
2026-06-11 18:54:00,1781204040,483.69471041,485.15037401,469.02471526,469.02471526,
2026-06-11 18:55:00,1781204100,469.02471526,474.78609665,459.47959801,460.89747251,
2026-06-11 18:56:00,1781204160,460.89747251,479.17771987,454.02185553,473.50415013,
2026-06-11 18:57:00,1781204220,473.50415013,477.93558542,465.32867472,475.65488731,
2026-06-11 18:58:00,1781204280,475.65488731,479.39445743,461.51160424,462.68814929,
2026-06-11 18:59:00,1781204340,462.68814929,462.68814929,444.84194586,446.67443198,
2026-06-11 19:00:00,1781204400,446.67443198,454.61727589,430.26512045,451.69769073,
2026-06-11 19:01:00,1781204460,451.69769073,479.32406033,448.73668244,472.46168898,
2026-06-11 19:02:00,1781204520,472.46168898,502.89195436,472.29606835,485.09522288,
2026-06-11 19:03:00,1781204580,485.09522288,487.27071781,461.32694855,467.13731945,
2026-06-11 19:04:00,1781204640,467.13731945,474.16657628,457.29702562,461.56073587,
2026-06-11 19:05:00,1781204700,461.56073587,469.56776336,458.52466596,459.94897721,
2026-06-11 19:06:00,1781204760,459.94897721,462.8601533,446.97009149,456.63442075,
2026-06-11 19:07:00,1781204820,456.63442075,457.24426957,446.13288639,448.35389904,
2026-06-11 19:08:00,1781204880,448.35389904,450.23346333,418.64112124,430.22073622,
2026-06-11 19:09:00,1781204940,430.22073622,443.8035819,425.64914364,426.53990509,
2026-06-11 19:10:00,1781205000,426.53990509,449.73107329,425.6832975,437.99044212,
2026-06-11 19:11:00,1781205060,437.99044212,441.72439071,415.89090967,430.13089102,
2026-06-11 19:12:00,1781205120,430.13089102,490.34632108,430.13089102,471.95575553,
2026-06-11 19:13:00,1781205180,471.95575553,480.6765028,443.23638452,469.58276051,
2026-06-11 19:14:00,1781205240,469.58276051,489.14018822,465.01278598,472.8824395,
2026-06-11 19:15:00,1781205300,472.8824395,497.28708221,469.56057887,493.50222832,
2026-06-11 19:16:00,1781205360,493.50222832,505.82586566,490.7418673,499.70918017,
2026-06-11 19:17:00,1781205420,499.70918017,525.05028384,493.98184507,521.39010487,
2026-06-11 19:18:00,1781205480,521.39010487,535.00689786,517.0169807,525.70405666,
2026-06-11 19:19:00,1781205540,525.70405666,525.8395586,500.39909652,511.98420041,
2026-06-11 19:20:00,1781205600,511.98420041,539.60283918,511.96762929,519.3178425,
2026-06-11 19:21:00,1781205660,519.3178425,524.13804974,511.09438733,517.79306856,
2026-06-11 19:22:00,1781205720,517.79306856,530.85307398,517.01337251,524.48762222,
2026-06-11 19:23:00,1781205780,524.48762222,543.65812677,524.05365344,534.16112335,
2026-06-11 19:24:00,1781205840,534.16112335,545.11785357,526.88896198,536.08716381,
2026-06-11 19:25:00,1781205900,536.08716381,536.17346239,510.36592743,527.05574829,
2026-06-11 19:26:00,1781205960,527.05574829,537.96673206,510.47642904,535.09287316,
2026-06-11 19:27:00,1781206020,535.09287316,535.13369752,501.98532999,509.75630685,
2026-06-11 19:28:00,1781206080,509.75630685,512.40079383,494.61672669,511.17122606,
2026-06-11 19:29:00,1781206140,511.17122606,519.45940099,498.3377168,500.59777166,
2026-06-11 19:30:00,1781206200,500.59777166,631.04304618,498.32768281,628.92778059,
2026-06-11 19:31:00,1781206260,628.92778059,629.50188945,576.97755888,598.43473423,
2026-06-11 19:32:00,1781206320,598.43473423,637.28081482,596.26296459,622.45157337,
2026-06-11 19:33:00,1781206380,622.45157337,658.40667034,603.13093169,634.54933924,
2026-06-11 19:34:00,1781206440,634.54933924,640.94284548,558.64549005,563.63385618,
2026-06-11 19:35:00,1781206500,563.63385618,584.17363486,548.76492439,577.5353468,
2026-06-11 19:36:00,1781206560,577.5353468,594.7410669,565.55704289,575.35050934,
2026-06-11 19:37:00,1781206620,575.35050934,607.17589017,567.18863408,594.34348386,
2026-06-11 19:38:00,1781206680,594.34348386,596.08479867,564.91329095,565.77529171,
2026-06-11 19:39:00,1781206740,565.77529171,571.68206974,535.14311946,536.92665918,
2026-06-11 19:40:00,1781206800,536.92665918,569.68077155,536.92665918,566.25008397,
2026-06-11 19:41:00,1781206860,566.25008397,595.19783801,565.75771221,589.34729073,
2026-06-11 19:42:00,1781206920,589.34729073,596.0702624,584.64185512,590.81478089,
2026-06-11 19:43:00,1781206980,590.81478089,593.31493633,573.49360644,576.02234778,
2026-06-11 19:44:00,1781207040,576.02234778,577.86501206,539.33615729,546.80727279,
2026-06-11 19:45:00,1781207100,546.80727279,547.15263294,533.45463799,543.55654357,
2026-06-11 19:46:00,1781207160,543.55654357,550.20062573,523.42124935,530.82719603,
2026-06-11 19:47:00,1781207220,530.82719603,564.34922554,530.82485207,564.02919467,
2026-06-11 19:48:00,1781207280,564.02919467,569.48662828,545.79249882,559.35602014,
2026-06-11 19:49:00,1781207340,559.35602014,567.44949592,543.98288185,547.02241915,
2026-06-11 19:50:00,1781207400,547.02241915,556.93638725,520.84585459,535.21768768,
2026-06-11 19:51:00,1781207460,535.21768768,557.17406279,530.2009613,555.98440032,
2026-06-11 19:52:00,1781207520,555.98440032,560.40113741,533.44692179,546.10656668,
2026-06-11 19:53:00,1781207580,546.10656668,553.857398,536.65708051,552.79464904,
2026-06-11 19:54:00,1781207640,552.79464904,560.34839151,547.5355893,560.34839151,
2026-06-11 19:55:00,1781207700,560.34839151,560.34839151,527.66803565,545.61166422,
2026-06-11 19:56:00,1781207760,545.61166422,547.99819289,540.04725009,542.89140808,
2026-06-11 19:57:00,1781207820,542.89140808,548.78918265,531.4327895,545.15014765,
2026-06-11 19:58:00,1781207880,545.15014765,551.15072714,532.01592121,532.73699369,
2026-06-11 19:59:00,1781207940,532.73699369,543.15428659,517.91142843,524.14181299,
2026-06-11 20:00:00,1781208000,524.14181299,541.66322765,493.36351059,498.87676434,
2026-06-11 20:01:00,1781208060,498.87676434,527.29257376,496.72768287,514.33917715,
2026-06-11 20:02:00,1781208120,514.33917715,545.30893213,503.97317894,534.35185296,
2026-06-11 20:03:00,1781208180,534.35185296,541.72317744,512.22404494,530.6819536,
2026-06-11 20:04:00,1781208240,530.6819536,534.26267579,518.11167396,522.22222825,
2026-06-11 20:05:00,1781208300,522.22222825,544.33365439,520.55088721,538.31894373,
2026-06-11 20:06:00,1781208360,538.31894373,538.62293232,521.23846535,521.47923689,
2026-06-11 20:07:00,1781208420,521.47923689,523.40667638,504.26379796,513.63899304,
2026-06-11 20:08:00,1781208480,513.63899304,514.69064335,495.94478245,504.80651396,
2026-06-11 20:09:00,1781208540,504.80651396,510.45585743,503.16322391,506.33647529,
2026-06-11 20:10:00,1781208600,506.33647529,506.33647529,481.45000508,483.25072364,
2026-06-11 20:11:00,1781208660,483.25072364,488.17899108,474.24874041,485.3376854,
2026-06-11 20:12:00,1781208720,485.3376854,489.48936127,483.80206085,487.55658267,
2026-06-11 20:13:00,1781208780,487.55658267,492.70931208,475.27332461,481.53145074,
2026-06-11 20:14:00,1781208840,481.53145074,492.28519661,480.00043997,487.26787179,
2026-06-11 20:15:00,1781208900,487.26787179,490.50934756,475.57662492,477.52140329,
2026-06-11 20:16:00,1781208960,477.52140329,483.87325809,474.53146114,483.38722049,
2026-06-11 20:17:00,1781209020,483.38722049,492.67400555,480.23696924,489.49475238,
2026-06-11 20:18:00,1781209080,489.49475238,494.60247616,482.17857567,482.17857567,
2026-06-11 20:19:00,1781209140,482.17857567,493.47405051,482.17857567,484.23803305,
2026-06-11 20:20:00,1781209200,484.23803305,487.85062255,483.90641793,484.70779963,
2026-06-11 20:21:00,1781209260,484.70779963,487.13935314,461.10349694,461.10349694,
2026-06-11 20:22:00,1781209320,461.10349694,461.59969758,451.91145833,457.7171521,
2026-06-11 20:23:00,1781209380,457.7171521,465.67668041,457.6762349,465.52030677,
2026-06-11 20:24:00,1781209440,465.52030677,468.04038195,460.46783592,462.92558616,
2026-06-11 20:25:00,1781209500,462.92558616,464.02057153,447.48611262,453.81532048,
2026-06-11 20:26:00,1781209560,453.81532048,466.14980471,439.9009003,441.21364995,
2026-06-11 20:27:00,1781209620,441.21364995,455.74181907,435.75194029,436.31525956,
2026-06-11 20:28:00,1781209680,436.31525956,436.35029708,402.99810948,418.78834209,
2026-06-11 20:29:00,1781209740,418.78834209,419.78133405,412.70119139,418.26517479,
2026-06-11 20:30:00,1781209800,418.26517479,418.84083532,409.09708218,415.32502792,
2026-06-11 20:31:00,1781209860,415.32502792,425.88854236,405.35054196,407.73068953,
2026-06-11 20:32:00,1781209920,407.73068953,420.01924437,405.83821492,417.94105937,
2026-06-11 20:33:00,1781209980,417.94105937,431.11371027,412.17191935,424.43308332,
2026-06-11 20:34:00,1781210040,424.43308332,429.31686177,418.57752975,419.66285426,
2026-06-11 20:35:00,1781210100,419.66285426,420.9071068,402.83428026,405.39775874,
2026-06-11 20:36:00,1781210160,405.39775874,407.34016738,394.95629474,399.69729946,
2026-06-11 20:37:00,1781210220,399.69729946,401.04001996,394.4489024,400.5586491,
2026-06-11 20:38:00,1781210280,400.5586491,403.67872903,397.0457827,398.15807511,
2026-06-11 20:39:00,1781210340,398.15807511,402.93483056,393.64639223,402.25182218,
2026-06-11 20:40:00,1781210400,402.25182218,415.69423989,400.26127235,410.33502846,
2026-06-11 20:41:00,1781210460,410.33502846,410.76323089,395.46017165,395.73013834,
2026-06-11 20:42:00,1781210520,395.73013834,395.73013834,386.76130308,388.12339121,
2026-06-11 20:43:00,1781210580,388.12339121,393.46174139,385.02069005,386.11435897,
2026-06-11 20:44:00,1781210640,386.11435897,390.8172069,378.51691168,378.55109992,
2026-06-11 20:45:00,1781210700,378.55109992,381.06861028,372.46389034,380.58281102,
2026-06-11 20:46:00,1781210760,380.58281102,380.58281102,370.65141426,374.13761203,
2026-06-11 20:47:00,1781210820,374.13761203,381.80892761,372.09752815,375.38826385,
2026-06-11 20:48:00,1781210880,375.38826385,376.36889297,370.62795817,372.36201288,
2026-06-11 20:49:00,1781210940,372.36201288,376.33212758,372.17578455,373.12106958,
2026-06-11 20:50:00,1781211000,373.12106958,378.77527271,372.8788953,372.97118785,
2026-06-11 20:51:00,1781211060,372.97118785,388.92121038,372.96901148,388.92121038,
2026-06-11 20:52:00,1781211120,388.92121038,410.02243343,387.23515578,410.02243343,
2026-06-11 20:53:00,1781211180,410.02243343,413.03358305,401.51015977,413.03358305,
2026-06-11 20:54:00,1781211240,413.03358305,415.67577454,408.60088715,413.64143646,
2026-06-11 20:55:00,1781211300,413.64143646,413.74893126,407.48422699,409.01698995,
2026-06-11 20:56:00,1781211360,409.01698995,413.6874427,408.28932759,412.06517568,
2026-06-11 20:57:00,1781211420,412.06517568,415.98788198,409.26395912,415.05858159,
2026-06-11 20:58:00,1781211480,415.05858159,418.29024665,401.48350315,406.82547186,
2026-06-11 20:59:00,1781211540,406.82547186,417.39605,406.82547186,407.24648427,
2026-06-11 21:00:00,1781211600,407.24648427,417.88288873,407.24648427,415.08143171,
2026-06-11 21:01:00,1781211660,415.08143171,425.73864924,414.97982437,421.09315242,
2026-06-11 21:02:00,1781211720,421.09315242,421.09315242,410.42949541,411.51871118,
2026-06-11 21:03:00,1781211780,411.51871118,411.85305374,409.48002918,411.84635879,
2026-06-11 21:04:00,1781211840,411.84635879,432.21869497,410.29013856,430.69714942,
2026-06-11 21:05:00,1781211900,430.69714942,444.89941312,429.4275212,433.2335637,
2026-06-11 21:06:00,1781211960,433.2335637,436.19983022,430.25587055,433.68247641,
2026-06-11 21:07:00,1781212020,433.68247641,443.71523356,433.61712528,434.65691172,
2026-06-11 21:08:00,1781212080,434.65691172,445.71549791,434.53893403,442.90903583,
2026-06-11 21:09:00,1781212140,442.90903583,443.46667586,437.09988209,437.79579875,
2026-06-11 21:10:00,1781212200,437.79579875,438.80602995,436.88736358,436.92327056,
2026-06-11 21:11:00,1781212260,436.92327056,439.76015627,433.05112826,437.4645956,
2026-06-11 21:12:00,1781212320,437.4645956,441.99022219,437.42411567,441.74661181,
2026-06-11 21:13:00,1781212380,441.74661181,486.33095666,441.74433473,479.57509171,
2026-06-11 21:14:00,1781212440,479.57509171,480.78770928,468.76643302,469.75358181,
2026-06-11 21:15:00,1781212500,469.75358181,469.75358181,459.88098025,463.04621514,
2026-06-11 21:16:00,1781212560,463.04621514,465.99655479,453.15666921,457.38304615,
2026-06-11 21:17:00,1781212620,457.38304615,463.49903235,454.01348003,456.23556733,
2026-06-11 21:18:00,1781212680,456.23556733,460.84805404,453.06358551,456.93968738,
2026-06-11 21:19:00,1781212740,456.93968738,459.70540051,453.42770268,455.51378957,
2026-06-11 21:20:00,1781212800,455.51378957,459.18218298,450.65037835,453.618415,
2026-06-11 21:21:00,1781212860,453.618415,456.9543544,446.31949654,456.33966753,
2026-06-11 21:22:00,1781212920,456.33966753,464.61247529,456.25881189,464.25385706,
2026-06-11 21:23:00,1781212980,464.25385706,473.24902471,464.20940484,468.05688223,
2026-06-11 21:24:00,1781213040,468.05688223,468.05688223,452.96544428,456.34219663,
2026-06-11 21:25:00,1781213100,456.34219663,456.34219663,440.01577443,445.79187712,
2026-06-11 21:26:00,1781213160,445.79187712,445.79187712,430.34075799,430.6406034,
2026-06-11 21:27:00,1781213220,430.6406034,434.16396114,428.48886906,433.87083284,
2026-06-11 21:28:00,1781213280,433.87083284,434.62981526,424.7094021,430.45950245,
2026-06-11 21:29:00,1781213340,430.45950245,441.65534162,430.30620857,441.61462359,
2026-06-11 21:30:00,1781213400,441.61462359,448.1786093,441.38185,448.17399752,
2026-06-11 21:31:00,1781213460,448.17399752,450.68591819,445.2526177,448.47372043,
2026-06-11 21:32:00,1781213520,448.47372043,453.78080753,445.52471227,453.51360169,
2026-06-11 21:33:00,1781213580,453.51360169,453.51360169,450.58327391,451.490327,
2026-06-11 21:34:00,1781213640,451.490327,451.490327,440.19048124,441.31025394,
2026-06-11 21:35:00,1781213700,441.31025394,441.60520572,429.69719803,432.79871529,
2026-06-11 21:36:00,1781213760,432.79871529,438.52629813,432.79871529,437.6031741,
2026-06-11 21:37:00,1781213820,437.6031741,437.98183003,433.36044686,433.51277997,
2026-06-11 21:38:00,1781213880,433.51277997,453.25335975,433.4724083,451.93873883,
2026-06-11 21:39:00,1781213940,451.93873883,454.51080544,445.9802078,454.3406625,
2026-06-11 21:40:00,1781214000,454.3406625,460.1441803,436.42923889,438.10542512,
2026-06-11 21:41:00,1781214060,438.10542512,443.46800246,434.99712573,443.15936952,
2026-06-11 21:42:00,1781214120,443.15936952,454.04616437,443.11541979,451.11730672,
2026-06-11 21:43:00,1781214180,451.11730672,451.65768468,437.72991139,438.63372878,
2026-06-11 21:44:00,1781214240,438.63372878,453.97990864,437.74601699,453.21628412,
2026-06-11 21:45:00,1781214300,453.21628412,462.20865238,448.03966304,452.45111005,
2026-06-11 21:46:00,1781214360,452.45111005,464.68819665,450.75745217,457.29821433,
2026-06-11 21:47:00,1781214420,457.29821433,466.83723232,451.4356474,460.38766305,
2026-06-11 21:48:00,1781214480,460.38766305,471.14651485,458.28445195,469.82351218,
2026-06-11 21:49:00,1781214540,469.82351218,473.2325865,460.74333264,461.76184859,
2026-06-11 21:50:00,1781214600,461.76184859,462.49684424,453.31349688,453.35280866,
2026-06-11 21:51:00,1781214660,453.35280866,461.30757238,450.00776322,461.21863553,
2026-06-11 21:52:00,1781214720,461.21863553,469.15214096,455.8493419,460.44074635,
2026-06-11 21:53:00,1781214780,460.44074635,461.83404087,455.21118874,455.44626388,
2026-06-11 21:54:00,1781214840,455.44626388,456.80485002,440.58117158,446.27442648,
2026-06-11 21:55:00,1781214900,446.27442648,446.31346803,429.82792259,430.24022583,
2026-06-11 21:56:00,1781214960,430.24022583,433.76022671,423.06390178,426.12790624,
2026-06-11 21:57:00,1781215020,426.12790624,429.84537497,421.66111371,429.84308728,
2026-06-11 21:58:00,1781215080,429.84308728,441.64013023,429.84308728,441.55798901,
2026-06-11 21:59:00,1781215140,441.55798901,448.9389928,428.29695197,448.66961481,
2026-06-11 22:00:00,1781215200,448.66961481,464.27445825,440.71730269,463.37762481,
2026-06-11 22:01:00,1781215260,463.37762481,469.00952719,453.52742831,469.00952719,
2026-06-11 22:02:00,1781215320,469.00952719,475.08083592,449.22506752,462.20148218,
2026-06-11 22:03:00,1781215380,462.20148218,473.40499837,462.20148218,473.04805239,
2026-06-11 22:04:00,1781215440,473.04805239,497.06056973,464.42876863,466.94237282,
2026-06-11 22:05:00,1781215500,466.94237282,484.72963305,463.804384,473.25511908,
2026-06-11 22:06:00,1781215560,473.25511908,490.34049958,464.69233382,479.00813231,
2026-06-11 22:07:00,1781215620,479.00813231,503.80150952,479.00813231,495.98707477,
2026-06-11 22:08:00,1781215680,495.98707477,498.53766616,483.10487511,490.84863618,
2026-06-11 22:09:00,1781215740,490.84863618,504.89428851,489.45088035,489.45088035,
2026-06-11 22:10:00,1781215800,489.45088035,489.45088035,476.59370171,489.29982221,
2026-06-11 22:11:00,1781215860,489.29982221,498.69890679,476.85800045,477.76227067,
2026-06-11 22:12:00,1781215920,477.76227067,479.79459528,464.41685025,467.60795692,
2026-06-11 22:13:00,1781215980,467.60795692,482.31163662,466.1703609,479.19617126,
2026-06-11 22:14:00,1781216040,479.19617126,487.54154265,477.52001623,482.3788403,
2026-06-11 22:15:00,1781216100,482.3788403,487.07726251,468.21228629,474.44533752,
2026-06-11 22:16:00,1781216160,474.44533752,499.56350604,471.02320627,483.51951639,
2026-06-11 22:17:00,1781216220,483.51951639,499.71033341,480.89322277,486.31139597,
2026-06-11 22:18:00,1781216280,486.31139597,488.70655594,478.9777938,483.83496874,
2026-06-11 22:19:00,1781216340,483.83496874,486.91861912,478.68472108,483.15429026,
2026-06-11 22:20:00,1781216400,483.15429026,484.72795959,473.43867998,477.34412875,
2026-06-11 22:21:00,1781216460,477.34412875,478.00668786,469.34161846,469.79221762,
2026-06-11 22:22:00,1781216520,469.79221762,469.79221762,451.559567,452.63011077,
2026-06-11 22:23:00,1781216580,452.63011077,458.93519788,446.91830653,453.18309764,
2026-06-11 22:24:00,1781216640,453.18309764,458.16121653,445.98113891,447.50655665,
2026-06-11 22:25:00,1781216700,447.50655665,449.97160426,437.3626138,447.03982283,
2026-06-11 22:26:00,1781216760,447.03982283,449.70055925,442.45540636,444.41111084,
2026-06-11 22:27:00,1781216820,444.41111084,448.60991827,442.08492025,445.12260419,
2026-06-11 22:28:00,1781216880,445.12260419,453.33129046,438.45791113,450.30873505,
2026-06-11 22:29:00,1781216940,450.30873505,463.43709551,450.30873505,459.24445889,
2026-06-11 22:30:00,1781217000,459.24445889,467.62498758,453.45420241,466.22819335,
2026-06-11 22:31:00,1781217060,466.22819335,482.17363085,462.9201974,463.16439583,
2026-06-11 22:32:00,1781217120,463.16439583,463.48781639,450.47511476,450.95717525,
2026-06-11 22:33:00,1781217180,450.95717525,458.96918124,446.06128192,451.54063704,
2026-06-11 22:34:00,1781217240,451.54063704,457.37150909,433.25997767,433.25997767,
2026-06-11 22:35:00,1781217300,433.25997767,447.2437169,421.88440646,446.85833524,
2026-06-11 22:36:00,1781217360,446.85833524,455.08873313,445.93710567,452.01640824,
2026-06-11 22:37:00,1781217420,452.01640824,452.05425114,443.03519153,443.97743924,
2026-06-11 22:38:00,1781217480,443.97743924,444.05442188,428.36243206,430.47205309,
2026-06-11 22:39:00,1781217540,430.47205309,437.37995765,422.81772725,435.77545575,
2026-06-11 22:40:00,1781217600,435.77545575,445.96001149,430.93974284,435.74005793,
2026-06-11 22:41:00,1781217660,435.74005793,436.05142682,425.50190569,427.42179023,
2026-06-11 22:42:00,1781217720,427.42179023,429.51329403,422.57527095,422.85235558,
2026-06-11 22:43:00,1781217780,422.85235558,429.75205448,420.75586447,429.3968323,
2026-06-11 22:44:00,1781217840,429.3968323,429.43665568,424.47554325,425.81039688,
2026-06-11 22:45:00,1781217900,425.81039688,436.57130489,424.37761646,431.0326485,
2026-06-11 22:46:00,1781217960,431.0326485,431.29400672,416.38399639,418.80615924,
2026-06-11 22:47:00,1781218020,418.80615924,419.47792046,413.48688936,413.48688936,
2026-06-11 22:48:00,1781218080,413.48688936,418.15305387,410.52213785,415.65158113,
2026-06-11 22:49:00,1781218140,415.65158113,437.57545069,415.18701688,425.78507696,
2026-06-11 22:50:00,1781218200,425.78507696,439.84117988,424.96098635,438.68244539,
2026-06-11 22:51:00,1781218260,438.68244539,441.9883919,432.45809017,433.29594125,
2026-06-11 22:52:00,1781218320,433.29594125,440.20020801,430.57256548,439.67208521,
2026-06-11 22:53:00,1781218380,439.67208521,439.67208521,430.24183837,433.31593767,
2026-06-11 22:54:00,1781218440,433.31593767,443.81254941,432.41653564,443.65225583,
2026-06-11 22:55:00,1781218500,443.65225583,451.40069509,439.42735143,450.55424373,
2026-06-11 22:56:00,1781218560,450.55424373,459.07445162,435.68765497,435.68765497,
2026-06-11 22:57:00,1781218620,435.68765497,444.54673441,435.68765497,443.26394532,
2026-06-11 22:58:00,1781218680,443.26394532,443.26394532,434.93606491,440.31098279,
2026-06-11 22:59:00,1781218740,440.31098279,440.38746934,421.40863396,423.09627361,
2026-06-11 23:00:00,1781218800,423.09627361,423.32158253,401.12757356,401.56110829,
2026-06-11 23:01:00,1781218860,401.56110829,401.56110829,392.91518499,396.24140937,
2026-06-11 23:02:00,1781218920,396.24140937,407.10033176,385.32822319,400.56832462,
2026-06-11 23:03:00,1781218980,400.56832462,401.98334185,373.60586803,389.75271073,
2026-06-11 23:04:00,1781219040,389.75271073,399.78527088,386.17497062,395.463803,
2026-06-11 23:05:00,1781219100,395.463803,401.70777633,391.78230955,393.43183504,
2026-06-11 23:06:00,1781219160,393.43183504,394.61613457,387.73617562,390.3178104,
2026-06-11 23:07:00,1781219220,390.3178104,393.37865405,385.41354393,387.66026089,
2026-06-11 23:08:00,1781219280,387.66026089,388.52185872,374.80769554,379.43684657,
2026-06-11 23:09:00,1781219340,379.43684657,379.45186674,373.92141539,374.62013372,
2026-06-11 23:10:00,1781219400,374.62013372,383.04277083,373.10918544,379.21808553,
2026-06-11 23:11:00,1781219460,379.21808553,382.77935291,375.76360908,378.78111024,
2026-06-11 23:12:00,1781219520,378.78111024,394.6010715,378.42456961,393.545684,
2026-06-11 23:13:00,1781219580,393.545684,393.545684,379.8423396,386.48583959,
2026-06-11 23:14:00,1781219640,386.48583959,391.91635404,385.29425886,387.05601483,
2026-06-11 23:15:00,1781219700,387.05601483,395.28708902,381.17280482,394.92758995,
2026-06-11 23:16:00,1781219760,394.92758995,400.56124842,385.77451629,395.83922358,
2026-06-11 23:17:00,1781219820,395.83922358,396.16841641,383.17556311,383.28272013,
2026-06-11 23:18:00,1781219880,383.28272013,388.52797513,379.99599463,386.86244,
2026-06-11 23:19:00,1781219940,386.86244,397.8700646,385.16168068,394.45422915,
2026-06-11 23:20:00,1781220000,394.45422915,395.18476241,384.63794425,386.62108284,
2026-06-11 23:21:00,1781220060,386.62108284,390.6434214,385.39935921,385.39935921,
2026-06-11 23:22:00,1781220120,385.39935921,399.02954023,384.99993493,397.13724009,
2026-06-11 23:23:00,1781220180,397.13724009,399.54770252,392.77675402,396.92725355,
2026-06-11 23:24:00,1781220240,396.92725355,396.99814965,381.6306064,385.96387538,
2026-06-11 23:25:00,1781220300,385.96387538,391.39398291,380.63558351,381.42470745,
2026-06-11 23:26:00,1781220360,381.42470745,393.5639965,381.1731848,388.12934877,
2026-06-11 23:27:00,1781220420,388.12934877,391.95298637,375.32756843,376.02193488,
2026-06-11 23:28:00,1781220480,376.02193488,376.82116609,375.98728202,375.98728202,
2026-06-11 23:29:00,1781220540,375.98728202,380.35086314,374.55507221,375.80225195,
2026-06-11 23:30:00,1781220600,375.80225195,386.89786317,375.38511285,381.7427138,
2026-06-11 23:31:00,1781220660,381.7427138,407.8133277,378.26471181,404.18824749,
2026-06-11 23:32:00,1781220720,404.18824749,415.98963003,404.18824749,410.41044302,
2026-06-11 23:33:00,1781220780,410.41044302,425.8113551,401.73277971,425.62069098,
2026-06-11 23:34:00,1781220840,425.62069098,425.73236882,414.59502348,423.89436682,
2026-06-11 23:35:00,1781220900,423.89436682,427.74629358,413.57090707,414.02210791,
2026-06-11 23:36:00,1781220960,414.02210791,424.09741945,411.03897813,416.24917612,
2026-06-11 23:37:00,1781221020,416.24917612,420.60268003,410.86246738,411.50623374,
2026-06-11 23:38:00,1781221080,411.50623374,416.72233848,406.6505595,415.96841733,
2026-06-11 23:39:00,1781221140,415.96841733,427.54096406,411.53038695,421.53518801,
2026-06-11 23:40:00,1781221200,421.53518801,490.07517343,421.49599445,482.80326649,
2026-06-11 23:41:00,1781221260,482.80326649,486.2082245,477.80324453,479.78679513,
2026-06-11 23:42:00,1781221320,479.78679513,480.81518319,475.35661987,480.09697107,
2026-06-11 23:43:00,1781221380,480.09697107,481.06245253,461.58883639,467.11770454,
2026-06-11 23:44:00,1781221440,467.11770454,467.16152312,462.84392268,464.79614624,
2026-06-11 23:45:00,1781221500,464.79614624,471.75918216,464.50170024,465.21920646,
2026-06-11 23:46:00,1781221560,465.21920646,475.30477476,464.8860944,468.7044405,
2026-06-11 23:47:00,1781221620,468.7044405,474.91131101,453.99732276,454.57370337,
2026-06-11 23:48:00,1781221680,454.57370337,458.96304786,449.13810013,452.09308777,
2026-06-11 23:49:00,1781221740,452.09308777,460.2821901,452.04185988,453.177265,
2026-06-11 23:50:00,1781221800,453.177265,453.21786048,443.9462558,447.64401779,
2026-06-11 23:51:00,1781221860,447.64401779,447.6842648,429.97751354,431.49674615,
2026-06-11 23:52:00,1781221920,431.49674615,431.49674615,418.18002123,430.41937334,
2026-06-11 23:53:00,1781221980,430.41937334,431.51724849,419.97590972,425.96112069,
2026-06-11 23:54:00,1781222040,425.96112069,466.2797246,424.98318532,462.61496264,
2026-06-11 23:55:00,1781222100,462.61496264,465.64530358,458.52498544,463.39555687,
2026-06-11 23:56:00,1781222160,463.39555687,463.41996575,456.98556323,462.33725105,
2026-06-11 23:57:00,1781222220,462.33725105,468.76354844,452.27155212,464.77759521,
2026-06-11 23:58:00,1781222280,464.77759521,468.29962647,454.86634606,459.93753238,
2026-06-11 23:59:00,1781222340,459.93753238,466.5232818,451.16536939,466.5232818,
2026-06-12 00:00:00,1781222400,466.5232818,466.5232818,437.71056582,459.25191655,
2026-06-12 00:01:00,1781222460,459.25191655,463.70725771,453.37467994,453.99229693,
2026-06-12 00:02:00,1781222520,453.99229693,457.10912488,439.15161852,442.1512697,
2026-06-12 00:03:00,1781222580,442.1512697,442.1512697,424.29773436,427.98181302,
2026-06-12 00:04:00,1781222640,427.98181302,442.98836594,427.90338607,441.19851886,
2026-06-12 00:05:00,1781222700,441.19851886,454.51799721,439.58771786,445.30210661,
2026-06-12 00:06:00,1781222760,445.30210661,460.01369677,441.39487313,453.47412149,
2026-06-12 00:07:00,1781222820,453.47412149,525.48024394,453.47177257,516.4418952,
2026-06-12 00:08:00,1781222880,516.4418952,524.82959767,500.94497303,507.36237927,
2026-06-12 00:09:00,1781222940,507.36237927,507.36237927,491.49801079,495.7730331,
2026-06-12 00:10:00,1781223000,495.7730331,505.76910636,493.44949834,494.23001565,
2026-06-12 00:11:00,1781223060,494.23001565,505.22548648,481.92983051,486.08014063,
2026-06-12 00:12:00,1781223120,486.08014063,489.50865155,480.64837624,484.02131387,
2026-06-12 00:13:00,1781223180,484.02131387,492.313631,476.30333802,490.70673748,
2026-06-12 00:14:00,1781223240,490.70673748,502.62459928,489.89021079,501.30416895,
2026-06-12 00:15:00,1781223300,501.30416895,501.30416895,461.05486062,466.96373375,
2026-06-12 00:16:00,1781223360,466.96373375,475.68609207,448.28055787,452.28495227,
2026-06-12 00:17:00,1781223420,452.28495227,458.28844374,447.7741122,451.94918251,
2026-06-12 00:18:00,1781223480,451.94918251,461.97456056,451.94918251,458.54636098,
2026-06-12 00:19:00,1781223540,458.54636098,468.2782377,458.01137284,460.0777073,
2026-06-12 00:20:00,1781223600,460.0777073,460.0777073,450.52471717,455.9784323,
2026-06-12 00:21:00,1781223660,455.9784323,471.599862,450.9971795,458.01079263,
2026-06-12 00:22:00,1781223720,458.01079263,465.09374041,439.08091908,445.88041261,
2026-06-12 00:23:00,1781223780,445.88041261,445.88041261,436.6558496,438.59340544,
2026-06-12 00:24:00,1781223840,438.59340544,441.25997341,427.78249855,429.07010395,
2026-06-12 00:25:00,1781223900,429.07010395,443.22261837,428.78949322,442.65071564,
2026-06-12 00:26:00,1781223960,442.65071564,442.76793699,415.99659605,416.05804523,
2026-06-12 00:27:00,1781224020,416.05804523,431.23232168,405.75575067,425.74326847,
2026-06-12 00:28:00,1781224080,425.74326847,439.37814418,425.34089527,437.92845565,
2026-06-12 00:29:00,1781224140,437.92845565,452.33839518,437.52283725,443.50522785,
2026-06-12 00:30:00,1781224200,443.50522785,450.94109845,436.64689001,445.7750998,
2026-06-12 00:31:00,1781224260,445.7750998,445.7750998,422.88914141,433.77571634,
2026-06-12 00:32:00,1781224320,433.77571634,450.15101922,431.93326811,448.072687,
2026-06-12 00:33:00,1781224380,448.072687,462.70003699,447.78230714,460.97564278,
2026-06-12 00:34:00,1781224440,460.97564278,469.42271924,437.35499959,446.99833077,
2026-06-12 00:35:00,1781224500,446.99833077,461.6387294,442.77098734,460.57021912,
2026-06-12 00:36:00,1781224560,460.57021912,467.59588902,450.24086594,460.61128622,
2026-06-12 00:37:00,1781224620,460.61128622,469.2697885,460.28577916,464.78694023,
2026-06-12 00:38:00,1781224680,464.78694023,492.54102039,464.77702496,478.58905621,
2026-06-12 00:39:00,1781224740,478.58905621,478.76090672,457.80499109,458.71738441,
2026-06-12 00:40:00,1781224800,458.71738441,466.92351754,450.08707879,462.33207039,
2026-06-12 00:41:00,1781224860,462.33207039,468.53742958,454.17492842,460.26997719,
2026-06-12 00:42:00,1781224920,460.26997719,471.61933364,459.08301083,461.8155817,
2026-06-12 00:43:00,1781224980,461.8155817,464.59252688,448.53831349,449.2859232,
2026-06-12 00:44:00,1781225040,449.2859232,453.12042706,443.63466854,450.19771322,
2026-06-12 00:45:00,1781225100,450.19771322,462.78250705,445.08957844,462.08674571,
2026-06-12 00:46:00,1781225160,462.08674571,463.65181263,452.56715326,456.36389241,
2026-06-12 00:47:00,1781225220,456.36389241,460.67302251,452.44612063,457.72672032,
2026-06-12 00:48:00,1781225280,457.72672032,461.84390114,455.2441058,456.03539415,
2026-06-12 00:49:00,1781225340,456.03539415,462.51615264,455.02359288,458.56621096,
2026-06-12 00:50:00,1781225400,458.56621096,458.60604585,447.59750653,451.14805876,
2026-06-12 00:51:00,1781225460,451.14805876,474.0221162,451.10632989,467.70370512,
2026-06-12 00:52:00,1781225520,467.70370512,469.44402969,459.94859038,466.04962108,
2026-06-12 00:53:00,1781225580,466.04962108,470.76675086,463.05787624,469.17292449,
2026-06-12 00:54:00,1781225640,469.17292449,476.69669121,466.52623041,471.25537013,
2026-06-12 00:55:00,1781225700,471.25537013,475.43620555,466.51420566,472.85861743,
2026-06-12 00:56:00,1781225760,472.85861743,481.33946782,469.13398585,473.51330184,
2026-06-12 00:57:00,1781225820,473.51330184,473.74604589,454.3010609,456.06448592,
2026-06-12 00:58:00,1781225880,456.06448592,460.85553518,439.2653689,439.95297476,
2026-06-12 00:59:00,1781225940,439.95297476,447.16804288,437.27962472,442.58283458,
2026-06-12 01:00:00,1781226000,442.58283458,445.46863349,405.61503308,409.27771954,
2026-06-12 01:01:00,1781226060,409.27771954,409.31675176,390.12604593,390.19937975,
2026-06-12 01:02:00,1781226120,390.19937975,396.43055455,374.79639742,376.48626451,
2026-06-12 01:03:00,1781226180,376.48626451,399.93410386,375.15440758,391.18926089,
2026-06-12 01:04:00,1781226240,391.18926089,393.00953145,382.24568027,388.32851058,
2026-06-12 01:05:00,1781226300,388.32851058,390.79385406,374.80972111,375.2785488,
2026-06-12 01:06:00,1781226360,375.2785488,395.45361531,375.23941445,386.45921904,
2026-06-12 01:07:00,1781226420,386.45921904,393.42493059,383.31650255,387.18358747,
2026-06-12 01:08:00,1781226480,387.18358747,388.25346212,380.96702555,382.27266947,
2026-06-12 01:09:00,1781226540,382.27266947,400.49577019,381.92597838,383.23995528,
2026-06-12 01:10:00,1781226600,383.23995528,390.2633341,379.17812373,383.63899612,
2026-06-12 01:11:00,1781226660,383.63899612,390.86675911,372.72872007,375.16928096,
2026-06-12 01:12:00,1781226720,375.16928096,377.66517704,371.14835279,374.98139164,
2026-06-12 01:13:00,1781226780,374.98139164,376.77680447,367.69474243,374.98100943,
2026-06-12 01:14:00,1781226840,374.98100943,380.76816555,367.35340246,373.83036336,
2026-06-12 01:15:00,1781226900,373.83036336,376.06055759,365.75864813,367.02729494,
2026-06-12 01:16:00,1781226960,367.02729494,394.24186861,365.69715526,393.31802848,
2026-06-12 01:17:00,1781227020,393.31802848,393.31802848,365.21767553,374.81050052,
2026-06-12 01:18:00,1781227080,374.81050052,379.62039983,366.89060946,366.92101579,
2026-06-12 01:19:00,1781227140,366.92101579,367.0305022,354.74011249,355.19245627,
2026-06-12 01:20:00,1781227200,355.19245627,357.51930562,346.39943347,351.95504477,
2026-06-12 01:21:00,1781227260,351.95504477,362.53935351,349.47799266,360.54587925,
2026-06-12 01:22:00,1781227320,360.54587925,360.54587925,346.38655036,346.65474105,
2026-06-12 01:23:00,1781227380,346.65474105,354.89694754,342.74375682,344.51384437,
2026-06-12 01:24:00,1781227440,344.51384437,350.4495735,343.97842862,343.97842862,
2026-06-12 01:25:00,1781227500,343.97842862,352.21492526,341.26235158,345.79277708,
2026-06-12 01:26:00,1781227560,345.79277708,345.79277708,326.96692392,331.33542089,
2026-06-12 01:27:00,1781227620,331.33542089,331.33542089,314.83849217,328.67018303,
2026-06-12 01:28:00,1781227680,328.67018303,336.98508128,314.73264847,333.86261588,
2026-06-12 01:29:00,1781227740,333.86261588,341.4947476,333.00023583,336.9256855,
2026-06-12 01:30:00,1781227800,336.9256855,354.48753112,335.37500016,354.31163661,
2026-06-12 01:31:00,1781227860,354.31163661,354.64681263,338.77134655,343.95939211,
2026-06-12 01:32:00,1781227920,343.95939211,358.60136427,343.67370691,353.91522216,
2026-06-12 01:33:00,1781227980,353.91522216,360.47281298,347.22811552,352.81046929,
2026-06-12 01:34:00,1781228040,352.81046929,356.43792068,339.94899846,340.18560755,
2026-06-12 01:35:00,1781228100,340.18560755,343.52091546,324.36774679,327.37438468,
2026-06-12 01:36:00,1781228160,327.37438468,332.12935203,323.23305756,323.6872856,
2026-06-12 01:37:00,1781228220,323.6872856,335.16211296,323.6872856,334.52221386,
2026-06-12 01:38:00,1781228280,334.52221386,339.79686599,332.87734071,337.82570031,
2026-06-12 01:39:00,1781228340,337.82570031,349.98985158,332.50029602,347.68683192,
2026-06-12 01:40:00,1781228400,347.68683192,348.23718787,337.41656155,337.81000392,
2026-06-12 01:41:00,1781228460,337.81000392,345.45763259,337.36829265,341.25799686,
2026-06-12 01:42:00,1781228520,341.25799686,353.20185622,340.64316884,353.20185622,
2026-06-12 01:43:00,1781228580,353.20185622,365.1395835,352.95319228,359.39213566,
2026-06-12 01:44:00,1781228640,359.39213566,363.08736372,344.81861656,345.08494612,
2026-06-12 01:45:00,1781228700,345.08494612,371.24281729,344.94310921,357.78753234,
2026-06-12 01:46:00,1781228760,357.78753234,369.23935309,355.84728054,362.51981178,
2026-06-12 01:47:00,1781228820,362.51981178,371.18640723,357.8063386,359.5622437,
2026-06-12 01:48:00,1781228880,359.5622437,372.1448855,355.88902309,368.35313282,
2026-06-12 01:49:00,1781228940,368.35313282,376.78186304,365.59975915,372.28871033,
2026-06-12 01:50:00,1781229000,372.28871033,372.4439138,359.20724511,362.72437295,
2026-06-12 01:51:00,1781229060,362.72437295,372.91566456,358.01593193,367.48437637,
2026-06-12 01:52:00,1781229120,367.48437637,368.44648113,361.39901981,364.8898293,
2026-06-12 01:53:00,1781229180,364.8898293,365.73780925,360.78235431,365.11219344,
2026-06-12 01:54:00,1781229240,365.11219344,377.81034773,359.96622891,376.00430268,
2026-06-12 01:55:00,1781229300,376.00430268,376.00430268,355.0315424,359.143447,
2026-06-12 01:56:00,1781229360,359.143447,361.48452466,350.32431884,350.32431884,
2026-06-12 01:57:00,1781229420,350.32431884,354.27627951,345.91337394,351.90055258,
2026-06-12 01:58:00,1781229480,351.90055258,359.34176395,351.89776113,359.09028496,
2026-06-12 01:59:00,1781229540,359.09028496,362.93123178,355.89931336,361.62334163,
2026-06-12 02:00:00,1781229600,361.62334163,370.19375553,361.58524586,364.14380074,
2026-06-12 02:01:00,1781229660,364.14380074,375.92937415,363.41552063,372.91105005,
2026-06-12 02:02:00,1781229720,372.91105005,386.1357231,370.34964821,386.07932442,
2026-06-12 02:03:00,1781229780,386.07932442,386.26212311,374.28897501,374.61976405,
2026-06-12 02:04:00,1781229840,374.61976405,380.53429934,372.42072476,375.90929791,
2026-06-12 02:05:00,1781229900,375.90929791,385.2267151,373.99084993,385.22437865,
2026-06-12 02:06:00,1781229960,385.22437865,391.07680621,384.46627435,390.84950592,
2026-06-12 02:07:00,1781230020,390.84950592,404.69582715,387.10247087,400.38262123,
2026-06-12 02:08:00,1781230080,400.38262123,400.38262123,389.38799305,393.60682395,
2026-06-12 02:09:00,1781230140,393.60682395,445.17570558,391.08546589,441.49532433,
2026-06-12 02:10:00,1781230200,441.49532433,498.2768269,441.16197973,468.49476243,
2026-06-12 02:11:00,1781230260,468.49476243,472.63283025,453.28391933,459.95093293,
2026-06-12 02:12:00,1781230320,459.95093293,463.8964319,448.57467379,456.37433975,
2026-06-12 02:13:00,1781230380,456.37433975,471.46383001,444.6851227,450.60962633,
2026-06-12 02:14:00,1781230440,450.60962633,450.60962633,442.59021514,446.82352832,
2026-06-12 02:15:00,1781230500,446.82352832,458.89809053,442.71938733,443.10454665,
2026-06-12 02:16:00,1781230560,443.10454665,446.68169291,428.23326208,437.5455834,
2026-06-12 02:17:00,1781230620,437.5455834,437.5455834,424.86030933,426.57985832,
2026-06-12 02:18:00,1781230680,426.57985832,426.61786753,415.21365702,418.60243852,
2026-06-12 02:19:00,1781230740,418.60243852,434.56819229,417.70802796,432.70979438,
2026-06-12 02:20:00,1781230800,432.70979438,434.71465541,420.7169173,429.5302739,
2026-06-12 02:21:00,1781230860,429.5302739,429.5302739,417.09229578,421.592859,
2026-06-12 02:22:00,1781230920,421.592859,438.8749859,421.59049071,425.25734228,
2026-06-12 02:23:00,1781230980,425.25734228,435.14169498,422.04350296,427.34236317,
2026-06-12 02:24:00,1781231040,427.34236317,442.27405508,424.84892033,427.78275954,
2026-06-12 02:25:00,1781231100,427.78275954,427.78275954,408.32778549,411.24612219,
2026-06-12 02:26:00,1781231160,411.24612219,414.25192626,402.25189259,402.76017118,
2026-06-12 02:27:00,1781231220,402.76017118,403.31500884,394.58378577,398.68781924,
2026-06-12 02:28:00,1781231280,398.68781924,400.03858783,384.87345976,392.23697782,
2026-06-12 02:29:00,1781231340,392.23697782,395.78616947,387.46670581,395.51481484,
2026-06-12 02:30:00,1781231400,395.51481484,408.4699567,392.38250626,405.89241881,
2026-06-12 02:31:00,1781231460,405.89241881,413.16727011,402.0913496,403.48810303,
2026-06-12 02:32:00,1781231520,403.48810303,408.48626914,401.30966571,406.72851631,
2026-06-12 02:33:00,1781231580,406.72851631,413.10199408,391.59122753,392.64698454,
2026-06-12 02:34:00,1781231640,392.64698454,393.83892969,374.18004812,379.42964725,
2026-06-12 02:35:00,1781231700,379.42964725,388.435249,378.10456682,379.98040278,
2026-06-12 02:36:00,1781231760,379.98040278,402.56819581,376.90814492,402.56819581,
2026-06-12 02:37:00,1781231820,402.56819581,414.46635784,400.93682499,412.04964519,
2026-06-12 02:38:00,1781231880,412.04964519,421.03283106,404.92144857,409.26046096,
2026-06-12 02:39:00,1781231940,409.26046096,417.89839812,401.74729296,417.5680203,
2026-06-12 02:40:00,1781232000,417.5680203,431.44705174,408.60268809,414.81031152,
2026-06-12 02:41:00,1781232060,414.81031152,416.87508044,406.87564332,407.37944449,
2026-06-12 02:42:00,1781232120,407.37944449,409.95959367,403.51350408,408.44275436,
2026-06-12 02:43:00,1781232180,408.44275436,411.57564802,406.94412727,410.90177566,
2026-06-12 02:44:00,1781232240,410.90177566,429.40926949,410.85728892,428.46397733,
2026-06-12 02:45:00,1781232300,428.46397733,428.87611392,413.01529299,413.92736488,
2026-06-12 02:46:00,1781232360,413.92736488,414.9722776,410.31776252,413.86735373,
2026-06-12 02:47:00,1781232420,413.86735373,425.90903752,413.57864232,419.11144387,
2026-06-12 02:48:00,1781232480,419.11144387,422.10154834,406.50863926,412.54382051,
2026-06-12 02:49:00,1781232540,412.54382051,418.78188988,409.43348346,417.96077814,
2026-06-12 02:50:00,1781232600,417.96077814,419.63689239,407.20784774,412.11310751,
2026-06-12 02:51:00,1781232660,412.11310751,420.5773261,404.37145975,407.65701814,
2026-06-12 02:52:00,1781232720,407.65701814,413.89118606,407.61508046,413.89118606,
2026-06-12 02:53:00,1781232780,413.89118606,414.23549006,405.97092176,407.87227858,
2026-06-12 02:54:00,1781232840,407.87227858,412.65210766,407.11995375,407.87897083,
2026-06-12 02:55:00,1781232900,407.87897083,407.95615872,399.78870824,401.22969049,
2026-06-12 02:56:00,1781232960,401.22969049,401.95984267,398.03734936,398.07678217,
2026-06-12 02:57:00,1781233020,398.07678217,398.28144604,391.21778209,392.98532999,
2026-06-12 02:58:00,1781233080,392.98532999,394.55265401,380.38098184,394.31437017,
2026-06-12 02:59:00,1781233140,394.31437017,412.78277916,394.15889787,407.02691919,
2026-06-12 03:00:00,1781233200,407.02691919,414.13361041,406.23205754,412.0822374,
2026-06-12 03:01:00,1781233260,412.0822374,421.07115746,402.47643621,405.05992531,
2026-06-12 03:02:00,1781233320,405.05992531,408.59697572,395.95361407,396.10829024,
2026-06-12 03:03:00,1781233380,396.10829024,405.40203885,393.07889906,393.29538038,
2026-06-12 03:04:00,1781233440,393.29538038,400.68788635,390.26484673,390.51901025,
2026-06-12 03:05:00,1781233500,390.51901025,390.51901025,381.07099511,382.00729849,
2026-06-12 03:06:00,1781233560,382.00729849,390.67569545,381.89167857,388.13958917,
2026-06-12 03:07:00,1781233620,388.13958917,397.30157588,385.90120346,387.48937914,
2026-06-12 03:08:00,1781233680,387.48937914,388.5647344,378.75265336,382.51301676,
2026-06-12 03:09:00,1781233740,382.51301676,395.81100636,379.02408694,393.6871325,
2026-06-12 03:10:00,1781233800,393.6871325,393.72418161,383.89029286,384.10142432,
2026-06-12 03:11:00,1781233860,384.10142432,389.14606303,380.50085566,384.19232582,
2026-06-12 03:12:00,1781233920,384.19232582,386.30732678,372.72488455,379.35671971,
2026-06-12 03:13:00,1781233980,379.35671971,379.35671971,362.52158935,365.22495035,
2026-06-12 03:14:00,1781234040,365.22495035,370.59764996,363.44611573,368.97329808,
2026-06-12 03:15:00,1781234100,368.97329808,369.43614958,359.46624329,362.08582188,
2026-06-12 03:16:00,1781234160,362.08582188,365.46816156,354.92063926,362.70106012,
2026-06-12 03:17:00,1781234220,362.70106012,364.98166726,355.34039974,358.18030311,
2026-06-12 03:18:00,1781234280,358.18030311,360.53332376,353.59401484,358.58499853,
2026-06-12 03:19:00,1781234340,358.58499853,358.7158248,351.55079877,352.82363933,
2026-06-12 03:20:00,1781234400,352.82363933,353.96280898,340.07497278,343.50178391,
2026-06-12 03:21:00,1781234460,343.50178391,349.84159998,334.00972038,336.22302783,
2026-06-12 03:22:00,1781234520,336.22302783,344.55521519,329.19452188,329.19452188,
2026-06-12 03:23:00,1781234580,329.19452188,329.87363148,322.77100189,328.54517714,
2026-06-12 03:24:00,1781234640,328.54517714,334.52386505,325.81640519,330.20286442,
2026-06-12 03:25:00,1781234700,330.20286442,330.20286442,306.87480181,317.84058602,
2026-06-12 03:26:00,1781234760,317.84058602,329.8381094,317.84058602,329.44189887,
2026-06-12 03:27:00,1781234820,329.44189887,331.2451354,321.02504561,323.56534095,
2026-06-12 03:28:00,1781234880,323.56534095,338.84735147,323.56534095,338.73848183,
2026-06-12 03:29:00,1781234940,338.73848183,338.73848183,332.19150792,333.77899184,
2026-06-12 03:30:00,1781235000,333.77899184,348.38330079,333.28492843,337.05634731,
2026-06-12 03:31:00,1781235060,337.05634731,363.32817599,336.91282989,351.58069522,
2026-06-12 03:32:00,1781235120,351.58069522,351.58069522,335.39889827,347.31129532,
2026-06-12 03:33:00,1781235180,347.31129532,351.93122867,344.14825334,347.88071461,
2026-06-12 03:34:00,1781235240,347.88071461,363.75987734,343.67265504,362.93500192,
2026-06-12 03:35:00,1781235300,362.93500192,371.47771374,351.16665967,355.49307343,
2026-06-12 03:36:00,1781235360,355.49307343,357.3583685,346.47854169,348.28054343,
2026-06-12 03:37:00,1781235420,348.28054343,359.00506268,348.2782399,357.7977049,
2026-06-12 03:38:00,1781235480,357.7977049,357.7977049,348.88470659,353.20248918,
2026-06-12 03:39:00,1781235540,353.20248918,353.34817878,346.69101984,346.79892801,
2026-06-12 03:40:00,1781235600,346.79892801,352.42862093,343.95639927,347.538704,
2026-06-12 03:41:00,1781235660,347.538704,356.22935906,343.09466075,348.36446301,
2026-06-12 03:42:00,1781235720,348.36446301,350.55040279,338.16213753,344.69598319,
2026-06-12 03:43:00,1781235780,344.69598319,347.48574446,342.17181576,343.70238306,
2026-06-12 03:44:00,1781235840,343.70238306,353.4128702,343.70238306,349.6945035,
2026-06-12 03:45:00,1781235900,349.6945035,355.11926732,342.47107443,346.84772621,
2026-06-12 03:46:00,1781235960,346.84772621,357.06499389,345.32813336,356.65455934,
2026-06-12 03:47:00,1781236020,356.65455934,362.08463624,353.3141494,357.67405126,
2026-06-12 03:48:00,1781236080,357.67405126,370.16593723,353.36558919,360.62012431,
2026-06-12 03:49:00,1781236140,360.62012431,365.1179259,346.34085583,348.34850956,
2026-06-12 03:50:00,1781236200,348.34850956,358.64779374,348.34850956,351.343561,
2026-06-12 03:51:00,1781236260,351.343561,361.01446679,351.34123846,357.50213256,
2026-06-12 03:52:00,1781236320,357.50213256,366.1301902,357.20565456,359.95414233,
2026-06-12 03:53:00,1781236380,359.95414233,365.53970726,358.604056,364.70972695,
2026-06-12 03:54:00,1781236440,364.70972695,368.8858872,361.70120722,363.35282642,
2026-06-12 03:55:00,1781236500,363.35282642,371.91943394,363.19721784,366.93167288,
2026-06-12 03:56:00,1781236560,366.93167288,366.93167288,361.42305507,363.76086893,
2026-06-12 03:57:00,1781236620,363.76086893,370.98281506,363.72365677,366.66641682,
2026-06-12 03:58:00,1781236680,366.66641682,366.84893181,360.83578999,362.07484623,
2026-06-12 03:59:00,1781236740,362.07484623,368.33351093,362.07015013,365.94750661,
2026-06-12 04:00:00,1781236800,365.94750661,369.36273466,361.98920784,362.83997931,
2026-06-12 04:01:00,1781236860,362.83997931,363.09367773,347.52576893,358.35691296,
2026-06-12 04:02:00,1781236920,358.35691296,358.35691296,348.69558797,352.71057959,
2026-06-12 04:03:00,1781236980,352.71057959,365.64198741,352.12335919,360.0658134,
2026-06-12 04:04:00,1781237040,360.0658134,363.76914992,349.74862309,363.51217892,
2026-06-12 04:05:00,1781237100,363.51217892,363.61945623,353.88481584,355.52486178,
2026-06-12 04:06:00,1781237160,355.52486178,355.9611946,338.12523577,338.51559579,
2026-06-12 04:07:00,1781237220,338.51559579,338.51559579,329.62764798,337.78760615,
2026-06-12 04:08:00,1781237280,337.78760615,359.52313509,337.76015489,354.25787116,
2026-06-12 04:09:00,1781237340,354.25787116,355.61388602,344.53059603,347.51592198,
2026-06-12 04:10:00,1781237400,347.51592198,352.00841832,346.92855607,350.85487578,
2026-06-12 04:11:00,1781237460,350.85487578,378.75497764,350.85021679,368.61441163,
2026-06-12 04:12:00,1781237520,368.61441163,370.94772429,361.91668507,365.58362681,
2026-06-12 04:13:00,1781237580,365.58362681,365.58362681,342.71754833,348.06012017,
2026-06-12 04:14:00,1781237640,348.06012017,357.37726698,344.9740649,352.95173456,
2026-06-12 04:15:00,1781237700,352.95173456,381.47233574,352.95173456,378.10822266,
2026-06-12 04:16:00,1781237760,378.10822266,431.95727504,373.54517458,429.12255156,
2026-06-12 04:17:00,1781237820,429.12255156,448.4966981,411.89977781,413.71308034,
2026-06-12 04:18:00,1781237880,413.71308034,428.36531511,408.39017762,414.42850662,
2026-06-12 04:19:00,1781237940,414.42850662,421.58053716,412.51144958,420.13536235,
2026-06-12 04:20:00,1781238000,420.13536235,420.1636642,406.25309385,414.23076312,
2026-06-12 04:21:00,1781238060,414.23076312,424.02651063,413.87625533,422.47569066,
2026-06-12 04:22:00,1781238120,422.47569066,438.60812585,413.86763479,437.02905494,
2026-06-12 04:23:00,1781238180,437.02905494,462.30591487,434.45304326,441.3701251,
2026-06-12 04:24:00,1781238240,441.3701251,452.57216965,435.72991946,446.0237483,
2026-06-12 04:25:00,1781238300,446.0237483,446.0237483,438.69729764,441.09918288,
2026-06-12 04:26:00,1781238360,441.09918288,466.6869401,437.98106789,466.59528746,
2026-06-12 04:27:00,1781238420,466.59528746,469.23838703,453.64535885,460.43193219,
2026-06-12 04:28:00,1781238480,460.43193219,469.64084752,456.38053113,463.3375537,
2026-06-12 04:29:00,1781238540,463.3375537,473.38523712,458.36015427,466.83694249,
2026-06-12 04:30:00,1781238600,466.83694249,467.18254364,450.78970499,467.18254364,
2026-06-12 04:31:00,1781238660,467.18254364,499.50991414,461.02031462,461.02031462,
2026-06-12 04:32:00,1781238720,461.02031462,472.73271039,447.0078008,458.20438301,
2026-06-12 04:33:00,1781238780,458.20438301,478.87258779,445.7714485,445.7714485,
2026-06-12 04:34:00,1781238840,445.7714485,446.67353791,429.99502682,446.38884937,
2026-06-12 04:35:00,1781238900,446.38884937,448.49212527,434.61180638,438.38228794,
2026-06-12 04:36:00,1781238960,438.38228794,444.56186799,432.33563237,432.97214702,
2026-06-12 04:37:00,1781239020,432.97214702,441.75695673,431.67331062,435.76181497,
2026-06-12 04:38:00,1781239080,435.76181497,436.10198669,423.14363189,426.8145525,
2026-06-12 04:39:00,1781239140,426.8145525,444.61263342,426.01969134,435.82540942,
2026-06-12 04:40:00,1781239200,435.82540942,436.63885323,425.05914898,432.07294148,
2026-06-12 04:41:00,1781239260,432.07294148,432.11318735,418.12524016,425.22498533,
2026-06-12 04:42:00,1781239320,425.22498533,425.38912514,415.44665761,423.71490072,
2026-06-12 04:43:00,1781239380,423.71490072,434.79204925,423.38695077,426.3367934,
2026-06-12 04:44:00,1781239440,426.3367934,435.93884332,426.3367934,428.64328289,
2026-06-12 04:45:00,1781239500,428.64328289,443.37966016,427.26772877,430.6041814,
2026-06-12 04:46:00,1781239560,430.6041814,437.21207281,424.75609885,430.64593178,
2026-06-12 04:47:00,1781239620,430.64593178,431.36792011,418.26633928,424.81562227,
2026-06-12 04:48:00,1781239680,424.81562227,428.26347704,421.96974019,426.2929193,
2026-06-12 04:49:00,1781239740,426.2929193,426.54552251,420.14380045,424.09399394,
2026-06-12 04:50:00,1781239800,424.09399394,433.64943875,420.43647632,423.66281938,
2026-06-12 04:51:00,1781239860,423.66281938,431.81727564,421.4297638,431.7290298,
2026-06-12 04:52:00,1781239920,431.7290298,432.18397092,429.36459239,430.89479028,
2026-06-12 04:53:00,1781239980,430.89479028,433.89578815,419.20705563,419.93852076,
2026-06-12 04:54:00,1781240040,419.93852076,420.73837163,417.87927382,417.98216898,
2026-06-12 04:55:00,1781240100,417.98216898,426.85367275,415.62278885,415.70410579,
2026-06-12 04:56:00,1781240160,415.70410579,421.14155647,412.69454695,419.86085697,
2026-06-12 04:57:00,1781240220,419.86085697,426.1857426,419.80904908,421.79867007,
2026-06-12 04:58:00,1781240280,421.79867007,421.79867007,415.90397209,416.66302925,
2026-06-12 04:59:00,1781240340,416.66302925,420.26424621,411.32396191,415.6483073,
2026-06-12 05:00:00,1781240400,415.6483073,427.04649022,409.73923388,412.87676108,
2026-06-12 05:01:00,1781240460,412.87676108,412.91596683,392.7555119,407.17013376,
2026-06-12 05:02:00,1781240520,407.17013376,407.17013376,382.71337639,386.37311307,
2026-06-12 05:03:00,1781240580,386.37311307,394.6858539,385.49356158,393.40731899,
2026-06-12 05:04:00,1781240640,393.40731899,399.50435403,384.55636051,387.55760071,
2026-06-12 05:05:00,1781240700,387.55760071,392.3728253,384.12051569,386.38119167,
2026-06-12 05:06:00,1781240760,386.38119167,394.78876322,383.76154306,392.35925201,
2026-06-12 05:07:00,1781240820,392.35925201,395.81350485,378.95778633,379.57589754,
2026-06-12 05:08:00,1781240880,379.57589754,379.78433119,362.14321427,370.00425735,
2026-06-12 05:09:00,1781240940,370.00425735,374.03805476,365.89131351,372.59358067,
2026-06-12 05:10:00,1781241000,372.59358067,373.24362591,356.80913022,364.63092899,
2026-06-12 05:11:00,1781241060,364.63092899,365.19535017,323.28907796,323.28907796,
2026-06-12 05:12:00,1781241120,323.28907796,330.67734625,309.67410114,325.0046355,
2026-06-12 05:13:00,1781241180,325.0046355,325.0046355,313.83511708,317.04820434,
2026-06-12 05:14:00,1781241240,317.04820434,327.59466538,316.58395279,318.28078919,
2026-06-12 05:15:00,1781241300,318.28078919,335.02557886,317.86652574,333.0146619,
2026-06-12 05:16:00,1781241360,333.0146619,343.63473505,332.11743116,340.09291454,
2026-06-12 05:17:00,1781241420,340.09291454,348.74804814,337.51668054,347.38709131,
2026-06-12 05:18:00,1781241480,347.38709131,354.01830725,345.30547505,352.14251192,
2026-06-12 05:19:00,1781241540,352.14251192,355.07303095,350.653838,351.61257485,
2026-06-12 05:20:00,1781241600,351.61257485,353.18001522,342.64322257,346.5941985,
2026-06-12 05:21:00,1781241660,346.5941985,346.72929728,339.87907137,344.29719557,
2026-06-12 05:22:00,1781241720,344.29719557,350.60638904,334.49077992,335.91497044,
2026-06-12 05:23:00,1781241780,335.91497044,347.00800046,335.10659148,335.60243681,
2026-06-12 05:24:00,1781241840,335.60243681,341.687548,326.80056426,340.69396717,
2026-06-12 05:25:00,1781241900,340.69396717,344.84915261,337.47856225,344.66720459,
2026-06-12 05:26:00,1781241960,344.66720459,346.69116026,339.0675131,339.76558983,
2026-06-12 05:27:00,1781242020,339.76558983,346.5049044,337.42644184,339.92265885,
2026-06-12 05:28:00,1781242080,339.92265885,345.63870044,337.46488894,341.32951688,
2026-06-12 05:29:00,1781242140,341.32951688,347.57593081,340.93089216,344.89472761,
2026-06-12 05:30:00,1781242200,344.89472761,350.28102114,339.05673404,348.7633871,
2026-06-12 05:31:00,1781242260,348.7633871,351.33832336,338.77024349,350.15219914,
2026-06-12 05:32:00,1781242320,350.15219914,350.99231627,332.04166107,333.31022402,
2026-06-12 05:33:00,1781242380,333.31022402,343.71517374,325.8657681,333.29658306,
2026-06-12 05:34:00,1781242440,333.29658306,340.97386914,331.1014219,336.78410548,
2026-06-12 05:35:00,1781242500,336.78410548,339.40317375,329.74407106,333.75628304,
2026-06-12 05:36:00,1781242560,333.75628304,335.20805757,315.00211666,317.08167104,
2026-06-12 05:37:00,1781242620,317.08167104,323.46342341,303.48237144,309.71191632,
2026-06-12 05:38:00,1781242680,309.71191632,314.37875166,299.72782275,301.1117483,
2026-06-12 05:39:00,1781242740,301.1117483,308.05708156,290.24162209,307.56316527,
2026-06-12 05:40:00,1781242800,307.56316527,309.41619641,297.79668955,301.85381539,
2026-06-12 05:41:00,1781242860,301.85381539,307.78495007,295.68230917,304.68233738,
2026-06-12 05:42:00,1781242920,304.68233738,308.14109731,300.79189978,308.07849938,
2026-06-12 05:43:00,1781242980,308.07849938,314.86237969,303.38007896,305.66996716,
2026-06-12 05:44:00,1781243040,305.66996716,309.33696731,303.5035158,308.24955211,
2026-06-12 05:45:00,1781243100,308.24955211,312.644884,308.24721717,310.377646,
2026-06-12 05:46:00,1781243160,310.377646,310.377646,298.71887493,299.20707927,
2026-06-12 05:47:00,1781243220,299.20707927,302.45513472,290.59427379,299.28075181,
2026-06-12 05:48:00,1781243280,299.28075181,299.37784753,293.74336293,297.2019172,
2026-06-12 05:49:00,1781243340,297.2019172,310.24070103,293.9347589,310.17448397,
2026-06-12 05:50:00,1781243400,310.17448397,310.85039621,277.21100491,277.23317702,
2026-06-12 05:51:00,1781243460,277.23317702,295.71980572,277.04292018,294.50597331,
2026-06-12 05:52:00,1781243520,294.50597331,301.5818765,279.29436859,279.91623398,
2026-06-12 05:53:00,1781243580,279.91623398,293.0835641,278.58084113,291.25885792,
2026-06-12 05:54:00,1781243640,291.25885792,300.18975103,291.25885792,296.83904454,
2026-06-12 05:55:00,1781243700,296.83904454,300.47766185,295.18820405,300.47766185,
2026-06-12 05:56:00,1781243760,300.47766185,304.46234692,296.90760119,300.75202425,
2026-06-12 05:57:00,1781243820,300.75202425,309.90020718,297.68232029,307.08747471,
2026-06-12 05:58:00,1781243880,307.08747471,307.89632043,300.4593053,301.80670449,
2026-06-12 05:59:00,1781243940,301.80670449,301.80670449,289.91024431,291.90754886,
2026-06-12 06:00:00,1781244000,291.90754886,297.5433704,283.70294366,295.60381382,
2026-06-12 06:01:00,1781244060,295.60381382,298.77198408,285.95744664,291.92142762,
2026-06-12 06:02:00,1781244120,291.92142762,305.11012203,288.37081441,301.87878754,
2026-06-12 06:03:00,1781244180,301.87878754,307.15329674,293.8188436,307.15329674,
2026-06-12 06:04:00,1781244240,307.15329674,308.3710928,298.42171186,304.62300459,
2026-06-12 06:05:00,1781244300,304.62300459,311.68962607,302.58947268,307.67226852,
2026-06-12 06:06:00,1781244360,307.67226852,311.4949365,301.58978733,303.6577643,
2026-06-12 06:07:00,1781244420,303.6577643,304.66655485,294.04124638,296.33802258,
2026-06-12 06:08:00,1781244480,296.33802258,307.24340768,288.3575261,299.35746762,
2026-06-12 06:09:00,1781244540,299.35746762,301.55151106,277.99809708,281.50153599,
2026-06-12 06:10:00,1781244600,281.50153599,285.52686284,267.73513448,285.52686284,
2026-06-12 06:11:00,1781244660,285.52686284,291.46398544,277.16135784,282.88661678,
2026-06-12 06:12:00,1781244720,282.88661678,282.97970275,271.62853416,276.11382714,
2026-06-12 06:13:00,1781244780,276.11382714,280.25504632,272.42930955,274.10748225,
2026-06-12 06:14:00,1781244840,274.10748225,277.02338543,269.16954133,276.00824777,
2026-06-12 06:15:00,1781244900,276.00824777,276.72627726,249.52944193,250.37276027,
2026-06-12 06:16:00,1781244960,250.37276027,250.37276027,235.61428733,238.59954497,
2026-06-12 06:17:00,1781245020,238.59954497,242.4824663,233.31598753,235.43088553,
2026-06-12 06:18:00,1781245080,235.43088553,248.92899839,235.42871056,247.56800649,
2026-06-12 06:19:00,1781245140,247.56800649,248.1033725,236.5409296,238.66450935,
2026-06-12 06:20:00,1781245200,238.66450935,243.00516861,236.08431148,237.41813868,
2026-06-12 06:21:00,1781245260,237.41813868,241.10919137,221.41717581,240.19716701,
2026-06-12 06:22:00,1781245320,240.19716701,242.5237738,232.83903344,240.35634873,
2026-06-12 06:23:00,1781245380,240.35634873,246.17127024,239.77258258,244.79843308,
2026-06-12 06:24:00,1781245440,244.79843308,251.51619915,244.27329171,246.59220341,
2026-06-12 06:25:00,1781245500,246.59220341,249.52397455,241.93538135,243.77172915,
2026-06-12 06:26:00,1781245560,243.77172915,247.45784292,233.75721677,244.1507171,
2026-06-12 06:27:00,1781245620,244.1507171,246.06103589,236.04031748,238.64906472,
2026-06-12 06:28:00,1781245680,238.64906472,241.9053,235.64766125,236.59611198,
2026-06-12 06:29:00,1781245740,236.59611198,236.70540255,232.28393281,233.8050104,
2026-06-12 06:30:00,1781245800,233.8050104,233.8050104,218.04308609,223.24819549,
2026-06-12 06:31:00,1781245860,223.24819549,223.30153006,205.82086467,207.44787758,
2026-06-12 06:32:00,1781245920,207.44787758,214.6739644,205.69827345,211.01495868,
2026-06-12 06:33:00,1781245980,211.01495868,211.5958873,170.17779631,173.63995429,
2026-06-12 06:34:00,1781246040,173.63995429,188.60757387,169.67646212,180.43493697,
2026-06-12 06:35:00,1781246100,180.43493697,190.56597414,179.93056993,183.9969103,
2026-06-12 06:36:00,1781246160,183.9969103,187.34003212,175.98840112,181.39242171,
2026-06-12 06:37:00,1781246220,181.39242171,185.18519635,172.0680349,172.81151233,
2026-06-12 06:38:00,1781246280,172.81151233,173.43869427,163.88547989,167.26244936,
2026-06-12 06:39:00,1781246340,167.26244936,190.31490394,167.23929497,189.94302143,
2026-06-12 06:40:00,1781246400,189.94302143,193.8495155,185.56111785,192.70923532,
2026-06-12 06:41:00,1781246460,192.70923532,192.76465489,179.83704247,190.13966468,
2026-06-12 06:42:00,1781246520,190.13966468,192.25678853,184.56359943,187.32558963,
2026-06-12 06:43:00,1781246580,187.32558963,193.32146853,183.40751751,185.45676671,
2026-06-12 06:44:00,1781246640,185.45676671,190.07615617,182.96246597,185.04508955,
2026-06-12 06:45:00,1781246700,185.04508955,198.06563493,182.74088111,195.82024045,
2026-06-12 06:46:00,1781246760,195.82024045,200.55274738,193.31313482,200.39285481,
2026-06-12 06:47:00,1781246820,200.39285481,205.71279895,200.22201253,205.50545949,
2026-06-12 06:48:00,1781246880,205.50545949,205.50545949,196.677375,202.31055147,
2026-06-12 06:49:00,1781246940,202.31055147,202.31055147,191.3803322,197.47086579,
2026-06-12 06:50:00,1781247000,197.47086579,202.2380849,190.87641381,191.06470225,
2026-06-12 06:51:00,1781247060,191.06470225,194.12252315,186.26537143,189.49973904,
2026-06-12 06:52:00,1781247120,189.49973904,197.57045285,188.08606704,193.80985191,
2026-06-12 06:53:00,1781247180,193.80985191,197.50624094,190.19046234,191.77261414,
2026-06-12 06:54:00,1781247240,191.77261414,196.92438894,190.97692979,194.44962982,
2026-06-12 06:55:00,1781247300,194.44962982,194.45779435,190.14663314,190.24521293,
2026-06-12 06:56:00,1781247360,190.24521293,197.84825145,188.91449022,196.97281513,
2026-06-12 06:57:00,1781247420,196.97281513,201.56567262,196.93443397,201.48129866,
2026-06-12 06:58:00,1781247480,201.48129866,207.93647123,198.08650102,201.12741348,
2026-06-12 06:59:00,1781247540,201.12741348,201.63147385,195.12535439,197.8702694,
2026-06-12 07:00:00,1781247600,197.8702694,215.7921665,197.6129604,213.11480322,
2026-06-12 07:01:00,1781247660,213.11480322,224.08709442,212.00490677,220.27890039,
2026-06-12 07:02:00,1781247720,220.27890039,223.78190114,215.00658055,215.00658055,
2026-06-12 07:03:00,1781247780,215.00658055,215.375798,209.68557865,215.34984662,
2026-06-12 07:04:00,1781247840,215.34984662,219.1573301,214.20019483,216.92904442,
2026-06-12 07:05:00,1781247900,216.92904442,222.40308661,215.21727874,220.84961516,
2026-06-12 07:06:00,1781247960,220.84961516,222.27804518,216.14007068,218.38895784,
2026-06-12 07:07:00,1781248020,218.38895784,218.38895784,202.66671747,208.70944729,
2026-06-12 07:08:00,1781248080,208.70944729,214.93404254,208.17118685,214.45111662,
2026-06-12 07:09:00,1781248140,214.45111662,215.0211489,209.99470616,210.0418406,
2026-06-12 07:10:00,1781248200,210.0418406,210.52937141,206.81786502,208.37560992,
2026-06-12 07:11:00,1781248260,208.37560992,213.64519639,197.5502816,198.33523721,
2026-06-12 07:12:00,1781248320,198.33523721,205.08883819,195.12677993,200.00694127,
2026-06-12 07:13:00,1781248380,200.00694127,200.95209078,189.15053334,189.34177203,
2026-06-12 07:14:00,1781248440,189.34177203,194.94426277,180.8120576,182.39586034,
2026-06-12 07:15:00,1781248500,182.39586034,188.55774216,182.2070816,183.48786066,
2026-06-12 07:16:00,1781248560,183.48786066,190.0073818,174.30624957,186.91637709,
2026-06-12 07:17:00,1781248620,186.91637709,190.4385422,178.81289631,190.4385422,
2026-06-12 07:18:00,1781248680,190.4385422,203.56423158,189.68018538,194.76151012,
2026-06-12 07:19:00,1781248740,194.76151012,197.20558269,186.28171985,190.04663299,
2026-06-12 07:20:00,1781248800,190.04663299,199.89452296,189.26714528,199.89035637,
2026-06-12 07:21:00,1781248860,199.89035637,201.83798932,182.23420384,190.43332382,
2026-06-12 07:22:00,1781248920,190.43332382,190.64887716,178.84618375,180.22883312,
2026-06-12 07:23:00,1781248980,180.22883312,190.04342205,179.09780631,190.04342205,
2026-06-12 07:24:00,1781249040,190.04342205,195.8751268,190.03933685,193.58941724,
2026-06-12 07:25:00,1781249100,193.58941724,193.58941724,184.49342222,186.95428905,
2026-06-12 07:26:00,1781249160,186.95428905,190.3048054,186.19637277,188.93603697,
2026-06-12 07:27:00,1781249220,188.93603697,188.93603697,183.44274929,186.05056003,
2026-06-12 07:28:00,1781249280,186.05056003,188.86742433,182.0239881,188.07898929,
2026-06-12 07:29:00,1781249340,188.07898929,191.57052596,185.82116868,187.55411912,
2026-06-12 07:30:00,1781249400,187.55411912,190.43159337,184.00852599,189.97223562,
2026-06-12 07:31:00,1781249460,189.97223562,192.56705544,187.28236952,192.49500008,
2026-06-12 07:32:00,1781249520,192.49500008,192.49500008,182.56543086,187.41791219,
2026-06-12 07:33:00,1781249580,187.41791219,188.23308861,179.63574378,185.71166462,
2026-06-12 07:34:00,1781249640,185.71166462,191.82579446,177.88203673,177.88203673,
2026-06-12 07:35:00,1781249700,177.88203673,189.0404309,177.32655828,185.43483391,
2026-06-12 07:36:00,1781249760,185.43483391,185.64236945,177.83908456,180.38752197,
2026-06-12 07:37:00,1781249820,180.38752197,183.10656251,170.78101078,172.16751081,
2026-06-12 07:38:00,1781249880,172.16751081,179.83096771,168.12823313,179.78904532,
2026-06-12 07:39:00,1781249940,179.78904532,195.01349348,179.05021172,194.77702109,
2026-06-12 07:40:00,1781250000,194.77702109,200.72663294,189.7296335,194.54567261,
2026-06-12 07:41:00,1781250060,194.54567261,202.07248686,193.96643251,202.07248686,
2026-06-12 07:42:00,1781250120,202.07248686,204.03668608,196.96858632,202.86857254,
2026-06-12 07:43:00,1781250180,202.86857254,202.88557678,195.72799838,195.89345223,
2026-06-12 07:44:00,1781250240,195.89345223,198.20216623,172.21579913,172.35630169,
2026-06-12 07:45:00,1781250300,172.35630169,172.35630169,160.0052058,160.36549925,
2026-06-12 07:46:00,1781250360,160.36549925,160.52491863,150.69864502,152.49209248,
2026-06-12 07:47:00,1781250420,152.49209248,152.51414417,147.14339033,148.41515221,
2026-06-12 07:48:00,1781250480,148.41515221,155.54667479,147.28347293,153.51907753,
2026-06-12 07:49:00,1781250540,153.51907753,157.12025512,153.51907753,156.88928586,
2026-06-12 07:50:00,1781250600,156.88928586,157.36254484,152.05588055,155.21636319,
2026-06-12 07:51:00,1781250660,155.21636319,155.48375318,153.59534363,154.79048308,
2026-06-12 07:52:00,1781250720,154.79048308,158.04857012,152.20979586,155.18604685,
2026-06-12 07:53:00,1781250780,155.18604685,155.70093648,148.40771365,148.57763066,
2026-06-12 07:54:00,1781250840,148.57763066,149.61213803,147.50776397,149.43991504,
2026-06-12 07:55:00,1781250900,149.43991504,157.20166663,149.0465342,156.64589863,
2026-06-12 07:56:00,1781250960,156.64589863,190.8485844,156.60108828,175.18934327,
2026-06-12 07:57:00,1781251020,175.18934327,187.47220857,162.11417188,164.97194264,
2026-06-12 07:58:00,1781251080,164.97194264,167.0077163,156.41386559,161.85353376,
2026-06-12 07:59:00,1781251140,161.85353376,162.46028274,155.74779329,157.2024599,
2026-06-12 08:00:00,1781251200,157.2024599,162.85519702,156.05570337,159.87170068,
2026-06-12 08:01:00,1781251260,159.87170068,166.48679414,158.28626312,163.59973595,
2026-06-12 08:02:00,1781251320,163.59973595,176.56444521,160.91735815,170.34035102,
2026-06-12 08:03:00,1781251380,170.34035102,170.5127921,157.52123467,163.33611111,
2026-06-12 08:04:00,1781251440,163.33611111,167.78798229,155.96979237,157.37123876,
2026-06-12 08:05:00,1781251500,157.37123876,171.62627032,155.83948208,171.55111893,
2026-06-12 08:06:00,1781251560,171.55111893,182.78323831,169.80883025,179.53718369,
2026-06-12 08:07:00,1781251620,179.53718369,190.32564341,179.10319917,187.86766291,
2026-06-12 08:08:00,1781251680,187.86766291,196.54550393,187.79934585,196.51407288,
2026-06-12 08:09:00,1781251740,196.51407288,198.41576379,192.99745093,193.96764955,
2026-06-12 08:10:00,1781251800,193.96764955,209.02868208,193.44819714,199.14725706,
2026-06-12 08:11:00,1781251860,199.14725706,206.22246882,193.74981433,201.98096348,
2026-06-12 08:12:00,1781251920,201.98096348,208.29031707,201.98096348,207.98894652,
2026-06-12 08:13:00,1781251980,207.98894652,217.10766153,203.39873476,209.90581993,
2026-06-12 08:14:00,1781252040,209.90581993,209.94446009,203.26323147,203.34751312,
2026-06-12 08:15:00,1781252100,203.34751312,206.86003848,200.41862141,206.51366762,
2026-06-12 08:16:00,1781252160,206.51366762,233.77360962,204.77084752,231.63040168,
2026-06-12 08:17:00,1781252220,231.63040168,242.62423329,221.34385059,234.81110856,
2026-06-12 08:18:00,1781252280,234.81110856,258.86041669,232.45449143,254.66082429,
2026-06-12 08:19:00,1781252340,254.66082429,259.73472022,247.55641644,255.50193035,
2026-06-12 08:20:00,1781252400,255.50193035,257.50325512,249.46690586,256.12581939,
2026-06-12 08:21:00,1781252460,256.12581939,299.9447891,255.47966665,287.71113602,
2026-06-12 08:22:00,1781252520,287.71113602,309.31256389,281.12731308,288.27161977,
2026-06-12 08:23:00,1781252580,288.27161977,288.27161977,266.97056789,273.95401483,
2026-06-12 08:24:00,1781252640,273.95401483,284.45749227,267.14169922,267.14169922,
2026-06-12 08:25:00,1781252700,267.14169922,270.03909766,261.7384065,265.62913293,
2026-06-12 08:26:00,1781252760,265.62913293,267.73973381,259.9895484,261.24335111,
2026-06-12 08:27:00,1781252820,261.24335111,279.43653352,261.24117119,270.2363079,
2026-06-12 08:28:00,1781252880,270.2363079,282.5008707,265.30532344,278.99817739,
2026-06-12 08:29:00,1781252940,278.99817739,280.97643912,270.40067271,276.56134025,
2026-06-12 08:30:00,1781253000,276.56134025,281.17977489,263.63848258,263.92235187,
2026-06-12 08:31:00,1781253060,263.92235187,269.38416111,257.23483959,259.5109742,
2026-06-12 08:32:00,1781253120,259.5109742,263.08235758,254.41530773,260.30408866,
2026-06-12 08:33:00,1781253180,260.30408866,275.01848682,258.36377349,271.28546468,
2026-06-12 08:34:00,1781253240,271.28546468,274.13622619,258.79197235,259.33156311,
2026-06-12 08:35:00,1781253300,259.33156311,259.6728027,245.07328016,250.23065394,
2026-06-12 08:36:00,1781253360,250.23065394,252.31922165,246.99238876,248.29537231,
2026-06-12 08:37:00,1781253420,248.29537231,248.29537231,231.50499936,237.73010663,
2026-06-12 08:38:00,1781253480,237.73010663,246.43135568,235.75539913,245.79860008,
2026-06-12 08:39:00,1781253540,245.79860008,255.04622827,244.27966012,252.96411815,
2026-06-12 08:40:00,1781253600,252.96411815,253.63550488,232.53374698,234.24984861,
2026-06-12 08:41:00,1781253660,234.24984861,239.8205394,228.65162242,229.70065425,
2026-06-12 08:42:00,1781253720,229.70065425,231.51024618,218.63195415,221.44143011,
2026-06-12 08:43:00,1781253780,221.44143011,221.98915634,217.28230281,218.16474445,
2026-06-12 08:44:00,1781253840,218.16474445,219.69377663,215.38466009,219.45628797,
2026-06-12 08:45:00,1781253900,219.45628797,219.8448216,208.99324458,209.225875,
2026-06-12 08:46:00,1781253960,209.225875,227.78752301,207.06506559,227.78752301,
2026-06-12 08:47:00,1781254020,227.78752301,237.32083843,223.68545185,225.64806732,
2026-06-12 08:48:00,1781254080,225.64806732,237.10136918,225.40680601,234.75611696,
2026-06-12 08:49:00,1781254140,234.75611696,235.99481367,226.08882698,227.70250224,
2026-06-12 08:50:00,1781254200,227.70250224,228.88786805,223.27505184,227.67597058,
2026-06-12 08:51:00,1781254260,227.67597058,234.87391777,223.28565622,227.67811409,
2026-06-12 08:52:00,1781254320,227.67811409,243.14962237,227.67811409,239.11186144,
2026-06-12 08:53:00,1781254380,239.11186144,245.15009435,236.08320757,241.05168687,
2026-06-12 08:54:00,1781254440,241.05168687,241.05168687,234.3870506,237.54586252,
2026-06-12 08:55:00,1781254500,237.54586252,242.1572273,235.94726069,238.5298576,
2026-06-12 08:56:00,1781254560,238.5298576,245.5081149,234.65761548,241.99129025,
2026-06-12 08:57:00,1781254620,241.99129025,242.66024002,239.75166684,240.81254576,
2026-06-12 08:58:00,1781254680,240.81254576,243.26018987,236.80971712,237.57537377,
2026-06-12 08:59:00,1781254740,237.57537377,243.41260846,236.90412597,237.18677097,
2026-06-12 09:00:00,1781254800,237.18677097,237.62306005,231.7246916,234.70514308,
2026-06-12 09:01:00,1781254860,234.70514308,243.40814248,234.44831339,240.34243816,
2026-06-12 09:02:00,1781254920,240.34243816,253.44527571,238.96855225,248.83188075,
2026-06-12 09:03:00,1781254980,248.83188075,248.83423302,229.32557792,230.27128317,
2026-06-12 09:04:00,1781255040,230.27128317,231.95242812,226.48629123,227.73596541,
2026-06-12 09:05:00,1781255100,227.73596541,245.47024745,226.12244224,233.18743663,
2026-06-12 09:06:00,1781255160,233.18743663,244.09115862,233.18743663,240.85396089,
2026-06-12 09:07:00,1781255220,240.85396089,264.42002513,240.52409111,260.56774727,
2026-06-12 09:08:00,1781255280,260.56774727,261.92036127,241.53436503,245.5646193,
2026-06-12 09:09:00,1781255340,245.5646193,257.73116882,245.5646193,251.56239951,
2026-06-12 09:10:00,1781255400,251.56239951,251.56239951,242.47101684,248.81134303,
2026-06-12 09:11:00,1781255460,248.81134303,261.96530962,248.77569177,258.74612413,
2026-06-12 09:12:00,1781255520,258.74612413,261.06490237,251.63906625,251.63906625,
2026-06-12 09:13:00,1781255580,251.63906625,259.21801126,249.27505656,258.54606214,
2026-06-12 09:14:00,1781255640,258.54606214,275.35546705,256.47558589,270.05345788,
2026-06-12 09:15:00,1781255700,270.05345788,274.54846237,263.87815418,272.62873131,
2026-06-12 09:16:00,1781255760,272.62873131,284.56493268,264.47136477,282.54417465,
2026-06-12 09:17:00,1781255820,282.54417465,286.07027727,263.71382113,270.35769982,
2026-06-12 09:18:00,1781255880,270.35769982,275.34965338,266.58253342,267.87153474,
2026-06-12 09:19:00,1781255940,267.87153474,280.00946643,267.83623614,278.15601834,
2026-06-12 09:20:00,1781256000,278.15601834,293.02421516,277.58654061,282.29263807,
2026-06-12 09:21:00,1781256060,282.29263807,318.79346909,280.26634127,317.17997812,
2026-06-12 09:22:00,1781256120,317.17997812,329.00877901,295.82170702,305.38281432,
2026-06-12 09:23:00,1781256180,305.38281432,311.13558197,303.74677703,305.6350574,
2026-06-12 09:24:00,1781256240,305.6350574,315.92310557,305.54877194,311.13528044,
2026-06-12 09:25:00,1781256300,311.13528044,323.00994878,309.49997898,322.77997787,
2026-06-12 09:26:00,1781256360,322.77997787,332.45353858,319.23293371,332.33103936,
2026-06-12 09:27:00,1781256420,332.33103936,349.48920341,331.79359533,338.64737777,
2026-06-12 09:28:00,1781256480,338.64737777,363.1169214,335.75226904,354.03411286,
2026-06-12 09:29:00,1781256540,354.03411286,364.18027227,348.2189832,354.38166805,
2026-06-12 09:30:00,1781256600,354.38166805,367.15905015,351.91620156,367.15667662,
2026-06-12 09:31:00,1781256660,367.15667662,370.84319994,356.40726963,367.95706213,
2026-06-12 09:32:00,1781256720,367.95706213,426.3952207,367.91354221,412.59742734,
2026-06-12 09:33:00,1781256780,412.59742734,431.09489479,405.41749315,423.03601546,
2026-06-12 09:34:00,1781256840,423.03601546,447.39894585,414.62019284,424.25822783,
2026-06-12 09:35:00,1781256900,424.25822783,432.24529432,402.14180035,425.24582491,
2026-06-12 09:36:00,1781256960,425.24582491,429.26236382,404.32650487,405.60304992,
2026-06-12 09:37:00,1781257020,405.60304992,414.434575,402.16559904,404.57235412,
2026-06-12 09:38:00,1781257080,404.57235412,414.13560448,400.39562976,404.15538223,
2026-06-12 09:39:00,1781257140,404.15538223,411.33233098,397.96540999,405.62029165,
2026-06-12 09:40:00,1781257200,405.62029165,419.89234732,402.36196112,410.15474512,
2026-06-12 09:41:00,1781257260,410.15474512,410.15474512,391.09831275,394.96407792,
2026-06-12 09:42:00,1781257320,394.96407792,416.83635346,394.45817312,412.46434095,
2026-06-12 09:43:00,1781257380,412.46434095,426.30561583,412.46185539,420.17777468,
2026-06-12 09:44:00,1781257440,420.17777468,431.59318754,418.29150032,418.97788661,
2026-06-12 09:45:00,1781257500,418.97788661,430.86622223,393.427707,425.22504613,
2026-06-12 09:46:00,1781257560,425.22504613,425.22504613,412.64211985,414.25332565,
2026-06-12 09:47:00,1781257620,414.25332565,444.53879891,414.20466376,429.90265793,
2026-06-12 09:48:00,1781257680,429.90265793,437.75887307,398.19447823,404.90683646,
2026-06-12 09:49:00,1781257740,404.90683646,405.14254308,395.86905894,397.61329788,
2026-06-12 09:50:00,1781257800,397.61329788,410.41766319,397.41452449,408.40988337,
2026-06-12 09:51:00,1781257860,408.40988337,408.40988337,384.00613094,390.43627867,
2026-06-12 09:52:00,1781257920,390.43627867,390.43627867,378.37772082,383.04510901,
2026-06-12 09:53:00,1781257980,383.04510901,388.24156796,377.5447556,380.72049315,
2026-06-12 09:54:00,1781258040,380.72049315,388.24976823,377.56112834,377.56112834,
2026-06-12 09:55:00,1781258100,377.56112834,405.98699453,374.87789798,398.47225157,
2026-06-12 09:56:00,1781258160,398.47225157,403.44068394,382.04985021,383.01052192,
2026-06-12 09:57:00,1781258220,383.01052192,390.07735096,381.56647041,387.77954898,
2026-06-12 09:58:00,1781258280,387.77954898,392.50310511,379.37053234,380.16783715,
2026-06-12 09:59:00,1781258340,380.16783715,380.59638552,361.74125233,365.49989942,
2026-06-12 10:00:00,1781258400,365.49989942,365.49989942,338.42355718,346.13776419,
2026-06-12 10:01:00,1781258460,346.13776419,353.46818359,343.81676271,349.06339343,
2026-06-12 10:02:00,1781258520,349.06339343,362.78888278,349.06092622,354.41509338,
2026-06-12 10:03:00,1781258580,354.41509338,357.14254398,336.48813277,344.04468053,
2026-06-12 10:04:00,1781258640,344.04468053,352.77850152,339.54161165,340.2004974,
2026-06-12 10:05:00,1781258700,340.2004974,340.2004974,331.79932167,332.87368324,
2026-06-12 10:06:00,1781258760,332.87368324,340.37735204,332.19677636,339.12688486,
2026-06-12 10:07:00,1781258820,339.12688486,350.87902674,337.68880503,350.87902674,
2026-06-12 10:08:00,1781258880,350.87902674,354.16724014,347.29700613,352.89287449,
2026-06-12 10:09:00,1781258940,352.89287449,385.77326557,343.25515188,385.77326557,
2026-06-12 10:10:00,1781259000,385.77326557,400.06829329,364.68898081,374.01782928,
2026-06-12 10:11:00,1781259060,374.01782928,375.36864137,341.25867728,355.39587078,
2026-06-12 10:12:00,1781259120,355.39587078,355.39587078,336.78536283,339.61990731,
2026-06-12 10:13:00,1781259180,339.61990731,361.95424914,339.49449822,354.36759976,
2026-06-12 10:14:00,1781259240,354.36759976,358.65180476,349.57934523,358.65180476,
2026-06-12 10:15:00,1781259300,358.65180476,358.65180476,335.60410042,347.5421091,
2026-06-12 10:16:00,1781259360,347.5421091,358.90716145,347.5421091,349.65875098,
2026-06-12 10:17:00,1781259420,349.65875098,365.5035511,347.29964045,357.1254712,
2026-06-12 10:18:00,1781259480,357.1254712,364.33243225,346.3391958,348.01177414,
2026-06-12 10:19:00,1781259540,348.01177414,357.22435198,347.88147327,356.10143609,
2026-06-12 10:20:00,1781259600,356.10143609,357.80670342,345.56084451,347.45082726,
2026-06-12 10:21:00,1781259660,347.45082726,357.51205067,347.31322508,355.09247534,
2026-06-12 10:22:00,1781259720,355.09247534,358.54703082,345.70892778,356.36230961,
2026-06-12 10:23:00,1781259780,356.36230961,360.15108505,351.81297322,357.00644716,
2026-06-12 10:24:00,1781259840,357.00644716,371.3681792,356.56627941,371.10275028,
2026-06-12 10:25:00,1781259900,371.10275028,375.79690365,301.36143942,306.54169935,
2026-06-12 10:26:00,1781259960,306.54169935,309.54432592,291.18219682,291.18219682,
2026-06-12 10:27:00,1781260020,291.18219682,296.39934411,283.1907755,287.4055541,
2026-06-12 10:28:00,1781260080,287.4055541,293.67855393,286.26136839,290.28220219,
2026-06-12 10:29:00,1781260140,290.28220219,295.11076896,280.37234025,291.8957111,
2026-06-12 10:30:00,1781260200,291.8957111,318.59712862,291.00474687,302.27748858,
2026-06-12 10:31:00,1781260260,302.27748858,310.1969719,297.97842897,304.79483639,
2026-06-12 10:32:00,1781260320,304.79483639,326.42861401,299.33431194,326.42861401,
2026-06-12 10:33:00,1781260380,326.42861401,334.8821564,313.23286045,319.47990198,
2026-06-12 10:34:00,1781260440,319.47990198,342.16587777,319.47748947,341.29166188,
2026-06-12 10:35:00,1781260500,341.29166188,349.91980808,331.3665679,335.81847014,
2026-06-12 10:36:00,1781260560,335.81847014,353.51033573,325.89198688,350.30269248,
2026-06-12 10:37:00,1781260620,350.30269248,350.30269248,332.47411059,343.60919106,
2026-06-12 10:38:00,1781260680,343.60919106,345.49521869,337.85739224,342.5123139,
2026-06-12 10:39:00,1781260740,342.5123139,350.52806474,323.30191838,328.71095284,
2026-06-12 10:40:00,1781260800,328.71095284,336.99494718,317.68438981,328.75196088,
2026-06-12 10:41:00,1781260860,328.75196088,333.64521915,315.34126372,316.16155402,
2026-06-12 10:42:00,1781260920,316.16155402,321.32107164,312.10778347,320.30440399,
2026-06-12 10:43:00,1781260980,320.30440399,320.30440399,310.7068039,311.54349749,
2026-06-12 10:44:00,1781261040,311.54349749,321.6529424,311.11284006,321.17531861,
2026-06-12 10:45:00,1781261100,321.17531861,324.29340873,312.79505881,324.25093816,
2026-06-12 10:46:00,1781261160,324.25093816,328.52079196,320.62354554,322.57318188,
2026-06-12 10:47:00,1781261220,322.57318188,325.11123938,312.79994131,324.98852231,
2026-06-12 10:48:00,1781261280,324.98852231,345.59700458,324.86583586,339.572766,
2026-06-12 10:49:00,1781261340,339.572766,342.72567755,328.52059703,336.78865071,
2026-06-12 10:50:00,1781261400,336.78865071,341.01917056,330.78847512,334.71669057,
2026-06-12 10:51:00,1781261460,334.71669057,337.0470785,326.61077763,327.44728776,
2026-06-12 10:52:00,1781261520,327.44728776,330.70024839,319.16349739,329.76448024,
2026-06-12 10:53:00,1781261580,329.76448024,336.88249368,328.48199777,329.65440321,
2026-06-12 10:54:00,1781261640,329.65440321,337.04981074,325.0271376,325.49530016,
2026-06-12 10:55:00,1781261700,325.49530016,331.96673741,318.1709167,330.7311958,
2026-06-12 10:56:00,1781261760,330.7311958,337.38950704,327.28009142,328.32919441,
2026-06-12 10:57:00,1781261820,328.32919441,328.32919441,310.15104635,325.99674163,
2026-06-12 10:58:00,1781261880,325.99674163,342.563062,319.33466615,328.29407874,
2026-06-12 10:59:00,1781261940,328.29407874,333.68791486,322.14772486,324.04851069,
2026-06-12 11:00:00,1781262000,324.04851069,331.33052786,317.4211846,317.49782943,
2026-06-12 11:01:00,1781262060,317.49782943,335.91639035,317.4884269,335.87529825,
2026-06-12 11:02:00,1781262120,335.87529825,363.61419224,324.83752359,359.34107386,
2026-06-12 11:03:00,1781262180,359.34107386,398.81496505,356.16412363,391.70613617,
2026-06-12 11:04:00,1781262240,391.70613617,396.04526382,359.12682917,374.52935418,
2026-06-12 11:05:00,1781262300,374.52935418,407.00757132,367.33867313,400.00549361,
2026-06-12 11:06:00,1781262360,400.00549361,407.66601131,377.30576645,379.36014268,
2026-06-12 11:07:00,1781262420,379.36014268,394.42604814,376.76049597,381.41264379,
2026-06-12 11:08:00,1781262480,381.41264379,385.98058587,371.47212302,371.51581575,
2026-06-12 11:09:00,1781262540,371.51581575,371.68807334,352.45351459,354.63201472,
2026-06-12 11:10:00,1781262600,354.63201472,360.53786966,346.39147106,346.43325669,
2026-06-12 11:11:00,1781262660,346.43325669,359.94357752,344.79285602,358.73825471,
2026-06-12 11:12:00,1781262720,358.73825471,380.13471901,358.49100838,374.7074259,
2026-06-12 11:13:00,1781262780,374.7074259,392.84083119,374.29959634,383.85496145,
2026-06-12 11:14:00,1781262840,383.85496145,389.30570454,380.31484231,381.80742326,
2026-06-12 11:15:00,1781262900,381.80742326,393.45450978,380.9588139,389.10448883,
2026-06-12 11:16:00,1781262960,389.10448883,389.23700017,370.83611278,383.49634801,
2026-06-12 11:17:00,1781263020,383.49634801,383.49792103,366.76325551,368.84325443,
2026-06-12 11:18:00,1781263080,368.84325443,372.17655425,350.81805582,361.49167656,
2026-06-12 11:19:00,1781263140,361.49167656,361.54742935,352.4720082,359.8969356,
2026-06-12 11:20:00,1781263200,359.8969356,381.8317433,358.00189417,370.60383129,
2026-06-12 11:21:00,1781263260,370.60383129,379.72580524,367.19744613,378.87465299,
2026-06-12 11:22:00,1781263320,378.87465299,388.6250328,375.98345464,386.80375613,
2026-06-12 11:23:00,1781263380,386.80375613,395.57418722,378.62008414,393.60351311,
2026-06-12 11:24:00,1781263440,393.60351311,405.26588633,383.1031697,400.46891106,
2026-06-12 11:25:00,1781263500,400.46891106,407.98074726,391.13243528,395.9850564,
2026-06-12 11:26:00,1781263560,395.9850564,398.83213538,384.91870851,385.49183698,
2026-06-12 11:27:00,1781263620,385.49183698,387.0552695,381.85385742,381.85385742,
2026-06-12 11:28:00,1781263680,381.85385742,397.03025245,380.74169022,395.92351847,
2026-06-12 11:29:00,1781263740,395.92351847,396.55121474,382.07439836,382.69318774,
2026-06-12 11:30:00,1781263800,382.69318774,383.00053851,359.03704935,368.43833769,
2026-06-12 11:31:00,1781263860,368.43833769,383.66797872,357.33156521,362.19143434,
2026-06-12 11:32:00,1781263920,362.19143434,371.7497202,340.4056098,342.62630877,
2026-06-12 11:33:00,1781263980,342.62630877,351.90326425,338.76735389,344.54235096,
2026-06-12 11:34:00,1781264040,344.54235096,352.53696834,342.42505008,344.65334808,
2026-06-12 11:35:00,1781264100,344.65334808,348.26163116,320.97690248,330.79074866,
2026-06-12 11:36:00,1781264160,330.79074866,335.70552891,328.60107798,331.65602786,
2026-06-12 11:37:00,1781264220,331.65602786,334.10957677,323.84178249,326.19613915,
2026-06-12 11:38:00,1781264280,326.19613915,334.75286213,319.59139041,324.19102337,
2026-06-12 11:39:00,1781264340,324.19102337,330.46267564,319.14595846,321.30186487,
2026-06-12 11:40:00,1781264400,321.30186487,337.9207027,320.46313868,336.27108207,
2026-06-12 11:41:00,1781264460,336.27108207,371.47469016,332.00831401,358.83113662,
2026-06-12 11:42:00,1781264520,358.83113662,361.09666683,350.4826872,356.97826282,
2026-06-12 11:43:00,1781264580,356.97826282,368.04312619,352.31372984,365.93134436,
2026-06-12 11:44:00,1781264640,365.93134436,367.6700767,362.30486724,366.34557864,
2026-06-12 11:45:00,1781264700,366.34557864,406.94633031,366.29948249,396.23803288,
2026-06-12 11:46:00,1781264760,396.23803288,396.23803288,379.49251234,386.70135124,
2026-06-12 11:47:00,1781264820,386.70135124,386.70135124,364.49427252,383.52374404,
2026-06-12 11:48:00,1781264880,383.52374404,389.90093446,379.45615525,386.0067753,
2026-06-12 11:49:00,1781264940,386.0067753,386.54516006,376.76196564,378.17521217,
2026-06-12 11:50:00,1781265000,378.17521217,383.36257279,375.99712678,379.87727172,
2026-06-12 11:51:00,1781265060,379.87727172,381.69198449,367.8320583,374.84164252,
2026-06-12 11:52:00,1781265120,374.84164252,380.90843953,374.66306027,379.34368377,
2026-06-12 11:53:00,1781265180,379.34368377,388.45397938,371.01703976,387.19199839,
2026-06-12 11:54:00,1781265240,387.19199839,388.85431723,385.21838303,388.28935222,
2026-06-12 11:55:00,1781265300,388.28935222,395.02841167,376.50345133,389.58672963,
2026-06-12 11:56:00,1781265360,389.58672963,389.58672963,369.70136692,381.50756386,
2026-06-12 11:57:00,1781265420,381.50756386,381.50756386,371.28162744,371.28162744,
2026-06-12 11:58:00,1781265480,371.28162744,373.73744869,360.20485719,368.62891489,
2026-06-12 11:59:00,1781265540,368.62891489,368.62891489,351.77942501,352.98270966,
2026-06-12 12:00:00,1781265600,352.98270966,352.98270966,312.12836022,314.13013193,
2026-06-12 12:01:00,1781265660,314.13013193,344.0034962,305.99396978,326.77482271,
2026-06-12 12:02:00,1781265720,326.77482271,350.08149948,319.98975768,344.73087203,
2026-06-12 12:03:00,1781265780,344.73087203,358.77846963,344.33106294,344.93158443,
2026-06-12 12:04:00,1781265840,344.93158443,346.27432802,310.03037635,318.47412564,
2026-06-12 12:05:00,1781265900,318.47412564,327.94267841,314.27462673,318.13815099,
2026-06-12 12:06:00,1781265960,318.13815099,329.42161708,303.46618154,310.03577853,
2026-06-12 12:07:00,1781266020,310.03577853,316.55821532,305.68689152,307.10951089,
2026-06-12 12:08:00,1781266080,307.10951089,320.87528102,306.58409015,317.77794876,
2026-06-12 12:09:00,1781266140,317.77794876,320.37495157,309.90317438,312.2114076,
2026-06-12 12:10:00,1781266200,312.2114076,328.4533788,312.07742904,320.90889902,
2026-06-12 12:11:00,1781266260,320.90889902,322.03252238,303.55106641,308.07159918,
2026-06-12 12:12:00,1781266320,308.07159918,308.07159918,292.21177742,292.24668237,
2026-06-12 12:13:00,1781266380,292.24668237,302.8074593,292.24416011,298.65782615,
2026-06-12 12:14:00,1781266440,298.65782615,299.59598358,291.37644005,295.90400351,
2026-06-12 12:15:00,1781266500,295.90400351,308.05131982,290.88586151,292.43298497,
2026-06-12 12:16:00,1781266560,292.43298497,306.17112874,286.95326129,302.16607432,
2026-06-12 12:17:00,1781266620,302.16607432,304.26540239,294.17438788,303.59315045,
2026-06-12 12:18:00,1781266680,303.59315045,305.31317682,297.28664069,298.61392325,
2026-06-12 12:19:00,1781266740,298.61392325,314.59545041,297.97519146,298.05134987,
2026-06-12 12:20:00,1781266800,298.05134987,303.74157409,279.81395591,279.84791892,
2026-06-12 12:21:00,1781266860,279.84791892,285.94620173,267.63596188,268.16181396,
2026-06-12 12:22:00,1781266920,268.16181396,289.25155672,268.15934172,284.26990435,
2026-06-12 12:23:00,1781266980,284.26990435,287.98015738,275.14883714,281.04453165,
2026-06-12 12:24:00,1781267040,281.04453165,281.19842841,267.31499562,267.55969245,
2026-06-12 12:25:00,1781267100,267.55969245,269.19279013,257.06069372,263.47328013,
2026-06-12 12:26:00,1781267160,263.47328013,264.66720103,259.51406181,259.57694431,
2026-06-12 12:27:00,1781267220,259.57694431,259.9102317,243.14632172,249.915676,
2026-06-12 12:28:00,1781267280,249.915676,255.42187258,240.49671027,246.70631807,
2026-06-12 12:29:00,1781267340,246.70631807,246.70631807,234.45678289,234.45678289,
2026-06-12 12:30:00,1781267400,234.45678289,251.07037488,229.93566521,248.77473443,
2026-06-12 12:31:00,1781267460,248.77473443,257.71519882,245.0903793,253.69694976,
2026-06-12 12:32:00,1781267520,253.69694976,260.3189208,249.425847,258.37073556,
2026-06-12 12:33:00,1781267580,258.37073556,268.80424231,257.69500361,263.99021451,
2026-06-12 12:34:00,1781267640,263.99021451,277.37290191,260.95702462,273.14545778,
2026-06-12 12:35:00,1781267700,273.14545778,279.23255844,261.75668887,263.49885321,
2026-06-12 12:36:00,1781267760,263.49885321,263.99489228,255.35720495,255.728248,
2026-06-12 12:37:00,1781267820,255.728248,268.40705631,255.624513,261.5129326,
2026-06-12 12:38:00,1781267880,261.5129326,261.75012675,244.97746328,244.97746328,
2026-06-12 12:39:00,1781267940,244.97746328,244.97746328,225.30790304,232.4452247,
2026-06-12 12:40:00,1781268000,232.4452247,240.85053607,223.0405175,240.02077761,
2026-06-12 12:41:00,1781268060,240.02077761,248.55433451,233.95725884,245.64003811,
2026-06-12 12:42:00,1781268120,245.64003811,249.16633013,236.87096319,248.37806085,
2026-06-12 12:43:00,1781268180,248.37806085,257.24611295,245.97440991,254.64037877,
2026-06-12 12:44:00,1781268240,254.64037877,257.64668464,226.19841871,239.33333283,
2026-06-12 12:45:00,1781268300,239.33333283,240.36583708,230.3998938,236.7707915,
2026-06-12 12:46:00,1781268360,236.7707915,254.67740649,236.57788473,249.71955463,
2026-06-12 12:47:00,1781268420,249.71955463,257.42339151,243.38698535,253.65461564,
2026-06-12 12:48:00,1781268480,253.65461564,262.53927662,244.74729927,260.24860165,
2026-06-12 12:49:00,1781268540,260.24860165,268.52165262,254.61529344,254.61529344,
2026-06-12 12:50:00,1781268600,254.61529344,272.00597808,250.27391728,253.4221056,
2026-06-12 12:51:00,1781268660,253.4221056,255.90599777,240.70921896,247.11582357,
2026-06-12 12:52:00,1781268720,247.11582357,265.52403546,246.5892274,263.06037227,
2026-06-12 12:53:00,1781268780,263.06037227,263.06037227,251.90365644,252.04061386,
2026-06-12 12:54:00,1781268840,252.04061386,252.04061386,226.14534341,228.93990005,
2026-06-12 12:55:00,1781268900,228.93990005,235.8698928,209.33105036,224.14116993,
2026-06-12 12:56:00,1781268960,224.14116993,229.89945853,218.65756254,224.31697312,
2026-06-12 12:57:00,1781269020,224.31697312,238.46775923,224.09745005,236.63831054,
2026-06-12 12:58:00,1781269080,236.63831054,240.77721609,233.09759481,239.0050367,
2026-06-12 12:59:00,1781269140,239.0050367,250.34963149,236.23407476,237.66492241,
2026-06-12 13:00:00,1781269200,237.66492241,248.47004958,231.83968218,232.02971919,
2026-06-12 13:01:00,1781269260,232.02971919,234.1466813,225.18984529,228.51609802,
2026-06-12 13:02:00,1781269320,228.51609802,237.9033374,216.82922529,237.40942393,
2026-06-12 13:03:00,1781269380,237.40942393,237.64352618,224.99166402,231.58231566,
2026-06-12 13:04:00,1781269440,231.58231566,231.67201146,225.23128833,226.24803483,
2026-06-12 13:05:00,1781269500,226.24803483,234.9398583,225.19106559,232.87425728,
2026-06-12 13:06:00,1781269560,232.87425728,234.27086031,225.58206784,228.0820327,
2026-06-12 13:07:00,1781269620,228.0820327,238.71271398,228.0820327,234.85259845,
2026-06-12 13:08:00,1781269680,234.85259845,245.03218744,234.85012304,239.06340372,
2026-06-12 13:09:00,1781269740,239.06340372,253.91036319,236.94904942,236.94904942,
2026-06-12 13:10:00,1781269800,236.94904942,243.10496212,227.48368292,238.69252491,
2026-06-12 13:11:00,1781269860,238.69252491,238.88459391,223.60588398,225.06909725,
2026-06-12 13:12:00,1781269920,225.06909725,231.02025829,210.73125659,211.21834655,
2026-06-12 13:13:00,1781269980,211.21834655,229.96527155,206.60674723,228.9704581,
2026-06-12 13:14:00,1781270040,228.9704581,243.88369134,227.92101989,243.05712089,
2026-06-12 13:15:00,1781270100,243.05712089,245.28629417,229.62413937,229.76164466,
2026-06-12 13:16:00,1781270160,229.76164466,238.23320918,227.80575419,235.85443462,
2026-06-12 13:17:00,1781270220,235.85443462,242.19953804,229.79716002,233.99592257,
2026-06-12 13:18:00,1781270280,233.99592257,258.27628161,232.40496999,255.93589087,
2026-06-12 13:19:00,1781270340,255.93589087,256.85191137,245.31335383,247.88871343,
2026-06-12 13:20:00,1781270400,247.88871343,248.9587093,237.3441189,244.51013242,
2026-06-12 13:21:00,1781270460,244.51013242,244.6097129,233.41882058,236.05981805,
2026-06-12 13:22:00,1781270520,236.05981805,236.12471198,221.26048622,221.43919916,
2026-06-12 13:23:00,1781270580,221.43919916,223.73521656,207.6828845,208.26786297,
2026-06-12 13:24:00,1781270640,208.26786297,219.03735597,208.05551836,218.69908241,
2026-06-12 13:25:00,1781270700,218.69908241,221.12704746,211.48033032,214.9731843,
2026-06-12 13:26:00,1781270760,214.9731843,221.74770636,214.84069798,216.50300297,
2026-06-12 13:27:00,1781270820,216.50300297,219.52961209,211.98507758,217.19067625,
2026-06-12 13:28:00,1781270880,217.19067625,217.73623698,201.36689621,210.47289754,
2026-06-12 13:29:00,1781270940,210.47289754,221.78827517,210.47289754,218.80601674,
2026-06-12 13:30:00,1781271000,218.80601674,232.44860203,189.11188528,197.88384119,
2026-06-12 13:31:00,1781271060,197.88384119,206.68629297,178.75469493,179.11833666,
2026-06-12 13:32:00,1781271120,179.11833666,206.86856002,179.11833666,190.43107559,
2026-06-12 13:33:00,1781271180,190.43107559,196.66490433,180.84250786,180.91842734,
2026-06-12 13:34:00,1781271240,180.91842734,195.63134396,176.6709633,180.99145133,
2026-06-12 13:35:00,1781271300,180.99145133,214.33091448,174.22804065,207.93568807,
2026-06-12 13:36:00,1781271360,207.93568807,208.60575497,187.7852709,194.76757261,
2026-06-12 13:37:00,1781271420,194.76757261,203.08381373,183.28152979,199.84772151,
2026-06-12 13:38:00,1781271480,199.84772151,210.08498753,190.52557106,202.43801287,
2026-06-12 13:39:00,1781271540,202.43801287,215.46667053,195.17168749,214.72856128,
2026-06-12 13:40:00,1781271600,214.72856128,220.44040184,166.09457876,170.92451929,
2026-06-12 13:41:00,1781271660,170.92451929,173.73782536,143.19266734,155.35365421,
2026-06-12 13:42:00,1781271720,155.35365421,155.35365421,131.0601137,131.0601137,
2026-06-12 13:43:00,1781271780,131.0601137,161.73437252,129.06089256,155.5057797,
2026-06-12 13:44:00,1781271840,155.5057797,158.06713876,148.365429,150.03515583,
2026-06-12 13:45:00,1781271900,150.03515583,170.55440016,145.62147954,149.17332482,
2026-06-12 13:46:00,1781271960,149.17332482,168.71783035,147.76765126,162.57238464,
2026-06-12 13:47:00,1781272020,162.57238464,171.08682384,159.94373158,159.94373158,
2026-06-12 13:48:00,1781272080,159.94373158,163.1747348,141.31955517,152.66007102,
2026-06-12 13:49:00,1781272140,152.66007102,169.74257027,149.33528066,163.79409191,
2026-06-12 13:50:00,1781272200,163.79409191,176.05032477,163.79409191,172.71165711,
2026-06-12 13:51:00,1781272260,172.71165711,179.72320459,157.22867445,162.50951482,
2026-06-12 13:52:00,1781272320,162.50951482,169.9832964,152.82975811,167.76050314,
2026-06-12 13:53:00,1781272380,167.76050314,174.37596402,146.36853825,146.56396872,
2026-06-12 13:54:00,1781272440,146.56396872,151.47680806,137.67079933,147.3014744,
2026-06-12 13:55:00,1781272500,147.3014744,147.3014744,134.33359148,135.52950395,
2026-06-12 13:56:00,1781272560,135.52950395,143.73812758,132.93436478,139.84758585,
2026-06-12 13:57:00,1781272620,139.84758585,150.34858516,138.86628706,145.56539119,
2026-06-12 13:58:00,1781272680,145.56539119,154.77119992,142.16443667,153.11062322,
2026-06-12 13:59:00,1781272740,153.11062322,168.73011659,151.30672823,163.65218341,
2026-06-12 14:00:00,1781272800,163.65218341,220.70012977,155.36691672,214.27414041,
2026-06-12 14:01:00,1781272860,214.27414041,232.9970705,197.69999708,212.02754331,
2026-06-12 14:02:00,1781272920,212.02754331,215.32642246,185.25774581,193.0152542,
2026-06-12 14:03:00,1781272980,193.0152542,218.21004311,182.68000806,207.97384914,
2026-06-12 14:04:00,1781273040,207.97384914,209.5024021,185.10988803,194.46988767,
2026-06-12 14:05:00,1781273100,194.46988767,194.52567341,174.41761633,178.9322789,
2026-06-12 14:06:00,1781273160,178.9322789,203.89171815,178.08132622,203.64702596,
2026-06-12 14:07:00,1781273220,203.64702596,242.90344845,202.44608174,236.98336355,
2026-06-12 14:08:00,1781273280,236.98336355,237.98831838,200.17789384,201.01436437,
2026-06-12 14:09:00,1781273340,201.01436437,210.04305404,196.00195859,202.77248905,
2026-06-12 14:10:00,1781273400,202.77248905,207.90962725,190.57424195,206.55129227,
2026-06-12 14:11:00,1781273460,206.55129227,206.79541621,181.80053508,195.26606037,
2026-06-12 14:12:00,1781273520,195.26606037,203.21297929,181.56278757,181.56278757,
2026-06-12 14:13:00,1781273580,181.56278757,195.1709359,171.87703122,175.19107022,
2026-06-12 14:14:00,1781273640,175.19107022,202.27158424,175.02631525,198.45848745,
2026-06-12 14:15:00,1781273700,198.45848745,217.6381074,193.40229167,214.16049046,
2026-06-12 14:16:00,1781273760,214.16049046,217.99855276,204.46429154,205.79979107,
2026-06-12 14:17:00,1781273820,205.79979107,232.384523,204.35104546,208.45296082,
2026-06-12 14:18:00,1781273880,208.45296082,208.45296082,178.93050365,182.93736309,
2026-06-12 14:19:00,1781273940,182.93736309,191.93479368,179.43122557,181.55555769,
2026-06-12 14:20:00,1781274000,181.55555769,195.13961391,176.54147363,191.08111013,
2026-06-12 14:21:00,1781274060,191.08111013,214.91909398,171.73390678,174.63031569,
2026-06-12 14:22:00,1781274120,174.63031569,176.58344983,154.50173221,156.70611235,
2026-06-12 14:23:00,1781274180,156.70611235,171.86462962,155.34365785,169.50319701,
2026-06-12 14:24:00,1781274240,169.50319701,192.62838592,169.44834586,181.22028486,
2026-06-12 14:25:00,1781274300,181.22028486,235.92798838,179.63300475,226.53749587,
2026-06-12 14:26:00,1781274360,226.53749587,234.39890046,199.35637688,213.64123779,
2026-06-12 14:27:00,1781274420,213.64123779,248.14543868,212.85738832,236.63195392,
2026-06-12 14:28:00,1781274480,236.63195392,253.58059235,227.83802431,236.85643203,
2026-06-12 14:29:00,1781274540,236.85643203,246.90459727,233.58037505,241.63692999,
2026-06-12 14:30:00,1781274600,241.63692999,257.90364572,239.12294056,253.14005532,
2026-06-12 14:31:00,1781274660,253.14005532,265.5220003,223.92489162,233.48028425,
2026-06-12 14:32:00,1781274720,233.48028425,245.85126336,218.07286624,224.58488915,
2026-06-12 14:33:00,1781274780,224.58488915,236.67349901,209.82965491,228.48836491,
2026-06-12 14:34:00,1781274840,228.48836491,261.60009742,228.48836491,255.00963951,
2026-06-12 14:35:00,1781274900,255.00963951,277.3954036,251.09131477,258.72913661,
2026-06-12 14:36:00,1781274960,258.72913661,294.75482149,248.4223696,286.75153649,
2026-06-12 14:37:00,1781275020,286.75153649,296.06749124,258.68275146,272.56434889,
2026-06-12 14:38:00,1781275080,272.56434889,288.58357383,266.84355826,278.72323188,
2026-06-12 14:39:00,1781275140,278.72323188,291.06853667,269.86118944,269.9372217,
2026-06-12 14:40:00,1781275200,269.9372217,273.44340651,233.44709394,241.81800677,
2026-06-12 14:41:00,1781275260,241.81800677,246.69907008,217.70949755,226.26569912,
2026-06-12 14:42:00,1781275320,226.26569912,239.67268016,219.1006803,223.92758449,
2026-06-12 14:43:00,1781275380,223.92758449,224.84585515,178.8766469,181.94380253,
2026-06-12 14:44:00,1781275440,181.94380253,205.28020321,181.9416119,188.25837105,
2026-06-12 14:45:00,1781275500,188.25837105,205.92236451,178.31415424,198.85627836,
2026-06-12 14:46:00,1781275560,198.85627836,208.92791833,187.24833617,199.27963454,
2026-06-12 14:47:00,1781275620,199.27963454,204.88056182,176.9097547,185.60896987,
2026-06-12 14:48:00,1781275680,185.60896987,201.16941976,180.31423363,184.46776551,
2026-06-12 14:49:00,1781275740,184.46776551,191.93767961,170.89875311,189.44387888,
2026-06-12 14:50:00,1781275800,189.44387888,232.2594739,188.01646797,228.45630588,
2026-06-12 14:51:00,1781275860,228.45630588,233.10293459,205.95915709,205.95915709,
2026-06-12 14:52:00,1781275920,205.95915709,337.17659298,202.82724222,314.4031005,
2026-06-12 14:53:00,1781275980,314.4031005,357.83584756,309.48313512,325.68154402,
2026-06-12 14:54:00,1781276040,325.68154402,357.42801582,314.45129509,355.65178085,
2026-06-12 14:55:00,1781276100,355.65178085,383.50180553,316.59792061,324.71331897,
2026-06-12 14:56:00,1781276160,324.71331897,382.40794815,317.99031372,371.3411449,
2026-06-12 14:57:00,1781276220,371.3411449,380.49100113,345.35393813,370.52685939,
2026-06-12 14:58:00,1781276280,370.52685939,379.46369344,348.93130105,377.43251587,
2026-06-12 14:59:00,1781276340,377.43251587,394.24249577,366.57752543,393.07640207,
2026-06-12 15:00:00,1781276400,393.07640207,457.08780688,383.20894978,454.06817017,
2026-06-12 15:01:00,1781276460,454.06817017,500.32633208,446.24899416,488.44343525,
2026-06-12 15:02:00,1781276520,488.44343525,498.62430598,457.038675,457.96084148,
2026-06-12 15:03:00,1781276580,457.96084148,478.3172329,360.14611003,361.78477502,
2026-06-12 15:04:00,1781276640,361.78477502,390.64560701,349.46205204,365.90610437,
2026-06-12 15:05:00,1781276700,365.90610437,416.44503306,362.44176287,416.44503306,
2026-06-12 15:06:00,1781276760,416.44503306,462.60343196,409.52945614,451.65375675,
2026-06-12 15:07:00,1781276820,451.65375675,503.25245598,437.02665948,485.98574408,
2026-06-12 15:08:00,1781276880,485.98574408,495.92377763,449.67234554,468.75150184,
2026-06-12 15:09:00,1781276940,468.75150184,488.30188411,453.69440351,454.26673715,
2026-06-12 15:10:00,1781277000,454.26673715,541.08868036,446.84647755,541.08868036,
2026-06-12 15:11:00,1781277060,541.08868036,560.83602081,525.60349029,539.55368182,
2026-06-12 15:12:00,1781277120,539.55368182,552.45690056,497.6398932,549.39734588,
2026-06-12 15:13:00,1781277180,549.39734588,630.61954422,548.62939907,627.57059475,
2026-06-12 15:14:00,1781277240,627.57059475,630.84778958,602.20916359,625.67909652,
2026-06-12 15:15:00,1781277300,625.67909652,642.20335832,586.32178794,587.7500913,
2026-06-12 15:16:00,1781277360,587.7500913,600.78232084,569.19267569,599.77241669,
2026-06-12 15:17:00,1781277420,599.77241669,638.67887735,595.14527652,605.91687355,
2026-06-12 15:18:00,1781277480,605.91687355,615.755183,571.28983779,592.88415801,
2026-06-12 15:19:00,1781277540,592.88415801,596.11689013,548.47446364,558.35028198,
2026-06-12 15:20:00,1781277600,558.35028198,572.16805546,527.39445931,535.23656495,
2026-06-12 15:21:00,1781277660,535.23656495,567.11394618,525.45045374,546.02642942,
2026-06-12 15:22:00,1781277720,546.02642942,567.20215103,518.41770022,536.18595864,
2026-06-12 15:23:00,1781277780,536.18595864,560.50059937,519.95842664,543.27355666,
2026-06-12 15:24:00,1781277840,543.27355666,567.63920789,540.84921438,554.46156341,
2026-06-12 15:25:00,1781277900,554.46156341,588.0152352,554.46156341,583.64292644,
2026-06-12 15:26:00,1781277960,583.64292644,587.1400579,544.57712081,559.48857689,
2026-06-12 15:27:00,1781278020,559.48857689,579.20889595,552.06690477,574.92134888,
2026-06-12 15:28:00,1781278080,574.92134888,576.09683766,509.2174841,513.06427629,
2026-06-12 15:29:00,1781278140,513.06427629,535.79425708,474.67144635,475.16670039,
2026-06-12 15:30:00,1781278200,475.16670039,478.23065259,425.4071296,443.28201592,
2026-06-12 15:31:00,1781278260,443.28201592,449.52056121,403.30375965,418.42056326,
2026-06-12 15:32:00,1781278320,418.42056326,446.99509892,399.61117944,404.71834257,
2026-06-12 15:33:00,1781278380,404.71834257,415.58959402,378.81146073,382.44871986,
2026-06-12 15:34:00,1781278440,382.44871986,388.73353117,365.14161114,365.28487096,
2026-06-12 15:35:00,1781278500,365.28487096,438.92391195,353.72884141,438.92391195,
2026-06-12 15:36:00,1781278560,438.92391195,438.92391195,385.43784245,395.18011563,
2026-06-12 15:37:00,1781278620,395.18011563,409.25299771,349.02190752,359.29470681,
2026-06-12 15:38:00,1781278680,359.29470681,374.02384968,330.96847724,339.377861,
2026-06-12 15:39:00,1781278740,339.377861,381.18027132,328.00610891,370.08166154,
2026-06-12 15:40:00,1781278800,370.08166154,385.48855054,336.30977965,339.26495675,
2026-06-12 15:41:00,1781278860,339.26495675,364.47299666,315.05715931,323.38566566,
2026-06-12 15:42:00,1781278920,323.38566566,331.39228097,299.4522271,321.76820294,
2026-06-12 15:43:00,1781278980,321.76820294,349.58129238,315.05764193,349.58129238,
2026-06-12 15:44:00,1781279040,349.58129238,350.16432892,328.66168198,342.87241109,
2026-06-12 15:45:00,1781279100,342.87241109,348.5606766,315.87398424,331.7841915,
2026-06-12 15:46:00,1781279160,331.7841915,356.48367664,311.84318644,315.11052477,
2026-06-12 15:47:00,1781279220,315.11052477,320.07439791,281.71563392,286.31635158,
2026-06-12 15:48:00,1781279280,286.31635158,288.9215946,251.21819091,260.54818276,
2026-06-12 15:49:00,1781279340,260.54818276,270.68509182,239.91349493,249.83468001,
2026-06-12 15:50:00,1781279400,249.83468001,278.88272086,249.7818735,274.38338047,
2026-06-12 15:51:00,1781279460,274.38338047,284.91923008,262.35814763,275.52533296,
2026-06-12 15:52:00,1781279520,275.52533296,295.77949111,272.85026468,294.15693001,
2026-06-12 15:53:00,1781279580,294.15693001,313.69171382,288.95359324,299.84936912,
2026-06-12 15:54:00,1781279640,299.84936912,319.4004422,293.35461802,310.45229517,
2026-06-12 15:55:00,1781279700,310.45229517,312.04063288,268.6606437,269.70279808,
2026-06-12 15:56:00,1781279760,269.70279808,278.78225552,237.43194369,250.95487805,
2026-06-12 15:57:00,1781279820,250.95487805,260.42309348,247.50996391,249.32255461,
2026-06-12 15:58:00,1781279880,249.32255461,253.18213755,234.35277305,234.35277305,
2026-06-12 15:59:00,1781279940,234.35277305,234.35277305,201.11893274,215.31645316,
2026-06-12 16:00:00,1781280000,215.31645316,252.11975282,209.82872002,238.96993305,
2026-06-12 16:01:00,1781280060,238.96993305,249.02204373,218.87109326,222.19232494,
2026-06-12 16:02:00,1781280120,222.19232494,227.04995416,194.86594925,194.86594925,
2026-06-12 16:03:00,1781280180,194.86594925,242.74348193,187.55301776,239.77077307,
2026-06-12 16:04:00,1781280240,239.77077307,268.26065976,237.12932544,246.01851577,
2026-06-12 16:05:00,1781280300,246.01851577,252.0667919,233.48503147,237.57151757,
2026-06-12 16:06:00,1781280360,237.57151757,281.0123873,237.34713411,270.26753449,
2026-06-12 16:07:00,1781280420,270.26753449,288.56491094,254.86872865,260.05969696,
