datetime,time,open,high,low,close,volume
2026-06-10 12:05:00,1781093100,0.42051827,681.32770355,0.39378509,679.2477584,
2026-06-10 12:06:00,1781093160,679.2477584,679.30763419,668.52743689,675.2332522,
2026-06-10 12:07:00,1781093220,675.2332522,695.00978537,675.16927547,693.96579776,
2026-06-10 12:08:00,1781093280,693.96579776,713.79845002,690.16882493,705.4507955,
2026-06-10 12:09:00,1781093340,705.4507955,705.69779111,682.47546451,689.43620307,
2026-06-10 12:10:00,1781093400,689.43620307,690.08666542,675.57763566,675.70100156,
2026-06-10 12:11:00,1781093460,675.70100156,677.42626664,665.7324412,666.19432324,
2026-06-10 12:12:00,1781093520,666.19432324,676.11263362,661.7137716,668.20007102,
2026-06-10 12:13:00,1781093580,668.20007102,678.28995314,650.82569606,653.61185332,
2026-06-10 12:14:00,1781093640,653.61185332,666.38941399,649.0927408,661.59691411,
2026-06-10 12:15:00,1781093700,661.59691411,686.46661634,641.9969146,680.04364773,
2026-06-10 12:16:00,1781093760,680.04364773,680.04364773,669.08466219,669.41356197,
2026-06-10 12:17:00,1781093820,669.41356197,684.86733469,668.57616573,672.91483179,
2026-06-10 12:18:00,1781093880,672.91483179,692.03105662,669.79861379,685.75621813,
2026-06-10 12:19:00,1781093940,685.75621813,702.08341622,679.50674047,696.20416187,
2026-06-10 12:20:00,1781094000,696.20416187,698.97095897,686.38529913,692.03906775,
2026-06-10 12:21:00,1781094060,692.03906775,692.06594948,672.37006648,679.99525169,
2026-06-10 12:22:00,1781094120,679.99525169,709.25059183,679.21048928,708.08596555,
2026-06-10 12:23:00,1781094180,708.08596555,710.58320315,695.1470865,700.26002437,
2026-06-10 12:24:00,1781094240,700.26002437,708.02807971,692.40165027,703.58750251,
2026-06-10 12:25:00,1781094300,703.58750251,703.94948432,688.52321417,690.43426934,
2026-06-10 12:26:00,1781094360,690.43426934,694.95253296,682.31849681,685.63986343,
2026-06-10 12:27:00,1781094420,685.63986343,698.88769168,685.63986343,692.90054292,
2026-06-10 12:28:00,1781094480,692.90054292,692.90054292,669.40453209,682.99540784,
2026-06-10 12:29:00,1781094540,682.99540784,689.17475194,672.07603848,674.29634343,
2026-06-10 12:30:00,1781094600,674.29634343,682.8047713,528.87634251,558.50226363,
2026-06-10 12:31:00,1781094660,558.50226363,591.40976603,518.22424245,587.72815852,
2026-06-10 12:32:00,1781094720,587.72815852,602.25765447,538.80894052,546.55271545,
2026-06-10 12:33:00,1781094780,546.55271545,548.44642811,476.25175739,494.2873944,
2026-06-10 12:34:00,1781094840,494.2873944,560.4588797,493.71287373,555.56642787,
2026-06-10 12:35:00,1781094900,555.56642787,576.20120562,548.38215452,569.65841847,
2026-06-10 12:36:00,1781094960,569.65841847,572.96838902,517.57164496,517.57164496,
2026-06-10 12:37:00,1781095020,517.57164496,530.80125005,514.30803328,529.29880407,
2026-06-10 12:38:00,1781095080,529.29880407,546.53071868,514.57876249,514.85238108,
2026-06-10 12:39:00,1781095140,514.85238108,538.34162276,513.58594891,529.47091126,
2026-06-10 12:40:00,1781095200,529.47091126,544.7639863,528.3469832,533.49560005,
2026-06-10 12:41:00,1781095260,533.49560005,541.36180554,511.76163608,522.70511547,
2026-06-10 12:42:00,1781095320,522.70511547,541.01321576,512.80253171,536.05367362,
2026-06-10 12:43:00,1781095380,536.05367362,536.49641336,525.58746454,536.49641336,
2026-06-10 12:44:00,1781095440,536.49641336,536.85607086,517.72887029,517.72887029,
2026-06-10 12:45:00,1781095500,517.72887029,522.8186576,505.12114605,519.14792713,
2026-06-10 12:46:00,1781095560,519.14792713,520.41917603,495.34460001,496.61812725,
2026-06-10 12:47:00,1781095620,496.61812725,502.84367736,488.93012709,502.84367736,
2026-06-10 12:48:00,1781095680,502.84367736,504.66295521,484.56204519,494.34394986,
2026-06-10 12:49:00,1781095740,494.34394986,495.93647758,486.32290178,490.18429363,
2026-06-10 12:50:00,1781095800,490.18429363,504.94391703,489.74454169,493.7768922,
2026-06-10 12:51:00,1781095860,493.7768922,508.91798392,493.25347595,502.76160317,
2026-06-10 12:52:00,1781095920,502.76160317,517.10248161,500.32890481,514.09723227,
2026-06-10 12:53:00,1781095980,514.09723227,514.26014378,501.43899688,501.85108057,
2026-06-10 12:54:00,1781096040,501.85108057,509.91264586,495.37620841,507.44783399,
2026-06-10 12:55:00,1781096100,507.44783399,515.19646836,506.13368869,511.7353349,
2026-06-10 12:56:00,1781096160,511.7353349,511.7353349,496.02480126,497.96031503,
2026-06-10 12:57:00,1781096220,497.96031503,504.02295099,493.7109882,502.85407817,
2026-06-10 12:58:00,1781096280,502.85407817,509.91562521,502.38971088,507.38159209,
2026-06-10 12:59:00,1781096340,507.38159209,515.54581628,504.27973073,514.4941911,
2026-06-10 13:00:00,1781096400,514.4941911,518.83500603,493.9793158,500.40591457,
2026-06-10 13:01:00,1781096460,500.40591457,521.91754857,497.96253733,520.68365553,
2026-06-10 13:02:00,1781096520,520.68365553,522.44125698,515.13799981,519.87858092,
2026-06-10 13:03:00,1781096580,519.87858092,522.47873825,515.51212609,516.19557685,
2026-06-10 13:04:00,1781096640,516.19557685,521.86554192,511.41246999,512.12353152,
2026-06-10 13:05:00,1781096700,512.12353152,519.36433866,509.6624198,510.09745169,
2026-06-10 13:06:00,1781096760,510.09745169,510.09745169,496.89560493,498.23658722,
2026-06-10 13:07:00,1781096820,498.23658722,501.99447344,491.31358767,499.12798182,
2026-06-10 13:08:00,1781096880,499.12798182,499.43047266,488.08528071,496.89157472,
2026-06-10 13:09:00,1781096940,496.89157472,501.20177274,493.7863392,496.55556832,
2026-06-10 13:10:00,1781097000,496.55556832,514.99956129,495.20499424,514.03676692,
2026-06-10 13:11:00,1781097060,514.03676692,514.37124488,503.53418287,505.86794256,
2026-06-10 13:12:00,1781097120,505.86794256,509.29359934,490.46486823,496.66720454,
2026-06-10 13:13:00,1781097180,496.66720454,501.83467178,495.42086437,501.83467178,
2026-06-10 13:14:00,1781097240,501.83467178,511.77569052,498.92020663,503.65120199,
2026-06-10 13:15:00,1781097300,503.65120199,515.8546509,500.80388519,512.76888317,
2026-06-10 13:16:00,1781097360,512.76888317,515.73323016,506.43622337,508.51101266,
2026-06-10 13:17:00,1781097420,508.51101266,514.4767806,505.44928609,513.23473301,
2026-06-10 13:18:00,1781097480,513.23473301,513.41150905,504.26356731,510.35955943,
2026-06-10 13:19:00,1781097540,510.35955943,515.97337453,508.7529314,510.39079208,
2026-06-10 13:20:00,1781097600,510.39079208,517.93001508,508.85551601,509.3204126,
2026-06-10 13:21:00,1781097660,509.3204126,510.63428177,486.40980392,490.28898695,
2026-06-10 13:22:00,1781097720,490.28898695,512.60987977,488.9020818,506.13100127,
2026-06-10 13:23:00,1781097780,506.13100127,506.13100127,492.60306993,492.9965621,
2026-06-10 13:24:00,1781097840,492.9965621,500.9302885,488.76008069,491.42139248,
2026-06-10 13:25:00,1781097900,491.42139248,512.79829148,490.88461408,507.34925369,
2026-06-10 13:26:00,1781097960,507.34925369,517.45315785,506.33855022,516.75604338,
2026-06-10 13:27:00,1781098020,516.75604338,516.99518252,484.46713214,485.07496087,
2026-06-10 13:28:00,1781098080,485.07496087,488.59123492,476.01296579,486.29549239,
2026-06-10 13:29:00,1781098140,486.29549239,493.93973662,485.22999466,487.83149284,
2026-06-10 13:30:00,1781098200,487.83149284,504.05750606,437.38966997,440.46115472,
2026-06-10 13:31:00,1781098260,440.46115472,452.69508404,419.97026289,427.83252144,
2026-06-10 13:32:00,1781098320,427.83252144,452.04740244,423.28824643,444.00566227,
2026-06-10 13:33:00,1781098380,444.00566227,455.34741536,435.36591467,439.31182976,
2026-06-10 13:34:00,1781098440,439.31182976,440.83978256,417.37683949,422.47914532,
2026-06-10 13:35:00,1781098500,422.47914532,429.94527457,394.05553185,404.54291413,
2026-06-10 13:36:00,1781098560,404.54291413,408.73219546,376.7779633,385.13667198,
2026-06-10 13:37:00,1781098620,385.13667198,385.13667198,335.55281486,338.8871485,
2026-06-10 13:38:00,1781098680,338.8871485,356.71833466,336.6862942,349.75107863,
2026-06-10 13:39:00,1781098740,349.75107863,356.16310187,336.40027152,336.46915648,
2026-06-10 13:40:00,1781098800,336.46915648,349.38537359,323.60653157,332.03343554,
2026-06-10 13:41:00,1781098860,332.03343554,358.08566421,328.61736187,354.64891616,
2026-06-10 13:42:00,1781098920,354.64891616,358.62527529,325.69499271,340.8497771,
2026-06-10 13:43:00,1781098980,340.8497771,341.70183295,308.33358882,311.0799662,
2026-06-10 13:44:00,1781099040,311.0799662,320.48974981,297.61814028,297.61814028,
2026-06-10 13:45:00,1781099100,297.61814028,329.91100995,295.58868176,315.12491662,
2026-06-10 13:46:00,1781099160,315.12491662,327.61906055,313.42205644,327.1824781,
2026-06-10 13:47:00,1781099220,327.1824781,330.01618325,304.07284866,313.34072643,
2026-06-10 13:48:00,1781099280,313.34072643,320.25625688,300.63427135,301.78837839,
2026-06-10 13:49:00,1781099340,301.78837839,303.58855702,288.34732612,290.98122212,
2026-06-10 13:50:00,1781099400,290.98122212,319.91030356,289.57031192,315.01144391,
2026-06-10 13:51:00,1781099460,315.01144391,329.24560981,311.29494563,328.99987975,
2026-06-10 13:52:00,1781099520,328.99987975,329.29862276,313.92674415,328.24936635,
2026-06-10 13:53:00,1781099580,328.24936635,336.95388522,323.58632692,333.1219949,
2026-06-10 13:54:00,1781099640,333.1219949,336.90122088,320.2704579,328.93304399,
2026-06-10 13:55:00,1781099700,328.93304399,333.74477347,321.96684633,327.17998833,
2026-06-10 13:56:00,1781099760,327.17998833,339.91084104,324.46788951,339.79318545,
2026-06-10 13:57:00,1781099820,339.79318545,343.03515193,323.54141531,335.28187422,
2026-06-10 13:58:00,1781099880,335.28187422,357.09714676,335.28187422,353.87807333,
2026-06-10 13:59:00,1781099940,353.87807333,353.87807333,336.32419771,337.38419156,
2026-06-10 14:00:00,1781100000,337.38419156,350.84217396,334.26635239,348.12261564,
2026-06-10 14:01:00,1781100060,348.12261564,360.71348613,343.78854079,359.40892638,
2026-06-10 14:02:00,1781100120,359.40892638,361.98422918,339.57902635,340.18393821,
2026-06-10 14:03:00,1781100180,340.18393821,344.45721286,317.17744035,320.87761307,
2026-06-10 14:04:00,1781100240,320.87761307,328.35536724,317.3041193,320.51933701,
2026-06-10 14:05:00,1781100300,320.51933701,331.75911082,317.01327456,327.01487082,
2026-06-10 14:06:00,1781100360,327.01487082,330.21956498,314.65168288,320.1143181,
2026-06-10 14:07:00,1781100420,320.1143181,328.385473,316.06132243,326.28444292,
2026-06-10 14:08:00,1781100480,326.28444292,330.45419568,310.02158835,310.02158835,
2026-06-10 14:09:00,1781100540,310.02158835,318.0974198,310.01997765,316.76442013,
2026-06-10 14:10:00,1781100600,316.76442013,331.29507084,313.06467637,325.73487174,
2026-06-10 14:11:00,1781100660,325.73487174,329.12118434,318.74915483,322.19986788,
2026-06-10 14:12:00,1781100720,322.19986788,323.88422997,317.53421086,322.64119079,
2026-06-10 14:13:00,1781100780,322.64119079,350.23275848,321.97963973,333.06889021,
2026-06-10 14:14:00,1781100840,333.06889021,357.3248887,331.94244484,357.28238786,
2026-06-10 14:15:00,1781100900,357.28238786,373.32485713,354.90982555,372.93868558,
2026-06-10 14:16:00,1781100960,372.93868558,374.96214921,335.24903091,335.95064262,
2026-06-10 14:17:00,1781101020,335.95064262,361.33115605,335.48726673,359.52807124,
2026-06-10 14:18:00,1781101080,359.52807124,375.27912411,358.0821852,365.42515516,
2026-06-10 14:19:00,1781101140,365.42515516,375.69172357,359.94904468,360.85788758,
2026-06-10 14:20:00,1781101200,360.85788758,366.16366125,349.78164392,366.16366125,
2026-06-10 14:21:00,1781101260,366.16366125,372.02489683,355.30160695,358.47897479,
2026-06-10 14:22:00,1781101320,358.47897479,359.80349857,332.99375483,337.12777805,
2026-06-10 14:23:00,1781101380,337.12777805,346.84322543,331.53067193,334.5353504,
2026-06-10 14:24:00,1781101440,334.5353504,336.89293012,306.34839035,307.76402704,
2026-06-10 14:25:00,1781101500,307.76402704,343.71998468,303.33858819,338.3327582,
2026-06-10 14:26:00,1781101560,338.3327582,338.40850436,323.05073291,324.76504355,
2026-06-10 14:27:00,1781101620,324.76504355,324.76504355,311.10730671,311.25496923,
2026-06-10 14:28:00,1781101680,311.25496923,331.18458912,308.1671091,324.67461411,
2026-06-10 14:29:00,1781101740,324.67461411,333.5252438,321.93754677,325.57687331,
2026-06-10 14:30:00,1781101800,325.57687331,334.75781608,322.43148352,329.07164727,
2026-06-10 14:31:00,1781101860,329.07164727,364.22361626,329.0114305,364.22361626,
2026-06-10 14:32:00,1781101920,364.22361626,370.3325382,342.32052803,342.32052803,
2026-06-10 14:33:00,1781101980,342.32052803,353.17841056,330.45641831,333.59335749,
2026-06-10 14:34:00,1781102040,333.59335749,341.75062508,323.9587772,326.38063063,
2026-06-10 14:35:00,1781102100,326.38063063,342.29346672,326.1990227,340.71431687,
2026-06-10 14:36:00,1781102160,340.71431687,352.15671779,340.67408997,345.99625685,
2026-06-10 14:37:00,1781102220,345.99625685,368.83948026,345.23555002,363.07346775,
2026-06-10 14:38:00,1781102280,363.07346775,366.3867556,355.80288694,361.73343498,
2026-06-10 14:39:00,1781102340,361.73343498,362.6642185,342.42765836,342.60893247,
2026-06-10 14:40:00,1781102400,342.60893247,344.83543943,325.18240014,325.55140251,
2026-06-10 14:41:00,1781102460,325.55140251,325.69848992,304.35185812,309.52414891,
2026-06-10 14:42:00,1781102520,309.52414891,325.59728549,304.85091838,325.57781804,
2026-06-10 14:43:00,1781102580,325.57781804,326.29710439,315.25227937,323.68019927,
2026-06-10 14:44:00,1781102640,323.68019927,342.64397749,321.09240082,342.64397749,
2026-06-10 14:45:00,1781102700,342.64397749,352.97092958,334.37255656,340.60683319,
2026-06-10 14:46:00,1781102760,340.60683319,344.62798814,336.76270889,340.31684312,
2026-06-10 14:47:00,1781102820,340.31684312,341.46791757,321.35077328,326.53355057,
2026-06-10 14:48:00,1781102880,326.53355057,341.8874412,323.87866688,340.24022995,
2026-06-10 14:49:00,1781102940,340.24022995,354.98032863,338.2616275,338.93174332,
2026-06-10 14:50:00,1781103000,338.93174332,352.10082194,331.26430609,340.88358825,
2026-06-10 14:51:00,1781103060,340.88358825,347.01577739,332.06641375,341.19006351,
2026-06-10 14:52:00,1781103120,341.19006351,353.77061567,340.94322741,351.08541299,
2026-06-10 14:53:00,1781103180,351.08541299,354.15931668,345.73689858,347.10589854,
2026-06-10 14:54:00,1781103240,347.10589854,348.13164885,336.3236944,342.653905,
2026-06-10 14:55:00,1781103300,342.653905,352.62943378,329.81546387,350.98596189,
2026-06-10 14:56:00,1781103360,350.98596189,358.74984653,346.29313512,350.6017539,
2026-06-10 14:57:00,1781103420,350.6017539,364.87567769,344.7509514,347.04328618,
2026-06-10 14:58:00,1781103480,347.04328618,348.35903686,308.42168897,310.65675226,
2026-06-10 14:59:00,1781103540,310.65675226,312.85002423,286.74502533,288.28679729,
2026-06-10 15:00:00,1781103600,288.28679729,298.2053488,275.84977697,277.89231266,
2026-06-10 15:01:00,1781103660,277.89231266,283.09405796,253.2978559,262.6659852,
2026-06-10 15:02:00,1781103720,262.6659852,279.49164679,258.67675309,273.12326841,
2026-06-10 15:03:00,1781103780,273.12326841,280.9329217,264.16451557,276.85394908,
2026-06-10 15:04:00,1781103840,276.85394908,308.10663671,273.44182822,300.86796533,
2026-06-10 15:05:00,1781103900,300.86796533,333.5807009,300.19111403,333.5807009,
2026-06-10 15:06:00,1781103960,333.5807009,338.71105097,321.23476046,338.71105097,
2026-06-10 15:07:00,1781104020,338.71105097,344.23732246,322.43846359,323.30468419,
2026-06-10 15:08:00,1781104080,323.30468419,343.03830167,322.79613868,334.83064127,
2026-06-10 15:09:00,1781104140,334.83064127,342.77387842,329.24591309,342.61013188,
2026-06-10 15:10:00,1781104200,342.61013188,346.07437821,337.87921125,339.3868756,
2026-06-10 15:11:00,1781104260,339.3868756,359.85331595,339.10578279,349.75458865,
2026-06-10 15:12:00,1781104320,349.75458865,353.43985739,342.12246534,342.12246534,
2026-06-10 15:13:00,1781104380,342.12246534,343.10739092,321.86146354,327.20029196,
2026-06-10 15:14:00,1781104440,327.20029196,343.89836804,325.35593119,343.89836804,
2026-06-10 15:15:00,1781104500,343.89836804,361.09841377,343.75638241,358.61054753,
2026-06-10 15:16:00,1781104560,358.61054753,363.04303921,337.25196147,339.80301513,
2026-06-10 15:17:00,1781104620,339.80301513,339.90377305,330.62255125,334.39251957,
2026-06-10 15:18:00,1781104680,334.39251957,350.03024707,334.39251957,340.42885838,
2026-06-10 15:19:00,1781104740,340.42885838,340.63160105,308.36383667,309.47320227,
2026-06-10 15:20:00,1781104800,309.47320227,314.35445108,294.17520374,297.71220721,
2026-06-10 15:21:00,1781104860,297.71220721,298.94238182,278.58210898,285.28122402,
2026-06-10 15:22:00,1781104920,285.28122402,298.03607073,280.35219963,292.35544852,
2026-06-10 15:23:00,1781104980,292.35544852,294.13329355,275.35114953,276.17627803,
2026-06-10 15:24:00,1781105040,276.17627803,284.31230925,269.80678154,279.95085095,
2026-06-10 15:25:00,1781105100,279.95085095,280.59898353,270.9521715,278.93326224,
2026-06-10 15:26:00,1781105160,278.93326224,287.06816575,278.49935771,282.99490581,
2026-06-10 15:27:00,1781105220,282.99490581,290.09815274,282.99490581,283.40278084,
2026-06-10 15:28:00,1781105280,283.40278084,283.71243825,270.93012054,278.82830913,
2026-06-10 15:29:00,1781105340,278.82830913,288.66752374,275.30295559,288.64530628,
2026-06-10 15:30:00,1781105400,288.64530628,291.42168326,268.58188844,270.11272318,
2026-06-10 15:31:00,1781105460,270.11272318,278.56511931,264.85307537,277.50416599,
2026-06-10 15:32:00,1781105520,277.50416599,282.04943922,273.58488458,278.20618793,
2026-06-10 15:33:00,1781105580,278.20618793,282.80564542,269.31751666,280.83656922,
2026-06-10 15:34:00,1781105640,280.83656922,284.5219413,271.87655378,279.72625427,
2026-06-10 15:35:00,1781105700,279.72625427,282.10208085,274.80848601,281.34701992,
2026-06-10 15:36:00,1781105760,281.34701992,282.89382865,268.52179063,271.39377157,
2026-06-10 15:37:00,1781105820,271.39377157,277.52931669,270.53277475,274.34115798,
2026-06-10 15:38:00,1781105880,274.34115798,294.81788714,274.3396319,294.81788714,
2026-06-10 15:39:00,1781105940,294.81788714,299.1781577,279.0267315,282.23251022,
2026-06-10 15:40:00,1781106000,282.23251022,290.71440302,282.16179932,290.00475202,
2026-06-10 15:41:00,1781106060,290.00475202,294.69640739,276.51415132,278.46186281,
2026-06-10 15:42:00,1781106120,278.46186281,283.00457218,266.62111683,280.67729545,
2026-06-10 15:43:00,1781106180,280.67729545,280.67729545,265.96290034,267.38444552,
2026-06-10 15:44:00,1781106240,267.38444552,267.38444552,254.42611771,259.67539791,
2026-06-10 15:45:00,1781106300,259.67539791,269.63857886,258.22885508,259.17332907,
2026-06-10 15:46:00,1781106360,259.17332907,259.17332907,232.73576055,236.63573439,
2026-06-10 15:47:00,1781106420,236.63573439,280.49770686,236.60030996,280.49770686,
2026-06-10 15:48:00,1781106480,280.49770686,306.19326717,275.23532547,306.02718323,
2026-06-10 15:49:00,1781106540,306.02718323,307.76542569,273.88009791,274.48256244,
2026-06-10 15:50:00,1781106600,274.48256244,286.9600065,257.2586024,275.32200161,
2026-06-10 15:51:00,1781106660,275.32200161,275.82911582,250.23142249,267.01706992,
2026-06-10 15:52:00,1781106720,267.01706992,274.71192131,244.55206888,245.24745647,
2026-06-10 15:53:00,1781106780,245.24745647,251.52881034,215.24494148,216.58573491,
2026-06-10 15:54:00,1781106840,216.58573491,218.64746326,191.91361436,201.01190407,
2026-06-10 15:55:00,1781106900,201.01190407,230.13489557,198.46412432,228.89548912,
2026-06-10 15:56:00,1781106960,228.89548912,237.65662512,225.94069437,236.89977667,
2026-06-10 15:57:00,1781107020,236.89977667,237.31260429,215.96602964,221.3379987,
2026-06-10 15:58:00,1781107080,221.3379987,236.65761213,220.38269454,235.83279641,
2026-06-10 15:59:00,1781107140,235.83279641,241.02347993,234.29353111,235.46957185,
2026-06-10 16:00:00,1781107200,235.46957185,246.3404114,233.0212259,246.3404114,
2026-06-10 16:01:00,1781107260,246.3404114,257.67105815,244.10491406,252.7046536,
2026-06-10 16:02:00,1781107320,252.7046536,255.91596284,248.48554248,254.56855989,
2026-06-10 16:03:00,1781107380,254.56855989,258.80020321,247.01099776,255.00750539,
2026-06-10 16:04:00,1781107440,255.00750539,263.32248226,251.10666647,262.61032938,
2026-06-10 16:05:00,1781107500,262.61032938,264.69796103,253.58940897,263.77291134,
2026-06-10 16:06:00,1781107560,263.77291134,266.38207895,244.30950887,245.5334475,
2026-06-10 16:07:00,1781107620,245.5334475,251.90650013,236.94211569,250.52439837,
2026-06-10 16:08:00,1781107680,250.52439837,273.76407335,249.80340651,273.76407335,
2026-06-10 16:09:00,1781107740,273.76407335,275.06965971,260.05127733,261.14350884,
2026-06-10 16:10:00,1781107800,261.14350884,278.62902315,257.90454106,276.96935809,
2026-06-10 16:11:00,1781107860,276.96935809,280.33587404,268.3788692,271.68819898,
2026-06-10 16:12:00,1781107920,271.68819898,272.88152628,260.10334869,269.67379948,
2026-06-10 16:13:00,1781107980,269.67379948,277.8095225,269.11109297,273.99126449,
2026-06-10 16:14:00,1781108040,273.99126449,280.02123043,271.6042203,276.11608117,
2026-06-10 16:15:00,1781108100,276.11608117,276.94243409,258.81979973,263.52268184,
2026-06-10 16:16:00,1781108160,263.52268184,271.99408883,256.66197007,264.77784845,
2026-06-10 16:17:00,1781108220,264.77784845,278.30956801,256.80065536,277.62717886,
2026-06-10 16:18:00,1781108280,277.62717886,280.6298451,274.76338114,277.05639237,
2026-06-10 16:19:00,1781108340,277.05639237,278.62021462,274.41795233,277.45868418,
2026-06-10 16:20:00,1781108400,277.45868418,281.9053893,272.19287587,281.88661497,
2026-06-10 16:21:00,1781108460,281.88661497,288.43297358,273.47040524,273.80485135,
2026-06-10 16:22:00,1781108520,273.80485135,280.93796464,264.74741557,280.79903125,
2026-06-10 16:23:00,1781108580,280.79903125,283.95269331,276.92850903,278.468812,
2026-06-10 16:24:00,1781108640,278.468812,293.09270094,278.468812,291.20812659,
2026-06-10 16:25:00,1781108700,291.20812659,314.73730325,285.39455224,303.0596954,
2026-06-10 16:26:00,1781108760,303.0596954,303.31396705,286.66410558,290.97768631,
2026-06-10 16:27:00,1781108820,290.97768631,291.01322371,277.3374604,281.4014841,
2026-06-10 16:28:00,1781108880,281.4014841,286.59385588,275.0183214,282.36834992,
2026-06-10 16:29:00,1781108940,282.36834992,285.78725524,277.23713871,277.23713871,
2026-06-10 16:30:00,1781109000,277.23713871,283.52366236,272.11053303,283.48884269,
2026-06-10 16:31:00,1781109060,283.48884269,295.0550592,281.07075018,290.23944954,
2026-06-10 16:32:00,1781109120,290.23944954,300.77332088,276.74329778,281.92341111,
2026-06-10 16:33:00,1781109180,281.92341111,283.43400504,274.81295771,283.43400504,
2026-06-10 16:34:00,1781109240,283.43400504,287.33990794,255.39315211,255.55202521,
2026-06-10 16:35:00,1781109300,255.55202521,266.52373385,253.00908813,262.42890214,
2026-06-10 16:36:00,1781109360,262.42890214,273.54783271,259.17082911,269.44079595,
2026-06-10 16:37:00,1781109420,269.44079595,269.79100906,257.23192851,264.21310138,
2026-06-10 16:38:00,1781109480,264.21310138,275.58204231,261.12341437,266.1354011,
2026-06-10 16:39:00,1781109540,266.1354011,276.6061828,266.1354011,272.73484642,
2026-06-10 16:40:00,1781109600,272.73484642,275.7353102,262.24410832,267.8441309,
2026-06-10 16:41:00,1781109660,267.8441309,281.75747774,264.09652004,281.09862562,
2026-06-10 16:42:00,1781109720,281.09862562,284.66292441,276.72693359,277.20191777,
2026-06-10 16:43:00,1781109780,277.20191777,281.88719845,272.93308664,280.90864103,
2026-06-10 16:44:00,1781109840,280.90864103,286.78448222,277.62788046,286.27788994,
2026-06-10 16:45:00,1781109900,286.27788994,297.67513002,286.27788994,294.72250717,
2026-06-10 16:46:00,1781109960,294.72250717,311.67752758,287.92087131,308.1436494,
2026-06-10 16:47:00,1781110020,308.1436494,328.3791171,304.26093432,328.3791171,
2026-06-10 16:48:00,1781110080,328.3791171,334.43073937,311.98718244,324.22214306,
2026-06-10 16:49:00,1781110140,324.22214306,331.8362029,321.90102095,327.1622091,
2026-06-10 16:50:00,1781110200,327.1622091,341.07499125,323.92220954,330.98864908,
2026-06-10 16:51:00,1781110260,330.98864908,338.91001104,317.04902594,317.45997902,
2026-06-10 16:52:00,1781110320,317.45997902,319.00047701,290.92832162,290.92832162,
2026-06-10 16:53:00,1781110380,290.92832162,302.88001592,289.68632347,300.42734769,
2026-06-10 16:54:00,1781110440,300.42734769,300.78676952,284.96695176,292.60374511,
2026-06-10 16:55:00,1781110500,292.60374511,312.13447586,291.77165917,309.51105018,
2026-06-10 16:56:00,1781110560,309.51105018,310.25006559,296.3358107,296.3358107,
2026-06-10 16:57:00,1781110620,296.3358107,303.53463611,289.23393031,289.35885,
2026-06-10 16:58:00,1781110680,289.35885,290.78290727,284.75282198,286.81136154,
2026-06-10 16:59:00,1781110740,286.81136154,287.38407955,278.3022474,279.32168296,
2026-06-10 17:00:00,1781110800,279.32168296,285.17228985,273.19059238,282.95904396,
2026-06-10 17:01:00,1781110860,282.95904396,284.43177716,273.24700389,273.96097456,
2026-06-10 17:02:00,1781110920,273.96097456,275.35942314,258.45282293,261.47675511,
2026-06-10 17:03:00,1781110980,261.47675511,267.16817619,258.13036037,264.98056917,
2026-06-10 17:04:00,1781111040,264.98056917,266.06216985,254.58956679,255.57158159,
2026-06-10 17:05:00,1781111100,255.57158159,272.40829292,255.34754972,271.98942596,
2026-06-10 17:06:00,1781111160,271.98942596,277.37991281,266.92004678,266.92004678,
2026-06-10 17:07:00,1781111220,266.92004678,282.8603519,262.21547099,277.77755564,
2026-06-10 17:08:00,1781111280,277.77755564,289.52584614,277.63748698,285.92560457,
2026-06-10 17:09:00,1781111340,285.92560457,292.9113241,281.0058424,284.15155249,
2026-06-10 17:10:00,1781111400,284.15155249,313.79526672,283.45055161,312.5003481,
2026-06-10 17:11:00,1781111460,312.5003481,315.35835664,294.50844885,297.11146848,
2026-06-10 17:12:00,1781111520,297.11146848,310.17220635,294.67053056,301.32136669,
2026-06-10 17:13:00,1781111580,301.32136669,301.55183807,291.94318535,295.59557604,
2026-06-10 17:14:00,1781111640,295.59557604,303.18071153,295.59397831,295.8029821,
2026-06-10 17:15:00,1781111700,295.8029821,300.55691952,286.85376713,290.51984669,
2026-06-10 17:16:00,1781111760,290.51984669,293.58411478,277.68618137,284.08067677,
2026-06-10 17:17:00,1781111820,284.08067677,292.6610601,274.93532061,291.1782535,
2026-06-10 17:18:00,1781111880,291.1782535,291.1782535,278.38141589,283.38147639,
2026-06-10 17:19:00,1781111940,283.38147639,290.95380749,281.90640672,282.1508077,
2026-06-10 17:20:00,1781112000,282.1508077,290.44825573,279.41658632,279.57481259,
2026-06-10 17:21:00,1781112060,279.57481259,298.03428419,279.15009091,286.7468106,
2026-06-10 17:22:00,1781112120,286.7468106,305.01315749,286.7468106,301.07150235,
2026-06-10 17:23:00,1781112180,301.07150235,302.32260348,293.40943133,294.75822925,
2026-06-10 17:24:00,1781112240,294.75822925,295.65665061,281.69865938,287.30398728,
2026-06-10 17:25:00,1781112300,287.30398728,289.44188328,277.03784569,282.4560965,
2026-06-10 17:26:00,1781112360,282.4560965,303.2979157,282.4560965,296.73675984,
2026-06-10 17:27:00,1781112420,296.73675984,305.32473439,289.56246984,299.04975615,
2026-06-10 17:28:00,1781112480,299.04975615,304.94278887,299.03112572,304.22205338,
2026-06-10 17:29:00,1781112540,304.22205338,330.58211318,304.22205338,326.78839885,
2026-06-10 17:30:00,1781112600,326.78839885,337.08130843,321.04898989,334.81454974,
2026-06-10 17:31:00,1781112660,334.81454974,349.52314813,328.39637287,349.52314813,
2026-06-10 17:32:00,1781112720,349.52314813,375.94995862,342.60833694,366.75751518,
2026-06-10 17:33:00,1781112780,366.75751518,366.75751518,337.74491136,337.76542924,
2026-06-10 17:34:00,1781112840,337.76542924,343.43559335,323.92510137,338.14999028,
2026-06-10 17:35:00,1781112900,338.14999028,352.27566732,334.57076229,352.27566732,
2026-06-10 17:36:00,1781112960,352.27566732,365.5308274,346.14847577,362.0038136,
2026-06-10 17:37:00,1781113020,362.0038136,362.0038136,341.11673289,346.89257098,
2026-06-10 17:38:00,1781113080,346.89257098,371.85915301,346.89257098,364.65999977,
2026-06-10 17:39:00,1781113140,364.65999977,366.2494073,350.57558828,354.18160551,
2026-06-10 17:40:00,1781113200,354.18160551,372.66475255,339.89292299,362.01600275,
2026-06-10 17:41:00,1781113260,362.01600275,382.10671145,357.89860467,371.96035983,
2026-06-10 17:42:00,1781113320,371.96035983,381.53781918,367.20905826,367.20905826,
2026-06-10 17:43:00,1781113380,367.20905826,370.10676307,336.3425067,337.56515269,
2026-06-10 17:44:00,1781113440,337.56515269,362.55419744,337.38050581,362.25101047,
2026-06-10 17:45:00,1781113500,362.25101047,368.09851155,349.01230585,350.88548591,
2026-06-10 17:46:00,1781113560,350.88548591,351.26562713,327.4742475,329.79654409,
2026-06-10 17:47:00,1781113620,329.79654409,336.6209202,320.44605264,323.65306834,
2026-06-10 17:48:00,1781113680,323.65306834,324.03235012,307.02344332,311.10692184,
2026-06-10 17:49:00,1781113740,311.10692184,316.40655609,302.56983724,303.31497187,
2026-06-10 17:50:00,1781113800,303.31497187,346.46459131,302.68938731,335.82513974,
2026-06-10 17:51:00,1781113860,335.82513974,339.7411034,322.33995485,326.70110907,
2026-06-10 17:52:00,1781113920,326.70110907,345.74112205,324.5337011,345.69959207,
2026-06-10 17:53:00,1781113980,345.69959207,346.97246027,336.69079815,337.60347019,
2026-06-10 17:54:00,1781114040,337.60347019,341.24186871,326.78516687,334.20056759,
2026-06-10 17:55:00,1781114100,334.20056759,334.59598554,317.70768892,326.1832142,
2026-06-10 17:56:00,1781114160,326.1832142,330.67806885,317.65791984,318.17610754,
2026-06-10 17:57:00,1781114220,318.17610754,330.95549421,317.83951769,330.09766287,
2026-06-10 17:58:00,1781114280,330.09766287,330.09766287,312.66010349,316.03066389,
2026-06-10 17:59:00,1781114340,316.03066389,322.3893838,312.50381442,319.85817919,
2026-06-10 18:00:00,1781114400,319.85817919,320.2503448,308.09190706,313.67260395,
2026-06-10 18:01:00,1781114460,313.67260395,326.72457489,308.26540492,323.80341354,
2026-06-10 18:02:00,1781114520,323.80341354,327.28029393,306.07266344,306.07266344,
2026-06-10 18:03:00,1781114580,306.07266344,310.64136759,299.51984538,301.13188953,
2026-06-10 18:04:00,1781114640,301.13188953,304.60171645,293.08542074,295.7085576,
2026-06-10 18:05:00,1781114700,295.7085576,297.90742095,288.70405144,289.32712088,
2026-06-10 18:06:00,1781114760,289.32712088,309.89449435,284.20707812,309.87050628,
2026-06-10 18:07:00,1781114820,309.87050628,324.70395649,309.87050628,323.09910208,
2026-06-10 18:08:00,1781114880,323.09910208,323.13848425,302.81133425,306.84445913,
2026-06-10 18:09:00,1781114940,306.84445913,316.78291833,305.31339009,312.29272895,
2026-06-10 18:10:00,1781115000,312.29272895,328.40690018,310.96001784,327.0099523,
2026-06-10 18:11:00,1781115060,327.0099523,329.13975823,312.58500605,313.02547484,
2026-06-10 18:12:00,1781115120,313.02547484,315.18642434,307.54056617,313.67719432,
2026-06-10 18:13:00,1781115180,313.67719432,330.16888249,312.19208022,325.70806577,
2026-06-10 18:14:00,1781115240,325.70806577,325.70806577,317.1268171,318.72685926,
2026-06-10 18:15:00,1781115300,318.72685926,320.32493541,310.12528295,315.42384986,
2026-06-10 18:16:00,1781115360,315.42384986,318.23527416,310.93169399,316.05402165,
2026-06-10 18:17:00,1781115420,316.05402165,336.4701565,316.05402165,335.39370838,
2026-06-10 18:18:00,1781115480,335.39370838,336.54980425,328.64558251,330.04579772,
2026-06-10 18:19:00,1781115540,330.04579772,333.13315531,325.612313,327.81503186,
2026-06-10 18:20:00,1781115600,327.81503186,327.93323947,316.67190447,321.5754483,
2026-06-10 18:21:00,1781115660,321.5754483,331.54736691,315.82342564,331.2783895,
2026-06-10 18:22:00,1781115720,331.2783895,341.8188472,331.09373656,332.50449885,
2026-06-10 18:23:00,1781115780,332.50449885,332.50449885,315.62546019,318.37730603,
2026-06-10 18:24:00,1781115840,318.37730603,322.52412003,311.42482157,313.35750692,
2026-06-10 18:25:00,1781115900,313.35750692,334.59627666,312.00602473,333.72130172,
2026-06-10 18:26:00,1781115960,333.72130172,336.65546352,320.90712411,325.63497114,
2026-06-10 18:27:00,1781116020,325.63497114,337.07973837,325.63497114,334.58519698,
2026-06-10 18:28:00,1781116080,334.58519698,334.58519698,321.71820758,325.67790277,
2026-06-10 18:29:00,1781116140,325.67790277,327.71959941,299.14797033,299.50842861,
2026-06-10 18:30:00,1781116200,299.50842861,312.84968304,299.50842861,301.55856101,
2026-06-10 18:31:00,1781116260,301.55856101,315.49983983,301.42531236,314.31260708,
2026-06-10 18:32:00,1781116320,314.31260708,319.57020575,309.99174938,312.20638304,
2026-06-10 18:33:00,1781116380,312.20638304,318.39017624,306.13990043,318.19366975,
2026-06-10 18:34:00,1781116440,318.19366975,325.63686821,313.27915718,315.06113919,
2026-06-10 18:35:00,1781116500,315.06113919,338.03800205,315.04165421,331.69302374,
2026-06-10 18:36:00,1781116560,331.69302374,335.48653398,324.81437687,335.23368326,
2026-06-10 18:37:00,1781116620,335.23368326,346.99696339,335.06702078,343.92236175,
2026-06-10 18:38:00,1781116680,343.92236175,345.80272334,337.45877358,338.81036217,
2026-06-10 18:39:00,1781116740,338.81036217,342.54491879,334.4963138,339.92329793,
2026-06-10 18:40:00,1781116800,339.92329793,344.07322559,337.72226863,341.90267618,
2026-06-10 18:41:00,1781116860,341.90267618,346.67384437,337.94226367,346.64925877,
2026-06-10 18:42:00,1781116920,346.64925877,346.64925877,335.14195292,345.33015161,
2026-06-10 18:43:00,1781116980,345.33015161,349.24057059,338.88305265,349.13431884,
2026-06-10 18:44:00,1781117040,349.13431884,350.50273577,341.59564915,342.30565385,
2026-06-10 18:45:00,1781117100,342.30565385,347.10063663,337.90515187,342.790404,
2026-06-10 18:46:00,1781117160,342.790404,351.00873186,340.0288041,346.12279073,
2026-06-10 18:47:00,1781117220,346.12279073,347.96917441,343.40376947,345.85162164,
2026-06-10 18:48:00,1781117280,345.85162164,345.85162164,328.56806302,333.15809027,
2026-06-10 18:49:00,1781117340,333.15809027,336.14426168,324.66619707,334.59020981,
2026-06-10 18:50:00,1781117400,334.59020981,378.06906566,334.05132379,363.32546216,
2026-06-10 18:51:00,1781117460,363.32546216,363.32546216,341.63764586,342.34081048,
2026-06-10 18:52:00,1781117520,342.34081048,344.76569453,336.62873777,342.6569188,
2026-06-10 18:53:00,1781117580,342.6569188,342.95177181,326.0007436,329.11821511,
2026-06-10 18:54:00,1781117640,329.11821511,333.32206647,318.41133619,321.16336134,
2026-06-10 18:55:00,1781117700,321.16336134,336.75038928,321.16336134,335.49906755,
2026-06-10 18:56:00,1781117760,335.49906755,338.9474925,326.17706215,326.83066906,
2026-06-10 18:57:00,1781117820,326.83066906,326.89195814,306.85361095,307.88925733,
2026-06-10 18:58:00,1781117880,307.88925733,313.7116074,307.88925733,313.18512301,
2026-06-10 18:59:00,1781117940,313.18512301,314.94268827,309.47746351,309.4946564,
2026-06-10 19:00:00,1781118000,309.4946564,313.02773705,304.56122435,311.98110046,
2026-06-10 19:01:00,1781118060,311.98110046,312.11752231,302.19806636,309.64317658,
2026-06-10 19:02:00,1781118120,309.64317658,326.07548154,309.64317658,314.0546899,
2026-06-10 19:03:00,1781118180,314.0546899,318.28345134,305.98409892,308.84657336,
2026-06-10 19:04:00,1781118240,308.84657336,325.30047505,308.22653698,320.5337946,
2026-06-10 19:05:00,1781118300,320.5337946,337.31903708,320.47325355,327.95425774,
2026-06-10 19:06:00,1781118360,327.95425774,328.13774921,311.2573338,313.56076263,
2026-06-10 19:07:00,1781118420,313.56076263,313.58064393,298.78619245,299.71704626,
2026-06-10 19:08:00,1781118480,299.71704626,302.84096443,293.84711882,296.17932804,
2026-06-10 19:09:00,1781118540,296.17932804,303.34083038,296.17932804,298.07451216,
2026-06-10 19:10:00,1781118600,298.07451216,313.04712577,297.28741582,307.98225173,
2026-06-10 19:11:00,1781118660,307.98225173,323.47667283,306.82392366,323.47667283,
2026-06-10 19:12:00,1781118720,323.47667283,331.4885033,321.15545018,321.21303604,
2026-06-10 19:13:00,1781118780,321.21303604,324.74390591,315.88538469,324.66188998,
2026-06-10 19:14:00,1781118840,324.66188998,332.87404285,322.65429429,329.52655055,
2026-06-10 19:15:00,1781118900,329.52655055,335.24327167,316.07076903,317.9509842,
2026-06-10 19:16:00,1781118960,317.9509842,318.40298122,311.53472773,315.72581807,
2026-06-10 19:17:00,1781119020,315.72581807,345.19278422,314.23929529,344.16031445,
2026-06-10 19:18:00,1781119080,344.16031445,346.02670741,328.11076122,328.81256979,
2026-06-10 19:19:00,1781119140,328.81256979,336.7921305,323.60252994,332.84426142,
2026-06-10 19:20:00,1781119200,332.84426142,337.36427855,327.5772517,336.39346203,
2026-06-10 19:21:00,1781119260,336.39346203,341.95143706,332.31179653,334.1278621,
2026-06-10 19:22:00,1781119320,334.1278621,336.40403558,328.36350079,335.1570293,
2026-06-10 19:23:00,1781119380,335.1570293,343.80233111,335.1570293,341.08440474,
2026-06-10 19:24:00,1781119440,341.08440474,341.08440474,326.29041121,326.29041121,
2026-06-10 19:25:00,1781119500,326.29041121,327.75915108,311.70076765,319.30039188,
2026-06-10 19:26:00,1781119560,319.30039188,335.3776621,315.80531012,334.64265975,
2026-06-10 19:27:00,1781119620,334.64265975,337.83989391,330.05328445,332.19833439,
2026-06-10 19:28:00,1781119680,332.19833439,333.63945551,317.48389781,321.02374898,
2026-06-10 19:29:00,1781119740,321.02374898,324.4403814,316.48895368,320.56521891,
2026-06-10 19:30:00,1781119800,320.56521891,320.96993344,304.91485825,307.84297489,
2026-06-10 19:31:00,1781119860,307.84297489,311.14088455,298.25766147,311.14088455,
2026-06-10 19:32:00,1781119920,311.14088455,312.68713761,304.26159125,305.90786296,
2026-06-10 19:33:00,1781119980,305.90786296,306.52335317,298.88950636,300.47454809,
2026-06-10 19:34:00,1781120040,300.47454809,300.82778332,290.1370347,291.08531388,
2026-06-10 19:35:00,1781120100,291.08531388,299.34083709,287.98664759,292.46570713,
2026-06-10 19:36:00,1781120160,292.46570713,302.13119796,292.46570713,298.51299498,
2026-06-10 19:37:00,1781120220,298.51299498,298.5180993,283.9182853,287.69273791,
2026-06-10 19:38:00,1781120280,287.69273791,288.66937949,279.46201445,280.58159681,
2026-06-10 19:39:00,1781120340,280.58159681,284.72692895,269.89070531,284.2071222,
2026-06-10 19:40:00,1781120400,284.2071222,291.44880196,276.84673646,286.03330047,
2026-06-10 19:41:00,1781120460,286.03330047,293.7101221,281.95648339,282.24540995,
2026-06-10 19:42:00,1781120520,282.24540995,285.91705934,280.37674664,285.03160608,
2026-06-10 19:43:00,1781120580,285.03160608,289.58371886,278.15680596,281.32110627,
2026-06-10 19:44:00,1781120640,281.32110627,282.44829595,276.96057011,278.32546142,
2026-06-10 19:45:00,1781120700,278.32546142,280.80934107,273.93157933,279.49824479,
2026-06-10 19:46:00,1781120760,279.49824479,295.87369254,279.49666356,282.65910477,
2026-06-10 19:47:00,1781120820,282.65910477,290.29168768,281.85063828,289.63690052,
2026-06-10 19:48:00,1781120880,289.63690052,299.85004252,288.42417984,299.19403553,
2026-06-10 19:49:00,1781120940,299.19403553,299.19403553,282.8210336,282.89458839,
2026-06-10 19:50:00,1781121000,282.89458839,308.51533028,280.93578195,283.04738243,
2026-06-10 19:51:00,1781121060,283.04738243,295.24236824,283.04579261,285.05132197,
2026-06-10 19:52:00,1781121120,285.05132197,287.69337776,280.44621962,286.14437875,
2026-06-10 19:53:00,1781121180,286.14437875,286.14437875,276.75535623,276.82828708,
2026-06-10 19:54:00,1781121240,276.82828708,293.42102087,275.54989874,285.97970048,
2026-06-10 19:55:00,1781121300,285.97970048,291.228188,278.99390482,279.08017999,
2026-06-10 19:56:00,1781121360,279.08017999,281.12366086,271.21426374,275.62923392,
2026-06-10 19:57:00,1781121420,275.62923392,279.43739459,268.5393061,272.39294731,
2026-06-10 19:58:00,1781121480,272.39294731,280.78754925,272.39294731,273.56119942,
2026-06-10 19:59:00,1781121540,273.56119942,291.17805869,273.55963341,289.04033299,
2026-06-10 20:00:00,1781121600,289.04033299,299.95952855,287.00292929,297.74170002,
2026-06-10 20:01:00,1781121660,297.74170002,315.90458242,297.74170002,315.90458242,
2026-06-10 20:02:00,1781121720,315.90458242,318.35363047,298.69139198,303.90980092,
2026-06-10 20:03:00,1781121780,303.90980092,305.1361888,289.5347656,294.22627499,
2026-06-10 20:04:00,1781121840,294.22627499,309.8554095,294.22627499,307.20240294,
2026-06-10 20:05:00,1781121900,307.20240294,324.04543029,305.31776248,314.9741715,
2026-06-10 20:06:00,1781121960,314.9741715,317.87230496,300.36385089,317.1424317,
2026-06-10 20:07:00,1781122020,317.1424317,326.6551325,317.1424317,320.53569097,
2026-06-10 20:08:00,1781122080,320.53569097,320.53569097,313.86381749,318.64734487,
2026-06-10 20:09:00,1781122140,318.64734487,338.61376934,318.64734487,324.10631277,
2026-06-10 20:10:00,1781122200,324.10631277,326.28514125,314.50922431,314.50922431,
2026-06-10 20:11:00,1781122260,314.50922431,315.44097721,309.65253603,312.79975276,
2026-06-10 20:12:00,1781122320,312.79975276,314.17727315,309.27217778,313.05184138,
2026-06-10 20:13:00,1781122380,313.05184138,319.70998055,306.73770991,313.12512167,
2026-06-10 20:14:00,1781122440,313.12512167,315.81677399,310.05083996,312.24154448,
2026-06-10 20:15:00,1781122500,312.24154448,314.76862425,304.83179664,309.99616776,
2026-06-10 20:16:00,1781122560,309.99616776,323.45951727,307.32088603,321.23792079,
2026-06-10 20:17:00,1781122620,321.23792079,329.85814158,314.04059432,316.04399926,
2026-06-10 20:18:00,1781122680,316.04399926,316.8943981,304.70158955,309.40569494,
2026-06-10 20:19:00,1781122740,309.40569494,311.98160657,305.93243745,311.84239509,
2026-06-10 20:20:00,1781122800,311.84239509,331.60216291,311.84239509,325.75764525,
2026-06-10 20:21:00,1781122860,325.75764525,325.75764525,313.24375796,323.35486696,
2026-06-10 20:22:00,1781122920,323.35486696,323.57681729,292.1897414,292.7565425,
2026-06-10 20:23:00,1781122980,292.7565425,305.25966381,285.91385722,305.25966381,
2026-06-10 20:24:00,1781123040,305.25966381,305.72414195,288.64390242,291.08352386,
2026-06-10 20:25:00,1781123100,291.08352386,294.41980428,289.01030152,291.58760858,
2026-06-10 20:26:00,1781123160,291.58760858,298.20986228,291.58760858,295.6443495,
2026-06-10 20:27:00,1781123220,295.6443495,299.50323843,294.7734052,296.7449075,
2026-06-10 20:28:00,1781123280,296.7449075,299.15572521,295.26844615,295.28681369,
2026-06-10 20:29:00,1781123340,295.28681369,296.07266421,291.81744648,292.53889898,
2026-06-10 20:30:00,1781123400,292.53889898,309.26019489,292.51995037,307.63769519,
2026-06-10 20:31:00,1781123460,307.63769519,308.07445004,302.38203213,306.44748327,
2026-06-10 20:32:00,1781123520,306.44748327,313.29348008,300.68446689,302.98209898,
2026-06-10 20:33:00,1781123580,302.98209898,303.11525277,295.67762123,296.01956927,
2026-06-10 20:34:00,1781123640,296.01956927,297.2593018,292.38253676,295.76658314,
2026-06-10 20:35:00,1781123700,295.76658314,303.18164467,294.51962892,301.8899688,
2026-06-10 20:36:00,1781123760,301.8899688,306.37880042,300.82541336,306.20132102,
2026-06-10 20:37:00,1781123820,306.20132102,306.21917709,297.17856026,297.42335121,
2026-06-10 20:38:00,1781123880,297.42335121,305.91373541,295.58879532,305.58060778,
2026-06-10 20:39:00,1781123940,305.58060778,310.95359122,301.80703032,310.57728633,
2026-06-10 20:40:00,1781124000,310.57728633,313.41932059,308.89659835,310.66218558,
2026-06-10 20:41:00,1781124060,310.66218558,310.9165893,306.6875978,307.89579879,
2026-06-10 20:42:00,1781124120,307.89579879,315.16221642,307.89579879,314.65961797,
2026-06-10 20:43:00,1781124180,314.65961797,318.65541143,308.70188978,315.26631393,
2026-06-10 20:44:00,1781124240,315.26631393,322.71058863,312.14928795,322.46718791,
2026-06-10 20:45:00,1781124300,322.46718791,325.56845437,316.34212098,325.54456009,
2026-06-10 20:46:00,1781124360,325.54456009,335.14177245,325.47934734,330.63089274,
2026-06-10 20:47:00,1781124420,330.63089274,335.51040866,326.07860643,326.25175356,
2026-06-10 20:48:00,1781124480,326.25175356,331.56927577,322.2840872,322.80440578,
2026-06-10 20:49:00,1781124540,322.80440578,324.09261859,318.00195096,318.00195096,
2026-06-10 20:50:00,1781124600,318.00195096,331.57892339,311.87814886,329.77610769,
2026-06-10 20:51:00,1781124660,329.77610769,338.48504182,324.94526637,324.96576239,
2026-06-10 20:52:00,1781124720,324.96576239,327.89634815,321.45788364,326.6472191,
2026-06-10 20:53:00,1781124780,326.6472191,339.64662564,326.64548892,334.28455774,
2026-06-10 20:54:00,1781124840,334.28455774,335.13803148,323.10611527,323.10611527,
2026-06-10 20:55:00,1781124900,323.10611527,337.85052467,321.08576137,337.85052467,
2026-06-10 20:56:00,1781124960,337.85052467,338.13898304,331.58683869,331.60770937,
2026-06-10 20:57:00,1781125020,331.60770937,335.71254415,331.40183212,333.74285872,
2026-06-10 20:58:00,1781125080,333.74285872,333.74285872,314.89273473,318.04329359,
2026-06-10 20:59:00,1781125140,318.04329359,319.7262436,315.27951738,316.96395772,
2026-06-10 21:00:00,1781125200,316.96395772,331.33630559,316.94040932,329.83434734,
2026-06-10 21:01:00,1781125260,329.83434734,329.83434734,320.99885608,321.39133867,
2026-06-10 21:02:00,1781125320,321.39133867,326.81588015,318.9890873,326.53106494,
2026-06-10 21:03:00,1781125380,326.53106494,326.60834574,319.48645657,320.66572532,
2026-06-10 21:04:00,1781125440,320.66572532,327.59777019,320.45147647,327.40979024,
2026-06-10 21:05:00,1781125500,327.40979024,347.28719114,327.40979024,341.58846372,
2026-06-10 21:06:00,1781125560,341.58846372,343.80374619,332.72609321,343.80374619,
2026-06-10 21:07:00,1781125620,343.80374619,348.22277661,340.61759312,347.66430612,
2026-06-10 21:08:00,1781125680,347.66430612,350.13499756,346.22952082,347.9520148,
2026-06-10 21:09:00,1781125740,347.9520148,350.11870017,343.30633521,349.42330969,
2026-06-10 21:10:00,1781125800,349.42330969,372.55677248,348.18857044,361.25397576,
2026-06-10 21:11:00,1781125860,361.25397576,375.49245,358.88953374,374.19007119,
2026-06-10 21:12:00,1781125920,374.19007119,376.28297147,363.37953826,375.30945812,
2026-06-10 21:13:00,1781125980,375.30945812,375.33263777,364.69876912,364.77384967,
2026-06-10 21:14:00,1781126040,364.77384967,370.91315479,364.42673294,366.8984893,
2026-06-10 21:15:00,1781126100,366.8984893,366.8984893,349.14113104,350.22838933,
2026-06-10 21:16:00,1781126160,350.22838933,350.22838933,341.52101391,342.29330935,
2026-06-10 21:17:00,1781126220,342.29330935,346.20970281,335.30682334,344.09384528,
2026-06-10 21:18:00,1781126280,344.09384528,367.64601063,344.04891799,361.95959689,
2026-06-10 21:19:00,1781126340,361.95959689,363.47046835,345.43244553,352.47846845,
2026-06-10 21:20:00,1781126400,352.47846845,362.37689245,352.47846845,355.54572921,
2026-06-10 21:21:00,1781126460,355.54572921,364.5433867,355.42641842,361.01469252,
2026-06-10 21:22:00,1781126520,361.01469252,361.70492666,347.8940588,347.95931031,
2026-06-10 21:23:00,1781126580,347.95931031,358.86827502,342.9402146,357.26577284,
2026-06-10 21:24:00,1781126640,357.26577284,375.23319522,356.84382481,373.27793252,
2026-06-10 21:25:00,1781126700,373.27793252,374.16389408,360.41401877,360.60099318,
2026-06-10 21:26:00,1781126760,360.60099318,363.40602191,359.22748372,361.43309697,
2026-06-10 21:27:00,1781126820,361.43309697,362.73496256,352.2418303,362.39065592,
2026-06-10 21:28:00,1781126880,362.39065592,364.05999835,355.39031974,364.05999835,
2026-06-10 21:29:00,1781126940,364.05999835,365.06445004,358.15742567,363.37133336,
2026-06-10 21:30:00,1781127000,363.37133336,364.9944829,344.42160463,349.5428705,
2026-06-10 21:31:00,1781127060,349.5428705,349.99680834,345.66438251,347.56000043,
2026-06-10 21:32:00,1781127120,347.56000043,350.07263327,335.89992356,338.16446669,
2026-06-10 21:33:00,1781127180,338.16446669,339.30303561,331.28072021,331.28072021,
2026-06-10 21:34:00,1781127240,331.28072021,339.86502816,329.72922502,334.48659253,
2026-06-10 21:35:00,1781127300,334.48659253,348.07725318,331.2965244,343.32927765,
2026-06-10 21:36:00,1781127360,343.32927765,348.72510078,342.49732356,343.13758275,
2026-06-10 21:37:00,1781127420,343.13758275,346.38245692,341.14389363,341.16536189,
2026-06-10 21:38:00,1781127480,341.16536189,346.64264044,340.53183737,341.240624,
2026-06-10 21:39:00,1781127540,341.240624,351.62692238,341.2173527,351.62512492,
2026-06-10 21:40:00,1781127600,351.62512492,352.99075128,345.67321058,345.69495063,
2026-06-10 21:41:00,1781127660,345.69495063,345.79906796,342.19114839,342.68563044,
2026-06-10 21:42:00,1781127720,342.68563044,346.14923673,341.2728542,341.2728542,
2026-06-10 21:43:00,1781127780,341.2728542,342.8222983,332.44272718,339.02199114,
2026-06-10 21:44:00,1781127840,339.02199114,339.31860157,331.62632746,331.7737681,
2026-06-10 21:45:00,1781127900,331.7737681,339.61910032,329.6265031,339.61910032,
2026-06-10 21:46:00,1781127960,339.61910032,341.64539387,333.34535101,334.12584262,
2026-06-10 21:47:00,1781128020,334.12584262,340.00069411,333.4791662,333.52157718,
2026-06-10 21:48:00,1781128080,333.52157718,333.52157718,328.22762554,330.37046715,
2026-06-10 21:49:00,1781128140,330.37046715,383.92768744,330.37046715,381.87807506,
2026-06-10 21:50:00,1781128200,381.87807506,444.99072533,381.87807506,407.3367152,
2026-06-10 21:51:00,1781128260,407.3367152,444.8279282,407.3367152,442.69998278,
2026-06-10 21:52:00,1781128320,442.69998278,445.53877472,427.21675183,437.53114481,
2026-06-10 21:53:00,1781128380,437.53114481,444.84140238,422.33076225,443.14335041,
2026-06-10 21:54:00,1781128440,443.14335041,443.61903638,432.87386362,440.22227718,
2026-06-10 21:55:00,1781128500,440.22227718,445.16653243,429.9913137,439.42541804,
2026-06-10 21:56:00,1781128560,439.42541804,440.17809241,425.70032355,425.7407803,
2026-06-10 21:57:00,1781128620,425.7407803,454.7679324,422.00485045,452.82234596,
2026-06-10 21:58:00,1781128680,452.82234596,461.71629356,431.67813377,431.67813377,
2026-06-10 21:59:00,1781128740,431.67813377,432.70877219,411.63095269,414.82563329,
2026-06-10 22:00:00,1781128800,414.82563329,452.69649117,412.11212832,438.53749103,
2026-06-10 22:01:00,1781128860,438.53749103,452.18325098,434.19455386,450.95793682,
2026-06-10 22:02:00,1781128920,450.95793682,461.82243239,443.18734119,461.82243239,
2026-06-10 22:03:00,1781128980,461.82243239,465.14931167,441.23214492,446.52405159,
2026-06-10 22:04:00,1781129040,446.52405159,469.30129789,446.52405159,466.04799728,
2026-06-10 22:05:00,1781129100,466.04799728,467.85325657,448.14839103,465.07108495,
2026-06-10 22:06:00,1781129160,465.07108495,469.4789138,445.31392905,449.08024664,
2026-06-10 22:07:00,1781129220,449.08024664,453.61469591,443.37145828,445.5245775,
2026-06-10 22:08:00,1781129280,445.5245775,450.52074397,440.51906856,441.0632777,
2026-06-10 22:09:00,1781129340,441.0632777,445.59026841,440.3293329,442.97321263,
2026-06-10 22:10:00,1781129400,442.97321263,443.05140886,426.71329787,431.37692143,
2026-06-10 22:11:00,1781129460,431.37692143,457.6261548,427.85548085,457.6261548,
2026-06-10 22:12:00,1781129520,457.6261548,462.81342993,438.59100548,448.56739681,
2026-06-10 22:13:00,1781129580,448.56739681,463.90120615,446.12790229,459.61778291,
2026-06-10 22:14:00,1781129640,459.61778291,463.10052776,455.38622782,456.46710463,
2026-06-10 22:15:00,1781129700,456.46710463,482.91159392,456.46710463,480.16775207,
2026-06-10 22:16:00,1781129760,480.16775207,485.89043601,471.08664143,478.08707282,
2026-06-10 22:17:00,1781129820,478.08707282,493.90157351,476.49950958,491.73312504,
2026-06-10 22:18:00,1781129880,491.73312504,493.08354973,480.93259754,483.61720303,
2026-06-10 22:19:00,1781129940,483.61720303,493.93706853,455.98266954,493.48617324,
2026-06-10 22:20:00,1781130000,493.48617324,503.04476259,487.65123797,494.02912372,
2026-06-10 22:21:00,1781130060,494.02912372,494.0851339,452.59850465,457.61790789,
2026-06-10 22:22:00,1781130120,457.61790789,475.20094199,454.79438011,472.34741747,
2026-06-10 22:23:00,1781130180,472.34741747,479.90217841,466.53082867,467.01139192,
2026-06-10 22:24:00,1781130240,467.01139192,483.02614775,456.33681769,457.50062634,
2026-06-10 22:25:00,1781130300,457.50062634,466.96766221,439.93619915,441.26730931,
2026-06-10 22:26:00,1781130360,441.26730931,461.30000096,441.26730931,456.7179057,
2026-06-10 22:27:00,1781130420,456.7179057,463.66000525,444.62865691,447.38374103,
2026-06-10 22:28:00,1781130480,447.38374103,449.7539544,435.97926023,449.7539544,
2026-06-10 22:29:00,1781130540,449.7539544,470.08668401,449.75191163,462.70033917,
2026-06-10 22:30:00,1781130600,462.70033917,466.35767294,428.64750432,435.30552305,
2026-06-10 22:31:00,1781130660,435.30552305,435.53285999,416.52312086,420.1716511,
2026-06-10 22:32:00,1781130720,420.1716511,429.48920185,414.57436937,424.0155903,
2026-06-10 22:33:00,1781130780,424.0155903,428.55670625,422.21145144,427.97767426,
2026-06-10 22:34:00,1781130840,427.97767426,452.79850897,426.24975899,448.28999367,
2026-06-10 22:35:00,1781130900,448.28999367,448.73020824,422.85635578,423.44958154,
2026-06-10 22:36:00,1781130960,423.44958154,445.89494095,423.34966747,440.98085947,
2026-06-10 22:37:00,1781131020,440.98085947,444.86109071,422.16651301,429.3517332,
2026-06-10 22:38:00,1781131080,429.3517332,435.92141711,419.5284786,421.20812676,
2026-06-10 22:39:00,1781131140,421.20812676,429.29120724,421.20812676,425.48170601,
2026-06-10 22:40:00,1781131200,425.48170601,429.14573263,408.48691552,410.57556442,
2026-06-10 22:41:00,1781131260,410.57556442,419.7406687,410.5267545,416.30940265,
2026-06-10 22:42:00,1781131320,416.30940265,416.94396634,396.30098742,396.34652897,
2026-06-10 22:43:00,1781131380,396.34652897,396.36832774,375.25284238,380.94557846,
2026-06-10 22:44:00,1781131440,380.94557846,399.14168934,376.61392592,383.66293943,
2026-06-10 22:45:00,1781131500,383.66293943,408.29375606,381.6313021,401.21598454,
2026-06-10 22:46:00,1781131560,401.21598454,407.39158657,391.59137297,392.27082307,
2026-06-10 22:47:00,1781131620,392.27082307,406.0595279,392.27082307,405.40841925,
2026-06-10 22:48:00,1781131680,405.40841925,413.88263368,393.58946516,399.68256313,
2026-06-10 22:49:00,1781131740,399.68256313,414.30954526,399.68256313,407.7173994,
2026-06-10 22:50:00,1781131800,407.7173994,408.56854372,393.52870966,403.52674793,
2026-06-10 22:51:00,1781131860,403.52674793,406.24022674,396.24452492,403.71357211,
2026-06-10 22:52:00,1781131920,403.71357211,405.28343884,391.79637346,399.50485167,
2026-06-10 22:53:00,1781131980,399.50485167,418.9303781,399.50485167,405.27921315,
2026-06-10 22:54:00,1781132040,405.27921315,405.73514214,399.3039597,400.04309247,
2026-06-10 22:55:00,1781132100,400.04309247,408.28703801,393.55632333,406.89401795,
2026-06-10 22:56:00,1781132160,406.89401795,409.64170021,404.87414649,405.26213906,
2026-06-10 22:57:00,1781132220,405.26213906,410.84309295,404.78866551,404.78866551,
2026-06-10 22:58:00,1781132280,404.78866551,413.08298718,403.91431505,412.64841794,
2026-06-10 22:59:00,1781132340,412.64841794,425.68279761,412.62186344,421.18704344,
2026-06-10 23:00:00,1781132400,421.18704344,441.82739764,420.73424096,437.06722693,
2026-06-10 23:01:00,1781132460,437.06722693,437.09290949,425.25774131,429.864279,
2026-06-10 23:02:00,1781132520,429.864279,435.56770242,422.24717751,428.54752709,
2026-06-10 23:03:00,1781132580,428.54752709,429.49649615,420.69929839,426.60399235,
2026-06-10 23:04:00,1781132640,426.60399235,430.42149193,422.8962377,425.49059374,
2026-06-10 23:05:00,1781132700,425.49059374,429.76137639,421.01328172,425.96694317,
2026-06-10 23:06:00,1781132760,425.96694317,428.37725171,423.47837189,424.79323911,
2026-06-10 23:07:00,1781132820,424.79323911,432.49002242,421.41998033,422.36695681,
2026-06-10 23:08:00,1781132880,422.36695681,433.82149267,422.2625267,433.61244171,
2026-06-10 23:09:00,1781132940,433.61244171,455.91709688,426.6780151,450.23632866,
2026-06-10 23:10:00,1781133000,450.23632866,462.37268384,450.23632866,456.78651725,
2026-06-10 23:11:00,1781133060,456.78651725,468.3718944,455.52743724,457.73239471,
2026-06-10 23:12:00,1781133120,457.73239471,467.00239989,452.93878475,461.10532351,
2026-06-10 23:13:00,1781133180,461.10532351,465.94607911,457.37854136,463.94803848,
2026-06-10 23:14:00,1781133240,463.94803848,467.28372265,462.04856043,464.65089049,
2026-06-10 23:15:00,1781133300,464.65089049,477.25021755,463.20863691,469.78267282,
2026-06-10 23:16:00,1781133360,469.78267282,478.90569064,468.02397527,468.02397527,
2026-06-10 23:17:00,1781133420,468.02397527,469.7706042,451.41579794,453.65855088,
2026-06-10 23:18:00,1781133480,453.65855088,453.71147324,440.06607187,447.26548725,
2026-06-10 23:19:00,1781133540,447.26548725,452.7391727,416.49341311,424.88040212,
2026-06-10 23:20:00,1781133600,424.88040212,429.71590062,390.62606023,393.99051963,
2026-06-10 23:21:00,1781133660,393.99051963,404.03969508,390.41324772,395.92048312,
2026-06-10 23:22:00,1781133720,395.92048312,402.01638777,390.13977904,393.60963967,
2026-06-10 23:23:00,1781133780,393.60963967,394.62750091,387.12389023,389.39573514,
2026-06-10 23:24:00,1781133840,389.39573514,403.38709606,387.81978483,397.83762121,
2026-06-10 23:25:00,1781133900,397.83762121,400.10762782,380.86931978,399.33386388,
2026-06-10 23:26:00,1781133960,399.33386388,403.18190788,389.95492679,392.58881781,
2026-06-10 23:27:00,1781134020,392.58881781,394.64509637,383.25875606,383.90478421,
2026-06-10 23:28:00,1781134080,383.90478421,389.5079113,381.10665334,381.19951694,
2026-06-10 23:29:00,1781134140,381.19951694,381.82337626,367.60967628,373.72693065,
2026-06-10 23:30:00,1781134200,373.72693065,375.54074204,368.97336955,372.87155888,
2026-06-10 23:31:00,1781134260,372.87155888,393.31587286,372.87155888,389.53984769,
2026-06-10 23:32:00,1781134320,389.53984769,397.67838899,378.8367979,380.98696311,
2026-06-10 23:33:00,1781134380,380.98696311,395.36116337,378.32573704,394.27621029,
2026-06-10 23:34:00,1781134440,394.27621029,395.19206209,386.98385503,386.98385503,
2026-06-10 23:35:00,1781134500,386.98385503,386.98385503,373.28899824,378.76377673,
2026-06-10 23:36:00,1781134560,378.76377673,378.76377673,368.0137953,377.8558147,
2026-06-10 23:37:00,1781134620,377.8558147,380.03495336,377.8558147,379.40497462,
2026-06-10 23:38:00,1781134680,379.40497462,388.03973772,379.37995055,385.06032052,
2026-06-10 23:39:00,1781134740,385.06032052,391.69241459,384.65145642,389.79338316,
2026-06-10 23:40:00,1781134800,389.79338316,394.53643414,379.70470324,379.8184416,
2026-06-10 23:41:00,1781134860,379.8184416,380.02478655,369.47882748,371.76354341,
2026-06-10 23:42:00,1781134920,371.76354341,372.01225112,361.55073873,368.2339921,
2026-06-10 23:43:00,1781134980,368.2339921,372.26048166,365.97100259,371.56134073,
2026-06-10 23:44:00,1781135040,371.56134073,377.95851829,371.53859835,376.16259335,
2026-06-10 23:45:00,1781135100,376.16259335,387.88165995,374.65594264,377.2692692,
2026-06-10 23:46:00,1781135160,377.2692692,381.90725481,376.33304105,380.28614151,
2026-06-10 23:47:00,1781135220,380.28614151,385.09437542,376.62570199,376.64872699,
2026-06-10 23:48:00,1781135280,376.64872699,384.44570263,373.68712215,384.44570263,
2026-06-10 23:49:00,1781135340,384.44570263,390.13515874,384.20984076,389.00247113,
2026-06-10 23:50:00,1781135400,389.00247113,392.41419589,384.66174117,387.27979119,
2026-06-10 23:51:00,1781135460,387.27979119,387.27979119,377.93682499,380.4849602,
2026-06-10 23:52:00,1781135520,380.4849602,380.66832076,370.72770397,371.99021335,
2026-06-10 23:53:00,1781135580,371.99021335,372.41662629,363.4034558,370.35212477,
2026-06-10 23:54:00,1781135640,370.35212477,380.74562115,370.35212477,373.79810286,
2026-06-10 23:55:00,1781135700,373.79810286,374.29703075,371.21837055,373.01780669,
2026-06-10 23:56:00,1781135760,373.01780669,378.24131233,372.30142989,374.88963319,
2026-06-10 23:57:00,1781135820,374.88963319,379.14780306,373.6247298,378.02290208,
2026-06-10 23:58:00,1781135880,378.02290208,378.45722949,374.35634757,374.97562784,
2026-06-10 23:59:00,1781135940,374.97562784,376.42642526,368.84228645,375.48010556,
2026-06-11 00:00:00,1781136000,375.48010556,375.48010556,358.08870813,359.12729787,
2026-06-11 00:01:00,1781136060,359.12729787,361.22165554,349.83457749,351.19959815,
2026-06-11 00:02:00,1781136120,351.19959815,352.12063034,341.88435391,349.70023988,
2026-06-11 00:03:00,1781136180,349.70023988,354.21521199,347.92853036,353.77123762,
2026-06-11 00:04:00,1781136240,353.77123762,362.98617558,345.6183067,360.69346486,
2026-06-11 00:05:00,1781136300,360.69346486,361.25101288,345.18898169,346.53324759,
2026-06-11 00:06:00,1781136360,346.53324759,356.12762011,343.60818386,346.79137439,
2026-06-11 00:07:00,1781136420,346.79137439,346.92389855,336.51010613,341.53946467,
2026-06-11 00:08:00,1781136480,341.53946467,354.30243956,341.53946467,347.8751138,
2026-06-11 00:09:00,1781136540,347.8751138,359.45369123,347.8751138,352.31265421,
2026-06-11 00:10:00,1781136600,352.31265421,356.12177605,346.30965248,352.54417415,
2026-06-11 00:11:00,1781136660,352.54417415,352.61967636,340.6480138,340.6480138,
2026-06-11 00:12:00,1781136720,340.6480138,349.77690935,340.56023638,341.28897159,
2026-06-11 00:13:00,1781136780,341.28897159,341.63124506,331.655197,336.37532476,
2026-06-11 00:14:00,1781136840,336.37532476,339.62844744,331.13528049,332.9861779,
2026-06-11 00:15:00,1781136900,332.9861779,332.9861779,310.67188268,312.41237487,
2026-06-11 00:16:00,1781136960,312.41237487,314.89329681,297.93850657,302.95017776,
2026-06-11 00:17:00,1781137020,302.95017776,303.38035539,274.66808775,275.36848866,
2026-06-11 00:18:00,1781137080,275.36848866,306.75828471,275.36848866,301.98745425,
2026-06-11 00:19:00,1781137140,301.98745425,302.21983036,283.92244411,287.62319649,
2026-06-11 00:20:00,1781137200,287.62319649,289.85607043,278.22134542,282.74466972,
2026-06-11 00:21:00,1781137260,282.74466972,287.00296063,277.53748758,282.09214003,
2026-06-11 00:22:00,1781137320,282.09214003,297.16176053,281.70349711,295.88125088,
2026-06-11 00:23:00,1781137380,295.88125088,308.70470005,295.76640968,303.13121492,
2026-06-11 00:24:00,1781137440,303.13121492,311.18296688,300.56249384,300.56249384,
2026-06-11 00:25:00,1781137500,300.56249384,307.27997806,299.0859312,300.34301858,
2026-06-11 00:26:00,1781137560,300.34301858,304.64523547,298.30085919,299.16186631,
2026-06-11 00:27:00,1781137620,299.16186631,313.00278688,297.61811187,311.38339574,
2026-06-11 00:28:00,1781137680,311.38339574,314.68607205,297.28877035,297.28877035,
2026-06-11 00:29:00,1781137740,297.28877035,300.62453051,296.28101207,296.37681316,
2026-06-11 00:30:00,1781137800,296.37681316,303.36576326,294.37873007,303.15417633,
2026-06-11 00:31:00,1781137860,303.15417633,308.98113904,301.31682313,301.69541021,
2026-06-11 00:32:00,1781137920,301.69541021,303.11008021,297.88711046,300.46428539,
2026-06-11 00:33:00,1781137980,300.46428539,308.08542942,296.8418069,302.67201077,
2026-06-11 00:34:00,1781138040,302.67201077,313.03778846,298.39449797,312.43973567,
2026-06-11 00:35:00,1781138100,312.43973567,315.43087668,304.26277695,304.3213648,
2026-06-11 00:36:00,1781138160,304.3213648,319.90457959,303.96765788,318.16348573,
2026-06-11 00:37:00,1781138220,318.16348573,319.21808951,306.28004999,306.64018273,
2026-06-11 00:38:00,1781138280,306.64018273,315.83998144,305.285373,314.35393774,
2026-06-11 00:39:00,1781138340,314.35393774,320.75804838,314.13147587,315.28854628,
2026-06-11 00:40:00,1781138400,315.28854628,316.71422986,312.79183107,314.10924659,
2026-06-11 00:41:00,1781138460,314.10924659,315.81649537,304.40071472,304.59523828,
2026-06-11 00:42:00,1781138520,304.59523828,304.59523828,292.68487933,295.67472709,
2026-06-11 00:43:00,1781138580,295.67472709,305.82127018,292.71455358,305.76229659,
2026-06-11 00:44:00,1781138640,305.76229659,318.52374088,305.76051655,318.05268787,
2026-06-11 00:45:00,1781138700,318.05268787,318.05268787,298.99137183,301.19643173,
2026-06-11 00:46:00,1781138760,301.19643173,303.97072769,290.15449929,290.28553785,
2026-06-11 00:47:00,1781138820,290.28553785,300.9868957,286.20908062,300.57937128,
2026-06-11 00:48:00,1781138880,300.57937128,301.29352462,291.35672349,291.35672349,
2026-06-11 00:49:00,1781138940,291.35672349,295.50639861,291.35672349,292.57880649,
2026-06-11 00:50:00,1781139000,292.57880649,297.27299889,292.55808557,294.83036752,
2026-06-11 00:51:00,1781139060,294.83036752,302.06128806,293.18022213,297.34503133,
2026-06-11 00:52:00,1781139120,297.34503133,297.34503133,287.13616093,290.88242057,
2026-06-11 00:53:00,1781139180,290.88242057,298.68906688,290.36635813,298.65675888,
2026-06-11 00:54:00,1781139240,298.65675888,310.69977558,298.61812079,306.88001844,
2026-06-11 00:55:00,1781139300,306.88001844,309.25524305,298.66841544,301.06048808,
2026-06-11 00:56:00,1781139360,301.06048808,307.14626329,301.06048808,306.1750067,
2026-06-11 00:57:00,1781139420,306.1750067,307.17115371,303.80234222,304.19093609,
2026-06-11 00:58:00,1781139480,304.19093609,304.91901099,298.87045094,300.07406382,
2026-06-11 00:59:00,1781139540,300.07406382,309.39910851,295.35352899,309.3539649,
2026-06-11 01:00:00,1781139600,309.3539649,309.76617305,300.21718987,307.30438351,
2026-06-11 01:01:00,1781139660,307.30438351,307.30438351,288.86194378,289.12020063,
2026-06-11 01:02:00,1781139720,289.12020063,291.43818963,284.93907114,291.15046361,
2026-06-11 01:03:00,1781139780,291.15046361,293.88813612,287.72375805,291.22163412,
2026-06-11 01:04:00,1781139840,291.22163412,292.0434503,272.94158375,278.03820721,
2026-06-11 01:05:00,1781139900,278.03820721,283.32929783,269.20063437,272.87667146,
2026-06-11 01:06:00,1781139960,272.87667146,280.40079973,270.51957723,280.40079973,
2026-06-11 01:07:00,1781140020,280.40079973,289.95114365,280.40079973,283.53044375,
2026-06-11 01:08:00,1781140080,283.53044375,286.54155727,278.81380142,278.91877544,
2026-06-11 01:09:00,1781140140,278.91877544,287.66671995,277.19294547,286.16924139,
2026-06-11 01:10:00,1781140200,286.16924139,286.16924139,275.12652512,276.56532019,
2026-06-11 01:11:00,1781140260,276.56532019,276.69648883,272.04082191,274.46635049,
2026-06-11 01:12:00,1781140320,274.46635049,275.81743907,267.54862859,269.84972136,
2026-06-11 01:13:00,1781140380,269.84972136,272.12777459,251.60379297,252.97560093,
2026-06-11 01:14:00,1781140440,252.97560093,264.29947761,248.54452233,264.17477566,
2026-06-11 01:15:00,1781140500,264.17477566,269.95502483,255.84857145,263.80081041,
2026-06-11 01:16:00,1781140560,263.80081041,265.25867385,240.53157774,243.19874442,
2026-06-11 01:17:00,1781140620,243.19874442,256.90320913,242.45439314,251.97401324,
2026-06-11 01:18:00,1781140680,251.97401324,256.11033155,248.96359027,250.8955696,
2026-06-11 01:19:00,1781140740,250.8955696,250.8955696,233.92213739,236.09034894,
2026-06-11 01:20:00,1781140800,236.09034894,249.42055154,236.07114282,248.9037167,
2026-06-11 01:21:00,1781140860,248.9037167,249.7978136,239.65773683,241.47048478,
2026-06-11 01:22:00,1781140920,241.47048478,252.58475554,239.02859179,250.58238923,
2026-06-11 01:23:00,1781140980,250.58238923,250.58238923,238.80010853,238.94429732,
2026-06-11 01:24:00,1781141040,238.94429732,242.47782889,236.61593115,240.90572675,
2026-06-11 01:25:00,1781141100,240.90572675,244.07790532,237.93221165,239.49410227,
2026-06-11 01:26:00,1781141160,239.49410227,243.26876913,231.78463698,242.95994919,
2026-06-11 01:27:00,1781141220,242.95994919,250.69487278,242.06020169,242.09133609,
2026-06-11 01:28:00,1781141280,242.09133609,244.17129013,239.76690495,244.01946918,
2026-06-11 01:29:00,1781141340,244.01946918,247.16960141,239.44850896,239.71072947,
2026-06-11 01:30:00,1781141400,239.71072947,240.83839112,235.37091649,240.58278003,
2026-06-11 01:31:00,1781141460,240.58278003,249.77672159,240.41978835,249.08216607,
2026-06-11 01:32:00,1781141520,249.08216607,249.08216607,234.92040553,234.9348321,
2026-06-11 01:33:00,1781141580,234.9348321,246.37333693,234.56373218,244.75424769,
2026-06-11 01:34:00,1781141640,244.75424769,245.94500024,238.37418743,238.4878762,
2026-06-11 01:35:00,1781141700,238.4878762,246.52595603,238.48468688,243.61465942,
2026-06-11 01:36:00,1781141760,243.61465942,252.03504591,243.61304624,251.86220716,
2026-06-11 01:37:00,1781141820,251.86220716,253.53939085,246.89604396,249.23176311,
2026-06-11 01:38:00,1781141880,249.23176311,249.23176311,222.54247646,222.54247646,
2026-06-11 01:39:00,1781141940,222.54247646,229.46342709,221.31936769,224.50930508,
2026-06-11 01:40:00,1781142000,224.50930508,230.39535026,224.50930508,230.18831942,
2026-06-11 01:41:00,1781142060,230.18831942,230.18831942,207.54911808,208.5139933,
2026-06-11 01:42:00,1781142120,208.5139933,222.08082347,208.5139933,220.32809094,
2026-06-11 01:43:00,1781142180,220.32809094,222.87629117,216.59000972,218.75985077,
2026-06-11 01:44:00,1781142240,218.75985077,228.50226061,218.75985077,225.99197469,
2026-06-11 01:45:00,1781142300,225.99197469,228.03909179,224.44717901,228.00681383,
2026-06-11 01:46:00,1781142360,228.00681383,228.81968039,218.40748756,220.85507279,
2026-06-11 01:47:00,1781142420,220.85507279,223.29222195,217.07099511,222.61812865,
2026-06-11 01:48:00,1781142480,222.61812865,227.87154671,221.19883918,227.87154671,
2026-06-11 01:49:00,1781142540,227.87154671,228.21611235,218.54244923,221.09798776,
2026-06-11 01:50:00,1781142600,221.09798776,231.10730716,221.06588587,227.01221065,
2026-06-11 01:51:00,1781142660,227.01221065,227.02812809,218.86489729,220.06537895,
2026-06-11 01:52:00,1781142720,220.06537895,223.47482676,215.951286,222.92994719,
2026-06-11 01:53:00,1781142780,222.92994719,224.02276969,219.85207758,221.99204572,
2026-06-11 01:54:00,1781142840,221.99204572,228.79243851,219.89033237,228.64462058,
2026-06-11 01:55:00,1781142900,228.64462058,235.89666163,228.61160856,234.32620971,
2026-06-11 01:56:00,1781142960,234.32620971,234.58251469,227.86097183,228.15274998,
2026-06-11 01:57:00,1781143020,228.15274998,229.07020778,224.74888417,224.90308722,
2026-06-11 01:58:00,1781143080,224.90308722,227.48293173,223.69227293,224.0921976,
2026-06-11 01:59:00,1781143140,224.0921976,229.29732818,219.69686355,229.10093386,
2026-06-11 02:00:00,1781143200,229.10093386,229.10093386,224.28061051,225.42722848,
2026-06-11 02:01:00,1781143260,225.42722848,231.72241232,222.02816967,222.02816967,
2026-06-11 02:02:00,1781143320,222.02816967,227.21519228,216.2728702,227.18225226,
2026-06-11 02:03:00,1781143380,227.18225226,230.45452234,223.7631039,224.29148264,
2026-06-11 02:04:00,1781143440,224.29148264,225.11442005,216.5400458,217.76838721,
2026-06-11 02:05:00,1781143500,217.76838721,226.20995995,216.466934,224.34943204,
2026-06-11 02:06:00,1781143560,224.34943204,231.05555727,222.34581811,230.49694627,
2026-06-11 02:07:00,1781143620,230.49694627,233.89979215,229.59002395,232.190489,
2026-06-11 02:08:00,1781143680,232.190489,234.46067332,229.60582542,234.36883575,
2026-06-11 02:09:00,1781143740,234.36883575,235.33232815,231.09549131,231.1450416,
2026-06-11 02:10:00,1781143800,231.1450416,235.59135734,231.12151411,234.84220498,
2026-06-11 02:11:00,1781143860,234.84220498,238.17484002,233.847488,237.98976817,
2026-06-11 02:12:00,1781143920,237.98976817,239.95281623,233.15510575,233.84356163,
2026-06-11 02:13:00,1781143980,233.84356163,234.0033024,228.46633517,231.09280953,
2026-06-11 02:14:00,1781144040,231.09280953,233.2804642,226.32978074,228.08035567,
2026-06-11 02:15:00,1781144100,228.08035567,228.3868254,223.55741964,226.49332814,
2026-06-11 02:16:00,1781144160,226.49332814,234.11694286,219.87640024,220.18420905,
2026-06-11 02:17:00,1781144220,220.18420905,221.80661155,213.71720856,214.33920759,
2026-06-11 02:18:00,1781144280,214.33920759,215.46938042,207.4833268,211.51677824,
2026-06-11 02:19:00,1781144340,211.51677824,214.23800305,208.14011129,210.26605665,
2026-06-11 02:20:00,1781144400,210.26605665,223.93903792,209.58800095,221.05563172,
2026-06-11 02:21:00,1781144460,221.05563172,237.76228719,221.05409051,236.49337652,
2026-06-11 02:22:00,1781144520,236.49337652,246.45331223,236.49337652,245.20639284,
2026-06-11 02:23:00,1781144580,245.20639284,245.20639284,238.63252006,241.89278669,
2026-06-11 02:24:00,1781144640,241.89278669,244.20117758,238.45346716,238.45346716,
2026-06-11 02:25:00,1781144700,238.45346716,241.92738651,237.66564251,240.61219949,
2026-06-11 02:26:00,1781144760,240.61219949,242.04827724,230.75914706,230.77517964,
2026-06-11 02:27:00,1781144820,230.77517964,241.24045731,228.20432207,241.24045731,
2026-06-11 02:28:00,1781144880,241.24045731,246.08006217,241.22222594,245.20766507,
2026-06-11 02:29:00,1781144940,245.20766507,247.34293026,243.98012033,244.13355657,
2026-06-11 02:30:00,1781145000,244.13355657,247.39863454,238.44741311,246.38251464,
2026-06-11 02:31:00,1781145060,246.38251464,257.99271638,244.65549663,257.60514711,
2026-06-11 02:32:00,1781145120,257.60514711,261.23513344,256.37890471,257.81484721,
2026-06-11 02:33:00,1781145180,257.81484721,257.81484721,250.11535437,252.12639035,
2026-06-11 02:34:00,1781145240,252.12639035,263.69469949,251.91712149,257.95054539,
2026-06-11 02:35:00,1781145300,257.95054539,259.44729846,250.32721054,252.13800995,
2026-06-11 02:36:00,1781145360,252.13800995,252.13800995,245.42572154,246.04208064,
2026-06-11 02:37:00,1781145420,246.04208064,247.1587542,241.96406011,246.76079135,
2026-06-11 02:38:00,1781145480,246.76079135,249.76181439,245.76746245,246.76724132,
2026-06-11 02:39:00,1781145540,246.76724132,247.42742642,238.70926144,244.51223831,
2026-06-11 02:40:00,1781145600,244.51223831,244.73144255,234.75010501,238.41122891,
2026-06-11 02:41:00,1781145660,238.41122891,241.17105459,237.23542245,238.85311189,
2026-06-11 02:42:00,1781145720,238.85311189,245.55950891,238.77047132,244.06054959,
2026-06-11 02:43:00,1781145780,244.06054959,244.08932763,237.60472631,238.21153513,
2026-06-11 02:44:00,1781145840,238.21153513,242.10331484,237.21725769,241.03062598,
2026-06-11 02:45:00,1781145900,241.03062598,245.92274348,240.78692783,242.62000935,
2026-06-11 02:46:00,1781145960,242.62000935,248.74473107,241.25959935,247.98902973,
2026-06-11 02:47:00,1781146020,247.98902973,249.34902341,244.88299923,247.7911968,
2026-06-11 02:48:00,1781146080,247.7911968,249.13882285,245.69381614,248.74626405,
2026-06-11 02:49:00,1781146140,248.74626405,251.88754358,248.56045625,250.03550578,
2026-06-11 02:50:00,1781146200,250.03550578,250.12145596,234.93293871,236.32776864,
2026-06-11 02:51:00,1781146260,236.32776864,245.33468793,232.13726156,244.87305775,
2026-06-11 02:52:00,1781146320,244.87305775,245.29008499,240.76428241,240.76428241,
2026-06-11 02:53:00,1781146380,240.76428241,241.51288548,234.29155734,236.35380817,
2026-06-11 02:54:00,1781146440,236.35380817,238.14835984,230.19005206,235.11557211,
2026-06-11 02:55:00,1781146500,235.11557211,236.96712674,227.24143783,235.62151242,
2026-06-11 02:56:00,1781146560,235.62151242,235.62151242,217.43562858,220.70573449,
2026-06-11 02:57:00,1781146620,220.70573449,221.46816337,215.6159088,218.04559322,
2026-06-11 02:58:00,1781146680,218.04559322,222.52159195,216.95993943,222.52003348,
2026-06-11 02:59:00,1781146740,222.52003348,229.65010267,222.52003348,228.85650178,
2026-06-11 03:00:00,1781146800,228.85650178,229.59997288,223.57652876,224.75749261,
2026-06-11 03:01:00,1781146860,224.75749261,226.94645233,220.50502066,224.11908878,
2026-06-11 03:02:00,1781146920,224.11908878,229.24581641,223.31736421,225.14994597,
2026-06-11 03:03:00,1781146980,225.14994597,226.85657696,222.92699217,224.87442759,
2026-06-11 03:04:00,1781147040,224.87442759,226.71821861,223.98521975,224.47409272,
2026-06-11 03:05:00,1781147100,224.47409272,228.6254855,221.73354183,228.07484291,
2026-06-11 03:06:00,1781147160,228.07484291,242.74817628,228.05731114,240.76997108,
2026-06-11 03:07:00,1781147220,240.76997108,241.33354074,232.09964395,233.57016521,
2026-06-11 03:08:00,1781147280,233.57016521,238.5326516,233.51970622,236.35868857,
2026-06-11 03:09:00,1781147340,236.35868857,236.40636297,228.838679,231.25275326,
2026-06-11 03:10:00,1781147400,231.25275326,237.35083072,231.11428574,236.03569887,
2026-06-11 03:11:00,1781147460,236.03569887,242.49802343,234.89559634,240.15453084,
2026-06-11 03:12:00,1781147520,240.15453084,248.89833143,240.09682296,248.38261963,
2026-06-11 03:13:00,1781147580,248.38261963,250.6318203,242.33989784,242.33989784,
2026-06-11 03:14:00,1781147640,242.33989784,242.62035817,234.63572226,238.94424773,
2026-06-11 03:15:00,1781147700,238.94424773,242.16692669,236.3886283,236.91533165,
2026-06-11 03:16:00,1781147760,236.91533165,239.36705584,235.38559625,235.52047831,
2026-06-11 03:17:00,1781147820,235.52047831,237.39325496,228.66302978,233.16469863,
2026-06-11 03:18:00,1781147880,233.16469863,233.50498031,229.67496467,232.56924456,
2026-06-11 03:19:00,1781147940,232.56924456,241.35073181,232.51733713,241.33401221,
2026-06-11 03:20:00,1781148000,241.33401221,246.56149875,241.28222716,246.56149875,
2026-06-11 03:21:00,1781148060,246.56149875,248.28148195,239.5070585,239.66438023,
2026-06-11 03:22:00,1781148120,239.66438023,243.28010408,235.74156669,242.31467005,
2026-06-11 03:23:00,1781148180,242.31467005,243.45504258,240.46684073,240.54498332,
2026-06-11 03:24:00,1781148240,240.54498332,241.25834122,232.98861895,233.15135716,
2026-06-11 03:25:00,1781148300,233.15135716,238.29536909,232.53042171,233.22505984,
2026-06-11 03:26:00,1781148360,233.22505984,237.65003368,233.22505984,235.00526414,
2026-06-11 03:27:00,1781148420,235.00526414,237.18276602,230.96645236,232.20547162,
2026-06-11 03:28:00,1781148480,232.20547162,233.38804992,232.0558091,233.01816968,
2026-06-11 03:29:00,1781148540,233.01816968,235.39108556,232.13915584,233.74680363,
2026-06-11 03:30:00,1781148600,233.74680363,234.23460635,228.45058403,229.22426215,
2026-06-11 03:31:00,1781148660,229.22426215,229.6043098,216.63309698,216.63309698,
2026-06-11 03:32:00,1781148720,216.63309698,218.01552711,204.41294217,209.5513893,
2026-06-11 03:33:00,1781148780,209.5513893,211.41570843,181.64252631,182.97853316,
2026-06-11 03:34:00,1781148840,182.97853316,190.56036232,168.56642269,190.56036232,
2026-06-11 03:35:00,1781148900,190.56036232,199.51381173,184.42984282,190.92166286,
2026-06-11 03:36:00,1781148960,190.92166286,204.59602276,188.35848209,201.22202753,
2026-06-11 03:37:00,1781149020,201.22202753,204.30193714,197.447944,197.48413113,
2026-06-11 03:38:00,1781149080,197.48413113,201.47010017,195.70180291,200.71741788,
2026-06-11 03:39:00,1781149140,200.71741788,201.56419521,196.63831754,201.34497095,
2026-06-11 03:40:00,1781149200,201.34497095,204.16266344,197.11998833,203.31991245,
2026-06-11 03:41:00,1781149260,203.31991245,205.459339,199.37273638,199.37273638,
2026-06-11 03:42:00,1781149320,199.37273638,201.49191252,194.29297436,195.69611948,
2026-06-11 03:43:00,1781149380,195.69611948,196.16007569,194.63124349,195.75843194,
2026-06-11 03:44:00,1781149440,195.75843194,203.19545594,195.75843194,202.95864813,
2026-06-11 03:45:00,1781149500,202.95864813,203.05309107,190.40174255,193.21149285,
2026-06-11 03:46:00,1781149560,193.21149285,200.47620112,193.09371279,200.47620112,
2026-06-11 03:47:00,1781149620,200.47620112,203.5890455,191.20300572,196.00838676,
2026-06-11 03:48:00,1781149680,196.00838676,198.10132448,188.45734904,195.39464261,
2026-06-11 03:49:00,1781149740,195.39464261,196.33134621,189.08165528,196.33134621,
2026-06-11 03:50:00,1781149800,196.33134621,196.33134621,187.6530529,188.90446953,
2026-06-11 03:51:00,1781149860,188.90446953,190.49818582,187.73710743,189.30638249,
2026-06-11 03:52:00,1781149920,189.30638249,193.36876801,182.7741515,188.41632899,
2026-06-11 03:53:00,1781149980,188.41632899,191.21494575,183.38155979,185.28411771,
2026-06-11 03:54:00,1781150040,185.28411771,188.1353851,185.28411771,187.08392637,
2026-06-11 03:55:00,1781150100,187.08392637,188.22926047,155.35563444,156.10211599,
2026-06-11 03:56:00,1781150160,156.10211599,161.48668438,143.35894421,159.01160096,
2026-06-11 03:57:00,1781150220,159.01160096,161.04559125,155.03138287,155.88925541,
2026-06-11 03:58:00,1781150280,155.88925541,160.99815517,150.45168069,160.04381528,
2026-06-11 03:59:00,1781150340,160.04381528,165.61847806,157.83503405,165.61847806,
2026-06-11 04:00:00,1781150400,165.61847806,169.45482042,163.03368208,169.44256526,
2026-06-11 04:01:00,1781150460,169.44256526,177.54646736,169.09695938,176.06809291,
2026-06-11 04:02:00,1781150520,176.06809291,176.06809291,163.69281632,167.88292273,
2026-06-11 04:03:00,1781150580,167.88292273,175.03262405,167.88292273,171.43630184,
2026-06-11 04:04:00,1781150640,171.43630184,171.4473115,164.23939643,168.50699629,
2026-06-11 04:05:00,1781150700,168.50699629,174.44901348,168.50699629,171.5536397,
2026-06-11 04:06:00,1781150760,171.5536397,175.06233009,170.0405348,173.70552482,
2026-06-11 04:07:00,1781150820,173.70552482,174.29932516,170.64152667,172.18703076,
2026-06-11 04:08:00,1781150880,172.18703076,172.29801977,167.95042995,168.21815576,
2026-06-11 04:09:00,1781150940,168.21815576,172.59841253,167.64069453,168.41803773,
2026-06-11 04:10:00,1781151000,168.41803773,175.44228981,162.44170969,164.33858657,
2026-06-11 04:11:00,1781151060,164.33858657,168.13374636,160.94156702,161.39733989,
2026-06-11 04:12:00,1781151120,161.39733989,163.89386941,158.37714477,160.15888232,
2026-06-11 04:13:00,1781151180,160.15888232,162.06155467,154.93237773,158.61889408,
2026-06-11 04:14:00,1781151240,158.61889408,164.17789359,157.80275485,164.16363487,
2026-06-11 04:15:00,1781151300,164.16363487,167.71189504,163.72872401,163.9793076,
2026-06-11 04:16:00,1781151360,163.9793076,167.63377728,158.39128945,167.57269755,
2026-06-11 04:17:00,1781151420,167.57269755,169.41063032,165.55689339,167.08021206,
2026-06-11 04:18:00,1781151480,167.08021206,171.6029929,166.18482041,170.04218561,
2026-06-11 04:19:00,1781151540,170.04218561,170.20073572,163.99528716,164.01930286,
2026-06-11 04:20:00,1781151600,164.01930286,166.45064637,158.45729774,159.76525381,
2026-06-11 04:21:00,1781151660,159.76525381,167.52357939,158.57761551,167.3454454,
2026-06-11 04:22:00,1781151720,167.3454454,171.10369854,167.10959353,168.13841864,
2026-06-11 04:23:00,1781151780,168.13841864,170.01271904,165.81495093,167.15663295,
2026-06-11 04:24:00,1781151840,167.15663295,169.70149201,164.14608529,169.04893595,
2026-06-11 04:25:00,1781151900,169.04893595,171.95698308,168.35342414,169.56921951,
2026-06-11 04:26:00,1781151960,169.56921951,169.64328246,165.9188892,167.01315811,
2026-06-11 04:27:00,1781152020,167.01315811,171.52092254,167.01315811,170.82073539,
2026-06-11 04:28:00,1781152080,170.82073539,171.95582987,169.07130434,170.24888909,
2026-06-11 04:29:00,1781152140,170.24888909,170.24888909,167.61918802,168.69428007,
2026-06-11 04:30:00,1781152200,168.69428007,169.17143465,165.31156973,166.29354265,
2026-06-11 04:31:00,1781152260,166.29354265,169.87133697,164.67548177,169.84245281,
2026-06-11 04:32:00,1781152320,169.84245281,173.45079309,169.72264395,170.90677902,
2026-06-11 04:33:00,1781152380,170.90677902,175.67303692,169.7949975,175.54723195,
2026-06-11 04:34:00,1781152440,175.54723195,179.95069718,174.23549839,178.28292135,
2026-06-11 04:35:00,1781152500,178.28292135,178.81997478,173.72707193,174.97334682,
2026-06-11 04:36:00,1781152560,174.97334682,175.84332769,170.89358478,171.61681385,
2026-06-11 04:37:00,1781152620,171.61681385,174.78999733,171.32450169,173.4393919,
2026-06-11 04:38:00,1781152680,173.4393919,173.6057852,163.05415671,164.47109585,
2026-06-11 04:39:00,1781152740,164.47109585,166.00653874,162.53444555,162.57929814,
2026-06-11 04:40:00,1781152800,162.57929814,167.7608622,160.54263135,164.50778896,
2026-06-11 04:41:00,1781152860,164.50778896,169.54792594,164.44879633,168.43374085,
2026-06-11 04:42:00,1781152920,168.43374085,168.7794643,166.77771445,168.20502921,
2026-06-11 04:43:00,1781152980,168.20502921,170.0038492,167.30034868,167.65848036,
2026-06-11 04:44:00,1781153040,167.65848036,167.65848036,163.19437345,164.86506188,
2026-06-11 04:45:00,1781153100,164.86506188,164.86506188,159.934024,160.53833633,
2026-06-11 04:46:00,1781153160,160.53833633,161.16801352,159.17794234,159.78664503,
2026-06-11 04:47:00,1781153220,159.78664503,160.08917012,151.01472809,152.26809257,
2026-06-11 04:48:00,1781153280,152.26809257,158.39755455,152.19062968,153.34733738,
2026-06-11 04:49:00,1781153340,153.34733738,154.39034365,149.73784364,150.68842815,
2026-06-11 04:50:00,1781153400,150.68842815,150.92219309,143.59643731,143.70258609,
2026-06-11 04:51:00,1781153460,143.70258609,147.75224324,142.5997671,147.7412357,
2026-06-11 04:52:00,1781153520,147.7412357,147.7412357,140.6425828,145.03032898,
2026-06-11 04:53:00,1781153580,145.03032898,148.5842807,144.11388689,146.57718993,
2026-06-11 04:54:00,1781153640,146.57718993,147.706807,143.35681842,143.49380715,
2026-06-11 04:55:00,1781153700,143.49380715,147.67041985,142.43872256,147.34821929,
2026-06-11 04:56:00,1781153760,147.34821929,148.49218205,146.17167622,148.36893831,
2026-06-11 04:57:00,1781153820,148.36893831,151.21104841,147.85407587,149.73893673,
2026-06-11 04:58:00,1781153880,149.73893673,157.35039948,149.67832972,156.41742944,
2026-06-11 04:59:00,1781153940,156.41742944,156.87792546,150.23577356,151.82616783,
2026-06-11 05:00:00,1781154000,151.82616783,164.6493923,151.27130602,163.52767933,
2026-06-11 05:01:00,1781154060,163.52767933,166.24417833,162.38125506,164.98470122,
2026-06-11 05:02:00,1781154120,164.98470122,166.45777285,158.90784963,162.12727275,
2026-06-11 05:03:00,1781154180,162.12727275,165.25820215,161.01912129,163.03862657,
2026-06-11 05:04:00,1781154240,163.03862657,164.88837604,162.47442008,164.37692084,
2026-06-11 05:05:00,1781154300,164.37692084,165.91348726,164.12806937,164.13890321,
2026-06-11 05:06:00,1781154360,164.13890321,167.54510381,163.08812216,167.05241819,
2026-06-11 05:07:00,1781154420,167.05241819,167.1625595,161.70665528,163.00735338,
2026-06-11 05:08:00,1781154480,163.00735338,163.00735338,160.06058066,160.69215142,
2026-06-11 05:09:00,1781154540,160.69215142,161.02793129,157.20730017,157.60633185,
2026-06-11 05:10:00,1781154600,157.60633185,159.3828684,154.81625109,159.31627047,
2026-06-11 05:11:00,1781154660,159.31627047,161.84046204,158.85508888,160.86771314,
2026-06-11 05:12:00,1781154720,160.86771314,160.97225029,154.93631548,156.55521371,
2026-06-11 05:13:00,1781154780,156.55521371,159.51532538,155.65718714,159.3585691,
2026-06-11 05:14:00,1781154840,159.3585691,159.40511836,154.05719769,154.5109957,
2026-06-11 05:15:00,1781154900,154.5109957,156.22139733,150.27194893,151.556213,
2026-06-11 05:16:00,1781154960,151.556213,151.556213,145.71103456,147.53761833,
2026-06-11 05:17:00,1781155020,147.53761833,148.6405891,144.06105285,147.4299024,
2026-06-11 05:18:00,1781155080,147.4299024,153.72395795,146.89104431,153.72395795,
2026-06-11 05:19:00,1781155140,153.72395795,154.54683014,148.33229446,152.90754537,
2026-06-11 05:20:00,1781155200,152.90754537,154.06363647,148.90568769,148.90568769,
2026-06-11 05:21:00,1781155260,148.90568769,149.04063908,143.40770793,143.65087336,
2026-06-11 05:22:00,1781155320,143.65087336,146.55337244,142.50764781,142.53012072,
2026-06-11 05:23:00,1781155380,142.53012072,148.11785254,141.61341,148.11785254,
2026-06-11 05:24:00,1781155440,148.11785254,148.99407837,144.99536434,147.49462492,
2026-06-11 05:25:00,1781155500,147.49462492,152.50288484,147.16531455,150.07926365,
2026-06-11 05:26:00,1781155560,150.07926365,152.94440895,147.93950751,151.29978589,
2026-06-11 05:27:00,1781155620,151.29978589,156.66748737,150.21635217,156.66748737,
2026-06-11 05:28:00,1781155680,156.66748737,159.81473524,156.14443217,156.15623644,
2026-06-11 05:29:00,1781155740,156.15623644,156.15623644,151.96125605,152.66445805,
2026-06-11 05:30:00,1781155800,152.66445805,153.53650601,150.1480424,152.68987427,
2026-06-11 05:31:00,1781155860,152.68987427,157.69725178,152.50116719,156.35512449,
2026-06-11 05:32:00,1781155920,156.35512449,156.36603447,147.18173886,147.85054632,
2026-06-11 05:33:00,1781155980,147.85054632,151.28425419,145.65838657,149.36828882,
2026-06-11 05:34:00,1781156040,149.36828882,151.63342608,148.29838532,151.213712,
2026-06-11 05:35:00,1781156100,151.213712,155.98969516,150.4006978,154.74156008,
2026-06-11 05:36:00,1781156160,154.74156008,155.79925072,146.35321281,148.45180535,
2026-06-11 05:37:00,1781156220,148.45180535,150.19885788,146.86784003,149.33063862,
2026-06-11 05:38:00,1781156280,149.33063862,150.04453376,147.24896424,147.92700109,
2026-06-11 05:39:00,1781156340,147.92700109,153.80898192,147.72390193,153.73905493,
2026-06-11 05:40:00,1781156400,153.73905493,154.69980193,151.96817944,152.52278628,
2026-06-11 05:41:00,1781156460,152.52278628,153.01227386,148.58197217,148.58197217,
2026-06-11 05:42:00,1781156520,148.58197217,149.19010528,146.82152529,148.27894151,
2026-06-11 05:43:00,1781156580,148.27894151,148.32291747,144.08355094,146.27898027,
2026-06-11 05:44:00,1781156640,146.27898027,148.33758422,144.57512848,145.12696856,
2026-06-11 05:45:00,1781156700,145.12696856,145.52467001,143.41907831,144.86265539,
2026-06-11 05:46:00,1781156760,144.86265539,146.63690166,144.00321479,145.57390339,
2026-06-11 05:47:00,1781156820,145.57390339,150.06333959,145.23750027,150.0062546,
2026-06-11 05:48:00,1781156880,150.0062546,153.44750921,148.97637453,150.21782404,
2026-06-11 05:49:00,1781156940,150.21782404,150.78990595,148.16809893,150.48327567,
2026-06-11 05:50:00,1781157000,150.48327567,153.46101467,148.61228776,152.44591613,
2026-06-11 05:51:00,1781157060,152.44591613,153.84969516,148.13744115,152.10888808,
2026-06-11 05:52:00,1781157120,152.10888808,154.26471024,151.90015588,152.74736663,
2026-06-11 05:53:00,1781157180,152.74736663,152.75763481,145.12473106,145.12473106,
2026-06-11 05:54:00,1781157240,145.12473106,152.79321302,145.12344325,152.16874535,
2026-06-11 05:55:00,1781157300,152.16874535,152.20210195,145.03723854,145.88249346,
2026-06-11 05:56:00,1781157360,145.88249346,150.16673434,143.18448998,149.19886414,
2026-06-11 05:57:00,1781157420,149.19886414,150.56946062,146.33987992,146.52972978,
2026-06-11 05:58:00,1781157480,146.52972978,150.27962821,145.46760887,150.27060004,
2026-06-11 05:59:00,1781157540,150.27060004,156.5882291,150.27060004,154.46605694,
2026-06-11 06:00:00,1781157600,154.46605694,155.79690837,151.64605413,152.59434097,
2026-06-11 06:01:00,1781157660,152.59434097,155.3570827,151.07739,154.24752883,
2026-06-11 06:02:00,1781157720,154.24752883,155.32837712,153.45780825,154.9737166,
2026-06-11 06:03:00,1781157780,154.9737166,154.9737166,150.47401932,151.24013343,
2026-06-11 06:04:00,1781157840,151.24013343,160.88297172,151.24013343,160.88297172,
2026-06-11 06:05:00,1781157900,160.88297172,161.94161818,154.21020443,155.23992255,
2026-06-11 06:06:00,1781157960,155.23992255,158.5458149,154.19272593,155.41677537,
2026-06-11 06:07:00,1781158020,155.41677537,155.47260996,151.98911649,155.06974027,
2026-06-11 06:08:00,1781158080,155.06974027,155.18402545,145.97861306,146.02364426,
2026-06-11 06:09:00,1781158140,146.02364426,147.29706527,142.44123949,144.82666537,
2026-06-11 06:10:00,1781158200,144.82666537,145.95575553,142.25719023,143.05292762,
2026-06-11 06:11:00,1781158260,143.05292762,144.86085553,138.18911559,139.43807093,
2026-06-11 06:12:00,1781158320,139.43807093,139.80383759,130.44067455,130.44067455,
2026-06-11 06:13:00,1781158380,130.44067455,134.54927748,128.58650208,132.87551011,
2026-06-11 06:14:00,1781158440,132.87551011,134.26880928,132.12718438,132.82527293,
2026-06-11 06:15:00,1781158500,132.82527293,132.82527293,126.11932759,127.81229582,
2026-06-11 06:16:00,1781158560,127.81229582,129.50186681,122.67674312,128.982515,
2026-06-11 06:17:00,1781158620,128.982515,131.99251623,128.95104359,130.2715587,
2026-06-11 06:18:00,1781158680,130.2715587,139.1067233,130.21274575,138.21879894,
2026-06-11 06:19:00,1781158740,138.21879894,138.59776433,131.77874472,133.42394808,
2026-06-11 06:20:00,1781158800,133.42394808,133.42394808,124.75092218,125.15452486,
2026-06-11 06:21:00,1781158860,125.15452486,125.20555276,111.62303514,116.21296606,
2026-06-11 06:22:00,1781158920,116.21296606,121.51458767,116.21296606,121.02301245,
2026-06-11 06:23:00,1781158980,121.02301245,121.95665156,114.55761829,115.94507395,
2026-06-11 06:24:00,1781159040,115.94507395,118.12511164,109.91270524,111.08440775,
2026-06-11 06:25:00,1781159100,111.08440775,117.95881589,109.74474007,117.93998808,
2026-06-11 06:26:00,1781159160,117.93998808,122.31106949,116.69486462,121.00338189,
2026-06-11 06:27:00,1781159220,121.00338189,123.09648241,118.4563945,121.7606453,
2026-06-11 06:28:00,1781159280,121.7606453,122.10360636,120.13754495,120.51955221,
2026-06-11 06:29:00,1781159340,120.51955221,122.51764584,118.85989385,119.80146233,
2026-06-11 06:30:00,1781159400,119.80146233,122.31787169,118.51125597,122.30344478,
2026-06-11 06:31:00,1781159460,122.30344478,122.30344478,116.12900803,116.29598337,
2026-06-11 06:32:00,1781159520,116.29598337,116.47944212,112.07772537,113.88841374,
2026-06-11 06:33:00,1781159580,113.88841374,117.4879828,113.88841374,114.93062489,
2026-06-11 06:34:00,1781159640,114.93062489,115.66261079,111.18142388,111.99010145,
2026-06-11 06:35:00,1781159700,111.99010145,115.19088891,111.96072647,114.71809026,
2026-06-11 06:36:00,1781159760,114.71809026,115.41553403,109.3517473,110.29389318,
2026-06-11 06:37:00,1781159820,110.29389318,112.57510559,109.09981479,111.22678,
2026-06-11 06:38:00,1781159880,111.22678,112.81905582,110.6445643,110.81463192,
2026-06-11 06:39:00,1781159940,110.81463192,111.86203126,110.81463192,111.66340644,
2026-06-11 06:40:00,1781160000,111.66340644,111.982983,110.77107603,111.9468653,
2026-06-11 06:41:00,1781160060,111.9468653,117.7098901,109.62470994,109.81776448,
2026-06-11 06:42:00,1781160120,109.81776448,112.97014148,109.80986323,112.90991777,
2026-06-11 06:43:00,1781160180,112.90991777,117.43132786,112.90767734,117.28722414,
2026-06-11 06:44:00,1781160240,117.28722414,117.28722414,113.26308623,113.28132741,
2026-06-11 06:45:00,1781160300,113.28132741,117.57937812,112.70257261,117.57937812,
2026-06-11 06:46:00,1781160360,117.57937812,122.97217398,117.42550459,121.5194933,
2026-06-11 06:47:00,1781160420,121.5194933,123.89837764,121.35149043,123.26753196,
2026-06-11 06:48:00,1781160480,123.26753196,124.48711517,122.01605,122.09258745,
2026-06-11 06:49:00,1781160540,122.09258745,126.96788995,121.74471436,126.46417776,
2026-06-11 06:50:00,1781160600,126.46417776,127.42948692,124.65903025,125.41011949,
2026-06-11 06:51:00,1781160660,125.41011949,125.92173763,124.37833123,124.46735086,
2026-06-11 06:52:00,1781160720,124.46735086,126.9106347,124.01816783,126.79909952,
2026-06-11 06:53:00,1781160780,126.79909952,129.01545609,126.79548333,128.06173257,
2026-06-11 06:54:00,1781160840,128.06173257,128.31817696,124.62037674,124.62037674,
2026-06-11 06:55:00,1781160900,124.62037674,131.9455448,124.61918403,130.17438883,
2026-06-11 06:56:00,1781160960,130.17438883,131.75690106,129.10301143,130.03724635,
2026-06-11 06:57:00,1781161020,130.03724635,130.05783071,127.33564154,128.66664028,
2026-06-11 06:58:00,1781161080,128.66664028,128.82501425,125.74237768,127.54266717,
2026-06-11 06:59:00,1781161140,127.54266717,129.14001371,127.19424954,129.11570701,
2026-06-11 07:00:00,1781161200,129.11570701,130.5696871,128.10840704,129.93019133,
2026-06-11 07:01:00,1781161260,129.93019133,131.40354625,127.83055255,128.7229406,
2026-06-11 07:02:00,1781161320,128.7229406,136.81048598,126.65244929,136.81048598,
2026-06-11 07:03:00,1781161380,136.81048598,139.86257974,134.50574107,138.07781127,
2026-06-11 07:04:00,1781161440,138.07781127,141.88596491,136.76966605,141.88596491,
2026-06-11 07:05:00,1781161500,141.88596491,142.49526722,140.2049841,141.78626898,
2026-06-11 07:06:00,1781161560,141.78626898,143.5554607,139.91700391,143.47877417,
2026-06-11 07:07:00,1781161620,143.47877417,149.1322138,142.75335268,147.38255121,
2026-06-11 07:08:00,1781161680,147.38255121,147.38255121,144.59904124,144.59904124,
2026-06-11 07:09:00,1781161740,144.59904124,147.39612399,144.3078959,144.89268223,
2026-06-11 07:10:00,1781161800,144.89268223,147.1998089,142.92754461,143.85412356,
2026-06-11 07:11:00,1781161860,143.85412356,145.06431179,141.30619749,144.511735,
2026-06-11 07:12:00,1781161920,144.511735,150.45204192,144.511735,150.1275736,
2026-06-11 07:13:00,1781161980,150.1275736,153.70877964,147.32932082,148.93712839,
2026-06-11 07:14:00,1781162040,148.93712839,148.93712839,145.46928729,147.516453,
2026-06-11 07:15:00,1781162100,147.516453,149.48685601,146.84200684,147.50220033,
2026-06-11 07:16:00,1781162160,147.50220033,149.86397512,144.72249993,145.39688023,
2026-06-11 07:17:00,1781162220,145.39688023,147.36634021,145.00717968,146.33104028,
2026-06-11 07:18:00,1781162280,146.33104028,147.01705103,142.77167293,145.17589286,
2026-06-11 07:19:00,1781162340,145.17589286,147.71560823,145.17589286,147.56121271,
2026-06-11 07:20:00,1781162400,147.56121271,147.95499553,141.3184619,141.42558724,
2026-06-11 07:21:00,1781162460,141.42558724,141.98107038,138.33693953,138.75185534,
2026-06-11 07:22:00,1781162520,138.75185534,143.82608503,136.51721778,142.41551851,
2026-06-11 07:23:00,1781162580,142.41551851,146.96173256,142.41420327,146.28004911,
2026-06-11 07:24:00,1781162640,146.28004911,147.7399576,143.02734757,143.03819892,
2026-06-11 07:25:00,1781162700,143.03819892,149.0493506,142.74545535,148.63234711,
2026-06-11 07:26:00,1781162760,148.63234711,149.53390977,147.25295412,148.28369346,
2026-06-11 07:27:00,1781162820,148.28369346,148.29917123,145.03354146,146.63618951,
2026-06-11 07:28:00,1781162880,146.63618951,147.76973751,145.65744435,146.62139751,
2026-06-11 07:29:00,1781162940,146.62139751,147.84866773,143.35567707,143.45118718,
2026-06-11 07:30:00,1781163000,143.45118718,143.45118718,138.06822057,143.28293407,
2026-06-11 07:31:00,1781163060,143.28293407,151.28397796,143.28160467,150.74722658,
2026-06-11 07:32:00,1781163120,150.74722658,150.93946207,149.97564111,149.97564111,
2026-06-11 07:33:00,1781163180,149.97564111,149.97564111,146.81639561,148.9019677,
2026-06-11 07:34:00,1781163240,148.9019677,154.01781601,148.66058614,153.69264221,
2026-06-11 07:35:00,1781163300,153.69264221,154.85035368,151.58069455,152.53203104,
2026-06-11 07:36:00,1781163360,152.53203104,154.57375251,149.93960248,154.35891205,
2026-06-11 07:37:00,1781163420,154.35891205,155.62692508,152.79352535,154.89702017,
2026-06-11 07:38:00,1781163480,154.89702017,161.03593183,154.89702017,160.42229884,
2026-06-11 07:39:00,1781163540,160.42229884,163.90495994,160.20394104,163.82029432,
2026-06-11 07:40:00,1781163600,163.82029432,167.33104838,163.81885205,166.61270015,
2026-06-11 07:41:00,1781163660,166.61270015,166.67094656,160.02086061,160.71799087,
2026-06-11 07:42:00,1781163720,160.71799087,160.77744712,156.07768214,157.4885311,
2026-06-11 07:43:00,1781163780,157.4885311,159.97311639,155.54611875,156.60424774,
2026-06-11 07:44:00,1781163840,156.60424774,161.41122414,156.55419387,158.9955941,
2026-06-11 07:45:00,1781163900,158.9955941,159.11192298,155.58496839,156.64833866,
2026-06-11 07:46:00,1781163960,156.64833866,157.23713365,155.35973155,155.44334026,
2026-06-11 07:47:00,1781164020,155.44334026,155.55597528,150.29273519,153.52520016,
2026-06-11 07:48:00,1781164080,153.52520016,156.20112222,152.97535811,155.88358964,
2026-06-11 07:49:00,1781164140,155.88358964,156.22781514,153.94968195,155.68179927,
2026-06-11 07:50:00,1781164200,155.68179927,155.99232576,154.41644976,155.29866986,
2026-06-11 07:51:00,1781164260,155.29866986,158.75838081,154.22758125,158.43558486,
2026-06-11 07:52:00,1781164320,158.43558486,160.22996919,158.43416232,159.43579817,
2026-06-11 07:53:00,1781164380,159.43579817,159.44327378,155.33289332,158.36749467,
2026-06-11 07:54:00,1781164440,158.36749467,159.39562521,156.48686821,156.94590408,
2026-06-11 07:55:00,1781164500,156.94590408,157.17043461,153.46667851,153.94803222,
2026-06-11 07:56:00,1781164560,153.94803222,155.04915885,152.75950993,154.18027492,
2026-06-11 07:57:00,1781164620,154.18027492,154.32633701,152.5004872,153.53843943,
2026-06-11 07:58:00,1781164680,153.53843943,155.60907756,153.19545649,155.59754542,
2026-06-11 07:59:00,1781164740,155.59754542,156.12482589,154.97156629,155.5112003,
2026-06-11 08:00:00,1781164800,155.5112003,155.54437707,148.32434533,149.73492905,
2026-06-11 08:01:00,1781164860,149.73492905,154.42159988,147.82021658,151.88244923,
2026-06-11 08:02:00,1781164920,151.88244923,152.6153591,147.10425974,149.54359017,
2026-06-11 08:03:00,1781164980,149.54359017,150.16517724,146.76431613,148.56020247,
2026-06-11 08:04:00,1781165040,148.56020247,151.86100759,148.38964023,151.85960506,
2026-06-11 08:05:00,1781165100,151.85960506,151.98905081,149.00373326,149.29971985,
2026-06-11 08:06:00,1781165160,149.29971985,149.49369402,146.35784524,146.51007124,
2026-06-11 08:07:00,1781165220,146.51007124,148.96995821,146.51007124,147.9810416,
2026-06-11 08:08:00,1781165280,147.9810416,149.35649547,146.9569959,147.05465841,
2026-06-11 08:09:00,1781165340,147.05465841,147.06566527,142.39295574,144.94181425,
2026-06-11 08:10:00,1781165400,144.94181425,145.94133888,143.79158643,145.54767003,
2026-06-11 08:11:00,1781165460,145.54767003,147.41325972,143.23082354,147.39812596,
2026-06-11 08:12:00,1781165520,147.39812596,147.39812596,145.7465683,146.07752978,
2026-06-11 08:13:00,1781165580,146.07752978,146.07752978,137.21230119,137.35369087,
2026-06-11 08:14:00,1781165640,137.35369087,145.87107119,137.35369087,144.56031507,
2026-06-11 08:15:00,1781165700,144.56031507,146.29649912,144.36153269,145.18163588,
2026-06-11 08:16:00,1781165760,145.18163588,147.72134692,145.18027253,147.2283204,
2026-06-11 08:17:00,1781165820,147.2283204,147.2283204,143.68053941,145.65667145,
2026-06-11 08:18:00,1781165880,145.65667145,145.65667145,141.63241598,142.06247437,
2026-06-11 08:19:00,1781165940,142.06247437,145.10596646,142.03979482,144.85439861,
2026-06-11 08:20:00,1781166000,144.85439861,146.36934308,144.8530348,146.01223597,
2026-06-11 08:21:00,1781166060,146.01223597,146.02176424,144.42166074,145.12333806,
2026-06-11 08:22:00,1781166120,145.12333806,145.12333806,138.72373628,139.25509295,
2026-06-11 08:23:00,1781166180,139.25509295,139.26424804,133.87791896,134.90343798,
2026-06-11 08:24:00,1781166240,134.90343798,139.31373601,133.9685833,137.68525449,
2026-06-11 08:25:00,1781166300,137.68525449,140.83082259,137.51753949,139.8081629,
2026-06-11 08:26:00,1781166360,139.8081629,139.99706485,137.88362794,139.40188419,
2026-06-11 08:27:00,1781166420,139.40188419,139.94797379,136.85391557,137.96655088,
2026-06-11 08:28:00,1781166480,137.96655088,138.65031559,135.1534787,136.27830005,
2026-06-11 08:29:00,1781166540,136.27830005,136.71629111,135.58908154,135.76300572,
2026-06-11 08:30:00,1781166600,135.76300572,136.76138436,134.6246177,136.09764597,
2026-06-11 08:31:00,1781166660,136.09764597,138.16399184,136.01626948,137.24145461,
2026-06-11 08:32:00,1781166720,137.24145461,137.28256543,134.79791617,136.23499364,
2026-06-11 08:33:00,1781166780,136.23499364,136.42295785,134.315468,134.42762553,
2026-06-11 08:34:00,1781166840,134.42762553,134.79853902,133.18087922,134.34054527,
2026-06-11 08:35:00,1781166900,134.34054527,135.18352368,133.14341849,133.88732835,
2026-06-11 08:36:00,1781166960,133.88732835,134.73306831,133.68086231,134.72159197,
2026-06-11 08:37:00,1781167020,134.72159197,134.73175282,132.57826481,132.74778015,
2026-06-11 08:38:00,1781167080,132.74778015,133.52511752,132.74778015,133.25727304,
2026-06-11 08:39:00,1781167140,133.25727304,134.17248867,128.18809395,128.89050934,
2026-06-11 08:40:00,1781167200,128.89050934,131.31745054,128.88922933,131.20069913,
2026-06-11 08:41:00,1781167260,131.20069913,132.90396005,130.72949221,131.91677559,
2026-06-11 08:42:00,1781167320,131.91677559,134.3096549,131.12315359,134.16673918,
2026-06-11 08:43:00,1781167380,134.16673918,138.70630962,133.39054001,138.6773452,
2026-06-11 08:44:00,1781167440,138.6773452,139.5690613,137.59566269,137.60478365,
2026-06-11 08:45:00,1781167500,137.60478365,137.80820651,132.43960128,134.01175879,
2026-06-11 08:46:00,1781167560,134.01175879,135.60672851,131.42628859,131.42628859,
2026-06-11 08:47:00,1781167620,131.42628859,132.13868015,126.88259399,126.88259399,
2026-06-11 08:48:00,1781167680,126.88259399,127.15539121,117.33973745,121.23663046,
2026-06-11 08:49:00,1781167740,121.23663046,126.58173743,119.92899333,126.48995186,
2026-06-11 08:50:00,1781167800,126.48995186,126.48995186,123.16254195,124.34592517,
2026-06-11 08:51:00,1781167860,124.34592517,125.8552923,121.12148094,125.8552923,
2026-06-11 08:52:00,1781167920,125.8552923,129.13689876,125.75563525,126.65019736,
2026-06-11 08:53:00,1781167980,126.65019736,127.13700435,125.79647043,126.09406055,
2026-06-11 08:54:00,1781168040,126.09406055,126.41754721,125.76834144,125.98659214,
2026-06-11 08:55:00,1781168100,125.98659214,126.47717766,124.43177891,125.68158719,
2026-06-11 08:56:00,1781168160,125.68158719,129.05799952,125.60380422,127.99799199,
2026-06-11 08:57:00,1781168220,127.99799199,129.72737036,126.53302369,126.71271511,
2026-06-11 08:58:00,1781168280,126.71271511,126.71271511,124.62771445,125.27577641,
2026-06-11 08:59:00,1781168340,125.27577641,125.5930229,122.60877349,122.60877349,
2026-06-11 09:00:00,1781168400,122.60877349,127.28422644,122.52839699,125.42916362,
2026-06-11 09:01:00,1781168460,125.42916362,126.37653628,124.8463193,125.1388349,
2026-06-11 09:02:00,1781168520,125.1388349,125.25103126,121.88962004,121.95647148,
2026-06-11 09:03:00,1781168580,121.95647148,122.37586692,120.86335483,121.29627748,
2026-06-11 09:04:00,1781168640,121.29627748,125.84096664,120.79265266,125.53501859,
2026-06-11 09:05:00,1781168700,125.53501859,127.01243502,123.75519617,126.68623702,
2026-06-11 09:06:00,1781168760,126.68623702,129.37663145,126.67081413,128.01765354,
2026-06-11 09:07:00,1781168820,128.01765354,130.66142945,127.49519444,129.19078094,
2026-06-11 09:08:00,1781168880,129.19078094,129.83208401,126.90868733,127.66810766,
2026-06-11 09:09:00,1781168940,127.66810766,128.72941822,126.91360714,127.00927486,
2026-06-11 09:10:00,1781169000,127.00927486,127.00927486,123.60552525,124.32461418,
2026-06-11 09:11:00,1781169060,124.32461418,128.00029808,124.31357171,127.8030905,
2026-06-11 09:12:00,1781169120,127.8030905,128.61936354,125.95490025,126.28000558,
2026-06-11 09:13:00,1781169180,126.28000558,127.60121496,123.95637043,127.41925483,
2026-06-11 09:14:00,1781169240,127.41925483,128.34449394,121.60667086,121.92349395,
2026-06-11 09:15:00,1781169300,121.92349395,127.33385341,121.92226006,127.11131321,
2026-06-11 09:16:00,1781169360,127.11131321,130.5218309,126.81101199,128.10739605,
2026-06-11 09:17:00,1781169420,128.10739605,129.71044058,126.86905742,126.88789961,
2026-06-11 09:18:00,1781169480,126.88789961,126.88789961,121.37593415,121.48021826,
2026-06-11 09:19:00,1781169540,121.48021826,121.90287294,119.34278176,121.3685132,
2026-06-11 09:20:00,1781169600,121.3685132,125.26514981,121.3685132,124.68748714,
2026-06-11 09:21:00,1781169660,124.68748714,125.52166077,123.70005786,125.36677106,
2026-06-11 09:22:00,1781169720,125.36677106,126.81656328,124.40555486,124.98863627,
2026-06-11 09:23:00,1781169780,124.98863627,125.9117541,123.59636398,123.75748859,
2026-06-11 09:24:00,1781169840,123.75748859,126.13283723,122.95847059,122.99924849,
2026-06-11 09:25:00,1781169900,122.99924849,124.72638706,120.88805946,121.90363057,
2026-06-11 09:26:00,1781169960,121.90363057,124.68860878,121.84375432,123.66727592,
2026-06-11 09:27:00,1781170020,123.66727592,124.59735073,122.29407638,122.50227188,
2026-06-11 09:28:00,1781170080,122.50227188,122.7148395,120.35635885,120.45269081,
2026-06-11 09:29:00,1781170140,120.45269081,122.40549543,120.44176852,121.0975207,
2026-06-11 09:30:00,1781170200,121.0975207,121.84849991,117.81565686,121.2968458,
2026-06-11 09:31:00,1781170260,121.2968458,121.68437274,112.2666534,112.96394994,
2026-06-11 09:32:00,1781170320,112.96394994,116.08888535,112.34070677,113.9318152,
2026-06-11 09:33:00,1781170380,113.9318152,115.95294568,113.21004934,114.24171308,
2026-06-11 09:34:00,1781170440,114.24171308,115.65341466,109.75314556,109.75314556,
2026-06-11 09:35:00,1781170500,109.75314556,113.45836645,107.70895212,113.4571818,
2026-06-11 09:36:00,1781170560,113.4571818,113.47438936,111.90354291,111.95685237,
2026-06-11 09:37:00,1781170620,111.95685237,112.93078821,111.71855452,112.26219006,
2026-06-11 09:38:00,1781170680,112.26219006,113.93568359,111.79640012,113.49414874,
2026-06-11 09:39:00,1781170740,113.49414874,113.94606311,111.27377525,113.3403002,
2026-06-11 09:40:00,1781170800,113.3403002,113.91735338,112.90299059,113.63848376,
2026-06-11 09:41:00,1781170860,113.63848376,115.40026265,113.34628068,115.15300151,
2026-06-11 09:42:00,1781170920,115.15300151,115.31885779,112.13972546,113.18510905,
2026-06-11 09:43:00,1781170980,113.18510905,114.25711332,112.46563607,114.25711332,
2026-06-11 09:44:00,1781171040,114.25711332,114.37051296,110.73328203,111.02073283,
2026-06-11 09:45:00,1781171100,111.02073283,113.04279758,110.68064919,110.74166317,
2026-06-11 09:46:00,1781171160,110.74166317,111.38267847,110.73698414,111.33256433,
2026-06-11 09:47:00,1781171220,111.33256433,113.40535162,111.15379536,113.1382754,
2026-06-11 09:48:00,1781171280,113.1382754,113.36590094,110.12694578,110.32029175,
2026-06-11 09:49:00,1781171340,110.32029175,112.13494807,110.21113091,110.64133939,
2026-06-11 09:50:00,1781171400,110.64133939,111.70993811,110.42545708,110.59081112,
2026-06-11 09:51:00,1781171460,110.59081112,110.59081112,104.99518122,105.76170874,
2026-06-11 09:52:00,1781171520,105.76170874,106.79614108,103.70539751,106.703592,
2026-06-11 09:53:00,1781171580,106.703592,108.18563921,106.46937059,106.46937059,
2026-06-11 09:54:00,1781171640,106.46937059,108.83654712,105.67928776,105.79129027,
2026-06-11 09:55:00,1781171700,105.79129027,106.50674213,103.90541907,106.39915886,
2026-06-11 09:56:00,1781171760,106.39915886,109.77707435,106.08644926,109.77590899,
2026-06-11 09:57:00,1781171820,109.77590899,111.79199527,109.77590899,111.31800473,
2026-06-11 09:58:00,1781171880,111.31800473,111.35109918,107.993986,107.993986,
2026-06-11 09:59:00,1781171940,107.993986,108.77821264,105.81207014,107.4656919,
2026-06-11 10:00:00,1781172000,107.4656919,108.36975862,105.15103343,106.08324578,
2026-06-11 10:01:00,1781172060,106.08324578,108.16462737,103.81808799,106.73937648,
2026-06-11 10:02:00,1781172120,106.73937648,110.73724644,105.42580833,110.61774898,
2026-06-11 10:03:00,1781172180,110.61774898,111.94528187,109.87481686,110.84231399,
2026-06-11 10:04:00,1781172240,110.84231399,114.80900023,109.50493501,113.02718557,
2026-06-11 10:05:00,1781172300,113.02718557,113.48068885,109.3995093,109.45940098,
2026-06-11 10:06:00,1781172360,109.45940098,111.00789321,106.20912757,106.34153662,
2026-06-11 10:07:00,1781172420,106.34153662,106.34153662,101.71103164,103.01602562,
2026-06-11 10:08:00,1781172480,103.01602562,103.67477293,100.80458047,102.9432958,
2026-06-11 10:09:00,1781172540,102.9432958,107.10310118,102.94217527,104.35406361,
2026-06-11 10:10:00,1781172600,104.35406361,106.52303409,103.53493261,106.52303409,
2026-06-11 10:11:00,1781172660,106.52303409,107.57813418,103.67263997,103.74087652,
2026-06-11 10:12:00,1781172720,103.74087652,105.78050734,103.72995198,104.66740154,
2026-06-11 10:13:00,1781172780,104.66740154,105.82271232,101.55662055,102.13353026,
2026-06-11 10:14:00,1781172840,102.13353026,105.21826851,102.1210148,105.08796882,
2026-06-11 10:15:00,1781172900,105.08796882,105.16700717,102.9009301,103.42648771,
2026-06-11 10:16:00,1781172960,103.42648771,106.42554176,103.42648771,106.31781,
2026-06-11 10:17:00,1781173020,106.31781,114.88130682,105.97927198,112.63984519,
2026-06-11 10:18:00,1781173080,112.63984519,112.92782053,108.30007139,111.00200142,
2026-06-11 10:19:00,1781173140,111.00200142,114.24834074,109.6185695,110.8177863,
2026-06-11 10:20:00,1781173200,110.8177863,111.16399805,108.36003293,109.23565678,
2026-06-11 10:21:00,1781173260,109.23565678,109.3133969,106.47493912,107.05888143,
2026-06-11 10:22:00,1781173320,107.05888143,110.69898716,106.44928651,110.3193877,
2026-06-11 10:23:00,1781173380,110.3193877,110.32008847,106.30814138,106.30814138,
2026-06-11 10:24:00,1781173440,106.30814138,109.30581648,106.11786793,108.12929902,
2026-06-11 10:25:00,1781173500,108.12929902,108.35226152,106.33340493,106.35131161,
2026-06-11 10:26:00,1781173560,106.35131161,109.56218554,106.34121448,108.12581068,
2026-06-11 10:27:00,1781173620,108.12581068,109.11772666,107.18527465,107.34256036,
2026-06-11 10:28:00,1781173680,107.34256036,107.51196274,105.2437563,105.73971667,
2026-06-11 10:29:00,1781173740,105.73971667,106.12398252,103.45664251,105.32262609,
2026-06-11 10:30:00,1781173800,105.32262609,106.43612443,102.3660925,102.38417213,
2026-06-11 10:31:00,1781173860,102.38417213,102.38417213,98.03059759,100.12795348,
2026-06-11 10:32:00,1781173920,100.12795348,102.042877,100.12685063,101.90769826,
2026-06-11 10:33:00,1781173980,101.90769826,104.7192619,101.88740027,104.62503178,
2026-06-11 10:34:00,1781174040,104.62503178,104.62503178,100.00856653,102.64991873,
2026-06-11 10:35:00,1781174100,102.64991873,103.76107049,100.77289327,100.77289327,
2026-06-11 10:36:00,1781174160,100.77289327,100.77289327,97.3635983,97.62713205,
2026-06-11 10:37:00,1781174220,97.62713205,99.3965881,97.60825282,98.58930556,
2026-06-11 10:38:00,1781174280,98.58930556,98.92790072,96.18391798,97.47423103,
2026-06-11 10:39:00,1781174340,97.47423103,102.49804942,97.41379306,101.96652486,
2026-06-11 10:40:00,1781174400,101.96652486,102.11763476,99.47250446,100.54625569,
2026-06-11 10:41:00,1781174460,100.54625569,101.97930232,99.69626086,100.61589425,
2026-06-11 10:42:00,1781174520,100.61589425,101.83107765,99.18103103,99.21122,
2026-06-11 10:43:00,1781174580,99.21122,99.40956744,96.8532639,99.40956744,
2026-06-11 10:44:00,1781174640,99.40956744,100.41176792,97.30190044,99.25827464,
2026-06-11 10:45:00,1781174700,99.25827464,99.46145906,98.82666777,99.42017502,
2026-06-11 10:46:00,1781174760,99.42017502,100.27443041,96.58942025,97.35160667,
2026-06-11 10:47:00,1781174820,97.35160667,97.94618176,95.70146913,96.75086639,
2026-06-11 10:48:00,1781174880,96.75086639,97.8776201,96.62985846,97.59023537,
2026-06-11 10:49:00,1781174940,97.59023537,98.46573873,96.86915952,96.86915952,
2026-06-11 10:50:00,1781175000,96.86915952,98.20255814,96.10387224,96.83277419,
2026-06-11 10:51:00,1781175060,96.83277419,97.00300199,86.67964771,88.87663275,
2026-06-11 10:52:00,1781175120,88.87663275,95.38042495,88.87663275,93.48437167,
2026-06-11 10:53:00,1781175180,93.48437167,95.51658038,92.21081988,93.11788367,
2026-06-11 10:54:00,1781175240,93.11788367,93.43901348,87.61892597,88.21351107,
2026-06-11 10:55:00,1781175300,88.21351107,90.84110611,82.08209288,82.55283202,
2026-06-11 10:56:00,1781175360,82.55283202,92.82457099,82.40351573,92.22373526,
2026-06-11 10:57:00,1781175420,92.22373526,94.11590077,87.60883335,88.44442666,
2026-06-11 10:58:00,1781175480,88.44442666,88.87648273,83.74874376,86.71827621,
2026-06-11 10:59:00,1781175540,86.71827621,87.59965902,82.30642821,86.73156149,
2026-06-11 11:00:00,1781175600,86.73156149,94.00380284,86.67679603,93.67777587,
2026-06-11 11:01:00,1781175660,93.67777587,93.92410708,85.55868735,85.55868735,
2026-06-11 11:02:00,1781175720,85.55868735,87.94050852,83.56717715,85.98478586,
2026-06-11 11:03:00,1781175780,85.98478586,85.99113869,83.01117069,85.05720431,
2026-06-11 11:04:00,1781175840,85.05720431,85.35866778,83.58631595,85.07921425,
2026-06-11 11:05:00,1781175900,85.07921425,88.51803565,84.3099178,86.87084692,
2026-06-11 11:06:00,1781175960,86.87084692,89.41967053,86.86239932,88.71711717,
2026-06-11 11:07:00,1781176020,88.71711717,91.70389775,87.73564147,90.90509539,
2026-06-11 11:08:00,1781176080,90.90509539,97.03056953,89.41255933,89.45615901,
2026-06-11 11:09:00,1781176140,89.45615901,89.99299659,87.80347682,87.99304468,
2026-06-11 11:10:00,1781176200,87.99304468,87.99304468,85.58324164,85.96351082,
2026-06-11 11:11:00,1781176260,85.96351082,86.47243907,83.32472905,83.70439255,
2026-06-11 11:12:00,1781176320,83.70439255,87.50973529,83.4159568,85.44657906,
2026-06-11 11:13:00,1781176380,85.44657906,86.87079654,85.20638376,85.50134357,
2026-06-11 11:14:00,1781176440,85.50134357,85.61649595,84.73637103,84.94666726,
2026-06-11 11:15:00,1781176500,84.94666726,89.09372854,84.94666726,87.30098931,
2026-06-11 11:16:00,1781176560,87.30098931,87.32226834,86.43229566,86.51977564,
2026-06-11 11:17:00,1781176620,86.51977564,86.53932077,82.9796994,84.03436007,
2026-06-11 11:18:00,1781176680,84.03436007,91.40163511,84.03436007,90.05987627,
2026-06-11 11:19:00,1781176740,90.05987627,92.70551787,89.56854899,91.48542308,
2026-06-11 11:20:00,1781176800,91.48542308,92.86683441,91.21296628,91.23503832,
2026-06-11 11:21:00,1781176860,91.23503832,92.41854024,88.93584104,88.97556011,
2026-06-11 11:22:00,1781176920,88.97556011,89.09935561,87.26734781,88.16445355,
2026-06-11 11:23:00,1781176980,88.16445355,88.76729861,87.8698097,88.59547178,
2026-06-11 11:24:00,1781177040,88.59547178,89.46098945,87.5235207,88.25796502,
2026-06-11 11:25:00,1781177100,88.25796502,91.83259296,88.21090654,90.93065497,
2026-06-11 11:26:00,1781177160,90.93065497,93.03109474,90.85454074,93.01433572,
2026-06-11 11:27:00,1781177220,93.01433572,93.31934765,90.08156668,90.5349799,
2026-06-11 11:28:00,1781177280,90.5349799,91.23565636,87.18966246,87.24055936,
2026-06-11 11:29:00,1781177340,87.24055936,89.32611897,85.20452117,89.06243689,
2026-06-11 11:30:00,1781177400,89.06243689,89.39273008,84.49579891,85.59650415,
2026-06-11 11:31:00,1781177460,85.59650415,87.19681317,82.11022781,82.43396487,
2026-06-11 11:32:00,1781177520,82.43396487,85.74500036,80.98667026,85.74500036,
2026-06-11 11:33:00,1781177580,85.74500036,87.71194139,84.76959988,85.1816117,
2026-06-11 11:34:00,1781177640,85.1816117,88.39590456,85.1816117,86.97440694,
2026-06-11 11:35:00,1781177700,86.97440694,88.74123845,85.78001039,88.55273989,
2026-06-11 11:36:00,1781177760,88.55273989,90.61233103,88.54418162,90.60577556,
2026-06-11 11:37:00,1781177820,90.60577556,93.55040525,89.31487935,93.15679121,
2026-06-11 11:38:00,1781177880,93.15679121,95.2997516,91.49784154,93.88836858,
2026-06-11 11:39:00,1781177940,93.88836858,94.50510368,89.10419005,89.60238994,
2026-06-11 11:40:00,1781178000,89.60238994,91.55839177,88.82402965,91.22178718,
2026-06-11 11:41:00,1781178060,91.22178718,91.22178718,88.27475171,89.94734345,
2026-06-11 11:42:00,1781178120,89.94734345,91.4591528,89.3396647,89.3396647,
2026-06-11 11:43:00,1781178180,89.3396647,90.20249047,88.37104833,88.79521747,
2026-06-11 11:44:00,1781178240,88.79521747,91.48964131,88.64543108,89.58895012,
2026-06-11 11:45:00,1781178300,89.58895012,91.92878324,89.55828784,91.24337664,
2026-06-11 11:46:00,1781178360,91.24337664,91.29632885,90.21318397,90.27190738,
2026-06-11 11:47:00,1781178420,90.27190738,92.11052683,89.6732705,92.11052683,
2026-06-11 11:48:00,1781178480,92.11052683,92.89293864,91.64420985,91.96710251,
2026-06-11 11:49:00,1781178540,91.96710251,93.40665415,88.60383867,88.60383867,
2026-06-11 11:50:00,1781178600,88.60383867,89.56698107,88.23901684,88.84766467,
2026-06-11 11:51:00,1781178660,88.84766467,90.03141419,81.1535532,82.67345929,
2026-06-11 11:52:00,1781178720,82.67345929,87.51682325,81.80444287,86.80112717,
2026-06-11 11:53:00,1781178780,86.80112717,87.10960926,85.31455357,86.28985153,
2026-06-11 11:54:00,1781178840,86.28985153,87.90217108,86.28881005,87.09286511,
2026-06-11 11:55:00,1781178900,87.09286511,91.69860299,87.09286511,91.40525261,
2026-06-11 11:56:00,1781178960,91.40525261,94.31223447,91.40525261,92.16224575,
2026-06-11 11:57:00,1781179020,92.16224575,92.9479381,90.83188102,92.70153968,
2026-06-11 11:58:00,1781179080,92.70153968,93.01869464,91.94074307,92.44984598,
2026-06-11 11:59:00,1781179140,92.44984598,93.83827434,91.86433404,93.49796352,
2026-06-11 12:00:00,1781179200,93.49796352,99.2751384,92.89501672,98.53135459,
2026-06-11 12:01:00,1781179260,98.53135459,98.53135459,95.70250457,97.47957203,
2026-06-11 12:02:00,1781179320,97.47957203,99.04743377,96.76470409,97.78656568,
2026-06-11 12:03:00,1781179380,97.78656568,101.29661138,97.56599953,100.64821676,
2026-06-11 12:04:00,1781179440,100.64821676,101.73177466,95.22480398,95.47098269,
2026-06-11 12:05:00,1781179500,95.47098269,95.67573184,92.99015404,94.63384145,
2026-06-11 12:06:00,1781179560,94.63384145,97.15367982,92.38129128,96.66557783,
2026-06-11 12:07:00,1781179620,96.66557783,101.90640656,96.66557783,99.79206845,
2026-06-11 12:08:00,1781179680,99.79206845,99.91517903,96.56798914,97.06263759,
2026-06-11 12:09:00,1781179740,97.06263759,99.98928983,95.92825091,98.81799313,
2026-06-11 12:10:00,1781179800,98.81799313,99.25530365,90.14129092,90.33964673,
2026-06-11 12:11:00,1781179860,90.33964673,91.99868244,85.90694158,85.90694158,
2026-06-11 12:12:00,1781179920,85.90694158,87.64407105,84.97109479,85.36968315,
2026-06-11 12:13:00,1781179980,85.36968315,91.63680751,85.12802764,91.51934076,
2026-06-11 12:14:00,1781180040,91.51934076,94.73391034,88.58579247,89.05009444,
2026-06-11 12:15:00,1781180100,89.05009444,91.60125205,87.13583127,90.45758572,
2026-06-11 12:16:00,1781180160,90.45758572,91.42944295,89.41380181,89.59919417,
2026-06-11 12:17:00,1781180220,89.59919417,91.91830703,87.87616311,91.87839875,
2026-06-11 12:18:00,1781180280,91.87839875,92.21021165,86.14272991,87.52352339,
2026-06-11 12:19:00,1781180340,87.52352339,95.50431544,87.31301403,95.48040965,
2026-06-11 12:20:00,1781180400,95.48040965,108.43577388,95.48040965,108.31365725,
2026-06-11 12:21:00,1781180460,108.31365725,115.27151849,106.97969175,112.43786364,
2026-06-11 12:22:00,1781180520,112.43786364,132.03139311,111.69422583,130.55460509,
2026-06-11 12:23:00,1781180580,130.55460509,132.2440113,115.84724453,117.23945627,
2026-06-11 12:24:00,1781180640,117.23945627,124.85423529,111.01176794,122.2075247,
2026-06-11 12:25:00,1781180700,122.2075247,122.31755609,117.02696339,119.47288773,
2026-06-11 12:26:00,1781180760,119.47288773,119.80504988,112.58142894,112.65643613,
2026-06-11 12:27:00,1781180820,112.65643613,121.93853636,112.23013844,118.21251923,
2026-06-11 12:28:00,1781180880,118.21251923,125.12344487,115.12410276,124.16423719,
2026-06-11 12:29:00,1781180940,124.16423719,125.24551573,120.29925337,123.33449809,
2026-06-11 12:30:00,1781181000,123.33449809,141.31281961,112.05667417,127.56710166,
2026-06-11 12:31:00,1781181060,127.56710166,131.5467152,118.91179722,123.89892507,
2026-06-11 12:32:00,1781181120,123.89892507,130.04861723,122.52963213,123.05193462,
2026-06-11 12:33:00,1781181180,123.05193462,131.89350249,121.21782826,128.88454146,
2026-06-11 12:34:00,1781181240,128.88454146,131.30069553,108.62490066,111.48011031,
2026-06-11 12:35:00,1781181300,111.48011031,113.50574803,106.44514679,112.53621705,
2026-06-11 12:36:00,1781181360,112.53621705,112.53621705,104.89297766,107.26188969,
2026-06-11 12:37:00,1781181420,107.26188969,112.77126518,105.8231905,112.55223371,
2026-06-11 12:38:00,1781181480,112.55223371,112.55223371,101.21151306,107.69205457,
2026-06-11 12:39:00,1781181540,107.69205457,109.00568602,102.35942487,108.54324333,
2026-06-11 12:40:00,1781181600,108.54324333,111.25425757,107.15902913,108.27902127,
2026-06-11 12:41:00,1781181660,108.27902127,110.1571309,102.62502903,103.605999,
2026-06-11 12:42:00,1781181720,103.605999,106.46294911,102.11609102,103.21807891,
2026-06-11 12:43:00,1781181780,103.21807891,109.72050164,102.52626071,109.72050164,
2026-06-11 12:44:00,1781181840,109.72050164,112.38187607,96.09311795,97.54684754,
2026-06-11 12:45:00,1781181900,97.54684754,103.07725708,96.9966214,97.85528054,
2026-06-11 12:46:00,1781181960,97.85528054,99.08873703,94.60809997,94.88895865,
2026-06-11 12:47:00,1781182020,94.88895865,100.59838053,92.3190492,99.33820079,
2026-06-11 12:48:00,1781182080,99.33820079,103.2572336,97.5281171,103.05500997,
2026-06-11 12:49:00,1781182140,103.05500997,104.44696498,95.43615605,95.43615605,
2026-06-11 12:50:00,1781182200,95.43615605,101.82931434,94.62738785,100.63200102,
2026-06-11 12:51:00,1781182260,100.63200102,101.01180237,92.56516091,92.66691299,
2026-06-11 12:52:00,1781182320,92.66691299,92.71610134,88.77021256,92.07661171,
2026-06-11 12:53:00,1781182380,92.07661171,97.96121745,89.89840422,96.95163437,
2026-06-11 12:54:00,1781182440,96.95163437,98.16269328,95.98957569,96.70888451,
2026-06-11 12:55:00,1781182500,96.70888451,97.08094405,89.40733155,90.49214787,
2026-06-11 12:56:00,1781182560,90.49214787,93.08429695,90.38645028,93.07298105,
2026-06-11 12:57:00,1781182620,93.07298105,97.35674749,91.92677842,96.55438572,
2026-06-11 12:58:00,1781182680,96.55438572,98.59886888,92.71588772,93.53942824,
2026-06-11 12:59:00,1781182740,93.53942824,96.04573402,92.78034333,95.94663243,
2026-06-11 13:00:00,1781182800,95.94663243,102.03714937,95.64446474,101.46877198,
2026-06-11 13:01:00,1781182860,101.46877198,101.93735683,98.13704808,101.92018966,
2026-06-11 13:02:00,1781182920,101.92018966,105.69358133,100.84146982,103.55417289,
2026-06-11 13:03:00,1781182980,103.55417289,105.74123147,103.20043259,103.20043259,
2026-06-11 13:04:00,1781183040,103.20043259,103.89721684,97.72368341,100.53105245,
2026-06-11 13:05:00,1781183100,100.53105245,106.47375088,100.5044099,104.16603338,
2026-06-11 13:06:00,1781183160,104.16603338,106.3267678,102.10106695,103.55437133,
2026-06-11 13:07:00,1781183220,103.55437133,105.23694346,102.05955168,103.99714295,
2026-06-11 13:08:00,1781183280,103.99714295,105.41986969,103.27106348,103.99096785,
2026-06-11 13:09:00,1781183340,103.99096785,106.62421153,103.99096785,105.77594872,
2026-06-11 13:10:00,1781183400,105.77594872,105.80128421,103.12486647,103.35453585,
2026-06-11 13:11:00,1781183460,103.35453585,109.09307723,101.19384989,107.86953317,
2026-06-11 13:12:00,1781183520,107.86953317,107.86953317,103.33305598,104.52114623,
2026-06-11 13:13:00,1781183580,104.52114623,105.62821295,102.50810643,105.26627515,
2026-06-11 13:14:00,1781183640,105.26627515,105.43265995,102.72452361,104.45288799,
2026-06-11 13:15:00,1781183700,104.45288799,105.03092515,102.52717738,103.13576528,
2026-06-11 13:16:00,1781183760,103.13576528,103.13576528,99.67964051,99.83008696,
2026-06-11 13:17:00,1781183820,99.83008696,101.98610122,99.54026014,101.6427685,
2026-06-11 13:18:00,1781183880,101.6427685,102.1227952,99.1756318,99.45871973,
2026-06-11 13:19:00,1781183940,99.45871973,99.45871973,96.08373056,96.34620147,
2026-06-11 13:20:00,1781184000,96.34620147,96.3625522,92.64862376,96.06941301,
2026-06-11 13:21:00,1781184060,96.06941301,97.82873953,95.96353164,96.78827963,
2026-06-11 13:22:00,1781184120,96.78827963,105.18331423,96.78827963,104.84787054,
2026-06-11 13:23:00,1781184180,104.84787054,106.33671882,103.59189513,106.25957992,
2026-06-11 13:24:00,1781184240,106.25957992,113.96139777,105.42562743,113.36907912,
2026-06-11 13:25:00,1781184300,113.36907912,115.16717849,111.06655502,111.07575983,
2026-06-11 13:26:00,1781184360,111.07575983,113.42089972,110.69918269,111.6069756,
2026-06-11 13:27:00,1781184420,111.6069756,114.14436252,111.25312375,112.45542643,
2026-06-11 13:28:00,1781184480,112.45542643,114.33394328,111.03467237,111.04707425,
2026-06-11 13:29:00,1781184540,111.04707425,116.51309495,111.00780375,114.54780841,
2026-06-11 13:30:00,1781184600,114.54780841,119.52339464,114.51951604,115.49513231,
2026-06-11 13:31:00,1781184660,115.49513231,125.22706647,114.94430245,122.43973059,
2026-06-11 13:32:00,1781184720,122.43973059,127.61493632,121.29911326,122.44132993,
2026-06-11 13:33:00,1781184780,122.44132993,122.44132993,112.01299675,116.22383323,
2026-06-11 13:34:00,1781184840,116.22383323,122.10801232,114.10803415,116.35566479,
2026-06-11 13:35:00,1781184900,116.35566479,119.57584601,106.3830669,106.56939658,
2026-06-11 13:36:00,1781184960,106.56939658,108.48702593,99.94703485,108.15271004,
2026-06-11 13:37:00,1781185020,108.15271004,110.61153458,103.7794093,105.04704797,
2026-06-11 13:38:00,1781185080,105.04704797,115.4831527,104.09822275,114.90973274,
2026-06-11 13:39:00,1781185140,114.90973274,114.90973274,104.19093715,107.98239867,
2026-06-11 13:40:00,1781185200,107.98239867,118.26621209,107.13985777,110.01746839,
2026-06-11 13:41:00,1781185260,110.01746839,120.56063704,108.20103016,117.26412479,
2026-06-11 13:42:00,1781185320,117.26412479,121.86535987,111.6959212,114.26926024,
2026-06-11 13:43:00,1781185380,114.26926024,114.26926024,102.0225767,103.14731301,
2026-06-11 13:44:00,1781185440,103.14731301,103.42667815,96.562767,96.562767,
2026-06-11 13:45:00,1781185500,96.562767,98.7137927,84.01756134,87.60692911,
2026-06-11 13:46:00,1781185560,87.60692911,93.99733956,87.49282953,91.8364996,
2026-06-11 13:47:00,1781185620,91.8364996,95.68364283,89.04210915,91.66327634,
2026-06-11 13:48:00,1781185680,91.66327634,94.04580071,90.55953924,91.71026806,
2026-06-11 13:49:00,1781185740,91.71026806,94.031447,89.90120355,93.92742058,
2026-06-11 13:50:00,1781185800,93.92742058,94.49601409,84.15452794,85.00768095,
2026-06-11 13:51:00,1781185860,85.00768095,92.30655503,85.00768095,89.46683673,
2026-06-11 13:52:00,1781185920,89.46683673,91.0215788,84.20616166,88.71161093,
2026-06-11 13:53:00,1781185980,88.71161093,92.92832472,78.62667533,79.24394235,
2026-06-11 13:54:00,1781186040,79.24394235,85.30623075,78.33183679,84.19926212,
2026-06-11 13:55:00,1781186100,84.19926212,89.69950836,84.18473053,87.65811281,
2026-06-11 13:56:00,1781186160,87.65811281,94.36625364,87.47796835,94.33422849,
2026-06-11 13:57:00,1781186220,94.33422849,98.0023655,93.18503561,97.41127413,
2026-06-11 13:58:00,1781186280,97.41127413,97.41127413,92.22572921,93.33417862,
2026-06-11 13:59:00,1781186340,93.33417862,93.39788053,89.21855063,89.87170162,
2026-06-11 14:00:00,1781186400,89.87170162,94.06180563,89.56274472,92.42014607,
2026-06-11 14:01:00,1781186460,92.42014607,97.15525685,91.20766632,92.6507813,
2026-06-11 14:02:00,1781186520,92.6507813,95.22291614,90.97066425,93.3830469,
2026-06-11 14:03:00,1781186580,93.3830469,96.56034711,91.661233,95.98438916,
2026-06-11 14:04:00,1781186640,95.98438916,97.29473721,88.55506055,88.81350619,
2026-06-11 14:05:00,1781186700,88.81350619,102.72890915,88.67491288,102.22467394,
2026-06-11 14:06:00,1781186760,102.22467394,105.0151061,98.39787993,102.97983912,
2026-06-11 14:07:00,1781186820,102.97983912,103.01215053,93.53995266,93.59523724,
2026-06-11 14:08:00,1781186880,93.59523724,97.47940278,93.5940963,95.18589957,
2026-06-11 14:09:00,1781186940,95.18589957,104.3240268,94.77015092,101.72950882,
2026-06-11 14:10:00,1781187000,101.72950882,109.9147401,99.5261765,109.9147401,
2026-06-11 14:11:00,1781187060,109.9147401,116.32751078,104.06509063,104.14449174,
2026-06-11 14:12:00,1781187120,104.14449174,109.27713816,101.06310644,108.85191108,
2026-06-11 14:13:00,1781187180,108.85191108,111.57445012,103.98215947,104.22003676,
2026-06-11 14:14:00,1781187240,104.22003676,108.98479435,103.26030747,108.25718176,
2026-06-11 14:15:00,1781187300,108.25718176,109.44225031,100.2571454,102.68569266,
2026-06-11 14:16:00,1781187360,102.68569266,114.31057683,101.73722775,113.85924287,
2026-06-11 14:17:00,1781187420,113.85924287,113.99172313,102.7459853,105.00561586,
2026-06-11 14:18:00,1781187480,105.00561586,111.79349911,104.07379537,111.76543958,
2026-06-11 14:19:00,1781187540,111.76543958,112.81305628,102.91139999,104.54748421,
2026-06-11 14:20:00,1781187600,104.54748421,106.15717399,98.66165894,98.83807969,
2026-06-11 14:21:00,1781187660,98.83807969,101.45490474,96.79040894,96.92895675,
2026-06-11 14:22:00,1781187720,96.92895675,103.92881788,94.67494971,97.35127001,
2026-06-11 14:23:00,1781187780,97.35127001,97.61941807,90.30009877,93.24142629,
2026-06-11 14:24:00,1781187840,93.24142629,96.15568544,88.89989439,91.6419152,
2026-06-11 14:25:00,1781187900,91.6419152,93.01502,89.53867474,91.63407915,
2026-06-11 14:26:00,1781187960,91.63407915,99.27995876,91.59262656,98.67123297,
2026-06-11 14:27:00,1781188020,98.67123297,98.71832116,91.9752867,93.88404349,
2026-06-11 14:28:00,1781188080,93.88404349,95.74065105,90.45756957,90.7971382,
2026-06-11 14:29:00,1781188140,90.7971382,92.18175629,85.64846624,86.24493321,
2026-06-11 14:30:00,1781188200,86.24493321,96.51593962,84.4475384,96.08156368,
2026-06-11 14:31:00,1781188260,96.08156368,98.58986896,91.91606674,92.63544034,
2026-06-11 14:32:00,1781188320,92.63544034,93.62424274,88.19305073,92.28304182,
2026-06-11 14:33:00,1781188380,92.28304182,95.74677003,90.6533045,94.58969262,
2026-06-11 14:34:00,1781188440,94.58969262,97.7773097,91.93810502,92.31623238,
2026-06-11 14:35:00,1781188500,92.31623238,93.93123265,87.35107763,87.94585852,
2026-06-11 14:36:00,1781188560,87.94585852,89.86148594,79.4778894,79.60648852,
2026-06-11 14:37:00,1781188620,79.60648852,91.71622007,78.98572751,91.71622007,
2026-06-11 14:38:00,1781188680,91.71622007,91.71622007,87.63611264,89.30022428,
2026-06-11 14:39:00,1781188740,89.30022428,93.62578993,88.95648624,92.23264104,
2026-06-11 14:40:00,1781188800,92.23264104,94.63412906,90.22246812,90.29984761,
2026-06-11 14:41:00,1781188860,90.29984761,92.28621602,86.7714526,91.47448976,
2026-06-11 14:42:00,1781188920,91.47448976,94.09957707,89.09957937,91.78388826,
2026-06-11 14:43:00,1781188980,91.78388826,95.70641328,90.5845283,93.23106177,
2026-06-11 14:44:00,1781189040,93.23106177,94.6018593,90.51276683,94.20684746,
2026-06-11 14:45:00,1781189100,94.20684746,94.7386445,90.16396558,90.98577303,
2026-06-11 14:46:00,1781189160,90.98577303,93.3884444,87.65939663,91.85133229,
2026-06-11 14:47:00,1781189220,91.85133229,92.05904309,88.46479456,90.82806977,
2026-06-11 14:48:00,1781189280,90.82806977,91.0709417,84.3232599,86.86779898,
2026-06-11 14:49:00,1781189340,86.86779898,89.77434853,85.61423215,89.16388357,
2026-06-11 14:50:00,1781189400,89.16388357,92.25538827,85.37835627,85.91580437,
2026-06-11 14:51:00,1781189460,85.91580437,86.58262561,78.98820385,81.93475638,
2026-06-11 14:52:00,1781189520,81.93475638,87.57272748,81.76401306,85.92505127,
2026-06-11 14:53:00,1781189580,85.92505127,85.92505127,81.17719702,85.2383347,
2026-06-11 14:54:00,1781189640,85.2383347,87.95232115,83.28557111,85.75839473,
2026-06-11 14:55:00,1781189700,85.75839473,89.18082198,85.15493921,89.00184935,
2026-06-11 14:56:00,1781189760,89.00184935,98.71341001,88.79378794,95.77831721,
2026-06-11 14:57:00,1781189820,95.77831721,97.79898504,90.61442987,90.93782777,
2026-06-11 14:58:00,1781189880,90.93782777,99.86371976,88.9930368,99.16070353,
2026-06-11 14:59:00,1781189940,99.16070353,101.92625188,98.38249967,101.33507767,
2026-06-11 15:00:00,1781190000,101.33507767,103.19836741,96.52259463,103.13363757,
2026-06-11 15:01:00,1781190060,103.13363757,118.26439459,103.12335138,114.25854029,
2026-06-11 15:02:00,1781190120,114.25854029,115.83037098,102.46059747,107.51157576,
2026-06-11 15:03:00,1781190180,107.51157576,107.7751588,98.05883275,100.59352226,
2026-06-11 15:04:00,1781190240,100.59352226,102.10143079,96.94074203,98.82534385,
2026-06-11 15:05:00,1781190300,98.82534385,106.61237472,98.60430527,105.45346734,
2026-06-11 15:06:00,1781190360,105.45346734,106.73773488,98.55150186,101.50360778,
2026-06-11 15:07:00,1781190420,101.50360778,103.21331293,88.03681222,88.62403688,
2026-06-11 15:08:00,1781190480,88.62403688,94.38574054,86.28918278,91.3131727,
2026-06-11 15:09:00,1781190540,91.3131727,95.66193733,89.84406184,94.85712457,
2026-06-11 15:10:00,1781190600,94.85712457,100.40487464,94.83045916,97.7230811,
2026-06-11 15:11:00,1781190660,97.7230811,97.7567997,93.77741249,94.80627284,
2026-06-11 15:12:00,1781190720,94.80627284,95.9377106,85.1751039,88.94976912,
2026-06-11 15:13:00,1781190780,88.94976912,94.04901948,88.27438843,93.94397437,
2026-06-11 15:14:00,1781190840,93.94397437,100.68913378,93.94397437,100.68913378,
2026-06-11 15:15:00,1781190900,100.68913378,102.54600155,94.5496787,94.61757887,
2026-06-11 15:16:00,1781190960,94.61757887,100.48745793,93.04009761,100.44279308,
2026-06-11 15:17:00,1781191020,100.44279308,102.57382574,97.90950417,102.06482374,
2026-06-11 15:18:00,1781191080,102.06482374,107.1952947,100.6492536,106.19199208,
2026-06-11 15:19:00,1781191140,106.19199208,107.02423107,101.11961652,101.96755567,
2026-06-11 15:20:00,1781191200,101.96755567,102.71760245,91.74821444,92.83652644,
2026-06-11 15:21:00,1781191260,92.83652644,94.03918915,90.16709152,93.81688502,
2026-06-11 15:22:00,1781191320,93.81688502,98.50920897,93.81688502,96.80673455,
2026-06-11 15:23:00,1781191380,96.80673455,97.75633721,90.24152421,91.10410734,
2026-06-11 15:24:00,1781191440,91.10410734,92.95252659,90.14316876,92.95252659,
2026-06-11 15:25:00,1781191500,92.95252659,98.63361261,92.9366086,95.49344807,
2026-06-11 15:26:00,1781191560,95.49344807,98.47751068,94.0725852,94.08945999,
2026-06-11 15:27:00,1781191620,94.08945999,97.80514629,92.86995908,95.77012502,
2026-06-11 15:28:00,1781191680,95.77012502,99.2639246,94.91007826,97.41148297,
2026-06-11 15:29:00,1781191740,97.41148297,99.70236061,95.66167988,97.19004786,
2026-06-11 15:30:00,1781191800,97.19004786,101.98516022,95.20207791,101.49071877,
2026-06-11 15:31:00,1781191860,101.49071877,105.58234842,101.10683977,101.48650529,
2026-06-11 15:32:00,1781191920,101.48650529,101.85966391,96.9334538,96.9594834,
2026-06-11 15:33:00,1781191980,96.9594834,101.59288386,96.72645687,97.01271359,
2026-06-11 15:34:00,1781192040,97.01271359,97.01271359,92.50006388,94.24741217,
2026-06-11 15:35:00,1781192100,94.24741217,95.36985832,87.35926039,89.86187614,
2026-06-11 15:36:00,1781192160,89.86187614,93.90512492,86.87435035,87.58549815,
2026-06-11 15:37:00,1781192220,87.58549815,88.13978335,84.87137279,86.02854697,
2026-06-11 15:38:00,1781192280,86.02854697,90.71829099,85.87417262,85.95247665,
2026-06-11 15:39:00,1781192340,85.95247665,88.6211591,84.19141751,88.61892097,
2026-06-11 15:40:00,1781192400,88.61892097,89.70203239,84.65931499,85.04414234,
2026-06-11 15:41:00,1781192460,85.04414234,90.28639905,85.04414234,90.26079343,
2026-06-11 15:42:00,1781192520,90.26079343,92.86015884,89.23739154,91.14191267,
2026-06-11 15:43:00,1781192580,91.14191267,97.595422,89.40586195,97.2790692,
2026-06-11 15:44:00,1781192640,97.2790692,101.35644075,95.58903885,100.94177809,
2026-06-11 15:45:00,1781192700,100.94177809,107.24590416,98.67340787,105.79222232,
2026-06-11 15:46:00,1781192760,105.79222232,105.79222232,97.55117229,97.84688924,
2026-06-11 15:47:00,1781192820,97.84688924,98.13021749,94.41731892,95.91556678,
2026-06-11 15:48:00,1781192880,95.91556678,105.95068801,95.84533822,101.56055496,
2026-06-11 15:49:00,1781192940,101.56055496,103.49414034,98.95298446,102.86744511,
2026-06-11 15:50:00,1781193000,102.86744511,104.86241965,101.60523274,103.54994486,
2026-06-11 15:51:00,1781193060,103.54994486,104.01025069,100.03186151,101.10901284,
2026-06-11 15:52:00,1781193120,101.10901284,106.74597874,99.80179361,104.92370951,
2026-06-11 15:53:00,1781193180,104.92370951,108.45780497,104.21404843,105.35104804,
2026-06-11 15:54:00,1781193240,105.35104804,105.36981738,100.17140897,100.4821635,
2026-06-11 15:55:00,1781193300,100.4821635,105.68139847,98.62550324,99.15125466,
2026-06-11 15:56:00,1781193360,99.15125466,100.72359131,95.87342313,95.87342313,
2026-06-11 15:57:00,1781193420,95.87342313,97.39419619,93.53994711,94.2587032,
2026-06-11 15:58:00,1781193480,94.2587032,95.29705287,92.90905863,92.93324095,
2026-06-11 15:59:00,1781193540,92.93324095,94.42407385,90.72370959,90.75566866,
2026-06-11 16:00:00,1781193600,90.75566866,91.11814872,87.1534002,87.5929391,
2026-06-11 16:01:00,1781193660,87.5929391,91.4019051,85.33741069,91.0258125,
2026-06-11 16:02:00,1781193720,91.0258125,93.55335194,91.0258125,91.64356094,
2026-06-11 16:03:00,1781193780,91.64356094,95.15835405,90.13378059,95.1227288,
2026-06-11 16:04:00,1781193840,95.1227288,98.4313469,95.1227288,96.42905364,
2026-06-11 16:05:00,1781193900,96.42905364,97.69321782,92.21956057,92.45878973,
2026-06-11 16:06:00,1781193960,92.45878973,92.50696997,85.48103506,86.41189019,
2026-06-11 16:07:00,1781194020,86.41189019,87.70272626,84.27675054,84.32745099,
2026-06-11 16:08:00,1781194080,84.32745099,87.76200191,84.31858779,85.29793038,
2026-06-11 16:09:00,1781194140,85.29793038,93.27458657,85.29793038,92.8149582,
2026-06-11 16:10:00,1781194200,92.8149582,93.8088354,87.57839753,91.09420896,
2026-06-11 16:11:00,1781194260,91.09420896,91.86259452,89.16346709,90.16642188,
2026-06-11 16:12:00,1781194320,90.16642188,91.36579548,87.782178,88.04051443,
2026-06-11 16:13:00,1781194380,88.04051443,89.27608737,87.22392065,88.5124816,
2026-06-11 16:14:00,1781194440,88.5124816,88.89275568,83.47174534,83.47174534,
2026-06-11 16:15:00,1781194500,83.47174534,86.41254633,81.96436915,85.20785725,
2026-06-11 16:16:00,1781194560,85.20785725,86.31044347,83.25484004,83.67982716,
2026-06-11 16:17:00,1781194620,83.67982716,87.61697143,83.5355081,84.03064602,
2026-06-11 16:18:00,1781194680,84.03064602,85.83794801,83.34299213,83.84380722,
2026-06-11 16:19:00,1781194740,83.84380722,85.90440159,83.5826597,84.39197264,
2026-06-11 16:20:00,1781194800,84.39197264,88.79139612,83.87810638,88.65563914,
2026-06-11 16:21:00,1781194860,88.65563914,96.20145596,85.6573949,94.55824532,
2026-06-11 16:22:00,1781194920,94.55824532,99.23432825,92.33759481,98.80636882,
2026-06-11 16:23:00,1781194980,98.80636882,99.22493637,95.63510023,98.65788143,
2026-06-11 16:24:00,1781195040,98.65788143,101.41482452,97.36944351,101.03730783,
2026-06-11 16:25:00,1781195100,101.03730783,103.87612014,99.31315309,102.64597096,
2026-06-11 16:26:00,1781195160,102.64597096,103.02576905,98.27777083,100.11777897,
2026-06-11 16:27:00,1781195220,100.11777897,100.11777897,97.41102598,98.40547123,
2026-06-11 16:28:00,1781195280,98.40547123,98.7046761,94.65532942,96.82695651,
2026-06-11 16:29:00,1781195340,96.82695651,97.62322679,94.43234779,96.79512528,
2026-06-11 16:30:00,1781195400,96.79512528,99.55531175,95.26574533,97.98544304,
2026-06-11 16:31:00,1781195460,97.98544304,100.53786725,96.97499927,100.53786725,
2026-06-11 16:32:00,1781195520,100.53786725,103.98887877,97.29092052,97.35321897,
2026-06-11 16:33:00,1781195580,97.35321897,97.87845161,91.44505952,91.44505952,
2026-06-11 16:34:00,1781195640,91.44505952,91.80582818,84.42687205,89.43747922,
2026-06-11 16:35:00,1781195700,89.43747922,92.0489642,86.13342956,87.24530927,
2026-06-11 16:36:00,1781195760,87.24530927,88.02603196,81.08531174,81.08531174,
2026-06-11 16:37:00,1781195820,81.08531174,84.63075844,80.33107626,84.29693788,
2026-06-11 16:38:00,1781195880,84.29693788,88.30611874,83.71257477,85.54689549,
2026-06-11 16:39:00,1781195940,85.54689549,88.97969988,85.51389157,87.51863263,
2026-06-11 16:40:00,1781196000,87.51863263,90.58107316,85.70446292,90.04643918,
2026-06-11 16:41:00,1781196060,90.04643918,92.69205037,88.22129553,92.49431411,
2026-06-11 16:42:00,1781196120,92.49431411,94.69592545,90.28992696,90.64319243,
2026-06-11 16:43:00,1781196180,90.64319243,91.77766709,87.39902916,90.49654056,
2026-06-11 16:44:00,1781196240,90.49654056,93.58493632,89.79233956,91.76363225,
2026-06-11 16:45:00,1781196300,91.76363225,95.25923365,88.4031825,95.25923365,
2026-06-11 16:46:00,1781196360,95.25923365,95.40582073,92.26950717,93.67520684,
2026-06-11 16:47:00,1781196420,93.67520684,95.28619786,92.09796977,92.55910493,
2026-06-11 16:48:00,1781196480,92.55910493,92.55910493,88.50808248,89.18353847,
2026-06-11 16:49:00,1781196540,89.18353847,96.25165022,89.15744583,94.14190351,
2026-06-11 16:50:00,1781196600,94.14190351,98.40983991,92.93498746,92.93498746,
2026-06-11 16:51:00,1781196660,92.93498746,95.19042358,92.43315745,94.956706,
2026-06-11 16:52:00,1781196720,94.956706,97.53736251,93.43053428,95.4831579,
2026-06-11 16:53:00,1781196780,95.4831579,96.24167251,91.61303423,92.34319851,
2026-06-11 16:54:00,1781196840,92.34319851,93.77466704,89.17820553,93.52171749,
2026-06-11 16:55:00,1781196900,93.52171749,97.34012105,93.23474497,96.85705884,
2026-06-11 16:56:00,1781196960,96.85705884,97.73168402,93.51009534,95.47391226,
2026-06-11 16:57:00,1781197020,95.47391226,96.65605948,95.05628555,95.98763889,
2026-06-11 16:58:00,1781197080,95.98763889,96.41944297,94.6713314,96.41824366,
2026-06-11 16:59:00,1781197140,96.41824366,97.31740856,95.13860741,97.23460498,
2026-06-11 17:00:00,1781197200,97.23460498,99.66796363,97.07085396,98.00267433,
2026-06-11 17:01:00,1781197260,98.00267433,98.00267433,92.21682661,96.06298977,
2026-06-11 17:02:00,1781197320,96.06298977,100.24407357,94.48100839,100.24407357,
2026-06-11 17:03:00,1781197380,100.24407357,114.49074151,99.89221773,112.32081496,
2026-06-11 17:04:00,1781197440,112.32081496,115.23551043,109.53444011,109.64255237,
2026-06-11 17:05:00,1781197500,109.64255237,109.64255237,101.52128293,102.04779253,
2026-06-11 17:06:00,1781197560,102.04779253,104.01093966,99.60899689,101.89985866,
2026-06-11 17:07:00,1781197620,101.89985866,104.30996497,98.65976572,99.75550158,
2026-06-11 17:08:00,1781197680,99.75550158,102.69114192,99.22969849,102.04444135,
2026-06-11 17:09:00,1781197740,102.04444135,102.21283705,98.07563734,98.98698366,
2026-06-11 17:10:00,1781197800,98.98698366,100.6998614,94.37788076,96.76802899,
2026-06-11 17:11:00,1781197860,96.76802899,101.39132809,96.47033066,101.39132809,
2026-06-11 17:12:00,1781197920,101.39132809,106.92905304,98.30949833,106.6386954,
2026-06-11 17:13:00,1781197980,106.6386954,109.04643675,103.71940029,103.82988475,
2026-06-11 17:14:00,1781198040,103.82988475,103.82988475,101.11630865,102.83554925,
2026-06-11 17:15:00,1781198100,102.83554925,108.81036297,100.0907126,101.01014425,
2026-06-11 17:16:00,1781198160,101.01014425,101.39789464,98.37449193,98.78414245,
2026-06-11 17:17:00,1781198220,98.78414245,101.69796819,98.78414245,100.95954541,
2026-06-11 17:18:00,1781198280,100.95954541,109.2076379,100.95954541,108.49554338,
2026-06-11 17:19:00,1781198340,108.49554338,109.95988325,105.98333681,108.74244599,
2026-06-11 17:20:00,1781198400,108.74244599,111.62799445,105.6508862,106.15959043,
2026-06-11 17:21:00,1781198460,106.15959043,111.67596797,104.80725831,109.68008171,
2026-06-11 17:22:00,1781198520,109.68008171,112.16440737,106.52963549,110.40226086,
2026-06-11 17:23:00,1781198580,110.40226086,111.22586109,106.60958623,107.16455033,
2026-06-11 17:24:00,1781198640,107.16455033,111.67180591,105.63306378,106.29133508,
2026-06-11 17:25:00,1781198700,106.29133508,109.47073666,104.95385882,107.03772707,
2026-06-11 17:26:00,1781198760,107.03772707,111.43242812,105.96662333,111.27117828,
2026-06-11 17:27:00,1781198820,111.27117828,112.89045537,108.21968313,108.47601014,
2026-06-11 17:28:00,1781198880,108.47601014,108.47601014,74.69266533,81.71499074,
2026-06-11 17:29:00,1781198940,81.71499074,83.88862961,58.29372615,60.2904957,
2026-06-11 17:30:00,1781199000,60.2904957,64.04778453,52.92680096,61.32131385,
2026-06-11 17:31:00,1781199060,61.32131385,67.2624625,55.21401691,56.2093417,
2026-06-11 17:32:00,1781199120,56.2093417,57.0243568,46.35418294,46.3588114,
2026-06-11 17:33:00,1781199180,46.3588114,58.64559208,45.50595267,58.64559208,
2026-06-11 17:34:00,1781199240,58.64559208,68.31790567,58.40954181,63.69783285,
2026-06-11 17:35:00,1781199300,63.69783285,70.39183888,61.35405105,62.79268037,
2026-06-11 17:36:00,1781199360,62.79268037,68.50397221,61.30368378,66.57807438,
2026-06-11 17:37:00,1781199420,66.57807438,68.16968504,62.20300581,63.70387833,
2026-06-11 17:38:00,1781199480,63.70387833,66.03163945,60.36433612,61.47375443,
2026-06-11 17:39:00,1781199540,61.47375443,64.36212897,59.92660375,62.3249534,
2026-06-11 17:40:00,1781199600,62.3249534,62.34647031,55.85348746,56.55492268,
2026-06-11 17:41:00,1781199660,56.55492268,57.21413806,52.24272252,52.8474967,
2026-06-11 17:42:00,1781199720,52.8474967,57.60629296,52.03949507,55.55768595,
2026-06-11 17:43:00,1781199780,55.55768595,58.40354297,54.55330414,57.2087171,
2026-06-11 17:44:00,1781199840,57.2087171,58.48323735,55.04121954,55.88641409,
2026-06-11 17:45:00,1781199900,55.88641409,55.94025453,48.54880967,48.54880967,
2026-06-11 17:46:00,1781199960,48.54880967,56.61007392,48.52419347,54.75915219,
2026-06-11 17:47:00,1781200020,54.75915219,54.85893765,47.03514499,48.11513766,
2026-06-11 17:48:00,1781200080,48.11513766,48.32589257,45.07979459,48.20175577,
2026-06-11 17:49:00,1781200140,48.20175577,52.72145493,41.76613688,42.77044227,
2026-06-11 17:50:00,1781200200,42.77044227,49.58440035,42.70221968,49.4685747,
2026-06-11 17:51:00,1781200260,49.4685747,50.6223749,43.98562673,44.91821656,
2026-06-11 17:52:00,1781200320,44.91821656,47.98856397,42.4692668,47.83261794,
2026-06-11 17:53:00,1781200380,47.83261794,50.11415528,47.25090769,48.91003075,
2026-06-11 17:54:00,1781200440,48.91003075,50.58362014,47.86664561,48.07647739,
2026-06-11 17:55:00,1781200500,48.07647739,48.89319744,46.51606282,48.08231424,
2026-06-11 17:56:00,1781200560,48.08231424,52.5898519,47.92526975,50.13987157,
2026-06-11 17:57:00,1781200620,50.13987157,51.23671583,46.39229833,46.91672236,
2026-06-11 17:58:00,1781200680,46.91672236,47.13996976,42.56272937,43.63574081,
2026-06-11 17:59:00,1781200740,43.63574081,45.39880055,39.66001244,40.17207006,
2026-06-11 18:00:00,1781200800,40.17207006,41.25921483,37.7856995,39.85667564,
2026-06-11 18:01:00,1781200860,39.85667564,40.59648059,36.94893447,37.63831244,
2026-06-11 18:02:00,1781200920,37.63831244,43.33465362,35.94008282,43.17627001,
2026-06-11 18:03:00,1781200980,43.17627001,46.0604385,39.93472965,44.7025284,
2026-06-11 18:04:00,1781201040,44.7025284,49.59052132,44.41951409,48.96358807,
2026-06-11 18:05:00,1781201100,48.96358807,52.65682932,48.4141341,52.61365364,
2026-06-11 18:06:00,1781201160,52.61365364,54.87350902,51.50384958,52.73698471,
2026-06-11 18:07:00,1781201220,52.73698471,53.73444542,51.13449991,51.87879989,
2026-06-11 18:08:00,1781201280,51.87879989,54.17830978,50.34299103,54.17830978,
2026-06-11 18:09:00,1781201340,54.17830978,55.73866523,52.41138029,52.41138029,
2026-06-11 18:10:00,1781201400,52.41138029,54.85319242,51.05360865,54.04139303,
2026-06-11 18:11:00,1781201460,54.04139303,54.79742828,47.88365214,48.30110442,
2026-06-11 18:12:00,1781201520,48.30110442,48.36801909,44.1008484,47.19625991,
2026-06-11 18:13:00,1781201580,47.19625991,49.77681074,46.43232704,48.78698022,
2026-06-11 18:14:00,1781201640,48.78698022,49.70104025,47.52351277,47.92451656,
2026-06-11 18:15:00,1781201700,47.92451656,48.46802939,43.09230292,43.09230292,
2026-06-11 18:16:00,1781201760,43.09230292,45.0631105,42.93759438,44.78669525,
2026-06-11 18:17:00,1781201820,44.78669525,49.92493319,44.78153362,48.47150895,
2026-06-11 18:18:00,1781201880,48.47150895,51.91454024,47.6880694,50.5783008,
2026-06-11 18:19:00,1781201940,50.5783008,52.45584621,46.91490715,48.51876894,
2026-06-11 18:20:00,1781202000,48.51876894,51.44091419,47.67340891,50.52789043,
2026-06-11 18:21:00,1781202060,50.52789043,52.01674131,48.29032842,51.39070134,
2026-06-11 18:22:00,1781202120,51.39070134,61.96697253,51.39070134,57.55343488,
2026-06-11 18:23:00,1781202180,57.55343488,59.04622458,54.94947688,57.79456611,
2026-06-11 18:24:00,1781202240,57.79456611,59.92871464,56.34528035,57.29406063,
2026-06-11 18:25:00,1781202300,57.29406063,57.52503962,54.57297456,54.65424656,
2026-06-11 18:26:00,1781202360,54.65424656,56.24636907,54.30174807,54.68761348,
2026-06-11 18:27:00,1781202420,54.68761348,56.34076237,54.27811954,55.71754429,
2026-06-11 18:28:00,1781202480,55.71754429,59.46526069,55.6176828,57.43413108,
2026-06-11 18:29:00,1781202540,57.43413108,58.90470792,55.99170884,57.41523688,
2026-06-11 18:30:00,1781202600,57.41523688,58.13948933,53.05673683,53.08119302,
2026-06-11 18:31:00,1781202660,53.08119302,54.68095246,52.7439411,54.43624522,
2026-06-11 18:32:00,1781202720,54.43624522,59.2733293,54.4301921,57.54804673,
2026-06-11 18:33:00,1781202780,57.54804673,58.682149,54.1081944,54.4720509,
2026-06-11 18:34:00,1781202840,54.4720509,55.83658425,53.59085346,55.83658425,
2026-06-11 18:35:00,1781202900,55.83658425,55.91490792,54.37767801,55.11317717,
2026-06-11 18:36:00,1781202960,55.11317717,55.35220035,50.57320576,50.80581596,
2026-06-11 18:37:00,1781203020,50.80581596,52.57179621,50.80497809,52.57179621,
2026-06-11 18:38:00,1781203080,52.57179621,53.66251959,51.98723075,52.35229734,
2026-06-11 18:39:00,1781203140,52.35229734,53.03083302,51.22322095,52.17426712,
2026-06-11 18:40:00,1781203200,52.17426712,53.56987072,50.52466156,53.46289645,
2026-06-11 18:41:00,1781203260,53.46289645,54.05827183,52.08110829,53.78891763,
2026-06-11 18:42:00,1781203320,53.78891763,55.04132157,53.78384353,54.10278958,
2026-06-11 18:43:00,1781203380,54.10278958,54.61319189,51.53115674,51.92251029,
2026-06-11 18:44:00,1781203440,51.92251029,53.16403114,51.68028957,52.22322313,
2026-06-11 18:45:00,1781203500,52.22322313,53.82069207,51.96786858,52.89669108,
2026-06-11 18:46:00,1781203560,52.89669108,53.16370734,52.19405894,52.89328662,
2026-06-11 18:47:00,1781203620,52.89328662,53.33854328,50.70786434,50.79728712,
2026-06-11 18:48:00,1781203680,50.79728712,53.12557861,50.79644299,52.87905931,
2026-06-11 18:49:00,1781203740,52.87905931,55.11601672,52.77624195,53.32704268,
2026-06-11 18:50:00,1781203800,53.32704268,53.38662276,51.8900495,53.01151654,
2026-06-11 18:51:00,1781203860,53.01151654,54.34301605,52.84887027,54.26034058,
2026-06-11 18:52:00,1781203920,54.26034058,54.31499782,50.22440606,50.22440606,
2026-06-11 18:53:00,1781203980,50.22440606,51.0919327,49.12498732,50.38869947,
2026-06-11 18:54:00,1781204040,50.38869947,52.94884678,50.23063897,52.94382957,
2026-06-11 18:55:00,1781204100,52.94382957,54.04012481,52.21813575,53.05416411,
2026-06-11 18:56:00,1781204160,53.05416411,53.44512055,50.15099094,50.67548684,
2026-06-11 18:57:00,1781204220,50.67548684,51.74824382,50.58495807,51.65323324,
2026-06-11 18:58:00,1781204280,51.65323324,53.46084509,51.18278375,53.43777718,
2026-06-11 18:59:00,1781204340,53.43777718,55.68464059,53.36194584,55.01593879,
2026-06-11 19:00:00,1781204400,55.01593879,57.14844778,53.4094974,53.71425293,
2026-06-11 19:01:00,1781204460,53.71425293,54.09784457,49.6189021,50.43526811,
2026-06-11 19:02:00,1781204520,50.43526811,50.43526811,47.47734708,49.64611897,
2026-06-11 19:03:00,1781204580,49.64611897,53.16316305,49.45754206,52.5329247,
2026-06-11 19:04:00,1781204640,52.5329247,52.89621539,51.44267135,52.35763653,
2026-06-11 19:05:00,1781204700,52.35763653,52.80529653,51.36192048,52.56263111,
2026-06-11 19:06:00,1781204760,52.56263111,54.37759777,52.19459333,52.67162073,
2026-06-11 19:07:00,1781204820,52.67162073,53.85464799,52.4194069,53.30555612,
2026-06-11 19:08:00,1781204880,53.30555612,57.33041518,53.0430949,55.49927617,
2026-06-11 19:09:00,1781204940,55.49927617,55.66180002,52.14275554,52.81380644,
2026-06-11 19:10:00,1781205000,52.81380644,52.9301841,49.24792661,50.53291039,
2026-06-11 19:11:00,1781205060,50.53291039,53.70673507,50.0963175,51.96758544,
2026-06-11 19:12:00,1781205120,51.96758544,51.96758544,44.11591384,45.93247431,
2026-06-11 19:13:00,1781205180,45.93247431,50.63402674,45.49065561,47.76896956,
2026-06-11 19:14:00,1781205240,47.76896956,48.37443243,45.61752971,46.59098431,
2026-06-11 19:15:00,1781205300,46.59098431,46.97882037,44.36603108,44.7501627,
2026-06-11 19:16:00,1781205360,44.7501627,44.895063,43.29029697,44.02338092,
2026-06-11 19:17:00,1781205420,44.02338092,44.57760083,41.54217746,42.11233898,
2026-06-11 19:18:00,1781205480,42.11233898,42.80926425,40.72435609,42.03872162,
2026-06-11 19:19:00,1781205540,42.03872162,45.23374904,42.03872162,43.95459242,
2026-06-11 19:20:00,1781205600,43.95459242,43.95459242,40.97479619,43.25775245,
2026-06-11 19:21:00,1781205660,43.25775245,44.28720834,42.93084509,43.74601861,
2026-06-11 19:22:00,1781205720,43.74601861,43.79254699,42.4075728,43.07904229,
2026-06-11 19:23:00,1781205780,43.07904229,43.24947157,41.36455791,42.43065059,
2026-06-11 19:24:00,1781205840,42.43065059,43.264591,41.54634773,42.55820467,
2026-06-11 19:25:00,1781205900,42.55820467,45.26909522,42.55669537,43.66905268,
2026-06-11 19:26:00,1781205960,43.66905268,45.1551369,42.56987266,42.80619511,
2026-06-11 19:27:00,1781206020,42.80619511,46.40682994,42.80123363,45.76254337,
2026-06-11 19:28:00,1781206080,45.76254337,47.38458794,45.39818679,45.50891614,
2026-06-11 19:29:00,1781206140,45.50891614,46.92987753,44.72754222,46.8690002,
2026-06-11 19:30:00,1781206200,46.8690002,47.13619644,34.33099525,34.33099525,
2026-06-11 19:31:00,1781206260,34.33099525,39.85922663,34.33099525,39.67913269,
2026-06-11 19:32:00,1781206320,39.67913269,40.41076076,37.37861441,38.15380616,
2026-06-11 19:33:00,1781206380,38.15380616,40.09669516,36.77573438,38.59396319,
2026-06-11 19:34:00,1781206440,38.59396319,46.47313913,38.26144949,44.86419157,
2026-06-11 19:35:00,1781206500,44.86419157,47.16031267,42.56734616,43.18935553,
2026-06-11 19:36:00,1781206560,43.18935553,44.25617272,41.57862249,43.4027583,
2026-06-11 19:37:00,1781206620,43.4027583,43.93326439,40.41240698,41.32497703,
2026-06-11 19:38:00,1781206680,41.32497703,44.42561287,41.16647429,44.42561287,
2026-06-11 19:39:00,1781206740,44.42561287,47.31971166,43.83707641,46.96715442,
2026-06-11 19:40:00,1781206800,46.96715442,46.96715442,42.63525858,42.82030548,
2026-06-11 19:41:00,1781206860,42.82030548,42.87363259,40.52709974,41.03115316,
2026-06-11 19:42:00,1781206920,41.03115316,41.33657603,40.45333244,40.90243491,
2026-06-11 19:43:00,1781206980,40.90243491,42.53861027,40.70174879,42.28177613,
2026-06-11 19:44:00,1781207040,42.28177613,46.14292659,42.11202471,45.09386236,
2026-06-11 19:45:00,1781207100,45.09386236,46.33951109,44.91669531,45.17045266,
2026-06-11 19:46:00,1781207160,45.17045266,47.34712173,44.7071855,47.0015299,
2026-06-11 19:47:00,1781207220,47.0015299,47.0015299,43.44787098,43.44787098,
2026-06-11 19:48:00,1781207280,43.44787098,45.18184003,42.98533978,43.86919415,
2026-06-11 19:49:00,1781207340,43.86919415,45.19746932,42.81772837,44.87406613,
2026-06-11 19:50:00,1781207400,44.87406613,47.16841347,43.8923179,45.53846969,
2026-06-11 19:51:00,1781207460,45.53846969,45.78195082,42.38377282,42.42761809,
2026-06-11 19:52:00,1781207520,42.42761809,44.72214181,41.90904941,43.77110208,
2026-06-11 19:53:00,1781207580,43.77110208,44.42814338,42.3792125,42.42190089,
2026-06-11 19:54:00,1781207640,42.42190089,42.82306441,41.09084444,41.09084444,
2026-06-11 19:55:00,1781207700,41.09084444,44.37641604,41.09009941,42.33787691,
2026-06-11 19:56:00,1781207760,42.33787691,42.53425575,41.83171501,42.17693832,
2026-06-11 19:57:00,1781207820,42.17693832,43.24223408,41.19830847,41.37673852,
2026-06-11 19:58:00,1781207880,41.37673852,42.55059765,40.80768304,42.24128772,
2026-06-11 19:59:00,1781207940,42.24128772,43.76537138,41.24551101,43.36440197,
2026-06-11 20:00:00,1781208000,43.36440197,45.9465096,41.3321853,45.22394878,
2026-06-11 20:01:00,1781208060,45.22394878,45.40526232,41.61281106,42.72787607,
2026-06-11 20:02:00,1781208120,42.72787607,43.67751293,39.40861653,40.30915821,
2026-06-11 20:03:00,1781208180,40.30915821,42.59213779,39.58390082,41.13220603,
2026-06-11 20:04:00,1781208240,41.13220603,42.00330228,40.40200353,41.4409654,
2026-06-11 20:05:00,1781208300,41.4409654,41.58391003,39.0783484,39.54609265,
2026-06-11 20:06:00,1781208360,39.54609265,41.28841627,39.51151967,41.26052005,
2026-06-11 20:07:00,1781208420,41.26052005,42.75663073,41.06524326,41.79782505,
2026-06-11 20:08:00,1781208480,41.79782505,43.4008301,41.59659525,42.36939188,
2026-06-11 20:09:00,1781208540,42.36939188,42.38105837,41.57661319,41.93082539,
2026-06-11 20:10:00,1781208600,41.93082539,44.41089588,41.93082539,44.16050013,
2026-06-11 20:11:00,1781208660,44.16050013,44.89008896,42.43845969,42.74250923,
2026-06-11 20:12:00,1781208720,42.74250923,42.90163489,42.24371581,42.63745419,
2026-06-11 20:13:00,1781208780,42.63745419,44.01079305,42.05046252,43.19848595,
2026-06-11 20:14:00,1781208840,43.19848595,43.34525496,41.63488401,41.99381245,
2026-06-11 20:15:00,1781208900,41.99381245,43.11028409,41.50621906,42.89177302,
2026-06-11 20:16:00,1781208960,42.89177302,43.16592817,41.4681676,41.52508063,
2026-06-11 20:17:00,1781209020,41.52508063,41.84252699,40.47594779,40.81286014,
2026-06-11 20:18:00,1781209080,40.81286014,41.61843353,40.29476039,41.39516806,
2026-06-11 20:19:00,1781209140,41.39516806,41.39864025,40.15213347,40.96907315,
2026-06-11 20:20:00,1781209200,40.96907315,40.99890609,40.44147707,40.54973026,
2026-06-11 20:21:00,1781209260,40.54973026,42.67968808,40.185306,42.67968808,
2026-06-11 20:22:00,1781209320,42.67968808,43.48278098,42.61770831,42.80405997,
2026-06-11 20:23:00,1781209380,42.80405997,42.80765599,41.32908393,41.34604722,
2026-06-11 20:24:00,1781209440,41.34604722,42.2824249,41.23700261,42.26947782,
2026-06-11 20:25:00,1781209500,42.26947782,44.50705586,42.26947782,43.76335846,
2026-06-11 20:26:00,1781209560,43.76335846,45.23190182,42.33470575,45.07121926,
2026-06-11 20:27:00,1781209620,45.07121926,46.14571273,43.44319221,46.09379813,
2026-06-11 20:28:00,1781209680,46.09379813,50.76545691,46.09298865,48.12599669,
2026-06-11 20:29:00,1781209740,48.12599669,48.64275374,46.95500306,46.98183619,
2026-06-11 20:30:00,1781209800,46.98183619,48.20308926,46.91512508,47.28759252,
2026-06-11 20:31:00,1781209860,47.28759252,47.84050318,45.70073601,47.53817011,
2026-06-11 20:32:00,1781209920,47.53817011,47.79269797,45.92966737,46.07836441,
2026-06-11 20:33:00,1781209980,46.07836441,46.75695481,44.35288698,45.00624181,
2026-06-11 20:34:00,1781210040,45.00624181,45.65023675,44.09232297,45.04607806,
2026-06-11 20:35:00,1781210100,45.04607806,47.24598158,45.0232209,46.82568931,
2026-06-11 20:36:00,1781210160,46.82568931,47.68326376,46.46250914,47.01534123,
2026-06-11 20:37:00,1781210220,47.01534123,47.50733562,46.42277141,46.42277141,
2026-06-11 20:38:00,1781210280,46.42277141,46.69543571,45.83059939,46.49199424,
2026-06-11 20:39:00,1781210340,46.49199424,47.10464751,45.4685301,45.56015978,
2026-06-11 20:40:00,1781210400,45.56015978,45.8209017,43.13572356,43.64395228,
2026-06-11 20:41:00,1781210460,43.64395228,45.55449752,43.55892089,45.53237958,
2026-06-11 20:42:00,1781210520,45.53237958,46.18627606,45.18278402,45.7127576,
2026-06-11 20:43:00,1781210580,45.7127576,45.7127576,44.81936773,44.9152919,
2026-06-11 20:44:00,1781210640,44.9152919,45.4182119,44.21688561,45.32975193,
2026-06-11 20:45:00,1781210700,45.32975193,46.05975468,43.88804723,43.93859389,
2026-06-11 20:46:00,1781210760,43.93859389,45.31610556,43.93859389,44.97327353,
2026-06-11 20:47:00,1781210820,44.97327353,45.13916607,43.83232696,44.55930608,
2026-06-11 20:48:00,1781210880,44.55930608,45.1908843,44.40666544,44.93708035,
2026-06-11 20:49:00,1781210940,44.93708035,44.95273935,44.3566129,44.8644378,
2026-06-11 20:50:00,1781211000,44.8644378,44.98542299,44.13641462,44.97488675,
2026-06-11 20:51:00,1781211060,44.97488675,44.97488675,42.68310405,42.68310405,
2026-06-11 20:52:00,1781211120,42.68310405,42.83339435,39.06106956,39.06106956,
2026-06-11 20:53:00,1781211180,39.06106956,40.42381466,39.0603488,39.21414012,
2026-06-11 20:54:00,1781211240,39.21414012,39.5887193,38.70376791,38.94621396,
2026-06-11 20:55:00,1781211300,38.94621396,39.76229418,38.9330566,39.49895229,
2026-06-11 20:56:00,1781211360,39.49895229,39.5822506,38.74597403,38.8982123,
2026-06-11 20:57:00,1781211420,38.8982123,39.31173423,38.65073287,38.76516549,
2026-06-11 20:58:00,1781211480,38.76516549,39.98486762,38.29787141,39.38638289,
2026-06-11 20:59:00,1781211540,39.38638289,39.38638289,38.15016748,39.2906964,
2026-06-11 21:00:00,1781211600,39.2906964,39.3108723,37.99014807,38.3197293,
2026-06-11 21:01:00,1781211660,38.3197293,38.3197293,37.19056904,37.56853454,
2026-06-11 21:02:00,1781211720,37.56853454,38.98608747,37.56783024,38.94393383,
2026-06-11 21:03:00,1781211780,38.94393383,39.16627564,38.82855729,38.84212461,
2026-06-11 21:04:00,1781211840,38.84212461,39.01113187,36.66451483,36.8139839,
2026-06-11 21:05:00,1781211900,36.8139839,36.94743982,35.33087389,36.52017093,
2026-06-11 21:06:00,1781211960,36.52017093,37.0775333,36.42696771,37.0775333,
2026-06-11 21:07:00,1781212020,37.0775333,37.07884435,35.97251535,36.97134962,
2026-06-11 21:08:00,1781212080,36.97134962,36.98968509,35.98290745,36.2919272,
2026-06-11 21:09:00,1781212140,36.2919272,36.99229175,36.2912368,36.98971156,
2026-06-11 21:10:00,1781212200,36.98971156,37.01589773,36.84169103,36.99716359,
2026-06-11 21:11:00,1781212260,36.99716359,37.53111321,36.88502282,37.17670307,
2026-06-11 21:12:00,1781212320,37.17670307,37.17995471,36.63765786,36.87378195,
2026-06-11 21:13:00,1781212380,36.87378195,36.87378195,32.43982581,33.27887792,
2026-06-11 21:14:00,1781212440,33.27887792,35.60119575,33.27887792,35.58064344,
2026-06-11 21:15:00,1781212500,35.58064344,36.70332498,35.58064344,36.70332498,
2026-06-11 21:16:00,1781212560,36.70332498,37.86084494,36.45944225,37.42975363,
2026-06-11 21:17:00,1781212620,37.42975363,37.8519775,36.87216512,37.82052587,
2026-06-11 21:18:00,1781212680,37.82052587,38.20806461,37.44967769,37.87155162,
2026-06-11 21:19:00,1781212740,37.87155162,38.01562576,37.19706701,37.53743085,
2026-06-11 21:20:00,1781212800,37.53743085,38.32741263,37.21311814,38.09319222,
2026-06-11 21:21:00,1781212860,38.09319222,38.9114075,37.76882852,37.82636535,
2026-06-11 21:22:00,1781212920,37.82636535,37.84749089,36.86857553,36.90349702,
2026-06-11 21:23:00,1781212980,36.90349702,37.11429709,36.35960527,37.08032391,
2026-06-11 21:24:00,1781213040,37.08032391,38.8244886,37.07961475,38.47890888,
2026-06-11 21:25:00,1781213100,38.47890888,40.18687839,38.47818059,39.50447678,
2026-06-11 21:26:00,1781213160,39.50447678,40.79581683,39.41354533,40.76117583,
2026-06-11 21:27:00,1781213220,40.76117583,41.03662474,40.23391823,40.30114977,
2026-06-11 21:28:00,1781213280,40.30114977,41.2452727,40.18619411,40.48689589,
2026-06-11 21:29:00,1781213340,40.48689589,40.48689589,38.95146721,38.97113599,
2026-06-11 21:30:00,1781213400,38.97113599,38.97113599,37.86664543,37.86664543,
2026-06-11 21:31:00,1781213460,37.86664543,38.35065878,37.6364485,38.02213197,
2026-06-11 21:32:00,1781213520,38.02213197,38.36997835,37.18850968,37.19172189,
2026-06-11 21:33:00,1781213580,37.19172189,37.2699042,36.96118634,37.17738841,
2026-06-11 21:34:00,1781213640,37.17738841,38.47234778,37.17667637,38.45365455,
2026-06-11 21:35:00,1781213700,38.45365455,39.79002886,38.44181375,39.30327401,
2026-06-11 21:36:00,1781213760,39.30327401,39.31562273,38.52921187,38.62571944,
2026-06-11 21:37:00,1781213820,38.62571944,38.95282477,38.43380197,38.9364716,
2026-06-11 21:38:00,1781213880,38.9364716,38.94720255,37.03648046,37.15423012,
2026-06-11 21:39:00,1781213940,37.15423012,37.73731366,36.63456369,36.66481758,
2026-06-11 21:40:00,1781214000,36.66481758,38.76129488,36.17957502,38.68992223,
2026-06-11 21:41:00,1781214060,38.68992223,39.05738585,38.01405925,38.03731988,
2026-06-11 21:42:00,1781214120,38.03731988,38.03731988,36.84427367,37.06503819,
2026-06-11 21:43:00,1781214180,37.06503819,38.55252163,36.99588646,38.43505991,
2026-06-11 21:44:00,1781214240,38.43505991,38.52720967,36.7374189,36.80432045,
2026-06-11 21:45:00,1781214300,36.80432045,37.32740019,36.0693857,36.98330501,
2026-06-11 21:46:00,1781214360,36.98330501,37.23760498,35.92623236,36.6079956,
2026-06-11 21:47:00,1781214420,36.6079956,37.13905579,35.54438128,36.0819894,
2026-06-11 21:48:00,1781214480,36.0819894,36.32280507,35.29093151,35.42446802,
2026-06-11 21:49:00,1781214540,35.42446802,36.26888688,35.00633454,36.07055642,
2026-06-11 21:50:00,1781214600,36.07055642,37.2311968,36.06533447,37.20375804,
2026-06-11 21:51:00,1781214660,37.20375804,37.4780226,35.92015565,35.92015565,
2026-06-11 21:52:00,1781214720,35.92015565,36.33860828,35.13637853,36.04138428,
2026-06-11 21:53:00,1781214780,36.04138428,36.76344734,35.84902062,36.73948011,
2026-06-11 21:54:00,1781214840,36.73948011,38.36897666,36.73948011,37.73554554,
2026-06-11 21:55:00,1781214900,37.73554554,39.51498048,37.730854,39.49322297,
2026-06-11 21:56:00,1781214960,39.49322297,40.3796133,39.10958386,39.90836931,
2026-06-11 21:57:00,1781215020,39.90836931,40.35532466,39.14171681,39.14171681,
2026-06-11 21:58:00,1781215080,39.14171681,39.14171681,37.50613497,37.51332432,
2026-06-11 21:59:00,1781215140,37.51332432,39.09051251,36.93032158,36.93032158,
2026-06-11 22:00:00,1781215200,36.93032158,37.7244744,35.04713916,35.12298757,
2026-06-11 22:01:00,1781215260,35.12298757,36.01658187,34.99378337,34.99378337,
2026-06-11 22:02:00,1781215320,34.99378337,36.99299926,34.48497147,35.58913095,
2026-06-11 22:03:00,1781215380,35.58913095,35.6985947,34.56990425,34.56990425,
2026-06-11 22:04:00,1781215440,34.56990425,35.12929434,32.29680789,34.97235557,
2026-06-11 22:05:00,1781215500,34.97235557,35.29659922,33.65364749,34.39866925,
2026-06-11 22:06:00,1781215560,34.39866925,35.12358484,32.66440318,33.4547623,
2026-06-11 22:07:00,1781215620,33.4547623,33.4547623,31.44170901,31.98653194,
2026-06-11 22:08:00,1781215680,31.98653194,33.06855026,31.75572321,32.35894602,
2026-06-11 22:09:00,1781215740,32.35894602,32.35894602,31.20156776,32.20555324,
2026-06-11 22:10:00,1781215800,32.20555324,33.54940705,32.20555324,32.63970535,
2026-06-11 22:11:00,1781215860,32.63970535,33.18976931,31.51252574,33.11804505,
2026-06-11 22:12:00,1781215920,33.11804505,34.48871332,32.9708059,34.18171469,
2026-06-11 22:13:00,1781215980,34.18171469,34.32633289,32.56285969,32.81984522,
2026-06-11 22:14:00,1781216040,32.81984522,32.90234129,32.05295817,32.50755596,
2026-06-11 22:15:00,1781216100,32.50755596,33.75530534,32.22522771,33.16853713,
2026-06-11 22:16:00,1781216160,33.16853713,33.42855337,30.93988362,32.00375518,
2026-06-11 22:17:00,1781216220,32.00375518,32.25572747,30.57778117,31.801066,
2026-06-11 22:18:00,1781216280,31.801066,32.49303737,31.80041673,32.3339529,
2026-06-11 22:19:00,1781216340,32.3339529,32.59896085,31.95530738,32.198351,
2026-06-11 22:20:00,1781216400,32.198351,33.06882651,32.09770527,32.76241286,
2026-06-11 22:21:00,1781216460,32.76241286,33.47371427,32.70619639,33.37780447,
2026-06-11 22:22:00,1781216520,33.37780447,35.50730153,33.37780447,35.43213145,
2026-06-11 22:23:00,1781216580,35.43213145,35.94111534,34.34771451,34.72827631,
2026-06-11 22:24:00,1781216640,34.72827631,35.25613076,34.27043679,35.16491183,
2026-06-11 22:25:00,1781216700,35.16491183,35.96083541,34.73319043,34.99690499,
2026-06-11 22:26:00,1781216760,34.99690499,35.41416046,34.43170018,34.77906255,
2026-06-11 22:27:00,1781216820,34.77906255,35.03963756,34.41635014,34.70212697,
2026-06-11 22:28:00,1781216880,34.70212697,35.25947706,33.67423864,33.89308315,
2026-06-11 22:29:00,1781216940,33.89308315,33.89308315,32.70814785,33.21991029,
2026-06-11 22:30:00,1781217000,33.21991029,33.94233858,32.95949153,33.03016066,
2026-06-11 22:31:00,1781217060,33.03016066,33.32192052,31.52039135,33.32192052,
2026-06-11 22:32:00,1781217120,33.32192052,34.91252786,33.29264715,34.82803616,
2026-06-11 22:33:00,1781217180,34.82803616,35.28666495,33.68705248,34.20942738,
2026-06-11 22:34:00,1781217240,34.20942738,36.19717101,33.59753949,36.19717101,
2026-06-11 22:35:00,1781217300,36.19717101,37.3355629,34.24587628,34.24587628,
2026-06-11 22:36:00,1781217360,34.24587628,34.31692753,33.08486981,33.50680258,
2026-06-11 22:37:00,1781217420,33.50680258,34.6620863,33.50680258,34.60278935,
2026-06-11 22:38:00,1781217480,34.60278935,35.93286458,34.57084388,35.74902951,
2026-06-11 22:39:00,1781217540,35.74902951,36.49269277,34.64891168,34.69691604,
2026-06-11 22:40:00,1781217600,34.69691604,34.86438115,33.43419739,34.49766466,
2026-06-11 22:41:00,1781217660,34.49766466,35.72492031,34.42287749,35.52928309,
2026-06-11 22:42:00,1781217720,35.52928309,35.90965175,35.23013099,35.90965175,
2026-06-11 22:43:00,1781217780,35.90965175,36.13474861,35.04683059,35.07861571,
2026-06-11 22:44:00,1781217840,35.07861571,35.35518817,34.91289192,35.16374222,
2026-06-11 22:45:00,1781217900,35.16374222,35.29004643,34.02910251,34.4827105,
2026-06-11 22:46:00,1781217960,34.4827105,36.15208246,34.45852699,35.95689167,
2026-06-11 22:47:00,1781218020,35.95689167,36.10581686,35.71837984,35.99396506,
2026-06-11 22:48:00,1781218080,35.99396506,36.32511879,35.37394938,35.4428463,
2026-06-11 22:49:00,1781218140,35.4428463,35.46453188,32.95111722,34.1394048,
2026-06-11 22:50:00,1781218200,34.1394048,34.2635591,33.40154239,33.55236985,
2026-06-11 22:51:00,1781218260,33.55236985,34.05385526,33.15623912,34.04094529,
2026-06-11 22:52:00,1781218320,34.04094529,34.30550708,33.22741264,33.30594219,
2026-06-11 22:53:00,1781218380,33.30594219,34.19226416,33.2931805,33.96107111,
2026-06-11 22:54:00,1781218440,33.96107111,34.09305004,33.15670379,33.17042079,
2026-06-11 22:55:00,1781218500,33.17042079,33.48660894,32.05974889,32.13134757,
2026-06-11 22:56:00,1781218560,32.13134757,33.63678613,31.3886625,33.63245492,
2026-06-11 22:57:00,1781218620,33.63245492,33.64339453,32.6465637,32.72737204,
2026-06-11 22:58:00,1781218680,32.72737204,33.73696662,32.72670004,33.26253761,
2026-06-11 22:59:00,1781218740,33.26253761,35.073478,33.25464268,34.94637868,
2026-06-11 23:00:00,1781218800,34.94637868,37.48317466,34.9223631,37.41449734,
2026-06-11 23:01:00,1781218860,37.41449734,38.14609364,37.27013806,37.46707646,
2026-06-11 23:02:00,1781218920,37.46707646,38.52093274,35.98529517,36.61515928,
2026-06-11 23:03:00,1781218980,36.61515928,40.05009612,36.47615964,38.31445541,
2026-06-11 23:04:00,1781219040,38.31445541,38.66583788,36.66118496,37.10171218,
2026-06-11 23:05:00,1781219100,37.10171218,37.44868667,36.39945647,37.30929735,
2026-06-11 23:06:00,1781219160,37.30929735,37.64266481,37.04285276,37.35960756,
2026-06-11 23:07:00,1781219220,37.35960756,38.07480292,37.24170792,37.92217824,
2026-06-11 23:08:00,1781219280,37.92217824,39.60594412,37.8188547,39.07230541,
2026-06-11 23:09:00,1781219340,39.07230541,39.73531272,38.72717816,38.9706695,
2026-06-11 23:10:00,1781219400,38.9706695,39.14989343,37.69302718,38.02388814,
2026-06-11 23:11:00,1781219460,38.02388814,38.45177565,37.57560792,38.01126774,
2026-06-11 23:12:00,1781219520,38.01126774,38.05967158,35.9007731,35.957611,
2026-06-11 23:13:00,1781219580,35.957611,37.58661573,35.957611,36.85914969,
2026-06-11 23:14:00,1781219640,36.85914969,36.94089875,35.95411651,36.40333155,
2026-06-11 23:15:00,1781219700,36.40333155,37.27481219,35.77913792,35.83676763,
2026-06-11 23:16:00,1781219760,35.83676763,36.75793446,35.13610038,35.6793888,
2026-06-11 23:17:00,1781219820,35.6793888,37.32649633,35.6793888,37.32326266,
2026-06-11 23:18:00,1781219880,37.32326266,37.7601808,36.82463486,37.03451011,
2026-06-11 23:19:00,1781219940,37.03451011,37.09263646,35.47169042,35.68311007,
2026-06-11 23:20:00,1781220000,35.68311007,36.8864965,35.60713453,36.88575977,
2026-06-11 23:21:00,1781220060,36.88575977,37.11774232,36.54740574,37.05536444,
2026-06-11 23:22:00,1781220120,37.05536444,37.05536444,35.24230287,35.34196881,
2026-06-11 23:23:00,1781220180,35.34196881,35.81267763,35.08402404,35.505426,
2026-06-11 23:24:00,1781220240,35.505426,37.24369145,35.49625907,37.07966775,
2026-06-11 23:25:00,1781220300,37.07966775,37.2555945,36.47539553,36.98878748,
2026-06-11 23:26:00,1781220360,36.98878748,37.01613154,35.6306607,35.90008219,
2026-06-11 23:27:00,1781220420,35.90008219,37.55197285,35.45982151,37.54981236,
2026-06-11 23:28:00,1781220480,37.54981236,37.79218568,37.54681971,37.61658433,
2026-06-11 23:29:00,1781220540,37.61658433,37.64120683,36.85812442,37.11611021,
2026-06-11 23:30:00,1781220600,37.11611021,37.13146784,35.696237,36.15780214,
2026-06-11 23:31:00,1781220660,36.15780214,36.53016839,33.39153456,33.65918642,
2026-06-11 23:32:00,1781220720,33.65918642,33.66958036,32.17063977,32.61833103,
2026-06-11 23:33:00,1781220780,32.61833103,33.96489634,31.58028416,31.58028416,
2026-06-11 23:34:00,1781220840,31.58028416,32.63273907,31.57197609,32.11108408,
2026-06-11 23:35:00,1781220900,32.11108408,33.10133863,31.7517495,33.08543518,
2026-06-11 23:36:00,1781220960,33.08543518,33.46214785,32.22024191,32.92845191,
2026-06-11 23:37:00,1781221020,32.92845191,33.40822212,32.46350941,33.32061171,
2026-06-11 23:38:00,1781221080,33.32061171,33.85440425,32.89423926,33.09070921,
2026-06-11 23:39:00,1781221140,33.09070921,33.22185964,31.51496382,31.68651452,
2026-06-11 23:40:00,1781221200,31.68651452,31.70680913,26.3749622,26.83594543,
2026-06-11 23:41:00,1781221260,26.83594543,27.67301382,26.56578652,27.66870917,
2026-06-11 23:42:00,1781221320,27.66870917,28.65188575,27.66561801,28.38387518,
2026-06-11 23:43:00,1781221380,28.38387518,29.90006641,28.35474303,29.45956351,
2026-06-11 23:44:00,1781221440,29.45956351,30.09884219,29.4589274,29.95331443,
2026-06-11 23:45:00,1781221500,29.95331443,29.99253852,29.43580976,29.93790811,
2026-06-11 23:46:00,1781221560,29.93790811,29.96856214,28.92145075,29.32631241,
2026-06-11 23:47:00,1781221620,29.32631241,30.85699841,29.00905756,30.82057341,
2026-06-11 23:48:00,1781221680,30.82057341,31.38267423,30.53571287,31.02776415,
2026-06-11 23:49:00,1781221740,31.02776415,31.20930805,30.44365057,31.12644446,
2026-06-11 23:50:00,1781221800,31.12644446,32.04615342,31.12303976,31.56966683,
2026-06-11 23:51:00,1781221860,31.56966683,32.87926648,31.56554727,32.67075995,
2026-06-11 23:52:00,1781221920,32.67075995,33.84872288,32.44299796,32.44654055,
2026-06-11 23:53:00,1781221980,32.44654055,33.16192352,32.31468365,32.50769346,
2026-06-11 23:54:00,1781222040,32.50769346,32.60336702,29.06755966,29.16304708,
2026-06-11 23:55:00,1781222100,29.16304708,29.85016567,29.05767058,29.6353518,
2026-06-11 23:56:00,1781222160,29.6353518,30.24366461,29.62781277,29.88419726,
2026-06-11 23:57:00,1781222220,29.88419726,30.78438822,29.47914872,29.68073981,
2026-06-11 23:58:00,1781222280,29.68073981,30.36333185,29.39068913,30.05721768,
2026-06-11 23:59:00,1781222340,30.05721768,30.92610327,29.7510665,29.7510665,
2026-06-12 00:00:00,1781222400,29.7510665,32.05400461,29.691904,30.31262138,
2026-06-12 00:01:00,1781222460,30.31262138,30.7982626,29.67300192,30.24807245,
2026-06-12 00:02:00,1781222520,30.24807245,31.64587854,30.02278143,31.28636886,
2026-06-12 00:03:00,1781222580,31.28636886,32.64203855,31.28636886,32.30222219,
2026-06-12 00:04:00,1781222640,32.30222219,32.30928569,30.60393527,30.76400726,
2026-06-12 00:05:00,1781222700,30.76400726,30.86239255,29.59593422,30.2664166,
2026-06-12 00:06:00,1781222760,30.2664166,30.6231976,28.87321869,29.3487979,
2026-06-12 00:07:00,1781222820,29.3487979,29.3487979,24.29492837,24.86044912,
2026-06-12 00:08:00,1781222880,24.86044912,26.0667037,24.64465788,25.88041624,
2026-06-12 00:09:00,1781222940,25.88041624,27.5899651,25.88041624,27.41622452,
2026-06-12 00:10:00,1781223000,27.41622452,27.53934808,26.56860082,27.48445805,
2026-06-12 00:11:00,1781223060,27.48445805,28.8700663,26.79252608,28.64059811,
2026-06-12 00:12:00,1781223120,28.64059811,29.19178416,28.49173663,28.95276738,
2026-06-12 00:13:00,1781223180,28.95276738,29.43520709,28.13162452,28.18336668,
2026-06-12 00:14:00,1781223240,28.18336668,28.19585188,27.15497409,27.24470021,
2026-06-12 00:15:00,1781223300,27.24470021,30.68305273,27.24470021,30.18696443,
2026-06-12 00:16:00,1781223360,30.18696443,31.2936628,29.37989377,30.99127606,
2026-06-12 00:17:00,1781223420,30.99127606,31.25273231,30.49511915,30.78961675,
2026-06-12 00:18:00,1781223480,30.78961675,30.80307643,29.83851946,30.1053775,
2026-06-12 00:19:00,1781223540,30.1053775,30.14300684,29.28143033,29.99072169,
2026-06-12 00:20:00,1781223600,29.99072169,30.85337013,29.99072169,30.34836936,
2026-06-12 00:21:00,1781223660,30.34836936,30.45826981,28.95448887,30.03450244,
2026-06-12 00:22:00,1781223720,30.03450244,31.75021307,29.51273104,31.080772,
2026-06-12 00:23:00,1781223780,31.080772,31.91842913,31.08009777,31.67914155,
2026-06-12 00:24:00,1781223840,31.67914155,32.40498804,31.46193397,32.23300607,
2026-06-12 00:25:00,1781223900,32.23300607,32.26037008,30.78953518,30.84704972,
2026-06-12 00:26:00,1781223960,30.84704972,33.34858465,30.8355823,33.31980359,
2026-06-12 00:27:00,1781224020,33.31980359,34.2315932,31.57181616,31.86731781,
2026-06-12 00:28:00,1781224080,31.86731781,31.90010184,30.47849771,30.61433934,
2026-06-12 00:29:00,1781224140,30.61433934,30.64733239,29.39436685,30.29858573,
2026-06-12 00:30:00,1781224200,30.29858573,31.13259201,29.87647029,30.12937141,
2026-06-12 00:31:00,1781224260,30.12937141,32.32622261,30.12937141,31.45753001,
2026-06-12 00:32:00,1781224320,31.45753001,31.60356947,29.7564726,29.89176693,
2026-06-12 00:33:00,1781224380,29.89176693,29.94295931,28.59287373,28.71573739,
2026-06-12 00:34:00,1781224440,28.71573739,30.49357203,28.03840619,29.73307464,
2026-06-12 00:35:00,1781224500,29.73307464,30.11674491,28.31180076,28.34070234,
2026-06-12 00:36:00,1781224560,28.34070234,29.1262286,27.87862868,28.43062756,
2026-06-12 00:37:00,1781224620,28.43062756,28.49394265,27.7947199,28.07263673,
2026-06-12 00:38:00,1781224680,28.07263673,28.07575119,26.03997875,26.89032193,
2026-06-12 00:39:00,1781224740,26.89032193,28.92354836,26.86659604,28.89164271,
2026-06-12 00:40:00,1781224800,28.89164271,29.72390562,28.35119549,28.49386714,
2026-06-12 00:41:00,1781224860,28.49386714,28.84418591,27.75263731,28.38643531,
2026-06-12 00:42:00,1781224920,28.38643531,28.58902106,27.61481635,28.40552382,
2026-06-12 00:43:00,1781224980,28.40552382,29.34091972,28.19397819,29.29633847,
2026-06-12 00:44:00,1781225040,29.29633847,29.71846164,29.01073871,29.11263,
2026-06-12 00:45:00,1781225100,29.11263,29.46224141,27.73794425,27.80410018,
2026-06-12 00:46:00,1781225160,27.80410018,28.6606453,27.65907265,28.40793113,
2026-06-12 00:47:00,1781225220,28.40793113,28.52941536,27.85152332,27.95250562,
2026-06-12 00:48:00,1781225280,27.95250562,28.19282153,27.65377803,28.11129923,
2026-06-12 00:49:00,1781225340,28.11129923,28.24065082,27.68333767,27.93646278,
2026-06-12 00:50:00,1781225400,27.93646278,28.62248034,27.91358236,28.20360058,
2026-06-12 00:51:00,1781225460,28.20360058,28.206736,26.30111801,26.64315696,
2026-06-12 00:52:00,1781225520,26.64315696,27.22622092,26.59474608,26.86461584,
2026-06-12 00:53:00,1781225580,26.86461584,27.07028776,26.42124502,26.49250917,
2026-06-12 00:54:00,1781225640,26.49250917,26.62843723,25.62176725,25.98438886,
2026-06-12 00:55:00,1781225700,25.98438886,26.40966187,25.71195331,25.89125746,
2026-06-12 00:56:00,1781225760,25.89125746,26.1282499,25.32468208,25.85036282,
2026-06-12 00:57:00,1781225820,25.85036282,27.09212496,25.83750037,26.9434404,
2026-06-12 00:58:00,1781225880,26.9434404,27.84932588,26.59819985,27.77015452,
2026-06-12 00:59:00,1781225940,27.77015452,27.93101773,26.97462646,27.2141534,
2026-06-12 01:00:00,1781226000,27.2141534,30.14912227,26.99951241,29.9867599,
2026-06-12 01:01:00,1781226060,29.9867599,30.91257972,29.70312673,30.90500677,
2026-06-12 01:02:00,1781226120,30.90500677,32.26706426,30.40657306,32.08900107,
2026-06-12 01:03:00,1781226180,32.08900107,32.16381614,29.04791071,29.52371739,
2026-06-12 01:04:00,1781226240,29.52371739,30.27528663,29.18153647,29.64882569,
2026-06-12 01:05:00,1781226300,29.64882569,30.450232,29.27024414,30.43583038,
2026-06-12 01:06:00,1781226360,30.43583038,30.43859087,28.32874356,28.84107006,
2026-06-12 01:07:00,1781226420,28.84107006,29.08649635,28.1166783,28.7803274,
2026-06-12 01:08:00,1781226480,28.7803274,29.27738596,28.42214513,28.61928233,
2026-06-12 01:09:00,1781226540,28.61928233,28.66116275,26.68953234,28.04157017,
2026-06-12 01:10:00,1781226600,28.04157017,28.38285699,27.34214497,27.78615393,
2026-06-12 01:11:00,1781226660,27.78615393,28.87777399,27.20533447,28.60282006,
2026-06-12 01:12:00,1781226720,28.60282006,28.94006304,27.93713848,27.97797681,
2026-06-12 01:13:00,1781226780,27.97797681,28.72047835,27.93721748,28.09041891,
2026-06-12 01:14:00,1781226840,28.09041891,28.38362635,27.48331585,27.80771901,
2026-06-12 01:15:00,1781226900,27.80771901,28.51432216,27.64747786,28.26938163,
2026-06-12 01:16:00,1781226960,28.26938163,28.31469982,25.64802005,25.7466381,
2026-06-12 01:17:00,1781227020,25.7466381,28.50854841,25.74604253,27.72589625,
2026-06-12 01:18:00,1781227080,27.72589625,28.34137405,27.24468465,28.04547991,
2026-06-12 01:19:00,1781227140,28.04547991,29.29321988,28.0357494,29.25276743,
2026-06-12 01:20:00,1781227200,29.25276743,29.84464435,28.7365965,29.17817365,
2026-06-12 01:21:00,1781227260,29.17817365,29.38702358,28.22745998,28.37067068,
2026-06-12 01:22:00,1781227320,28.37067068,30.09549955,28.37003087,30.09549955,
2026-06-12 01:23:00,1781227380,30.09549955,30.51728501,29.38995829,30.4886478,
2026-06-12 01:24:00,1781227440,30.4886478,30.4886478,29.83831921,30.3639524,
2026-06-12 01:25:00,1781227500,30.3639524,30.81863874,29.7471298,30.37702605,
2026-06-12 01:26:00,1781227560,30.37702605,32.35293651,30.37702605,31.8771339,
2026-06-12 01:27:00,1781227620,31.8771339,33.53500723,31.8771339,31.92790472,
2026-06-12 01:28:00,1781227680,31.92790472,33.4980038,31.05193338,31.34263868,
2026-06-12 01:29:00,1781227740,31.34263868,31.3903295,30.28547987,30.7579791,
2026-06-12 01:30:00,1781227800,30.7579791,30.94369732,29.12642482,29.14330222,
2026-06-12 01:31:00,1781227860,29.14330222,30.69935145,29.08532763,30.29410397,
2026-06-12 01:32:00,1781227920,30.29410397,30.39933868,28.77732332,29.16497534,
2026-06-12 01:33:00,1781227980,29.16497534,29.99305431,28.86740025,29.66111875,
2026-06-12 01:34:00,1781228040,29.66111875,30.98486346,29.23332721,30.96994703,
2026-06-12 01:35:00,1781228100,30.96994703,32.950864,30.6028767,32.57048377,
2026-06-12 01:36:00,1781228160,32.57048377,32.84915415,31.82369915,32.79085246,
2026-06-12 01:37:00,1781228220,32.79085246,32.79459363,31.64607273,31.64607273,
2026-06-12 01:38:00,1781228280,31.64607273,31.81130869,31.15385514,31.23769051,
2026-06-12 01:39:00,1781228340,31.23769051,32.14963058,30.36684703,30.60378501,
2026-06-12 01:40:00,1781228400,30.60378501,31.71918192,30.54685793,31.5847514,
2026-06-12 01:41:00,1781228460,31.5847514,31.63113253,30.79239281,31.25923104,
2026-06-12 01:42:00,1781228520,31.25923104,31.32314146,29.89930709,29.89930709,
2026-06-12 01:43:00,1781228580,29.89930709,29.89930709,28.66997642,29.20454859,
2026-06-12 01:44:00,1781228640,29.20454859,30.89193147,29.08115083,30.85006106,
2026-06-12 01:45:00,1781228700,30.85006106,30.86355431,28.15826241,29.27038746,
2026-06-12 01:46:00,1781228760,29.27038746,29.45643396,28.25162294,29.06303065,
2026-06-12 01:47:00,1781228820,29.06303065,29.47078037,28.11945298,29.31270627,
2026-06-12 01:48:00,1781228880,29.31270627,29.77527573,28.38041176,28.56337842,
2026-06-12 01:49:00,1781228940,28.56337842,28.71468997,27.64524234,28.05428428,
2026-06-12 01:50:00,1781229000,28.05428428,29.43528681,28.04275066,29.25884738,
2026-06-12 01:51:00,1781229060,29.25884738,29.77842562,28.45555291,28.96399802,
2026-06-12 01:52:00,1781229120,28.96399802,29.54014562,28.82065495,29.23607541,
2026-06-12 01:53:00,1781229180,29.23607541,29.77548337,29.21184888,29.36440237,
2026-06-12 01:54:00,1781229240,29.36440237,29.62748593,28.04804461,28.20839907,
2026-06-12 01:55:00,1781229300,28.20839907,30.2218582,28.20710322,29.91462111,
2026-06-12 01:56:00,1781229360,29.91462111,30.82523172,29.73174959,30.82523172,
2026-06-12 01:57:00,1781229420,30.82523172,31.36230493,30.46750613,30.7548517,
2026-06-12 01:58:00,1781229480,30.7548517,30.75836276,29.64372927,29.66689566,
2026-06-12 01:59:00,1781229540,29.66689566,29.98790847,29.27246069,29.28863378,
2026-06-12 02:00:00,1781229600,29.28863378,29.32571231,28.43069237,28.97910052,
2026-06-12 02:01:00,1781229660,28.97910052,29.08551493,27.94403653,27.97574637,
2026-06-12 02:02:00,1781229720,27.97574637,28.43711966,27.33841356,27.34157826,
2026-06-12 02:03:00,1781229780,27.34157826,28.65934004,27.32448573,28.64551598,
2026-06-12 02:04:00,1781229840,28.64551598,28.79294402,28.05802695,28.59928158,
2026-06-12 02:05:00,1781229900,28.59928158,28.98379324,27.85425896,27.85425896,
2026-06-12 02:06:00,1781229960,27.85425896,27.90753041,27.33572502,27.35465353,
2026-06-12 02:07:00,1781230020,27.35465353,27.36412216,25.9614937,26.14511807,
2026-06-12 02:08:00,1781230080,26.14511807,27.2155987,26.14511807,26.8642103,
2026-06-12 02:09:00,1781230140,26.8642103,27.06801626,23.32546215,23.4803095,
2026-06-12 02:10:00,1781230200,23.4803095,23.50232151,19.75308589,21.66365994,
2026-06-12 02:11:00,1781230260,21.66365994,24.29158945,21.50120079,23.93643297,
2026-06-12 02:12:00,1781230320,23.93643297,24.5792912,23.67779813,23.95671279,
2026-06-12 02:13:00,1781230380,23.95671279,24.67476496,22.9761776,24.33450697,
2026-06-12 02:14:00,1781230440,24.33450697,24.91807311,24.29827521,24.66264913,
2026-06-12 02:15:00,1781230500,24.66264913,24.81822488,23.75960662,24.8096429,
2026-06-12 02:16:00,1781230560,24.8096429,25.96324133,24.76784061,25.33290568,
2026-06-12 02:17:00,1781230620,25.33290568,26.22989375,25.33290568,26.03778056,
2026-06-12 02:18:00,1781230680,26.03778056,26.77806545,26.03240659,26.05243958,
2026-06-12 02:19:00,1781230740,26.05243958,26.0677089,24.74170021,24.78834877,
2026-06-12 02:20:00,1781230800,24.78834877,25.53767568,24.52084732,24.76191683,
2026-06-12 02:21:00,1781230860,24.76191683,25.80998243,24.76191683,25.37184161,
2026-06-12 02:22:00,1781230920,25.37184161,25.37184161,23.87205584,24.60067514,
2026-06-12 02:23:00,1781230980,24.60067514,24.85709654,23.92710124,24.38133264,
2026-06-12 02:24:00,1781231040,24.38133264,24.38133264,23.17142312,24.03521056,
2026-06-12 02:25:00,1781231100,24.03521056,25.59167223,24.03521056,25.33423802,
2026-06-12 02:26:00,1781231160,25.33423802,25.65072979,24.83714547,25.61146534,
2026-06-12 02:27:00,1781231220,25.61146534,26.31988102,25.60849452,25.985399,
2026-06-12 02:28:00,1781231280,25.985399,27.08637024,25.85889975,26.50157179,
2026-06-12 02:29:00,1781231340,26.50157179,26.94421096,25.9871832,26.00225963,
2026-06-12 02:30:00,1781231400,26.00225963,26.18951831,25.07733803,25.26642946,
2026-06-12 02:31:00,1781231460,25.26642946,25.41824887,24.70081624,25.34261704,
2026-06-12 02:32:00,1781231520,25.34261704,25.98880315,25.05287614,25.63799398,
2026-06-12 02:33:00,1781231580,25.63799398,26.74206214,25.11720351,26.66516367,
2026-06-12 02:34:00,1781231640,26.66516367,28.48939477,26.56924699,27.8736854,
2026-06-12 02:35:00,1781231700,27.8736854,27.98839748,26.82451796,27.30379681,
2026-06-12 02:36:00,1781231760,27.30379681,27.4848015,25.4485563,25.4485563,
2026-06-12 02:37:00,1781231820,25.4485563,25.46548053,24.61068988,24.82143016,
2026-06-12 02:38:00,1781231880,24.82143016,25.31363737,24.25874854,24.96748535,
2026-06-12 02:39:00,1781231940,24.96748535,25.50037512,24.18138854,24.18138854,
2026-06-12 02:40:00,1781232000,24.18138854,24.75202011,23.01006184,24.22278938,
2026-06-12 02:41:00,1781232060,24.22278938,25.21342871,24.11857319,25.17481982,
2026-06-12 02:42:00,1781232120,25.17481982,25.44668376,24.81016123,24.9395374,
2026-06-12 02:43:00,1781232180,24.9395374,25.13421669,24.80309547,24.87269722,
2026-06-12 02:44:00,1781232240,24.87269722,24.88697369,23.21357021,23.28908887,
2026-06-12 02:45:00,1781232300,23.28908887,24.66881826,23.18000479,24.60142582,
2026-06-12 02:46:00,1781232360,24.60142582,24.9390711,24.34757733,24.36634485,
2026-06-12 02:47:00,1781232420,24.36634485,24.36634485,23.37572625,24.07141833,
2026-06-12 02:48:00,1781232480,24.07141833,24.80593998,23.72840502,24.40511896,
2026-06-12 02:49:00,1781232540,24.40511896,24.68207965,24.01466335,24.03458506,
2026-06-12 02:50:00,1781232600,24.03458506,24.89592537,23.86060434,24.63040272,
2026-06-12 02:51:00,1781232660,24.63040272,25.14215186,24.02904589,24.77570176,
2026-06-12 02:52:00,1781232720,24.77570176,24.86503861,24.15405416,24.15405416,
2026-06-12 02:53:00,1781232780,24.15405416,24.67061257,24.05758562,24.28551143,
2026-06-12 02:54:00,1781232840,24.28551143,24.28716518,23.64114605,23.80238086,
2026-06-12 02:55:00,1781232900,23.80238086,24.50910632,23.7961794,24.18931741,
2026-06-12 02:56:00,1781232960,24.18931741,24.22451117,23.92664712,24.08824612,
2026-06-12 02:57:00,1781233020,24.08824612,24.52998548,24.06178408,24.30432446,
2026-06-12 02:58:00,1781233080,24.30432446,25.04512335,23.88135632,23.91827642,
2026-06-12 02:59:00,1781233140,23.91827642,23.94968161,22.34140761,22.62645843,
2026-06-12 03:00:00,1781233200,22.62645843,22.63396702,21.90552489,21.99628691,
2026-06-12 03:01:00,1781233260,21.99628691,22.74859308,21.48171321,22.66936766,
2026-06-12 03:02:00,1781233320,22.66936766,23.5323617,22.54652691,23.31972202,
2026-06-12 03:03:00,1781233380,23.31972202,23.54098204,22.58896637,23.41337534,
2026-06-12 03:04:00,1781233440,23.41337534,23.54221323,22.89881685,23.40222805,
2026-06-12 03:05:00,1781233500,23.40222805,24.07239444,23.40222805,23.98907518,
2026-06-12 03:06:00,1781233560,23.98907518,23.99760419,23.30193718,23.46809032,
2026-06-12 03:07:00,1781233620,23.46809032,23.55232394,22.72463036,23.30039532,
2026-06-12 03:08:00,1781233680,23.30039532,23.93086451,23.21183217,23.73619974,
2026-06-12 03:09:00,1781233740,23.73619974,24.08788818,22.86605198,23.00214676,
2026-06-12 03:10:00,1781233800,23.00214676,23.53408457,22.99882793,23.1680284,
2026-06-12 03:11:00,1781233860,23.1680284,23.49341828,22.85253232,23.19203059,
2026-06-12 03:12:00,1781233920,23.19203059,23.97437609,22.97216005,23.59240098,
2026-06-12 03:13:00,1781233980,23.59240098,25.16464583,23.58500797,24.96236252,
2026-06-12 03:14:00,1781234040,24.96236252,25.01644491,24.50026467,24.73785753,
2026-06-12 03:15:00,1781234100,24.73785753,25.10871106,24.48785649,24.81869796,
2026-06-12 03:16:00,1781234160,24.81869796,25.44316354,24.52830537,24.75100715,
2026-06-12 03:17:00,1781234220,24.75100715,25.44607303,24.5931604,25.17684916,
2026-06-12 03:18:00,1781234280,25.17684916,25.45184759,24.66620704,24.80229193,
2026-06-12 03:19:00,1781234340,24.80229193,25.29743619,24.80229193,25.19133768,
2026-06-12 03:20:00,1781234400,25.19133768,26.24665495,25.04509686,25.94738515,
2026-06-12 03:21:00,1781234460,25.94738515,26.68121,25.40241214,26.29075706,
2026-06-12 03:22:00,1781234520,26.29075706,26.62558507,25.42080651,26.62558507,
2026-06-12 03:23:00,1781234580,26.62558507,27.1299275,26.31342456,26.34907173,
2026-06-12 03:24:00,1781234640,26.34907173,26.49907224,25.57054074,25.85285683,
2026-06-12 03:25:00,1781234700,25.85285683,28.02154995,25.85285683,26.85238385,
2026-06-12 03:26:00,1781234760,26.85238385,26.85238385,25.32113425,25.33267129,
2026-06-12 03:27:00,1781234820,25.33267129,25.9620046,25.07046986,25.39892322,
2026-06-12 03:28:00,1781234880,25.39892322,25.39892322,23.91433682,23.92303535,
2026-06-12 03:29:00,1781234940,23.92303535,24.37861133,23.76604798,24.09892373,
2026-06-12 03:30:00,1781235000,24.09892373,24.13929166,22.91432552,23.98168377,
2026-06-12 03:31:00,1781235060,23.98168377,24.04433855,22.06196996,22.9235928,
2026-06-12 03:32:00,1781235120,22.9235928,24.25036291,22.9235928,23.53945092,
2026-06-12 03:33:00,1781235180,23.53945092,23.84082142,22.83773411,23.10840971,
2026-06-12 03:34:00,1781235240,23.10840971,23.45849906,22.01673178,22.07842637,
2026-06-12 03:35:00,1781235300,22.07842637,23.3345011,21.53489978,23.06366934,
2026-06-12 03:36:00,1781235360,23.06366934,23.62365158,22.9232478,23.50863672,
2026-06-12 03:37:00,1781235420,23.50863672,23.50863672,22.71958405,22.7496929,
2026-06-12 03:38:00,1781235480,22.7496929,23.63858199,22.74692125,23.29795414,
2026-06-12 03:39:00,1781235540,23.29795414,23.86159567,23.28605635,23.85293635,
2026-06-12 03:40:00,1781235600,23.85293635,24.13257179,23.34613194,23.68314431,
2026-06-12 03:41:00,1781235660,23.68314431,24.12172864,22.81783827,23.39799253,
2026-06-12 03:42:00,1781235720,23.39799253,24.36829906,23.16971974,23.97309692,
2026-06-12 03:43:00,1781235780,23.97309692,24.25356086,23.71896102,23.89087029,
2026-06-12 03:44:00,1781235840,23.89087029,23.91343225,23.1290352,23.22424492,
2026-06-12 03:45:00,1781235900,23.22424492,23.76780235,22.65206676,23.52949285,
2026-06-12 03:46:00,1781235960,23.52949285,23.77656434,22.58740568,22.59510404,
2026-06-12 03:47:00,1781236020,22.59510404,22.68180474,22.06233602,22.51797458,
2026-06-12 03:48:00,1781236080,22.51797458,22.99699612,21.77095622,22.71254791,
2026-06-12 03:49:00,1781236140,22.71254791,24.25429928,22.41366221,24.0799299,
2026-06-12 03:50:00,1781236200,24.0799299,24.0799299,23.01091104,23.16782974,
2026-06-12 03:51:00,1781236260,23.16782974,23.16782974,22.47789943,22.93759628,
2026-06-12 03:52:00,1781236320,22.93759628,23.12362516,22.53907353,23.03647469,
2026-06-12 03:53:00,1781236380,23.03647469,23.16331251,22.64935438,22.78776396,
2026-06-12 03:54:00,1781236440,22.78776396,23.27810637,22.48094971,23.16316591,
2026-06-12 03:55:00,1781236500,23.16316591,23.20328231,22.54270406,23.06080949,
2026-06-12 03:56:00,1781236560,23.06080949,23.33239939,22.95466895,22.95466895,
2026-06-12 03:57:00,1781236620,22.95466895,23.17012255,22.42132447,23.05219357,
2026-06-12 03:58:00,1781236680,23.05219357,23.28232643,23.03709418,23.05235439,
2026-06-12 03:59:00,1781236740,23.05235439,23.05235439,22.14737729,22.14737729,
2026-06-12 04:00:00,1781236800,22.14737729,22.22820451,21.88840071,22.13521546,
2026-06-12 04:01:00,1781236860,22.13521546,23.35287028,22.11455975,22.45421319,
2026-06-12 04:02:00,1781236920,22.45421319,23.09214907,22.45421319,22.86098058,
2026-06-12 04:03:00,1781236980,22.86098058,22.90496385,21.8275301,22.4037671,
2026-06-12 04:04:00,1781237040,22.4037671,23.354247,22.02993838,22.03532857,
2026-06-12 04:05:00,1781237100,22.03532857,22.7057513,21.86288966,22.66726915,
2026-06-12 04:06:00,1781237160,22.66726915,24.00604489,22.63295975,23.97319283,
2026-06-12 04:07:00,1781237220,23.97319283,24.65551875,23.83453039,23.86804504,
2026-06-12 04:08:00,1781237280,23.86804504,23.86804504,21.66535719,21.95035297,
2026-06-12 04:09:00,1781237340,21.95035297,22.70299283,21.84826316,22.30910332,
2026-06-12 04:10:00,1781237400,22.30910332,22.3120821,21.69060862,21.77526908,
2026-06-12 04:11:00,1781237460,21.77526908,21.79896707,20.21550826,21.0925735,
2026-06-12 04:12:00,1781237520,21.0925735,21.92009121,21.0925735,21.6191858,
2026-06-12 04:13:00,1781237580,21.6191858,22.94684428,21.53707632,22.36710016,
2026-06-12 04:14:00,1781237640,22.36710016,22.57800531,21.52186846,21.88733241,
2026-06-12 04:15:00,1781237700,21.88733241,21.88733241,20.16211151,20.44664405,
2026-06-12 04:16:00,1781237760,20.44664405,20.65013262,17.20088192,17.65319882,
2026-06-12 04:17:00,1781237820,17.65319882,18.53039967,16.60529235,18.3136183,
2026-06-12 04:18:00,1781237880,18.3136183,18.6160974,17.54481362,18.4966677,
2026-06-12 04:19:00,1781237940,18.4966677,18.62120536,17.81438859,17.89138927,
2026-06-12 04:20:00,1781238000,17.89138927,18.5007018,17.89089392,18.13365794,
2026-06-12 04:21:00,1781238060,18.13365794,18.20880187,17.69877704,17.73618265,
2026-06-12 04:22:00,1781238120,17.73618265,18.23155242,16.88437281,16.90926086,
2026-06-12 04:23:00,1781238180,16.90926086,17.10576311,15.74381496,16.7254296,
2026-06-12 04:24:00,1781238240,16.7254296,16.99305957,16.23992958,16.4357854,
2026-06-12 04:25:00,1781238300,16.4357854,16.76127309,16.4357854,16.63805988,
2026-06-12 04:26:00,1781238360,16.63805988,16.81757763,15.20399428,15.2074395,
2026-06-12 04:27:00,1781238420,15.2074395,15.77388586,14.97779562,15.55444218,
2026-06-12 04:28:00,1781238480,15.55444218,15.69674282,14.94466704,15.16369281,
2026-06-12 04:29:00,1781238540,15.16369281,15.39898384,14.77608435,15.0018426,
2026-06-12 04:30:00,1781238600,15.0018426,15.74520787,15.0018426,15.02137715,
2026-06-12 04:31:00,1781238660,15.02137715,15.02137715,13.65757,14.90862493,
2026-06-12 04:32:00,1781238720,14.90862493,16.06340917,14.60124097,15.71869746,
2026-06-12 04:33:00,1781238780,15.71869746,16.15417532,14.79797009,16.15417532,
2026-06-12 04:34:00,1781238840,16.15417532,17.05193474,16.0805928,16.364263,
2026-06-12 04:35:00,1781238900,16.364263,16.45352576,16.04569929,16.2474691,
2026-06-12 04:36:00,1781238960,16.2474691,16.32473256,15.82652084,16.29268097,
2026-06-12 04:37:00,1781239020,16.29268097,16.31710605,15.85332116,15.97113038,
2026-06-12 04:38:00,1781239080,15.97113038,16.83454284,15.95436485,16.72307687,
2026-06-12 04:39:00,1781239140,16.72307687,16.94963269,16.01854512,16.42274298,
2026-06-12 04:40:00,1781239200,16.42274298,16.65542933,16.14988719,16.15148185,
2026-06-12 04:41:00,1781239260,16.15148185,16.97252487,16.1489605,16.87289885,
2026-06-12 04:42:00,1781239320,16.87289885,17.41454783,16.81868082,16.96020803,
2026-06-12 04:43:00,1781239380,16.96020803,16.97973189,16.36026421,16.72635149,
2026-06-12 04:44:00,1781239440,16.72635149,16.72635149,16.080365,16.080365,
2026-06-12 04:45:00,1781239500,16.080365,16.25295866,15.45261939,16.08002195,
2026-06-12 04:46:00,1781239560,16.08002195,16.30197502,15.65629727,16.04950395,
2026-06-12 04:47:00,1781239620,16.04950395,16.58586008,16.01539704,16.21631431,
2026-06-12 04:48:00,1781239680,16.21631431,16.27497873,15.85890428,15.87109771,
2026-06-12 04:49:00,1781239740,15.87109771,16.22993939,15.85844566,16.03358728,
2026-06-12 04:50:00,1781239800,16.03358728,16.2595102,15.65875269,16.19840248,
2026-06-12 04:51:00,1781239860,16.19840248,16.2907787,15.62736451,15.66621684,
2026-06-12 04:52:00,1781239920,15.66621684,16.00567402,15.65572744,15.99037531,
2026-06-12 04:53:00,1781239980,15.99037531,16.42869843,15.84684726,16.25117908,
2026-06-12 04:54:00,1781240040,16.25117908,16.25345431,15.96312296,16.16137606,
2026-06-12 04:55:00,1781240100,16.16137606,16.67572735,15.80872001,16.66695767,
2026-06-12 04:56:00,1781240160,16.66695767,16.90822464,16.27955802,16.27955802,
2026-06-12 04:57:00,1781240220,16.27955802,16.28116498,15.71845327,15.99287742,
2026-06-12 04:58:00,1781240280,15.99287742,16.37792446,15.99287742,16.37792446,
2026-06-12 04:59:00,1781240340,16.37792446,17.04188801,16.37745202,16.7874427,
2026-06-12 05:00:00,1781240400,16.7874427,17.02773106,16.21999234,16.90017052,
2026-06-12 05:01:00,1781240460,16.90017052,18.10686617,16.897543,17.24194103,
2026-06-12 05:02:00,1781240520,17.24194103,18.63802481,17.24144895,18.42709532,
2026-06-12 05:03:00,1781240580,18.42709532,18.63854124,17.90298859,17.92630267,
2026-06-12 05:04:00,1781240640,17.92630267,18.47595348,17.61644134,18.24931574,
2026-06-12 05:05:00,1781240700,18.24931574,18.24931574,17.75402294,18.07307774,
2026-06-12 05:06:00,1781240760,18.07307774,18.21793574,17.57624135,17.65019817,
2026-06-12 05:07:00,1781240820,17.65019817,18.08779474,17.29265164,18.08093371,
2026-06-12 05:08:00,1781240880,18.08093371,19.423237,18.07178928,19.0051685,
2026-06-12 05:09:00,1781240940,19.0051685,19.29305157,18.68493571,18.85840803,
2026-06-12 05:10:00,1781241000,18.85840803,20.03878925,18.85840803,19.62614668,
2026-06-12 05:11:00,1781241060,19.62614668,22.92135626,19.59674836,22.92135626,
2026-06-12 05:12:00,1781241120,22.92135626,24.33448279,22.79308042,23.55075565,
2026-06-12 05:13:00,1781241180,23.55075565,25.00212807,23.55075565,24.95254145,
2026-06-12 05:14:00,1781241240,24.95254145,24.95586707,23.79044835,24.56143295,
2026-06-12 05:15:00,1781241300,24.56143295,24.61901251,23.22555497,23.30309402,
2026-06-12 05:16:00,1781241360,23.30309402,23.32574029,22.34138988,22.53630635,
2026-06-12 05:17:00,1781241420,22.53630635,22.7483679,21.87142266,21.92722491,
2026-06-12 05:18:00,1781241480,21.92722491,22.13560728,21.53355893,21.68348295,
2026-06-12 05:19:00,1781241540,21.68348295,21.97192476,21.50352646,21.90597027,
2026-06-12 05:20:00,1781241600,21.90597027,22.52753076,21.69320653,22.15479428,
2026-06-12 05:21:00,1781241660,22.15479428,22.69228948,22.1318461,22.1354783,
2026-06-12 05:22:00,1781241720,22.1354783,22.85334384,21.68195287,22.78190683,
2026-06-12 05:23:00,1781241780,22.78190683,22.80694238,21.88858572,22.60873233,
2026-06-12 05:24:00,1781241840,22.60873233,23.34487855,22.21081512,22.23813068,
2026-06-12 05:25:00,1781241900,22.23813068,22.34269687,21.75958688,21.77301079,
2026-06-12 05:26:00,1781241960,21.77301079,22.10693989,21.54066892,22.02823682,
2026-06-12 05:27:00,1781242020,22.02823682,22.36141611,21.51347676,22.15537565,
2026-06-12 05:28:00,1781242080,22.15537565,22.32934675,21.69197612,21.94554457,
2026-06-12 05:29:00,1781242140,21.94554457,22.04533863,21.47566778,21.68924673,
2026-06-12 05:30:00,1781242200,21.68924673,22.15307688,21.32073247,21.34072491,
2026-06-12 05:31:00,1781242260,21.34072491,21.88342439,20.95972478,21.04986003,
2026-06-12 05:32:00,1781242320,21.04986003,22.57572785,20.98915367,22.54458361,
2026-06-12 05:33:00,1781242380,22.54458361,23.34489067,21.932772,22.71539484,
2026-06-12 05:34:00,1781242440,22.71539484,22.81844999,22.08311596,22.2239257,
2026-06-12 05:35:00,1781242500,22.2239257,22.77521073,21.70159221,22.1294864,
2026-06-12 05:36:00,1781242560,22.1294864,23.57183594,21.97428488,23.35148353,
2026-06-12 05:37:00,1781242620,23.35148353,24.44531619,22.82275471,23.87100044,
2026-06-12 05:38:00,1781242680,23.87100044,24.34672535,23.28953648,24.18363482,
2026-06-12 05:39:00,1781242740,24.18363482,25.29154624,23.66061768,23.66061768,
2026-06-12 05:40:00,1781242800,23.66061768,24.36296048,23.4092781,24.03081289,
2026-06-12 05:41:00,1781242860,24.03081289,24.56895676,23.39552286,23.46424832,
2026-06-12 05:42:00,1781242920,23.46424832,23.76585771,23.05716675,23.11751904,
2026-06-12 05:43:00,1781242980,23.11751904,23.65175821,22.55284939,23.56811261,
2026-06-12 05:44:00,1781243040,23.56811261,23.68777881,22.93268488,22.93268488,
2026-06-12 05:45:00,1781243100,22.93268488,22.93268488,22.40574629,22.49466277,
2026-06-12 05:46:00,1781243160,22.49466277,23.55655984,22.49344026,23.32579543,
2026-06-12 05:47:00,1781243220,23.32579543,24.06712585,23.03702898,23.35635546,
2026-06-12 05:48:00,1781243280,23.35635546,23.86373518,23.31902102,23.46353162,
2026-06-12 05:49:00,1781243340,23.46353162,23.70878495,22.26949156,22.28515432,
2026-06-12 05:50:00,1781243400,22.28515432,25.07182509,22.22844783,25.07182509,
2026-06-12 05:51:00,1781243460,25.07182509,25.08970784,23.41545204,23.51441815,
2026-06-12 05:52:00,1781243520,23.51441815,24.8598448,22.85150687,24.85124431,
2026-06-12 05:53:00,1781243580,24.85124431,25.0153246,23.70155789,23.83446511,
2026-06-12 05:54:00,1781243640,23.83446511,23.83446511,22.95769859,23.15837971,
2026-06-12 05:55:00,1781243700,23.15837971,23.30089555,22.67670714,22.69801223,
2026-06-12 05:56:00,1781243760,22.69801223,23.21654569,22.37530853,22.94254745,
2026-06-12 05:57:00,1781243820,22.94254745,23.15872356,22.2107784,22.33389315,
2026-06-12 05:58:00,1781243880,22.33389315,22.92192597,22.23362579,22.91337998,
2026-06-12 05:59:00,1781243940,22.91337998,24.11681569,22.91337998,23.93032104,
2026-06-12 06:00:00,1781244000,23.93032104,24.6991421,22.91210031,23.02988671,
2026-06-12 06:01:00,1781244060,23.02988671,23.93227455,22.66900455,23.42148441,
2026-06-12 06:02:00,1781244120,23.42148441,23.72038569,22.28255978,22.43752805,
2026-06-12 06:03:00,1781244180,22.43752805,23.2663465,22.14271032,22.15101256,
2026-06-12 06:04:00,1781244240,22.15101256,22.82442755,21.97384802,22.31185246,
2026-06-12 06:05:00,1781244300,22.31185246,22.68150491,21.91748128,22.34161687,
2026-06-12 06:06:00,1781244360,22.34161687,22.73816424,22.02229481,22.56137144,
2026-06-12 06:07:00,1781244420,22.56137144,23.5694467,22.45580403,23.32380812,
2026-06-12 06:08:00,1781244480,23.32380812,24.02602823,22.42655006,23.04490604,
2026-06-12 06:09:00,1781244540,23.04490604,24.99033425,22.85597459,24.64880378,
2026-06-12 06:10:00,1781244600,24.64880378,26.05095098,24.14567779,24.14567779,
2026-06-12 06:11:00,1781244660,24.14567779,24.70468426,23.50196126,24.21363649,
2026-06-12 06:12:00,1781244720,24.21363649,25.46026679,24.18286931,24.99685247,
2026-06-12 06:13:00,1781244780,24.99685247,25.34582259,24.63198796,25.21135056,
2026-06-12 06:14:00,1781244840,25.21135056,25.73882772,24.8384182,24.95353055,
2026-06-12 06:15:00,1781244900,24.95353055,27.82219122,24.88212025,27.74763965,
2026-06-12 06:16:00,1781244960,27.74763965,29.77551635,27.7239558,29.38118426,
2026-06-12 06:17:00,1781245020,29.38118426,29.60184672,28.55071068,29.2022593,
2026-06-12 06:18:00,1781245080,29.2022593,29.20936115,27.46256835,27.61976945,
2026-06-12 06:19:00,1781245140,27.61976945,29.25661822,27.56176322,28.95451062,
2026-06-12 06:20:00,1781245200,28.95451062,29.19849123,28.20405291,28.77796906,
2026-06-12 06:21:00,1781245260,28.77796906,31.10972787,28.40393958,28.51465092,
2026-06-12 06:22:00,1781245320,28.51465092,29.31839898,28.21047148,28.25513856,
2026-06-12 06:23:00,1781245380,28.25513856,28.25786911,27.3948723,27.5189161,
2026-06-12 06:24:00,1781245440,27.5189161,27.53852219,26.31168875,26.90383565,
2026-06-12 06:25:00,1781245500,26.90383565,27.6496823,26.5650176,27.45215616,
2026-06-12 06:26:00,1781245560,27.45215616,28.68810301,27.02348236,27.28429718,
2026-06-12 06:27:00,1781245620,27.28429718,28.06970289,26.9770994,27.78227187,
2026-06-12 06:28:00,1781245680,27.78227187,27.94095066,27.29232233,27.68294982,
2026-06-12 06:29:00,1781245740,27.68294982,28.15723781,27.65962131,28.05525738,
2026-06-12 06:30:00,1781245800,28.05525738,30.2754143,28.05525738,29.54688217,
2026-06-12 06:31:00,1781245860,29.54688217,31.85331863,29.54688217,31.60236222,
2026-06-12 06:32:00,1781245920,31.60236222,31.81653224,30.04208045,30.28198814,
2026-06-12 06:33:00,1781245980,30.28198814,38.13116601,30.24656446,37.80691684,
2026-06-12 06:34:00,1781246040,37.80691684,38.49362681,33.79686499,34.95561245,
2026-06-12 06:35:00,1781246100,34.95561245,34.97254493,33.00601082,34.2377226,
2026-06-12 06:36:00,1781246160,34.2377226,35.92911557,33.68008252,35.05635366,
2026-06-12 06:37:00,1781246220,35.05635366,36.74430106,34.3839267,36.55777119,
2026-06-12 06:38:00,1781246280,36.55777119,38.3904835,36.42729554,37.64242059,
2026-06-12 06:39:00,1781246340,37.64242059,37.6460556,32.39082334,32.50666535,
2026-06-12 06:40:00,1781246400,32.50666535,33.73274543,31.88316476,32.48839405,
2026-06-12 06:41:00,1781246460,32.48839405,35.02787306,32.47959253,33.25669105,
2026-06-12 06:42:00,1781246520,33.25669105,34.17952624,32.72839501,33.55363601,
2026-06-12 06:43:00,1781246580,33.55363601,33.93612179,32.43087935,33.64516007,
2026-06-12 06:44:00,1781246640,33.64516007,34.15628161,32.87646075,33.68291859,
2026-06-12 06:45:00,1781246700,33.68291859,34.10048435,31.2154247,31.49722156,
2026-06-12 06:46:00,1781246760,31.49722156,31.96514425,30.89061601,31.20380594,
2026-06-12 06:47:00,1781246820,31.20380594,31.25298824,30.39542158,30.50628935,
2026-06-12 06:48:00,1781246880,30.50628935,32.00961589,30.50628935,31.10663399,
2026-06-12 06:49:00,1781246940,31.10663399,33.00144894,31.10425909,32.03486713,
2026-06-12 06:50:00,1781247000,32.03486713,33.10876101,31.21174838,33.04201014,
2026-06-12 06:51:00,1781247060,33.04201014,33.79210989,32.12762649,32.8162526,
2026-06-12 06:52:00,1781247120,32.8162526,33.01061735,31.38014038,31.95726626,
2026-06-12 06:53:00,1781247180,31.95726626,32.64990755,31.42332355,32.63385283,
2026-06-12 06:54:00,1781247240,32.63385283,32.77360135,31.82818221,32.00466153,
2026-06-12 06:55:00,1781247300,32.00466153,32.43576021,31.86413073,32.41856821,
2026-06-12 06:56:00,1781247360,32.41856821,32.66090314,31.01213543,31.10697797,
2026-06-12 06:57:00,1781247420,31.10697797,31.11083882,30.16743199,30.16743199,
2026-06-12 06:58:00,1781247480,30.16743199,30.38559301,29.0468628,30.0365548,
2026-06-12 06:59:00,1781247540,30.0365548,31.04431624,29.96816322,30.58335205,
2026-06-12 07:00:00,1781247600,30.58335205,30.6652531,27.88242733,28.2902121,
2026-06-12 07:01:00,1781247660,28.2902121,28.46846234,26.9122255,27.52732336,
2026-06-12 07:02:00,1781247720,27.52732336,27.52732336,26.33403771,26.77209532,
2026-06-12 07:03:00,1781247780,26.77209532,27.32117063,26.41646927,26.41983195,
2026-06-12 07:04:00,1781247840,26.41983195,26.47216679,25.25434218,25.49561867,
2026-06-12 07:05:00,1781247900,25.49561867,25.72252845,25.15320167,25.36317234,
2026-06-12 07:06:00,1781247960,25.36317234,25.90867053,25.19169008,25.65754058,
2026-06-12 07:07:00,1781248020,25.65754058,27.75577023,25.65754058,27.01135117,
2026-06-12 07:08:00,1781248080,27.01135117,27.02383423,25.4601264,25.48159442,
2026-06-12 07:09:00,1781248140,25.48159442,25.94304906,25.38015122,25.91900223,
2026-06-12 07:10:00,1781248200,25.91900223,26.35245714,25.63975102,25.80023894,
2026-06-12 07:11:00,1781248260,25.80023894,26.79766624,24.90492689,26.71749675,
2026-06-12 07:12:00,1781248320,26.71749675,27.18326176,25.69592014,26.2488873,
2026-06-12 07:13:00,1781248380,26.2488873,27.42219533,25.87819257,27.39416044,
2026-06-12 07:14:00,1781248440,27.39416044,28.53881857,26.40588894,28.30957541,
2026-06-12 07:15:00,1781248500,28.30957541,28.32395522,27.23838077,27.72958786,
2026-06-12 07:16:00,1781248560,27.72958786,29.15532928,26.69297911,26.88220598,
2026-06-12 07:17:00,1781248620,26.88220598,28.14185018,26.63954756,26.69560507,
2026-06-12 07:18:00,1781248680,26.69560507,26.76016771,24.00450632,25.01384848,
2026-06-12 07:19:00,1781248740,25.01384848,26.06800572,24.51409274,25.60700986,
2026-06-12 07:20:00,1781248800,25.60700986,25.75876251,24.41380247,24.41380247,
2026-06-12 07:21:00,1781248860,24.41380247,26.71432198,24.13074567,25.36296251,
2026-06-12 07:22:00,1781248920,25.36296251,27.19694351,25.33587531,27.02833025,
2026-06-12 07:23:00,1781248980,27.02833025,27.17122393,25.37696517,25.37696517,
2026-06-12 07:24:00,1781249040,25.37696517,25.37696517,24.52614257,24.8816599,
2026-06-12 07:25:00,1781249100,24.8816599,26.28688118,24.8816599,25.90769311,
2026-06-12 07:26:00,1781249160,25.90769311,26.03159642,25.31739887,25.35834849,
2026-06-12 07:27:00,1781249220,25.35834849,26.02354694,25.31358621,25.85242261,
2026-06-12 07:28:00,1781249280,25.85242261,26.29688839,25.19527515,25.19527515,
2026-06-12 07:29:00,1781249340,25.19527515,25.51444304,24.73989132,25.12031489,
2026-06-12 07:30:00,1781249400,25.12031489,25.47491951,24.56957269,24.78109518,
2026-06-12 07:31:00,1781249460,24.78109518,25.22193468,24.38925871,24.40456642,
2026-06-12 07:32:00,1781249520,24.40456642,25.71374287,24.39042696,24.85435839,
2026-06-12 07:33:00,1781249580,24.85435839,26.11988633,24.74325628,25.2007666,
2026-06-12 07:34:00,1781249640,25.2007666,26.20372732,24.35496166,26.20372732,
2026-06-12 07:35:00,1781249700,26.20372732,26.28491961,24.65033338,25.17843455,
2026-06-12 07:36:00,1781249760,25.17843455,26.13262374,25.13624428,25.74292001,
2026-06-12 07:37:00,1781249820,25.74292001,27.1498938,25.35475059,26.92957392,
2026-06-12 07:38:00,1781249880,26.92957392,27.56094065,25.58042803,25.58042803,
2026-06-12 07:39:00,1781249940,25.58042803,25.58042803,23.20224626,23.20224626,
2026-06-12 07:40:00,1781250000,23.20224626,23.9265383,22.5610668,23.48082794,
2026-06-12 07:41:00,1781250060,23.48082794,24.26327142,23.36989398,24.26327142,
2026-06-12 07:42:00,1781250120,24.26327142,25.0680512,24.19996852,24.4704404,
2026-06-12 07:43:00,1781250180,24.4704404,25.29198915,24.4704404,25.29198915,
2026-06-12 07:44:00,1781250240,25.29198915,27.57229396,24.68631889,27.55139182,
2026-06-12 07:45:00,1781250300,27.55139182,28.36614034,27.55139182,27.7223022,
2026-06-12 07:46:00,1781250360,27.7223022,28.97224936,27.68938107,27.69639339,
2026-06-12 07:47:00,1781250420,27.69639339,28.55089939,27.54390915,28.42586263,
2026-06-12 07:48:00,1781250480,28.42586263,28.76286915,27.58550804,27.61446153,
2026-06-12 07:49:00,1781250540,27.61446153,27.61446153,26.02383812,26.05449599,
2026-06-12 07:50:00,1781250600,26.05449599,27.04839182,25.96688923,26.90870898,
2026-06-12 07:51:00,1781250660,26.90870898,27.01780435,26.7432661,26.78275287,
2026-06-12 07:52:00,1781250720,26.78275287,27.05747983,26.16044303,26.18940669,
2026-06-12 07:53:00,1781250780,26.18940669,26.3955955,25.33561704,25.41904727,
2026-06-12 07:54:00,1781250840,25.41904727,25.92905082,25.08710464,25.88118427,
2026-06-12 07:55:00,1781250900,25.88118427,25.99376757,23.48263959,23.55287486,
2026-06-12 07:56:00,1781250960,23.55287486,23.55910722,16.98485967,18.18278698,
2026-06-12 07:57:00,1781251020,18.18278698,18.61519506,16.1183526,16.71011489,
2026-06-12 07:58:00,1781251080,16.71011489,16.7167578,15.90442955,15.93009901,
2026-06-12 07:59:00,1781251140,15.93009901,16.51648138,15.84180288,16.40034841,
2026-06-12 08:00:00,1781251200,16.40034841,16.52993666,15.73767767,15.97425057,
2026-06-12 08:01:00,1781251260,15.97425057,16.11219033,15.04953951,15.30260781,
2026-06-12 08:02:00,1781251320,15.30260781,15.49711615,13.82602074,14.22059335,
2026-06-12 08:03:00,1781251380,14.22059335,15.17739521,14.20594962,14.59010119,
2026-06-12 08:04:00,1781251440,14.59010119,15.44029398,14.22933208,15.34935324,
2026-06-12 08:05:00,1781251500,15.34935324,15.47583241,14.04274161,14.17912324,
2026-06-12 08:06:00,1781251560,14.17912324,14.17912324,12.93993369,13.1308365,
2026-06-12 08:07:00,1781251620,13.1308365,13.1629268,12.40899153,12.6070499,
2026-06-12 08:08:00,1781251680,12.6070499,12.70924569,12.04037045,12.0413667,
2026-06-12 08:09:00,1781251740,12.0413667,12.2144139,11.82313677,12.05776667,
2026-06-12 08:10:00,1781251800,12.05776667,12.10990683,11.25469611,11.87727053,
2026-06-12 08:11:00,1781251860,11.87727053,12.28191659,11.55714214,11.84573935,
2026-06-12 08:12:00,1781251920,11.84573935,12.03825935,11.5018676,11.87144447,
2026-06-12 08:13:00,1781251980,11.87144447,11.87144447,11.13218,11.4560129,
2026-06-12 08:14:00,1781252040,11.4560129,12.24259453,11.4560129,12.23713495,
2026-06-12 08:15:00,1781252100,12.23713495,12.33355059,11.9090883,11.91502401,
2026-06-12 08:16:00,1781252160,11.91502401,12.03945882,10.4673848,10.62186202,
2026-06-12 08:17:00,1781252220,10.62186202,11.24035166,10.23082376,10.57024358,
2026-06-12 08:18:00,1781252280,10.57024358,10.69165602,9.22558968,9.43616746,
2026-06-12 08:19:00,1781252340,9.43616746,9.74425104,9.19201376,9.50441523,
2026-06-12 08:20:00,1781252400,9.50441523,9.70445315,9.24085552,9.24336087,
2026-06-12 08:21:00,1781252460,9.24336087,9.2676729,7.57295998,7.96934423,
2026-06-12 08:22:00,1781252520,7.96934423,8.21165134,7.27486228,7.95289482,
2026-06-12 08:23:00,1781252580,7.95289482,8.93758455,7.95289482,8.73729186,
2026-06-12 08:24:00,1781252640,8.73729186,9.13443316,8.47464284,9.12207968,
2026-06-12 08:25:00,1781252700,9.12207968,9.25644215,8.98102624,9.05756793,
2026-06-12 08:26:00,1781252760,9.05756793,9.45744322,8.98644546,9.45744322,
2026-06-12 08:27:00,1781252820,9.45744322,9.4865663,8.79470192,9.0572759,
2026-06-12 08:28:00,1781252880,9.0572759,9.16171033,8.53514758,8.65050013,
2026-06-12 08:29:00,1781252940,8.65050013,9.49645242,8.57583011,9.2565029,
2026-06-12 08:30:00,1781253000,9.2565029,9.33794824,8.93710095,9.20698421,
2026-06-12 08:31:00,1781253060,9.20698421,9.31061989,8.89788921,9.16860242,
2026-06-12 08:32:00,1781253120,9.16860242,9.54225197,9.00920334,9.31392137,
2026-06-12 08:33:00,1781253180,9.31392137,9.390961,8.46780251,8.61171725,
2026-06-12 08:34:00,1781253240,8.61171725,9.0986236,8.49169724,9.05160713,
2026-06-12 08:35:00,1781253300,9.05160713,9.96104503,9.03879603,9.90518858,
2026-06-12 08:36:00,1781253360,9.90518858,10.03994429,9.55640558,9.55640558,
2026-06-12 08:37:00,1781253420,9.55640558,9.76609237,9.01019008,9.01372479,
2026-06-12 08:38:00,1781253480,9.01372479,9.06616688,8.65021698,8.65021698,
2026-06-12 08:39:00,1781253540,8.65021698,8.66304664,7.72233295,7.75889794,
2026-06-12 08:40:00,1781253600,7.75889794,8.93308588,7.75820628,8.85617419,
2026-06-12 08:41:00,1781253660,8.85617419,9.20653526,8.76118347,9.14398117,
2026-06-12 08:42:00,1781253720,9.14398117,9.80454178,9.03970823,9.65736772,
2026-06-12 08:43:00,1781253780,9.65736772,9.85473987,9.6315555,9.77133836,
2026-06-12 08:44:00,1781253840,9.77133836,9.9316461,9.63984105,9.66926487,
2026-06-12 08:45:00,1781253900,9.66926487,9.66926487,9.22958974,9.57622317,
2026-06-12 08:46:00,1781253960,9.57622317,9.95869097,8.95907128,8.95907128,
2026-06-12 08:47:00,1781254020,8.95907128,9.08538658,8.07915965,8.33004945,
2026-06-12 08:48:00,1781254080,8.33004945,8.34377219,7.88143491,8.03205971,
2026-06-12 08:49:00,1781254140,8.03205971,8.73276039,7.96412132,8.61834865,
2026-06-12 08:50:00,1781254200,8.61834865,8.98018789,8.58989191,8.84944043,
2026-06-12 08:51:00,1781254260,8.84944043,9.03891033,8.47796781,8.7263252,
2026-06-12 08:52:00,1781254320,8.7263252,8.7263252,7.67062012,7.82180836,
2026-06-12 08:53:00,1781254380,7.82180836,8.06928848,7.62523191,7.87450343,
2026-06-12 08:54:00,1781254440,7.87450343,8.09399868,7.8423193,7.93079349,
2026-06-12 08:55:00,1781254500,7.93079349,8.01358045,7.38687108,7.44818298,
2026-06-12 08:56:00,1781254560,7.44818298,7.59438197,6.9377058,7.08404611,
2026-06-12 08:57:00,1781254620,7.08404611,7.08952766,6.89380126,7.02920321,
2026-06-12 08:58:00,1781254680,7.02920321,7.14324773,6.94242398,7.10297414,
2026-06-12 08:59:00,1781254740,7.10297414,7.11649497,6.82896278,7.0803166,
2026-06-12 09:00:00,1781254800,7.0803166,7.16362712,6.91723035,6.99924094,
2026-06-12 09:01:00,1781254860,6.99924094,7.00840844,6.71880744,6.96182417,
2026-06-12 09:02:00,1781254920,6.96182417,7.02745838,6.50502919,6.61869993,
2026-06-12 09:03:00,1781254980,6.61869993,7.55116784,6.61843911,7.51436458,
2026-06-12 09:04:00,1781255040,7.51436458,8.11184377,7.51436458,8.05971633,
2026-06-12 09:05:00,1781255100,8.05971633,8.06485435,7.04658458,7.14588223,
2026-06-12 09:06:00,1781255160,7.14588223,7.14588223,6.73166603,6.9266577,
2026-06-12 09:07:00,1781255220,6.9266577,6.94579232,6.14629967,6.20924147,
2026-06-12 09:08:00,1781255280,6.20924147,6.59800327,6.02855921,6.5336758,
2026-06-12 09:09:00,1781255340,6.5336758,6.8377232,6.43230427,6.5193686,
2026-06-12 09:10:00,1781255400,6.5193686,6.93554039,6.5193686,6.88683785,
2026-06-12 09:11:00,1781255460,6.88683785,6.88768759,5.94000486,5.95861426,
2026-06-12 09:12:00,1781255520,5.95861426,6.17186861,5.87527445,6.17186861,
2026-06-12 09:13:00,1781255580,6.17186861,6.25465953,5.94185811,5.96502445,
2026-06-12 09:14:00,1781255640,5.96502445,6.07608065,5.51153185,5.7689368,
2026-06-12 09:15:00,1781255700,5.7689368,5.98816939,5.59595167,5.61235307,
2026-06-12 09:16:00,1781255760,5.61235307,5.84779405,5.30633354,5.31080867,
2026-06-12 09:17:00,1781255820,5.31080867,5.7530444,5.17763434,5.73440844,
2026-06-12 09:18:00,1781255880,5.73440844,5.91123537,5.68249195,5.86145829,
2026-06-12 09:19:00,1781255940,5.86145829,5.86243456,5.20651207,5.20651207,
2026-06-12 09:20:00,1781256000,5.20651207,5.20717813,4.80088474,5.05214713,
2026-06-12 09:21:00,1781256060,5.05214713,5.10348088,4.38393729,4.38902926,
2026-06-12 09:22:00,1781256120,4.38902926,4.83328748,4.16578027,4.72515563,
2026-06-12 09:23:00,1781256180,4.72515563,5.05384358,4.71749433,5.01155599,
2026-06-12 09:24:00,1781256240,5.01155599,5.01352869,4.79159855,4.9274848,
2026-06-12 09:25:00,1781256300,4.9274848,5.04764663,4.58801924,4.58958234,
2026-06-12 09:26:00,1781256360,4.58958234,4.64221954,3.87958437,3.89401125,
2026-06-12 09:27:00,1781256420,3.89401125,4.01122595,3.71388757,4.00768547,
2026-06-12 09:28:00,1781256480,4.00768547,4.07155728,3.7137854,3.95771152,
2026-06-12 09:29:00,1781256540,3.95771152,4.11824687,3.86444058,4.00303815,
2026-06-12 09:30:00,1781256600,4.00303815,4.0432106,3.85390916,3.87776836,
2026-06-12 09:31:00,1781256660,3.87776836,4.0750202,3.85588632,3.97843839,
2026-06-12 09:32:00,1781256720,3.97843839,3.97991577,3.1894491,3.26888737,
2026-06-12 09:33:00,1781256780,3.26888737,3.33985566,2.85009267,2.9588344,
2026-06-12 09:34:00,1781256840,2.9588344,3.12809466,2.73432666,3.01631374,
2026-06-12 09:35:00,1781256900,3.01631374,3.3182844,2.96911159,3.05458372,
2026-06-12 09:36:00,1781256960,3.05458372,3.24601178,2.8817452,3.22969981,
2026-06-12 09:37:00,1781257020,3.22969981,4.07863551,3.22969981,4.05164523,
2026-06-12 09:38:00,1781257080,4.05164523,4.11649782,3.91594195,4.04129394,
2026-06-12 09:39:00,1781257140,4.04129394,4.11569433,3.9003214,3.99406124,
2026-06-12 09:40:00,1781257200,3.99406124,4.04050226,3.82750469,4.03504948,
2026-06-12 09:41:00,1781257260,4.03504948,4.31957735,3.98603703,4.03671658,
2026-06-12 09:42:00,1781257320,4.03671658,4.03671658,3.74410041,3.94240606,
2026-06-12 09:43:00,1781257380,3.94240606,4.01990156,3.85087584,3.97056212,
2026-06-12 09:44:00,1781257440,3.97056212,4.0340288,3.70982756,3.85356439,
2026-06-12 09:45:00,1781257500,3.85356439,4.19422139,3.6785106,3.77500421,
2026-06-12 09:46:00,1781257560,3.77500421,4.09794395,3.77500421,4.09569008,
2026-06-12 09:47:00,1781257620,4.09569008,4.09569008,3.38275517,3.45758692,
2026-06-12 09:48:00,1781257680,3.45758692,3.97525408,3.29852091,3.96021967,
2026-06-12 09:49:00,1781257740,3.96021967,4.0896283,3.95936666,4.03864497,
2026-06-12 09:50:00,1781257800,4.03864497,4.03864497,3.84148594,3.89723395,
2026-06-12 09:51:00,1781257860,3.89723395,4.27640749,3.89705697,4.14810897,
2026-06-12 09:52:00,1781257920,4.14810897,4.23891056,3.94084057,3.97983844,
2026-06-12 09:53:00,1781257980,3.97983844,4.07234972,3.8990093,4.01905221,
2026-06-12 09:54:00,1781258040,4.01905221,4.08548737,3.90655937,4.08548737,
2026-06-12 09:55:00,1781258100,4.08548737,4.1288958,3.66415361,3.79450469,
2026-06-12 09:56:00,1781258160,3.79450469,4.24054907,3.7943312,4.24054907,
2026-06-12 09:57:00,1781258220,4.24054907,4.24684034,3.97769775,3.98410634,
2026-06-12 09:58:00,1781258280,3.98410634,4.12265986,3.91551544,4.09973858,
2026-06-12 09:59:00,1781258340,4.09973858,4.64175222,4.05879526,4.63412384,
2026-06-12 10:00:00,1781258400,4.63412384,5.33749319,4.63391944,5.00258806,
2026-06-12 10:01:00,1781258460,5.00258806,5.01072931,4.8156345,4.93367917,
2026-06-12 10:02:00,1781258520,4.93367917,4.93367917,4.66736656,4.84391504,
2026-06-12 10:03:00,1781258580,4.84391504,5.2093728,4.81304415,4.95133153,
2026-06-12 10:04:00,1781258640,4.95133153,5.05234058,4.746207,5.04844214,
2026-06-12 10:05:00,1781258700,5.04844214,5.17041889,5.00955417,5.01626757,
2026-06-12 10:06:00,1781258760,5.01626757,5.02596715,4.8694218,4.91894891,
2026-06-12 10:07:00,1781258820,4.91894891,4.96667694,4.23597639,4.29372481,
2026-06-12 10:08:00,1781258880,4.29372481,4.2986834,3.91451804,3.97361583,
2026-06-12 10:09:00,1781258940,3.97361583,4.14942642,3.53842513,3.61372666,
2026-06-12 10:10:00,1781259000,3.61372666,4.2634212,3.52439473,4.10194487,
2026-06-12 10:11:00,1781259060,4.10194487,4.41313792,4.06199971,4.06772802,
2026-06-12 10:12:00,1781259120,4.06772802,4.24433099,4.05344823,4.2051103,
2026-06-12 10:13:00,1781259180,4.2051103,4.22380981,3.85244767,3.99300525,
2026-06-12 10:14:00,1781259240,3.99300525,4.06068754,3.89361885,3.9044419,
2026-06-12 10:15:00,1781259300,3.9044419,4.23922561,3.90020342,3.94277334,
2026-06-12 10:16:00,1781259360,3.94277334,4.09451614,3.75665308,4.07122016,
2026-06-12 10:17:00,1781259420,4.07122016,4.10306514,3.79179087,3.96514325,
2026-06-12 10:18:00,1781259480,3.96514325,4.1692452,3.90016418,4.10451362,
2026-06-12 10:19:00,1781259540,4.10451362,4.10645036,3.89263311,3.94327414,
2026-06-12 10:20:00,1781259600,3.94327414,4.15596447,3.93263353,4.08906654,
2026-06-12 10:21:00,1781259660,4.08906654,4.09043642,3.8525295,3.93301277,
2026-06-12 10:22:00,1781259720,3.93301277,4.08927713,3.85705402,3.89589634,
2026-06-12 10:23:00,1781259780,3.89589634,4.00280537,3.86493522,3.9761419,
2026-06-12 10:24:00,1781259840,3.9761419,3.98351389,3.29165727,3.29165727,
2026-06-12 10:25:00,1781259900,3.29165727,4.49509673,3.06609627,4.49509673,
2026-06-12 10:26:00,1781259960,4.49509673,5.32688447,4.45931385,5.32688447,
2026-06-12 10:27:00,1781260020,5.32688447,5.4812797,5.01320085,5.01320085,
2026-06-12 10:28:00,1781260080,5.01320085,5.04999358,4.87708361,4.98764086,
2026-06-12 10:29:00,1781260140,4.98764086,5.19073731,4.83149933,4.92200581,
2026-06-12 10:30:00,1781260200,4.92200581,5.04369179,4.38769254,4.85600787,
2026-06-12 10:31:00,1781260260,4.85600787,4.97464018,4.79513044,4.95976792,
2026-06-12 10:32:00,1781260320,4.95976792,5.09272135,4.39871241,4.39871241,
2026-06-12 10:33:00,1781260380,4.39871241,4.40022169,4.0410446,4.14369588,
2026-06-12 10:34:00,1781260440,4.14369588,4.14369588,3.74478659,3.75846164,
2026-06-12 10:35:00,1781260500,3.75846164,4.15387923,3.65697491,4.10128743,
2026-06-12 10:36:00,1781260560,4.10128743,4.23326235,3.76401938,3.84390027,
2026-06-12 10:37:00,1781260620,3.84390027,4.19292858,3.84390027,3.92602134,
2026-06-12 10:38:00,1781260680,3.92602134,4.0185649,3.88969842,4.00798858,
2026-06-12 10:39:00,1781260740,4.00798858,4.2837663,3.87839001,4.14708361,
2026-06-12 10:40:00,1781260800,4.14708361,4.22069917,3.93400426,3.99996067,
2026-06-12 10:41:00,1781260860,3.99996067,4.19314067,3.92116776,4.13769511,
2026-06-12 10:42:00,1781260920,4.13769511,4.13769511,3.91485186,3.93814359,
2026-06-12 10:43:00,1781260980,3.93814359,4.12574313,3.9303388,4.09682359,
2026-06-12 10:44:00,1781261040,4.09682359,4.10454822,3.89150995,3.89975208,
2026-06-12 10:45:00,1781261100,3.89975208,4.07622949,3.87475303,3.87593785,
2026-06-12 10:46:00,1781261160,3.87593785,4.03436243,3.80780225,4.02779783,
2026-06-12 10:47:00,1781261220,4.02779783,4.15652225,3.86822858,3.87009306,
2026-06-12 10:48:00,1781261280,3.87009306,3.96046391,3.67735976,3.95026409,
2026-06-12 10:49:00,1781261340,3.95026409,4.1619766,3.92103607,3.97605935,
2026-06-12 10:50:00,1781261400,3.97605935,4.08101372,3.89755558,4.01323057,
2026-06-12 10:51:00,1781261460,4.01323057,4.09375726,3.96246156,4.07362864,
2026-06-12 10:52:00,1781261520,4.07362864,4.14887054,3.91031646,3.92592718,
2026-06-12 10:53:00,1781261580,3.92592718,4.02478241,3.81396599,4.02389256,
2026-06-12 10:54:00,1781261640,4.02389256,4.15587131,3.93354702,4.13971681,
2026-06-12 10:55:00,1781261700,4.13971681,4.22945144,3.89204704,3.91866326,
2026-06-12 10:56:00,1781261760,3.91866326,4.40849897,3.85200818,4.38888675,
2026-06-12 10:57:00,1781261820,4.38888675,4.67381427,3.89517399,3.90183907,
2026-06-12 10:58:00,1781261880,3.90183907,4.09868415,3.71369973,4.0025346,
2026-06-12 10:59:00,1781261940,4.0025346,4.14195861,3.91155003,4.09284488,
2026-06-12 11:00:00,1781262000,4.09284488,4.1512381,3.92526647,4.1234824,
2026-06-12 11:01:00,1781262060,4.1234824,4.1234824,3.83230372,3.83297628,
2026-06-12 11:02:00,1781262120,3.83297628,4.11623615,3.37614494,3.38860808,
2026-06-12 11:03:00,1781262180,3.38860808,3.43145176,2.68107231,2.8790589,
2026-06-12 11:04:00,1781262240,2.8790589,3.41946134,2.84063377,3.14259887,
2026-06-12 11:05:00,1781262300,3.14259887,3.23533929,2.70367004,2.86454669,
2026-06-12 11:06:00,1781262360,2.86454669,3.27077781,2.83986563,3.18125906,
2026-06-12 11:07:00,1781262420,3.18125906,3.18125906,2.94121229,3.05123599,
2026-06-12 11:08:00,1781262480,3.05123599,3.11464656,2.97137897,3.11464656,
2026-06-12 11:09:00,1781262540,3.11464656,4.0106886,3.10861413,3.97528089,
2026-06-12 11:10:00,1781262600,3.97528089,4.10251413,3.90667633,4.10180666,
2026-06-12 11:11:00,1781262660,4.10180666,4.113908,3.83166468,3.87623285,
2026-06-12 11:12:00,1781262720,3.87623285,3.87623285,2.99886765,2.99886765,
2026-06-12 11:13:00,1781262780,2.99886765,3.10151313,2.82634007,3.00034454,
2026-06-12 11:14:00,1781262840,3.00034454,3.04410476,2.9322489,3.02844926,
2026-06-12 11:15:00,1781262900,3.02844926,3.03414387,2.88914976,2.98333044,
2026-06-12 11:16:00,1781262960,2.98333044,3.25522421,2.98156925,3.06488643,
2026-06-12 11:17:00,1781263020,3.06488643,3.24090177,2.98447565,3.23974229,
2026-06-12 11:18:00,1781263080,3.23974229,3.8853059,3.22438421,3.87509121,
2026-06-12 11:19:00,1781263140,3.87509121,4.09847824,3.87509121,3.96950026,
2026-06-12 11:20:00,1781263200,3.96950026,3.99886637,3.4054982,3.4054982,
2026-06-12 11:21:00,1781263260,3.4054982,3.42708237,2.96639429,2.9866599,
2026-06-12 11:22:00,1781263320,2.9866599,3.02318572,2.88917594,2.93539672,
2026-06-12 11:23:00,1781263380,2.93539672,3.05406918,2.87391852,2.9381533,
2026-06-12 11:24:00,1781263440,2.9381533,3.08052268,2.8492308,2.92380117,
2026-06-12 11:25:00,1781263500,2.92380117,3.11756012,2.84655582,3.04774081,
2026-06-12 11:26:00,1781263560,3.04774081,3.13334644,2.98948068,3.08439062,
2026-06-12 11:27:00,1781263620,3.08439062,3.08439062,2.99423834,3.04243753,
2026-06-12 11:28:00,1781263680,3.04243753,3.0528436,2.88553173,2.9201057,
2026-06-12 11:29:00,1781263740,2.9201057,3.10922465,2.9201057,3.10126848,
2026-06-12 11:30:00,1781263800,3.10126848,4.11677797,3.10126848,4.0346811,
2026-06-12 11:31:00,1781263860,4.0346811,4.13019315,3.75237234,4.03685606,
2026-06-12 11:32:00,1781263920,4.03685606,4.35812617,3.86819778,4.28511,
2026-06-12 11:33:00,1781263980,4.28511,4.28511,3.85136424,3.96867575,
2026-06-12 11:34:00,1781264040,3.96867575,4.04499943,3.83469664,4.03990618,
2026-06-12 11:35:00,1781264100,4.03990618,4.34454543,3.98250249,4.06996636,
2026-06-12 11:36:00,1781264160,4.06996636,4.09464033,3.88376697,3.98603708,
2026-06-12 11:37:00,1781264220,3.98603708,4.14241252,3.94916772,4.06404941,
2026-06-12 11:38:00,1781264280,4.06404941,4.15276993,3.9127188,4.01650905,
2026-06-12 11:39:00,1781264340,4.01650905,4.07734526,3.85246063,4.0307678,
2026-06-12 11:40:00,1781264400,4.0307678,4.04541387,3.79934882,3.91459405,
2026-06-12 11:41:00,1781264460,3.91459405,4.04974994,3.41878128,3.53194372,
2026-06-12 11:42:00,1781264520,3.53194372,3.72600221,3.34691572,3.43856808,
2026-06-12 11:43:00,1781264580,3.43856808,3.43856808,3.08975697,3.08975697,
2026-06-12 11:44:00,1781264640,3.08975697,3.11937839,2.94496252,2.9630589,
2026-06-12 11:45:00,1781264700,2.9630589,3.02708574,2.59797127,2.8245334,
2026-06-12 11:46:00,1781264760,2.8245334,3.07076021,2.8245334,3.00065437,
2026-06-12 11:47:00,1781264820,3.00065437,3.22845844,2.9227915,2.92634792,
2026-06-12 11:48:00,1781264880,2.92634792,3.00995612,2.87029043,2.97888414,
2026-06-12 11:49:00,1781264940,2.97888414,3.0819851,2.97244474,3.05683468,
2026-06-12 11:50:00,1781265000,3.05683468,3.06481051,2.96600289,2.97319405,
2026-06-12 11:51:00,1781265060,2.97319405,3.20816252,2.95104882,3.14696512,
2026-06-12 11:52:00,1781265120,3.14696512,3.14696512,2.9449244,2.97296252,
2026-06-12 11:53:00,1781265180,2.97296252,3.07827035,2.89025084,2.92371434,
2026-06-12 11:54:00,1781265240,2.92371434,3.01799576,2.91707429,2.9850778,
2026-06-12 11:55:00,1781265300,2.9850778,3.12546213,2.88719968,2.95658119,
2026-06-12 11:56:00,1781265360,2.95658119,3.31297596,2.95658119,3.20575587,
2026-06-12 11:57:00,1781265420,3.20575587,3.24273784,3.05840444,3.21168127,
2026-06-12 11:58:00,1781265480,3.21168127,3.76671311,3.20889106,3.74053636,
2026-06-12 11:59:00,1781265540,3.74053636,4.04088162,3.69238457,3.97717592,
2026-06-12 12:00:00,1781265600,3.97717592,4.44794701,3.97698063,4.23217716,
2026-06-12 12:01:00,1781265660,4.23217716,4.42762297,3.77339836,4.11200356,
2026-06-12 12:02:00,1781265720,4.11200356,4.23512385,3.69377928,3.8549036,
2026-06-12 12:03:00,1781265780,3.8549036,3.8549036,3.44537262,3.55512851,
2026-06-12 12:04:00,1781265840,3.55512851,4.53866448,3.55197458,4.32439265,
2026-06-12 12:05:00,1781265900,4.32439265,4.32439265,3.92065471,4.0414355,
2026-06-12 12:06:00,1781265960,4.0414355,4.27983877,3.84371974,4.1132678,
2026-06-12 12:07:00,1781266020,4.1132678,4.14247947,3.89181845,4.08009027,
2026-06-12 12:08:00,1781266080,4.08009027,4.08995499,3.87028819,3.95410474,
2026-06-12 12:09:00,1781266140,3.95410474,4.12800931,3.93586015,4.05587106,
2026-06-12 12:10:00,1781266200,4.05587106,4.05832304,3.8256412,3.94670326,
2026-06-12 12:11:00,1781266260,3.94670326,4.24636298,3.94670326,4.06457211,
2026-06-12 12:12:00,1781266320,4.06457211,4.18752737,4.05354367,4.10648917,
2026-06-12 12:13:00,1781266380,4.10648917,4.10648917,3.89347153,3.9580677,
2026-06-12 12:14:00,1781266440,3.9580677,4.07907918,3.9315603,3.9866625,
2026-06-12 12:15:00,1781266500,3.9866625,4.13884534,3.78599532,4.09764275,
2026-06-12 12:16:00,1781266560,4.09764275,4.181367,3.77841628,3.88017139,
2026-06-12 12:17:00,1781266620,3.88017139,4.06418089,3.87997867,3.89600063,
2026-06-12 12:18:00,1781266680,3.89600063,4.07300924,3.87402832,4.04268531,
2026-06-12 12:19:00,1781266740,4.04268531,4.04391442,3.70499218,3.90154633,
2026-06-12 12:20:00,1781266800,3.90154633,4.1972846,3.79846167,4.19187694,
2026-06-12 12:21:00,1781266860,4.19187694,4.30139839,3.96036185,4.21379866,
2026-06-12 12:22:00,1781266920,4.21379866,4.21379866,3.75534079,3.91072522,
2026-06-12 12:23:00,1781266980,3.91072522,4.16872314,3.87194996,4.07924182,
2026-06-12 12:24:00,1781267040,4.07924182,4.18850043,4.07296267,4.13526134,
2026-06-12 12:25:00,1781267100,4.13526134,4.2732358,3.95470387,3.96310469,
2026-06-12 12:26:00,1781267160,3.96310469,4.06028738,3.92577672,4.06028738,
2026-06-12 12:27:00,1781267220,4.06028738,4.76094612,4.021985,4.76094612,
2026-06-12 12:28:00,1781267280,4.76094612,5.25007068,4.75235302,5.05755752,
2026-06-12 12:29:00,1781267340,5.05755752,5.27492082,4.9578108,5.10790324,
2026-06-12 12:30:00,1781267400,5.10790324,5.22392923,4.70971852,4.82510791,
2026-06-12 12:31:00,1781267460,4.82510791,5.15949126,4.74476469,5.13156254,
2026-06-12 12:32:00,1781267520,5.13156254,5.13156254,4.85920805,4.97522771,
2026-06-12 12:33:00,1781267580,4.97522771,5.01428255,4.73651668,4.98318084,
2026-06-12 12:34:00,1781267640,4.98318084,5.10326338,4.73440081,4.93441701,
2026-06-12 12:35:00,1781267700,4.93441701,5.29949704,4.81734559,5.11471585,
2026-06-12 12:36:00,1781267760,5.11471585,5.20211937,4.92899312,5.14738344,
2026-06-12 12:37:00,1781267820,5.14738344,5.90563812,5.11535243,5.89249472,
2026-06-12 12:38:00,1781267880,5.89249472,6.318818,5.88502862,6.25456849,
2026-06-12 12:39:00,1781267940,6.25456849,7.21719191,6.25456849,7.03124994,
2026-06-12 12:40:00,1781268000,7.03124994,7.82082471,6.98586442,7.74504583,
2026-06-12 12:41:00,1781268060,7.74504583,8.05407374,7.35378553,7.35855601,
2026-06-12 12:42:00,1781268120,7.35855601,7.43460563,6.81560335,6.84224311,
2026-06-12 12:43:00,1781268180,6.84224311,6.93809632,6.29001335,6.32122518,
2026-06-12 12:44:00,1781268240,6.32122518,7.23173356,6.1579706,6.87044212,
2026-06-12 12:45:00,1781268300,6.87044212,7.1771592,6.74642681,6.84078819,
2026-06-12 12:46:00,1781268360,6.84078819,6.86993349,5.9986058,6.0752459,
2026-06-12 12:47:00,1781268420,6.0752459,6.22132054,5.74761268,5.85632605,
2026-06-12 12:48:00,1781268480,5.85632605,6.14167956,5.76601646,5.86894673,
2026-06-12 12:49:00,1781268540,5.86894673,6.02878453,5.57377491,5.70307171,
2026-06-12 12:50:00,1781268600,5.70307171,5.83287942,5.18907722,5.31440106,
2026-06-12 12:51:00,1781268660,5.31440106,5.99918475,5.20643069,5.91936953,
2026-06-12 12:52:00,1781268720,5.91936953,5.96064877,4.92592548,4.97863937,
2026-06-12 12:53:00,1781268780,4.97863937,5.1865571,4.95300156,5.15315873,
2026-06-12 12:54:00,1781268840,5.15315873,5.93884831,5.1529106,5.86689753,
2026-06-12 12:55:00,1781268900,5.86689753,6.66909492,5.69772174,5.8954418,
2026-06-12 12:56:00,1781268960,5.8954418,6.05244354,5.81211149,6.01296079,
2026-06-12 12:57:00,1781269020,6.01296079,6.01985743,5.25463001,5.27359474,
2026-06-12 12:58:00,1781269080,5.27359474,5.3248992,5.00046369,5.06397619,
2026-06-12 12:59:00,1781269140,5.06397619,5.25312267,4.80130077,5.12407239,
2026-06-12 13:00:00,1781269200,5.12407239,5.44991195,4.83739094,5.44587637,
2026-06-12 13:01:00,1781269260,5.44587637,6.07909015,5.40747876,6.04762157,
2026-06-12 13:02:00,1781269320,6.04762157,6.29171907,5.40267407,5.41083116,
2026-06-12 13:03:00,1781269380,5.41083116,5.72715399,5.30439428,5.35371775,
2026-06-12 13:04:00,1781269440,5.35371775,5.71764929,5.34973645,5.71737804,
2026-06-12 13:05:00,1781269500,5.71737804,5.88274683,5.40949912,5.40949912,
2026-06-12 13:06:00,1781269560,5.40949912,5.71651225,5.36597805,5.63990372,
2026-06-12 13:07:00,1781269620,5.63990372,5.66620181,4.92666067,4.99128563,
2026-06-12 13:08:00,1781269680,4.99128563,5.03516051,4.77164577,5.00312616,
2026-06-12 13:09:00,1781269740,5.00312616,5.07428012,4.65979419,5.07237634,
2026-06-12 13:10:00,1781269800,5.07237634,5.30139591,4.8264404,4.8264404,
2026-06-12 13:11:00,1781269860,4.8264404,5.19072953,4.81341028,5.10411703,
2026-06-12 13:12:00,1781269920,5.10411703,5.64589412,4.90380861,5.64589412,
2026-06-12 13:13:00,1781269980,5.64589412,5.88886771,4.9915895,4.99864991,
2026-06-12 13:14:00,1781270040,4.99864991,5.02028106,4.54721732,4.54721732,
2026-06-12 13:15:00,1781270100,4.54721732,4.71502876,4.30174504,4.71502876,
2026-06-12 13:16:00,1781270160,4.71502876,4.79674275,4.2806463,4.2806463,
2026-06-12 13:17:00,1781270220,4.2806463,4.2806463,3.89243773,4.01186008,
2026-06-12 13:18:00,1781270280,4.01186008,4.03506045,3.61736679,3.66306975,
2026-06-12 13:19:00,1781270340,3.66306975,4.12805012,3.66104234,4.06588124,
2026-06-12 13:20:00,1781270400,4.06588124,4.23029045,3.90131346,3.97684793,
2026-06-12 13:21:00,1781270460,3.97684793,4.19673492,3.97319854,3.9830852,
2026-06-12 13:22:00,1781270520,3.9830852,4.19413108,3.96354845,4.18887511,
2026-06-12 13:23:00,1781270580,4.18887511,4.99867058,4.12711724,4.98341422,
2026-06-12 13:24:00,1781270640,4.98341422,5.0833711,4.72119149,4.72119149,
2026-06-12 13:25:00,1781270700,4.72119149,5.07747805,4.69136563,5.03985551,
2026-06-12 13:26:00,1781270760,5.03985551,5.05120339,4.84382013,5.02896291,
2026-06-12 13:27:00,1781270820,5.02896291,5.14475508,4.89286569,4.96340494,
2026-06-12 13:28:00,1781270880,4.96340494,5.48124984,4.94726629,5.43581117,
2026-06-12 13:29:00,1781270940,5.43581117,5.76099356,5.37637498,5.46766048,
2026-06-12 13:30:00,1781271000,5.46766048,6.70466916,5.04097618,6.53169597,
2026-06-12 13:31:00,1781271060,6.53169597,8.19191553,6.45946285,8.17294722,
2026-06-12 13:32:00,1781271120,8.17294722,8.17294722,7.11311992,7.77548437,
2026-06-12 13:33:00,1781271180,7.77548437,8.33579985,7.53969662,8.31735725,
2026-06-12 13:34:00,1781271240,8.31735725,8.5666385,7.56764165,8.29134449,
2026-06-12 13:35:00,1781271300,8.29134449,8.65584189,6.46211808,6.58212677,
2026-06-12 13:36:00,1781271360,6.58212677,7.32334185,6.55648125,6.97662641,
2026-06-12 13:37:00,1781271420,6.97662641,7.48824681,6.60841647,6.7869461,
2026-06-12 13:38:00,1781271480,6.7869461,7.21808581,6.31311178,6.38326638,
2026-06-12 13:39:00,1781271540,6.38326638,6.55834952,5.79723911,5.81980202,
2026-06-12 13:40:00,1781271600,5.81980202,7.90712176,5.55307525,7.65235343,
2026-06-12 13:41:00,1781271660,7.65235343,9.47353899,7.51181843,8.59233653,
2026-06-12 13:42:00,1781271720,8.59233653,10.39145539,8.58947684,10.39145539,
2026-06-12 13:43:00,1781271780,10.39145539,10.57364742,8.36513681,8.68764048,
2026-06-12 13:44:00,1781271840,8.68764048,9.07416852,8.50084707,9.01099417,
2026-06-12 13:45:00,1781271900,9.01099417,9.22056606,7.56878261,8.69972952,
2026-06-12 13:46:00,1781271960,8.69972952,8.79400101,7.38882762,7.68491186,
2026-06-12 13:47:00,1781272020,7.68491186,7.75402709,6.96270994,7.34383119,
2026-06-12 13:48:00,1781272080,7.34383119,8.46619916,7.12462068,7.50988501,
2026-06-12 13:49:00,1781272140,7.50988501,7.57470707,6.52880679,6.81505912,
2026-06-12 13:50:00,1781272200,6.81505912,6.85309696,6.02885376,6.04489188,
2026-06-12 13:51:00,1781272260,6.04489188,6.6153783,5.69741846,6.32745172,
2026-06-12 13:52:00,1781272320,6.32745172,6.74120895,5.80328781,5.8798364,
2026-06-12 13:53:00,1781272380,5.8798364,6.76063975,5.62348917,6.7543643,
2026-06-12 13:54:00,1781272440,6.7543643,7.20939424,6.50380029,6.78844413,
2026-06-12 13:55:00,1781272500,6.78844413,7.40237159,6.7881249,7.19074709,
2026-06-12 13:56:00,1781272560,7.19074709,7.29100593,6.71596282,6.94384473,
2026-06-12 13:57:00,1781272620,6.94384473,7.02292727,6.412161,6.59972647,
2026-06-12 13:58:00,1781272680,6.59972647,6.86555512,6.19661479,6.29408637,
2026-06-12 13:59:00,1781272740,6.29408637,6.37881232,5.40766726,5.52161942,
2026-06-12 14:00:00,1781272800,5.52161942,5.86796487,3.2741324,3.36740718,
2026-06-12 14:01:00,1781272860,3.36740718,3.52268861,2.67679292,2.97821599,
2026-06-12 14:02:00,1781272920,2.97821599,3.48825477,2.91491045,3.1110324,
2026-06-12 14:03:00,1781272980,3.1110324,3.28996397,2.52539274,2.72285847,
2026-06-12 14:04:00,1781273040,2.72285847,3.29534605,2.72285847,3.05558745,
2026-06-12 14:05:00,1781273100,3.05558745,3.36772518,3.00554309,3.2828603,
2026-06-12 14:06:00,1781273160,3.2828603,3.29137307,2.65087549,2.69886016,
2026-06-12 14:07:00,1781273220,2.69886016,2.79099968,2.11098725,2.11098725,
2026-06-12 14:08:00,1781273280,2.11098725,2.54644709,2.01697837,2.54644709,
2026-06-12 14:09:00,1781273340,2.54644709,3.04330697,2.45872941,2.92930315,
2026-06-12 14:10:00,1781273400,2.92930315,3.16143118,2.74925777,2.74925777,
2026-06-12 14:11:00,1781273460,2.74925777,3.24998632,2.74925777,2.9125589,
2026-06-12 14:12:00,1781273520,2.9125589,3.18103102,2.78743321,3.18103102,
2026-06-12 14:13:00,1781273580,3.18103102,3.29028381,2.86490542,3.16607462,
2026-06-12 14:14:00,1781273640,3.16607462,3.16607462,2.42219129,2.43131697,
2026-06-12 14:15:00,1781273700,2.43131697,2.44118115,1.78620459,1.8678114,
2026-06-12 14:16:00,1781273760,1.8678114,2.0804709,1.84090015,1.94093471,
2026-06-12 14:17:00,1781273820,1.94093471,2.141815,1.78483722,2.13217089,
2026-06-12 14:18:00,1781273880,2.13217089,2.2843623,2.09391009,2.14761725,
2026-06-12 14:19:00,1781273940,2.14761725,2.17695559,1.96743736,2.12281312,
2026-06-12 14:20:00,1781274000,2.12281312,2.20372955,1.85994318,1.92783267,
2026-06-12 14:21:00,1781274060,1.92783267,2.42254171,1.71097171,2.34883193,
2026-06-12 14:22:00,1781274120,2.34883193,2.57583082,2.11198926,2.53001716,
2026-06-12 14:23:00,1781274180,2.53001716,3.03351875,2.45040231,2.56289886,
2026-06-12 14:24:00,1781274240,2.56289886,2.56394668,1.8814896,2.02288816,
2026-06-12 14:25:00,1781274300,2.02288816,2.05757331,1.40524672,1.43561137,
2026-06-12 14:26:00,1781274360,1.43561137,1.58247576,1.31416041,1.36737987,
2026-06-12 14:27:00,1781274420,1.36737987,1.37465143,0.91444666,0.99746532,
2026-06-12 14:28:00,1781274480,0.99746532,1.08387582,0.9450274,1.0516477,
2026-06-12 14:29:00,1781274540,1.0516477,1.09388288,0.99446743,1.04467374,
2026-06-12 14:30:00,1781274600,1.04467374,1.08093113,0.96661474,1.03201011,
2026-06-12 14:31:00,1781274660,1.03201011,1.22437793,0.96893526,1.08629681,
2026-06-12 14:32:00,1781274720,1.08629681,1.15946983,0.98430585,1.09770763,
2026-06-12 14:33:00,1781274780,1.09770763,1.16355344,0.99160193,1.02272023,
2026-06-12 14:34:00,1781274840,1.02272023,1.02431777,0.90443858,0.96082153,
2026-06-12 14:35:00,1781274900,0.96082153,1.07466422,0.91892276,1.05306253,
2026-06-12 14:36:00,1781274960,1.05306253,1.11911587,0.85282932,0.92054964,
2026-06-12 14:37:00,1781275020,0.92054964,1.16500783,0.91132955,1.05677318,
2026-06-12 14:38:00,1781275080,1.05677318,1.07132271,0.94232594,1.0373522,
2026-06-12 14:39:00,1781275140,1.0373522,1.11013687,0.9715192,1.10836769,
2026-06-12 14:40:00,1781275200,1.10836769,1.29213716,1.03666319,1.07822238,
2026-06-12 14:41:00,1781275260,1.07822238,1.2049517,1.03343326,1.06252205,
2026-06-12 14:42:00,1781275320,1.06252205,1.12443575,0.95187046,1.09283369,
2026-06-12 14:43:00,1781275380,1.09283369,1.25968137,1.08412267,1.20591858,
2026-06-12 14:44:00,1781275440,1.20591858,1.20591858,0.97604528,1.09162639,
2026-06-12 14:45:00,1781275500,1.09162639,1.17896192,0.93565103,0.97145468,
2026-06-12 14:46:00,1781275560,0.97145468,1.14336189,0.95755796,1.01950655,
2026-06-12 14:47:00,1781275620,1.01950655,1.17679807,0.97912642,1.07693247,
2026-06-12 14:48:00,1781275680,1.07693247,1.10578035,0.93793071,1.06388883,
2026-06-12 14:49:00,1781275740,1.06388883,1.13253745,0.96549604,0.98519642,
2026-06-12 14:50:00,1781275800,0.98519642,0.99745077,0.84261539,0.9349007,
2026-06-12 14:51:00,1781275860,0.9349007,1.16460444,0.89921702,1.13437724,
2026-06-12 14:52:00,1781275920,1.13437724,1.16079276,0.60790461,0.74113091,
2026-06-12 14:53:00,1781275980,0.74113091,0.85366246,0.69253245,0.7491184,
2026-06-12 14:54:00,1781276040,0.7491184,0.75126253,0.57251928,0.57744373,
2026-06-12 14:55:00,1781276100,0.57744373,0.87879927,0.51426978,0.86767505,
2026-06-12 14:56:00,1781276160,0.86767505,0.92985977,0.5807412,0.58195481,
2026-06-12 14:57:00,1781276220,0.58195481,0.63098847,0.49510233,0.52137578,
2026-06-12 14:58:00,1781276280,0.52137578,0.58487023,0.50729444,0.5119569,
2026-06-12 14:59:00,1781276340,0.5119569,0.5542722,0.50233178,0.51677657,
2026-06-12 15:00:00,1781276400,0.51677657,0.59720338,0.48325052,0.53912061,
2026-06-12 15:01:00,1781276460,0.53912061,0.55788957,0.42885558,0.5569497,
2026-06-12 15:02:00,1781276520,0.5569497,0.61988693,0.53553142,0.6162874,
2026-06-12 15:03:00,1781276580,0.6162874,1.09441915,0.55715315,1.08769951,
2026-06-12 15:04:00,1781276640,1.08769951,1.19182074,0.93987671,1.06102795,
2026-06-12 15:05:00,1781276700,1.06102795,1.08878016,0.90008547,0.91521352,
2026-06-12 15:06:00,1781276760,0.91521352,1.0006811,0.82021656,0.83218498,
2026-06-12 15:07:00,1781276820,0.83218498,0.85531615,0.52125811,0.55099468,
2026-06-12 15:08:00,1781276880,0.55099468,0.66410286,0.52424337,0.59806495,
2026-06-12 15:09:00,1781276940,0.59806495,0.73225562,0.59131169,0.73225562,
2026-06-12 15:10:00,1781277000,0.73225562,0.7688295,0.48495261,0.48495261,
2026-06-12 15:11:00,1781277060,0.48495261,0.57634302,0.43106756,0.56279237,
2026-06-12 15:12:00,1781277120,0.56279237,0.67431913,0.5101153,0.5101153,
2026-06-12 15:13:00,1781277180,0.5101153,0.51343493,0.42885318,0.49287371,
2026-06-12 15:14:00,1781277240,0.49287371,0.57823948,0.49287371,0.53232108,
2026-06-12 15:15:00,1781277300,0.53232108,0.61970298,0.5001371,0.61664736,
2026-06-12 15:16:00,1781277360,0.61664736,0.62706744,0.5214771,0.52322965,
2026-06-12 15:17:00,1781277420,0.52322965,0.56318997,0.46359147,0.56318997,
2026-06-12 15:18:00,1781277480,0.56318997,0.6169582,0.53175593,0.554422,
2026-06-12 15:19:00,1781277540,0.554422,0.6097633,0.54535492,0.56749922,
2026-06-12 15:20:00,1781277600,0.56749922,0.60739417,0.53682265,0.57866593,
2026-06-12 15:21:00,1781277660,0.57866593,0.59060773,0.51268394,0.5411784,
2026-06-12 15:22:00,1781277720,0.5411784,0.60602961,0.50055992,0.55105693,
2026-06-12 15:23:00,1781277780,0.55105693,0.57840299,0.50240048,0.53527961,
2026-06-12 15:24:00,1781277840,0.53527961,0.54702761,0.49792599,0.54520965,
2026-06-12 15:25:00,1781277900,0.54520965,0.55400669,0.50878389,0.52271719,
2026-06-12 15:26:00,1781277960,0.52271719,0.59714579,0.51626579,0.55300061,
2026-06-12 15:27:00,1781278020,0.55300061,0.56225976,0.51174284,0.52836821,
2026-06-12 15:28:00,1781278080,0.52836821,0.63957066,0.52607584,0.606456,
2026-06-12 15:29:00,1781278140,0.606456,0.63353962,0.53598964,0.62256332,
2026-06-12 15:30:00,1781278200,0.62256332,0.65601432,0.58245691,0.59114128,
2026-06-12 15:31:00,1781278260,0.59114128,0.69728769,0.57233911,0.64157986,
2026-06-12 15:32:00,1781278320,0.64157986,0.71429921,0.56097342,0.68782905,
2026-06-12 15:33:00,1781278380,0.68782905,0.97836461,0.67415856,0.94561179,
2026-06-12 15:34:00,1781278440,0.94561179,1.0937646,0.94372616,1.09245355,
2026-06-12 15:35:00,1781278500,1.09245355,1.18265402,0.66308733,0.66308733,
2026-06-12 15:36:00,1781278560,0.66308733,0.68955066,0.54991602,0.58945719,
2026-06-12 15:37:00,1781278620,0.58945719,0.88156688,0.53873258,0.87571642,
2026-06-12 15:38:00,1781278680,0.87571642,1.17006889,0.85236067,1.10227841,
2026-06-12 15:39:00,1781278740,1.10227841,1.13084336,0.88213649,0.89083294,
2026-06-12 15:40:00,1781278800,0.89083294,1.07960291,0.82553782,1.06439463,
2026-06-12 15:41:00,1781278860,1.06439463,1.13935595,0.9252974,1.07218992,
2026-06-12 15:42:00,1781278920,1.07218992,1.22180494,1.01012391,1.10055907,
2026-06-12 15:43:00,1781278980,1.10055907,1.12660086,0.90733955,0.90733955,
2026-06-12 15:44:00,1781279040,0.90733955,0.9231656,0.67697859,0.72650321,
2026-06-12 15:45:00,1781279100,0.72650321,1.13064545,0.72650321,1.03673598,
2026-06-12 15:46:00,1781279160,1.03673598,1.03673598,0.67920423,0.77155696,
2026-06-12 15:47:00,1781279220,0.77155696,1.19114306,0.75771624,1.12203113,
2026-06-12 15:48:00,1781279280,1.12203113,1.21728918,1.08905167,1.08905167,
2026-06-12 15:49:00,1781279340,1.08905167,1.18702394,1.01426596,1.05396069,
2026-06-12 15:50:00,1781279400,1.05396069,1.05470161,0.93938038,0.98626855,
2026-06-12 15:51:00,1781279460,0.98626855,1.11319182,0.94370482,1.03139973,
2026-06-12 15:52:00,1781279520,1.03139973,1.04691919,0.96637544,1.00352135,
2026-06-12 15:53:00,1781279580,1.00352135,1.07095551,0.93625325,1.06763203,
2026-06-12 15:54:00,1781279640,1.06763203,1.12654208,0.98543524,1.03560215,
2026-06-12 15:55:00,1781279700,1.03560215,1.20141785,1.026805,1.13026405,
2026-06-12 15:56:00,1781279760,1.13026405,1.22334901,1.03510058,1.05716926,
2026-06-12 15:57:00,1781279820,1.05716926,1.07245155,0.98165612,1.0636885,
2026-06-12 15:58:00,1781279880,1.0636885,1.13502686,1.03576335,1.11863566,
2026-06-12 15:59:00,1781279940,1.11863566,1.2488944,1.03560335,1.04753908,
2026-06-12 16:00:00,1781280000,1.04753908,1.0793119,0.87301813,1.00658903,
2026-06-12 16:01:00,1781280060,1.00658903,1.18491748,0.96540189,1.14920714,
2026-06-12 16:02:00,1781280120,1.14920714,1.26121213,1.10015559,1.16680824,
2026-06-12 16:03:00,1781280180,1.16680824,1.22881465,0.79641782,0.85515887,
2026-06-12 16:04:00,1781280240,0.85515887,1.02462111,0.79130395,1.02290168,
