datetime,time,open,high,low,close,volume
2026-06-10 13:55:00,1781099700,1463.07015677,1472.05441723,1425.82409741,1440.50108337,
2026-06-10 13:56:00,1781099760,1440.50108337,1475.84419948,1429.56102883,1475.46775157,
2026-06-10 13:57:00,1781099820,1475.46775157,1485.48567504,1422.58027447,1463.34092832,
2026-06-10 13:58:00,1781099880,1463.34092832,1529.06515596,1463.34092832,1519.73698094,
2026-06-10 13:59:00,1781099940,1519.73698094,1519.73698094,1472.55339606,1475.99663354,
2026-06-10 14:00:00,1781100000,1475.99663354,1520.3870165,1465.86430496,1510.8511931,
2026-06-10 14:01:00,1781100060,1510.8511931,1552.81323605,1497.5545472,1550.66333528,
2026-06-10 14:02:00,1781100120,1550.66333528,1559.80135868,1494.10337439,1497.49653904,
2026-06-10 14:03:00,1781100180,1497.49653904,1510.57132532,1424.29623712,1437.16660285,
2026-06-10 14:04:00,1781100240,1437.16660285,1460.6424508,1425.43440282,1430.50194331,
2026-06-10 14:05:00,1781100300,1430.50194331,1469.68507988,1420.25187572,1454.162445,
2026-06-10 14:06:00,1781100360,1454.162445,1464.20089523,1412.99931798,1430.4437468,
2026-06-10 14:07:00,1781100420,1430.4437468,1456.51670302,1415.72990071,1450.37823496,
2026-06-10 14:08:00,1781100480,1450.37823496,1463.90227225,1398.311886,1398.311886,
2026-06-10 14:09:00,1781100540,1398.311886,1426.29472758,1398.3100136,1421.60212124,
2026-06-10 14:10:00,1781100600,1421.60212124,1467.77485057,1409.31282659,1449.03435754,
2026-06-10 14:11:00,1781100660,1449.03435754,1460.29403188,1428.44848502,1441.11981837,
2026-06-10 14:12:00,1781100720,1441.11981837,1448.01926131,1427.20181471,1444.18971239,
2026-06-10 14:13:00,1781100780,1444.18971239,1532.37848835,1442.00496727,1478.46372155,
2026-06-10 14:14:00,1781100840,1478.46372155,1556.73772936,1474.82501629,1552.65411714,
2026-06-10 14:15:00,1781100900,1552.65411714,1613.5206733,1548.62441069,1612.08291916,
2026-06-10 14:16:00,1781100960,1612.08291916,1618.80078288,1514.18711566,1514.18711566,
2026-06-10 14:17:00,1781101020,1514.18711566,1591.9277004,1506.46621419,1586.17932083,
2026-06-10 14:18:00,1781101080,1586.17932083,1633.56471012,1581.56217563,1604.7585806,
2026-06-10 14:19:00,1781101140,1604.7585806,1639.45256727,1593.48300654,1596.15344693,
2026-06-10 14:20:00,1781101200,1596.15344693,1621.74030671,1563.76842947,1621.74030671,
2026-06-10 14:21:00,1781101260,1621.74030671,1639.15805608,1586.96383608,1597.84643963,
2026-06-10 14:22:00,1781101320,1597.84643963,1605.8195,1525.88088001,1540.14453817,
2026-06-10 14:23:00,1781101380,1540.14453817,1570.82698585,1518.82463529,1526.995072,
2026-06-10 14:24:00,1781101440,1526.995072,1534.58450833,1436.86888018,1441.23397948,
2026-06-10 14:25:00,1781101500,1441.23397948,1549.082732,1425.86361128,1531.63909556,
2026-06-10 14:26:00,1781101560,1531.63909556,1533.00388961,1487.91747686,1497.65100501,
2026-06-10 14:27:00,1781101620,1497.65100501,1497.65100501,1451.39004965,1451.86527712,
2026-06-10 14:28:00,1781101680,1451.86527712,1515.15152708,1441.77369086,1493.85021445,
2026-06-10 14:29:00,1781101740,1493.85021445,1523.9330415,1484.73101192,1498.03354743,
2026-06-10 14:30:00,1781101800,1498.03354743,1530.26711128,1487.02325394,1509.97238376,
2026-06-10 14:31:00,1781101860,1509.97238376,1618.98798011,1509.77521923,1618.96284891,
2026-06-10 14:32:00,1781101920,1618.96284891,1637.26385083,1551.2288645,1551.2288645,
2026-06-10 14:33:00,1781101980,1551.2288645,1591.47892355,1519.00800067,1530.10623495,
2026-06-10 14:34:00,1781102040,1530.10623495,1559.19994807,1499.85166407,1507.21930622,
2026-06-10 14:35:00,1781102100,1507.21930622,1557.47119587,1505.66117701,1552.49324703,
2026-06-10 14:36:00,1781102160,1552.49324703,1592.88643903,1552.36078625,1573.41691869,
2026-06-10 14:37:00,1781102220,1573.41691869,1649.16532112,1571.57885591,1631.08463565,
2026-06-10 14:38:00,1781102280,1631.08463565,1645.01609049,1609.55201371,1630.02067046,
2026-06-10 14:39:00,1781102340,1630.02067046,1633.01745874,1574.58296353,1575.18353629,
2026-06-10 14:40:00,1781102400,1575.18353629,1582.40397146,1519.07553108,1520.31883443,
2026-06-10 14:41:00,1781102460,1520.31883443,1521.67851858,1447.50083475,1464.20182965,
2026-06-10 14:42:00,1781102520,1464.20182965,1514.34832422,1448.37060267,1514.28301341,
2026-06-10 14:43:00,1781102580,1514.28301341,1516.69881884,1478.51429619,1509.27656095,
2026-06-10 14:44:00,1781102640,1509.27656095,1562.13362279,1497.64492506,1562.13362279,
2026-06-10 14:45:00,1781102700,1562.13362279,1596.58144382,1536.45438677,1560.70061131,
2026-06-10 14:46:00,1781102760,1560.70061131,1574.6351211,1550.80156886,1560.9693101,
2026-06-10 14:47:00,1781102820,1560.9693101,1564.77231801,1502.50570389,1521.12072845,
2026-06-10 14:48:00,1781102880,1521.12072845,1569.63667174,1512.19274891,1561.08875579,
2026-06-10 14:49:00,1781102940,1561.08875579,1609.46064436,1554.04906772,1559.42176322,
2026-06-10 14:50:00,1781103000,1559.42176322,1603.86489592,1533.91592442,1565.37301418,
2026-06-10 14:51:00,1781103060,1565.37301418,1585.11090093,1536.48066303,1572.04949028,
2026-06-10 14:52:00,1781103120,1572.04949028,1609.09663613,1570.60229336,1598.75970318,
2026-06-10 14:53:00,1781103180,1598.75970318,1609.89955076,1581.33627357,1588.23158481,
2026-06-10 14:54:00,1781103240,1588.23158481,1591.78222184,1554.58571122,1575.80850752,
2026-06-10 14:55:00,1781103300,1575.80850752,1606.82705706,1533.42586788,1601.32193721,
2026-06-10 14:56:00,1781103360,1601.32193721,1622.86663216,1585.60970507,1597.68869246,
2026-06-10 14:57:00,1781103420,1597.68869246,1646.27208409,1582.00386377,1591.89029101,
2026-06-10 14:58:00,1781103480,1591.89029101,1596.20957668,1472.370086,1478.66437855,
2026-06-10 14:59:00,1781103540,1478.66437855,1486.18544602,1392.68805577,1396.43780249,
2026-06-10 15:00:00,1781103600,1396.43780249,1424.95762691,1344.89709078,1352.48619493,
2026-06-10 15:01:00,1781103660,1352.48619493,1371.40371017,1264.33705075,1295.69146052,
2026-06-10 15:02:00,1781103720,1295.69146052,1347.11636663,1282.71357808,1323.10788065,
2026-06-10 15:03:00,1781103780,1323.10788065,1351.16255733,1290.26526448,1335.2743679,
2026-06-10 15:04:00,1781103840,1335.2743679,1439.72492658,1323.13900143,1413.02168599,
2026-06-10 15:05:00,1781103900,1413.02168599,1523.07887339,1410.69092059,1522.88028885,
2026-06-10 15:06:00,1781103960,1522.88028885,1544.89902968,1485.24727319,1544.89902968,
2026-06-10 15:07:00,1781104020,1544.89902968,1560.82570853,1489.92592063,1492.84825437,
2026-06-10 15:08:00,1781104080,1492.84825437,1562.9794127,1492.84825437,1537.22077964,
2026-06-10 15:09:00,1781104140,1537.22077964,1562.48751168,1515.71571631,1561.95243106,
2026-06-10 15:10:00,1781104200,1561.95243106,1571.78611692,1544.64815923,1548.32570922,
2026-06-10 15:11:00,1781104260,1548.32570922,1615.2951033,1547.50199865,1583.3963781,
2026-06-10 15:12:00,1781104320,1583.3963781,1596.67148369,1560.74481739,1560.74481739,
2026-06-10 15:13:00,1781104380,1560.74481739,1564.25548387,1496.71674959,1511.544302,
2026-06-10 15:14:00,1781104440,1511.544302,1563.51914328,1509.35620638,1563.05282845,
2026-06-10 15:15:00,1781104500,1563.05282845,1619.30704325,1563.05282845,1611.17482673,
2026-06-10 15:16:00,1781104560,1611.17482673,1625.09592318,1546.0004012,1557.82689004,
2026-06-10 15:17:00,1781104620,1557.82689004,1559.66152208,1524.92976441,1538.07023062,
2026-06-10 15:18:00,1781104680,1538.07023062,1585.24216955,1538.00253809,1552.333793,
2026-06-10 15:19:00,1781104740,1552.333793,1552.72996283,1450.28224616,1455.36866485,
2026-06-10 15:20:00,1781104800,1455.36866485,1471.82607643,1401.16132819,1408.00382565,
2026-06-10 15:21:00,1781104860,1408.00382565,1409.88476235,1335.93205698,1360.19649225,
2026-06-10 15:22:00,1781104920,1360.19649225,1402.56793323,1341.85256347,1378.73503091,
2026-06-10 15:23:00,1781104980,1378.73503091,1384.24044336,1324.54412366,1327.17317988,
2026-06-10 15:24:00,1781105040,1327.17317988,1355.16343391,1305.09695325,1337.93400801,
2026-06-10 15:25:00,1781105100,1337.93400801,1340.24085115,1305.2286204,1334.36627545,
2026-06-10 15:26:00,1781105160,1334.36627545,1360.33936954,1331.01518796,1345.99960614,
2026-06-10 15:27:00,1781105220,1345.99960614,1370.74821265,1345.99960614,1346.98710665,
2026-06-10 15:28:00,1781105280,1346.98710665,1348.29882138,1306.31206979,1334.50724609,
2026-06-10 15:29:00,1781105340,1334.50724609,1363.09661804,1321.14020623,1362.96635636,
2026-06-10 15:30:00,1781105400,1362.96635636,1372.53961598,1297.75950595,1304.77906898,
2026-06-10 15:31:00,1781105460,1304.77906898,1334.16545084,1286.05359384,1327.90593312,
2026-06-10 15:32:00,1781105520,1327.90593312,1343.45466597,1313.5163875,1328.84219637,
2026-06-10 15:33:00,1781105580,1328.84219637,1345.08403503,1296.90025428,1336.82265487,
2026-06-10 15:34:00,1781105640,1336.82265487,1347.77471615,1302.84616922,1333.40955403,
2026-06-10 15:35:00,1781105700,1333.40955403,1341.01338509,1315.70414121,1337.61880721,
2026-06-10 15:36:00,1781105760,1337.61880721,1342.90333019,1293.97641181,1305.07051293,
2026-06-10 15:37:00,1781105820,1305.07051293,1326.51048772,1302.34935048,1314.52845283,
2026-06-10 15:38:00,1781105880,1314.52845283,1384.1947088,1314.46617271,1380.39394354,
2026-06-10 15:39:00,1781105940,1380.39394354,1399.68581721,1329.43238276,1344.46918721,
2026-06-10 15:40:00,1781106000,1344.46918721,1376.47591215,1344.22163799,1376.47591215,
2026-06-10 15:41:00,1781106060,1376.47591215,1389.96368009,1328.93877213,1336.25067386,
2026-06-10 15:42:00,1781106120,1336.25067386,1355.31692568,1296.91007516,1345.08519567,
2026-06-10 15:43:00,1781106180,1345.08519567,1345.08519567,1294.35005938,1302.46619835,
2026-06-10 15:44:00,1781106240,1302.46619835,1302.46619835,1256.69047615,1274.70949332,
2026-06-10 15:45:00,1781106300,1274.70949332,1306.37327122,1262.31016306,1264.7538457,
2026-06-10 15:46:00,1781106360,1264.7538457,1264.7538457,1169.59968425,1187.24122281,
2026-06-10 15:47:00,1781106420,1187.24122281,1326.09722798,1186.9954229,1326.09722798,
2026-06-10 15:48:00,1781106480,1326.09722798,1428.05259126,1310.36624292,1427.48097705,
2026-06-10 15:49:00,1781106540,1427.48097705,1433.45759626,1317.60317411,1325.99233333,
2026-06-10 15:50:00,1781106600,1325.99233333,1371.4190594,1268.89300884,1329.69288316,
2026-06-10 15:51:00,1781106660,1329.69288316,1331.64111269,1240.10269336,1303.20674849,
2026-06-10 15:52:00,1781106720,1303.20674849,1327.88148612,1218.78635668,1221.39311582,
2026-06-10 15:53:00,1781106780,1221.39311582,1247.00680157,1110.10958911,1114.20054478,
2026-06-10 15:54:00,1781106840,1114.20054478,1122.27187009,1013.04189444,1038.36923219,
2026-06-10 15:55:00,1781106900,1038.36923219,1132.78086203,1026.46191314,1125.6245906,
2026-06-10 15:56:00,1781106960,1125.6245906,1157.08695084,1111.81882256,1156.08729018,
2026-06-10 15:57:00,1781107020,1156.08729018,1157.63761295,1082.9317757,1103.9667813,
2026-06-10 15:58:00,1781107080,1103.9667813,1153.1925099,1100.30270144,1149.88772419,
2026-06-10 15:59:00,1781107140,1149.88772419,1170.95321816,1147.8503856,1154.18028771,
2026-06-10 16:00:00,1781107200,1154.18028771,1192.89430385,1145.4709828,1192.44349388,
2026-06-10 16:01:00,1781107260,1192.44349388,1229.85259557,1183.04194473,1211.66767841,
2026-06-10 16:02:00,1781107320,1211.66767841,1227.05101382,1203.47629322,1226.58083834,
2026-06-10 16:03:00,1781107380,1226.58083834,1241.23334138,1198.49030039,1226.85999787,
2026-06-10 16:04:00,1781107440,1226.85999787,1245.9138266,1210.57216091,1229.11662297,
2026-06-10 16:05:00,1781107500,1229.11662297,1260.76638604,1219.79642123,1254.07745299,
2026-06-10 16:06:00,1781107560,1254.07745299,1264.85000897,1189.07263689,1194.99788356,
2026-06-10 16:07:00,1781107620,1194.99788356,1213.96439321,1163.21117207,1208.83622348,
2026-06-10 16:08:00,1781107680,1208.83622348,1285.88151497,1205.13987883,1285.88151497,
2026-06-10 16:09:00,1781107740,1285.88151497,1291.40594126,1241.92398478,1249.97119407,
2026-06-10 16:10:00,1781107800,1249.97119407,1312.07582916,1238.20774691,1305.71159965,
2026-06-10 16:11:00,1781107860,1305.71159965,1316.89002079,1278.38477736,1291.29245222,
2026-06-10 16:12:00,1781107920,1291.29245222,1295.97755785,1252.23724233,1287.64640287,
2026-06-10 16:13:00,1781107980,1287.64640287,1313.86931288,1285.62944076,1299.15847122,
2026-06-10 16:14:00,1781108040,1299.15847122,1330.61005181,1293.02559155,1317.35527557,
2026-06-10 16:15:00,1781108100,1317.35527557,1320.65991703,1261.30852698,1279.63624973,
2026-06-10 16:16:00,1781108160,1279.63624973,1310.48647326,1254.45781062,1282.31832942,
2026-06-10 16:17:00,1781108220,1282.31832942,1330.18497584,1254.76894007,1327.91176059,
2026-06-10 16:18:00,1781108280,1327.91176059,1337.23636174,1317.25881738,1327.2663428,
2026-06-10 16:19:00,1781108340,1327.2663428,1336.16026299,1318.29880891,1332.60462482,
2026-06-10 16:20:00,1781108400,1332.60462482,1349.87086104,1314.14289989,1349.80814877,
2026-06-10 16:21:00,1781108460,1349.80814877,1373.23579255,1320.3885744,1320.62302062,
2026-06-10 16:22:00,1781108520,1320.62302062,1348.67342664,1293.55900064,1348.18515373,
2026-06-10 16:23:00,1781108580,1348.18515373,1357.43735596,1330.72316155,1338.58404049,
2026-06-10 16:24:00,1781108640,1338.58404049,1392.52815919,1338.30351592,1385.95625429,
2026-06-10 16:25:00,1781108700,1385.95625429,1465.31194499,1365.54911416,1425.32327804,
2026-06-10 16:26:00,1781108760,1425.32327804,1425.96278968,1379.79362788,1396.29010519,
2026-06-10 16:27:00,1781108820,1396.29010519,1396.41459398,1348.88149526,1362.60661845,
2026-06-10 16:28:00,1781108880,1362.60661845,1379.66494581,1338.15705227,1363.73024717,
2026-06-10 16:29:00,1781108940,1363.73024717,1375.68844591,1348.13033021,1348.13033021,
2026-06-10 16:30:00,1781109000,1348.13033021,1371.5691424,1331.33572674,1371.44588366,
2026-06-10 16:31:00,1781109060,1371.44588366,1408.12272163,1361.31900459,1389.27607454,
2026-06-10 16:32:00,1781109120,1389.27607454,1430.54619347,1349.63246904,1365.96201453,
2026-06-10 16:33:00,1781109180,1365.96201453,1374.03045928,1344.30587456,1374.03045928,
2026-06-10 16:34:00,1781109240,1374.03045928,1387.77483843,1278.83371455,1279.42291312,
2026-06-10 16:35:00,1781109300,1279.42291312,1317.55600689,1269.4471596,1298.73293347,
2026-06-10 16:36:00,1781109360,1298.73293347,1338.30635684,1285.91682948,1324.86758941,
2026-06-10 16:37:00,1781109420,1324.86758941,1324.86758941,1278.70003248,1304.45106748,
2026-06-10 16:38:00,1781109480,1304.45106748,1347.26002281,1291.38440438,1310.57519869,
2026-06-10 16:39:00,1781109540,1310.57519869,1349.19582252,1310.51511422,1334.01924564,
2026-06-10 16:40:00,1781109600,1334.01924564,1345.03988599,1299.24277952,1320.28289109,
2026-06-10 16:41:00,1781109660,1320.28289109,1366.5367599,1306.5201817,1362.55942014,
2026-06-10 16:42:00,1781109720,1362.55942014,1376.07277237,1346.63743432,1352.20144829,
2026-06-10 16:43:00,1781109780,1352.20144829,1372.04845593,1338.69669365,1368.33060029,
2026-06-10 16:44:00,1781109840,1368.33060029,1387.86345591,1356.29896295,1385.54629513,
2026-06-10 16:45:00,1781109900,1385.54629513,1425.58794116,1385.54629513,1417.72996958,
2026-06-10 16:46:00,1781109960,1417.72996958,1479.13914587,1393.99560129,1465.27220665,
2026-06-10 16:47:00,1781110020,1465.27220665,1534.39229379,1451.42209329,1534.39229379,
2026-06-10 16:48:00,1781110080,1534.39229379,1555.56873262,1479.4158206,1522.16490704,
2026-06-10 16:49:00,1781110140,1522.16490704,1548.588124,1513.48670134,1531.70178158,
2026-06-10 16:50:00,1781110200,1531.70178158,1577.00621834,1520.59577424,1544.11206116,
2026-06-10 16:51:00,1781110260,1544.11206116,1574.38161776,1497.03513491,1497.03513491,
2026-06-10 16:52:00,1781110320,1497.03513491,1509.08861363,1413.95805299,1414.02111184,
2026-06-10 16:53:00,1781110380,1414.02111184,1453.97664666,1410.40587991,1443.44026609,
2026-06-10 16:54:00,1781110440,1443.44026609,1443.44026609,1391.0127485,1416.77049936,
2026-06-10 16:55:00,1781110500,1416.77049936,1480.04134091,1413.61203393,1471.65640084,
2026-06-10 16:56:00,1781110560,1471.65640084,1474.61663028,1431.15897728,1431.15897728,
2026-06-10 16:57:00,1781110620,1431.15897728,1457.05677931,1406.31989205,1406.76095948,
2026-06-10 16:58:00,1781110680,1406.76095948,1414.4702089,1393.26211387,1400.62107999,
2026-06-10 16:59:00,1781110740,1400.62107999,1402.25352862,1369.39598223,1374.39749059,
2026-06-10 17:00:00,1781110800,1374.39749059,1392.97867881,1349.53438776,1386.23417116,
2026-06-10 17:01:00,1781110860,1386.23417116,1390.79943003,1351.07987852,1353.44567513,
2026-06-10 17:02:00,1781110920,1353.44567513,1359.92801607,1301.24054148,1309.97027902,
2026-06-10 17:03:00,1781110980,1309.97027902,1329.68498989,1300.3976659,1320.77939546,
2026-06-10 17:04:00,1781111040,1320.77939546,1323.70195788,1282.856249,1286.31737584,
2026-06-10 17:05:00,1781111100,1286.31737584,1344.38012185,1286.31737584,1341.07954566,
2026-06-10 17:06:00,1781111160,1341.07954566,1361.03201259,1326.75887422,1327.71908743,
2026-06-10 17:07:00,1781111220,1327.71908743,1386.07981589,1310.88712765,1366.97410667,
2026-06-10 17:08:00,1781111280,1366.97410667,1407.94414084,1366.47396705,1397.54639467,
2026-06-10 17:09:00,1781111340,1397.54639467,1425.33045488,1380.65087396,1394.70374285,
2026-06-10 17:10:00,1781111400,1394.70374285,1502.0594042,1392.87302847,1495.01500868,
2026-06-10 17:11:00,1781111460,1495.01500868,1503.85663425,1436.22453691,1447.78100961,
2026-06-10 17:12:00,1781111520,1447.78100961,1494.39258186,1440.87357826,1463.86200369,
2026-06-10 17:13:00,1781111580,1463.86200369,1464.70211149,1432.64505697,1448.04242681,
2026-06-10 17:14:00,1781111640,1448.04242681,1473.57796803,1445.85792379,1446.09881607,
2026-06-10 17:15:00,1781111700,1446.09881607,1462.82170904,1415.96939884,1429.44859485,
2026-06-10 17:16:00,1781111760,1429.44859485,1440.79379242,1387.92298401,1410.76387038,
2026-06-10 17:17:00,1781111820,1410.76387038,1437.34871324,1376.8174376,1432.31458855,
2026-06-10 17:18:00,1781111880,1432.31458855,1432.31458855,1389.00548666,1407.75390057,
2026-06-10 17:19:00,1781111940,1407.75390057,1434.86114735,1402.94272905,1403.82756045,
2026-06-10 17:20:00,1781112000,1403.82756045,1434.94137805,1397.44752787,1398.01799496,
2026-06-10 17:21:00,1781112060,1398.01799496,1464.02040387,1396.89815159,1425.5404421,
2026-06-10 17:22:00,1781112120,1425.5404421,1486.66418591,1425.5404421,1472.50899663,
2026-06-10 17:23:00,1781112180,1472.50899663,1476.88829611,1447.4643507,1455.26616874,
2026-06-10 17:24:00,1781112240,1455.26616874,1457.35341208,1410.22066855,1428.61669234,
2026-06-10 17:25:00,1781112300,1428.61669234,1437.95950426,1392.39353553,1413.81162834,
2026-06-10 17:26:00,1781112360,1413.81162834,1485.54763278,1413.81162834,1461.71739042,
2026-06-10 17:27:00,1781112420,1461.71739042,1491.79065849,1439.21329253,1472.99695328,
2026-06-10 17:28:00,1781112480,1472.99695328,1491.32841216,1472.99695328,1487.19091254,
2026-06-10 17:29:00,1781112540,1487.19091254,1575.53234828,1487.19091254,1563.99173238,
2026-06-10 17:30:00,1781112600,1563.99173238,1604.03093407,1544.99941946,1596.6752914,
2026-06-10 17:31:00,1781112660,1596.6752914,1642.92336512,1573.70485561,1642.92336512,
2026-06-10 17:32:00,1781112720,1642.92336512,1725.56338637,1620.60854034,1693.50818636,
2026-06-10 17:33:00,1781112780,1693.50818636,1693.50818636,1605.3643639,1605.43287343,
2026-06-10 17:34:00,1781112840,1605.43287343,1625.72331654,1562.19260697,1610.94861883,
2026-06-10 17:35:00,1781112900,1610.94861883,1652.5014637,1598.37738602,1652.5014637,
2026-06-10 17:36:00,1781112960,1652.5014637,1697.41349316,1632.87148563,1687.06848754,
2026-06-10 17:37:00,1781113020,1687.06848754,1687.06848754,1621.83680194,1641.04535811,
2026-06-10 17:38:00,1781113080,1641.04535811,1717.98863402,1641.04535811,1694.70137824,
2026-06-10 17:39:00,1781113140,1694.70137824,1699.82313152,1653.71228251,1667.44563379,
2026-06-10 17:40:00,1781113200,1667.44563379,1722.34455824,1616.14856009,1685.905533,
2026-06-10 17:41:00,1781113260,1685.905533,1746.4246313,1672.56689194,1716.6405182,
2026-06-10 17:42:00,1781113320,1716.6405182,1753.16878139,1708.55586219,1708.55586219,
2026-06-10 17:43:00,1781113380,1708.55586219,1718.20644149,1611.61527669,1615.57464145,
2026-06-10 17:44:00,1781113440,1615.57464145,1692.05897629,1615.57464145,1689.68105918,
2026-06-10 17:45:00,1781113500,1689.68105918,1707.41280504,1647.68575232,1654.05646287,
2026-06-10 17:46:00,1781113560,1654.05646287,1655.3002529,1577.86532604,1585.58117096,
2026-06-10 17:47:00,1781113620,1585.58117096,1608.60472266,1550.91645317,1562.02578897,
2026-06-10 17:48:00,1781113680,1562.02578897,1562.75847476,1508.87877577,1519.87044356,
2026-06-10 17:49:00,1781113740,1519.87044356,1531.71259897,1481.65221856,1484.2511008,
2026-06-10 17:50:00,1781113800,1484.2511008,1627.68412212,1482.16890468,1583.11700373,
2026-06-10 17:51:00,1781113860,1583.11700373,1594.32759867,1543.70171829,1558.84441269,
2026-06-10 17:52:00,1781113920,1558.84441269,1622.17020941,1552.81795462,1621.6903514,
2026-06-10 17:53:00,1781113980,1621.6903514,1625.80883262,1591.62087445,1593.66194922,
2026-06-10 17:54:00,1781114040,1593.66194922,1606.4280777,1560.62595405,1584.9813982,
2026-06-10 17:55:00,1781114100,1584.9813982,1585.38357578,1529.43037416,1559.56859074,
2026-06-10 17:56:00,1781114160,1559.56859074,1574.58472944,1530.14004216,1532.0108972,
2026-06-10 17:57:00,1781114220,1532.0108972,1572.05337594,1531.01261478,1569.23734066,
2026-06-10 17:58:00,1781114280,1569.23734066,1569.23734066,1510.10512277,1523.48676161,
2026-06-10 17:59:00,1781114340,1523.48676161,1541.47564153,1511.98649821,1532.70780265,
2026-06-10 18:00:00,1781114400,1532.70780265,1534.59232098,1493.95427829,1514.94242546,
2026-06-10 18:01:00,1781114460,1514.94242546,1555.21725747,1496.34852983,1544.280563,
2026-06-10 18:02:00,1781114520,1544.280563,1556.02145029,1477.11035914,1484.00652347,
2026-06-10 18:03:00,1781114580,1484.00652347,1502.8074386,1462.88188028,1468.67812613,
2026-06-10 18:04:00,1781114640,1468.67812613,1480.43622004,1439.29866805,1448.89430994,
2026-06-10 18:05:00,1781114700,1448.89430994,1456.77632094,1425.01076775,1428.60742601,
2026-06-10 18:06:00,1781114760,1428.60742601,1497.57657492,1410.13594463,1497.55545364,
2026-06-10 18:07:00,1781114820,1497.55545364,1550.94552355,1497.55545364,1546.24350982,
2026-06-10 18:08:00,1781114880,1546.24350982,1546.3102657,1478.36159478,1487.90498239,
2026-06-10 18:09:00,1781114940,1487.90498239,1525.30338586,1487.18308264,1509.44859882,
2026-06-10 18:10:00,1781115000,1509.44859882,1562.72914455,1507.41283391,1558.34079618,
2026-06-10 18:11:00,1781115060,1558.34079618,1564.44885709,1511.30001444,1512.14952355,
2026-06-10 18:12:00,1781115120,1512.14952355,1520.9624121,1496.84427898,1517.63078975,
2026-06-10 18:13:00,1781115180,1517.63078975,1566.5689321,1512.72651273,1549.76340165,
2026-06-10 18:14:00,1781115240,1549.76340165,1549.76340165,1525.37056952,1531.81331066,
2026-06-10 18:15:00,1781115300,1531.81331066,1537.20588801,1504.87025269,1523.69126678,
2026-06-10 18:16:00,1781115360,1523.69126678,1531.22570838,1504.26415419,1514.89614543,
2026-06-10 18:17:00,1781115420,1514.89614543,1585.92474093,1514.89614543,1584.02422911,
2026-06-10 18:18:00,1781115480,1584.02422911,1587.35825311,1560.01171616,1566.49045237,
2026-06-10 18:19:00,1781115540,1566.49045237,1579.13757424,1551.8996578,1564.19685374,
2026-06-10 18:20:00,1781115600,1564.19685374,1564.60032578,1529.5121488,1546.57047797,
2026-06-10 18:21:00,1781115660,1546.57047797,1576.48766244,1525.08577381,1575.76759176,
2026-06-10 18:22:00,1781115720,1575.76759176,1610.07516383,1575.21893514,1583.48680163,
2026-06-10 18:23:00,1781115780,1583.48680163,1583.48680163,1531.92247616,1540.14847145,
2026-06-10 18:24:00,1781115840,1540.14847145,1554.46004321,1512.88196549,1519.86027108,
2026-06-10 18:25:00,1781115900,1519.86027108,1588.89426162,1515.20200254,1585.4160574,
2026-06-10 18:26:00,1781115960,1585.4160574,1595.02197088,1547.14648552,1563.39258567,
2026-06-10 18:27:00,1781116020,1563.39258567,1600.65959177,1563.39258567,1591.63250501,
2026-06-10 18:28:00,1781116080,1591.63250501,1591.63250501,1553.46967348,1569.59395947,
2026-06-10 18:29:00,1781116140,1569.59395947,1577.23281315,1480.81472125,1483.50579426,
2026-06-10 18:30:00,1781116200,1483.50579426,1528.86664183,1483.50579426,1489.1532345,
2026-06-10 18:31:00,1781116260,1489.1532345,1538.15598376,1488.75586779,1533.79934078,
2026-06-10 18:32:00,1781116320,1533.79934078,1552.51835797,1519.32231399,1530.00678878,
2026-06-10 18:33:00,1781116380,1530.00678878,1549.27640615,1509.61069443,1548.33301681,
2026-06-10 18:34:00,1781116440,1548.33301681,1573.01221831,1528.71476919,1535.84285107,
2026-06-10 18:35:00,1781116500,1535.84285107,1612.42456566,1535.77572297,1590.03836933,
2026-06-10 18:36:00,1781116560,1590.03836933,1607.1581429,1569.9355888,1606.32996534,
2026-06-10 18:37:00,1781116620,1606.32996534,1641.56893362,1604.51172471,1631.85868074,
2026-06-10 18:38:00,1781116680,1631.85868074,1640.59152492,1617.47621414,1622.52848761,
2026-06-10 18:39:00,1781116740,1622.52848761,1634.92270667,1608.5191053,1626.81730456,
2026-06-10 18:40:00,1781116800,1626.81730456,1638.58258432,1617.49323455,1631.38502646,
2026-06-10 18:41:00,1781116860,1631.38502646,1650.1731499,1619.58165147,1650.09991249,
2026-06-10 18:42:00,1781116920,1650.09991249,1650.09991249,1613.06629661,1647.8977095,
2026-06-10 18:43:00,1781116980,1647.8977095,1663.18916624,1627.44350029,1662.8382856,
2026-06-10 18:44:00,1781117040,1662.8382856,1670.84388556,1640.66619814,1643.73936381,
2026-06-10 18:45:00,1781117100,1643.73936381,1662.76505868,1630.80259391,1649.13327421,
2026-06-10 18:46:00,1781117160,1649.13327421,1677.02397038,1639.36831791,1659.28850702,
2026-06-10 18:47:00,1781117220,1659.28850702,1665.13002846,1650.03187174,1657.83512408,
2026-06-10 18:48:00,1781117280,1657.83512408,1657.83512408,1603.27378466,1619.40942614,
2026-06-10 18:49:00,1781117340,1619.40942614,1631.77805295,1592.18369639,1626.81391402,
2026-06-10 18:50:00,1781117400,1626.81391402,1768.1532699,1624.99905743,1720.93835049,
2026-06-10 18:51:00,1781117460,1720.93835049,1720.93835049,1658.9165466,1671.37488566,
2026-06-10 18:52:00,1781117520,1671.37488566,1679.0956206,1649.85282079,1670.28085685,
2026-06-10 18:53:00,1781117580,1670.28085685,1671.26951806,1613.95697928,1625.33267952,
2026-06-10 18:54:00,1781117640,1625.33267952,1639.96181333,1587.91883837,1597.55681638,
2026-06-10 18:55:00,1781117700,1597.55681638,1648.74271965,1597.55681638,1642.86525803,
2026-06-10 18:56:00,1781117760,1642.86525803,1652.86855018,1610.61822735,1613.2204112,
2026-06-10 18:57:00,1781117820,1613.2204112,1613.43003788,1545.02194409,1549.81006663,
2026-06-10 18:58:00,1781117880,1549.81006663,1564.89698544,1548.97401032,1563.2105805,
2026-06-10 18:59:00,1781117940,1563.2105805,1569.3397846,1552.45436917,1554.48135287,
2026-06-10 19:00:00,1781118000,1554.48135287,1569.32286513,1539.69486319,1569.32286513,
2026-06-10 19:01:00,1781118060,1569.32286513,1569.32286513,1532.79326612,1561.01556536,
2026-06-10 19:02:00,1781118120,1561.01556536,1616.51393175,1560.25895691,1579.15896789,
2026-06-10 19:03:00,1781118180,1579.15896789,1592.95121359,1552.47771877,1562.13128737,
2026-06-10 19:04:00,1781118240,1562.13128737,1615.27089157,1559.43879488,1598.02609463,
2026-06-10 19:05:00,1781118300,1598.02609463,1654.4204716,1597.70541358,1624.17478347,
2026-06-10 19:06:00,1781118360,1624.17478347,1624.27456675,1571.0308294,1578.37940961,
2026-06-10 19:07:00,1781118420,1578.37940961,1578.37940961,1527.05745306,1529.23074278,
2026-06-10 19:08:00,1781118480,1529.23074278,1539.53664303,1506.34484072,1516.8749112,
2026-06-10 19:09:00,1781118540,1516.8749112,1538.89362339,1515.99636625,1520.10154192,
2026-06-10 19:10:00,1781118600,1520.10154192,1573.58710824,1517.8701098,1556.05329255,
2026-06-10 19:11:00,1781118660,1556.05329255,1612.9453942,1552.31864946,1612.9453942,
2026-06-10 19:12:00,1781118720,1612.9453942,1643.40382332,1608.77851925,1609.75748838,
2026-06-10 19:13:00,1781118780,1609.75748838,1624.26362967,1592.59222059,1623.98114377,
2026-06-10 19:14:00,1781118840,1623.98114377,1650.8276336,1617.37807712,1638.88461774,
2026-06-10 19:15:00,1781118900,1638.88461774,1659.11757561,1598.42534836,1605.39446699,
2026-06-10 19:16:00,1781118960,1605.39446699,1611.04462633,1585.71013046,1599.78933816,
2026-06-10 19:17:00,1781119020,1599.78933816,1691.67652053,1594.83191953,1688.21892098,
2026-06-10 19:18:00,1781119080,1688.21892098,1694.49863669,1640.07514369,1642.97969647,
2026-06-10 19:19:00,1781119140,1642.97969647,1671.74322913,1626.41983988,1656.65044877,
2026-06-10 19:20:00,1781119200,1656.65044877,1671.60496211,1638.45979031,1667.97703301,
2026-06-10 19:21:00,1781119260,1667.97703301,1686.56482358,1654.2589227,1660.87511733,
2026-06-10 19:22:00,1781119320,1660.87511733,1669.03485838,1640.70162166,1662.30329412,
2026-06-10 19:23:00,1781119380,1662.30329412,1690.5350072,1662.30329412,1681.92099008,
2026-06-10 19:24:00,1781119440,1681.92099008,1681.92099008,1635.6749408,1635.6749408,
2026-06-10 19:25:00,1781119500,1635.6749408,1640.61938206,1582.76759755,1609.0814767,
2026-06-10 19:26:00,1781119560,1609.0814767,1659.58831151,1596.75621657,1656.81901151,
2026-06-10 19:27:00,1781119620,1656.81901151,1667.71404635,1642.01639979,1652.05739346,
2026-06-10 19:28:00,1781119680,1652.05739346,1656.97640559,1603.89805269,1619.9526079,
2026-06-10 19:29:00,1781119740,1619.9526079,1626.26774544,1598.79104151,1612.9536592,
2026-06-10 19:30:00,1781119800,1612.9536592,1615.13603385,1559.86028167,1570.24035135,
2026-06-10 19:31:00,1781119860,1570.24035135,1578.29166585,1536.07997309,1578.29166585,
2026-06-10 19:32:00,1781119920,1578.29166585,1581.93232225,1548.96901647,1554.80449121,
2026-06-10 19:33:00,1781119980,1554.80449121,1556.96696598,1528.67497001,1534.88993622,
2026-06-10 19:34:00,1781120040,1534.88993622,1534.88993622,1495.73405991,1497.5429911,
2026-06-10 19:35:00,1781120100,1497.5429911,1528.16383906,1488.01121685,1501.99119372,
2026-06-10 19:36:00,1781120160,1501.99119372,1535.80978191,1501.99119372,1523.18828913,
2026-06-10 19:37:00,1781120220,1523.18828913,1523.18828913,1471.9711074,1486.54424661,
2026-06-10 19:38:00,1781120280,1486.54424661,1490.11174892,1456.00960234,1460.40680278,
2026-06-10 19:39:00,1781120340,1460.40680278,1476.84449718,1421.30116851,1475.1992917,
2026-06-10 19:40:00,1781120400,1475.1992917,1500.7837164,1446.80183167,1480.81948114,
2026-06-10 19:41:00,1781120460,1480.81948114,1507.93454605,1464.96423648,1466.95000723,
2026-06-10 19:42:00,1781120520,1466.95000723,1482.58420052,1462.56317069,1478.24306236,
2026-06-10 19:43:00,1781120580,1478.24306236,1493.60005604,1452.62138464,1465.46547883,
2026-06-10 19:44:00,1781120640,1465.46547883,1469.94966895,1451.5209416,1456.36434344,
2026-06-10 19:45:00,1781120700,1456.36434344,1467.9834507,1441.90578587,1463.07149406,
2026-06-10 19:46:00,1781120760,1463.07149406,1519.43917183,1463.06977374,1470.71692007,
2026-06-10 19:47:00,1781120820,1470.71692007,1502.25639035,1469.64352258,1502.25469861,
2026-06-10 19:48:00,1781120880,1502.25469861,1535.31875773,1497.46140132,1532.58679411,
2026-06-10 19:49:00,1781120940,1532.58679411,1532.58679411,1479.92052615,1479.92052615,
2026-06-10 19:50:00,1781121000,1479.92052615,1576.13042647,1476.79374374,1484.2512928,
2026-06-10 19:51:00,1781121060,1484.2512928,1525.68443745,1483.35630929,1486.65315417,
2026-06-10 19:52:00,1781121120,1486.65315417,1502.77486612,1475.00171052,1497.3551473,
2026-06-10 19:53:00,1781121180,1497.3551473,1497.3551473,1462.58850019,1464.04878133,
2026-06-10 19:54:00,1781121240,1464.04878133,1522.15449046,1459.19068793,1494.06507673,
2026-06-10 19:55:00,1781121300,1494.06507673,1513.08193286,1471.33264938,1471.88390848,
2026-06-10 19:56:00,1781121360,1471.88390848,1479.38816429,1443.98532215,1462.67095158,
2026-06-10 19:57:00,1781121420,1462.67095158,1474.23604294,1435.99821403,1449.96808458,
2026-06-10 19:58:00,1781121480,1449.96808458,1481.39556836,1449.96808458,1454.55704159,
2026-06-10 19:59:00,1781121540,1454.55704159,1516.6540071,1454.55531199,1508.3589048,
2026-06-10 20:00:00,1781121600,1508.3589048,1545.62258668,1500.97860587,1539.30839544,
2026-06-10 20:01:00,1781121660,1539.30839544,1604.81831692,1539.20173011,1604.81831692,
2026-06-10 20:02:00,1781121720,1604.81831692,1612.87605685,1549.34152123,1567.99554166,
2026-06-10 20:03:00,1781121780,1567.99554166,1572.57363329,1515.82832708,1531.23815173,
2026-06-10 20:04:00,1781121840,1531.23815173,1584.3873775,1531.23815173,1571.68392941,
2026-06-10 20:05:00,1781121900,1571.68392941,1632.32878123,1564.84168758,1600.89471989,
2026-06-10 20:06:00,1781121960,1600.89471989,1615.44199376,1553.45990665,1612.2917012,
2026-06-10 20:07:00,1781122020,1612.2917012,1639.26177615,1612.2917012,1617.54784427,
2026-06-10 20:08:00,1781122080,1617.54784427,1617.54784427,1597.79416653,1617.2711989,
2026-06-10 20:09:00,1781122140,1617.2711989,1682.93153727,1617.2711989,1632.1861563,
2026-06-10 20:10:00,1781122200,1632.1861563,1639.53225387,1604.76876807,1604.76876807,
2026-06-10 20:11:00,1781122260,1604.76876807,1609.68249666,1588.14650747,1598.52003741,
2026-06-10 20:12:00,1781122320,1598.52003741,1602.65548842,1583.62536318,1597.41208593,
2026-06-10 20:13:00,1781122380,1597.41208593,1618.1042752,1575.82832801,1594.77364741,
2026-06-10 20:14:00,1781122440,1594.77364741,1602.7644906,1582.62008281,1590.07143088,
2026-06-10 20:15:00,1781122500,1590.07143088,1598.17731418,1563.55793049,1582.46179509,
2026-06-10 20:16:00,1781122560,1582.46179509,1622.6124963,1572.37076671,1613.0342884,
2026-06-10 20:17:00,1781122620,1613.0342884,1642.18660676,1589.89706523,1599.70207056,
2026-06-10 20:18:00,1781122680,1599.70207056,1602.95211122,1560.69285284,1575.69519653,
2026-06-10 20:19:00,1781122740,1575.69519653,1580.16589963,1562.84663591,1579.53566366,
2026-06-10 20:20:00,1781122800,1579.53566366,1641.19963833,1579.53566366,1619.45090502,
2026-06-10 20:21:00,1781122860,1619.45090502,1628.16662362,1579.77635568,1620.6404378,
2026-06-10 20:22:00,1781122920,1620.6404378,1620.93788531,1513.97988505,1516.48509879,
2026-06-10 20:23:00,1781122980,1516.48509879,1557.54562542,1492.33587125,1549.53277869,
2026-06-10 20:24:00,1781123040,1549.53277869,1554.43814568,1497.34225306,1506.65060541,
2026-06-10 20:25:00,1781123100,1506.65060541,1519.12377701,1499.59974604,1506.8197843,
2026-06-10 20:26:00,1781123160,1506.8197843,1529.36610532,1506.8197843,1520.14168338,
2026-06-10 20:27:00,1781123220,1520.14168338,1534.48674125,1518.05544455,1526.51424037,
2026-06-10 20:28:00,1781123280,1526.51424037,1536.57054634,1521.34959542,1524.48705336,
2026-06-10 20:29:00,1781123340,1524.48705336,1528.16370634,1514.95777216,1519.72647583,
2026-06-10 20:30:00,1781123400,1519.72647583,1576.63499129,1519.65633341,1568.39178517,
2026-06-10 20:31:00,1781123460,1568.39178517,1573.54648227,1553.091166,1566.76687043,
2026-06-10 20:32:00,1781123520,1566.76687043,1589.66166328,1542.32112697,1550.05891164,
2026-06-10 20:33:00,1781123580,1550.05891164,1550.05891164,1520.45312165,1521.41379699,
2026-06-10 20:34:00,1781123640,1521.41379699,1524.4378227,1505.82789264,1517.09533236,
2026-06-10 20:35:00,1781123700,1517.09533236,1539.56875425,1511.96509148,1535.80386934,
2026-06-10 20:36:00,1781123760,1535.80386934,1549.35848463,1532.3971783,1548.73464609,
2026-06-10 20:37:00,1781123820,1548.73464609,1548.80210007,1517.57444802,1518.40629033,
2026-06-10 20:38:00,1781123880,1518.40629033,1546.51807307,1510.26949655,1545.34266066,
2026-06-10 20:39:00,1781123940,1545.34266066,1558.68570581,1529.265367,1557.04555679,
2026-06-10 20:40:00,1781124000,1557.04555679,1567.9595778,1551.74541363,1558.37709241,
2026-06-10 20:41:00,1781124060,1558.37709241,1559.06742622,1543.9319099,1545.41839341,
2026-06-10 20:42:00,1781124120,1545.41839341,1565.47313394,1545.41839341,1563.68779242,
2026-06-10 20:43:00,1781124180,1563.68779242,1574.47633852,1539.0152817,1561.28515563,
2026-06-10 20:44:00,1781124240,1561.28515563,1589.27575885,1550.71107762,1588.43205487,
2026-06-10 20:45:00,1781124300,1588.43205487,1598.12612833,1565.07618615,1598.12612833,
2026-06-10 20:46:00,1781124360,1598.12612833,1630.39322012,1598.12288812,1614.53954307,
2026-06-10 20:47:00,1781124420,1614.53954307,1632.49269108,1605.82057429,1608.31079898,
2026-06-10 20:48:00,1781124480,1608.31079898,1627.81200515,1598.14133808,1601.26608083,
2026-06-10 20:49:00,1781124540,1601.26608083,1606.43180122,1586.97301976,1590.14516668,
2026-06-10 20:50:00,1781124600,1590.14516668,1636.65151781,1567.22149056,1629.68905632,
2026-06-10 20:51:00,1781124660,1629.68905632,1658.36289124,1612.14689786,1613.17034069,
2026-06-10 20:52:00,1781124720,1613.17034069,1624.27217941,1602.42229886,1618.54191689,
2026-06-10 20:53:00,1781124780,1618.54191689,1662.19872446,1618.54029562,1645.90776376,
2026-06-10 20:54:00,1781124840,1645.90776376,1649.32198926,1612.17305334,1612.17305334,
2026-06-10 20:55:00,1781124900,1612.17305334,1657.14560177,1605.04741737,1657.14560177,
2026-06-10 20:56:00,1781124960,1657.14560177,1657.64878164,1640.13235522,1640.41845286,
2026-06-10 20:57:00,1781125020,1640.41845286,1655.30705932,1639.9995129,1647.50009089,
2026-06-10 20:58:00,1781125080,1647.50009089,1647.51056225,1582.91972579,1593.47604594,
2026-06-10 20:59:00,1781125140,1593.47604594,1599.97428125,1583.83609821,1589.3991674,
2026-06-10 21:00:00,1781125200,1589.3991674,1636.30021828,1588.96751349,1631.5128997,
2026-06-10 21:01:00,1781125260,1631.5128997,1631.5128997,1603.87237346,1607.69453878,
2026-06-10 21:02:00,1781125320,1607.69453878,1623.29982276,1599.04396787,1621.02012492,
2026-06-10 21:03:00,1781125380,1621.02012492,1621.66308903,1597.3391206,1607.96061984,
2026-06-10 21:04:00,1781125440,1607.96061984,1630.71319495,1607.31447752,1630.28370311,
2026-06-10 21:05:00,1781125500,1630.28370311,1695.16611174,1630.2820939,1676.75514806,
2026-06-10 21:06:00,1781125560,1676.75514806,1692.97291266,1653.4285086,1692.97291266,
2026-06-10 21:07:00,1781125620,1692.97291266,1705.83784641,1680.42644269,1704.15928492,
2026-06-10 21:08:00,1781125680,1704.15928492,1717.90063057,1699.31903494,1712.88453054,
2026-06-10 21:09:00,1781125740,1712.88453054,1725.65208019,1702.31953225,1723.15755027,
2026-06-10 21:10:00,1781125800,1723.15755027,1799.0776997,1719.03885353,1761.19743859,
2026-06-10 21:11:00,1781125860,1761.19743859,1802.61734061,1752.91212177,1798.37879098,
2026-06-10 21:12:00,1781125920,1798.37879098,1817.99178587,1764.88498725,1817.84222563,
2026-06-10 21:13:00,1781125980,1817.84222563,1817.91700501,1783.99749218,1784.71396344,
2026-06-10 21:14:00,1781126040,1784.71396344,1803.82078672,1783.65507107,1786.35102447,
2026-06-10 21:15:00,1781126100,1786.35102447,1786.35102447,1728.01461425,1731.58251612,
2026-06-10 21:16:00,1781126160,1731.58251612,1731.58251612,1699.98627629,1701.16989005,
2026-06-10 21:17:00,1781126220,1701.16989005,1713.22701122,1679.43309743,1709.01090186,
2026-06-10 21:18:00,1781126280,1709.01090186,1781.72983878,1708.86462784,1759.36254625,
2026-06-10 21:19:00,1781126340,1759.36254625,1765.11187081,1711.04721254,1735.66818579,
2026-06-10 21:20:00,1781126400,1735.66818579,1767.96635607,1735.66818579,1743.95067209,
2026-06-10 21:21:00,1781126460,1743.95067209,1774.03787891,1742.74120405,1761.60907636,
2026-06-10 21:22:00,1781126520,1761.60907636,1763.35269822,1718.58783269,1718.95068166,
2026-06-10 21:23:00,1781126580,1718.95068166,1752.81763568,1702.23501363,1747.54521322,
2026-06-10 21:24:00,1781126640,1747.54521322,1800.24277751,1744.76495717,1794.12705983,
2026-06-10 21:25:00,1781126700,1794.12705983,1797.90300853,1760.32933384,1761.77279655,
2026-06-10 21:26:00,1781126760,1761.77279655,1770.06890142,1756.86539822,1761.56257276,
2026-06-10 21:27:00,1781126820,1761.56257276,1765.83837881,1731.23929649,1764.67672361,
2026-06-10 21:28:00,1781126880,1764.67672361,1767.08773845,1740.64870637,1767.08773845,
2026-06-10 21:29:00,1781126940,1767.08773845,1770.18612686,1747.89307487,1764.72942238,
2026-06-10 21:30:00,1781127000,1764.72942238,1769.95635172,1700.92621455,1718.07038037,
2026-06-10 21:31:00,1781127060,1718.07038037,1719.23054921,1704.31084779,1707.98023632,
2026-06-10 21:32:00,1781127120,1707.98023632,1716.91703462,1674.95115334,1682.75860321,
2026-06-10 21:33:00,1781127180,1682.75860321,1687.61082175,1661.0950887,1661.0950887,
2026-06-10 21:34:00,1781127240,1661.0950887,1691.50297222,1656.64216429,1671.8010061,
2026-06-10 21:35:00,1781127300,1671.8010061,1717.85784985,1660.86280412,1700.42847552,
2026-06-10 21:36:00,1781127360,1700.42847552,1717.6492922,1697.2753907,1702.11167522,
2026-06-10 21:37:00,1781127420,1702.11167522,1713.92355907,1697.38119051,1698.69203855,
2026-06-10 21:38:00,1781127480,1698.69203855,1719.24434502,1696.959428,1702.68450785,
2026-06-10 21:39:00,1781127540,1702.68450785,1739.89770178,1702.61040606,1739.89611556,
2026-06-10 21:40:00,1781127600,1739.89611556,1744.43721417,1721.06967912,1721.14255148,
2026-06-10 21:41:00,1781127660,1721.14255148,1723.22475413,1711.2191389,1712.96223963,
2026-06-10 21:42:00,1781127720,1712.96223963,1723.91524044,1708.332236,1708.38694727,
2026-06-10 21:43:00,1781127780,1708.38694727,1713.67565709,1682.47351628,1704.05392184,
2026-06-10 21:44:00,1781127840,1704.05392184,1705.06472721,1679.57645093,1681.20211974,
2026-06-10 21:45:00,1781127900,1681.20211974,1710.6175408,1676.49158374,1710.6175408,
2026-06-10 21:46:00,1781127960,1710.6175408,1716.29688181,1687.6983572,1690.14223656,
2026-06-10 21:47:00,1781128020,1690.14223656,1712.48311758,1690.06845437,1692.42541319,
2026-06-10 21:48:00,1781128080,1692.42541319,1692.42541319,1676.74745948,1682.2990079,
2026-06-10 21:49:00,1781128140,1682.2990079,1852.10079188,1682.2990079,1844.61506431,
2026-06-10 21:50:00,1781128200,1844.61506431,2036.57782971,1844.61506431,1918.45442849,
2026-06-10 21:51:00,1781128260,1918.45442849,2041.37851115,1918.45442849,2035.08069606,
2026-06-10 21:52:00,1781128320,2035.08069606,2044.17742343,1988.38117569,2019.86428903,
2026-06-10 21:53:00,1781128380,2019.86428903,2043.86222137,1977.2016069,2037.74312458,
2026-06-10 21:54:00,1781128440,2037.74312458,2038.26233704,2006.43478687,2025.17990667,
2026-06-10 21:55:00,1781128500,2025.17990667,2040.65793864,1995.23724682,2023.66743148,
2026-06-10 21:56:00,1781128560,2023.66743148,2026.09330358,1980.36806892,1980.36806892,
2026-06-10 21:57:00,1781128620,1980.36806892,2063.37674368,1969.2421477,2056.96487327,
2026-06-10 21:58:00,1781128680,2056.96487327,2082.61094637,1998.64331737,1998.64331737,
2026-06-10 21:59:00,1781128740,1998.64331737,2002.96688667,1938.93485623,1946.2604567,
2026-06-10 22:00:00,1781128800,1946.2604567,2052.25860582,1937.96423578,2009.82205505,
2026-06-10 22:01:00,1781128860,2009.82205505,2047.81005646,1996.74834703,2044.69486807,
2026-06-10 22:02:00,1781128920,2044.69486807,2078.64166747,2022.64782664,2078.64166747,
2026-06-10 22:03:00,1781128980,2078.64166747,2087.71330064,2020.29216257,2037.55924345,
2026-06-10 22:04:00,1781129040,2037.55924345,2099.00041605,2037.55924345,2090.31326928,
2026-06-10 22:05:00,1781129100,2090.31326928,2094.62508772,2038.86666841,2084.16289621,
2026-06-10 22:06:00,1781129160,2084.16289621,2094.69541109,2025.25204088,2040.15176431,
2026-06-10 22:07:00,1781129220,2040.15176431,2053.49966461,2019.80998177,2025.05262652,
2026-06-10 22:08:00,1781129280,2025.05262652,2041.52034348,2013.83859483,2015.50795845,
2026-06-10 22:09:00,1781129340,2015.50795845,2029.55310048,2013.67724699,2020.51266149,
2026-06-10 22:10:00,1781129400,2020.51266149,2020.74338378,1974.87225196,1986.5408235,
2026-06-10 22:11:00,1781129460,1986.5408235,2055.72752087,1976.18550102,2055.18485098,
2026-06-10 22:12:00,1781129520,2055.18485098,2069.52558472,1998.6237336,2031.94857278,
2026-06-10 22:13:00,1781129580,2031.94857278,2070.03045959,2019.91879118,2058.94673354,
2026-06-10 22:14:00,1781129640,2058.94673354,2065.17745517,2041.9428914,2045.89761126,
2026-06-10 22:15:00,1781129700,2045.89761126,2114.45283674,2045.89761126,2107.0160339,
2026-06-10 22:16:00,1781129760,2107.0160339,2121.38587865,2082.81486937,2101.82865722,
2026-06-10 22:17:00,1781129820,2101.82865722,2145.62633941,2099.94559718,2138.345977,
2026-06-10 22:18:00,1781129880,2138.345977,2143.13867421,2109.19738272,2127.04205222,
2026-06-10 22:19:00,1781129940,2127.04205222,2141.94368217,2035.69362901,2140.6845353,
2026-06-10 22:20:00,1781130000,2140.6845353,2163.87536301,2118.60678863,2135.44350299,
2026-06-10 22:21:00,1781130060,2135.44350299,2135.60050183,2020.70459715,2037.54724568,
2026-06-10 22:22:00,1781130120,2037.54724568,2086.08955269,2029.48986247,2075.47560623,
2026-06-10 22:23:00,1781130180,2075.47560623,2096.35452007,2058.59932288,2060.07206835,
2026-06-10 22:24:00,1781130240,2060.07206835,2106.68887532,2030.79283252,2033.5363717,
2026-06-10 22:25:00,1781130300,2033.5363717,2061.57465904,1985.03429668,1989.45865583,
2026-06-10 22:26:00,1781130360,1989.45865583,2045.11636556,1989.45865583,2031.56993551,
2026-06-10 22:27:00,1781130420,2031.56993551,2051.01210674,1995.93355793,2004.56797891,
2026-06-10 22:28:00,1781130480,2004.56797891,2011.8567675,1973.44985765,2011.8567675,
2026-06-10 22:29:00,1781130540,2011.8567675,2066.86346573,2011.85518713,2045.82218012,
2026-06-10 22:30:00,1781130600,2045.82218012,2056.3801953,1951.94705925,1972.63099367,
2026-06-10 22:31:00,1781130660,1972.63099367,1973.31165571,1910.55554324,1920.20977667,
2026-06-10 22:32:00,1781130720,1920.20977667,1947.83375693,1903.53947609,1931.88036866,
2026-06-10 22:33:00,1781130780,1931.88036866,1946.47440983,1926.65797367,1940.53018455,
2026-06-10 22:34:00,1781130840,1940.53018455,2014.86852614,1938.64191345,2002.08006369,
2026-06-10 22:35:00,1781130900,2002.08006369,2003.37767916,1936.29003559,1938.20196258,
2026-06-10 22:36:00,1781130960,1938.20196258,2000.56557715,1937.9004147,1985.55888573,
2026-06-10 22:37:00,1781131020,1985.55888573,1997.37230332,1932.47595158,1954.42840877,
2026-06-10 22:38:00,1781131080,1954.42840877,1973.2736472,1924.24937163,1929.21936096,
2026-06-10 22:39:00,1781131140,1929.21936096,1952.76542512,1929.21936096,1941.28615387,
2026-06-10 22:40:00,1781131200,1941.28615387,1952.98171982,1893.2555499,1901.85198038,
2026-06-10 22:41:00,1781131260,1901.85198038,1929.00908334,1901.85198038,1915.63023759,
2026-06-10 22:42:00,1781131320,1915.63023759,1917.2752051,1854.3405528,1854.54228039,
2026-06-10 22:43:00,1781131380,1854.54228039,1854.61458278,1791.70468856,1810.45007841,
2026-06-10 22:44:00,1781131440,1810.45007841,1867.51542457,1796.43302174,1813.07772182,
2026-06-10 22:45:00,1781131500,1813.07772182,1889.6070996,1806.49463728,1868.42168004,
2026-06-10 22:46:00,1781131560,1868.42168004,1890.44593917,1843.33600817,1845.32387101,
2026-06-10 22:47:00,1781131620,1845.32387101,1888.60965707,1845.32387101,1886.81020782,
2026-06-10 22:48:00,1781131680,1886.81020782,1911.83676969,1851.20834413,1873.79672963,
2026-06-10 22:49:00,1781131740,1873.79672963,1916.46908254,1873.79672963,1895.680558,
2026-06-10 22:50:00,1781131800,1895.680558,1898.85364192,1855.48272071,1885.53986596,
2026-06-10 22:51:00,1781131860,1885.53986596,1892.3282556,1862.96777317,1885.04633713,
2026-06-10 22:52:00,1781131920,1885.04633713,1889.80857501,1851.98024891,1878.33753882,
2026-06-10 22:53:00,1781131980,1878.33753882,1933.06036783,1878.20992978,1889.08534275,
2026-06-10 22:54:00,1781132040,1889.08534275,1892.85536761,1875.52118309,1878.2137171,
2026-06-10 22:55:00,1781132100,1878.2137171,1900.4267275,1858.15174902,1895.52949978,
2026-06-10 22:56:00,1781132160,1895.52949978,1902.24953034,1889.76183135,1893.9310225,
2026-06-10 22:57:00,1781132220,1893.9310225,1906.53519083,1885.52338201,1885.52338201,
2026-06-10 22:58:00,1781132280,1885.52338201,1908.24616222,1882.81945003,1903.87022511,
2026-06-10 22:59:00,1781132340,1903.87022511,1941.26331694,1903.79321621,1926.93534179,
2026-06-10 23:00:00,1781132400,1926.93534179,1988.50654094,1925.56704144,1976.3437572,
2026-06-10 23:01:00,1781132460,1976.3437572,1976.42052021,1941.8468382,1956.43381802,
2026-06-10 23:02:00,1781132520,1956.43381802,1973.47292725,1933.10743149,1952.78945118,
2026-06-10 23:03:00,1781132580,1952.78945118,1960.03669815,1932.28495623,1951.31863341,
2026-06-10 23:04:00,1781132640,1951.31863341,1962.77237429,1940.3597356,1949.36967253,
2026-06-10 23:05:00,1781132700,1949.36967253,1963.9763926,1937.51600452,1953.27854203,
2026-06-10 23:06:00,1781132760,1953.27854203,1962.51409662,1946.55757671,1953.84753069,
2026-06-10 23:07:00,1781132820,1953.84753069,1976.84202834,1942.80343361,1945.61992507,
2026-06-10 23:08:00,1781132880,1945.61992507,1979.62692861,1945.31211381,1978.99861778,
2026-06-10 23:09:00,1781132940,1978.99861778,2045.7344658,1958.99201001,2029.26110339,
2026-06-10 23:10:00,1781133000,2029.26110339,2063.04318228,2029.02667063,2043.59901638,
2026-06-10 23:11:00,1781133060,2043.59901638,2078.78147564,2040.29943515,2049.93772697,
2026-06-10 23:12:00,1781133120,2049.93772697,2079.65646525,2037.71150597,2060.36125801,
2026-06-10 23:13:00,1781133180,2060.36125801,2073.05821151,2048.03363117,2066.85834743,
2026-06-10 23:14:00,1781133240,2066.85834743,2075.49874896,2060.30198258,2068.78138852,
2026-06-10 23:15:00,1781133300,2068.78138852,2104.30764835,2062.7579403,2081.92636601,
2026-06-10 23:16:00,1781133360,2081.92636601,2107.67822168,2076.55487068,2077.10081316,
2026-06-10 23:17:00,1781133420,2077.10081316,2081.7784237,2033.62534257,2040.34440746,
2026-06-10 23:18:00,1781133480,2040.34440746,2040.34440746,2001.07831519,2023.17725928,
2026-06-10 23:19:00,1781133540,2023.17725928,2038.89343528,1931.28719432,1957.45073717,
2026-06-10 23:20:00,1781133600,1957.45073717,1974.43695182,1854.94345704,1865.0599891,
2026-06-10 23:21:00,1781133660,1865.0599891,1894.22642174,1854.45602205,1868.12839909,
2026-06-10 23:22:00,1781133720,1868.12839909,1886.31197727,1848.46771632,1860.17415636,
2026-06-10 23:23:00,1781133780,1860.17415636,1863.35071787,1841.9849612,1850.51272715,
2026-06-10 23:24:00,1781133840,1850.51272715,1893.74184129,1845.57219784,1876.64965058,
2026-06-10 23:25:00,1781133900,1876.64965058,1886.94688898,1827.27015454,1884.25204252,
2026-06-10 23:26:00,1781133960,1884.25204252,1895.83069629,1853.53873821,1866.56620594,
2026-06-10 23:27:00,1781134020,1866.56620594,1873.28275961,1836.34940248,1839.6395514,
2026-06-10 23:28:00,1781134080,1839.6395514,1857.37922371,1832.93124015,1832.93124015,
2026-06-10 23:29:00,1781134140,1832.93124015,1835.35303213,1790.10970972,1809.56949499,
2026-06-10 23:30:00,1781134200,1809.56949499,1814.65701313,1788.11453006,1800.77541454,
2026-06-10 23:31:00,1781134260,1800.77541454,1860.4504608,1800.77541454,1846.7661331,
2026-06-10 23:32:00,1781134320,1846.7661331,1871.71106611,1818.86205588,1825.55745366,
2026-06-10 23:33:00,1781134380,1825.55745366,1868.16078621,1817.8767022,1864.09622345,
2026-06-10 23:34:00,1781134440,1864.09622345,1866.74295925,1843.26148948,1843.26148948,
2026-06-10 23:35:00,1781134500,1843.26148948,1843.26148948,1802.96267727,1820.59977563,
2026-06-10 23:36:00,1781134560,1820.59977563,1820.59977563,1784.69460288,1812.97530949,
2026-06-10 23:37:00,1781134620,1812.97530949,1819.81254338,1812.17106747,1814.97693985,
2026-06-10 23:38:00,1781134680,1814.97693985,1842.07746744,1814.9017491,1832.1941969,
2026-06-10 23:39:00,1781134740,1832.1941969,1852.31363332,1830.17533197,1846.44021756,
2026-06-10 23:40:00,1781134800,1846.44021756,1861.56229955,1817.95166932,1818.71920859,
2026-06-10 23:41:00,1781134860,1818.71920859,1820.95229614,1789.3025812,1796.2481248,
2026-06-10 23:42:00,1781134920,1796.2481248,1797.11977274,1761.13034476,1781.98793127,
2026-06-10 23:43:00,1781134980,1781.98793127,1793.8922918,1774.20691557,1791.83712778,
2026-06-10 23:44:00,1781135040,1791.83712778,1812.4168944,1791.61770232,1806.8886131,
2026-06-10 23:45:00,1781135100,1806.8886131,1845.32046938,1804.16439537,1813.45232373,
2026-06-10 23:46:00,1781135160,1813.45232373,1828.21455668,1811.88806252,1824.20498382,
2026-06-10 23:47:00,1781135220,1824.20498382,1839.24306039,1811.53963244,1812.34624586,
2026-06-10 23:48:00,1781135280,1812.34624586,1835.15641154,1803.04678517,1832.85206419,
2026-06-10 23:49:00,1781135340,1832.85206419,1852.69381682,1832.85206419,1849.33229685,
2026-06-10 23:50:00,1781135400,1849.33229685,1860.29120481,1835.29147219,1838.98239244,
2026-06-10 23:51:00,1781135460,1838.98239244,1843.88501695,1815.49352739,1825.84822261,
2026-06-10 23:52:00,1781135520,1825.84822261,1825.84822261,1792.86181028,1797.3884071,
2026-06-10 23:53:00,1781135580,1797.3884071,1798.82712003,1770.66589241,1793.53653928,
2026-06-10 23:54:00,1781135640,1793.53653928,1825.50622087,1793.53653928,1805.32830002,
2026-06-10 23:55:00,1781135700,1805.32830002,1811.82726977,1798.45071458,1809.36305473,
2026-06-10 23:56:00,1781135760,1809.36305473,1828.10715699,1807.18971008,1820.94543937,
2026-06-10 23:57:00,1781135820,1820.94543937,1837.15987702,1817.81667913,1835.11933788,
2026-06-10 23:58:00,1781135880,1835.11933788,1836.41110051,1825.58521632,1828.03054287,
2026-06-10 23:59:00,1781135940,1828.03054287,1832.36290807,1807.66100985,1828.42846926,
2026-06-11 00:00:00,1781136000,1828.42846926,1828.42846926,1774.17124941,1777.90273141,
2026-06-11 00:01:00,1781136060,1777.90273141,1785.97039151,1748.63906174,1752.43251411,
2026-06-11 00:02:00,1781136120,1752.43251411,1755.85333911,1721.85928868,1747.76729643,
2026-06-11 00:03:00,1781136180,1747.76729643,1760.00232281,1738.65981798,1756.85111837,
2026-06-11 00:04:00,1781136240,1756.85111837,1786.36202422,1729.38434607,1777.94085819,
2026-06-11 00:05:00,1781136300,1777.94085819,1779.47955886,1727.48462869,1731.97013466,
2026-06-11 00:06:00,1781136360,1731.97013466,1762.93471454,1720.16255408,1731.23593283,
2026-06-11 00:07:00,1781136420,1731.23593283,1731.52396808,1700.30633507,1717.19113971,
2026-06-11 00:08:00,1781136480,1717.19113971,1758.0445572,1717.19113971,1735.98637705,
2026-06-11 00:09:00,1781136540,1735.98637705,1776.2732425,1735.98637705,1751.6184267,
2026-06-11 00:10:00,1781136600,1751.6184267,1764.70319904,1731.09775505,1751.86220658,
2026-06-11 00:11:00,1781136660,1751.86220658,1752.08118245,1713.7997571,1718.17293388,
2026-06-11 00:12:00,1781136720,1718.17293388,1743.14914816,1713.23686625,1713.26673094,
2026-06-11 00:13:00,1781136780,1713.26673094,1714.49255572,1683.36745721,1701.09043546,
2026-06-11 00:14:00,1781136840,1701.09043546,1712.1978071,1684.60886744,1691.1147727,
2026-06-11 00:15:00,1781136900,1691.1147727,1691.1147727,1617.99943521,1623.99402445,
2026-06-11 00:16:00,1781136960,1623.99402445,1633.94197494,1572.69938746,1590.7354599,
2026-06-11 00:17:00,1781137020,1590.7354599,1592.26422914,1490.00762484,1492.83404497,
2026-06-11 00:18:00,1781137080,1492.83404497,1595.68893404,1492.83404497,1577.64984669,
2026-06-11 00:19:00,1781137140,1577.64984669,1578.47849343,1511.79746417,1525.51996972,
2026-06-11 00:20:00,1781137200,1525.51996972,1532.96048896,1491.35869239,1506.10187773,
2026-06-11 00:21:00,1781137260,1506.10187773,1520.93973246,1482.65545415,1499.55944868,
2026-06-11 00:22:00,1781137320,1499.55944868,1552.32896763,1498.14254172,1547.3807961,
2026-06-11 00:23:00,1781137380,1547.3807961,1592.58373162,1546.96959717,1573.15305749,
2026-06-11 00:24:00,1781137440,1573.15305749,1599.98858673,1561.05445578,1561.53804711,
2026-06-11 00:25:00,1781137500,1561.53804711,1587.01106289,1556.77637724,1562.72844488,
2026-06-11 00:26:00,1781137560,1562.72844488,1576.42469433,1554.40820991,1556.17734486,
2026-06-11 00:27:00,1781137620,1556.17734486,1599.51950785,1550.6688837,1593.42836548,
2026-06-11 00:28:00,1781137680,1593.42836548,1604.05956206,1546.45671064,1546.45671064,
2026-06-11 00:29:00,1781137740,1546.45671064,1559.86174037,1544.20400866,1544.48774915,
2026-06-11 00:30:00,1781137800,1544.48774915,1566.9522741,1536.87119365,1562.24547998,
2026-06-11 00:31:00,1781137860,1562.24547998,1581.92220398,1555.04920987,1556.52469295,
2026-06-11 00:32:00,1781137920,1556.52469295,1561.86303532,1544.0966678,1551.30552838,
2026-06-11 00:33:00,1781137980,1551.30552838,1577.90898752,1537.16159302,1558.7540526,
2026-06-11 00:34:00,1781138040,1558.7540526,1591.35692522,1542.30934945,1591.35692522,
2026-06-11 00:35:00,1781138100,1591.35692522,1599.68720908,1563.98176489,1564.18931943,
2026-06-11 00:36:00,1781138160,1564.18931943,1619.98411621,1563.33080673,1613.54452518,
2026-06-11 00:37:00,1781138220,1613.54452518,1617.63871072,1576.65594008,1578.33465007,
2026-06-11 00:38:00,1781138280,1578.33465007,1608.67620831,1573.81251715,1602.61864422,
2026-06-11 00:39:00,1781138340,1602.61864422,1624.92534853,1602.11388342,1610.36189113,
2026-06-11 00:40:00,1781138400,1610.36189113,1615.4949436,1603.01150367,1607.56138494,
2026-06-11 00:41:00,1781138460,1607.56138494,1613.62058792,1575.54359301,1577.18879403,
2026-06-11 00:42:00,1781138520,1577.18879403,1577.18879403,1537.88371669,1547.49515192,
2026-06-11 00:43:00,1781138580,1547.49515192,1575.91572353,1536.69313083,1575.70707176,
2026-06-11 00:44:00,1781138640,1575.70707176,1618.99957986,1575.70528828,1617.26713664,
2026-06-11 00:45:00,1781138700,1617.26713664,1617.26713664,1555.49835897,1563.63700168,
2026-06-11 00:46:00,1781138760,1563.63700168,1572.28976314,1522.96817834,1524.05937396,
2026-06-11 00:47:00,1781138820,1524.05937396,1561.76492901,1508.93242629,1558.92421442,
2026-06-11 00:48:00,1781138880,1558.92421442,1560.75579472,1522.88729709,1523.08680445,
2026-06-11 00:49:00,1781138940,1523.08680445,1538.30528594,1523.08680445,1527.87289586,
2026-06-11 00:50:00,1781139000,1527.87289586,1546.90346362,1527.80262174,1538.60650186,
2026-06-11 00:51:00,1781139060,1538.60650186,1566.05578637,1533.25938811,1549.54837176,
2026-06-11 00:52:00,1781139120,1549.54837176,1549.54837176,1514.43481924,1528.19177289,
2026-06-11 00:53:00,1781139180,1528.19177289,1553.33915081,1526.53076741,1552.55012185,
2026-06-11 00:54:00,1781139240,1552.55012185,1594.3252849,1552.41183497,1582.74100917,
2026-06-11 00:55:00,1781139300,1582.74100917,1592.18740861,1558.12167003,1566.30675974,
2026-06-11 00:56:00,1781139360,1566.30675974,1585.59354355,1566.30497994,1580.33030485,
2026-06-11 00:57:00,1781139420,1580.33030485,1583.54067528,1572.59541086,1574.79329918,
2026-06-11 00:58:00,1781139480,1574.79329918,1577.18349202,1555.83269246,1560.45838722,
2026-06-11 00:59:00,1781139540,1560.45838722,1594.23345147,1543.62162607,1594.08993139,
2026-06-11 01:00:00,1781139600,1594.08993139,1594.71803403,1558.45385939,1581.69337983,
2026-06-11 01:01:00,1781139660,1581.69337983,1581.90087675,1519.67755369,1520.91550054,
2026-06-11 01:02:00,1781139720,1520.91550054,1530.07695235,1506.3944719,1529.04541785,
2026-06-11 01:03:00,1781139780,1529.04541785,1538.43760177,1516.2808696,1529.25512554,
2026-06-11 01:04:00,1781139840,1529.25512554,1532.61592279,1465.02827264,1482.91552243,
2026-06-11 01:05:00,1781139900,1482.91552243,1502.71814956,1450.36257745,1465.657327,
2026-06-11 01:06:00,1781139960,1465.657327,1491.00922013,1456.83025731,1491.00922013,
2026-06-11 01:07:00,1781140020,1491.00922013,1525.7504892,1491.00922013,1504.49167921,
2026-06-11 01:08:00,1781140080,1504.49167921,1517.71644162,1489.58250039,1489.79705847,
2026-06-11 01:09:00,1781140140,1489.79705847,1518.93218453,1483.30395591,1513.63790351,
2026-06-11 01:10:00,1781140200,1513.63790351,1513.63790351,1474.46674148,1478.50582561,
2026-06-11 01:11:00,1781140260,1478.50582561,1483.08748327,1466.5067446,1476.14391312,
2026-06-11 01:12:00,1781140320,1476.14391312,1480.93543166,1450.82267078,1459.87504966,
2026-06-11 01:13:00,1781140380,1459.87504966,1469.44911283,1394.17733306,1399.49632484,
2026-06-11 01:14:00,1781140440,1399.49632484,1437.731084,1382.80721295,1437.26448298,
2026-06-11 01:15:00,1781140500,1437.26448298,1455.74655806,1404.46384062,1436.32959262,
2026-06-11 01:16:00,1781140560,1436.32959262,1441.8348032,1347.92796971,1359.54329339,
2026-06-11 01:17:00,1781140620,1359.54329339,1412.96636221,1356.95342876,1391.09375137,
2026-06-11 01:18:00,1781140680,1391.09375137,1405.16141119,1378.03677579,1386.17593877,
2026-06-11 01:19:00,1781140740,1386.17593877,1386.17593877,1322.29450988,1331.09144516,
2026-06-11 01:20:00,1781140800,1331.09144516,1381.33908016,1331.02401458,1377.53884816,
2026-06-11 01:21:00,1781140860,1377.53884816,1380.17912449,1341.86441692,1348.83812529,
2026-06-11 01:22:00,1781140920,1348.83812529,1391.32274332,1339.75800273,1383.39759913,
2026-06-11 01:23:00,1781140980,1383.39759913,1383.39759913,1340.73582383,1341.36995271,
2026-06-11 01:24:00,1781141040,1341.36995271,1356.11145629,1333.30114802,1348.81905053,
2026-06-11 01:25:00,1781141100,1348.81905053,1360.16604954,1335.26086958,1342.69941006,
2026-06-11 01:26:00,1781141160,1342.69941006,1359.075268,1312.08976993,1357.46271311,
2026-06-11 01:27:00,1781141220,1357.46271311,1385.3429643,1353.74083302,1354.59878517,
2026-06-11 01:28:00,1781141280,1354.59878517,1363.81279987,1347.03432906,1362.73415946,
2026-06-11 01:29:00,1781141340,1362.73415946,1374.97212842,1345.84984386,1346.85582479,
2026-06-11 01:30:00,1781141400,1346.85582479,1351.94902794,1330.3236119,1350.44503992,
2026-06-11 01:31:00,1781141460,1350.44503992,1386.14235001,1350.44503992,1383.60656584,
2026-06-11 01:32:00,1781141520,1383.60656584,1383.60656584,1331.6049127,1331.75352687,
2026-06-11 01:33:00,1781141580,1331.75352687,1374.86306522,1330.39104274,1370.73445515,
2026-06-11 01:34:00,1781141640,1370.73445515,1371.45474568,1342.39012136,1343.59145035,
2026-06-11 01:35:00,1781141700,1343.59145035,1374.17219697,1343.58950756,1362.23915636,
2026-06-11 01:36:00,1781141760,1362.23915636,1396.75205471,1362.23721946,1396.61785766,
2026-06-11 01:37:00,1781141820,1396.61785766,1403.52481348,1379.34704849,1388.61440416,
2026-06-11 01:38:00,1781141880,1388.61440416,1388.61440416,1283.46722706,1283.46722706,
2026-06-11 01:39:00,1781141940,1283.46722706,1312.296545,1278.49282145,1293.82586739,
2026-06-11 01:40:00,1781142000,1293.82586739,1314.29895483,1293.82586739,1312.94887449,
2026-06-11 01:41:00,1781142060,1312.94887449,1312.94887449,1225.12777548,1229.42603921,
2026-06-11 01:42:00,1781142120,1229.42603921,1279.99765005,1229.42603921,1272.43634665,
2026-06-11 01:43:00,1781142180,1272.43634665,1281.90312175,1256.66045392,1267.40032066,
2026-06-11 01:44:00,1781142240,1267.40032066,1305.57263066,1267.40032066,1295.84303018,
2026-06-11 01:45:00,1781142300,1295.84303018,1307.64276266,1290.96153112,1307.51105823,
2026-06-11 01:46:00,1781142360,1307.51105823,1310.78239648,1271.81039344,1282.29071352,
2026-06-11 01:47:00,1781142420,1282.29071352,1291.47599391,1267.0922019,1288.78723047,
2026-06-11 01:48:00,1781142480,1288.78723047,1310.28205852,1282.40112499,1310.28205852,
2026-06-11 01:49:00,1781142540,1310.28205852,1311.66869748,1273.31060157,1285.93773653,
2026-06-11 01:50:00,1781142600,1285.93773653,1325.58205868,1285.81113363,1307.53444676,
2026-06-11 01:51:00,1781142660,1307.53444676,1307.78640616,1275.97357203,1282.20282369,
2026-06-11 01:52:00,1781142720,1282.20282369,1296.1579943,1265.39209058,1293.45584716,
2026-06-11 01:53:00,1781142780,1293.45584716,1297.75394056,1281.26958521,1290.95447936,
2026-06-11 01:54:00,1781142840,1290.95447936,1319.10977357,1282.39848497,1318.49424265,
2026-06-11 01:55:00,1781142900,1318.49424265,1346.58489748,1318.36577602,1341.17254263,
2026-06-11 01:56:00,1781142960,1341.17254263,1343.90488799,1319.92804337,1321.37495931,
2026-06-11 01:57:00,1781143020,1321.37495931,1324.93996811,1306.66181159,1306.66181159,
2026-06-11 01:58:00,1781143080,1306.66181159,1317.31241534,1301.64249438,1304.21050402,
2026-06-11 01:59:00,1781143140,1304.21050402,1323.83322985,1285.70969082,1322.34913018,
2026-06-11 02:00:00,1781143200,1322.34913018,1322.34913018,1302.84878169,1310.61808425,
2026-06-11 02:01:00,1781143260,1310.61808425,1334.89715867,1294.00198092,1294.00198092,
2026-06-11 02:02:00,1781143320,1294.00198092,1315.56651051,1273.26175312,1315.24733535,
2026-06-11 02:03:00,1781143380,1315.24733535,1327.86299531,1301.60581706,1305.64780404,
2026-06-11 02:04:00,1781143440,1305.64780404,1308.55392548,1274.40275371,1279.47457091,
2026-06-11 02:05:00,1781143500,1279.47457091,1313.22595545,1274.53739899,1306.93780434,
2026-06-11 02:06:00,1781143560,1306.93780434,1333.5017752,1297.25432638,1331.01114423,
2026-06-11 02:07:00,1781143620,1331.01114423,1345.19482339,1328.17319574,1340.43807351,
2026-06-11 02:08:00,1781143680,1340.43807351,1353.5721044,1331.99575346,1353.44103258,
2026-06-11 02:09:00,1781143740,1353.44103258,1357.34394609,1342.03409427,1342.92581869,
2026-06-11 02:10:00,1781143800,1342.92581869,1362.56894007,1342.92388747,1358.37837702,
2026-06-11 02:11:00,1781143860,1358.37837702,1372.4987528,1354.34081069,1371.79167618,
2026-06-11 02:12:00,1781143920,1371.79167618,1380.24819327,1353.35706971,1357.41946776,
2026-06-11 02:13:00,1781143980,1357.41946776,1358.32117852,1337.69309718,1347.42598777,
2026-06-11 02:14:00,1781144040,1347.42598777,1356.21334419,1326.73369945,1336.23357646,
2026-06-11 02:15:00,1781144100,1336.23357646,1336.23357646,1316.54642611,1327.16929139,
2026-06-11 02:16:00,1781144160,1327.16929139,1357.41973912,1301.06785936,1302.94180527,
2026-06-11 02:17:00,1781144220,1302.94180527,1310.29605838,1277.45640224,1279.06697646,
2026-06-11 02:18:00,1781144280,1279.06697646,1282.99380794,1251.19422493,1267.85963629,
2026-06-11 02:19:00,1781144340,1267.85963629,1278.99216968,1252.13752899,1260.13609626,
2026-06-11 02:20:00,1781144400,1260.13609626,1316.62707947,1257.17034513,1305.02406975,
2026-06-11 02:21:00,1781144460,1305.02406975,1370.74500799,1305.02212206,1365.51386967,
2026-06-11 02:22:00,1781144520,1365.51386967,1407.06448308,1365.51386967,1402.2836813,
2026-06-11 02:23:00,1781144580,1402.2836813,1403.59215071,1376.3742745,1391.81594761,
2026-06-11 02:24:00,1781144640,1391.81594761,1401.9274515,1382.04995335,1382.04995335,
2026-06-11 02:25:00,1781144700,1382.04995335,1395.93566036,1378.43206554,1389.95826294,
2026-06-11 02:26:00,1781144760,1389.95826294,1396.43115768,1352.04628163,1352.49496167,
2026-06-11 02:27:00,1781144820,1352.49496167,1396.22823884,1344.70473845,1396.16255215,
2026-06-11 02:28:00,1781144880,1396.16255215,1412.53725231,1396.16255215,1410.67272098,
2026-06-11 02:29:00,1781144940,1410.67272098,1419.66589075,1408.31966197,1409.1081044,
2026-06-11 02:30:00,1781145000,1409.1081044,1422.89372991,1387.74435857,1417.60679884,
2026-06-11 02:31:00,1781145060,1417.60679884,1461.79702872,1410.7886013,1460.84501526,
2026-06-11 02:32:00,1781145120,1460.84501526,1474.49798025,1457.51641461,1466.95585224,
2026-06-11 02:33:00,1781145180,1466.95585224,1466.95585224,1439.22885332,1448.12886252,
2026-06-11 02:34:00,1781145240,1448.12886252,1489.59919941,1447.31988346,1467.3165089,
2026-06-11 02:35:00,1781145300,1467.3165089,1472.88163332,1442.24992912,1450.46710019,
2026-06-11 02:36:00,1781145360,1450.46710019,1450.46710019,1421.74016546,1424.13367143,
2026-06-11 02:37:00,1781145420,1424.13367143,1428.41530093,1407.70404109,1426.83901098,
2026-06-11 02:38:00,1781145480,1426.83901098,1439.16706441,1422.11391472,1426.01236592,
2026-06-11 02:39:00,1781145540,1426.01236592,1428.66237961,1394.95589876,1415.78249352,
2026-06-11 02:40:00,1781145600,1415.78249352,1416.64502385,1377.32474526,1393.48564342,
2026-06-11 02:41:00,1781145660,1393.48564342,1402.8251441,1388.92251212,1391.16695975,
2026-06-11 02:42:00,1781145720,1391.16695975,1416.54359268,1391.16695975,1410.64340878,
2026-06-11 02:43:00,1781145780,1410.64340878,1410.70785926,1386.78623057,1391.11252206,
2026-06-11 02:44:00,1781145840,1391.11252206,1405.60008482,1386.41089215,1399.23379386,
2026-06-11 02:45:00,1781145900,1399.23379386,1417.84851668,1396.45888397,1404.22654196,
2026-06-11 02:46:00,1781145960,1404.22654196,1428.2839264,1399.12519698,1424.70639233,
2026-06-11 02:47:00,1781146020,1424.70639233,1431.24782546,1414.57384439,1426.3452402,
2026-06-11 02:48:00,1781146080,1426.3452402,1434.43727002,1418.93454195,1433.06861783,
2026-06-11 02:49:00,1781146140,1433.06861783,1444.83693038,1432.26648924,1438.37737704,
2026-06-11 02:50:00,1781146200,1438.37737704,1438.57489653,1385.47634499,1391.92137952,
2026-06-11 02:51:00,1781146260,1391.92137952,1422.5002813,1372.08125276,1420.56653488,
2026-06-11 02:52:00,1781146320,1420.56653488,1420.98270307,1401.24546918,1401.24546918,
2026-06-11 02:53:00,1781146380,1401.24546918,1405.01019771,1377.40887974,1384.79679245,
2026-06-11 02:54:00,1781146440,1384.79679245,1391.24786297,1356.4007664,1375.7546183,
2026-06-11 02:55:00,1781146500,1375.7546183,1383.9041035,1344.45077627,1378.13862265,
2026-06-11 02:56:00,1781146560,1378.13862265,1378.13862265,1307.1504554,1321.68938245,
2026-06-11 02:57:00,1781146620,1321.68938245,1325.07357428,1297.41577115,1303.35374258,
2026-06-11 02:58:00,1781146680,1303.35374258,1322.40031118,1302.06585347,1322.39837252,
2026-06-11 02:59:00,1781146740,1322.39837252,1350.29883576,1322.39837252,1347.32645249,
2026-06-11 03:00:00,1781146800,1347.32645249,1350.72710197,1328.76193092,1333.93279707,
2026-06-11 03:01:00,1781146860,1333.93279707,1342.12223824,1316.93420272,1329.00333138,
2026-06-11 03:02:00,1781146920,1329.00333138,1349.85498946,1325.72067186,1332.80940014,
2026-06-11 03:03:00,1781146980,1332.80940014,1341.90192656,1324.52329008,1335.44447396,
2026-06-11 03:04:00,1781147040,1335.44447396,1342.17341367,1331.02696959,1332.86198164,
2026-06-11 03:05:00,1781147100,1332.86198164,1349.61755292,1321.71086345,1347.40711273,
2026-06-11 03:06:00,1781147160,1347.40711273,1402.45663245,1347.34030706,1394.49918337,
2026-06-11 03:07:00,1781147220,1394.49918337,1398.25337115,1364.60347216,1370.84643306,
2026-06-11 03:08:00,1781147280,1370.84643306,1390.23460508,1370.77888162,1380.01638639,
2026-06-11 03:09:00,1781147340,1380.01638639,1380.21197859,1352.33412884,1362.94734929,
2026-06-11 03:10:00,1781147400,1362.94734929,1384.38996651,1362.02712851,1379.10332091,
2026-06-11 03:11:00,1781147460,1379.10332091,1402.68132169,1374.29576112,1393.2302125,
2026-06-11 03:12:00,1781147520,1393.2302125,1429.78713124,1393.16208504,1427.98654724,
2026-06-11 03:13:00,1781147580,1427.98654724,1435.99394425,1404.47183156,1404.47183156,
2026-06-11 03:14:00,1781147640,1404.47183156,1405.59789728,1375.71981398,1395.50602642,
2026-06-11 03:15:00,1781147700,1395.50602642,1407.1622674,1383.83025457,1385.66330297,
2026-06-11 03:16:00,1781147760,1385.66330297,1396.47617561,1379.81744447,1381.9993273,
2026-06-11 03:17:00,1781147820,1381.9993273,1388.0126105,1352.57428625,1371.04292957,
2026-06-11 03:18:00,1781147880,1371.04292957,1372.29165458,1356.22011198,1367.59280762,
2026-06-11 03:19:00,1781147940,1367.59280762,1400.15607327,1366.63121138,1400.08963008,
2026-06-11 03:20:00,1781148000,1400.08963008,1419.7965591,1399.77143069,1418.44837737,
2026-06-11 03:21:00,1781148060,1418.44837737,1427.25524847,1393.11002071,1394.40418363,
2026-06-11 03:22:00,1781148120,1394.40418363,1412.41539326,1379.78553462,1407.65786743,
2026-06-11 03:23:00,1781148180,1407.65786743,1410.18064192,1398.7808727,1399.43856177,
2026-06-11 03:24:00,1781148240,1399.43856177,1402.4305109,1372.34660669,1373.0031252,
2026-06-11 03:25:00,1781148300,1373.0031252,1391.21121773,1368.45820824,1368.5873087,
2026-06-11 03:26:00,1781148360,1368.5873087,1385.05383892,1368.58539141,1374.84875125,
2026-06-11 03:27:00,1781148420,1374.84875125,1383.40838589,1359.85857022,1364.85753956,
2026-06-11 03:28:00,1781148480,1364.85753956,1369.39368773,1363.93423256,1365.97435624,
2026-06-11 03:29:00,1781148540,1365.97435624,1373.95852144,1362.34418193,1365.85701945,
2026-06-11 03:30:00,1781148600,1365.85701945,1367.93644855,1344.47116739,1348.27673942,
2026-06-11 03:31:00,1781148660,1348.27673942,1349.79931496,1297.49529696,1297.74867371,
2026-06-11 03:32:00,1781148720,1297.74867371,1303.31559749,1244.88807022,1265.00904943,
2026-06-11 03:33:00,1781148780,1265.00904943,1273.0015798,1145.47671139,1151.35752908,
2026-06-11 03:34:00,1781148840,1151.35752908,1178.41222981,1086.9569616,1175.47275823,
2026-06-11 03:35:00,1781148900,1175.47275823,1207.05114962,1140.31731345,1170.27071461,
2026-06-11 03:36:00,1781148960,1170.27071461,1225.73520192,1159.20196844,1207.91595764,
2026-06-11 03:37:00,1781149020,1207.91595764,1222.24412067,1191.4948614,1194.47714376,
2026-06-11 03:38:00,1781149080,1194.47714376,1211.58148589,1186.68834484,1207.40219546,
2026-06-11 03:39:00,1781149140,1207.40219546,1211.4051625,1190.62587857,1211.4051625,
2026-06-11 03:40:00,1781149200,1211.4051625,1222.8699081,1192.56289205,1220.21189416,
2026-06-11 03:41:00,1781149260,1220.21189416,1227.05988753,1202.12750687,1202.12750687,
2026-06-11 03:42:00,1781149320,1202.12750687,1212.49659129,1182.12133903,1188.92483308,
2026-06-11 03:43:00,1781149380,1188.92483308,1190.85617937,1184.37784822,1188.06360632,
2026-06-11 03:44:00,1781149440,1188.06360632,1218.3049017,1188.06360632,1214.78781388,
2026-06-11 03:45:00,1781149500,1214.78781388,1214.78781388,1160.61116995,1177.10682234,
2026-06-11 03:46:00,1781149560,1177.10682234,1203.18211095,1176.76866294,1201.95732122,
2026-06-11 03:47:00,1781149620,1201.95732122,1214.54722013,1162.31698175,1185.23129347,
2026-06-11 03:48:00,1781149680,1185.23129347,1195.90344622,1153.20492064,1183.58538298,
2026-06-11 03:49:00,1781149740,1183.58538298,1188.77296067,1156.20445967,1188.77296067,
2026-06-11 03:50:00,1781149800,1188.77296067,1188.77296067,1151.26773237,1156.84277136,
2026-06-11 03:51:00,1781149860,1156.84277136,1164.37760847,1151.73643142,1159.53971131,
2026-06-11 03:52:00,1781149920,1159.53971131,1176.73959042,1131.12556642,1154.14989985,
2026-06-11 03:53:00,1781149980,1154.14989985,1166.05841184,1131.02228569,1140.60785772,
2026-06-11 03:54:00,1781150040,1140.60785772,1151.62268563,1140.60785772,1147.90761511,
2026-06-11 03:55:00,1781150100,1147.90761511,1153.07135582,1005.01754626,1008.85769435,
2026-06-11 03:56:00,1781150160,1008.85769435,1033.09340955,948.07929846,1012.79551206,
2026-06-11 03:57:00,1781150220,1012.79551206,1016.82246904,986.19694874,990.17659005,
2026-06-11 03:58:00,1781150280,990.17659005,1012.93830104,965.11042804,1008.02499223,
2026-06-11 03:59:00,1781150340,1008.02499223,1031.62787573,997.03004784,1031.62787573,
2026-06-11 04:00:00,1781150400,1031.62787573,1050.42771445,1020.32401474,1050.37204591,
2026-06-11 04:01:00,1781150460,1050.37204591,1087.51575745,1048.80982561,1081.1039152,
2026-06-11 04:02:00,1781150520,1081.1039152,1081.1039152,1029.03801554,1049.01763061,
2026-06-11 04:03:00,1781150580,1049.01763061,1079.87652372,1049.01763061,1063.6327094,
2026-06-11 04:04:00,1781150640,1063.6327094,1063.68676599,1035.26715501,1054.61673279,
2026-06-11 04:05:00,1781150700,1054.61673279,1079.67781036,1054.61673279,1068.0340255,
2026-06-11 04:06:00,1781150760,1068.0340255,1086.95922915,1061.28840561,1080.31911651,
2026-06-11 04:07:00,1781150820,1080.31911651,1082.8188181,1065.84150343,1075.05952567,
2026-06-11 04:08:00,1781150880,1075.05952567,1075.05952567,1054.37093166,1055.87618483,
2026-06-11 04:09:00,1781150940,1055.87618483,1075.03065305,1053.10250591,1055.90957059,
2026-06-11 04:10:00,1781151000,1055.90957059,1088.16773628,1030.5487317,1040.88872294,
2026-06-11 04:11:00,1781151060,1040.88872294,1057.49758235,1023.05501713,1024.75404983,
2026-06-11 04:12:00,1781151120,1024.75404983,1035.93199945,1009.78009261,1018.22895481,
2026-06-11 04:13:00,1781151180,1018.22895481,1027.25065465,995.2277078,1012.00513707,
2026-06-11 04:14:00,1781151240,1012.00513707,1036.01907391,1007.95683439,1036.01907391,
2026-06-11 04:15:00,1781151300,1036.01907391,1051.01700905,1032.81793047,1034.90870307,
2026-06-11 04:16:00,1781151360,1034.90870307,1054.80541824,1010.3811156,1054.63747403,
2026-06-11 04:17:00,1781151420,1054.63747403,1060.92989422,1045.23585801,1050.09412847,
2026-06-11 04:18:00,1781151480,1050.09412847,1070.96390102,1045.99494433,1064.85679166,
2026-06-11 04:19:00,1781151540,1064.85679166,1065.37693082,1037.19700186,1037.30810266,
2026-06-11 04:20:00,1781151600,1037.30810266,1048.3473265,1009.31820564,1015.81141181,
2026-06-11 04:21:00,1781151660,1015.81141181,1052.79279322,1010.40109963,1051.27666959,
2026-06-11 04:22:00,1781151720,1051.27666959,1068.23822149,1049.94668812,1055.11419902,
2026-06-11 04:23:00,1781151780,1055.11419902,1062.74348993,1044.54215028,1049.23423633,
2026-06-11 04:24:00,1781151840,1049.23423633,1060.30892634,1034.78538726,1056.06239146,
2026-06-11 04:25:00,1781151900,1056.06239146,1068.28177019,1052.27002851,1057.81757766,
2026-06-11 04:26:00,1781151960,1057.81757766,1058.15592127,1042.38824048,1047.3475513,
2026-06-11 04:27:00,1781152020,1047.3475513,1065.95692307,1047.3475513,1060.87735678,
2026-06-11 04:28:00,1781152080,1060.87735678,1065.99538626,1053.17184304,1059.50701131,
2026-06-11 04:29:00,1781152140,1059.50701131,1059.9980874,1048.86901826,1053.50178723,
2026-06-11 04:30:00,1781152200,1053.50178723,1055.69410879,1037.69247383,1042.26054368,
2026-06-11 04:31:00,1781152260,1042.26054368,1056.04725755,1034.91207307,1055.92137694,
2026-06-11 04:32:00,1781152320,1055.92137694,1072.05868504,1055.29696479,1060.32682986,
2026-06-11 04:33:00,1781152380,1060.32682986,1082.51053605,1054.97103204,1082.00840115,
2026-06-11 04:34:00,1781152440,1082.00840115,1101.33295583,1075.31365604,1093.88469193,
2026-06-11 04:35:00,1781152500,1093.88469193,1097.83968356,1076.84059753,1082.39909724,
2026-06-11 04:36:00,1781152560,1082.39909724,1087.21287566,1064.47238266,1067.34613563,
2026-06-11 04:37:00,1781152620,1067.34613563,1080.88843372,1066.0949844,1073.96417146,
2026-06-11 04:38:00,1781152680,1073.96417146,1074.05779684,1028.76911326,1035.76958446,
2026-06-11 04:39:00,1781152740,1035.76958446,1041.57589094,1023.8042464,1024.18604747,
2026-06-11 04:40:00,1781152800,1024.18604747,1047.84891777,1014.33251131,1033.37190889,
2026-06-11 04:41:00,1781152860,1033.37190889,1055.64505756,1033.00618048,1049.64860178,
2026-06-11 04:42:00,1781152920,1049.64860178,1052.68833353,1042.44649402,1051.15792063,
2026-06-11 04:43:00,1781152980,1051.15792063,1059.48334971,1046.67739126,1048.25736413,
2026-06-11 04:44:00,1781153040,1048.25736413,1048.25736413,1029.1725697,1036.37146627,
2026-06-11 04:45:00,1781153100,1036.37146627,1036.37146627,1013.17544559,1016.33362455,
2026-06-11 04:46:00,1781153160,1016.33362455,1019.16525635,1009.95479801,1012.84765385,
2026-06-11 04:47:00,1781153220,1012.84765385,1013.36911406,972.12682943,978.40739198,
2026-06-11 04:48:00,1781153280,978.40739198,1007.70533363,978.40524975,980.64145666,
2026-06-11 04:49:00,1781153340,980.64145666,986.28802915,963.77796422,970.90334384,
2026-06-11 04:50:00,1781153400,970.90334384,971.33577192,935.73088208,936.40787576,
2026-06-11 04:51:00,1781153460,936.40787576,957.60492601,932.4154816,957.18086858,
2026-06-11 04:52:00,1781153520,957.18086858,957.22958207,924.11681708,945.65787804,
2026-06-11 04:53:00,1781153580,945.65787804,962.02702642,941.1855379,953.51075666,
2026-06-11 04:54:00,1781153640,953.51075666,960.56888184,940.36728453,940.37662721,
2026-06-11 04:55:00,1781153700,940.37662721,961.29492561,934.79734637,959.78310392,
2026-06-11 04:56:00,1781153760,959.78310392,965.45712979,953.60612204,964.69882498,
2026-06-11 04:57:00,1781153820,964.69882498,979.20571172,963.66693585,973.41262959,
2026-06-11 04:58:00,1781153880,973.41262959,1011.5201333,973.40836637,1007.26175357,
2026-06-11 04:59:00,1781153940,1007.26175357,1010.35355204,982.77266172,992.17648174,
2026-06-11 05:00:00,1781154000,992.17648174,1052.30232274,989.77739591,1046.27329277,
2026-06-11 05:01:00,1781154060,1046.27329277,1059.83041427,1040.92709523,1057.37338825,
2026-06-11 05:02:00,1781154120,1057.37338825,1066.38814167,1035.4273443,1050.68025686,
2026-06-11 05:03:00,1781154180,1050.68025686,1065.56229226,1045.4746366,1055.88206419,
2026-06-11 05:04:00,1781154240,1055.88206419,1065.76470832,1054.12684667,1063.40086391,
2026-06-11 05:05:00,1781154300,1063.40086391,1072.90610111,1062.91186424,1064.81877323,
2026-06-11 05:06:00,1781154360,1064.81877323,1081.46133261,1059.82022944,1079.4940018,
2026-06-11 05:07:00,1781154420,1079.4940018,1080.00793608,1056.23782252,1064.65421566,
2026-06-11 05:08:00,1781154480,1064.65421566,1064.65421566,1050.9796903,1055.30357684,
2026-06-11 05:09:00,1781154540,1055.30357684,1057.40530091,1039.40612628,1041.51846891,
2026-06-11 05:10:00,1781154600,1041.51846891,1051.08130718,1028.54715474,1050.11778643,
2026-06-11 05:11:00,1781154660,1050.11778643,1060.62875663,1047.70071498,1056.74316137,
2026-06-11 05:12:00,1781154720,1056.74316137,1057.39148035,1031.34242432,1039.78612852,
2026-06-11 05:13:00,1781154780,1039.78612852,1053.91335259,1035.90189543,1053.05396522,
2026-06-11 05:14:00,1781154840,1053.05396522,1053.27990591,1030.93776294,1033.24328843,
2026-06-11 05:15:00,1781154900,1033.24328843,1040.87366425,1012.97981844,1019.64153733,
2026-06-11 05:16:00,1781154960,1019.64153733,1019.64153733,990.66915415,998.64816174,
2026-06-11 05:17:00,1781155020,998.64816174,1004.21383214,981.41796254,997.39097381,
2026-06-11 05:18:00,1781155080,997.39097381,1027.54781499,995.27827389,1027.43312365,
2026-06-11 05:19:00,1781155140,1027.43312365,1031.37801561,1000.94497859,1023.79565632,
2026-06-11 05:20:00,1781155200,1023.79565632,1028.72026476,1007.42525561,1007.53241167,
2026-06-11 05:21:00,1781155260,1007.53241167,1008.19845291,980.63361194,981.83730996,
2026-06-11 05:22:00,1781155320,981.83730996,996.32918087,975.98495406,975.98495406,
2026-06-11 05:23:00,1781155380,975.98495406,1002.62323329,971.09538492,1002.62323329,
2026-06-11 05:24:00,1781155440,1002.62323329,1005.76361371,984.44064537,997.28656886,
2026-06-11 05:25:00,1781155500,997.28656886,1019.07601462,995.29888745,1005.61853425,
2026-06-11 05:26:00,1781155560,1005.61853425,1022.62301303,996.52621485,1014.64802625,
2026-06-11 05:27:00,1781155620,1014.64802625,1038.95845472,1009.39684561,1038.72888491,
2026-06-11 05:28:00,1781155680,1038.72888491,1054.90324046,1037.06711173,1037.1808074,
2026-06-11 05:29:00,1781155740,1037.1808074,1037.1808074,1018.84424084,1022.3312348,
2026-06-11 05:30:00,1781155800,1022.3312348,1028.22345378,1010.1978272,1023.8968478,
2026-06-11 05:31:00,1781155860,1023.8968478,1045.11122385,1022.99914821,1038.19185458,
2026-06-11 05:32:00,1781155920,1038.19185458,1038.19185458,997.28207226,1001.38596941,
2026-06-11 05:33:00,1781155980,1001.38596941,1017.27026076,990.27027286,1007.53543115,
2026-06-11 05:34:00,1781156040,1007.53543115,1017.51336822,1002.82797584,1014.84279565,
2026-06-11 05:35:00,1781156100,1014.84279565,1037.12812982,1010.92472614,1030.8869096,
2026-06-11 05:36:00,1781156160,1030.8869096,1036.33234725,991.98657509,1002.92817154,
2026-06-11 05:37:00,1781156220,1002.92817154,1010.45146624,994.76356308,1004.4068939,
2026-06-11 05:38:00,1781156280,1004.4068939,1007.79683342,994.72264756,997.86508695,
2026-06-11 05:39:00,1781156340,997.86508695,1024.69103302,996.86511132,1024.35215903,
2026-06-11 05:40:00,1781156400,1024.35215903,1028.16495076,1015.17591796,1019.32323366,
2026-06-11 05:41:00,1781156460,1019.32323366,1022.17599907,1000.10151516,1000.10151516,
2026-06-11 05:42:00,1781156520,1000.10151516,1003.4120583,991.73825476,998.25090405,
2026-06-11 05:43:00,1781156580,998.25090405,998.47163885,977.65349713,988.89153714,
2026-06-11 05:44:00,1781156640,988.89153714,997.336199,977.33488946,979.83071918,
2026-06-11 05:45:00,1781156700,979.83071918,981.94691395,972.13198439,978.99956783,
2026-06-11 05:46:00,1781156760,978.99956783,987.68683583,974.87054811,981.7063045,
2026-06-11 05:47:00,1781156820,981.7063045,1001.65146968,980.04699513,1001.37194035,
2026-06-11 05:48:00,1781156880,1001.37194035,1017.94305539,996.24304978,1002.35692341,
2026-06-11 05:49:00,1781156940,1002.35692341,1005.6965172,992.83571415,1003.26958575,
2026-06-11 05:50:00,1781157000,1003.26958575,1016.70862192,994.09813298,1011.1570877,
2026-06-11 05:51:00,1781157060,1011.1570877,1017.9282723,989.61946337,1010.044681,
2026-06-11 05:52:00,1781157120,1010.044681,1020.03781151,1008.93558956,1013.38017984,
2026-06-11 05:53:00,1781157180,1013.38017984,1013.4345456,980.68210276,981.19059059,
2026-06-11 05:54:00,1781157240,981.19059059,1015.81673471,981.13317405,1011.46266547,
2026-06-11 05:55:00,1781157300,1011.46266547,1011.74228429,977.85126158,982.75518014,
2026-06-11 05:56:00,1781157360,982.75518014,1001.30196247,969.33485642,996.27727668,
2026-06-11 05:57:00,1781157420,996.27727668,1002.5369902,982.85577376,984.55721305,
2026-06-11 05:58:00,1781157480,984.55721305,1001.93965185,979.84325153,1001.93965185,
2026-06-11 05:59:00,1781157540,1001.93965185,1031.17781535,1001.93965185,1021.42722968,
2026-06-11 06:00:00,1781157600,1021.42722968,1029.43913933,1011.02588505,1016.89907804,
2026-06-11 06:01:00,1781157660,1016.89907804,1030.35579609,1009.65400288,1024.4470849,
2026-06-11 06:02:00,1781157720,1024.4470849,1033.11917542,1023.41464657,1032.08844384,
2026-06-11 06:03:00,1781157780,1032.08844384,1032.08844384,1012.3099618,1015.95658275,
2026-06-11 06:04:00,1781157840,1015.95658275,1061.6862146,1015.95658275,1061.6862146,
2026-06-11 06:05:00,1781157900,1061.6862146,1066.74439119,1031.8848672,1040.41420109,
2026-06-11 06:06:00,1781157960,1040.41420109,1057.13216602,1036.66720673,1041.45186998,
2026-06-11 06:07:00,1781158020,1041.45186998,1044.81214473,1026.89017233,1042.59543585,
2026-06-11 06:08:00,1781158080,1042.59543585,1043.25251326,999.68029357,1001.89805984,
2026-06-11 06:09:00,1781158140,1001.89805984,1006.74317431,982.3379358,993.32648267,
2026-06-11 06:10:00,1781158200,993.32648267,998.85203366,980.47262981,984.44641924,
2026-06-11 06:11:00,1781158260,984.44641924,991.7665408,957.37479108,963.69925708,
2026-06-11 06:12:00,1781158320,963.69925708,965.50718125,918.40803362,918.40803362,
2026-06-11 06:13:00,1781158380,918.40803362,937.72641624,909.17981352,928.1229687,
2026-06-11 06:14:00,1781158440,928.1229687,934.47884335,923.49291139,926.89199714,
2026-06-11 06:15:00,1781158500,926.89199714,926.89199714,893.55951888,902.84415195,
2026-06-11 06:16:00,1781158560,902.84415195,910.06823723,874.35096742,908.00258895,
2026-06-11 06:17:00,1781158620,908.00258895,922.67761806,907.19115027,912.37021228,
2026-06-11 06:18:00,1781158680,912.37021228,954.8337197,912.36810994,950.74345632,
2026-06-11 06:19:00,1781158740,950.74345632,952.49588528,922.57231482,931.33291532,
2026-06-11 06:20:00,1781158800,931.33291532,931.33291532,887.88083047,890.07317365,
2026-06-11 06:21:00,1781158860,890.07317365,890.33254862,821.15510671,845.91664822,
2026-06-11 06:22:00,1781158920,845.91664822,868.6066599,845.91664822,865.98311342,
2026-06-11 06:23:00,1781158980,865.98311342,873.61562002,833.58705876,841.71762501,
2026-06-11 06:24:00,1781159040,841.71762501,854.68304417,811.92951165,819.59626201,
2026-06-11 06:25:00,1781159100,819.59626201,851.72979045,811.0595453,851.72979045,
2026-06-11 06:26:00,1781159160,851.72979045,876.41479518,843.80265607,869.2619095,
2026-06-11 06:27:00,1781159220,869.2619095,882.30724714,856.40657606,875.65221475,
2026-06-11 06:28:00,1781159280,875.65221475,880.42205568,868.73102922,873.98264576,
2026-06-11 06:29:00,1781159340,873.98264576,885.0331591,865.02890073,870.55480767,
2026-06-11 06:30:00,1781159400,870.55480767,883.34234014,863.4579485,882.99880083,
2026-06-11 06:31:00,1781159460,882.99880083,883.04681558,852.28847472,853.20573447,
2026-06-11 06:32:00,1781159520,853.20573447,854.58177386,831.66948616,840.9978652,
2026-06-11 06:33:00,1781159580,840.9978652,857.323791,840.9978652,842.54944867,
2026-06-11 06:34:00,1781159640,842.54944867,847.05322197,821.56874551,828.1749223,
2026-06-11 06:35:00,1781159700,828.1749223,843.71617361,827.96788166,839.48627188,
2026-06-11 06:36:00,1781159760,839.48627188,843.11777852,811.1466009,817.40305549,
2026-06-11 06:37:00,1781159820,817.40305549,830.62672578,810.82562784,821.27715978,
2026-06-11 06:38:00,1781159880,821.27715978,829.54615427,817.59179702,818.53709555,
2026-06-11 06:39:00,1781159940,818.53709555,823.78143137,818.53709555,822.50896879,
2026-06-11 06:40:00,1781160000,822.50896879,823.36697809,817.18157973,822.51340698,
2026-06-11 06:41:00,1781160060,822.51340698,852.60129106,808.1284186,809.47502303,
2026-06-11 06:42:00,1781160120,809.47502303,831.54499015,809.47502303,829.37574005,
2026-06-11 06:43:00,1781160180,829.37574005,849.38722818,829.05793555,848.59162211,
2026-06-11 06:44:00,1781160240,848.59162211,848.70235045,829.97399404,830.02424709,
2026-06-11 06:45:00,1781160300,830.02424709,852.33845965,827.20470105,851.82564822,
2026-06-11 06:46:00,1781160360,851.82564822,878.05083244,850.95114965,869.31619865,
2026-06-11 06:47:00,1781160420,869.31619865,883.84685279,869.02213595,880.72797522,
2026-06-11 06:48:00,1781160480,880.72797522,888.26626512,875.32621537,875.90636209,
2026-06-11 06:49:00,1781160540,875.90636209,901.63248159,874.21600442,898.85520844,
2026-06-11 06:50:00,1781160600,898.85520844,903.80310648,890.79389673,894.81730947,
2026-06-11 06:51:00,1781160660,894.81730947,899.21506708,891.98337197,892.4579273,
2026-06-11 06:52:00,1781160720,892.4579273,904.44044344,890.36931446,902.71530212,
2026-06-11 06:53:00,1781160780,902.71530212,914.37041721,902.71530212,909.98264008,
2026-06-11 06:54:00,1781160840,909.98264008,914.70638935,896.17427586,896.22713676,
2026-06-11 06:55:00,1781160900,896.22713676,933.94706274,896.06314627,924.42618742,
2026-06-11 06:56:00,1781160960,924.42618742,931.97596391,918.5808127,928.08638059,
2026-06-11 06:57:00,1781161020,928.08638059,928.30977212,914.17132783,920.82216466,
2026-06-11 06:58:00,1781161080,920.82216466,921.74866085,905.27263532,916.47258457,
2026-06-11 06:59:00,1781161140,916.47258457,922.92562302,914.49305281,922.92144136,
2026-06-11 07:00:00,1781161200,922.92144136,930.54044756,918.52347117,928.22079061,
2026-06-11 07:01:00,1781161260,928.22079061,935.59913147,917.47566504,921.03735499,
2026-06-11 07:02:00,1781161320,921.03735499,961.86605537,909.74152596,961.86605537,
2026-06-11 07:03:00,1781161380,961.86605537,977.86579966,950.59070631,967.67535555,
2026-06-11 07:04:00,1781161440,967.67535555,983.71018526,961.00184928,983.59623021,
2026-06-11 07:05:00,1781161500,983.59623021,986.016942,974.82725381,982.84322273,
2026-06-11 07:06:00,1781161560,982.84322273,988.74224897,973.46272162,988.11980092,
2026-06-11 07:07:00,1781161620,988.11980092,1016.56838864,984.64246136,1008.05049704,
2026-06-11 07:08:00,1781161680,1008.05049704,1008.05049704,992.95486191,992.95486191,
2026-06-11 07:09:00,1781161740,992.95486191,1006.55316362,991.32862103,996.76514299,
2026-06-11 07:10:00,1781161800,996.76514299,1004.9197248,981.99055028,984.85910784,
2026-06-11 07:11:00,1781161860,984.85910784,991.39125992,972.50500295,989.15522548,
2026-06-11 07:12:00,1781161920,989.15522548,1013.3439164,988.03359189,1011.4193933,
2026-06-11 07:13:00,1781161980,1011.4193933,1027.45853072,996.31234428,1005.47679808,
2026-06-11 07:14:00,1781162040,1005.47679808,1005.53090674,989.17233252,998.52993509,
2026-06-11 07:15:00,1781162100,998.52993509,1005.60692222,991.66661598,994.95589251,
2026-06-11 07:16:00,1781162160,994.95589251,1007.46253723,980.98515818,983.91417035,
2026-06-11 07:17:00,1781162220,983.91417035,990.10204494,977.90041745,983.70596155,
2026-06-11 07:18:00,1781162280,983.70596155,986.31018797,963.17515517,975.0312919,
2026-06-11 07:19:00,1781162340,975.0312919,985.76107517,974.94901855,983.66521832,
2026-06-11 07:20:00,1781162400,983.66521832,985.43284995,952.76264789,953.30304269,
2026-06-11 07:21:00,1781162460,953.30304269,954.13760795,933.20333932,933.20333932,
2026-06-11 07:22:00,1781162520,933.20333932,952.84962306,922.70729468,945.88352144,
2026-06-11 07:23:00,1781162580,945.88352144,965.92886916,945.88136914,961.17536824,
2026-06-11 07:24:00,1781162640,961.17536824,966.40637749,939.31524008,939.36887705,
2026-06-11 07:25:00,1781162700,939.36887705,963.51749113,937.92135624,961.63014939,
2026-06-11 07:26:00,1781162760,961.63014939,964.95177906,954.04723493,957.84746688,
2026-06-11 07:27:00,1781162820,957.84746688,957.84746688,941.11196191,948.96807117,
2026-06-11 07:28:00,1781162880,948.96807117,952.87580815,943.94785026,946.41652149,
2026-06-11 07:29:00,1781162940,946.41652149,951.05411496,929.39251933,929.71577376,
2026-06-11 07:30:00,1781163000,929.71577376,929.71577376,901.98856416,925.35939669,
2026-06-11 07:31:00,1781163060,925.35939669,959.49913529,925.35939669,955.43620245,
2026-06-11 07:32:00,1781163120,955.43620245,956.26312972,951.91260235,951.91260235,
2026-06-11 07:33:00,1781163180,951.91260235,951.91260235,936.34949457,947.80330016,
2026-06-11 07:34:00,1781163240,947.80330016,970.45449957,947.09388486,969.83901372,
2026-06-11 07:35:00,1781163300,969.83901372,972.90459656,958.034465,962.07222156,
2026-06-11 07:36:00,1781163360,962.07222156,971.2011368,949.9704605,969.9091243,
2026-06-11 07:37:00,1781163420,969.9091243,976.75647958,962.43720808,973.85154522,
2026-06-11 07:38:00,1781163480,973.85154522,1002.17627197,973.85154522,1000.29946014,
2026-06-11 07:39:00,1781163540,1000.29946014,1017.94486736,999.57864731,1017.84141848,
2026-06-11 07:40:00,1781163600,1017.84141848,1034.47005412,1017.83926232,1031.51705209,
2026-06-11 07:41:00,1781163660,1031.51705209,1031.7964496,1005.58230207,1010.58512472,
2026-06-11 07:42:00,1781163720,1010.58512472,1010.86498178,990.71698958,997.55137489,
2026-06-11 07:43:00,1781163780,997.55137489,1009.52457637,987.92138157,992.6430906,
2026-06-11 07:44:00,1781163840,992.6430906,1015.09543661,992.35514832,1002.99860744,
2026-06-11 07:45:00,1781163900,1002.99860744,1003.62522861,987.86507836,992.33526075,
2026-06-11 07:46:00,1781163960,992.33526075,994.63510634,986.11892024,986.60837038,
2026-06-11 07:47:00,1781164020,986.60837038,987.13864954,961.75764121,976.92213515,
2026-06-11 07:48:00,1781164080,976.92213515,986.95561077,972.89314241,984.9743745,
2026-06-11 07:49:00,1781164140,984.9743745,986.16320809,975.37468775,983.38542915,
2026-06-11 07:50:00,1781164200,983.38542915,985.12687056,977.79385984,982.23103579,
2026-06-11 07:51:00,1781164260,982.23103579,996.72524588,977.15736855,994.98158795,
2026-06-11 07:52:00,1781164320,994.98158795,1003.93737367,994.97938384,1001.10917845,
2026-06-11 07:53:00,1781164380,1001.10917845,1001.49126187,983.29019358,997.56639669,
2026-06-11 07:54:00,1781164440,997.56639669,1002.19401906,989.03470342,992.89375449,
2026-06-11 07:55:00,1781164500,992.89375449,994.27998487,978.31927002,980.78374997,
2026-06-11 07:56:00,1781164560,980.78374997,985.73173427,975.83550598,981.28344846,
2026-06-11 07:57:00,1781164620,981.28344846,982.08836157,972.26224089,977.70983798,
2026-06-11 07:58:00,1781164680,977.70983798,987.4624187,976.06984023,987.40548416,
2026-06-11 07:59:00,1781164740,987.40548416,990.42567894,984.76514872,987.37418887,
2026-06-11 08:00:00,1781164800,987.37418887,987.53612608,953.92821056,960.85706412,
2026-06-11 08:01:00,1781164860,960.85706412,982.69192224,951.83599175,969.24686756,
2026-06-11 08:02:00,1781164920,969.24686756,971.49081632,945.69674774,957.68078312,
2026-06-11 08:03:00,1781164980,957.68078312,960.68509367,945.32223523,954.187669,
2026-06-11 08:04:00,1781165040,954.187669,967.47973202,953.19645904,967.37337803,
2026-06-11 08:05:00,1781165100,967.37337803,968.09045416,954.42354917,957.31464291,
2026-06-11 08:06:00,1781165160,957.31464291,957.96742539,942.65207891,943.39603241,
2026-06-11 08:07:00,1781165220,943.39603241,956.19957737,943.39603241,951.1024123,
2026-06-11 08:08:00,1781165280,951.1024123,956.41323331,942.79445188,943.05910754,
2026-06-11 08:09:00,1781165340,943.05910754,945.06000939,921.72724509,935.78676868,
2026-06-11 08:10:00,1781165400,935.78676868,938.05564487,927.65523672,936.58387585,
2026-06-11 08:11:00,1781165460,936.58387585,943.63748616,924.93174449,943.43533539,
2026-06-11 08:12:00,1781165520,943.43533539,943.43533539,935.83112257,938.84604329,
2026-06-11 08:13:00,1781165580,938.84604329,938.89695135,896.51996779,897.83975067,
2026-06-11 08:14:00,1781165640,897.83975067,933.97347388,897.83975067,925.46145488,
2026-06-11 08:15:00,1781165700,925.46145488,933.82865368,925.45921277,930.7206814,
2026-06-11 08:16:00,1781165760,930.7206814,941.83852489,930.71844103,939.39124366,
2026-06-11 08:17:00,1781165820,939.39124366,939.39124366,924.11638307,934.71962514,
2026-06-11 08:18:00,1781165880,934.71962514,934.71962514,914.80691588,916.78788899,
2026-06-11 08:19:00,1781165940,916.78788899,929.02316514,916.78788899,927.87627588,
2026-06-11 08:20:00,1781166000,927.87627588,935.62816572,927.71618544,933.23276549,
2026-06-11 08:21:00,1781166060,933.23276549,933.3361107,925.56188493,929.2668977,
2026-06-11 08:22:00,1781166120,929.2668977,929.2668977,899.6526941,902.14075441,
2026-06-11 08:23:00,1781166180,902.14075441,902.19026026,874.70098051,877.94876694,
2026-06-11 08:24:00,1781166240,877.94876694,893.0795318,872.35709266,882.7680333,
2026-06-11 08:25:00,1781166300,882.7680333,897.56682847,882.00163608,889.66953257,
2026-06-11 08:26:00,1781166360,889.66953257,891.4556876,880.89437674,888.76791461,
2026-06-11 08:27:00,1781166420,888.76791461,891.22789192,875.70775478,880.87944484,
2026-06-11 08:28:00,1781166480,880.87944484,883.21117913,864.80775785,870.477865,
2026-06-11 08:29:00,1781166540,870.477865,873.14516091,866.64577931,866.69634648,
2026-06-11 08:30:00,1781166600,866.69634648,872.00574876,861.07797898,870.14675113,
2026-06-11 08:31:00,1781166660,870.14675113,881.19524477,869.9385331,875.5148899,
2026-06-11 08:32:00,1781166720,875.5148899,877.15604937,863.59659222,873.23202697,
2026-06-11 08:33:00,1781166780,873.23202697,874.92962887,865.51962584,867.26870688,
2026-06-11 08:34:00,1781166840,867.26870688,872.07735157,862.65649372,870.23977618,
2026-06-11 08:35:00,1781166900,870.23977618,874.93896128,866.73692906,870.5791616,
2026-06-11 08:36:00,1781166960,870.5791616,875.60321,870.11931562,875.60321,
2026-06-11 08:37:00,1781167020,875.60321,875.65373723,866.46358475,870.5042218,
2026-06-11 08:38:00,1781167080,870.5042218,875.7449657,870.45657272,874.43827819,
2026-06-11 08:39:00,1781167140,874.43827819,879.38867928,850.03918356,855.65615165,
2026-06-11 08:40:00,1781167200,855.65615165,867.53215042,855.54113826,866.51841366,
2026-06-11 08:41:00,1781167260,866.51841366,879.65250753,866.51841366,876.77659706,
2026-06-11 08:42:00,1781167320,876.77659706,893.37566943,875.60173128,893.11958928,
2026-06-11 08:43:00,1781167380,893.11958928,917.17401371,888.66741815,917.11732931,
2026-06-11 08:44:00,1781167440,917.11732931,922.45704211,915.66534137,915.7462275,
2026-06-11 08:45:00,1781167500,915.7462275,917.89679301,892.65837847,901.48258999,
2026-06-11 08:46:00,1781167560,901.48258999,910.56455485,889.81247252,889.81247252,
2026-06-11 08:47:00,1781167620,889.81247252,893.91839575,867.82563794,868.93236398,
2026-06-11 08:48:00,1781167680,868.93236398,869.23207368,819.05648339,838.44757542,
2026-06-11 08:49:00,1781167740,838.44757542,865.12885435,830.20493326,865.12885435,
2026-06-11 08:50:00,1781167800,865.12885435,865.12885435,849.7775385,857.11284182,
2026-06-11 08:51:00,1781167860,857.11284182,866.67484718,841.26861453,866.27388001,
2026-06-11 08:52:00,1781167920,866.27388001,882.80035109,866.27388001,871.9386,
2026-06-11 08:53:00,1781167980,871.9386,874.66145172,869.61868694,871.12044107,
2026-06-11 08:54:00,1781168040,871.12044107,873.15590063,869.55218562,870.59271234,
2026-06-11 08:55:00,1781168100,870.59271234,873.17133094,863.99869013,870.57552305,
2026-06-11 08:56:00,1781168160,870.57552305,888.01695339,870.173172,883.96806119,
2026-06-11 08:57:00,1781168220,883.96806119,893.49231089,877.30518513,878.66717847,
2026-06-11 08:58:00,1781168280,878.66717847,878.76846154,871.26651986,874.86975113,
2026-06-11 08:59:00,1781168340,874.86975113,875.64135921,859.74222264,859.74222264,
2026-06-11 09:00:00,1781168400,859.74222264,884.6269327,859.63757289,874.26736098,
2026-06-11 09:01:00,1781168460,874.26736098,880.59518772,871.70953346,874.78148321,
2026-06-11 09:02:00,1781168520,874.78148321,875.50193098,858.18835639,859.69392677,
2026-06-11 09:03:00,1781168580,859.69392677,862.99281429,855.86946436,858.16323741,
2026-06-11 09:04:00,1781168640,858.16323741,881.61796428,855.18494071,879.71179546,
2026-06-11 09:05:00,1781168700,879.71179546,891.40659411,873.28902401,889.5055568,
2026-06-11 09:06:00,1781168760,889.5055568,903.23797225,889.5055568,897.56851597,
2026-06-11 09:07:00,1781168820,897.56851597,913.21521,894.88432557,906.74775816,
2026-06-11 09:08:00,1781168880,906.74775816,911.83882992,897.84960884,905.00578437,
2026-06-11 09:09:00,1781168940,905.00578437,911.65127815,902.66700011,903.09644747,
2026-06-11 09:10:00,1781169000,903.09644747,903.09644747,887.57323979,893.68217044,
2026-06-11 09:11:00,1781169060,893.68217044,912.64303977,893.62823718,912.58618636,
2026-06-11 09:12:00,1781169120,912.58618636,917.71200042,906.48225489,908.0351892,
2026-06-11 09:13:00,1781169180,908.0351892,919.11765231,897.68548752,917.81251825,
2026-06-11 09:14:00,1781169240,917.81251825,923.40305813,892.59881168,894.09212024,
2026-06-11 09:15:00,1781169300,894.09212024,922.73058778,894.0898537,920.87666618,
2026-06-11 09:16:00,1781169360,920.87666618,941.34398382,919.8790156,929.47928905,
2026-06-11 09:17:00,1781169420,929.47928905,940.28513478,928.86692017,928.97075855,
2026-06-11 09:18:00,1781169480,928.97075855,928.97075855,903.64066825,904.28861936,
2026-06-11 09:19:00,1781169540,904.28861936,907.78510339,894.57719987,906.0632785,
2026-06-11 09:20:00,1781169600,906.0632785,926.82632009,906.0632785,924.30851027,
2026-06-11 09:21:00,1781169660,924.30851027,930.16975803,921.03927057,929.57175791,
2026-06-11 09:22:00,1781169720,929.57175791,937.33293991,924.30530371,929.27981398,
2026-06-11 09:23:00,1781169780,929.27981398,936.05606786,923.27945806,925.41950349,
2026-06-11 09:24:00,1781169840,925.41950349,938.36421438,921.92689324,922.08525025,
2026-06-11 09:25:00,1781169900,922.08525025,931.42114566,911.41198062,917.24128276,
2026-06-11 09:26:00,1781169960,917.24128276,931.28976389,916.87037011,926.2011364,
2026-06-11 09:27:00,1781170020,926.2011364,931.91773765,921.56214667,924.01210847,
2026-06-11 09:28:00,1781170080,924.01210847,925.21905746,915.39811946,915.85721294,
2026-06-11 09:29:00,1781170140,915.85721294,925.5339097,915.80235161,918.71389374,
2026-06-11 09:30:00,1781170200,918.71389374,922.76811536,902.67935957,921.29790716,
2026-06-11 09:31:00,1781170260,921.29790716,922.90558121,870.87156404,875.14162188,
2026-06-11 09:32:00,1781170320,875.14162188,892.56864703,870.67328751,879.09476437,
2026-06-11 09:33:00,1781170380,879.09476437,889.2851387,874.46618754,877.77761927,
2026-06-11 09:34:00,1781170440,877.77761927,885.48876269,853.42149876,853.42149876,
2026-06-11 09:35:00,1781170500,853.42149876,870.27964929,841.75622298,869.76437597,
2026-06-11 09:36:00,1781170560,869.76437597,869.99604927,858.09598403,858.44982756,
2026-06-11 09:37:00,1781170620,858.44982756,864.51486459,857.44949542,859.66462281,
2026-06-11 09:38:00,1781170680,859.66462281,867.63804374,857.15467574,865.01331871,
2026-06-11 09:39:00,1781170740,865.01331871,867.26062647,853.12737027,864.47349547,
2026-06-11 09:40:00,1781170800,864.47349547,867.62452321,861.62735517,864.69751978,
2026-06-11 09:41:00,1781170860,864.69751978,876.86892633,864.69524201,875.68640141,
2026-06-11 09:42:00,1781170920,875.68640141,876.58401402,860.55611764,866.10146218,
2026-06-11 09:43:00,1781170980,866.10146218,875.01517504,864.79688465,874.89025441,
2026-06-11 09:44:00,1781171040,874.89025441,875.96562993,855.85995101,858.08060241,
2026-06-11 09:45:00,1781171100,858.08060241,869.59785844,858.08060241,858.36444897,
2026-06-11 09:46:00,1781171160,858.36444897,862.69767456,858.36216991,862.51347168,
2026-06-11 09:47:00,1781171220,862.51347168,873.33054265,861.66184057,870.98084371,
2026-06-11 09:48:00,1781171280,870.98084371,872.08811641,856.78830719,858.5874211,
2026-06-11 09:49:00,1781171340,858.5874211,868.66060143,856.68429495,858.71408505,
2026-06-11 09:50:00,1781171400,858.71408505,864.87283529,858.71408505,860.91432866,
2026-06-11 09:51:00,1781171460,860.91432866,860.91432866,831.57368958,836.35657868,
2026-06-11 09:52:00,1781171520,836.35657868,843.23611571,824.52828819,842.70025496,
2026-06-11 09:53:00,1781171580,842.70025496,851.47412665,840.9111789,840.9111789,
2026-06-11 09:54:00,1781171640,840.9111789,854.73544642,837.52429634,837.91436323,
2026-06-11 09:55:00,1781171700,837.91436323,842.99912823,828.74419413,842.39254565,
2026-06-11 09:56:00,1781171760,842.39254565,861.02946053,839.7906135,861.02718553,
2026-06-11 09:57:00,1781171820,861.02718553,871.15400996,861.02718553,868.02588653,
2026-06-11 09:58:00,1781171880,868.02588653,868.22841583,852.44004276,852.44004276,
2026-06-11 09:59:00,1781171940,852.44004276,857.59785538,840.23008314,850.127863,
2026-06-11 10:00:00,1781172000,850.127863,855.34754121,836.69858074,844.28320661,
2026-06-11 10:01:00,1781172060,844.28320661,856.68233424,831.19448189,848.76936369,
2026-06-11 10:02:00,1781172120,848.76936369,870.4273135,840.71509663,869.75615911,
2026-06-11 10:03:00,1781172180,869.75615911,876.45599091,865.69902313,872.14863414,
2026-06-11 10:04:00,1781172240,872.14863414,895.95314972,865.73484006,885.98501603,
2026-06-11 10:05:00,1781172300,885.98501603,889.83355128,871.74420042,872.25802266,
2026-06-11 10:06:00,1781172360,872.25802266,881.07404497,852.08839038,852.85170044,
2026-06-11 10:07:00,1781172420,852.85170044,852.85170044,827.97884498,833.84602485,
2026-06-11 10:08:00,1781172480,833.84602485,840.22873172,822.67693408,835.79827645,
2026-06-11 10:09:00,1781172540,835.79827645,859.4392556,835.79601252,843.75730963,
2026-06-11 10:10:00,1781172600,843.75730963,858.49868127,841.13044734,858.49868127,
2026-06-11 10:11:00,1781172660,858.49868127,863.42700591,843.00899532,843.41158563,
2026-06-11 10:12:00,1781172720,843.41158563,855.35601877,843.30017917,847.64412508,
2026-06-11 10:13:00,1781172780,847.64412508,854.07667776,829.37006973,834.71821551,
2026-06-11 10:14:00,1781172840,834.71821551,852.03543423,834.66557604,851.34507027,
2026-06-11 10:15:00,1781172900,851.34507027,851.80457918,838.73605798,843.10372674,
2026-06-11 10:16:00,1781172960,843.10372674,860.76478928,843.10372674,860.13941101,
2026-06-11 10:17:00,1781173020,860.13941101,907.46494335,858.22766597,895.1235839,
2026-06-11 10:18:00,1781173080,895.1235839,896.28277988,870.95011656,890.06826934,
2026-06-11 10:19:00,1781173140,890.06826934,910.01064611,882.55403863,889.98063421,
2026-06-11 10:20:00,1781173200,889.98063421,892.4719223,879.35772059,885.91653291,
2026-06-11 10:21:00,1781173260,885.91653291,886.8279761,871.00527274,876.01970194,
2026-06-11 10:22:00,1781173320,876.01970194,897.48140757,872.70709157,895.37132128,
2026-06-11 10:23:00,1781173380,895.37132128,895.52099576,877.20070672,877.31763636,
2026-06-11 10:24:00,1781173440,877.31763636,893.49837507,876.37743364,886.03974948,
2026-06-11 10:25:00,1781173500,886.03974948,887.74079538,877.06807181,877.85827223,
2026-06-11 10:26:00,1781173560,877.85827223,895.79597516,877.8037292,887.16499092,
2026-06-11 10:27:00,1781173620,887.16499092,892.91158158,883.21422255,885.50277672,
2026-06-11 10:28:00,1781173680,885.50277672,886.56822949,874.43275141,877.40274369,
2026-06-11 10:29:00,1781173740,877.40274369,879.52748268,863.47856532,874.25543565,
2026-06-11 10:30:00,1781173800,874.25543565,880.32619931,856.28589784,857.10333605,
2026-06-11 10:31:00,1781173860,857.10333605,857.10333605,832.89721276,845.50907548,
2026-06-11 10:32:00,1781173920,845.50907548,855.53541794,845.50907548,852.9221498,
2026-06-11 10:33:00,1781173980,852.9221498,870.15094317,852.9221498,868.7291337,
2026-06-11 10:34:00,1781174040,868.7291337,868.7291337,842.60802096,860.67030935,
2026-06-11 10:35:00,1781174100,860.67030935,866.52083771,847.67573448,847.67573448,
2026-06-11 10:36:00,1781174160,847.67573448,847.87790791,833.06909057,835.20895712,
2026-06-11 10:37:00,1781174220,835.20895712,845.62601547,832.76149816,837.99067994,
2026-06-11 10:38:00,1781174280,837.99067994,839.87242561,823.45095028,830.57750469,
2026-06-11 10:39:00,1781174340,830.57750469,858.08991347,830.24314814,853.90712547,
2026-06-11 10:40:00,1781174400,853.90712547,854.78968659,841.231858,849.08045835,
2026-06-11 10:41:00,1781174460,849.08045835,856.44639585,842.1255106,846.81652997,
2026-06-11 10:42:00,1781174520,846.81652997,853.87153906,838.36932219,840.76337255,
2026-06-11 10:43:00,1781174580,840.76337255,841.59677124,827.67913462,840.46692971,
2026-06-11 10:44:00,1781174640,840.46692971,845.3997159,827.9987033,838.20217174,
2026-06-11 10:45:00,1781174700,838.20217174,840.12965738,835.45420594,840.12285819,
2026-06-11 10:46:00,1781174760,840.12285819,845.0420959,823.43448034,828.44052569,
2026-06-11 10:47:00,1781174820,828.44052569,832.24177704,818.89231469,823.32868298,
2026-06-11 10:48:00,1781174880,823.32868298,828.47227553,822.62321484,826.67642077,
2026-06-11 10:49:00,1781174940,826.67642077,831.84427034,822.65447047,822.70647989,
2026-06-11 10:50:00,1781175000,822.70647989,830.62498968,817.30472504,821.5758773,
2026-06-11 10:51:00,1781175060,821.5758773,822.5882649,760.07003276,775.46492269,
2026-06-11 10:52:00,1781175120,775.46492269,807.8994882,775.46492269,795.213012,
2026-06-11 10:53:00,1781175180,795.213012,806.8931563,786.38946205,791.75248951,
2026-06-11 10:54:00,1781175240,791.75248951,793.49441539,757.00624235,760.64798713,
2026-06-11 10:55:00,1781175300,760.64798713,778.22544361,722.63961058,725.56962014,
2026-06-11 10:56:00,1781175360,725.56962014,782.67597455,724.27868421,779.00230824,
2026-06-11 10:57:00,1781175420,779.00230824,783.97330627,746.46010747,751.66792739,
2026-06-11 10:58:00,1781175480,751.66792739,755.62165544,726.16135316,742.62608348,
2026-06-11 10:59:00,1781175540,742.62608348,747.76848517,713.03453755,741.21117994,
2026-06-11 11:00:00,1781175600,741.21117994,779.50902289,740.54042342,779.05613481,
2026-06-11 11:01:00,1781175660,779.05613481,779.05613481,731.51331814,731.60589031,
2026-06-11 11:02:00,1781175720,731.60589031,740.97089419,718.35649914,728.16452024,
2026-06-11 11:03:00,1781175780,728.16452024,728.20831718,710.44018638,723.09024622,
2026-06-11 11:04:00,1781175840,723.09024622,723.51077295,711.86241532,720.08081626,
2026-06-11 11:05:00,1781175900,720.08081626,738.01015547,713.37947602,727.56091549,
2026-06-11 11:06:00,1781175960,727.56091549,742.43522013,727.51254258,738.37975235,
2026-06-11 11:07:00,1781176020,738.37975235,756.0345948,731.92508827,752.50927004,
2026-06-11 11:08:00,1781176080,752.50927004,790.09426889,745.05514159,745.05514159,
2026-06-11 11:09:00,1781176140,745.05514159,749.55555554,736.88818508,737.48807181,
2026-06-11 11:10:00,1781176200,737.48807181,737.48807181,721.66992174,723.73750244,
2026-06-11 11:11:00,1781176260,723.73750244,725.13827742,706.78543586,709.0095681,
2026-06-11 11:12:00,1781176320,709.0095681,731.95398236,707.19419237,717.76117531,
2026-06-11 11:13:00,1781176380,717.76117531,726.15566725,715.68900554,717.49703224,
2026-06-11 11:14:00,1781176440,717.49703224,718.22431951,712.86334502,714.36539894,
2026-06-11 11:15:00,1781176500,714.36539894,735.59340632,714.36539894,723.67286004,
2026-06-11 11:16:00,1781176560,723.67286004,723.80855044,718.17770115,718.7970656,
2026-06-11 11:17:00,1781176620,718.7970656,718.7970656,696.25740705,702.99298123,
2026-06-11 11:18:00,1781176680,702.99298123,744.38649856,702.99298123,735.59004139,
2026-06-11 11:19:00,1781176740,735.59004139,754.26187079,734.09928139,746.99443979,
2026-06-11 11:20:00,1781176800,746.99443979,755.20632695,745.47053766,745.72820569,
2026-06-11 11:21:00,1781176860,745.72820569,753.50978848,732.90457516,733.46876384,
2026-06-11 11:22:00,1781176920,733.46876384,734.24906457,722.26040847,726.94449948,
2026-06-11 11:23:00,1781176980,726.94449948,729.75647664,725.28106175,728.53111173,
2026-06-11 11:24:00,1781177040,728.53111173,733.62283305,721.96887937,726.68074304,
2026-06-11 11:25:00,1781177100,726.68074304,747.44291235,726.18404887,741.90659384,
2026-06-11 11:26:00,1781177160,741.90659384,754.54143235,741.10231099,754.4081578,
2026-06-11 11:27:00,1781177220,754.4081578,756.19692631,736.75893797,739.55873154,
2026-06-11 11:28:00,1781177280,739.55873154,742.39130596,718.40371415,718.72204553,
2026-06-11 11:29:00,1781177340,718.72204553,730.3465009,706.05535278,728.16487461,
2026-06-11 11:30:00,1781177400,728.16487461,729.88845305,698.90486172,707.76231991,
2026-06-11 11:31:00,1781177460,707.76231991,717.71750638,686.04784084,688.02564018,
2026-06-11 11:32:00,1781177520,688.02564018,707.11802639,679.08003872,706.43527264,
2026-06-11 11:33:00,1781177580,706.43527264,717.66266119,699.32207275,702.64545786,
2026-06-11 11:34:00,1781177640,702.64545786,723.06955512,702.64545786,714.16521959,
2026-06-11 11:35:00,1781177700,714.16521959,725.11720207,706.90467048,723.27538575,
2026-06-11 11:36:00,1781177760,723.27538575,737.009445,723.18919923,737.009445,
2026-06-11 11:37:00,1781177820,737.009445,753.00011175,727.49638397,750.65995991,
2026-06-11 11:38:00,1781177880,750.65995991,763.80263614,740.92323806,755.21545407,
2026-06-11 11:39:00,1781177940,755.21545407,758.91974815,728.40080382,732.81224216,
2026-06-11 11:40:00,1781178000,732.81224216,742.95540667,729.04067572,741.00677883,
2026-06-11 11:41:00,1781178060,741.00677883,743.51435793,724.64155962,734.74132143,
2026-06-11 11:42:00,1781178120,734.74132143,744.13652164,731.72090204,731.72090204,
2026-06-11 11:43:00,1781178180,731.72090204,737.78847372,727.17715518,729.81471072,
2026-06-11 11:44:00,1781178240,729.81471072,746.69689717,729.26691058,735.98518417,
2026-06-11 11:45:00,1781178300,735.98518417,749.91297958,735.98518417,745.59511963,
2026-06-11 11:46:00,1781178360,745.59511963,745.68696517,739.45910612,740.0664368,
2026-06-11 11:47:00,1781178420,740.0664368,748.32457329,735.80135347,748.32457329,
2026-06-11 11:48:00,1781178480,748.32457329,753.53220771,745.17199457,748.07739744,
2026-06-11 11:49:00,1781178540,748.07739744,756.79831893,729.01510417,729.01510417,
2026-06-11 11:50:00,1781178600,729.01510417,735.11858849,725.44237861,728.85290185,
2026-06-11 11:51:00,1781178660,728.85290185,735.77681629,680.20536794,692.47748797,
2026-06-11 11:52:00,1781178720,692.47748797,716.24209223,686.42943577,710.44459474,
2026-06-11 11:53:00,1781178780,710.44459474,715.22326756,703.29256511,709.52369776,
2026-06-11 11:54:00,1781178840,709.52369776,718.75342184,709.34735596,711.59388765,
2026-06-11 11:55:00,1781178900,711.59388765,735.5767912,711.59388765,733.73334689,
2026-06-11 11:56:00,1781178960,733.73334689,750.58445515,733.73334689,739.32520981,
2026-06-11 11:57:00,1781179020,739.32520981,744.87108112,731.30984739,743.06349175,
2026-06-11 11:58:00,1781179080,743.06349175,744.35675468,737.81675542,741.0890773,
2026-06-11 11:59:00,1781179140,741.0890773,747.97540511,737.3498613,745.43249901,
2026-06-11 12:00:00,1781179200,745.43249901,777.75558478,741.46059816,773.04197237,
2026-06-11 12:01:00,1781179260,773.04197237,773.04197237,757.34980352,768.56197708,
2026-06-11 12:02:00,1781179320,768.56197708,776.58637013,764.26507698,769.26708572,
2026-06-11 12:03:00,1781179380,769.26708572,790.71211357,768.21453056,786.74892896,
2026-06-11 12:04:00,1781179440,786.74892896,793.08771263,758.25765649,759.77306719,
2026-06-11 12:05:00,1781179500,759.77306719,761.809877,745.72359261,755.76349835,
2026-06-11 12:06:00,1781179560,755.76349835,769.41711925,741.23116713,766.52326497,
2026-06-11 12:07:00,1781179620,766.52326497,796.54230085,766.52326497,784.60601605,
2026-06-11 12:08:00,1781179680,784.60601605,788.79447023,770.9607815,774.47754006,
2026-06-11 12:09:00,1781179740,774.47754006,792.15313479,769.35513075,786.62204073,
2026-06-11 12:10:00,1781179800,786.62204073,789.21611194,736.43504811,737.72916412,
2026-06-11 12:11:00,1781179860,737.72916412,749.19107694,713.72137153,713.72137153,
2026-06-11 12:12:00,1781179920,713.72137153,722.50332764,703.69762807,705.19287389,
2026-06-11 12:13:00,1781179980,705.19287389,740.57324969,703.68977364,739.2296894,
2026-06-11 12:14:00,1781180040,739.2296894,757.22239779,720.8670523,724.7905036,
2026-06-11 12:15:00,1781180100,724.7905036,739.80343292,714.45790447,732.003134,
2026-06-11 12:16:00,1781180160,732.003134,736.54655827,723.70827752,727.42001768,
2026-06-11 12:17:00,1781180220,727.42001768,742.39140143,718.45022862,742.15387162,
2026-06-11 12:18:00,1781180280,742.15387162,744.42581293,707.57119071,715.88527941,
2026-06-11 12:19:00,1781180340,715.88527941,746.91501752,714.45683399,746.77328733,
2026-06-11 12:20:00,1781180400,746.77328733,817.48218792,746.77328733,816.61412168,
2026-06-11 12:21:00,1781180460,816.61412168,855.03504767,808.93041277,843.09506211,
2026-06-11 12:22:00,1781180520,843.09506211,952.08790173,839.07613696,947.62248938,
2026-06-11 12:23:00,1781180580,947.62248938,967.00464369,899.22198496,907.02028789,
2026-06-11 12:24:00,1781180640,907.02028789,953.12129772,873.90516072,940.33734288,
2026-06-11 12:25:00,1781180700,940.33734288,940.94189003,911.74691273,927.78663174,
2026-06-11 12:26:00,1781180760,927.78663174,929.79139814,894.85401273,894.85401273,
2026-06-11 12:27:00,1781180820,894.85401273,946.27624089,892.74446709,925.58421792,
2026-06-11 12:28:00,1781180880,925.58421792,965.00445205,908.23550894,959.28697441,
2026-06-11 12:29:00,1781180940,959.28697441,963.30233733,940.31924959,960.65334698,
2026-06-11 12:30:00,1781181000,960.65334698,1058.48024027,897.17585007,985.64367238,
2026-06-11 12:31:00,1781181060,985.64367238,1011.76418247,942.86217039,975.76531496,
2026-06-11 12:32:00,1781181120,975.76531496,1011.84059186,968.35803145,974.20456198,
2026-06-11 12:33:00,1781181180,974.20456198,1020.23558258,963.94591267,1006.17775242,
2026-06-11 12:34:00,1781181240,1006.17775242,1021.27310617,901.72002195,918.41551321,
2026-06-11 12:35:00,1781181300,918.41551321,929.16677105,890.14369821,920.48562868,
2026-06-11 12:36:00,1781181360,920.48562868,920.48797824,879.24062624,893.3373538,
2026-06-11 12:37:00,1781181420,893.3373538,923.66361699,884.14379841,922.13155666,
2026-06-11 12:38:00,1781181480,922.13155666,922.13155666,856.77989304,894.0814639,
2026-06-11 12:39:00,1781181540,894.0814639,901.94723959,861.76674192,900.9400397,
2026-06-11 12:40:00,1781181600,900.9400397,910.71502186,886.06288174,892.75001194,
2026-06-11 12:41:00,1781181660,892.75001194,904.92435846,858.72791856,864.58129454,
2026-06-11 12:42:00,1781181720,864.58129454,880.07524365,855.47620828,860.15372559,
2026-06-11 12:43:00,1781181780,860.15372559,894.66802888,853.41329475,894.66802888,
2026-06-11 12:44:00,1781181840,894.66802888,908.83774896,811.44151411,823.25916704,
2026-06-11 12:45:00,1781181900,823.25916704,855.89849238,816.67445189,822.20118559,
2026-06-11 12:46:00,1781181960,822.20118559,830.08190642,801.22829761,801.27610553,
2026-06-11 12:47:00,1781182020,801.27610553,836.17773665,786.44523166,826.85214993,
2026-06-11 12:48:00,1781182080,826.85214993,845.83059749,816.46590154,844.63574725,
2026-06-11 12:49:00,1781182140,844.63574725,852.96902213,800.29857723,800.29857723,
2026-06-11 12:50:00,1781182200,800.29857723,843.04785723,795.34222065,835.14653828,
2026-06-11 12:51:00,1781182260,835.14653828,836.70232666,786.8419353,787.82952705,
2026-06-11 12:52:00,1781182320,787.82952705,787.82952705,762.19953265,780.20447134,
2026-06-11 12:53:00,1781182380,780.20447134,814.13774781,765.94263408,807.71643697,
2026-06-11 12:54:00,1781182440,807.71643697,814.85151705,800.28159287,806.06563556,
2026-06-11 12:55:00,1781182500,806.06563556,808.33326712,758.87615875,765.8217122,
2026-06-11 12:56:00,1781182560,765.8217122,779.67879075,762.54203132,774.20259493,
2026-06-11 12:57:00,1781182620,774.20259493,786.61109459,761.72212603,781.08420971,
2026-06-11 12:58:00,1781182680,781.08420971,791.07981651,754.41620375,760.11114685,
2026-06-11 12:59:00,1781182740,760.11114685,773.41927553,755.69350903,772.12036027,
2026-06-11 13:00:00,1781182800,772.12036027,807.98128469,770.39606129,804.94699562,
2026-06-11 13:01:00,1781182860,804.94699562,809.10930462,786.13575527,808.7378272,
2026-06-11 13:02:00,1781182920,808.7378272,827.411621,801.43817975,814.73139667,
2026-06-11 13:03:00,1781182980,814.73139667,829.00912829,812.89174863,816.39240183,
2026-06-11 13:04:00,1781183040,816.39240183,820.80940966,786.51401009,802.68880057,
2026-06-11 13:05:00,1781183100,802.68880057,832.22806488,802.53491003,820.24396192,
2026-06-11 13:06:00,1781183160,820.24396192,831.38308348,806.17213764,814.80709209,
2026-06-11 13:07:00,1781183220,814.80709209,825.34666022,807.0374365,817.85205562,
2026-06-11 13:08:00,1781183280,817.85205562,826.40209813,813.86606753,821.60515695,
2026-06-11 13:09:00,1781183340,821.60515695,835.09467114,819.54930673,831.41487754,
2026-06-11 13:10:00,1781183400,831.41487754,831.56715919,818.19354691,820.01628245,
2026-06-11 13:11:00,1781183460,820.01628245,852.06119402,806.66679931,843.40210677,
2026-06-11 13:12:00,1781183520,843.40210677,843.40210677,817.98226294,826.17324876,
2026-06-11 13:13:00,1781183580,826.17324876,831.72174068,814.67156407,829.12582676,
2026-06-11 13:14:00,1781183640,829.12582676,830.07085303,814.01836755,824.54476505,
2026-06-11 13:15:00,1781183700,824.54476505,827.16719404,812.59149573,815.67862372,
2026-06-11 13:16:00,1781183760,815.67862372,815.72595456,796.93500202,797.83593573,
2026-06-11 13:17:00,1781183820,797.83593573,810.03997342,796.19893114,806.81360282,
2026-06-11 13:18:00,1781183880,806.81360282,809.66949768,793.2371319,795.21670107,
2026-06-11 13:19:00,1781183940,795.21670107,795.21670107,773.75420708,775.32455182,
2026-06-11 13:20:00,1781184000,775.32455182,775.42320093,752.768414,770.79627243,
2026-06-11 13:21:00,1781184060,770.79627243,777.22839178,767.41135117,771.4491116,
2026-06-11 13:22:00,1781184120,771.4491116,819.09607864,771.4491116,814.77682116,
2026-06-11 13:23:00,1781184180,814.77682116,824.01223349,806.95279547,823.15305798,
2026-06-11 13:24:00,1781184240,823.15305798,866.77481827,818.61021771,863.01749286,
2026-06-11 13:25:00,1781184300,863.01749286,873.25162981,853.26356654,854.11983929,
2026-06-11 13:26:00,1781184360,854.11983929,867.77924498,852.28313215,856.61736736,
2026-06-11 13:27:00,1781184420,856.61736736,871.50417278,855.03541007,861.55868945,
2026-06-11 13:28:00,1781184480,861.55868945,872.17625269,853.80821976,853.9106442,
2026-06-11 13:29:00,1781184540,853.9106442,884.63416497,853.69370571,873.91318039,
2026-06-11 13:30:00,1781184600,873.91318039,900.84640133,873.7539217,878.51647293,
2026-06-11 13:31:00,1781184660,878.51647293,935.3153908,875.42905666,921.28477449,
2026-06-11 13:32:00,1781184720,921.28477449,953.71905913,917.21781565,926.99593887,
2026-06-11 13:33:00,1781184780,926.99593887,927.21630169,875.65118147,900.88694776,
2026-06-11 13:34:00,1781184840,900.88694776,931.68385419,889.10313762,901.68147475,
2026-06-11 13:35:00,1781184900,901.68147475,920.27528689,844.59624506,845.68756599,
2026-06-11 13:36:00,1781184960,845.68756599,858.63135544,809.48082879,858.5261023,
2026-06-11 13:37:00,1781185020,858.5261023,867.76444534,825.8987066,833.54439869,
2026-06-11 13:38:00,1781185080,833.54439869,894.14865558,829.1115851,889.68926063,
2026-06-11 13:39:00,1781185140,889.68926063,889.68926063,831.27492953,854.17876753,
2026-06-11 13:40:00,1781185200,854.17876753,906.83995473,849.80242212,860.48972798,
2026-06-11 13:41:00,1781185260,860.48972798,923.09921813,852.9042079,904.72604832,
2026-06-11 13:42:00,1781185320,904.72604832,926.37216718,872.62477468,886.76886811,
2026-06-11 13:43:00,1781185380,886.76886811,886.76886811,822.68284322,829.58683175,
2026-06-11 13:44:00,1781185440,829.58683175,831.08556968,786.9195776,789.02467135,
2026-06-11 13:45:00,1781185500,789.02467135,801.74511224,712.56766644,738.63279984,
2026-06-11 13:46:00,1781185560,738.63279984,768.60234761,736.55175864,747.09229825,
2026-06-11 13:47:00,1781185620,747.09229825,771.80401283,729.16678252,745.55391643,
2026-06-11 13:48:00,1781185680,745.55391643,759.83973868,738.03657993,744.53544649,
2026-06-11 13:49:00,1781185740,744.53544649,756.20820576,732.82325056,755.57485372,
2026-06-11 13:50:00,1781185800,755.57485372,757.95139287,692.62239604,698.00924299,
2026-06-11 13:51:00,1781185860,698.00924299,741.70537907,698.00924299,724.11748653,
2026-06-11 13:52:00,1781185920,724.11748653,736.3415775,693.04075084,721.08027479,
2026-06-11 13:53:00,1781185980,721.08027479,745.07559566,657.26876426,660.96791311,
2026-06-11 13:54:00,1781186040,660.96791311,697.05649314,656.51916255,689.38506687,
2026-06-11 13:55:00,1781186100,689.38506687,719.11658741,689.38506687,708.05806353,
2026-06-11 13:56:00,1781186160,708.05806353,750.09312152,707.17174675,749.89907449,
2026-06-11 13:57:00,1781186220,749.89907449,774.1365283,742.33961169,771.38984395,
2026-06-11 13:58:00,1781186280,771.38984395,771.38984395,740.7131496,749.19577085,
2026-06-11 13:59:00,1781186340,749.19577085,749.5848341,723.78707325,728.07946194,
2026-06-11 14:00:00,1781186400,728.07946194,752.01663779,724.68063441,742.40349672,
2026-06-11 14:01:00,1781186460,742.40349672,771.10425833,734.91612682,743.55185019,
2026-06-11 14:02:00,1781186520,743.55185019,760.94184338,734.95799411,749.72798985,
2026-06-11 14:03:00,1781186580,749.72798985,769.64627779,737.71078345,767.15821393,
2026-06-11 14:04:00,1781186640,767.15821393,776.55167526,722.09492807,723.71665634,
2026-06-11 14:05:00,1781186700,723.71665634,804.79617231,722.85740626,801.32789076,
2026-06-11 14:06:00,1781186760,801.32789076,817.71505413,781.00367474,810.85504103,
2026-06-11 14:07:00,1781186820,810.85504103,811.67170051,762.41909816,764.49071543,
2026-06-11 14:08:00,1781186880,764.49071543,788.64799592,764.20823087,772.20993494,
2026-06-11 14:09:00,1781186940,772.20993494,826.57464504,770.44035217,810.8120488,
2026-06-11 14:10:00,1781187000,810.8120488,860.06894067,797.84943929,860.06894067,
2026-06-11 14:11:00,1781187060,860.06894067,897.39142,834.72430638,835.19507366,
2026-06-11 14:12:00,1781187120,835.19507366,870.16442613,821.4136842,864.11273096,
2026-06-11 14:13:00,1781187180,864.11273096,880.81818597,840.8538729,842.95954953,
2026-06-11 14:14:00,1781187240,842.95954953,871.68843635,836.8962201,867.72764369,
2026-06-11 14:15:00,1781187300,867.72764369,874.75007562,821.66180372,838.94607813,
2026-06-11 14:16:00,1781187360,838.94607813,904.0128136,833.53325636,901.42501269,
2026-06-11 14:17:00,1781187420,901.42501269,902.11009446,844.06398409,855.13550156,
2026-06-11 14:18:00,1781187480,855.13550156,895.19621817,851.96982874,894.20791492,
2026-06-11 14:19:00,1781187540,894.20791492,901.65034811,848.77620476,859.89800673,
2026-06-11 14:20:00,1781187600,859.89800673,869.68318521,822.57165006,824.31996322,
2026-06-11 14:21:00,1781187660,824.31996322,841.51281766,812.12983686,812.18783193,
2026-06-11 14:22:00,1781187720,812.18783193,855.17135202,799.19391819,813.6720625,
2026-06-11 14:23:00,1781187780,813.6720625,815.3224248,773.70604055,795.26276539,
2026-06-11 14:24:00,1781187840,795.26276539,810.30234868,763.97698668,782.80108916,
2026-06-11 14:25:00,1781187900,782.80108916,792.03036405,768.4583656,780.77869296,
2026-06-11 14:26:00,1781187960,780.77869296,825.82616908,780.42405017,821.78914124,
2026-06-11 14:27:00,1781188020,821.78914124,821.78914124,782.53220654,794.91723286,
2026-06-11 14:28:00,1781188080,794.91723286,805.26919395,772.13567786,774.28761006,
2026-06-11 14:29:00,1781188140,774.28761006,783.77721562,742.62156485,746.93167015,
2026-06-11 14:30:00,1781188200,746.93167015,805.99938477,733.73430016,803.32487367,
2026-06-11 14:31:00,1781188260,803.32487367,815.36152073,779.65457013,784.09015458,
2026-06-11 14:32:00,1781188320,784.09015458,793.98018556,760.17983386,785.53344128,
2026-06-11 14:33:00,1781188380,785.53344128,806.51573183,774.76269982,800.40494031,
2026-06-11 14:34:00,1781188440,800.40494031,822.0148825,786.91589157,789.308791,
2026-06-11 14:35:00,1781188500,789.308791,799.90453137,762.94528766,767.44589182,
2026-06-11 14:36:00,1781188560,767.44589182,780.47160969,715.14574098,716.00830445,
2026-06-11 14:37:00,1781188620,716.00830445,786.62719383,711.9842974,786.62719383,
2026-06-11 14:38:00,1781188680,786.62719383,786.62719383,759.8485515,773.00624758,
2026-06-11 14:39:00,1781188740,773.00624758,800.33560288,770.83809058,792.15029237,
2026-06-11 14:40:00,1781188800,792.15029237,808.01730676,782.91995966,783.22194909,
2026-06-11 14:41:00,1781188860,783.22194909,800.82377422,765.28667292,795.15798003,
2026-06-11 14:42:00,1781188920,795.15798003,810.31684244,778.40749685,797.56200974,
2026-06-11 14:43:00,1781188980,797.56200974,824.05863292,789.89606147,807.1803469,
2026-06-11 14:44:00,1781189040,807.1803469,820.36842045,791.55311944,818.36424479,
2026-06-11 14:45:00,1781189100,818.36424479,821.77094813,794.05488011,800.37874099,
2026-06-11 14:46:00,1781189160,800.37874099,816.03813381,778.92519487,805.79430528,
2026-06-11 14:47:00,1781189220,805.79430528,807.55777267,785.14854854,800.84430178,
2026-06-11 14:48:00,1781189280,800.84430178,802.34274132,761.89348803,778.69105493,
2026-06-11 14:49:00,1781189340,778.69105493,798.62389624,771.10613336,795.02353862,
2026-06-11 14:50:00,1781189400,795.02353862,813.92317906,769.21995979,775.12560324,
2026-06-11 14:51:00,1781189460,775.12560324,781.61355156,733.0827907,753.47596933,
2026-06-11 14:52:00,1781189520,753.47596933,787.12336728,751.12957083,775.31842832,
2026-06-11 14:53:00,1781189580,775.31842832,778.62464646,745.66325676,772.26414603,
2026-06-11 14:54:00,1781189640,772.26414603,790.11130234,760.75926839,776.81626117,
2026-06-11 14:55:00,1781189700,776.81626117,800.5990656,774.98086354,799.19218276,
2026-06-11 14:56:00,1781189760,799.19218276,858.70652522,797.36797831,842.09004044,
2026-06-11 14:57:00,1781189820,842.09004044,857.89362955,814.39243109,816.02263604,
2026-06-11 14:58:00,1781189880,816.02263604,872.7974313,805.49662262,868.77986071,
2026-06-11 14:59:00,1781189940,868.77986071,883.46333705,863.91788037,881.65295081,
2026-06-11 15:00:00,1781190000,881.65295081,901.22145035,858.15527086,901.00081459,
2026-06-11 15:01:00,1781190060,901.00081459,991.34556834,900.9426207,969.83913037,
2026-06-11 15:02:00,1781190120,969.83913037,979.10560767,909.41217052,941.01440555,
2026-06-11 15:03:00,1781190180,941.01440555,943.01859568,882.86652904,899.10872245,
2026-06-11 15:04:00,1781190240,899.10872245,911.1640443,879.07529377,891.6199132,
2026-06-11 15:05:00,1781190300,891.6199132,936.09035634,888.72471677,928.27542855,
2026-06-11 15:06:00,1781190360,928.27542855,935.74833644,888.62674219,907.00949161,
2026-06-11 15:07:00,1781190420,907.00949161,918.47188606,823.74266407,828.40473111,
2026-06-11 15:08:00,1781190480,828.40473111,865.06502626,813.77565799,842.73973518,
2026-06-11 15:09:00,1781190540,842.73973518,870.55610557,831.68106487,864.80103236,
2026-06-11 15:10:00,1781190600,864.80103236,895.94212625,864.62667771,880.83210838,
2026-06-11 15:11:00,1781190660,880.83210838,883.9170539,859.51173203,866.00831033,
2026-06-11 15:12:00,1781190720,866.00831033,872.15189611,802.88154167,828.58507243,
2026-06-11 15:13:00,1781190780,828.58507243,857.85160788,823.24796712,855.85410405,
2026-06-11 15:14:00,1781190840,855.85410405,896.43208822,855.85410405,895.16155371,
2026-06-11 15:15:00,1781190900,895.16155371,906.64787776,858.78910554,859.93183655,
2026-06-11 15:16:00,1781190960,859.93183655,897.3647933,849.80147647,896.4190001,
2026-06-11 15:17:00,1781191020,896.4190001,905.34617972,879.70129785,901.76667687,
2026-06-11 15:18:00,1781191080,901.76667687,935.10216332,893.22862264,930.6678002,
2026-06-11 15:19:00,1781191140,930.6678002,933.78750831,900.21871814,905.53241056,
2026-06-11 15:20:00,1781191200,905.53241056,910.12565984,841.5493059,849.28657673,
2026-06-11 15:21:00,1781191260,849.28657673,855.56990364,830.41396074,849.63312935,
2026-06-11 15:22:00,1781191320,849.63312935,875.86418994,849.63312935,865.43147868,
2026-06-11 15:23:00,1781191380,865.43147868,871.48318259,828.25677731,833.96463187,
2026-06-11 15:24:00,1781191440,833.96463187,846.07658182,828.28783555,846.07658182,
2026-06-11 15:25:00,1781191500,846.07658182,877.60039882,845.21074386,857.07067528,
2026-06-11 15:26:00,1781191560,857.07067528,875.53691939,851.59853746,851.748371,
2026-06-11 15:27:00,1781191620,851.748371,876.97779617,843.90436705,863.24004557,
2026-06-11 15:28:00,1781191680,863.24004557,886.86472387,858.23362944,875.00103799,
2026-06-11 15:29:00,1781191740,875.00103799,889.51468302,865.50923112,875.74641121,
2026-06-11 15:30:00,1781191800,875.74641121,906.074447,863.47001679,902.99143847,
2026-06-11 15:31:00,1781191860,902.99143847,927.69510552,900.57983199,901.46476652,
2026-06-11 15:32:00,1781191920,901.46476652,903.72443985,875.84080542,876.00688642,
2026-06-11 15:33:00,1781191980,876.00688642,905.46236518,875.78544941,878.24156377,
2026-06-11 15:34:00,1781192040,878.24156377,878.24156377,848.01140139,859.34409658,
2026-06-11 15:35:00,1781192100,859.34409658,866.09367159,812.69881021,830.05427878,
2026-06-11 15:36:00,1781192160,830.05427878,856.26517157,813.35135157,817.48865756,
2026-06-11 15:37:00,1781192220,817.48865756,821.19896349,799.2518069,803.84582348,
2026-06-11 15:38:00,1781192280,803.84582348,833.62191425,801.79690334,802.49439099,
2026-06-11 15:39:00,1781192340,802.49439099,819.3563697,791.16689583,818.91064511,
2026-06-11 15:40:00,1781192400,818.91064511,824.90761415,793.98525832,798.43835495,
2026-06-11 15:41:00,1781192460,798.43835495,829.55427582,798.43835495,827.9601734,
2026-06-11 15:42:00,1781192520,827.9601734,846.00653971,821.17463917,835.08589386,
2026-06-11 15:43:00,1781192580,835.08589386,878.67651546,824.86810486,876.83193361,
2026-06-11 15:44:00,1781192640,876.83193361,898.05821289,865.11432333,895.89915298,
2026-06-11 15:45:00,1781192700,895.89915298,938.7473401,882.71218087,930.73203925,
2026-06-11 15:46:00,1781192760,930.73203925,930.73203925,882.58703892,884.29426374,
2026-06-11 15:47:00,1781192820,884.29426374,886.4370749,864.26347883,873.81930561,
2026-06-11 15:48:00,1781192880,873.81930561,933.04595449,873.37232055,911.47666659,
2026-06-11 15:49:00,1781192940,911.47666659,924.39159598,894.20320342,919.59071806,
2026-06-11 15:50:00,1781193000,919.59071806,930.95766018,911.52121615,923.46644138,
2026-06-11 15:51:00,1781193060,923.46644138,926.07178593,902.17967343,911.65823246,
2026-06-11 15:52:00,1781193120,911.65823246,945.82749117,903.81325821,933.66991608,
2026-06-11 15:53:00,1781193180,933.66991608,955.43654458,930.87200081,939.56458535,
2026-06-11 15:54:00,1781193240,939.56458535,939.56458535,909.40869431,911.42902705,
2026-06-11 15:55:00,1781193300,911.42902705,943.87128313,898.76618327,902.82196616,
2026-06-11 15:56:00,1781193360,902.82196616,915.08369135,884.84712169,884.84712169,
2026-06-11 15:57:00,1781193420,884.84712169,894.46567647,869.35652099,874.08327237,
2026-06-11 15:58:00,1781193480,874.08327237,880.68463284,862.96173959,863.12569223,
2026-06-11 15:59:00,1781193540,863.12569223,872.05103198,848.36228121,848.57921409,
2026-06-11 16:00:00,1781193600,848.57921409,850.85254124,824.34978808,827.06917229,
2026-06-11 16:01:00,1781193660,827.06917229,851.17931297,812.25561765,847.99252921,
2026-06-11 16:02:00,1781193720,847.99252921,863.29180356,847.99252921,850.54566728,
2026-06-11 16:03:00,1781193780,850.54566728,873.69276939,841.87550383,873.41088513,
2026-06-11 16:04:00,1781193840,873.41088513,893.27943746,872.81791635,882.2744676,
2026-06-11 16:05:00,1781193900,882.2744676,890.50906833,856.62266292,858.60667373,
2026-06-11 16:06:00,1781193960,858.60667373,858.83693654,813.74531537,819.09151501,
2026-06-11 16:07:00,1781194020,819.09151501,826.17157436,800.99160841,802.2941432,
2026-06-11 16:08:00,1781194080,802.2941432,825.38472082,802.23883032,806.61156167,
2026-06-11 16:09:00,1781194140,806.61156167,856.19928414,806.61156167,852.65784556,
2026-06-11 16:10:00,1781194200,852.65784556,859.30474993,822.22173374,848.30452334,
2026-06-11 16:11:00,1781194260,848.30452334,852.07654711,833.29350972,840.34367242,
2026-06-11 16:12:00,1781194320,840.34367242,848.50736156,826.33752971,829.50669586,
2026-06-11 16:13:00,1781194380,829.50669586,836.70624613,824.1697331,830.63136188,
2026-06-11 16:14:00,1781194440,830.63136188,833.14229967,797.72621726,797.72621726,
2026-06-11 16:15:00,1781194500,797.72621726,815.65650518,787.19398921,806.95159509,
2026-06-11 16:16:00,1781194560,806.95159509,814.05574812,794.14941095,797.59045303,
2026-06-11 16:17:00,1781194620,797.59045303,823.10524054,795.69842368,799.10709999,
2026-06-11 16:18:00,1781194680,799.10709999,811.96560116,794.62905533,797.38171348,
2026-06-11 16:19:00,1781194740,797.38171348,809.30413961,795.01849013,798.39142715,
2026-06-11 16:20:00,1781194800,798.39142715,825.9122818,795.1977027,825.15338507,
2026-06-11 16:21:00,1781194860,825.15338507,875.42862037,805.25518791,864.31265935,
2026-06-11 16:22:00,1781194920,864.31265935,890.58440272,849.78966536,887.84398871,
2026-06-11 16:23:00,1781194980,887.84398871,898.47900216,871.70950699,895.02483768,
2026-06-11 16:24:00,1781195040,895.02483768,913.72952021,887.29144998,911.42212734,
2026-06-11 16:25:00,1781195100,911.42212734,935.16982428,902.43916605,927.39626015,
2026-06-11 16:26:00,1781195160,927.39626015,929.77979083,899.33136158,913.36605309,
2026-06-11 16:27:00,1781195220,913.36605309,914.32919944,900.55196628,906.89647143,
2026-06-11 16:28:00,1781195280,906.89647143,908.55246672,881.9596624,896.59226101,
2026-06-11 16:29:00,1781195340,896.59226101,902.60658169,883.28898511,899.75160174,
2026-06-11 16:30:00,1781195400,899.75160174,922.22900176,892.69040537,912.13079984,
2026-06-11 16:31:00,1781195460,912.13079984,928.7100941,906.20919389,928.7100941,
2026-06-11 16:32:00,1781195520,928.7100941,950.90357287,909.78860256,910.50568199,
2026-06-11 16:33:00,1781195580,910.50568199,917.7252183,877.64952529,877.64952529,
2026-06-11 16:34:00,1781195640,877.64952529,880.00312549,829.50294259,863.36727106,
2026-06-11 16:35:00,1781195700,863.36727106,878.98273241,839.70127857,847.52636252,
2026-06-11 16:36:00,1781195760,847.52636252,853.20946844,806.27734089,806.27734089,
2026-06-11 16:37:00,1781195820,806.27734089,826.07545993,797.86167689,824.11804728,
2026-06-11 16:38:00,1781195880,824.11804728,850.66961299,818.13128017,830.95008725,
2026-06-11 16:39:00,1781195940,830.95008725,855.36180961,830.72804308,845.31069901,
2026-06-11 16:40:00,1781196000,845.31069901,866.6665859,833.11187442,862.12890569,
2026-06-11 16:41:00,1781196060,862.12890569,880.44490247,849.23311087,879.06196706,
2026-06-11 16:42:00,1781196120,879.06196706,893.83639087,865.14533435,867.83978579,
2026-06-11 16:43:00,1781196180,867.83978579,877.53401915,846.02599951,870.49882481,
2026-06-11 16:44:00,1781196240,870.49882481,890.7387839,866.72793334,878.52574763,
2026-06-11 16:45:00,1781196300,878.52574763,904.49089838,858.58784751,904.49089838,
2026-06-11 16:46:00,1781196360,904.49089838,905.12674755,883.23634709,893.51880641,
2026-06-11 16:47:00,1781196420,893.51880641,903.92135306,883.5803657,886.56462852,
2026-06-11 16:48:00,1781196480,886.56462852,886.56462852,860.23333453,864.4496948,
2026-06-11 16:49:00,1781196540,864.4496948,907.97295444,864.27720994,892.58026505,
2026-06-11 16:50:00,1781196600,892.58026505,921.74315403,885.8182638,885.8182638,
2026-06-11 16:51:00,1781196660,885.8182638,903.73000985,883.96743781,902.2058989,
2026-06-11 16:52:00,1781196720,902.2058989,920.67176824,893.25150993,906.4400767,
2026-06-11 16:53:00,1781196780,906.4400767,911.37913723,881.63355564,888.16632035,
2026-06-11 16:54:00,1781196840,888.16632035,897.26324024,867.74274525,895.22330454,
2026-06-11 16:55:00,1781196900,895.22330454,917.38513235,893.40680678,915.12560189,
2026-06-11 16:56:00,1781196960,915.12560189,920.70863552,894.29746525,909.59268344,
2026-06-11 16:57:00,1781197020,909.59268344,917.14349185,906.88842866,911.2610523,
2026-06-11 16:58:00,1781197080,911.2610523,915.80116187,902.57692136,915.7968235,
2026-06-11 16:59:00,1781197140,915.7968235,923.20698572,907.82340627,922.60971984,
2026-06-11 17:00:00,1781197200,922.60971984,938.74241094,921.57090852,927.32880378,
2026-06-11 17:01:00,1781197260,927.32880378,927.32880378,892.13162469,918.06538512,
2026-06-11 17:02:00,1781197320,918.06538512,941.68773634,907.52295853,941.50811198,
2026-06-11 17:03:00,1781197380,941.50811198,1031.57298524,938.84678528,1020.93753065,
2026-06-11 17:04:00,1781197440,1020.93753065,1040.34639929,1008.50905434,1009.56555981,
2026-06-11 17:05:00,1781197500,1009.56555981,1009.56555981,965.8226886,969.91388018,
2026-06-11 17:06:00,1781197560,969.91388018,981.0713376,954.20706586,967.21835869,
2026-06-11 17:07:00,1781197620,967.21835869,982.42693771,946.58550026,954.04098911,
2026-06-11 17:08:00,1781197680,954.04098911,971.39273533,950.21070703,968.10570394,
2026-06-11 17:09:00,1781197740,968.10570394,969.20486485,942.08261589,949.40188621,
2026-06-11 17:10:00,1781197800,949.40188621,959.74497937,917.19198572,931.94317807,
2026-06-11 17:11:00,1781197860,931.94317807,961.96349092,929.96938739,961.96349092,
2026-06-11 17:12:00,1781197920,961.96349092,998.0017292,941.70800282,996.75383869,
2026-06-11 17:13:00,1781197980,996.75383869,1011.8689643,978.91230969,981.45405383,
2026-06-11 17:14:00,1781198040,981.45405383,985.27808036,969.83428837,982.18411724,
2026-06-11 17:15:00,1781198100,982.18411724,1019.68222512,964.29023215,970.775967,
2026-06-11 17:16:00,1781198160,970.775967,972.12355022,954.1440148,956.87262215,
2026-06-11 17:17:00,1781198220,956.87262215,974.77858475,956.87262215,968.28578165,
2026-06-11 17:18:00,1781198280,968.28578165,1019.12315216,968.28578165,1014.61058516,
2026-06-11 17:19:00,1781198340,1014.61058516,1022.96431002,998.87327995,1020.06604437,
2026-06-11 17:20:00,1781198400,1020.06604437,1038.93460589,1001.79161639,1005.92137523,
2026-06-11 17:21:00,1781198460,1005.92137523,1042.93513245,998.67950311,1029.37548915,
2026-06-11 17:22:00,1781198520,1029.37548915,1049.62880674,1010.4512355,1038.23049398,
2026-06-11 17:23:00,1781198580,1038.23049398,1043.35001416,1014.99006152,1020.52904979,
2026-06-11 17:24:00,1781198640,1020.52904979,1048.88277801,1009.11181604,1013.56657464,
2026-06-11 17:25:00,1781198700,1013.56657464,1037.45280097,1007.30065895,1021.53622571,
2026-06-11 17:26:00,1781198760,1021.53622571,1049.46309839,1014.58681403,1046.87879083,
2026-06-11 17:27:00,1781198820,1046.87879083,1058.42602416,1031.03419704,1032.52174215,
2026-06-11 17:28:00,1781198880,1032.52174215,1033.72662277,802.35443311,856.24259701,
2026-06-11 17:29:00,1781198940,856.24259701,876.80641265,680.51201894,693.83185037,
2026-06-11 17:30:00,1781199000,693.83185037,693.83185037,606.7172373,649.57486396,
2026-06-11 17:31:00,1781199060,649.57486396,684.55052825,575.16536605,580.55287578,
2026-06-11 17:32:00,1781199120,580.55287578,584.42738916,486.35083728,486.35083728,
2026-06-11 17:33:00,1781199180,486.35083728,557.91092458,476.45351773,557.91092458,
2026-06-11 17:34:00,1781199240,557.91092458,619.11139133,556.73551385,584.54747508,
2026-06-11 17:35:00,1781199300,584.54747508,641.05500392,570.12033664,588.49475162,
2026-06-11 17:36:00,1781199360,588.49475162,636.89496342,578.96059383,624.35213352,
2026-06-11 17:37:00,1781199420,624.35213352,637.17904656,592.51581681,605.77176615,
2026-06-11 17:38:00,1781199480,605.77176615,623.62092703,582.52197634,590.8170692,
2026-06-11 17:39:00,1781199540,590.8170692,613.28450788,581.11248652,598.29676764,
2026-06-11 17:40:00,1781199600,598.29676764,599.20554554,550.27227267,557.05304416,
2026-06-11 17:41:00,1781199660,557.05304416,565.84485258,527.67829471,532.36117967,
2026-06-11 17:42:00,1781199720,532.36117967,566.38840838,525.09018257,549.34360131,
2026-06-11 17:43:00,1781199780,549.34360131,570.30746203,539.2195752,562.22978831,
2026-06-11 17:44:00,1781199840,562.22978831,573.21450028,546.26323418,554.99320048,
2026-06-11 17:45:00,1781199900,554.99320048,554.99320048,498.91771373,498.91771373,
2026-06-11 17:46:00,1781199960,498.91771373,564.79459396,498.72029319,549.69992996,
2026-06-11 17:47:00,1781200020,549.69992996,550.49019012,489.1784729,500.32318896,
2026-06-11 17:48:00,1781200080,500.32318896,501.53630939,473.85088694,498.44260573,
2026-06-11 17:49:00,1781200140,498.44260573,532.74044102,446.11746688,452.39171348,
2026-06-11 17:50:00,1781200200,452.39171348,501.14124562,451.31925911,501.06337391,
2026-06-11 17:51:00,1781200260,501.06337391,512.0102241,459.41228286,469.30251104,
2026-06-11 17:52:00,1781200320,469.30251104,491.38202067,449.57743495,489.87671522,
2026-06-11 17:53:00,1781200380,489.87671522,510.55240788,484.60276902,501.50827271,
2026-06-11 17:54:00,1781200440,501.50827271,516.55962005,495.43256334,497.69049927,
2026-06-11 17:55:00,1781200500,497.69049927,504.54753545,485.42194709,497.75614342,
2026-06-11 17:56:00,1781200560,497.75614342,533.73170834,496.40123678,512.68301815,
2026-06-11 17:57:00,1781200620,512.68301815,522.44681601,484.82143996,489.14124062,
2026-06-11 17:58:00,1781200680,489.14124062,491.84577951,453.64133966,462.17561119,
2026-06-11 17:59:00,1781200740,462.17561119,475.13891806,423.43033222,427.32448559,
2026-06-11 18:00:00,1781200800,427.32448559,435.33176434,403.11447933,418.0932575,
2026-06-11 18:01:00,1781200860,418.0932575,420.80457807,390.91257238,394.01366079,
2026-06-11 18:02:00,1781200920,394.01366079,437.82105812,377.4721922,436.49830525,
2026-06-11 18:03:00,1781200980,436.49830525,457.8571669,405.29895805,446.85038434,
2026-06-11 18:04:00,1781201040,446.85038434,485.86991802,444.86786742,478.49908247,
2026-06-11 18:05:00,1781201100,478.49908247,513.85333953,474.10202471,513.54109709,
2026-06-11 18:06:00,1781201160,513.54109709,532.89923706,504.80754005,516.65158411,
2026-06-11 18:07:00,1781201220,516.65158411,527.12510538,505.44274405,513.26963085,
2026-06-11 18:08:00,1781201280,513.26963085,536.72372848,502.11976791,536.72372848,
2026-06-11 18:09:00,1781201340,536.72372848,549.87054311,524.35118153,524.35118153,
2026-06-11 18:10:00,1781201400,524.35118153,548.24570465,517.69275156,532.1040007,
2026-06-11 18:11:00,1781201460,532.1040007,546.32093124,494.92796131,500.7491718,
2026-06-11 18:12:00,1781201520,500.7491718,500.7491718,468.71853437,490.59734911,
2026-06-11 18:13:00,1781201580,490.59734911,506.39057143,483.17155712,495.51630631,
2026-06-11 18:14:00,1781201640,495.51630631,502.76719527,483.62578962,486.63861851,
2026-06-11 18:15:00,1781201700,486.63861851,488.91060705,441.64724524,441.64724524,
2026-06-11 18:16:00,1781201760,441.64724524,455.14427446,437.35193451,445.72132874,
2026-06-11 18:17:00,1781201820,445.72132874,475.05677259,444.81200249,460.63419688,
2026-06-11 18:18:00,1781201880,460.63419688,487.87932321,455.83044994,475.81083451,
2026-06-11 18:19:00,1781201940,475.81083451,489.66793671,446.62159995,457.96569895,
2026-06-11 18:20:00,1781202000,457.96569895,478.60710467,452.77695684,469.97017374,
2026-06-11 18:21:00,1781202060,469.97017374,475.62170098,450.26993199,471.84048984,
2026-06-11 18:22:00,1781202120,471.84048984,545.20510769,471.72013049,517.05437598,
2026-06-11 18:23:00,1781202180,517.05437598,540.0702854,510.08731968,531.35453824,
2026-06-11 18:24:00,1781202240,531.35453824,546.68527925,519.90623866,527.36785636,
2026-06-11 18:25:00,1781202300,527.36785636,529.80765484,508.5103794,509.53617038,
2026-06-11 18:26:00,1781202360,509.53617038,521.82491456,506.27291836,508.34869499,
2026-06-11 18:27:00,1781202420,508.34869499,520.6539292,505.23203071,516.40424627,
2026-06-11 18:28:00,1781202480,516.40424627,541.85147475,514.9611033,525.53416814,
2026-06-11 18:29:00,1781202540,525.53416814,540.95922152,518.93569864,529.58335283,
2026-06-11 18:30:00,1781202600,529.58335283,534.32624101,497.79450942,497.9872099,
2026-06-11 18:31:00,1781202660,497.9872099,511.68608461,496.51536003,509.20109606,
2026-06-11 18:32:00,1781202720,509.20109606,541.35595612,509.15919939,528.46185708,
2026-06-11 18:33:00,1781202780,528.46185708,537.43617416,503.93561057,507.44776951,
2026-06-11 18:34:00,1781202840,507.44776951,516.25452258,501.44573532,515.95370302,
2026-06-11 18:35:00,1781202900,515.95370302,516.54948715,503.81521767,509.34675943,
2026-06-11 18:36:00,1781202960,509.34675943,511.31373175,476.04118028,479.15144329,
2026-06-11 18:37:00,1781203020,479.15144329,488.10151291,476.34279456,486.65265389,
2026-06-11 18:38:00,1781203080,486.65265389,494.58111548,481.71520429,483.92889056,
2026-06-11 18:39:00,1781203140,483.92889056,488.79442839,473.77413231,480.24385571,
2026-06-11 18:40:00,1781203200,480.24385571,488.62006962,467.05327307,488.03576104,
2026-06-11 18:41:00,1781203260,488.03576104,492.6221444,477.47545324,489.91301375,
2026-06-11 18:42:00,1781203320,489.91301375,496.22771301,487.21129515,490.69388202,
2026-06-11 18:43:00,1781203380,490.69388202,493.56967139,471.03870413,474.2400873,
2026-06-11 18:44:00,1781203440,474.2400873,482.04593614,472.25252752,474.90006409,
2026-06-11 18:45:00,1781203500,474.90006409,488.05733376,473.617883,481.3243419,
2026-06-11 18:46:00,1781203560,481.3243419,483.34582011,476.23947843,480.9242249,
2026-06-11 18:47:00,1781203620,480.9242249,483.86227171,463.87577647,464.27709298,
2026-06-11 18:48:00,1781203680,464.27709298,482.19476451,464.27709298,480.91446337,
2026-06-11 18:49:00,1781203740,480.91446337,497.92610131,480.71052136,485.67799119,
2026-06-11 18:50:00,1781203800,485.67799119,488.17958689,475.22981326,486.35670273,
2026-06-11 18:51:00,1781203860,486.35670273,498.15097179,486.17228712,498.15097179,
2026-06-11 18:52:00,1781203920,498.15097179,498.46604673,471.09985626,471.09985626,
2026-06-11 18:53:00,1781203980,471.09985626,477.96507569,462.14786419,471.26655783,
2026-06-11 18:54:00,1781204040,471.26655783,488.00024659,470.29037168,487.96203742,
2026-06-11 18:55:00,1781204100,487.96203742,495.9820738,482.47053666,492.42617305,
2026-06-11 18:56:00,1781204160,492.42617305,495.00429335,469.25129299,473.8249928,
2026-06-11 18:57:00,1781204220,473.8249928,481.79308876,472.94292394,476.63403941,
2026-06-11 18:58:00,1781204280,476.63403941,490.85459674,473.18419609,490.52010627,
2026-06-11 18:59:00,1781204340,490.52010627,507.7744989,489.94420891,504.98907877,
2026-06-11 19:00:00,1781204400,504.98907877,520.83202862,493.86325059,496.61147066,
2026-06-11 19:01:00,1781204460,496.61147066,499.65226637,468.76774646,475.16066375,
2026-06-11 19:02:00,1781204520,475.16066375,475.16066375,449.06723575,465.64676979,
2026-06-11 19:03:00,1781204580,465.64676979,489.78457331,463.84079723,484.0034637,
2026-06-11 19:04:00,1781204640,484.0034637,490.98033765,476.61183655,486.86088901,
2026-06-11 19:05:00,1781204700,486.86088901,491.24360237,479.25954099,489.68691384,
2026-06-11 19:06:00,1781204760,489.68691384,503.01018407,486.86635324,492.15596461,
2026-06-11 19:07:00,1781204820,492.15596461,501.36540051,490.54334586,497.19635027,
2026-06-11 19:08:00,1781204880,497.19635027,529.38591119,496.69970226,516.1199455,
2026-06-11 19:09:00,1781204940,516.1199455,518.78663562,498.36926524,512.9065059,
2026-06-11 19:10:00,1781205000,512.9065059,513.82466218,489.40921928,500.90791293,
2026-06-11 19:11:00,1781205060,500.90791293,525.74586488,497.61016113,512.77821129,
2026-06-11 19:12:00,1781205120,512.77821129,512.77821129,451.26574331,467.68308525,
2026-06-11 19:13:00,1781205180,467.68308525,500.63248128,461.77132705,476.62458334,
2026-06-11 19:14:00,1781205240,476.62458334,481.09837916,458.96690538,471.57136907,
2026-06-11 19:15:00,1781205300,471.57136907,472.50331172,447.94158102,450.88597093,
2026-06-11 19:16:00,1781205360,450.88597093,453.06724242,439.77613682,445.12238854,
2026-06-11 19:17:00,1781205420,445.12238854,450.09243904,423.33104548,426.7626579,
2026-06-11 19:18:00,1781205480,426.7626579,433.00911991,415.83120684,426.5106866,
2026-06-11 19:19:00,1781205540,426.5106866,450.08170425,426.471254,439.50697678,
2026-06-11 19:20:00,1781205600,439.50697678,439.50697678,415.3806075,433.14101444,
2026-06-11 19:21:00,1781205660,433.14101444,440.84471836,430.15331773,436.75306752,
2026-06-11 19:22:00,1781205720,436.75306752,437.14078523,425.84697579,430.22662285,
2026-06-11 19:23:00,1781205780,430.22662285,430.58902427,414.68682533,422.30430856,
2026-06-11 19:24:00,1781205840,422.30430856,428.79017905,414.7475206,423.07041386,
2026-06-11 19:25:00,1781205900,423.07041386,444.78153585,423.06587805,428.18565914,
2026-06-11 19:26:00,1781205960,428.18565914,444.4757767,422.44140335,424.00566964,
2026-06-11 19:27:00,1781206020,424.00566964,450.35836956,423.96874659,445.01307057,
2026-06-11 19:28:00,1781206080,445.01307057,458.51583026,442.53848848,443.58863634,
2026-06-11 19:29:00,1781206140,443.58863634,454.66919719,436.91119599,452.84485023,
2026-06-11 19:30:00,1781206200,452.84485023,454.99029743,351.93663978,351.93663978,
2026-06-11 19:31:00,1781206260,351.93663978,388.47906024,351.93663978,383.11781917,
2026-06-11 19:32:00,1781206320,383.11781917,386.14881144,359.60904384,366.24079591,
2026-06-11 19:33:00,1781206380,366.24079591,382.37228056,350.17579056,365.11607211,
2026-06-11 19:34:00,1781206440,365.11607211,421.97164951,360.98985291,409.32914296,
2026-06-11 19:35:00,1781206500,409.32914296,427.97462778,397.66627975,402.73024498,
2026-06-11 19:36:00,1781206560,402.73024498,411.38872724,390.03313945,404.12217988,
2026-06-11 19:37:00,1781206620,404.12217988,409.89556394,381.57290472,390.04086155,
2026-06-11 19:38:00,1781206680,390.04086155,413.99656486,388.45024148,413.99656486,
2026-06-11 19:39:00,1781206740,413.99656486,436.60587217,409.25031235,434.02271152,
2026-06-11 19:40:00,1781206800,434.02271152,434.02271152,405.90253039,408.09042879,
2026-06-11 19:41:00,1781206860,408.09042879,408.46475941,388.9178778,392.84805175,
2026-06-11 19:42:00,1781206920,392.84805175,396.3314201,389.30696291,393.60591947,
2026-06-11 19:43:00,1781206980,393.60591947,407.17464848,392.06837726,405.30449111,
2026-06-11 19:44:00,1781207040,405.30449111,435.4728179,403.95545656,428.78266546,
2026-06-11 19:45:00,1781207100,428.78266546,438.6961476,427.98926367,429.16568098,
2026-06-11 19:46:00,1781207160,429.16568098,446.28191892,425.03138154,442.19218306,
2026-06-11 19:47:00,1781207220,442.19218306,442.19218306,416.01239983,416.07805116,
2026-06-11 19:48:00,1781207280,416.07805116,431.06016632,413.23719584,420.97458168,
2026-06-11 19:49:00,1781207340,420.97458168,433.78318759,414.64782066,431.92181351,
2026-06-11 19:50:00,1781207400,431.92181351,454.54785871,424.03093064,442.64206509,
2026-06-11 19:51:00,1781207460,442.64206509,445.9831426,423.44494721,424.09329498,
2026-06-11 19:52:00,1781207520,424.09329498,444.20195894,420.9226754,436.46167845,
2026-06-11 19:53:00,1781207580,436.46167845,442.75940943,431.01668069,431.50136437,
2026-06-11 19:54:00,1781207640,431.50136437,433.94968317,424.27806302,424.27806302,
2026-06-11 19:55:00,1781207700,424.27806302,451.05833186,424.27574129,436.59052092,
2026-06-11 19:56:00,1781207760,436.59052092,440.50123701,434.39817633,438.9527184,
2026-06-11 19:57:00,1781207820,438.9527184,448.55522734,433.96931578,436.59305739,
2026-06-11 19:58:00,1781207880,436.59305739,447.35837934,431.73667636,445.8306775,
2026-06-11 19:59:00,1781207940,445.8306775,459.24658062,437.5968896,456.7998288,
2026-06-11 20:00:00,1781208000,456.7998288,480.31379467,439.52101232,474.47510593,
2026-06-11 20:01:00,1781208060,474.47510593,476.43136495,447.57752723,457.67398841,
2026-06-11 20:02:00,1781208120,457.67398841,467.77869807,431.85590995,440.59460034,
2026-06-11 20:03:00,1781208180,440.59460034,460.06193338,434.01694222,447.07786803,
2026-06-11 20:04:00,1781208240,447.07786803,454.9771361,441.3128792,450.33275516,
2026-06-11 20:05:00,1781208300,450.33275516,451.73998232,431.45904422,436.45558892,
2026-06-11 20:06:00,1781208360,436.45558892,451.35972631,436.32097352,451.15927235,
2026-06-11 20:07:00,1781208420,451.15927235,465.85366103,449.55796409,456.92602994,
2026-06-11 20:08:00,1781208480,456.92602994,472.8606229,456.70737944,464.32250331,
2026-06-11 20:09:00,1781208540,464.32250331,465.29457259,459.00408846,462.73330167,
2026-06-11 20:10:00,1781208600,462.73330167,485.0486349,462.73330167,483.26318888,
2026-06-11 20:11:00,1781208660,483.26318888,491.34259356,474.57818013,476.72976477,
2026-06-11 20:12:00,1781208720,476.72976477,478.27596046,471.7920644,473.7655489,
2026-06-11 20:13:00,1781208780,473.7655489,485.07954313,468.84671365,478.83547581,
2026-06-11 20:14:00,1781208840,478.83547581,480.10135044,466.9030024,470.67787657,
2026-06-11 20:15:00,1781208900,470.67787657,481.44285116,467.28779183,479.83540877,
2026-06-11 20:16:00,1781208960,479.83540877,482.45104165,471.19061476,471.56691319,
2026-06-11 20:17:00,1781209020,471.56691319,474.46920428,462.96516371,466.23293484,
2026-06-11 20:18:00,1781209080,466.23293484,473.28909299,461.64964903,472.53580386,
2026-06-11 20:19:00,1781209140,472.53580386,472.53580386,461.80026207,470.22952404,
2026-06-11 20:20:00,1781209200,470.22952404,470.41486192,466.5347308,469.10966576,
2026-06-11 20:21:00,1781209260,469.10966576,489.44729336,466.74216095,489.44729336,
2026-06-11 20:22:00,1781209320,489.44729336,497.84156811,488.80447422,491.82171504,
2026-06-11 20:23:00,1781209380,491.82171504,491.85813284,481.8599117,482.01314495,
2026-06-11 20:24:00,1781209440,482.01314495,487.30640797,480.09692466,486.32649291,
2026-06-11 20:25:00,1781209500,486.32649291,503.64385976,486.03445356,497.12492459,
2026-06-11 20:26:00,1781209560,497.12492459,509.72177872,483.53014128,508.27478923,
2026-06-11 20:27:00,1781209620,508.27478923,515.33439756,493.85126146,514.90807606,
2026-06-11 20:28:00,1781209680,514.90807606,553.84892798,514.90566937,534.65576259,
2026-06-11 20:29:00,1781209740,534.65576259,540.52548109,531.90197984,532.19908439,
2026-06-11 20:30:00,1781209800,532.19908439,542.55408819,531.71878469,534.51020152,
2026-06-11 20:31:00,1781209860,534.51020152,543.39597689,521.925525,540.97176028,
2026-06-11 20:32:00,1781209920,540.97176028,543.17672128,527.27845161,528.64674628,
2026-06-11 20:33:00,1781209980,528.64674628,534.29724418,512.42295965,517.86951897,
2026-06-11 20:34:00,1781210040,517.86951897,523.62495905,510.63622673,519.42054244,
2026-06-11 20:35:00,1781210100,519.42054244,539.73401448,519.41814249,536.64330941,
2026-06-11 20:36:00,1781210160,536.64330941,547.5678088,534.13856759,543.20474615,
2026-06-11 20:37:00,1781210220,543.20474615,547.92655955,540.16729501,545.55475133,
2026-06-11 20:38:00,1781210280,545.55475133,545.55475133,536.64561125,543.45453538,
2026-06-11 20:39:00,1781210340,543.45453538,548.81832996,536.69860674,537.5654027,
2026-06-11 20:40:00,1781210400,537.5654027,539.72142591,520.2917586,525.57721226,
2026-06-11 20:41:00,1781210460,525.57721226,544.62156382,525.32074786,544.52771933,
2026-06-11 20:42:00,1781210520,544.52771933,553.97001755,544.12580304,551.33811654,
2026-06-11 20:43:00,1781210580,551.33811654,552.65964727,544.11765833,549.53013653,
2026-06-11 20:44:00,1781210640,549.53013653,556.93983464,543.518765,556.41089193,
2026-06-11 20:45:00,1781210700,556.41089193,564.16698256,549.65257424,550.12080434,
2026-06-11 20:46:00,1781210760,550.12080434,562.24751548,550.12080434,557.83620456,
2026-06-11 20:47:00,1781210820,557.83620456,560.06723992,547.7571371,554.35984224,
2026-06-11 20:48:00,1781210880,554.35984224,558.79146571,552.57724828,556.388719,
2026-06-11 20:49:00,1781210940,556.388719,556.388719,550.36362412,553.53981564,
2026-06-11 20:50:00,1781211000,553.53981564,553.53981564,546.50845039,553.18025975,
2026-06-11 20:51:00,1781211060,553.18025975,553.18025975,530.93772498,530.93772498,
2026-06-11 20:52:00,1781211120,530.93772498,534.62811728,505.60006131,505.71719239,
2026-06-11 20:53:00,1781211180,505.71719239,517.14886864,505.67665354,505.67665354,
2026-06-11 20:54:00,1781211240,505.67665354,509.87530249,501.66699656,503.85377536,
2026-06-11 20:55:00,1781211300,503.85377536,511.1852102,503.73063408,509.17500352,
2026-06-11 20:56:00,1781211360,509.17500352,509.98393121,502.32282899,503.26309161,
2026-06-11 20:57:00,1781211420,503.26309161,506.17818815,498.88172223,499.88517234,
2026-06-11 20:58:00,1781211480,499.88517234,513.66522131,496.19369211,503.34857463,
2026-06-11 20:59:00,1781211540,503.34857463,505.29099392,495.636436,505.08643351,
2026-06-11 21:00:00,1781211600,505.08643351,505.40759611,492.55932535,494.95491841,
2026-06-11 21:01:00,1781211660,494.95491841,494.95491841,482.69817186,486.46916895,
2026-06-11 21:02:00,1781211720,486.46916895,498.14103195,486.46681637,497.19409615,
2026-06-11 21:03:00,1781211780,497.19409615,498.8782074,495.53022739,495.53022739,
2026-06-11 21:04:00,1781211840,495.53022739,497.16997698,472.91623057,474.13393748,
2026-06-11 21:05:00,1781211900,474.13393748,475.45247493,459.83235121,472.06437429,
2026-06-11 21:06:00,1781211960,472.06437429,475.4737503,470.40407976,473.88004186,
2026-06-11 21:07:00,1781212020,473.88004186,473.96019615,463.95037629,473.25546494,
2026-06-11 21:08:00,1781212080,473.25546494,473.44421042,463.39769065,466.63554561,
2026-06-11 21:09:00,1781212140,466.63554561,472.9161891,466.50609582,472.22387313,
2026-06-11 21:10:00,1781212200,472.22387313,472.42482232,470.86361968,472.29304966,
2026-06-11 21:11:00,1781212260,472.29304966,476.23896726,469.32925343,471.63429142,
2026-06-11 21:12:00,1781212320,471.63429142,471.67046164,467.06497622,467.77520311,
2026-06-11 21:13:00,1781212380,467.77520311,467.77520311,425.85333051,432.35829491,
2026-06-11 21:14:00,1781212440,432.35829491,444.40282929,432.35829491,443.48713317,
2026-06-11 21:15:00,1781212500,443.48713317,452.67331931,443.48713317,449.14259516,
2026-06-11 21:16:00,1781212560,449.14259516,459.47707856,446.40402663,455.50782307,
2026-06-11 21:17:00,1781212620,455.50782307,459.3787487,450.1710466,458.10973367,
2026-06-11 21:18:00,1781212680,458.10973367,461.16264998,453.29414247,455.66341201,
2026-06-11 21:19:00,1781212740,455.66341201,457.13133687,450.36314147,453.96955039,
2026-06-11 21:20:00,1781212800,453.96955039,459.1943583,450.73862992,457.06269792,
2026-06-11 21:21:00,1781212860,457.06269792,464.03237919,453.89357853,454.03106711,
2026-06-11 21:22:00,1781212920,454.03106711,454.03106711,444.67497234,445.08417257,
2026-06-11 21:23:00,1781212980,445.08417257,445.19526772,438.70999791,444.67529337,
2026-06-11 21:24:00,1781213040,444.67529337,460.25698231,444.67294823,457.11211913,
2026-06-11 21:25:00,1781213100,457.11211913,472.82428103,457.10975839,466.72492074,
2026-06-11 21:26:00,1781213160,466.72492074,479.25727486,466.68854706,479.01672396,
2026-06-11 21:27:00,1781213220,479.01672396,481.23841663,474.70235885,474.77223401,
2026-06-11 21:28:00,1781213280,474.77223401,484.47621139,473.94706052,478.8242645,
2026-06-11 21:29:00,1781213340,478.8242645,478.977775,468.17960303,468.36892126,
2026-06-11 21:30:00,1781213400,468.36892126,468.50764646,462.29444258,462.31323381,
2026-06-11 21:31:00,1781213460,462.31323381,464.96490041,460.03919945,461.72241281,
2026-06-11 21:32:00,1781213520,461.72241281,464.57415046,454.82561852,454.86083301,
2026-06-11 21:33:00,1781213580,454.86083301,455.44483966,452.95027128,454.40440489,
2026-06-11 21:34:00,1781213640,454.40440489,464.96920744,454.40440489,463.24953518,
2026-06-11 21:35:00,1781213700,463.24953518,474.65322166,462.74101129,470.46048609,
2026-06-11 21:36:00,1781213760,470.46048609,470.5762286,463.92111621,464.83689177,
2026-06-11 21:37:00,1781213820,464.83689177,467.9297981,463.36898903,467.77574118,
2026-06-11 21:38:00,1781213880,467.77574118,467.77574118,447.74959295,449.02243079,
2026-06-11 21:39:00,1781213940,449.02243079,454.55469083,445.21545685,445.32018602,
2026-06-11 21:40:00,1781214000,445.32018602,462.75669322,439.74142405,461.38485181,
2026-06-11 21:41:00,1781214060,461.38485181,464.48334286,455.84513743,456.06982586,
2026-06-11 21:42:00,1781214120,456.06982586,456.21054377,445.19262413,446.67749204,
2026-06-11 21:43:00,1781214180,446.67749204,459.34822821,445.97579934,458.42824543,
2026-06-11 21:44:00,1781214240,458.42824543,459.30073491,443.01382833,443.62908853,
2026-06-11 21:45:00,1781214300,443.62908853,448.16849745,435.38470269,444.82540261,
2026-06-11 21:46:00,1781214360,444.82540261,446.86692852,434.6352163,441.21679251,
2026-06-11 21:47:00,1781214420,441.21679251,446.31276731,432.1354903,438.377914,
2026-06-11 21:48:00,1781214480,438.377914,440.42257247,429.17403417,430.47521455,
2026-06-11 21:49:00,1781214540,430.47521455,438.5495407,426.99243712,437.40053724,
2026-06-11 21:50:00,1781214600,437.40053724,445.82444719,436.87872066,445.78716232,
2026-06-11 21:51:00,1781214660,445.78716232,448.85646746,435.97774371,436.01450168,
2026-06-11 21:52:00,1781214720,436.01450168,439.82701584,428.20632841,434.90569872,
2026-06-11 21:53:00,1781214780,434.90569872,438.86506124,433.08086061,438.86506124,
2026-06-11 21:54:00,1781214840,438.86506124,450.84466927,437.29132216,444.81317747,
2026-06-11 21:55:00,1781214900,444.81317747,460.88086493,444.77343182,460.76116967,
2026-06-11 21:56:00,1781214960,460.76116967,468.19700371,457.24013805,464.68004607,
2026-06-11 21:57:00,1781215020,464.68004607,468.81766208,459.94655791,459.94655791,
2026-06-11 21:58:00,1781215080,459.94655791,459.94655791,447.53796157,447.61089637,
2026-06-11 21:59:00,1781215140,447.61089637,461.61876739,441.0911958,441.17192148,
2026-06-11 22:00:00,1781215200,441.17192148,448.74103641,425.69385092,426.75990005,
2026-06-11 22:01:00,1781215260,426.75990005,435.91290154,421.16926848,421.16926848,
2026-06-11 22:02:00,1781215320,421.16926848,437.83995532,415.37294482,424.71048005,
2026-06-11 22:03:00,1781215380,424.71048005,425.76323564,414.87253345,415.87650815,
2026-06-11 22:04:00,1781215440,415.87650815,422.49437151,394.10446131,420.66594928,
2026-06-11 22:05:00,1781215500,420.66594928,423.54694831,406.00723934,414.7086066,
2026-06-11 22:06:00,1781215560,414.7086066,422.25670715,400.89653418,410.15521341,
2026-06-11 22:07:00,1781215620,410.15521341,410.15521341,390.57833589,396.44348039,
2026-06-11 22:08:00,1781215680,396.44348039,407.14035796,393.76104957,399.90795653,
2026-06-11 22:09:00,1781215740,399.90795653,399.90795653,388.30349276,398.89148348,
2026-06-11 22:10:00,1781215800,398.89148348,409.98237914,398.89148348,400.1552757,
2026-06-11 22:11:00,1781215860,400.1552757,407.12995916,390.6948283,406.42378219,
2026-06-11 22:12:00,1781215920,406.42378219,418.79949173,404.92512304,414.89396419,
2026-06-11 22:13:00,1781215980,414.89396419,416.17127016,401.44947054,404.17500375,
2026-06-11 22:14:00,1781216040,404.17500375,405.15751486,396.68696163,401.01503307,
2026-06-11 22:15:00,1781216100,401.01503307,412.14718349,396.98144992,406.45850945,
2026-06-11 22:16:00,1781216160,406.45850945,409.47550816,385.07800696,396.64176704,
2026-06-11 22:17:00,1781216220,396.64176704,399.17232707,383.26010416,394.72371664,
2026-06-11 22:18:00,1781216280,394.72371664,401.0749929,393.57805124,397.47682124,
2026-06-11 22:19:00,1781216340,397.47682124,401.4034886,394.62161137,397.18855773,
2026-06-11 22:20:00,1781216400,397.18855773,404.91275362,395.55100301,400.9241955,
2026-06-11 22:21:00,1781216460,400.9241955,407.18083987,400.36576053,406.11941313,
2026-06-11 22:22:00,1781216520,406.11941313,422.36746194,406.11941313,421.58599494,
2026-06-11 22:23:00,1781216580,421.58599494,426.80081873,414.05519035,418.46249763,
2026-06-11 22:24:00,1781216640,418.46249763,424.87211336,413.95904618,424.42984086,
2026-06-11 22:25:00,1781216700,424.42984086,432.65548566,420.44835849,422.68054593,
2026-06-11 22:26:00,1781216760,422.68054593,426.56713417,418.86836349,423.18255015,
2026-06-11 22:27:00,1781216820,423.18255015,425.10269915,419.13711277,422.2149424,
2026-06-11 22:28:00,1781216880,422.2149424,428.20602989,414.25558387,416.64966907,
2026-06-11 22:29:00,1781216940,416.64966907,416.64966907,404.67402598,409.55233846,
2026-06-11 22:30:00,1781217000,409.55233846,415.63554853,403.84142018,404.94291227,
2026-06-11 22:31:00,1781217060,404.94291227,408.97165863,391.29769045,408.75881281,
2026-06-11 22:32:00,1781217120,408.75881281,421.29914417,408.47282718,420.71534563,
2026-06-11 22:33:00,1781217180,420.71534563,424.94467976,410.97701157,417.1079661,
2026-06-11 22:34:00,1781217240,417.1079661,434.37760594,411.86384828,434.37760594,
2026-06-11 22:35:00,1781217300,434.37760594,445.32098706,420.23305244,420.23305244,
2026-06-11 22:36:00,1781217360,420.23305244,420.90688991,411.24225164,414.3777452,
2026-06-11 22:37:00,1781217420,414.3777452,423.82219159,414.33951518,423.08215324,
2026-06-11 22:38:00,1781217480,423.08215324,436.61474803,422.92061285,434.52609946,
2026-06-11 22:39:00,1781217540,434.52609946,441.89254491,426.88179686,428.01985312,
2026-06-11 22:40:00,1781217600,428.01985312,431.43076397,417.53964603,426.96796877,
2026-06-11 22:41:00,1781217660,426.96796877,438.15736947,426.67173839,436.33373177,
2026-06-11 22:42:00,1781217720,436.33373177,440.70588726,433.26807999,439.5453338,
2026-06-11 22:43:00,1781217780,439.5453338,442.0032528,434.08948791,434.41758391,
2026-06-11 22:44:00,1781217840,434.41758391,440.2732039,434.34309357,439.49707903,
2026-06-11 22:45:00,1781217900,439.49707903,441.24994587,430.40567956,435.94134891,
2026-06-11 22:46:00,1781217960,435.94134891,452.57287703,435.73008868,450.68707376,
2026-06-11 22:47:00,1781218020,450.68707376,454.74864794,449.89068378,454.74389257,
2026-06-11 22:48:00,1781218080,454.74389257,458.01553651,449.43097286,450.87228685,
2026-06-11 22:49:00,1781218140,450.87228685,451.13725223,426.85411751,438.44404683,
2026-06-11 22:50:00,1781218200,438.44404683,439.33593185,426.96833693,428.02422413,
2026-06-11 22:51:00,1781218260,428.02422413,433.32920937,424.68657453,432.74696646,
2026-06-11 22:52:00,1781218320,432.74696646,435.33042964,425.8064288,425.99042409,
2026-06-11 22:53:00,1781218380,425.99042409,434.3707373,425.99042409,430.845498,
2026-06-11 22:54:00,1781218440,430.845498,431.75580327,420.65377567,420.79739014,
2026-06-11 22:55:00,1781218500,420.79739014,424.30640256,411.14977446,411.79286446,
2026-06-11 22:56:00,1781218560,411.79286446,425.84662922,403.84460652,425.84662922,
2026-06-11 22:57:00,1781218620,425.84662922,425.84662922,417.58474961,418.37156218,
2026-06-11 22:58:00,1781218680,418.37156218,426.08058754,418.3692267,421.49363156,
2026-06-11 22:59:00,1781218740,421.49363156,439.68913024,421.41822707,438.66954556,
2026-06-11 23:00:00,1781218800,438.66954556,462.35040417,438.43936209,461.03922225,
2026-06-11 23:01:00,1781218860,461.03922225,469.37267043,460.30103329,464.29054061,
2026-06-11 23:02:00,1781218920,464.29054061,475.24132968,450.34778206,456.70959903,
2026-06-11 23:03:00,1781218980,456.70959903,487.25710386,455.34548265,470.10748009,
2026-06-11 23:04:00,1781219040,470.10748009,473.80145091,459.12184985,463.68968361,
2026-06-11 23:05:00,1781219100,463.68968361,467.48865235,456.99043355,465.67715372,
2026-06-11 23:06:00,1781219160,465.67715372,472.43693163,464.46937743,469.8739479,
2026-06-11 23:07:00,1781219220,469.8739479,475.41917946,466.76341335,473.088164,
2026-06-11 23:08:00,1781219280,473.088164,490.06695977,472.22238271,484.93268068,
2026-06-11 23:09:00,1781219340,484.93268068,491.30864294,484.29423617,487.85005448,
2026-06-11 23:10:00,1781219400,487.85005448,489.64063137,476.9529694,480.93242935,
2026-06-11 23:11:00,1781219460,480.93242935,484.99282638,477.34048119,481.74556484,
2026-06-11 23:12:00,1781219520,481.74556484,482.22765317,461.89092912,462.71887729,
2026-06-11 23:13:00,1781219580,462.71887729,479.5216274,462.71887729,472.39295549,
2026-06-11 23:14:00,1781219640,472.39295549,473.62230372,466.09492279,471.30700648,
2026-06-11 23:15:00,1781219700,471.30700648,479.40396685,464.58553969,464.94290533,
2026-06-11 23:16:00,1781219760,464.94290533,474.84265675,458.99696425,464.70274428,
2026-06-11 23:17:00,1781219820,464.70274428,480.18668915,464.70274428,480.02683685,
2026-06-11 23:18:00,1781219880,480.02683685,484.62889791,475.24880849,477.54301821,
2026-06-11 23:19:00,1781219940,477.54301821,478.94858817,464.51920647,467.83804384,
2026-06-11 23:20:00,1781220000,467.83804384,479.80870101,467.25393414,479.27666921,
2026-06-11 23:21:00,1781220060,479.27666921,480.78757165,475.35168902,480.67692825,
2026-06-11 23:22:00,1781220120,480.67692825,480.69979312,464.4490307,466.4923222,
2026-06-11 23:23:00,1781220180,466.4923222,471.29554989,464.10449588,467.67892977,
2026-06-11 23:24:00,1781220240,467.67892977,485.20200984,467.67892977,481.92685529,
2026-06-11 23:25:00,1781220300,481.92685529,485.74375963,475.89879656,484.73150591,
2026-06-11 23:26:00,1781220360,484.73150591,484.98860398,470.95856963,473.54698374,
2026-06-11 23:27:00,1781220420,473.54698374,488.78387445,469.21364035,488.1714074,
2026-06-11 23:28:00,1781220480,488.1714074,488.81422525,488.04323221,488.16157158,
2026-06-11 23:29:00,1781220540,488.16157158,488.9639649,481.19013353,485.26164252,
2026-06-11 23:30:00,1781220600,485.26164252,485.41099767,471.84611282,476.75325753,
2026-06-11 23:31:00,1781220660,476.75325753,480.19827889,448.03158438,451.16075982,
2026-06-11 23:32:00,1781220720,451.16075982,451.16075982,438.0985283,442.39419358,
2026-06-11 23:33:00,1781220780,442.39419358,452.78096884,427.45882893,427.45882893,
2026-06-11 23:34:00,1781220840,427.45882893,437.07442145,427.19895406,427.8412709,
2026-06-11 23:35:00,1781220900,427.8412709,437.98492662,423.65392565,437.52769137,
2026-06-11 23:36:00,1781220960,437.52769137,440.61391583,427.35073062,433.50801822,
2026-06-11 23:37:00,1781221020,433.50801822,436.13859939,427.13102705,435.17036572,
2026-06-11 23:38:00,1781221080,435.17036572,439.1808685,428.50531458,428.52107068,
2026-06-11 23:39:00,1781221140,428.52107068,431.63572211,414.16590491,415.97522079,
2026-06-11 23:40:00,1781221200,415.97522079,416.33667733,359.9918655,364.93977515,
2026-06-11 23:41:00,1781221260,364.93977515,369.67997013,361.91446269,369.64178379,
2026-06-11 23:42:00,1781221320,369.64178379,374.33336024,369.54023345,369.78013305,
2026-06-11 23:43:00,1781221380,369.78013305,382.73207221,368.55021017,378.11813036,
2026-06-11 23:44:00,1781221440,378.11813036,381.79176192,378.1158331,380.0955927,
2026-06-11 23:45:00,1781221500,380.0955927,380.56318473,374.64841753,380.21737016,
2026-06-11 23:46:00,1781221560,380.21737016,380.62018957,371.43186415,375.70399519,
2026-06-11 23:47:00,1781221620,375.70399519,388.35292111,370.88326946,388.02109497,
2026-06-11 23:48:00,1781221680,388.02109497,392.27317031,384.0100368,388.62568218,
2026-06-11 23:49:00,1781221740,388.62568218,390.81057116,382.64810525,389.93468296,
2026-06-11 23:50:00,1781221800,389.93468296,398.89249514,389.89966093,394.81552955,
2026-06-11 23:51:00,1781221860,394.81552955,409.48377516,394.77785628,407.77625591,
2026-06-11 23:52:00,1781221920,407.77625591,420.02349591,406.91000857,406.94621277,
2026-06-11 23:53:00,1781221980,406.94621277,416.3377852,405.93102817,410.7956143,
2026-06-11 23:54:00,1781222040,410.7956143,411.74020201,375.42584604,377.82238463,
2026-06-11 23:55:00,1781222100,377.82238463,383.63726475,376.6831407,380.28211946,
2026-06-11 23:56:00,1781222160,380.28211946,386.20375403,380.24074569,382.1107612,
2026-06-11 23:57:00,1781222220,382.1107612,391.38598453,377.49156795,380.77632099,
2026-06-11 23:58:00,1781222280,380.77632099,389.64542462,377.84963941,385.46287541,
2026-06-11 23:59:00,1781222340,385.46287541,393.22146742,379.92389497,379.92389497,
2026-06-12 00:00:00,1781222400,379.92389497,403.68871951,379.78163887,385.39391044,
2026-06-12 00:01:00,1781222460,385.39391044,390.45518287,379.50152317,386.12640591,
2026-06-12 00:02:00,1781222520,386.12640591,398.36110716,383.47639127,395.21410718,
2026-06-12 00:03:00,1781222580,395.21410718,409.49823385,395.21410718,405.82703675,
2026-06-12 00:04:00,1781222640,405.82703675,405.89940055,389.98990529,391.09288126,
2026-06-12 00:05:00,1781222700,391.09288126,392.41853911,378.89328968,385.6900191,
2026-06-12 00:06:00,1781222760,385.6900191,389.18922159,371.99162764,376.5059083,
2026-06-12 00:07:00,1781222820,376.5059083,376.5059083,319.70345088,325.91358868,
2026-06-12 00:08:00,1781222880,325.91358868,337.92102351,321.69836399,334.15524595,
2026-06-12 00:09:00,1781222940,334.15524595,346.46657338,334.15524595,343.39065238,
2026-06-12 00:10:00,1781223000,343.39065238,343.96895343,335.08372237,343.3886262,
2026-06-12 00:11:00,1781223060,343.3886262,352.60073935,335.33022106,349.19766996,
2026-06-12 00:12:00,1781223120,349.19766996,352.65088538,344.88369192,348.7216823,
2026-06-12 00:13:00,1781223180,348.7216823,354.52879007,342.05653352,342.99957561,
2026-06-12 00:14:00,1781223240,342.99957561,343.50731432,333.17717527,334.08404609,
2026-06-12 00:15:00,1781223300,334.08404609,365.28819042,334.08404609,360.80183161,
2026-06-12 00:16:00,1781223360,360.80183161,376.18073311,353.41289047,373.02217166,
2026-06-12 00:17:00,1781223420,373.02217166,376.0224428,367.74573368,371.49370107,
2026-06-12 00:18:00,1781223480,371.49370107,371.49370107,360.79340802,363.2988225,
2026-06-12 00:19:00,1781223540,363.2988225,363.6953586,355.13081443,360.87618926,
2026-06-12 00:20:00,1781223600,360.87618926,368.48315763,360.87618926,363.98714573,
2026-06-12 00:21:00,1781223660,363.98714573,366.16381144,350.66294156,360.72852382,
2026-06-12 00:22:00,1781223720,360.72852382,376.77243332,354.95244707,370.26919582,
2026-06-12 00:23:00,1781223780,370.26919582,378.25288397,370.25936257,375.60890599,
2026-06-12 00:24:00,1781223840,375.60890599,383.71990518,373.32931419,382.21467816,
2026-06-12 00:25:00,1781223900,382.21467816,382.3884055,369.03364107,369.47130036,
2026-06-12 00:26:00,1781223960,369.47130036,393.6302974,369.38663322,393.6302974,
2026-06-12 00:27:00,1781224020,393.6302974,403.38330026,379.31503947,383.55970418,
2026-06-12 00:28:00,1781224080,383.55970418,383.91036365,371.19139105,372.66103506,
2026-06-12 00:29:00,1781224140,372.66103506,373.00511695,360.58536622,368.0369332,
2026-06-12 00:30:00,1781224200,368.0369332,373.80658565,361.52194939,365.71933632,
2026-06-12 00:31:00,1781224260,365.71933632,386.43936426,365.71933632,376.88395112,
2026-06-12 00:32:00,1781224320,376.88395112,378.41613498,361.03245706,362.40931738,
2026-06-12 00:33:00,1781224380,362.40931738,362.60538465,349.67936555,351.24435266,
2026-06-12 00:34:00,1781224440,351.24435266,370.85278924,344.25900656,362.74204595,
2026-06-12 00:35:00,1781224500,362.74204595,366.37505064,349.79221144,350.36186721,
2026-06-12 00:36:00,1781224560,350.36186721,358.70412654,345.71380036,351.12718077,
2026-06-12 00:37:00,1781224620,351.12718077,351.32374385,343.37194199,345.93335076,
2026-06-12 00:38:00,1781224680,345.93335076,345.93335076,324.79821325,334.53101875,
2026-06-12 00:39:00,1781224740,334.53101875,350.88508639,334.41448622,350.18381381,
2026-06-12 00:40:00,1781224800,350.18381381,356.64942648,342.64539568,345.11949037,
2026-06-12 00:41:00,1781224860,345.11949037,350.65769857,338.3557892,344.4609857,
2026-06-12 00:42:00,1781224920,344.4609857,345.29185356,334.91516866,341.92424123,
2026-06-12 00:43:00,1781224980,341.92424123,351.70986131,339.45623354,351.07404298,
2026-06-12 00:44:00,1781225040,351.07404298,355.90805569,348.3478993,350.25091684,
2026-06-12 00:45:00,1781225100,350.25091684,354.19169997,338.20407323,338.76836896,
2026-06-12 00:46:00,1781225160,338.76836896,345.85491101,337.15484253,343.18275157,
2026-06-12 00:47:00,1781225220,343.18275157,345.47580069,338.77664226,340.43821202,
2026-06-12 00:48:00,1781225280,340.43821202,341.33887835,336.73647256,340.32929067,
2026-06-12 00:49:00,1781225340,340.32929067,340.7223433,334.96684303,337.84773477,
2026-06-12 00:50:00,1781225400,337.84773477,345.87004821,337.8129254,342.91697888,
2026-06-12 00:51:00,1781225460,342.91697888,342.94993915,323.96205807,328.21984838,
2026-06-12 00:52:00,1781225520,328.21984838,334.97934495,327.96212971,331.41901184,
2026-06-12 00:53:00,1781225580,331.41901184,333.54366257,327.61689417,329.02846913,
2026-06-12 00:54:00,1781225640,329.02846913,330.8647848,323.324313,327.51727103,
2026-06-12 00:55:00,1781225700,327.51727103,331.55034367,325.00193281,327.39068438,
2026-06-12 00:56:00,1781225760,327.39068438,329.97696524,321.25443201,327.10722646,
2026-06-12 00:57:00,1781225820,327.10722646,342.16465724,326.90057786,340.81557061,
2026-06-12 00:58:00,1781225880,340.81557061,353.30258552,337.0843935,352.55785297,
2026-06-12 00:59:00,1781225940,352.55785297,354.92822136,346.26434963,349.78364605,
2026-06-12 01:00:00,1781226000,349.78364605,383.36233647,347.44486755,380.26602022,
2026-06-12 01:01:00,1781226060,380.26602022,396.82001246,380.22362177,396.7444766,
2026-06-12 01:02:00,1781226120,396.7444766,413.33548422,391.19686369,411.52180076,
2026-06-12 01:03:00,1781226180,411.52180076,412.53455918,385.91667579,392.96071705,
2026-06-12 01:04:00,1781226240,392.96071705,403.29357546,391.76891003,397.14204505,
2026-06-12 01:05:00,1781226300,397.14204505,407.25903307,392.55012236,407.02124263,
2026-06-12 01:06:00,1781226360,407.02124263,407.05629516,386.86143107,394.64902043,
2026-06-12 01:07:00,1781226420,394.64902043,398.27641508,387.55441825,395.42986155,
2026-06-12 01:08:00,1781226480,395.42986155,401.56555217,394.0906052,398.58862568,
2026-06-12 01:09:00,1781226540,398.58862568,399.06515696,378.20543703,393.82867262,
2026-06-12 01:10:00,1781226600,393.82867262,397.64523607,387.08365866,393.7668186,
2026-06-12 01:11:00,1781226660,393.7668186,404.63926359,387.33236126,401.88741705,
2026-06-12 01:12:00,1781226720,401.88741705,405.71565037,398.94135933,399.93627937,
2026-06-12 01:13:00,1781226780,399.93627937,408.37113888,399.52220986,401.91926473,
2026-06-12 01:14:00,1781226840,401.91926473,409.72704552,396.16208593,403.13937423,
2026-06-12 01:15:00,1781226900,403.13937423,412.01818375,401.15609371,410.70530499,
2026-06-12 01:16:00,1781226960,410.70530499,412.14685931,383.66163565,384.51762708,
2026-06-12 01:17:00,1781227020,384.51762708,415.29332937,384.51762708,405.72157039,
2026-06-12 01:18:00,1781227080,405.72157039,412.32807662,399.76826222,410.78013123,
2026-06-12 01:19:00,1781227140,410.78013123,426.50038109,410.66714563,426.14854721,
2026-06-12 01:20:00,1781227200,426.14854721,435.71191711,423.63755749,428.79280126,
2026-06-12 01:21:00,1781227260,428.79280126,431.14084095,417.31077377,419.81048795,
2026-06-12 01:22:00,1781227320,419.81048795,436.86627386,419.80811346,436.78528178,
2026-06-12 01:23:00,1781227380,436.78528178,441.51385219,428.16079628,439.51526386,
2026-06-12 01:24:00,1781227440,439.51526386,439.67385554,432.29422035,439.67385554,
2026-06-12 01:25:00,1781227500,439.67385554,443.63206923,431.68581896,439.14280246,
2026-06-12 01:26:00,1781227560,439.14280246,462.08148594,439.14280246,456.79062207,
2026-06-12 01:27:00,1781227620,456.79062207,477.72908504,456.79062207,460.75889597,
2026-06-12 01:28:00,1781227680,460.75889597,478.56600776,451.88777601,456.12455388,
2026-06-12 01:29:00,1781227740,456.12455388,457.65515312,449.47215274,455.48085465,
2026-06-12 01:30:00,1781227800,455.48085465,457.5300715,436.37986191,436.57609864,
2026-06-12 01:31:00,1781227860,436.57609864,455.44551576,436.17587036,449.87053355,
2026-06-12 01:32:00,1781227920,449.87053355,450.62706216,433.51300342,438.59274169,
2026-06-12 01:33:00,1781227980,438.59274169,446.5812928,432.30467047,440.93338476,
2026-06-12 01:34:00,1781228040,440.93338476,457.08924848,436.9222734,456.80403708,
2026-06-12 01:35:00,1781228100,456.80403708,477.12495812,453.13416487,472.78565867,
2026-06-12 01:36:00,1781228160,472.78565867,477.38152087,466.00763111,476.74947305,
2026-06-12 01:37:00,1781228220,476.74947305,476.79110168,465.30558087,465.30558087,
2026-06-12 01:38:00,1781228280,465.30558087,467.78644449,459.60653561,460.7680177,
2026-06-12 01:39:00,1781228340,460.7680177,469.64991639,449.19810123,451.80023519,
2026-06-12 01:40:00,1781228400,451.80023519,464.31999761,451.15681087,463.67920761,
2026-06-12 01:41:00,1781228460,463.67920761,464.20748447,454.18742489,458.81022549,
2026-06-12 01:42:00,1781228520,458.81022549,459.53827225,444.55377241,444.55377241,
2026-06-12 01:43:00,1781228580,444.55377241,444.55377241,430.44487441,437.09621839,
2026-06-12 01:44:00,1781228640,437.09621839,453.7871501,434.62981363,453.31813004,
2026-06-12 01:45:00,1781228700,453.31813004,453.47675934,421.95991333,437.07771023,
2026-06-12 01:46:00,1781228760,437.07771023,439.15736579,425.58931128,433.82555933,
2026-06-12 01:47:00,1781228820,433.82555933,437.76800641,423.51857935,436.07226823,
2026-06-12 01:48:00,1781228880,436.07226823,440.31537628,423.05223508,426.06322068,
2026-06-12 01:49:00,1781228940,426.06322068,428.49610061,416.24455724,421.07206099,
2026-06-12 01:50:00,1781229000,421.07206099,435.77307202,420.99091529,432.76908523,
2026-06-12 01:51:00,1781229060,432.76908523,437.46034707,419.13027968,424.86258579,
2026-06-12 01:52:00,1781229120,424.86258579,431.10804767,423.17278283,427.79687709,
2026-06-12 01:53:00,1781229180,427.79687709,432.28076216,426.48886695,427.071671,
2026-06-12 01:54:00,1781229240,427.071671,431.44315492,412.44123977,414.13427688,
2026-06-12 01:55:00,1781229300,414.13427688,435.6889275,413.97826873,430.91889859,
2026-06-12 01:56:00,1781229360,430.91889859,439.08671678,426.72683543,439.08671678,
2026-06-12 01:57:00,1781229420,439.08671678,443.61538352,434.48793761,437.00574422,
2026-06-12 01:58:00,1781229480,437.00574422,437.00574422,426.92154512,427.16206135,
2026-06-12 01:59:00,1781229540,427.16206135,429.91696394,421.93488368,422.56031509,
2026-06-12 02:00:00,1781229600,422.56031509,422.98379706,413.00199661,419.21128016,
2026-06-12 02:01:00,1781229660,419.21128016,420.08283405,406.70742199,406.98154655,
2026-06-12 02:02:00,1781229720,406.98154655,412.32597198,397.72534193,397.76218643,
2026-06-12 02:03:00,1781229780,397.76218643,408.52223078,397.57320986,408.50520981,
2026-06-12 02:04:00,1781229840,408.50520981,409.36685926,402.30581082,406.00461761,
2026-06-12 02:05:00,1781229900,406.00461761,408.10529772,396.86001591,396.86001591,
2026-06-12 02:06:00,1781229960,396.86001591,397.48145364,390.1615562,390.35661276,
2026-06-12 02:07:00,1781230020,390.35661276,392.39760367,376.87762879,379.10271768,
2026-06-12 02:08:00,1781230080,379.10271768,389.59452314,379.10271768,384.49439128,
2026-06-12 02:09:00,1781230140,384.49439128,386.8043784,338.05136901,340.77724271,
2026-06-12 02:10:00,1781230200,340.77724271,341.04159995,298.47448494,320.23626814,
2026-06-12 02:11:00,1781230260,320.23626814,337.87246968,318.61137766,332.45246665,
2026-06-12 02:12:00,1781230320,332.45246665,338.70530482,329.30061881,332.0028815,
2026-06-12 02:13:00,1781230380,332.0028815,340.67332756,320.61826976,336.30971925,
2026-06-12 02:14:00,1781230440,336.30971925,341.44085886,336.23980917,337.80309979,
2026-06-12 02:15:00,1781230500,337.80309979,340.01049906,327.99599235,339.74683011,
2026-06-12 02:16:00,1781230560,339.74683011,352.3203064,337.94187942,345.56937315,
2026-06-12 02:17:00,1781230620,345.56937315,356.63421895,345.56937315,355.33643025,
2026-06-12 02:18:00,1781230680,355.33643025,364.85945331,355.2791307,358.82700081,
2026-06-12 02:19:00,1781230740,358.82700081,359.12100593,344.19970962,345.59556753,
2026-06-12 02:20:00,1781230800,345.59556753,355.81474143,343.99616429,347.90215737,
2026-06-12 02:21:00,1781230860,347.90215737,358.091326,347.69435162,354.21185009,
2026-06-12 02:22:00,1781230920,354.21185009,354.21185009,339.09716512,349.51058817,
2026-06-12 02:23:00,1781230980,349.51058817,352.77962335,342.1447183,348.28000269,
2026-06-12 02:24:00,1781231040,348.28000269,348.50451064,335.08699149,346.11112932,
2026-06-12 02:25:00,1781231100,346.11112932,363.54754223,346.11112932,360.87301576,
2026-06-12 02:26:00,1781231160,360.87301576,367.55039629,357.69831033,367.0951283,
2026-06-12 02:27:00,1781231220,367.0951283,375.11238965,366.77708098,370.89617709,
2026-06-12 02:28:00,1781231280,370.89617709,384.36631602,370.39022487,378.12822745,
2026-06-12 02:29:00,1781231340,378.12822745,382.55761503,373.41098111,373.58751047,
2026-06-12 02:30:00,1781231400,373.58751047,376.44210129,362.15688378,364.39872877,
2026-06-12 02:31:00,1781231460,364.39872877,368.31318991,358.31933256,367.13898534,
2026-06-12 02:32:00,1781231520,367.13898534,368.88535859,362.67567815,364.30562956,
2026-06-12 02:33:00,1781231580,364.30562956,378.07918116,358.8157428,377.0740009,
2026-06-12 02:34:00,1781231640,377.0740009,394.68579321,375.96968027,388.752978,
2026-06-12 02:35:00,1781231700,388.752978,390.06199651,378.35742621,385.75696653,
2026-06-12 02:36:00,1781231760,385.75696653,388.55034978,364.65008629,364.65008629,
2026-06-12 02:37:00,1781231820,364.65008629,365.47499354,354.70099949,356.96115752,
2026-06-12 02:38:00,1781231880,356.96115752,362.68894107,349.74423922,359.14743964,
2026-06-12 02:39:00,1781231940,359.14743964,365.92725284,352.22582796,352.24878753,
2026-06-12 02:40:00,1781232000,352.24878753,359.58504354,340.56553053,354.27283521,
2026-06-12 02:41:00,1781232060,354.27283521,361.68585015,352.46143189,361.29597103,
2026-06-12 02:42:00,1781232120,361.29597103,364.72484571,358.66890764,359.94949856,
2026-06-12 02:43:00,1781232180,359.94949856,360.86391069,357.00143681,357.438376,
2026-06-12 02:44:00,1781232240,357.438376,357.46800549,342.08615719,342.72178048,
2026-06-12 02:45:00,1781232300,342.72178048,356.32615436,342.38158823,355.71254731,
2026-06-12 02:46:00,1781232360,355.71254731,358.88723332,354.4917371,355.002128,
2026-06-12 02:47:00,1781232420,355.002128,355.22779973,344.85755721,350.59277572,
2026-06-12 02:48:00,1781232480,350.59277572,361.31740046,347.99949366,356.19136283,
2026-06-12 02:49:00,1781232540,356.19136283,359.07616546,350.76324325,351.00187798,
2026-06-12 02:50:00,1781232600,351.00187798,360.85735573,349.47140559,356.7044658,
2026-06-12 02:51:00,1781232660,356.7044658,362.78461599,349.56375981,359.82031454,
2026-06-12 02:52:00,1781232720,359.82031454,359.8524452,353.76580386,353.76580386,
2026-06-12 02:53:00,1781232780,353.76580386,360.52999333,353.44429792,356.47820316,
2026-06-12 02:54:00,1781232840,356.47820316,356.50784037,347.28580619,347.28580619,
2026-06-12 02:55:00,1781232900,347.28580619,352.17059484,347.24946251,347.92805002,
2026-06-12 02:56:00,1781232960,347.92805002,348.36527575,345.75909578,346.46038273,
2026-06-12 02:57:00,1781233020,346.46038273,351.87699887,346.10262343,348.88206017,
2026-06-12 02:58:00,1781233080,348.88206017,358.41695986,345.31765883,345.45959249,
2026-06-12 02:59:00,1781233140,345.45959249,345.5596636,329.48395448,334.25497028,
2026-06-12 03:00:00,1781233200,334.25497028,334.91484604,328.76554979,330.15354401,
2026-06-12 03:01:00,1781233260,330.15354401,338.82240034,323.00431825,336.91077825,
2026-06-12 03:02:00,1781233320,336.91077825,344.41927704,334.13045175,343.48132066,
2026-06-12 03:03:00,1781233380,343.48132066,345.99452824,334.90257029,343.77622619,
2026-06-12 03:04:00,1781233440,343.77622619,345.7066749,337.21940171,345.32736301,
2026-06-12 03:05:00,1781233500,345.32736301,353.51467316,345.32736301,352.15858539,
2026-06-12 03:06:00,1781233560,352.15858539,352.22513376,344.05215923,346.36090682,
2026-06-12 03:07:00,1781233620,346.36090682,349.06913976,338.54648866,347.64965773,
2026-06-12 03:08:00,1781233680,347.64965773,355.47625633,346.82065921,351.7790828,
2026-06-12 03:09:00,1781233740,351.7790828,354.64127894,339.89291343,341.65341354,
2026-06-12 03:10:00,1781233800,341.65341354,351.48124195,341.65341354,351.40961534,
2026-06-12 03:11:00,1781233860,351.40961534,354.79962615,346.94310581,351.20173823,
2026-06-12 03:12:00,1781233920,351.20173823,362.10232175,349.27822499,355.78012662,
2026-06-12 03:13:00,1781233980,355.78012662,370.79803868,355.78012662,367.01818696,
2026-06-12 03:14:00,1781234040,367.01818696,368.27777947,361.23644817,361.5857657,
2026-06-12 03:15:00,1781234100,361.5857657,369.74160234,360.90291229,367.07956574,
2026-06-12 03:16:00,1781234160,367.07956574,374.10182726,362.34189244,364.98567773,
2026-06-12 03:17:00,1781234220,364.98567773,371.46406271,362.1240287,368.64442068,
2026-06-12 03:18:00,1781234280,368.64442068,373.08884073,365.32343847,366.81625026,
2026-06-12 03:19:00,1781234340,366.81625026,373.5996625,366.81625026,372.3150386,
2026-06-12 03:20:00,1781234400,372.3150386,385.80703132,371.26919655,382.22822953,
2026-06-12 03:21:00,1781234460,382.22822953,391.96318971,375.684021,390.10759164,
2026-06-12 03:22:00,1781234520,390.10759164,396.88144888,381.28126733,396.8431877,
2026-06-12 03:23:00,1781234580,396.8431877,404.37812225,396.37316014,397.8307724,
2026-06-12 03:24:00,1781234640,397.8307724,400.64734949,390.24536682,393.75892973,
2026-06-12 03:25:00,1781234700,393.75892973,420.60965669,393.75892973,406.79842987,
2026-06-12 03:26:00,1781234760,406.79842987,406.91309628,393.72732065,394.0843562,
2026-06-12 03:27:00,1781234820,394.0843562,404.60896749,392.20527408,401.35153683,
2026-06-12 03:28:00,1781234880,401.35153683,401.35153683,382.43513136,382.54719848,
2026-06-12 03:29:00,1781234940,382.54719848,389.4951295,382.54719848,388.66824301,
2026-06-12 03:30:00,1781235000,388.66824301,389.15699629,373.82482856,387.01081458,
2026-06-12 03:31:00,1781235060,387.01081458,387.32471854,360.58438986,371.36160874,
2026-06-12 03:32:00,1781235120,371.36160874,388.44027087,371.36160874,378.66566482,
2026-06-12 03:33:00,1781235180,378.66566482,382.14497223,372.19520022,375.86471202,
2026-06-12 03:34:00,1781235240,375.86471202,380.49167528,361.05254242,361.9887744,
2026-06-12 03:35:00,1781235300,361.9887744,375.73688701,354.92377492,371.76375209,
2026-06-12 03:36:00,1781235360,371.76375209,379.60971593,369.93940858,377.00884691,
2026-06-12 03:37:00,1781235420,377.00884691,377.00884691,366.27056381,367.64785507,
2026-06-12 03:38:00,1781235480,367.64785507,377.71955591,367.61159474,373.42403841,
2026-06-12 03:39:00,1781235540,373.42403841,379.74209255,373.27519673,379.63092797,
2026-06-12 03:40:00,1781235600,379.63092797,382.47642648,373.7173396,379.03591597,
2026-06-12 03:41:00,1781235660,379.03591597,384.28672695,369.95032814,377.67736746,
2026-06-12 03:42:00,1781235720,377.67736746,388.57832421,375.42353073,383.57508739,
2026-06-12 03:43:00,1781235780,383.57508739,386.42662751,380.57308175,383.57756974,
2026-06-12 03:44:00,1781235840,383.57756974,383.87357549,374.01295974,377.29092096,
2026-06-12 03:45:00,1781235900,377.29092096,385.44726532,371.76822874,381.12610302,
2026-06-12 03:46:00,1781235960,381.12610302,382.71497931,369.8213046,369.96433399,
2026-06-12 03:47:00,1781236020,369.96433399,372.87282609,364.80050489,369.79592352,
2026-06-12 03:48:00,1781236080,369.79592352,374.57082246,357.42915457,366.80731409,
2026-06-12 03:49:00,1781236140,366.80731409,382.73711584,362.52815577,380.58211416,
2026-06-12 03:50:00,1781236200,380.58211416,380.58211416,367.65801464,372.34211731,
2026-06-12 03:51:00,1781236260,372.34211731,372.34211731,362.67171477,366.78791536,
2026-06-12 03:52:00,1781236320,366.78791536,367.33107071,359.69620062,365.44607117,
2026-06-12 03:53:00,1781236380,365.44607117,366.72390605,359.05243558,359.5215449,
2026-06-12 03:54:00,1781236440,359.5215449,362.53583113,355.68354018,360.68100003,
2026-06-12 03:55:00,1781236500,360.68100003,360.81969755,351.97014987,356.82182581,
2026-06-12 03:56:00,1781236560,356.82182581,360.62081845,356.81711296,358.10995565,
2026-06-12 03:57:00,1781236620,358.10995565,358.14568949,351.25176557,354.56749934,
2026-06-12 03:58:00,1781236680,354.56749934,359.87901431,354.38534712,358.44020918,
2026-06-12 03:59:00,1781236740,358.44020918,358.44020918,351.39020467,353.39444443,
2026-06-12 04:00:00,1781236800,353.39444443,356.90902399,350.2167642,356.03363997,
2026-06-12 04:01:00,1781236860,356.03363997,370.92502127,355.79283878,360.15973887,
2026-06-12 04:02:00,1781236920,360.15973887,367.72276405,360.15973887,362.63744182,
2026-06-12 04:03:00,1781236980,362.63744182,363.1695787,350.32360089,356.38733231,
2026-06-12 04:04:00,1781237040,356.38733231,367.23734725,352.94234668,353.0110089,
2026-06-12 04:05:00,1781237100,353.0110089,361.66435432,352.47939812,360.8080797,
2026-06-12 04:06:00,1781237160,360.8080797,377.47475638,360.26228868,377.39777258,
2026-06-12 04:07:00,1781237220,377.39777258,386.06832171,376.66760395,377.10998764,
2026-06-12 04:08:00,1781237280,377.10998764,377.10998764,352.96226306,357.41526898,
2026-06-12 04:09:00,1781237340,357.41526898,366.87800234,356.10175034,364.73087225,
2026-06-12 04:10:00,1781237400,364.73087225,365.29890885,359.22517549,360.37556679,
2026-06-12 04:11:00,1781237460,360.37556679,360.37556679,334.3237513,344.26458383,
2026-06-12 04:12:00,1781237520,344.26458383,351.86060428,342.97104333,348.08240384,
2026-06-12 04:13:00,1781237580,348.08240384,370.01605869,348.00344545,364.4937422,
2026-06-12 04:14:00,1781237640,364.4937422,367.56296136,353.53786258,357.82360285,
2026-06-12 04:15:00,1781237700,357.82360285,357.82360285,332.76624627,335.88004214,
2026-06-12 04:16:00,1781237760,335.88004214,339.90502122,293.27895243,295.82187696,
2026-06-12 04:17:00,1781237820,295.82187696,309.71648264,282.53081742,308.85771094,
2026-06-12 04:18:00,1781237880,308.85771094,313.88465478,299.06436065,309.71251384,
2026-06-12 04:19:00,1781237940,309.71251384,311.26413117,304.127982,305.20829313,
2026-06-12 04:20:00,1781238000,305.20829313,316.61218231,305.14249701,310.42523078,
2026-06-12 04:21:00,1781238060,310.42523078,310.6377374,302.81918771,303.82618723,
2026-06-12 04:22:00,1781238120,303.82618723,310.43134813,292.06245698,293.0832682,
2026-06-12 04:23:00,1781238180,293.0832682,294.61220279,274.95725051,290.53724906,
2026-06-12 04:24:00,1781238240,290.53724906,294.80257241,282.93302607,286.51537169,
2026-06-12 04:25:00,1781238300,286.51537169,291.04704407,286.26717305,289.57499352,
2026-06-12 04:26:00,1781238360,289.57499352,292.1414124,273.2120328,273.26798398,
2026-06-12 04:27:00,1781238420,273.26798398,280.9064892,271.44319075,276.86349932,
2026-06-12 04:28:00,1781238480,276.86349932,279.24332678,269.49831978,273.90063177,
2026-06-12 04:29:00,1781238540,273.90063177,276.28568165,266.83738846,270.17202151,
2026-06-12 04:30:00,1781238600,270.17202151,281.22226184,270.17202151,279.24311542,
2026-06-12 04:31:00,1781238660,279.24311542,279.24311542,249.51323948,270.99000299,
2026-06-12 04:32:00,1781238720,270.99000299,284.14845683,265.92904915,276.26312958,
2026-06-12 04:33:00,1781238780,276.26312958,283.22614999,261.52710213,283.22614999,
2026-06-12 04:34:00,1781238840,283.22614999,295.89325599,282.89825603,283.91157859,
2026-06-12 04:35:00,1781238900,283.91157859,290.24518771,281.1332942,287.66857336,
2026-06-12 04:36:00,1781238960,287.66857336,292.18119892,283.97806669,291.62487678,
2026-06-12 04:37:00,1781239020,291.62487678,293.29565959,285.34041268,290.60769845,
2026-06-12 04:38:00,1781239080,290.60769845,299.97785677,290.36142939,297.25686195,
2026-06-12 04:39:00,1781239140,297.25686195,297.77708093,284.00427764,290.0506393,
2026-06-12 04:40:00,1781239200,290.0506393,297.85027364,289.4683668,293.29166989,
2026-06-12 04:41:00,1781239260,293.29166989,303.51554265,293.2587198,298.33421958,
2026-06-12 04:42:00,1781239320,298.33421958,305.16938878,297.87687152,298.94717514,
2026-06-12 04:43:00,1781239380,298.94717514,299.28969472,291.05912005,296.75516323,
2026-06-12 04:44:00,1781239440,296.75516323,296.75516323,289.72214297,295.21993101,
2026-06-12 04:45:00,1781239500,295.21993101,295.21993101,284.1687929,292.50864429,
2026-06-12 04:46:00,1781239560,292.50864429,296.8661735,288.03453537,292.34253148,
2026-06-12 04:47:00,1781239620,292.34253148,301.53411578,291.77072203,297.08064017,
2026-06-12 04:48:00,1781239680,297.08064017,298.8653463,294.50325307,295.54210124,
2026-06-12 04:49:00,1781239740,295.54210124,299.84680189,295.35513677,296.89542416,
2026-06-12 04:50:00,1781239800,296.89542416,299.63323033,290.41772749,297.27614453,
2026-06-12 04:51:00,1781239860,297.27614453,298.35719319,290.7103072,290.7103072,
2026-06-12 04:52:00,1781239920,290.7103072,292.31877255,289.98215506,291.00393774,
2026-06-12 04:53:00,1781239980,291.00393774,299.56646564,288.87209667,299.0534271,
2026-06-12 04:54:00,1781240040,299.0534271,300.08501629,298.33624591,300.01568599,
2026-06-12 04:55:00,1781240100,300.01568599,301.76851631,293.67642425,301.7012785,
2026-06-12 04:56:00,1781240160,301.7012785,304.02101512,297.6342433,298.44773508,
2026-06-12 04:57:00,1781240220,298.44773508,298.47712826,293.66035993,296.73096236,
2026-06-12 04:58:00,1781240280,296.73096236,301.42828044,296.67468527,300.86106142,
2026-06-12 04:59:00,1781240340,300.86106142,304.95600951,298.12333236,301.3387465,
2026-06-12 05:00:00,1781240400,301.3387465,306.15212836,292.94682899,304.45298605,
2026-06-12 05:01:00,1781240460,304.45298605,320.67409178,304.24620093,309.07611605,
2026-06-12 05:02:00,1781240520,309.07611605,326.99743854,308.93702553,324.00701141,
2026-06-12 05:03:00,1781240580,324.00701141,324.75539747,315.58434505,315.90212441,
2026-06-12 05:04:00,1781240640,315.90212441,321.73439038,309.76060587,319.19800408,
2026-06-12 05:05:00,1781240700,319.19800408,320.63681016,314.47337954,318.6538173,
2026-06-12 05:06:00,1781240760,318.6538173,320.47253839,310.45097623,312.08067838,
2026-06-12 05:07:00,1781240820,312.08067838,322.04884753,308.83841391,321.80649997,
2026-06-12 05:08:00,1781240880,321.80649997,337.75223405,321.57228973,330.54766672,
2026-06-12 05:09:00,1781240940,330.54766672,334.15809136,326.41510577,327.49054404,
2026-06-12 05:10:00,1781241000,327.49054404,342.54779368,326.79947516,336.54096337,
2026-06-12 05:11:00,1781241060,336.54096337,372.26344619,335.85020421,372.26344619,
2026-06-12 05:12:00,1781241120,372.26344619,390.7835542,368.2632048,374.29099841,
2026-06-12 05:13:00,1781241180,374.29099841,386.11795741,374.29099841,382.70056955,
2026-06-12 05:14:00,1781241240,382.70056955,382.70056955,370.90214554,380.94384101,
2026-06-12 05:15:00,1781241300,380.94384101,381.55226547,364.30422867,366.1153763,
2026-06-12 05:16:00,1781241360,366.1153763,366.70993934,354.83822018,359.09296446,
2026-06-12 05:17:00,1781241420,359.09296446,361.86938191,352.14712299,354.34449942,
2026-06-12 05:18:00,1781241480,354.34449942,356.35668591,348.55352457,350.44257763,
2026-06-12 05:19:00,1781241540,350.44257763,353.10520583,348.09635244,352.31399586,
2026-06-12 05:20:00,1781241600,352.31399586,361.24054358,351.49819089,358.0635208,
2026-06-12 05:21:00,1781241660,358.0635208,364.79582785,357.9893951,361.13225823,
2026-06-12 05:22:00,1781241720,361.13225823,371.38278674,354.82592255,370.24181049,
2026-06-12 05:23:00,1781241780,370.24181049,370.32473441,359.17152994,369.323972,
2026-06-12 05:24:00,1781241840,369.323972,379.59533252,364.48109712,365.34746643,
2026-06-12 05:25:00,1781241900,365.34746643,367.97513354,359.562699,359.74326963,
2026-06-12 05:26:00,1781241960,359.74326963,365.44614021,358.12739966,365.1155695,
2026-06-12 05:27:00,1781242020,365.1155695,367.81517816,358.48401262,365.69501187,
2026-06-12 05:28:00,1781242080,365.69501187,368.39132089,360.13243223,363.48983466,
2026-06-12 05:29:00,1781242140,363.48983466,364.83705654,357.91748163,360.47207811,
2026-06-12 05:30:00,1781242200,360.47207811,366.73997282,356.07348603,357.77783071,
2026-06-12 05:31:00,1781242260,357.77783071,367.04219718,354.40930426,355.5145487,
2026-06-12 05:32:00,1781242320,355.5145487,374.91232147,354.68606389,373.9242617,
2026-06-12 05:33:00,1781242380,373.9242617,381.55672115,363.56486622,373.30667098,
2026-06-12 05:34:00,1781242440,373.30667098,375.46895012,365.28073998,368.78741321,
2026-06-12 05:35:00,1781242500,368.78741321,376.05289435,365.72652469,371.25806833,
2026-06-12 05:36:00,1781242560,371.25806833,390.26409029,369.73695732,387.91212763,
2026-06-12 05:37:00,1781242620,387.91212763,402.35806706,380.83212946,394.85214809,
2026-06-12 05:38:00,1781242680,394.85214809,404.79905035,388.72081121,403.43936395,
2026-06-12 05:39:00,1781242740,403.43936395,416.99139096,395.51980118,395.93934876,
2026-06-12 05:40:00,1781242800,395.93934876,407.02012276,393.48689848,403.29035342,
2026-06-12 05:41:00,1781242860,403.29035342,410.72205852,396.59319368,398.92272968,
2026-06-12 05:42:00,1781242920,398.92272968,402.79661047,393.55876414,393.55876414,
2026-06-12 05:43:00,1781242980,393.55876414,398.53155596,385.54243368,396.11841082,
2026-06-12 05:44:00,1781243040,396.11841082,398.39845446,391.32310633,391.58663629,
2026-06-12 05:45:00,1781243100,391.58663629,391.58663629,386.28295672,388.81926628,
2026-06-12 05:46:00,1781243160,388.81926628,402.41320422,388.81424078,401.97461178,
2026-06-12 05:47:00,1781243220,401.97461178,412.40380084,397.81386365,401.41301907,
2026-06-12 05:48:00,1781243280,401.41301907,407.53512022,401.29297149,403.80124232,
2026-06-12 05:49:00,1781243340,403.80124232,407.78615705,387.36469304,387.40043731,
2026-06-12 05:50:00,1781243400,387.40043731,428.38467653,386.57161037,428.38467653,
2026-06-12 05:51:00,1781243460,428.38467653,428.62509948,403.65400766,405.11467439,
2026-06-12 05:52:00,1781243520,405.11467439,424.33666649,396.58162146,423.72219565,
2026-06-12 05:53:00,1781243580,423.72219565,425.62633027,407.9653483,409.63207743,
2026-06-12 05:54:00,1781243640,409.63207743,409.63207743,398.453837,403.66615537,
2026-06-12 05:55:00,1781243700,403.66615537,406.4588544,399.41371037,400.4948194,
2026-06-12 05:56:00,1781243760,400.4948194,405.06144125,395.85893766,400.96030352,
2026-06-12 05:57:00,1781243820,400.96030352,404.99004639,390.56039482,393.08470179,
2026-06-12 05:58:00,1781243880,393.08470179,400.63211387,392.02246696,399.30304692,
2026-06-12 05:59:00,1781243940,399.30304692,414.08345529,399.30304692,410.58489365,
2026-06-12 06:00:00,1781244000,410.58489365,420.6469155,401.47308631,404.05122485,
2026-06-12 06:01:00,1781244060,404.05122485,416.4647467,399.82119878,409.35143172,
2026-06-12 06:02:00,1781244120,409.35143172,413.99417619,393.97995974,397.01706273,
2026-06-12 06:03:00,1781244180,397.01706273,406.16322421,390.41145058,390.41145058,
2026-06-12 06:04:00,1781244240,390.41145058,399.27978256,388.89364343,392.19278485,
2026-06-12 06:05:00,1781244300,392.19278485,394.83865004,385.04864857,389.49942089,
2026-06-12 06:06:00,1781244360,389.49942089,395.86293212,385.14288726,393.45194046,
2026-06-12 06:07:00,1781244420,393.45194046,405.11350842,392.31971523,401.52553082,
2026-06-12 06:08:00,1781244480,401.52553082,411.33889418,388.7361828,398.02050962,
2026-06-12 06:09:00,1781244540,398.02050962,425.05908541,395.44702651,420.57068425,
2026-06-12 06:10:00,1781244600,420.57068425,438.25432078,415.29472167,415.29472167,
2026-06-12 06:11:00,1781244660,415.29472167,424.80394098,407.40065365,417.4524054,
2026-06-12 06:12:00,1781244720,417.4524054,433.34258406,417.44983045,427.48444538,
2026-06-12 06:13:00,1781244780,427.48444538,432.42198937,422.04476815,430.21678917,
2026-06-12 06:14:00,1781244840,430.21678917,437.45298093,427.12632711,428.31576939,
2026-06-12 06:15:00,1781244900,428.31576939,467.01884299,427.36947218,465.75705434,
2026-06-12 06:16:00,1781244960,465.75705434,491.0723445,465.75705434,486.48917065,
2026-06-12 06:17:00,1781245020,486.48917065,493.38388453,479.49516834,490.01018096,
2026-06-12 06:18:00,1781245080,490.01018096,490.10019131,470.04988257,472.10448902,
2026-06-12 06:19:00,1781245140,472.10448902,490.19309439,471.07515039,487.24299515,
2026-06-12 06:20:00,1781245200,487.24299515,491.33946324,480.10394462,488.9973137,
2026-06-12 06:21:00,1781245260,488.9973137,518.09426959,484.66345869,486.1465874,
2026-06-12 06:22:00,1781245320,486.1465874,497.98389183,482.38934841,487.61773711,
2026-06-12 06:23:00,1781245380,487.61773711,488.62012107,478.58215922,480.84287273,
2026-06-12 06:24:00,1781245440,480.84287273,481.47651975,469.62318881,476.89563524,
2026-06-12 06:25:00,1781245500,476.89563524,484.76919413,472.4035334,481.7063009,
2026-06-12 06:26:00,1781245560,481.7063009,498.08890312,475.81875361,480.51461793,
2026-06-12 06:27:00,1781245620,480.51461793,492.94962362,477.48018632,489.01923117,
2026-06-12 06:28:00,1781245680,489.01923117,492.54547905,483.15691016,490.47329481,
2026-06-12 06:29:00,1781245740,490.47329481,497.72394243,490.47063498,495.40177952,
2026-06-12 06:30:00,1781245800,495.40177952,525.41453448,495.40177952,516.32869608,
2026-06-12 06:31:00,1781245860,516.32869608,548.44653158,516.23588225,545.06715184,
2026-06-12 06:32:00,1781245920,545.06715184,548.06797129,529.55475979,535.09890934,
2026-06-12 06:33:00,1781245980,535.09890934,625.96150368,534.79795831,621.77444931,
2026-06-12 06:34:00,1781246040,621.77444931,630.69714055,584.72531516,601.69558286,
2026-06-12 06:35:00,1781246100,601.69558286,605.37519887,580.7168269,598.21950288,
2026-06-12 06:36:00,1781246160,598.21950288,618.61260297,591.07303993,609.17833748,
2026-06-12 06:37:00,1781246220,609.17833748,631.8649142,600.8762986,630.41179466,
2026-06-12 06:38:00,1781246280,630.41179466,655.18527871,628.87386845,646.87434083,
2026-06-12 06:39:00,1781246340,646.87434083,646.92526167,592.74198095,593.77153512,
2026-06-12 06:40:00,1781246400,593.77153512,606.43954792,585.78478886,591.06831989,
2026-06-12 06:41:00,1781246460,591.06831989,621.32797035,590.96450252,598.4122573,
2026-06-12 06:42:00,1781246520,598.4122573,609.93163743,592.65274992,602.29747138,
2026-06-12 06:43:00,1781246580,602.29747138,610.86057819,589.04763975,606.48837284,
2026-06-12 06:44:00,1781246640,606.48837284,612.4299478,596.27890955,606.40994686,
2026-06-12 06:45:00,1781246700,606.40994686,611.53867985,576.7593278,581.38008656,
2026-06-12 06:46:00,1781246760,581.38008656,586.81624181,572.32977504,574.81378113,
2026-06-12 06:47:00,1781246820,574.81378113,574.93240927,563.15240423,563.5869835,
2026-06-12 06:48:00,1781246880,563.5869835,581.78818746,563.5869835,570.48944947,
2026-06-12 06:49:00,1781246940,570.48944947,593.04030477,570.37095506,580.34050568,
2026-06-12 06:50:00,1781247000,580.34050568,594.06364647,570.37882695,593.41289882,
2026-06-12 06:51:00,1781247060,593.41289882,604.90811011,586.92766293,597.01601693,
2026-06-12 06:52:00,1781247120,597.01601693,599.48855019,578.98289116,586.31242552,
2026-06-12 06:53:00,1781247180,586.31242552,594.15366675,578.45501658,592.78855016,
2026-06-12 06:54:00,1781247240,592.78855016,596.15553176,582.8477515,589.03452974,
2026-06-12 06:55:00,1781247300,589.03452974,599.35658054,589.03179468,599.24652005,
2026-06-12 06:56:00,1781247360,599.24652005,602.27894509,583.06866103,584.69943001,
2026-06-12 06:57:00,1781247420,584.69943001,584.74951559,574.84288543,575.20338351,
2026-06-12 06:58:00,1781247480,575.20338351,579.59630478,561.1043815,573.99280523,
2026-06-12 06:59:00,1781247540,573.99280523,587.08527989,573.11485907,583.73446727,
2026-06-12 07:00:00,1781247600,583.73446727,583.83191482,542.39163418,547.04096191,
2026-06-12 07:01:00,1781247660,547.04096191,549.39024677,528.19345739,534.23959116,
2026-06-12 07:02:00,1781247720,534.23959116,535.98423145,524.98199743,535.01615505,
2026-06-12 07:03:00,1781247780,535.01615505,543.93776314,529.95425007,530.00151468,
2026-06-12 07:04:00,1781247840,530.00151468,531.4643852,519.69952617,523.22156559,
2026-06-12 07:05:00,1781247900,523.22156559,526.16334315,512.28903568,514.32636772,
2026-06-12 07:06:00,1781247960,514.32636772,521.61678197,509.51245974,515.43017786,
2026-06-12 07:07:00,1781248020,515.43017786,544.19675049,515.43017786,533.40356355,
2026-06-12 07:08:00,1781248080,533.40356355,534.16084444,518.36875643,518.690922,
2026-06-12 07:09:00,1781248140,518.690922,526.09373574,517.6563345,525.87249251,
2026-06-12 07:10:00,1781248200,525.87249251,532.21251826,524.48377656,527.77540852,
2026-06-12 07:11:00,1781248260,527.77540852,545.21929739,515.90693966,544.10096913,
2026-06-12 07:12:00,1781248320,544.10096913,550.30786793,530.54143628,539.03110016,
2026-06-12 07:13:00,1781248380,539.03110016,557.68579216,535.23541747,557.29222848,
2026-06-12 07:14:00,1781248440,557.29222848,574.88413592,545.64464456,571.64632527,
2026-06-12 07:15:00,1781248500,571.64632527,572.0992775,559.01763547,568.45226801,
2026-06-12 07:16:00,1781248560,568.45226801,588.11239281,554.1420774,558.62264919,
2026-06-12 07:17:00,1781248620,558.62264919,576.23837173,552.6424164,552.6424164,
2026-06-12 07:18:00,1781248680,552.6424164,553.56993997,522.22795785,537.92363506,
2026-06-12 07:19:00,1781248740,537.92363506,553.26118806,532.41797444,545.61111778,
2026-06-12 07:20:00,1781248800,545.61111778,547.20291038,526.75722025,526.76985699,
2026-06-12 07:21:00,1781248860,526.76985699,561.71952403,522.90242119,544.36340315,
2026-06-12 07:22:00,1781248920,544.36340315,569.32632874,543.92306672,566.27506033,
2026-06-12 07:23:00,1781248980,566.27506033,568.66668005,544.58025885,544.58025885,
2026-06-12 07:24:00,1781249040,544.58025885,544.58025885,533.13059521,537.45062102,
2026-06-12 07:25:00,1781249100,537.45062102,555.64071984,537.45062102,549.5815268,
2026-06-12 07:26:00,1781249160,549.5815268,551.42331158,542.73694718,545.16861152,
2026-06-12 07:27:00,1781249220,545.16861152,556.18745936,545.16588992,550.09150269,
2026-06-12 07:28:00,1781249280,550.09150269,557.58052311,544.17795627,544.17795627,
2026-06-12 07:29:00,1781249340,544.17795627,549.03422181,537.2287729,544.95665435,
2026-06-12 07:30:00,1781249400,544.95665435,551.06058905,537.42975006,537.76069142,
2026-06-12 07:31:00,1781249460,537.76069142,543.13010736,532.30471515,532.65210441,
2026-06-12 07:32:00,1781249520,532.65210441,552.55720971,532.45432513,541.39950078,
2026-06-12 07:33:00,1781249580,541.39950078,557.04350877,539.74409431,543.86236332,
2026-06-12 07:34:00,1781249640,543.86236332,559.87690953,531.49645677,559.87690953,
2026-06-12 07:35:00,1781249700,559.87690953,561.06873892,536.07760745,543.29252689,
2026-06-12 07:36:00,1781249760,543.29252689,559.34342133,542.98614297,553.8672756,
2026-06-12 07:37:00,1781249820,553.8672756,573.05397291,547.84636213,569.84306353,
2026-06-12 07:38:00,1781249880,569.84306353,578.69808589,551.93010065,551.94009487,
2026-06-12 07:39:00,1781249940,551.94009487,553.08647601,520.69238327,521.08106989,
2026-06-12 07:40:00,1781250000,521.08106989,530.55935456,509.45956179,521.14352819,
2026-06-12 07:41:00,1781250060,521.14352819,522.48506189,513.74199507,513.92432213,
2026-06-12 07:42:00,1781250120,513.92432213,524.21227309,512.04881274,513.35406847,
2026-06-12 07:43:00,1781250180,513.35406847,524.46937169,513.35406847,523.18630526,
2026-06-12 07:44:00,1781250240,523.18630526,532.97559133,516.80837521,532.68816883,
2026-06-12 07:45:00,1781250300,532.68816883,535.17694019,532.68816883,532.93369981,
2026-06-12 07:46:00,1781250360,532.93369981,550.33978,532.52654373,536.94133432,
2026-06-12 07:47:00,1781250420,536.94133432,543.43197556,528.95635208,533.29674112,
2026-06-12 07:48:00,1781250480,533.29674112,538.37699924,523.83279773,527.01206267,
2026-06-12 07:49:00,1781250540,527.01206267,527.01206267,518.10444369,519.04029545,
2026-06-12 07:50:00,1781250600,519.04029545,531.89551064,518.70067095,529.63718299,
2026-06-12 07:51:00,1781250660,529.63718299,531.90014694,528.54523096,528.78458582,
2026-06-12 07:52:00,1781250720,528.78458582,533.06182484,520.46040528,520.89337715,
2026-06-12 07:53:00,1781250780,520.89337715,524.40075116,516.84635268,518.1156798,
2026-06-12 07:54:00,1781250840,518.1156798,518.1156798,510.48954345,510.63730563,
2026-06-12 07:55:00,1781250900,510.63730563,511.49055679,485.45723042,486.5541716,
2026-06-12 07:56:00,1781250960,486.5541716,486.65007615,401.29299028,426.44785129,
2026-06-12 07:57:00,1781251020,426.44785129,438.60875294,400.60987945,430.546931,
2026-06-12 07:58:00,1781251080,430.546931,440.44155886,425.46464881,426.98962407,
2026-06-12 07:59:00,1781251140,426.98962407,438.67292982,425.73176619,435.21120509,
2026-06-12 08:00:00,1781251200,435.21120509,437.41342474,422.18856903,427.17874064,
2026-06-12 08:01:00,1781251260,427.17874064,429.73398238,412.22790558,417.38529999,
2026-06-12 08:02:00,1781251320,417.38529999,421.94413325,390.76902693,399.41799305,
2026-06-12 08:03:00,1781251380,399.41799305,421.11184164,399.11136271,408.78508472,
2026-06-12 08:04:00,1781251440,408.78508472,421.36845452,400.22611685,418.87439362,
2026-06-12 08:05:00,1781251500,418.87439362,422.25807224,392.96253959,397.05922073,
2026-06-12 08:06:00,1781251560,397.05922073,397.05922073,374.62813346,380.53416204,
2026-06-12 08:07:00,1781251620,380.53416204,381.91626262,364.87864658,368.79047164,
2026-06-12 08:08:00,1781251680,368.79047164,370.56529523,358.05644012,358.71066793,
2026-06-12 08:09:00,1781251740,358.71066793,364.21387809,356.54856208,362.84226682,
2026-06-12 08:10:00,1781251800,362.84226682,363.61322018,340.53336399,354.58495007,
2026-06-12 08:11:00,1781251860,354.58495007,363.27275983,347.11034428,352.82087825,
2026-06-12 08:12:00,1781251920,352.82087825,352.82087825,343.92635973,345.15338464,
2026-06-12 08:13:00,1781251980,345.15338464,352.28192931,333.25875887,343.93723873,
2026-06-12 08:14:00,1781252040,343.93723873,354.46312093,343.93487178,354.34332787,
2026-06-12 08:15:00,1781252100,354.34332787,359.00108677,349.74980055,350.77529555,
2026-06-12 08:16:00,1781252160,350.77529555,353.183279,315.54545351,317.83012346,
2026-06-12 08:17:00,1781252220,317.83012346,330.79409806,306.86092827,318.81971305,
2026-06-12 08:18:00,1781252280,318.81971305,321.6323145,293.0832202,297.94575309,
2026-06-12 08:19:00,1781252340,297.94575309,306.17285461,292.63770042,298.3380519,
2026-06-12 08:20:00,1781252400,298.3380519,305.22690034,296.43052445,296.43052445,
2026-06-12 08:21:00,1781252460,296.43052445,298.32141232,255.44465184,264.63685566,
2026-06-12 08:22:00,1781252520,264.63685566,271.66313114,246.34639713,265.67728873,
2026-06-12 08:23:00,1781252580,265.67728873,290.66808604,265.41419251,284.33110651,
2026-06-12 08:24:00,1781252640,284.33110651,290.88469347,274.34116108,290.88469347,
2026-06-12 08:25:00,1781252700,290.88469347,297.36761952,288.18349897,293.44031109,
2026-06-12 08:26:00,1781252760,293.44031109,299.60799624,291.31533393,298.38922738,
2026-06-12 08:27:00,1781252820,298.38922738,298.38922738,279.95897814,288.10536661,
2026-06-12 08:28:00,1781252880,288.10536661,293.21806719,276.84734327,279.91811415,
2026-06-12 08:29:00,1781252940,279.91811415,287.57417166,278.06600911,282.57258187,
2026-06-12 08:30:00,1781253000,282.57258187,295.42328114,278.23054477,295.08397228,
2026-06-12 08:31:00,1781253060,295.08397228,301.2090008,289.61539191,299.29690727,
2026-06-12 08:32:00,1781253120,299.29690727,304.94378308,295.75712974,298.43727199,
2026-06-12 08:33:00,1781253180,298.43727199,300.38855954,282.41112235,285.55877081,
2026-06-12 08:34:00,1781253240,285.55877081,296.89635196,282.27189337,296.59911827,
2026-06-12 08:35:00,1781253300,296.59911827,313.37147454,296.40518442,307.28487928,
2026-06-12 08:36:00,1781253360,307.28487928,308.43534768,301.98426528,303.11888518,
2026-06-12 08:37:00,1781253420,303.11888518,314.0703179,303.11888518,306.85264287,
2026-06-12 08:38:00,1781253480,306.85264287,309.38882541,294.1012343,294.75198939,
2026-06-12 08:39:00,1781253540,294.75198939,295.63217102,284.21581823,286.36871095,
2026-06-12 08:40:00,1781253600,286.36871095,308.34289984,285.55536896,306.46336495,
2026-06-12 08:41:00,1781253660,306.46336495,312.419358,300.13392657,311.22527626,
2026-06-12 08:42:00,1781253720,311.22527626,324.58771189,309.08004423,319.82891978,
2026-06-12 08:43:00,1781253780,319.82891978,322.79287355,318.91833708,321.66857847,
2026-06-12 08:44:00,1781253840,321.66857847,324.80392424,319.35823311,319.58384582,
2026-06-12 08:45:00,1781253900,319.58384582,330.86023341,318.91181029,330.55390985,
2026-06-12 08:46:00,1781253960,330.55390985,333.5456623,306.41224393,306.41224393,
2026-06-12 08:47:00,1781254020,306.41224393,310.55965004,292.69653123,305.97354474,
2026-06-12 08:48:00,1781254080,305.97354474,307.29411044,295.36516578,299.089392,
2026-06-12 08:49:00,1781254140,299.089392,308.70072165,297.46760768,306.36279371,
2026-06-12 08:50:00,1781254200,306.36279371,311.32161995,304.59214234,306.33665776,
2026-06-12 08:51:00,1781254260,306.33665776,311.39714904,297.4125979,305.03125121,
2026-06-12 08:52:00,1781254320,305.03125121,305.03125121,287.47952171,291.73740545,
2026-06-12 08:53:00,1781254380,291.73740545,293.8867792,285.15179949,288.48681434,
2026-06-12 08:54:00,1781254440,288.48681434,296.17624605,288.48681434,293.03062126,
2026-06-12 08:55:00,1781254500,293.03062126,294.76658637,287.66200331,290.59711331,
2026-06-12 08:56:00,1781254560,290.59711331,294.7946011,282.63848835,285.9468558,
2026-06-12 08:57:00,1781254620,285.9468558,287.50725042,284.50195705,286.53488635,
2026-06-12 08:58:00,1781254680,286.53488635,290.45162995,284.27059899,289.64398826,
2026-06-12 08:59:00,1781254740,289.64398826,290.22884479,282.92622232,288.31154692,
2026-06-12 09:00:00,1781254800,288.31154692,294.02955274,287.63023446,290.67012774,
2026-06-12 09:01:00,1781254860,290.67012774,290.94960147,280.34309661,282.54841777,
2026-06-12 09:02:00,1781254920,282.54841777,284.05345884,269.6591981,273.91861338,
2026-06-12 09:03:00,1781254980,273.91861338,296.77312475,273.91631808,295.70765637,
2026-06-12 09:04:00,1781255040,295.70765637,300.07344609,294.2807956,298.64166944,
2026-06-12 09:05:00,1781255100,298.64166944,299.18195351,278.32279152,291.81010176,
2026-06-12 09:06:00,1781255160,291.81010176,291.81010176,279.40327866,282.49848189,
2026-06-12 09:07:00,1781255220,282.49848189,282.83853677,259.61038781,263.07601974,
2026-06-12 09:08:00,1781255280,263.07601974,283.77530009,261.80410156,279.60371944,
2026-06-12 09:09:00,1781255340,279.60371944,279.60371944,267.04719182,270.54316128,
2026-06-12 09:10:00,1781255400,270.54316128,280.61434961,270.54316128,274.91812351,
2026-06-12 09:11:00,1781255460,274.91812351,274.94938398,260.55827286,263.17373903,
2026-06-12 09:12:00,1781255520,263.17373903,269.83162536,260.79650743,269.83162536,
2026-06-12 09:13:00,1781255580,269.83162536,272.15882369,262.90506779,263.13103647,
2026-06-12 09:14:00,1781255640,263.13103647,263.90842759,247.20116257,251.66761772,
2026-06-12 09:15:00,1781255700,251.66761772,257.06052745,246.85467453,248.72530599,
2026-06-12 09:16:00,1781255760,248.72530599,256.98038216,239.82722061,241.43784799,
2026-06-12 09:17:00,1781255820,241.43784799,257.64907219,238.49960552,252.44014475,
2026-06-12 09:18:00,1781255880,252.44014475,255.65268251,248.02248607,254.03868823,
2026-06-12 09:19:00,1781255940,254.03868823,254.07053722,243.12590527,244.76028438,
2026-06-12 09:20:00,1781256000,244.76028438,245.66976801,232.55141251,242.8139135,
2026-06-12 09:21:00,1781256060,242.8139135,244.49111414,212.98138826,213.8405806,
2026-06-12 09:22:00,1781256120,213.8405806,230.72410156,205.70679161,225.92952845,
2026-06-12 09:23:00,1781256180,225.92952845,227.94822854,221.92222291,226.97964559,
2026-06-12 09:24:00,1781256240,226.97964559,227.0430024,219.55879564,223.44516965,
2026-06-12 09:25:00,1781256300,223.44516965,224.74897095,215.62229504,215.70636484,
2026-06-12 09:26:00,1781256360,215.70636484,218.12155588,208.73131174,208.75824793,
2026-06-12 09:27:00,1781256420,208.75824793,209.18988928,197.58306534,204.69987663,
2026-06-12 09:28:00,1781256480,204.69987663,206.76754696,190.61963743,196.33774657,
2026-06-12 09:29:00,1781256540,196.33774657,201.37591279,190.73391731,197.78870598,
2026-06-12 09:30:00,1781256600,197.78870598,199.47004466,190.03632734,190.03632734,
2026-06-12 09:31:00,1781256660,190.03632734,196.52257344,189.03012289,191.08463903,
2026-06-12 09:32:00,1781256720,191.08463903,191.2682084,161.49336505,168.14486133,
2026-06-12 09:33:00,1781256780,168.14486133,172.07803679,160.99364806,165.27310037,
2026-06-12 09:34:00,1781256840,165.27310037,172.54072755,154.98780596,167.79945927,
2026-06-12 09:35:00,1781256900,167.79945927,181.16303856,167.35225486,170.50392052,
2026-06-12 09:36:00,1781256960,170.50392052,181.08908995,168.30694428,180.40913546,
2026-06-12 09:37:00,1781257020,180.40913546,183.94414809,176.71256356,182.99242595,
2026-06-12 09:38:00,1781257080,182.99242595,185.3533967,178.24387239,183.74781264,
2026-06-12 09:39:00,1781257140,183.74781264,187.36169194,180.21640268,183.43594514,
2026-06-12 09:40:00,1781257200,183.43594514,185.25944515,175.82946295,180.55971588,
2026-06-12 09:41:00,1781257260,180.55971588,191.32033053,180.55971588,190.5323959,
2026-06-12 09:42:00,1781257320,190.5323959,190.85606907,177.73992426,180.61665046,
2026-06-12 09:43:00,1781257380,180.61665046,180.65058008,174.34667452,177.35581017,
2026-06-12 09:44:00,1781257440,177.35581017,178.33077815,171.7727715,178.25952993,
2026-06-12 09:45:00,1781257500,178.25952993,192.92344173,173.93188944,176.57424951,
2026-06-12 09:46:00,1781257560,176.57424951,182.79498549,176.25227637,182.72040276,
2026-06-12 09:47:00,1781257620,182.72040276,182.72040276,168.08741702,174.89089774,
2026-06-12 09:48:00,1781257680,174.89089774,193.17699384,171.22867304,189.77336375,
2026-06-12 09:49:00,1781257740,189.77336375,192.93140039,188.85143732,191.97129365,
2026-06-12 09:50:00,1781257800,191.97129365,191.98298368,184.93092707,185.84655556,
2026-06-12 09:51:00,1781257860,185.84655556,199.56018896,185.8444348,195.93501036,
2026-06-12 09:52:00,1781257920,195.93501036,203.88092593,195.93501036,200.72115042,
2026-06-12 09:53:00,1781257980,200.72115042,203.86672252,197.5217351,201.95794538,
2026-06-12 09:54:00,1781258040,201.95794538,203.86733694,197.55996166,203.86733694,
2026-06-12 09:55:00,1781258100,203.86733694,205.49747965,187.5090395,191.54462305,
2026-06-12 09:56:00,1781258160,191.54462305,202.16276844,188.88308689,201.59012812,
2026-06-12 09:57:00,1781258220,201.59012812,202.72747294,198.08107532,199.53428926,
2026-06-12 09:58:00,1781258280,199.53428926,204.8897785,196.74663849,204.45212045,
2026-06-12 09:59:00,1781258340,204.45212045,215.95490747,204.26054518,213.21560067,
2026-06-12 10:00:00,1781258400,213.21560067,232.31357734,213.21335123,226.38821044,
2026-06-12 10:01:00,1781258460,226.38821044,226.66955616,220.07394529,220.35742934,
2026-06-12 10:02:00,1781258520,220.35742934,220.35742934,211.0814426,215.87347633,
2026-06-12 10:03:00,1781258580,215.87347633,227.74792008,213.92446169,220.98275818,
2026-06-12 10:04:00,1781258640,220.98275818,222.08092852,214.56653427,221.43285285,
2026-06-12 10:05:00,1781258700,221.43285285,227.32692259,221.43285285,226.11267199,
2026-06-12 10:06:00,1781258760,226.11267199,226.25323417,218.52842555,218.89542042,
2026-06-12 10:07:00,1781258820,218.89542042,219.61705871,209.04788706,211.19456928,
2026-06-12 10:08:00,1781258880,211.19456928,211.38335322,205.88269261,206.5441071,
2026-06-12 10:09:00,1781258940,206.5441071,213.06978787,186.17809294,186.17809294,
2026-06-12 10:10:00,1781259000,186.17809294,199.40616824,178.5500111,195.64264905,
2026-06-12 10:11:00,1781259060,195.64264905,215.86262536,194.17855071,205.89216506,
2026-06-12 10:12:00,1781259120,205.89216506,215.69619783,205.89216506,213.76659218,
2026-06-12 10:13:00,1781259180,213.76659218,213.84713087,199.27270931,202.76361481,
2026-06-12 10:14:00,1781259240,202.76361481,205.62406249,199.5290484,199.5290484,
2026-06-12 10:15:00,1781259300,199.5290484,214.71456194,199.52686394,207.21689354,
2026-06-12 10:16:00,1781259360,207.21689354,207.21689354,199.35714852,203.95989903,
2026-06-12 10:17:00,1781259420,203.95989903,205.87595908,194.59676997,198.76149202,
2026-06-12 10:18:00,1781259480,198.76149202,206.78088805,194.63056448,205.86283301,
2026-06-12 10:19:00,1781259540,205.86283301,205.94121825,199.43226522,199.6326315,
2026-06-12 10:20:00,1781259600,199.6326315,206.49350538,198.6015716,205.5261574,
2026-06-12 10:21:00,1781259660,205.5261574,205.62843987,198.95840428,199.59358586,
2026-06-12 10:22:00,1781259720,199.59358586,204.98961576,196.69696718,198.06787583,
2026-06-12 10:23:00,1781259780,198.06787583,200.78145471,195.65564313,197.60611337,
2026-06-12 10:24:00,1781259840,197.60611337,197.89107234,189.38959705,189.50377102,
2026-06-12 10:25:00,1781259900,189.50377102,236.97618858,186.69762469,233.33550331,
2026-06-12 10:26:00,1781259960,233.33550331,243.55724454,230.62516474,243.55724454,
2026-06-12 10:27:00,1781260020,243.55724454,249.04463682,238.28845206,245.13709212,
2026-06-12 10:28:00,1781260080,245.13709212,246.08035519,239.07078743,241.75201088,
2026-06-12 10:29:00,1781260140,241.75201088,250.70682992,238.5439856,240.88781643,
2026-06-12 10:30:00,1781260200,240.88781643,241.68361784,220.51248217,232.83612673,
2026-06-12 10:31:00,1781260260,232.83612673,236.19155453,226.98178684,231.01896104,
2026-06-12 10:32:00,1781260320,231.01896104,235.80474721,215.57477116,215.57477116,
2026-06-12 10:33:00,1781260380,215.57477116,225.26075652,209.13373385,220.91666456,
2026-06-12 10:34:00,1781260440,220.91666456,220.91666456,205.69590879,206.25985629,
2026-06-12 10:35:00,1781260500,206.25985629,213.78903445,200.8820964,211.4898245,
2026-06-12 10:36:00,1781260560,211.4898245,218.26561976,199.01812104,200.75797572,
2026-06-12 10:37:00,1781260620,200.75797572,212.66953764,200.67047738,205.10798181,
2026-06-12 10:38:00,1781260680,205.10798181,208.89759238,203.75826805,205.47743987,
2026-06-12 10:39:00,1781260740,205.47743987,219.0613316,200.38175053,215.28059033,
2026-06-12 10:40:00,1781260800,215.28059033,222.12210594,209.41806696,213.62425768,
2026-06-12 10:41:00,1781260860,213.62425768,223.70838851,210.19790974,223.10071847,
2026-06-12 10:42:00,1781260920,223.10071847,226.54674018,219.68305166,220.16703572,
2026-06-12 10:43:00,1781260980,220.16703572,226.919575,220.05293963,226.33823601,
2026-06-12 10:44:00,1781261040,226.33823601,226.65505125,218.77977234,219.11922625,
2026-06-12 10:45:00,1781261100,219.11922625,225.04634949,217.03326043,217.059078,
2026-06-12 10:46:00,1781261160,217.059078,219.6813849,214.07838542,217.94058619,
2026-06-12 10:47:00,1781261220,217.94058619,225.3825026,216.50280876,216.58468958,
2026-06-12 10:48:00,1781261280,216.58468958,216.66659436,201.8795795,205.82361454,
2026-06-12 10:49:00,1781261340,205.82361454,213.7021881,203.8784212,208.01306204,
2026-06-12 10:50:00,1781261400,208.01306204,212.00732643,205.13020382,207.95579188,
2026-06-12 10:51:00,1781261460,207.95579188,214.13323526,207.73178829,213.68010055,
2026-06-12 10:52:00,1781261520,213.68010055,219.34924982,211.42443094,212.05736186,
2026-06-12 10:53:00,1781261580,212.05736186,212.77487139,206.72212823,211.52683997,
2026-06-12 10:54:00,1781261640,211.52683997,215.39150457,207.0343572,215.20493575,
2026-06-12 10:55:00,1781261700,215.20493575,220.40510448,210.28946115,211.63460559,
2026-06-12 10:56:00,1781261760,211.63460559,214.21212105,206.97642078,213.48888701,
2026-06-12 10:57:00,1781261820,213.48888701,226.553965,213.34263782,213.91335451,
2026-06-12 10:58:00,1781261880,213.91335451,218.18728569,202.35348175,211.78845616,
2026-06-12 10:59:00,1781261940,211.78845616,216.68446711,208.11103795,215.18034357,
2026-06-12 11:00:00,1781262000,215.18034357,219.40499193,210.03042561,219.25320303,
2026-06-12 11:01:00,1781262060,219.25320303,219.49297523,206.54911633,206.57626894,
2026-06-12 11:02:00,1781262120,206.57626894,213.74239972,189.44592532,191.93464894,
2026-06-12 11:03:00,1781262180,191.93464894,193.83850142,169.51954605,174.47076495,
2026-06-12 11:04:00,1781262240,174.47076495,193.9425017,172.30626242,184.83286597,
2026-06-12 11:05:00,1781262300,184.83286597,188.94741769,167.09977943,171.69112625,
2026-06-12 11:06:00,1781262360,171.69112625,183.66599153,167.07180706,183.61427834,
2026-06-12 11:07:00,1781262420,183.61427834,185.26433332,175.81624793,182.83730682,
2026-06-12 11:08:00,1781262480,182.83730682,188.26325639,180.17580255,188.26325639,
2026-06-12 11:09:00,1781262540,188.26325639,199.73546135,188.13484401,198.16786367,
2026-06-12 11:10:00,1781262600,198.16786367,201.22299401,194.39002948,201.19636075,
2026-06-12 11:11:00,1781262660,201.19636075,202.2119247,193.16166046,193.66087899,
2026-06-12 11:12:00,1781262720,193.66087899,193.66087899,180.88662854,183.59573513,
2026-06-12 11:13:00,1781262780,183.59573513,184.81737282,173.8155227,179.82010982,
2026-06-12 11:14:00,1781262840,179.82010982,181.90869052,177.14164282,181.2112089,
2026-06-12 11:15:00,1781262900,181.2112089,181.74775582,175.53013812,178.182574,
2026-06-12 11:16:00,1781262960,178.182574,188.94136269,178.10774009,181.90414416,
2026-06-12 11:17:00,1781263020,181.90414416,190.86821212,181.80546585,189.71500193,
2026-06-12 11:18:00,1781263080,189.71500193,200.56852025,187.85279558,194.25877219,
2026-06-12 11:19:00,1781263140,194.25877219,198.71973206,193.92833189,194.07171734,
2026-06-12 11:20:00,1781263200,194.07171734,195.18483936,181.13375157,187.4832869,
2026-06-12 11:21:00,1781263260,187.4832869,189.35646694,181.94586177,182.36222906,
2026-06-12 11:22:00,1781263320,182.36222906,183.92011743,177.00138007,178.03877777,
2026-06-12 11:23:00,1781263380,178.03877777,182.67480111,173.68482431,174.72840803,
2026-06-12 11:24:00,1781263440,174.72840803,180.77064012,169.58990847,172.0155803,
2026-06-12 11:25:00,1781263500,172.0155803,177.51695316,168.35138427,175.35435651,
2026-06-12 11:26:00,1781263560,175.35435651,181.68172334,174.12184862,181.26970195,
2026-06-12 11:27:00,1781263620,181.26970195,183.69513905,180.86102393,183.692927,
2026-06-12 11:28:00,1781263680,183.692927,184.22561503,175.002646,175.66085783,
2026-06-12 11:29:00,1781263740,175.66085783,183.83110099,175.44415473,183.48221978,
2026-06-12 11:30:00,1781263800,183.48221978,197.69768862,183.40047441,191.88566986,
2026-06-12 11:31:00,1781263860,191.88566986,197.20465102,181.92542074,194.46438841,
2026-06-12 11:32:00,1781263920,194.46438841,206.87210526,188.75089155,205.52981632,
2026-06-12 11:33:00,1781263980,205.52981632,208.11216445,198.99056396,203.04773723,
2026-06-12 11:34:00,1781264040,203.04773723,204.05434582,197.02356779,201.51694218,
2026-06-12 11:35:00,1781264100,201.51694218,218.07862875,199.22315436,211.10115628,
2026-06-12 11:36:00,1781264160,211.10115628,212.42547798,207.13516253,209.33681682,
2026-06-12 11:37:00,1781264220,209.33681682,214.73708126,207.71615714,213.05344579,
2026-06-12 11:38:00,1781264280,213.05344579,216.84886081,206.94455241,212.61621507,
2026-06-12 11:39:00,1781264340,212.61621507,216.04508587,207.97502057,214.60655052,
2026-06-12 11:40:00,1781264400,214.60655052,215.2553711,203.4378841,204.5153776,
2026-06-12 11:41:00,1781264460,204.5153776,207.65654952,183.46114533,190.35534885,
2026-06-12 11:42:00,1781264520,190.35534885,194.79815,187.88727521,190.88371922,
2026-06-12 11:43:00,1781264580,190.88371922,194.18889871,184.9400431,186.66737023,
2026-06-12 11:44:00,1781264640,186.66737023,188.91249544,185.74278794,186.44692192,
2026-06-12 11:45:00,1781264700,186.44692192,186.44692192,164.28769606,168.82692427,
2026-06-12 11:46:00,1781264760,168.82692427,178.83023721,168.82692427,177.7977934,
2026-06-12 11:47:00,1781264820,177.7977934,189.35801107,177.79338985,178.53605552,
2026-06-12 11:48:00,1781264880,178.53605552,180.74572714,174.88317859,177.72673804,
2026-06-12 11:49:00,1781264940,177.72673804,183.99341441,177.4357882,183.24597729,
2026-06-12 11:50:00,1781265000,183.24597729,184.59319462,180.42230757,182.32519333,
2026-06-12 11:51:00,1781265060,182.32519333,188.9796848,181.31110591,184.26525604,
2026-06-12 11:52:00,1781265120,184.26525604,184.26525604,180.46683036,181.59305505,
2026-06-12 11:53:00,1781265180,181.59305505,186.0193043,176.02594419,176.65788888,
2026-06-12 11:54:00,1781265240,176.65788888,178.29262956,176.21837513,176.71542818,
2026-06-12 11:55:00,1781265300,176.71542818,183.81933097,173.84148359,176.42889258,
2026-06-12 11:56:00,1781265360,176.42889258,187.88085045,176.42889258,182.2702358,
2026-06-12 11:57:00,1781265420,182.2702358,187.14106994,182.19388848,187.14106994,
2026-06-12 11:58:00,1781265480,187.14106994,193.7971111,185.75714195,188.42263673,
2026-06-12 11:59:00,1781265540,188.42263673,197.78481242,188.27038944,197.04652921,
2026-06-12 12:00:00,1781265600,197.04652921,224.15909552,197.04421555,222.68327308,
2026-06-12 12:01:00,1781265660,222.68327308,228.99709557,200.49874164,212.0134483,
2026-06-12 12:02:00,1781265720,212.0134483,216.77971544,195.39115451,198.3692283,
2026-06-12 12:03:00,1781265780,198.3692283,198.52708753,188.93104639,198.107533,
2026-06-12 12:04:00,1781265840,198.107533,225.24438346,197.59556936,219.88104213,
2026-06-12 12:05:00,1781265900,219.88104213,221.22171008,212.51525545,218.16561784,
2026-06-12 12:06:00,1781265960,218.16561784,227.27570869,209.51479393,222.04182184,
2026-06-12 12:07:00,1781266020,222.04182184,223.75901025,216.22352975,222.26441729,
2026-06-12 12:08:00,1781266080,222.26441729,222.66808378,211.58040624,213.63174296,
2026-06-12 12:09:00,1781266140,213.63174296,218.11816139,210.80726938,216.41238863,
2026-06-12 12:10:00,1781266200,216.41238863,216.52155467,203.99233485,208.85792138,
2026-06-12 12:11:00,1781266260,208.85792138,221.14943475,208.02125681,217.66295934,
2026-06-12 12:12:00,1781266320,217.66295934,228.04891871,217.66295934,228.04891871,
2026-06-12 12:13:00,1781266380,228.04891871,228.04891871,220.08254896,222.58439985,
2026-06-12 12:14:00,1781266440,222.58439985,227.865761,221.37224216,223.9742306,
2026-06-12 12:15:00,1781266500,223.9742306,226.44002424,214.86981176,225.17571448,
2026-06-12 12:16:00,1781266560,225.17571448,229.61458915,215.06497545,217.77408446,
2026-06-12 12:17:00,1781266620,217.77408446,223.43646988,215.42505224,216.00910561,
2026-06-12 12:18:00,1781266680,216.00910561,219.59332549,213.79269537,218.60176271,
2026-06-12 12:19:00,1781266740,218.60176271,218.93854224,206.65784156,218.88052917,
2026-06-12 12:20:00,1781266800,218.88052917,233.06255416,214.54532369,232.84737137,
2026-06-12 12:21:00,1781266860,232.84737137,242.64318697,227.44704963,242.16829085,
2026-06-12 12:22:00,1781266920,242.16829085,242.16829085,223.77688814,227.3519603,
2026-06-12 12:23:00,1781266980,227.3519603,235.31925197,224.15894223,231.18764783,
2026-06-12 12:24:00,1781267040,231.18764783,243.11236605,231.18764783,242.92145246,
2026-06-12 12:25:00,1781267100,242.92145246,252.46372915,241.32885,246.3815412,
2026-06-12 12:26:00,1781267160,246.3815412,250.31462214,245.18147589,250.31462214,
2026-06-12 12:27:00,1781267220,250.31462214,265.98666196,249.65139232,258.8839345,
2026-06-12 12:28:00,1781267280,258.8839345,268.66821348,253.62571951,262.28926513,
2026-06-12 12:29:00,1781267340,262.28926513,272.24976116,262.28926513,272.24976116,
2026-06-12 12:30:00,1781267400,272.24976116,277.18344043,255.47668544,258.61693712,
2026-06-12 12:31:00,1781267460,258.61693712,263.14071148,250.91937727,262.10416319,
2026-06-12 12:32:00,1781267520,262.10416319,262.10416319,251.37744901,257.11576953,
2026-06-12 12:33:00,1781267580,257.11576953,258.46660976,248.21367153,252.76354283,
2026-06-12 12:34:00,1781267640,252.76354283,256.51693734,243.22083744,248.73453464,
2026-06-12 12:35:00,1781267700,248.73453464,259.77138905,243.28874903,259.3449418,
2026-06-12 12:36:00,1781267760,259.3449418,266.95893093,258.49571475,266.59220282,
2026-06-12 12:37:00,1781267820,266.59220282,266.68959216,255.84491702,263.3013282,
2026-06-12 12:38:00,1781267880,263.3013282,282.47978099,263.06562368,282.47978099,
2026-06-12 12:39:00,1781267940,282.47978099,305.33734488,282.47978099,297.48830289,
2026-06-12 12:40:00,1781268000,297.48830289,309.81657552,294.0068746,296.79904778,
2026-06-12 12:41:00,1781268060,296.79904778,304.50094034,288.07270399,290.52162621,
2026-06-12 12:42:00,1781268120,290.52162621,298.61324279,284.98359543,285.15434154,
2026-06-12 12:43:00,1781268180,285.15434154,288.26768106,274.83524123,276.37315814,
2026-06-12 12:44:00,1781268240,276.37315814,307.69132639,273.14389775,293.12056934,
2026-06-12 12:45:00,1781268300,293.12056934,302.31277105,287.38253951,289.82188116,
2026-06-12 12:46:00,1781268360,289.82188116,290.74012201,269.54658049,274.60180098,
2026-06-12 12:47:00,1781268420,274.60180098,281.79092662,267.28935602,271.01529269,
2026-06-12 12:48:00,1781268480,271.01529269,279.80514621,259.01477886,261.20526899,
2026-06-12 12:49:00,1781268540,261.20526899,266.69772989,253.24911984,266.69772989,
2026-06-12 12:50:00,1781268600,266.69772989,271.17058835,249.29627109,264.44486921,
2026-06-12 12:51:00,1781268660,264.44486921,275.39352002,261.74910717,268.53239768,
2026-06-12 12:52:00,1781268720,268.53239768,268.73643637,246.50861338,248.18304981,
2026-06-12 12:53:00,1781268780,248.18304981,258.66066722,248.18304981,258.65553483,
2026-06-12 12:54:00,1781268840,258.65553483,282.90211211,258.65296862,279.34701389,
2026-06-12 12:55:00,1781268900,279.34701389,301.45152829,271.2696958,281.8934276,
2026-06-12 12:56:00,1781268960,281.8934276,288.43533674,275.75256934,282.14802592,
2026-06-12 12:57:00,1781269020,282.14802592,282.39331584,266.11372724,268.11168859,
2026-06-12 12:58:00,1781269080,268.11168859,272.91477943,264.50934965,266.78598901,
2026-06-12 12:59:00,1781269140,266.78598901,269.80700902,255.165789,267.96530087,
2026-06-12 13:00:00,1781269200,267.96530087,273.08406305,256.40646004,272.93099639,
2026-06-12 13:01:00,1781269260,272.93099639,281.07792924,270.6850764,276.94202667,
2026-06-12 13:02:00,1781269320,276.94202667,290.0475483,266.56452152,267.10919438,
2026-06-12 13:03:00,1781269380,267.10919438,280.61425571,266.90666228,272.23813238,
2026-06-12 13:04:00,1781269440,272.23813238,279.73919925,272.09686486,279.00925165,
2026-06-12 13:05:00,1781269500,279.00925165,280.31535156,269.12673969,271.01040409,
2026-06-12 13:06:00,1781269560,271.01040409,278.57494994,269.41876062,275.20942904,
2026-06-12 13:07:00,1781269620,275.20942904,275.20942904,263.50062801,268.51420612,
2026-06-12 13:08:00,1781269680,268.51420612,268.54537445,258.69553844,265.80856874,
2026-06-12 13:09:00,1781269740,265.80856874,266.3164624,249.98380125,266.3164624,
2026-06-12 13:10:00,1781269800,266.3164624,276.7727509,260.11664992,267.78318379,
2026-06-12 13:11:00,1781269860,267.78318379,278.12305086,263.46505952,276.78480568,
2026-06-12 13:12:00,1781269920,276.78480568,295.25550349,270.71441725,294.61714174,
2026-06-12 13:13:00,1781269980,294.61714174,300.28693969,272.03898152,272.40679862,
2026-06-12 13:14:00,1781270040,272.40679862,273.27203729,255.0221496,255.79864047,
2026-06-12 13:15:00,1781270100,255.79864047,271.63395936,253.3967047,271.63395936,
2026-06-12 13:16:00,1781270160,271.63395936,271.63395936,258.6782951,260.63322328,
2026-06-12 13:17:00,1781270220,260.63322328,267.2534096,253.8615474,263.10533697,
2026-06-12 13:18:00,1781270280,263.10533697,264.51212902,236.43168945,238.58389889,
2026-06-12 13:19:00,1781270340,238.58389889,250.64775559,237.91466093,248.54505913,
2026-06-12 13:20:00,1781270400,248.54505913,259.15180954,246.79578164,250.01369973,
2026-06-12 13:21:00,1781270460,250.01369973,260.42899607,250.01369973,256.02968702,
2026-06-12 13:22:00,1781270520,256.02968702,270.49614277,255.82283488,269.86053349,
2026-06-12 13:23:00,1781270580,269.86053349,285.42440704,267.72071875,284.72214668,
2026-06-12 13:24:00,1781270640,284.72214668,284.97348136,272.15491887,272.54133426,
2026-06-12 13:25:00,1781270700,272.54133426,282.357812,269.93780038,280.97592493,
2026-06-12 13:26:00,1781270760,280.97592493,282.53447102,275.0679391,281.66737407,
2026-06-12 13:27:00,1781270820,281.66737407,288.38766335,279.82524202,280.58384465,
2026-06-12 13:28:00,1781270880,280.58384465,303.53669403,280.192689,293.01328988,
2026-06-12 13:29:00,1781270940,293.01328988,293.01328988,280.33715427,283.78375384,
2026-06-12 13:30:00,1781271000,283.78375384,328.66983379,268.46766613,319.1965025,
2026-06-12 13:31:00,1781271060,319.1965025,354.85854511,311.81640817,353.45263618,
2026-06-12 13:32:00,1781271120,353.45263618,354.27917568,313.75609515,335.61881937,
2026-06-12 13:33:00,1781271180,335.61881937,354.06486946,326.633663,353.93790773,
2026-06-12 13:34:00,1781271240,353.93790773,360.63083226,329.52355558,350.03731952,
2026-06-12 13:35:00,1781271300,350.03731952,360.64126893,300.58359683,307.01727929,
2026-06-12 13:36:00,1781271360,307.01727929,335.86325689,307.01727929,325.51755192,
2026-06-12 13:37:00,1781271420,325.51755192,339.35453412,311.19090173,314.12088549,
2026-06-12 13:38:00,1781271480,314.12088549,327.44212921,300.64556732,310.88643931,
2026-06-12 13:39:00,1781271540,310.88643931,319.82451979,291.92854529,295.66055077,
2026-06-12 13:40:00,1781271600,295.66055077,357.7658819,283.73686547,345.6669623,
2026-06-12 13:41:00,1781271660,345.6669623,402.13179162,345.6669623,375.9145975,
2026-06-12 13:42:00,1781271720,375.9145975,424.97417917,375.8271562,424.97417917,
2026-06-12 13:43:00,1781271780,424.97417917,430.3471081,362.93297254,374.45901215,
2026-06-12 13:44:00,1781271840,374.45901215,389.17527095,369.56070904,388.23738715,
2026-06-12 13:45:00,1781271900,388.23738715,395.77490704,349.57011938,387.01696839,
2026-06-12 13:46:00,1781271960,387.01696839,389.93620058,350.18116539,361.54424964,
2026-06-12 13:47:00,1781272020,361.54424964,363.81881419,346.50282675,361.60656209,
2026-06-12 13:48:00,1781272080,361.60656209,398.21823107,355.51117013,372.69304798,
2026-06-12 13:49:00,1781272140,372.69304798,378.08891784,341.35049887,349.53489284,
2026-06-12 13:50:00,1781272200,349.53489284,350.8908769,329.597056,333.25394271,
2026-06-12 13:51:00,1781272260,333.25394271,353.78879969,321.36332871,344.06939255,
2026-06-12 13:52:00,1781272320,344.06939255,360.41472836,330.48966361,332.78390088,
2026-06-12 13:53:00,1781272380,332.78390088,367.39933879,322.00070274,367.17628871,
2026-06-12 13:54:00,1781272440,367.17628871,384.59466905,356.2236116,364.17769626,
2026-06-12 13:55:00,1781272500,364.17769626,388.43963891,364.17495741,386.26388399,
2026-06-12 13:56:00,1781272560,386.26388399,389.35110099,368.85545881,374.75459882,
2026-06-12 13:57:00,1781272620,374.75459882,377.17291322,355.95939774,365.19390715,
2026-06-12 13:58:00,1781272680,365.19390715,373.42626196,351.35271587,354.11415645,
2026-06-12 13:59:00,1781272740,354.11415645,357.38571151,325.95302671,334.45854569,
2026-06-12 14:00:00,1781272800,334.45854569,348.60480927,246.52099956,252.51364144,
2026-06-12 14:01:00,1781272860,252.51364144,267.15827559,231.76301338,247.94630891,
2026-06-12 14:02:00,1781272920,247.94630891,279.56258154,244.26807706,270.14460352,
2026-06-12 14:03:00,1781272980,270.14460352,282.89187963,236.39689493,247.39601694,
2026-06-12 14:04:00,1781273040,247.39601694,276.0419911,245.37735083,264.1449037,
2026-06-12 14:05:00,1781273100,264.1449037,286.35612507,264.07134164,278.55218492,
2026-06-12 14:06:00,1781273160,278.55218492,279.58391414,244.23548812,244.41703471,
2026-06-12 14:07:00,1781273220,244.41703471,245.7031845,205.35835799,210.8626043,
2026-06-12 14:08:00,1781273280,210.8626043,247.72313848,210.43617414,246.45649179,
2026-06-12 14:09:00,1781273340,246.45649179,251.1606548,235.83629825,240.9164878,
2026-06-12 14:10:00,1781273400,240.9164878,254.43493398,232.53084145,232.53084145,
2026-06-12 14:11:00,1781273460,232.53084145,261.88213998,232.53084145,244.22622973,
2026-06-12 14:12:00,1781273520,244.22622973,255.62196924,236.39429556,255.62196924,
2026-06-12 14:13:00,1781273580,255.62196924,269.36503153,240.95969222,264.60473954,
2026-06-12 14:14:00,1781273640,264.60473954,264.82234753,229.21407412,233.0151302,
2026-06-12 14:15:00,1781273700,233.0151302,237.85528115,212.41054667,215.64826031,
2026-06-12 14:16:00,1781273760,215.64826031,221.7942901,210.42427565,212.93392013,
2026-06-12 14:17:00,1781273820,212.93392013,218.01833507,195.17494305,216.65018332,
2026-06-12 14:18:00,1781273880,216.65018332,248.90759805,216.65018332,243.35187368,
2026-06-12 14:19:00,1781273940,243.35187368,246.22664106,231.3833641,242.88511932,
2026-06-12 14:20:00,1781274000,242.88511932,249.29074294,226.9420244,231.09681634,
2026-06-12 14:21:00,1781274060,231.09681634,252.72840817,205.69632318,248.96362917,
2026-06-12 14:22:00,1781274120,248.96362917,274.4201457,246.47891666,271.18696433,
2026-06-12 14:23:00,1781274180,271.18696433,273.17065531,247.70389507,250.06716482,
2026-06-12 14:24:00,1781274240,250.06716482,250.13783075,221.62152959,233.38194441,
2026-06-12 14:25:00,1781274300,233.38194441,235.2378174,177.91845969,184.30119829,
2026-06-12 14:26:00,1781274360,184.30119829,207.34836938,177.70485774,194.21791676,
2026-06-12 14:27:00,1781274420,194.21791676,194.93001615,167.47398781,175.9453504,
2026-06-12 14:28:00,1781274480,175.9453504,182.94413069,161.56106494,173.70152259,
2026-06-12 14:29:00,1781274540,173.70152259,175.59761929,166.03253269,167.95608902,
2026-06-12 14:30:00,1781274600,167.95608902,169.8932688,155.97545453,158.7997565,
2026-06-12 14:31:00,1781274660,158.7997565,179.94271102,150.0634788,171.67123663,
2026-06-12 14:32:00,1781274720,171.67123663,183.27733555,162.62958526,177.51441513,
2026-06-12 14:33:00,1781274780,177.51441513,188.27307133,167.33218984,172.45119545,
2026-06-12 14:34:00,1781274840,172.45119545,172.45119545,147.70985818,151.64132439,
2026-06-12 14:35:00,1781274900,151.64132439,154.23434094,137.52703828,149.61431166,
2026-06-12 14:36:00,1781274960,149.61431166,157.49161172,129.53278835,133.83250685,
2026-06-12 14:37:00,1781275020,133.83250685,151.53315993,129.22471437,142.72347784,
2026-06-12 14:38:00,1781275080,142.72347784,145.63159349,132.99557638,138.64385013,
2026-06-12 14:39:00,1781275140,138.64385013,142.97650669,131.51653773,142.65735084,
2026-06-12 14:40:00,1781275200,142.65735084,165.48746781,140.66079379,157.73336131,
2026-06-12 14:41:00,1781275260,157.73336131,175.21290288,154.41923586,167.14769425,
2026-06-12 14:42:00,1781275320,167.14769425,172.68131372,156.95897039,168.06108539,
2026-06-12 14:43:00,1781275380,168.06108539,206.94320481,166.84885449,203.70818092,
2026-06-12 14:44:00,1781275440,203.70818092,203.70818092,180.59334705,194.54854917,
2026-06-12 14:45:00,1781275500,194.54854917,204.56523442,178.09660046,183.76341511,
2026-06-12 14:46:00,1781275560,183.76341511,194.25564491,174.56482942,182.30214043,
2026-06-12 14:47:00,1781275620,182.30214043,204.02035094,177.30718642,194.86033073,
2026-06-12 14:48:00,1781275680,194.86033073,198.10164239,179.31665236,192.10533361,
2026-06-12 14:49:00,1781275740,192.10533361,205.54882338,183.95331895,186.30808861,
2026-06-12 14:50:00,1781275800,186.30808861,187.67237269,151.06953472,154.24529173,
2026-06-12 14:51:00,1781275860,154.24529173,173.1606791,150.93140066,173.1606791,
2026-06-12 14:52:00,1781275920,173.1606791,175.89232992,95.60765562,105.00221291,
2026-06-12 14:53:00,1781275980,105.00221291,108.24311846,90.32685164,105.51841155,
2026-06-12 14:54:00,1781276040,105.51841155,111.07653251,94.16627076,94.80259618,
2026-06-12 14:55:00,1781276100,94.80259618,111.93812272,85.40142797,109.54265745,
2026-06-12 14:56:00,1781276160,109.54265745,112.63887215,88.51401812,92.60519825,
2026-06-12 14:57:00,1781276220,92.60519825,103.26519677,91.12564821,94.45114051,
2026-06-12 14:58:00,1781276280,94.45114051,103.04674555,93.40723357,94.26842074,
2026-06-12 14:59:00,1781276340,94.26842074,98.4750346,90.26247224,90.65431098,
2026-06-12 15:00:00,1781276400,90.65431098,93.85418999,73.48311433,75.00378744,
2026-06-12 15:01:00,1781276460,75.00378744,77.13513938,66.00569195,71.93458671,
2026-06-12 15:02:00,1781276520,71.93458671,81.92588767,70.21477006,81.77954129,
2026-06-12 15:03:00,1781276580,81.77954129,115.00158864,76.55914399,114.44227281,
2026-06-12 15:04:00,1781276640,114.44227281,119.43871107,102.38428225,111.18261005,
2026-06-12 15:05:00,1781276700,111.18261005,111.97527454,91.98304092,92.12978078,
2026-06-12 15:06:00,1781276760,92.12978078,94.34477614,79.19375757,82.06399682,
2026-06-12 15:07:00,1781276820,82.06399682,86.67110912,70.03081137,74.41476608,
2026-06-12 15:08:00,1781276880,74.41476608,85.63703033,72.20411201,80.80788536,
2026-06-12 15:09:00,1781276940,80.80788536,85.26399319,75.88751254,85.26399319,
2026-06-12 15:10:00,1781277000,85.26399319,87.41078989,64.9955794,64.9955794,
2026-06-12 15:11:00,1781277060,64.9955794,68.30119601,61.89084706,66.96562664,
2026-06-12 15:12:00,1781277120,66.96562664,76.67763716,64.73627682,65.42777059,
2026-06-12 15:13:00,1781277180,65.42777059,65.61761822,51.51889478,52.12337136,
2026-06-12 15:14:00,1781277240,52.12337136,57.28054237,51.72725968,54.27493844,
2026-06-12 15:15:00,1781277300,54.27493844,61.1900775,51.48621369,61.1900775,
2026-06-12 15:16:00,1781277360,61.1900775,65.75688615,59.00437661,60.61683925,
2026-06-12 15:17:00,1781277420,60.61683925,61.4614498,54.31204673,59.29713503,
2026-06-12 15:18:00,1781277480,59.29713503,65.53899848,57.58238391,61.32296569,
2026-06-12 15:19:00,1781277540,61.32296569,69.88178426,60.64057933,66.42288585,
2026-06-12 15:20:00,1781277600,66.42288585,73.56440185,64.65324683,71.52817018,
2026-06-12 15:21:00,1781277660,71.52817018,73.4207554,65.02618422,68.28224196,
2026-06-12 15:22:00,1781277720,68.28224196,73.25178506,63.75336961,68.67660619,
2026-06-12 15:23:00,1781277780,68.67660619,71.18632788,61.93315459,65.30959563,
2026-06-12 15:24:00,1781277840,65.30959563,65.6393171,59.80420125,61.58184837,
2026-06-12 15:25:00,1781277900,61.58184837,61.58184837,55.38725175,56.14253561,
2026-06-12 15:26:00,1781277960,56.14253561,63.37728199,55.54160009,60.4235354,
2026-06-12 15:27:00,1781278020,60.4235354,61.5830726,56.38968584,57.06658592,
2026-06-12 15:28:00,1781278080,57.06658592,69.49247079,56.82491479,68.60526053,
2026-06-12 15:29:00,1781278140,68.60526053,76.53242946,63.58795095,75.99295166,
2026-06-12 15:30:00,1781278200,75.99295166,86.93787067,75.53371007,81.0714238,
2026-06-12 15:31:00,1781278260,81.0714238,90.43501218,79.06426595,85.27031471,
2026-06-12 15:32:00,1781278320,85.27031471,90.0405642,77.00020392,88.26230717,
2026-06-12 15:33:00,1781278380,88.26230717,95.64645383,84.26889494,94.2280774,
2026-06-12 15:34:00,1781278440,94.2280774,100.33094584,91.87851014,99.16760295,
2026-06-12 15:35:00,1781278500,99.16760295,103.48533155,75.00225039,75.00225039,
2026-06-12 15:36:00,1781278560,75.00225039,89.96792337,75.00225039,86.62095484,
2026-06-12 15:37:00,1781278620,86.62095484,101.41763048,81.96263585,96.58663468,
2026-06-12 15:38:00,1781278680,96.58663468,107.63421975,92.03690465,103.88586488,
2026-06-12 15:39:00,1781278740,103.88586488,107.55269803,86.65179348,87.75169187,
2026-06-12 15:40:00,1781278800,87.75169187,102.14598322,85.21406278,100.93041909,
2026-06-12 15:41:00,1781278860,100.93041909,109.98170787,91.16929136,105.7208012,
2026-06-12 15:42:00,1781278920,105.7208012,116.01434694,102.04400751,105.22790333,
2026-06-12 15:43:00,1781278980,105.22790333,107.64955695,92.33073661,92.33073661,
2026-06-12 15:44:00,1781279040,92.33073661,100.5078784,92.06192903,95.06899049,
2026-06-12 15:45:00,1781279100,95.06899049,105.31638772,92.64934826,98.40686022,
2026-06-12 15:46:00,1781279160,98.40686022,106.21426288,88.93569612,103.85739761,
2026-06-12 15:47:00,1781279220,103.85739761,119.83885109,102.71919322,118.09220589,
2026-06-12 15:48:00,1781279280,118.09220589,136.94606833,116.22085663,131.7962402,
2026-06-12 15:49:00,1781279340,131.7962402,143.92985691,125.63654508,136.88659498,
2026-06-12 15:50:00,1781279400,136.88659498,136.88659498,119.3021678,121.62857506,
2026-06-12 15:51:00,1781279460,121.62857506,129.2943712,116.44443091,122.31293111,
2026-06-12 15:52:00,1781279520,122.31293111,123.78257765,112.18566756,112.97428055,
2026-06-12 15:53:00,1781279580,112.97428055,115.51510208,103.96682117,110.0351559,
2026-06-12 15:54:00,1781279640,110.0351559,112.96554299,101.04355399,105.48504608,
2026-06-12 15:55:00,1781279700,105.48504608,126.02877672,104.79574837,125.35805779,
2026-06-12 15:56:00,1781279760,125.35805779,145.90263542,120.51758301,137.30057827,
2026-06-12 15:57:00,1781279820,137.30057827,140.26741008,132.06716978,138.39206028,
2026-06-12 15:58:00,1781279880,138.39206028,149.00549877,136.4133275,149.00549877,
2026-06-12 15:59:00,1781279940,149.00549877,177.93336195,149.00549877,165.92641221,
2026-06-12 16:00:00,1781280000,165.92641221,170.40403915,139.07097961,148.03176136,
2026-06-12 16:01:00,1781280060,148.03176136,162.77478836,141.35094377,160.1866423,
2026-06-12 16:02:00,1781280120,160.1866423,182.7531234,156.76413445,182.71077577,
2026-06-12 16:03:00,1781280180,182.71077577,189.47492093,143.4686133,144.82566639,
2026-06-12 16:04:00,1781280240,144.82566639,146.57326149,127.17172345,141.71703489,
2026-06-12 16:05:00,1781280300,141.71703489,149.2213395,137.2387136,146.36407616,
2026-06-12 16:06:00,1781280360,146.36407616,146.74272615,119.86253486,125.30738252,
2026-06-12 16:07:00,1781280420,125.30738252,125.30738252,117.77612578,120.07095472,
