datetime,time,open,high,low,close,volume
2026-06-10 12:00:00,1781092800,1005.58312467,1033.08074091,1005.58312467,1008.6617318,
2026-06-10 12:01:00,1781092860,1008.6617318,1049.33879613,1006.25385211,1016.84997594,
2026-06-10 12:02:00,1781092920,1016.84997594,1728.49802167,1016.84997594,1690.07251547,
2026-06-10 12:03:00,1781092980,1690.07251547,1690.07251547,1658.69379531,1685.94514682,
2026-06-10 12:04:00,1781093040,1685.94514682,1689.2952894,1652.48262555,1654.35953066,
2026-06-10 12:05:00,1781093100,1654.35953066,1654.35953066,1621.22180819,1631.65324299,
2026-06-10 12:06:00,1781093160,1631.65324299,1631.83457907,1607.40390677,1617.44352151,
2026-06-10 12:07:00,1781093220,1617.44352151,1653.24480095,1616.85220501,1645.5273094,
2026-06-10 12:08:00,1781093280,1645.5273094,1683.65271784,1636.76681223,1667.56078278,
2026-06-10 12:09:00,1781093340,1667.56078278,1668.24261385,1625.32988661,1639.29499363,
2026-06-10 12:10:00,1781093400,1639.29499363,1640.34544235,1611.86240569,1612.1056917,
2026-06-10 12:11:00,1781093460,1612.1056917,1615.97217246,1593.42371406,1594.48239182,
2026-06-10 12:12:00,1781093520,1594.48239182,1614.49044269,1585.59695691,1598.78933925,
2026-06-10 12:13:00,1781093580,1598.78933925,1618.05235172,1565.43812417,1572.77035834,
2026-06-10 12:14:00,1781093640,1572.77035834,1597.23806168,1563.74103038,1584.5253667,
2026-06-10 12:15:00,1781093700,1584.5253667,1634.94718559,1546.0601207,1622.13039405,
2026-06-10 12:16:00,1781093760,1622.13039405,1622.13039405,1600.08373982,1601.22964626,
2026-06-10 12:17:00,1781093820,1601.22964626,1632.24839993,1599.58158718,1605.9789428,
2026-06-10 12:18:00,1781093880,1605.9789428,1645.50336708,1601.02430357,1632.87447189,
2026-06-10 12:19:00,1781093940,1632.87447189,1664.52825827,1620.04362286,1650.41772124,
2026-06-10 12:20:00,1781094000,1650.41772124,1660.36477744,1634.97514832,1647.386704,
2026-06-10 12:21:00,1781094060,1647.386704,1647.87531855,1610.63544807,1624.71269128,
2026-06-10 12:22:00,1781094120,1624.71269128,1679.35167929,1622.86043908,1677.05153245,
2026-06-10 12:23:00,1781094180,1677.05153245,1681.83457886,1651.99709763,1662.78084929,
2026-06-10 12:24:00,1781094240,1662.78084929,1676.58524963,1648.2548911,1667.61779268,
2026-06-10 12:25:00,1781094300,1667.61779268,1668.11808632,1640.060271,1643.98606858,
2026-06-10 12:26:00,1781094360,1643.98606858,1653.49338277,1627.94719573,1633.28153739,
2026-06-10 12:27:00,1781094420,1633.28153739,1655.93911859,1633.28153739,1644.18074883,
2026-06-10 12:28:00,1781094480,1644.18074883,1644.18074883,1600.27991315,1627.36503071,
2026-06-10 12:29:00,1781094540,1627.36503071,1638.57526517,1602.55447056,1607.51219189,
2026-06-10 12:30:00,1781094600,1607.51219189,1622.6822788,1320.78069014,1387.77375935,
2026-06-10 12:31:00,1781094660,1387.77375935,1444.62491181,1296.91311467,1430.07161168,
2026-06-10 12:32:00,1781094720,1430.07161168,1458.72717227,1325.46760094,1342.11969853,
2026-06-10 12:33:00,1781094780,1342.11969853,1346.79040764,1198.74435827,1236.24524918,
2026-06-10 12:34:00,1781094840,1236.24524918,1359.03439758,1232.49331256,1350.2837769,
2026-06-10 12:35:00,1781094900,1350.2837769,1392.1967386,1332.20685004,1380.42434261,
2026-06-10 12:36:00,1781094960,1380.42434261,1387.19195128,1282.77115254,1282.77115254,
2026-06-10 12:37:00,1781095020,1282.77115254,1311.50587835,1277.61013108,1308.18017556,
2026-06-10 12:38:00,1781095080,1308.18017556,1344.18197138,1278.6012061,1279.17703266,
2026-06-10 12:39:00,1781095140,1279.17703266,1326.66674108,1276.48916539,1308.43500867,
2026-06-10 12:40:00,1781095200,1308.43500867,1342.29217115,1307.25917541,1321.80029551,
2026-06-10 12:41:00,1781095260,1321.80029551,1338.19955718,1279.22852813,1303.74388148,
2026-06-10 12:42:00,1781095320,1303.74388148,1342.20983446,1284.05033192,1330.81525181,
2026-06-10 12:43:00,1781095380,1330.81525181,1332.72099539,1308.21208127,1332.72099539,
2026-06-10 12:44:00,1781095440,1332.72099539,1333.47441979,1301.06923502,1301.06923502,
2026-06-10 12:45:00,1781095500,1301.06923502,1314.61479953,1277.2138174,1305.97901913,
2026-06-10 12:46:00,1781095560,1305.97901913,1308.44656663,1254.98978769,1260.54785396,
2026-06-10 12:47:00,1781095620,1260.54785396,1275.12286518,1242.36981323,1275.12286518,
2026-06-10 12:48:00,1781095680,1275.12286518,1279.66199257,1237.41303062,1257.97261422,
2026-06-10 12:49:00,1781095740,1257.97261422,1260.35138429,1238.91982095,1247.97247264,
2026-06-10 12:50:00,1781095800,1247.97247264,1278.04044446,1245.57889143,1253.06756562,
2026-06-10 12:51:00,1781095860,1253.06756562,1285.94991732,1252.87949728,1275.40005436,
2026-06-10 12:52:00,1781095920,1275.40005436,1304.1273085,1270.50162113,1298.26055531,
2026-06-10 12:53:00,1781095980,1298.26055531,1298.76163909,1276.28635995,1278.05525703,
2026-06-10 12:54:00,1781096040,1278.05525703,1296.19617014,1264.54717134,1290.63483901,
2026-06-10 12:55:00,1781096100,1290.63483901,1307.23075993,1287.67321316,1302.85112621,
2026-06-10 12:56:00,1781096160,1302.85112621,1302.85112621,1273.90093299,1278.73135102,
2026-06-10 12:57:00,1781096220,1278.73135102,1293.00666233,1268.3218796,1290.80269074,
2026-06-10 12:58:00,1781096280,1290.80269074,1309.37521903,1290.80269074,1306.97925285,
2026-06-10 12:59:00,1781096340,1306.97925285,1332.22948671,1301.3186412,1331.55476818,
2026-06-10 13:00:00,1781096400,1331.55476818,1340.6644278,1294.51777651,1308.74962154,
2026-06-10 13:01:00,1781096460,1308.74962154,1358.50530681,1305.59746346,1356.9953335,
2026-06-10 13:02:00,1781096520,1356.9953335,1362.52690161,1346.2221638,1358.22456612,
2026-06-10 13:03:00,1781096580,1358.22456612,1362.58420282,1347.26871324,1348.60088375,
2026-06-10 13:04:00,1781096640,1348.60088375,1360.38629269,1338.62020806,1340.11807248,
2026-06-10 13:05:00,1781096700,1340.11807248,1356.14775931,1334.07727599,1334.48963638,
2026-06-10 13:06:00,1781096760,1334.48963638,1334.48963638,1305.56358936,1308.61284658,
2026-06-10 13:07:00,1781096820,1308.61284658,1318.81293871,1295.54190486,1312.40578173,
2026-06-10 13:08:00,1781096880,1312.40578173,1313.0664182,1290.58794153,1310.25425317,
2026-06-10 13:09:00,1781096940,1310.25425317,1319.15315656,1303.5605378,1306.62535033,
2026-06-10 13:10:00,1781097000,1306.62535033,1344.69924575,1304.24376906,1342.51949183,
2026-06-10 13:11:00,1781097060,1342.51949183,1343.24758287,1324.19555151,1329.83705232,
2026-06-10 13:12:00,1781097120,1329.83705232,1337.25435812,1299.24237266,1312.5872978,
2026-06-10 13:13:00,1781097180,1312.5872978,1323.33120901,1309.66052928,1323.33120901,
2026-06-10 13:14:00,1781097240,1323.33120901,1344.26975113,1317.17646198,1328.91337509,
2026-06-10 13:15:00,1781097300,1328.91337509,1356.52201126,1322.73802187,1349.17193143,
2026-06-10 13:16:00,1781097360,1349.17193143,1358.684385,1336.28779127,1346.06425499,
2026-06-10 13:17:00,1781097420,1346.06425499,1360.35380069,1338.92870005,1359.54860557,
2026-06-10 13:18:00,1781097480,1359.54860557,1359.54860557,1340.09933139,1351.0286521,
2026-06-10 13:19:00,1781097540,1351.0286521,1362.95720666,1347.56611434,1350.45194474,
2026-06-10 13:20:00,1781097600,1350.45194474,1366.76592159,1345.98034719,1346.99430356,
2026-06-10 13:21:00,1781097660,1346.99430356,1349.44129642,1296.14264801,1304.88046487,
2026-06-10 13:22:00,1781097720,1304.88046487,1353.48629739,1301.91791099,1339.39825348,
2026-06-10 13:23:00,1781097780,1339.39825348,1339.39825348,1313.54188587,1314.16532239,
2026-06-10 13:24:00,1781097840,1314.16532239,1329.0564753,1303.01387349,1305.80095954,
2026-06-10 13:25:00,1781097900,1305.80095954,1350.71410681,1304.62327105,1334.69891636,
2026-06-10 13:26:00,1781097960,1334.69891636,1360.3386277,1332.95488535,1358.83714469,
2026-06-10 13:27:00,1781098020,1358.83714469,1359.35466284,1292.06998462,1293.40867022,
2026-06-10 13:28:00,1781098080,1293.40867022,1303.23536202,1273.87874333,1297.21608435,
2026-06-10 13:29:00,1781098140,1297.21608435,1311.03127331,1293.79655727,1298.58225656,
2026-06-10 13:30:00,1781098200,1298.58225656,1334.06058417,1191.93570691,1198.88007557,
2026-06-10 13:31:00,1781098260,1198.88007557,1226.94335796,1156.81410241,1174.34611735,
2026-06-10 13:32:00,1781098320,1174.34611735,1229.18960529,1164.93182276,1211.67848031,
2026-06-10 13:33:00,1781098380,1211.67848031,1242.59581605,1195.36994618,1206.35268054,
2026-06-10 13:34:00,1781098440,1206.35268054,1209.88090969,1156.40165947,1168.91625851,
2026-06-10 13:35:00,1781098500,1168.91625851,1185.79905311,1105.6029477,1131.03559841,
2026-06-10 13:36:00,1781098560,1131.03559841,1141.48762368,1067.8076613,1087.82803377,
2026-06-10 13:37:00,1781098620,1087.82803377,1087.82803377,971.48632564,978.14690568,
2026-06-10 13:38:00,1781098680,978.14690568,1018.16504598,972.80424586,998.63264463,
2026-06-10 13:39:00,1781098740,998.63264463,1013.05147389,964.70310467,965.53968452,
2026-06-10 13:40:00,1781098800,965.53968452,997.25316781,937.11414015,958.70013816,
2026-06-10 13:41:00,1781098860,958.70013816,1015.66559845,950.36198573,1006.95078308,
2026-06-10 13:42:00,1781098920,1006.95078308,1016.90005838,938.65293636,976.94232399,
2026-06-10 13:43:00,1781098980,976.94232399,979.00953838,895.48154011,903.66258076,
2026-06-10 13:44:00,1781099040,903.66258076,924.69361659,867.06027393,868.79450378,
2026-06-10 13:45:00,1781099100,868.79450378,943.69063201,861.99725044,907.27068677,
2026-06-10 13:46:00,1781099160,907.27068677,937.78083177,903.08419329,937.17773503,
2026-06-10 13:47:00,1781099220,937.17773503,943.34828263,879.90281812,902.97136498,
2026-06-10 13:48:00,1781099280,902.97136498,919.67304877,871.66107241,874.53111021,
2026-06-10 13:49:00,1781099340,874.53111021,880.11077351,841.18474965,847.39008547,
2026-06-10 13:50:00,1781099400,847.39008547,916.98153946,843.77333009,904.90180294,
2026-06-10 13:51:00,1781099460,904.90180294,941.82668547,895.76886473,941.23078384,
2026-06-10 13:52:00,1781099520,941.23078384,941.95960487,904.06606064,938.7117533,
2026-06-10 13:53:00,1781099580,938.7117533,958.97267319,925.88725693,949.80752788,
2026-06-10 13:54:00,1781099640,949.80752788,959.28851226,920.04800548,942.42259492,
2026-06-10 13:55:00,1781099700,942.42259492,955.5684639,926.20144917,938.48234284,
2026-06-10 13:56:00,1781099760,938.48234284,968.86911792,931.97109238,968.58643153,
2026-06-10 13:57:00,1781099820,968.58643153,976.07375948,929.05153358,962.06710943,
2026-06-10 13:58:00,1781099880,962.06710943,1010.64610749,962.06710943,1003.39630831,
2026-06-10 13:59:00,1781099940,1003.39630831,1003.39630831,966.96745172,966.96745172,
2026-06-10 14:00:00,1781100000,966.96745172,1002.66215116,961.96237882,996.90774606,
2026-06-10 14:01:00,1781100060,996.90774606,1026.53075695,985.59034871,1024.59086195,
2026-06-10 14:02:00,1781100120,1024.59086195,1031.65106313,981.20521598,981.63861902,
2026-06-10 14:03:00,1781100180,981.63861902,993.50186832,927.9802792,937.26342506,
2026-06-10 14:04:00,1781100240,937.26342506,955.29404579,928.56261431,934.36558936,
2026-06-10 14:05:00,1781100300,934.36558936,961.47539319,925.57801164,949.66628041,
2026-06-10 14:06:00,1781100360,949.66628041,957.5316682,919.56628476,932.86133573,
2026-06-10 14:07:00,1781100420,932.86133573,952.03714698,922.08231554,947.22833806,
2026-06-10 14:08:00,1781100480,947.22833806,957.47085054,908.40294689,908.40294689,
2026-06-10 14:09:00,1781100540,908.40294689,928.70793357,908.40090235,925.26128768,
2026-06-10 14:10:00,1781100600,925.26128768,959.88356585,916.08787593,945.58016527,
2026-06-10 14:11:00,1781100660,945.58016527,954.06927674,929.93632276,939.0737155,
2026-06-10 14:12:00,1781100720,939.0737155,943.98031166,928.19383903,941.01966629,
2026-06-10 14:13:00,1781100780,941.01966629,1006.65423546,939.41014562,965.15019807,
2026-06-10 14:14:00,1781100840,965.15019807,1026.14339994,963.63777126,1026.04305184,
2026-06-10 14:15:00,1781100900,1026.04305184,1067.93665449,1020.45471778,1067.02086092,
2026-06-10 14:16:00,1781100960,1067.02086092,1071.75528198,980.67075145,982.39799554,
2026-06-10 14:17:00,1781101020,982.39799554,1046.38273859,982.10964309,1042.02247845,
2026-06-10 14:18:00,1781101080,1042.02247845,1079.55827739,1038.52596712,1057.85486952,
2026-06-10 14:19:00,1781101140,1057.85486952,1083.99722082,1049.71970003,1052.1784517,
2026-06-10 14:20:00,1781101200,1052.1784517,1068.70410314,1027.03830333,1068.60213068,
2026-06-10 14:21:00,1781101260,1068.60213068,1082.27641622,1042.06915162,1050.42330163,
2026-06-10 14:22:00,1781101320,1050.42330163,1055.7235337,994.69560731,1005.26505867,
2026-06-10 14:23:00,1781101380,1005.26505867,1028.63498488,989.5811529,996.30797334,
2026-06-10 14:24:00,1781101440,996.30797334,1001.96827848,928.96608627,932.80674823,
2026-06-10 14:25:00,1781101500,932.80674823,1015.90764203,921.56591178,1002.19099323,
2026-06-10 14:26:00,1781101560,1002.19099323,1002.87089379,967.97726735,975.14688795,
2026-06-10 14:27:00,1781101620,975.14688795,975.14688795,940.43780978,940.81319147,
2026-06-10 14:28:00,1781101680,940.81319147,988.13760314,933.31349559,971.69886403,
2026-06-10 14:29:00,1781101740,971.69886403,994.2717486,964.48711366,974.68093044,
2026-06-10 14:30:00,1781101800,974.68093044,998.40773356,967.05593312,984.30794883,
2026-06-10 14:31:00,1781101860,984.30794883,1066.14871187,984.15982883,1065.68736754,
2026-06-10 14:32:00,1781101920,1065.68736754,1080.01980989,1015.63354169,1015.63354169,
2026-06-10 14:33:00,1781101980,1015.63354169,1045.01671479,988.87492637,995.73734088,
2026-06-10 14:34:00,1781102040,995.73734088,1018.74189421,974.93713025,981.25237198,
2026-06-10 14:35:00,1781102100,981.25237198,1018.41492318,980.07037223,1014.1001861,
2026-06-10 14:36:00,1781102160,1014.1001861,1044.04669381,1014.00062259,1030.08849508,
2026-06-10 14:37:00,1781102220,1030.08849508,1087.07036966,1027.96664005,1073.02152997,
2026-06-10 14:38:00,1781102280,1073.02152997,1082.79651596,1056.24452648,1071.44863361,
2026-06-10 14:39:00,1781102340,1071.44863361,1073.72286528,1028.52739332,1028.97921319,
2026-06-10 14:40:00,1781102400,1028.97921319,1034.23063061,985.8282255,986.75794214,
2026-06-10 14:41:00,1781102460,986.75794214,988.11260954,933.55247165,945.88986309,
2026-06-10 14:42:00,1781102520,945.88986309,984.11833479,933.97677893,984.06948121,
2026-06-10 14:43:00,1781102580,984.06948121,985.87612841,957.23382128,978.34436727,
2026-06-10 14:44:00,1781102640,978.34436727,1020.89495363,970.6306356,1020.89495363,
2026-06-10 14:45:00,1781102700,1020.89495363,1045.3403234,999.70471176,1017.38828258,
2026-06-10 14:46:00,1781102760,1017.38828258,1028.77055791,1010.11014305,1017.5114649,
2026-06-10 14:47:00,1781102820,1017.5114649,1020.7217946,973.33009061,987.37696723,
2026-06-10 14:48:00,1781102880,987.37696723,1024.59337022,981.09525979,1018.11917132,
2026-06-10 14:49:00,1781102940,1018.11917132,1054.61759793,1013.35538141,1016.4470633,
2026-06-10 14:50:00,1781103000,1016.4470633,1050.13031079,997.59932781,1021.31441344,
2026-06-10 14:51:00,1781103060,1021.31441344,1037.30628125,1000.18317291,1024.08375184,
2026-06-10 14:52:00,1781103120,1024.08375184,1052.94919421,1023.47436821,1046.46632469,
2026-06-10 14:53:00,1781103180,1046.46632469,1054.09417029,1033.27279837,1036.7513468,
2026-06-10 14:54:00,1781103240,1036.7513468,1039.73496149,1011.56919338,1027.26638031,
2026-06-10 14:55:00,1781103300,1027.26638031,1050.76553196,995.09222859,1046.66919583,
2026-06-10 14:56:00,1781103360,1046.66919583,1064.35970401,1034.95592816,1044.86948216,
2026-06-10 14:57:00,1781103420,1044.86948216,1081.25802863,1032.60704045,1039.47334923,
2026-06-10 14:58:00,1781103480,1039.47334923,1042.73302078,946.36244792,951.18445748,
2026-06-10 14:59:00,1781103540,951.18445748,956.77891843,888.15567732,891.12939436,
2026-06-10 15:00:00,1781103600,891.12939436,914.40670576,855.47385354,862.20809063,
2026-06-10 15:01:00,1781103660,862.20809063,874.64590812,795.81815184,819.67013252,
2026-06-10 15:02:00,1781103720,819.67013252,860.90300788,810.26779216,843.12352918,
2026-06-10 15:03:00,1781103780,843.12352918,864.72502394,819.48204827,853.71226169,
2026-06-10 15:04:00,1781103840,853.71226169,932.43538177,844.81431559,913.11976383,
2026-06-10 15:05:00,1781103900,913.11976383,995.52639945,911.39853878,995.45739888,
2026-06-10 15:06:00,1781103960,995.45739888,1009.25522018,965.56691019,1009.25522018,
2026-06-10 15:07:00,1781104020,1009.25522018,1021.53866837,968.31858056,970.44273365,
2026-06-10 15:08:00,1781104080,970.44273365,1021.18553762,969.61598498,1001.50889726,
2026-06-10 15:09:00,1781104140,1001.50889726,1019.15506434,985.04268005,1018.75190936,
2026-06-10 15:10:00,1781104200,1018.75190936,1026.27677415,1006.07781288,1008.836993,
2026-06-10 15:11:00,1781104260,1008.836993,1058.72827668,1007.96084112,1034.57682142,
2026-06-10 15:12:00,1781104320,1034.57682142,1044.61205299,1017.72721987,1017.72721987,
2026-06-10 15:13:00,1781104380,1017.72721987,1020.13587004,969.21047114,980.34297538,
2026-06-10 15:14:00,1781104440,980.34297538,1021.63242727,978.93404095,1021.28157984,
2026-06-10 15:15:00,1781104500,1021.28157984,1063.14374388,1021.28157984,1056.60536635,
2026-06-10 15:16:00,1781104560,1056.60536635,1067.13067255,1006.74234639,1015.461499,
2026-06-10 15:17:00,1781104620,1015.461499,1015.83773434,990.68101751,1000.09263264,
2026-06-10 15:18:00,1781104680,1000.09263264,1036.49502116,1000.09263264,1012.83633913,
2026-06-10 15:19:00,1781104740,1012.83633913,1013.64684454,937.36852102,940.59930251,
2026-06-10 15:20:00,1781104800,940.59930251,952.85192172,899.59755863,904.58538217,
2026-06-10 15:21:00,1781104860,904.58538217,906.63131328,853.21047246,870.92717201,
2026-06-10 15:22:00,1781104920,870.92717201,901.58897473,857.3131025,885.49189031,
2026-06-10 15:23:00,1781104980,885.49189031,889.87110887,844.95248573,847.10648315,
2026-06-10 15:24:00,1781105040,847.10648315,867.42894445,830.62011569,856.11647579,
2026-06-10 15:25:00,1781105100,856.11647579,857.12643094,831.86148496,853.21548233,
2026-06-10 15:26:00,1781105160,853.21548233,873.16674516,851.85399036,862.89963086,
2026-06-10 15:27:00,1781105220,862.89963086,881.83079027,862.89963086,864.70932375,
2026-06-10 15:28:00,1781105280,864.70932375,865.51125657,833.93625292,854.96125352,
2026-06-10 15:29:00,1781105340,854.96125352,878.60156489,845.59677796,878.54413998,
2026-06-10 15:30:00,1781105400,878.54413998,885.67832573,830.02204122,834.96537861,
2026-06-10 15:31:00,1781105460,834.96537861,857.39325473,821.44742295,853.56495344,
2026-06-10 15:32:00,1781105520,853.56495344,864.58853166,842.88228225,854.94231426,
2026-06-10 15:33:00,1781105580,854.94231426,867.75327894,832.42515484,861.29351575,
2026-06-10 15:34:00,1781105640,861.29351575,869.11329289,834.42298819,856.5258833,
2026-06-10 15:35:00,1781105700,856.5258833,862.84497199,844.01884918,859.92720433,
2026-06-10 15:36:00,1781105760,859.92720433,863.93248699,827.73663552,835.52969966,
2026-06-10 15:37:00,1781105820,835.52969966,851.08253773,833.28178644,842.71595741,
2026-06-10 15:38:00,1781105880,842.71595741,893.90458397,842.71394538,891.11443219,
2026-06-10 15:39:00,1781105940,891.11443219,905.2533562,854.41841795,864.30102193,
2026-06-10 15:40:00,1781106000,864.30102193,886.99156135,864.11965702,885.16523508,
2026-06-10 15:41:00,1781106060,885.16523508,897.40550194,852.30219685,857.70314606,
2026-06-10 15:42:00,1781106120,857.70314606,871.42883581,828.09029088,865.0317834,
2026-06-10 15:43:00,1781106180,865.0317834,865.0317834,827.44089736,832.30481453,
2026-06-10 15:44:00,1781106240,832.30481453,832.30481453,798.43605304,811.68759246,
2026-06-10 15:45:00,1781106300,811.68759246,834.87261084,803.32992072,805.04600706,
2026-06-10 15:46:00,1781106360,805.04600706,805.04600706,734.13743629,744.71987411,
2026-06-10 15:47:00,1781106420,744.71987411,851.82002995,744.69661769,851.82002995,
2026-06-10 15:48:00,1781106480,851.82002995,925.24223608,840.89119909,924.82005981,
2026-06-10 15:49:00,1781106540,924.82005981,929.23582653,844.42895411,849.74525582,
2026-06-10 15:50:00,1781106600,849.74525582,882.99245406,806.74235332,852.02285875,
2026-06-10 15:51:00,1781106660,852.02285875,853.35204354,787.66870569,834.06857984,
2026-06-10 15:52:00,1781106720,834.06857984,852.17179885,771.40562871,774.52157717,
2026-06-10 15:53:00,1781106780,774.52157717,791.5242744,692.84318132,696.27542474,
2026-06-10 15:54:00,1781106840,696.27542474,701.9687694,625.96863422,646.68931857,
2026-06-10 15:55:00,1781106900,646.68931857,715.99463197,639.574566,712.0483408,
2026-06-10 15:56:00,1781106960,712.0483408,734.77014075,702.42751459,733.58219951,
2026-06-10 15:57:00,1781107020,733.58219951,734.68650519,680.16196555,694.88830974,
2026-06-10 15:58:00,1781107080,694.88830974,731.42307685,692.29790704,729.16826212,
2026-06-10 15:59:00,1781107140,729.16826212,744.36985734,727.38107589,731.12813415,
2026-06-10 16:00:00,1781107200,731.12813415,758.96514198,724.92332129,758.96514198,
2026-06-10 16:01:00,1781107260,758.96514198,787.0011139,752.98918595,773.17716155,
2026-06-10 16:02:00,1781107320,773.17716155,782.61537499,764.64212607,781.17105416,
2026-06-10 16:03:00,1781107380,781.17105416,793.18666469,761.36330276,783.02020492,
2026-06-10 16:04:00,1781107440,783.02020492,805.14280985,772.13134035,802.99173791,
2026-06-10 16:05:00,1781107500,802.99173791,808.36800996,778.15260592,802.73017885,
2026-06-10 16:06:00,1781107560,802.73017885,810.75101371,755.85991949,758.52436024,
2026-06-10 16:07:00,1781107620,758.52436024,775.25355538,737.40969674,771.36433386,
2026-06-10 16:08:00,1781107680,771.36433386,828.89472969,768.97830407,828.89472969,
2026-06-10 16:09:00,1781107740,828.89472969,831.97598155,791.13667059,791.13667059,
2026-06-10 16:10:00,1781107800,791.13667059,843.56951974,791.13667059,838.82450551,
2026-06-10 16:11:00,1781107860,838.82450551,847.95167112,819.92562265,828.88160267,
2026-06-10 16:12:00,1781107920,828.88160267,832.45926911,800.32262414,826.13483671,
2026-06-10 16:13:00,1781107980,826.13483671,845.33290456,824.67035059,834.68911361,
2026-06-10 16:14:00,1781108040,834.68911361,857.60029071,830.07406308,847.86873763,
2026-06-10 16:15:00,1781108100,847.86873763,850.22402843,805.16032823,817.61546761,
2026-06-10 16:16:00,1781108160,817.61546761,839.70787747,799.08637808,821.31245687,
2026-06-10 16:17:00,1781108220,821.31245687,855.65607169,800.88396766,853.8901151,
2026-06-10 16:18:00,1781108280,853.8901151,861.21989872,846.33833465,853.13286114,
2026-06-10 16:19:00,1781108340,853.13286114,858.54787099,846.476726,855.63899262,
2026-06-10 16:20:00,1781108400,855.63899262,867.52225949,841.68085958,867.47565492,
2026-06-10 16:21:00,1781108460,867.47565492,884.93995997,845.85907031,845.94458594,
2026-06-10 16:22:00,1781108520,845.94458594,866.74218569,825.15561511,866.38400427,
2026-06-10 16:23:00,1781108580,866.38400427,873.49285428,854.595313,859.78946483,
2026-06-10 16:24:00,1781108640,859.78946483,898.37880191,859.78946483,893.53995592,
2026-06-10 16:25:00,1781108700,893.53995592,951.76007394,878.5543583,923.01295831,
2026-06-10 16:26:00,1781108760,923.01295831,923.66229055,887.51903107,899.21302921,
2026-06-10 16:27:00,1781108820,899.21302921,899.21302921,863.55629006,873.76391771,
2026-06-10 16:28:00,1781108880,873.76391771,886.26982459,856.14140261,875.63630781,
2026-06-10 16:29:00,1781108940,875.63630781,884.82599195,863.44124038,863.44124038,
2026-06-10 16:30:00,1781109000,863.44124038,881.51671457,850.97567233,881.51671457,
2026-06-10 16:31:00,1781109060,881.51671457,909.20178064,874.61401548,900.6633689,
2026-06-10 16:32:00,1781109120,900.6633689,924.28459146,863.62700739,877.64769074,
2026-06-10 16:33:00,1781109180,877.64769074,882.0008119,859.73890525,882.0008119,
2026-06-10 16:34:00,1781109240,882.0008119,891.78125805,809.3395603,809.76540504,
2026-06-10 16:35:00,1781109300,809.76540504,839.63792924,802.9766241,827.12563016,
2026-06-10 16:36:00,1781109360,827.12563016,854.54004759,817.42965602,844.99476195,
2026-06-10 16:37:00,1781109420,844.99476195,844.99476195,811.89139205,829.51008701,
2026-06-10 16:38:00,1781109480,829.51008701,861.71124737,822.20647169,835.78498325,
2026-06-10 16:39:00,1781109540,835.78498325,863.22943987,835.74128794,852.43840984,
2026-06-10 16:40:00,1781109600,852.43840984,860.48365089,825.89656738,840.96626933,
2026-06-10 16:41:00,1781109660,840.96626933,875.8172135,831.06842447,872.92051364,
2026-06-10 16:42:00,1781109720,872.92051364,883.3774389,861.71275395,865.84857218,
2026-06-10 16:43:00,1781109780,865.84857218,877.94838,854.9788484,875.28485531,
2026-06-10 16:44:00,1781109840,875.28485531,890.7064007,866.84735725,889.337361,
2026-06-10 16:45:00,1781109900,889.337361,918.18265857,889.337361,911.75135429,
2026-06-10 16:46:00,1781109960,911.75135429,957.10039771,894.64518102,947.57966479,
2026-06-10 16:47:00,1781110020,947.57966479,1000.47940661,937.95494314,1000.47940661,
2026-06-10 16:48:00,1781110080,1000.47940661,1015.14841098,959.23227912,989.79064093,
2026-06-10 16:49:00,1781110140,989.79064093,1009.5029875,983.82558053,996.99005257,
2026-06-10 16:50:00,1781110200,996.99005257,1030.1407041,988.57702373,1004.36476812,
2026-06-10 16:51:00,1781110260,1004.36476812,1026.55424329,968.58271571,968.58271571,
2026-06-10 16:52:00,1781110320,968.58271571,977.15870979,906.18181036,906.18181036,
2026-06-10 16:53:00,1781110380,906.18181036,936.20216619,903.5266057,927.90231779,
2026-06-10 16:54:00,1781110440,927.90231779,927.90231779,887.54049188,906.79166013,
2026-06-10 16:55:00,1781110500,906.79166013,955.03313103,904.46073794,948.58646057,
2026-06-10 16:56:00,1781110560,948.58646057,950.59560793,917.88589784,917.88589784,
2026-06-10 16:57:00,1781110620,917.88589784,937.27531958,900.33501635,900.75242937,
2026-06-10 16:58:00,1781110680,900.75242937,905.23441416,890.07003937,894.94312592,
2026-06-10 16:59:00,1781110740,894.94312592,896.25675139,872.3584192,876.82651623,
2026-06-10 17:00:00,1781110800,876.82651623,890.74871014,858.94364025,885.31818717,
2026-06-10 17:01:00,1781110860,885.31818717,888.83851145,860.44148208,862.32792507,
2026-06-10 17:02:00,1781110920,862.32792507,866.65974469,823.47582732,829.76772148,
2026-06-10 17:03:00,1781110980,829.76772148,843.94621285,822.85962736,838.03473259,
2026-06-10 17:04:00,1781111040,838.03473259,840.11863643,809.37504255,811.36342746,
2026-06-10 17:05:00,1781111100,811.36342746,855.38798242,811.36342746,854.01141874,
2026-06-10 17:06:00,1781111160,854.01141874,868.49283944,842.84286554,842.84286554,
2026-06-10 17:07:00,1781111220,842.84286554,885.98035159,830.60911071,872.13562919,
2026-06-10 17:08:00,1781111280,872.13562919,902.03327543,871.76929752,893.27680938,
2026-06-10 17:09:00,1781111340,893.27680938,913.54138842,880.7829589,890.74574837,
2026-06-10 17:10:00,1781111400,890.74574837,968.65254761,889.40187625,964.76459636,
2026-06-10 17:11:00,1781111460,964.76459636,970.91405512,919.32084265,927.85587019,
2026-06-10 17:12:00,1781111520,927.85587019,961.71372079,922.20047025,938.97084854,
2026-06-10 17:13:00,1781111580,938.97084854,939.65807392,915.75727595,926.90263554,
2026-06-10 17:14:00,1781111640,926.90263554,945.72101201,925.44169031,925.62622521,
2026-06-10 17:15:00,1781111700,925.62622521,938.12119056,903.64787647,913.65685743,
2026-06-10 17:16:00,1781111760,913.65685743,921.8991489,881.79812206,898.44401337,
2026-06-10 17:17:00,1781111820,898.44401337,918.90605436,874.1803354,915.13380025,
2026-06-10 17:18:00,1781111880,915.13380025,915.13380025,882.8225261,896.36176445,
2026-06-10 17:19:00,1781111940,896.36176445,915.73648448,892.50250879,893.15076308,
2026-06-10 17:20:00,1781112000,893.15076308,916.63019643,888.48128327,888.89967273,
2026-06-10 17:21:00,1781112060,888.89967273,937.55985666,888.01261757,909.86082644,
2026-06-10 17:22:00,1781112120,909.86082644,955.41250783,909.86082644,945.01135812,
2026-06-10 17:23:00,1781112180,945.01135812,948.25321131,926.13640966,931.36661363,
2026-06-10 17:24:00,1781112240,931.36661363,935.10081582,898.43184456,913.12364208,
2026-06-10 17:25:00,1781112300,913.12364208,919.07675713,886.35661402,900.54642055,
2026-06-10 17:26:00,1781112360,900.54642055,952.9297926,900.54642055,935.46869002,
2026-06-10 17:27:00,1781112420,935.46869002,957.99120803,918.03584831,943.06038512,
2026-06-10 17:28:00,1781112480,943.06038512,957.18787282,943.06038512,955.65380585,
2026-06-10 17:29:00,1781112540,955.65380585,1022.45292423,955.65380585,1013.79061902,
2026-06-10 17:30:00,1781112600,1013.79061902,1041.45223532,998.0817502,1035.56708396,
2026-06-10 17:31:00,1781112660,1035.56708396,1073.85946201,1020.58800824,1071.96198253,
2026-06-10 17:32:00,1781112720,1071.96198253,1136.87490758,1056.54203227,1112.9848129,
2026-06-10 17:33:00,1781112780,1112.9848129,1112.9848129,1044.64336893,1044.69506647,
2026-06-10 17:34:00,1781112840,1044.69506647,1059.88621474,1012.61084063,1021.46274557,
2026-06-10 17:35:00,1781112900,1021.46274557,1079.17055745,1021.40979288,1078.27374297,
2026-06-10 17:36:00,1781112960,1078.27374297,1113.50986829,1064.73332232,1105.54695637,
2026-06-10 17:37:00,1781113020,1105.54695637,1105.54695637,1055.78717012,1070.91110347,
2026-06-10 17:38:00,1781113080,1070.91110347,1130.39927272,1070.91110347,1112.61891641,
2026-06-10 17:39:00,1781113140,1112.61891641,1116.53406601,1080.81184267,1091.85748641,
2026-06-10 17:40:00,1781113200,1091.85748641,1134.05456723,1053.13830232,1107.53842901,
2026-06-10 17:41:00,1781113260,1107.53842901,1155.16073263,1096.99034199,1133.15743227,
2026-06-10 17:42:00,1781113320,1133.15743227,1157.77478879,1123.47736967,1123.64215607,
2026-06-10 17:43:00,1781113380,1123.64215607,1130.76613738,1048.29922954,1051.75993712,
2026-06-10 17:44:00,1781113440,1051.75993712,1110.43233328,1051.2946387,1108.9887874,
2026-06-10 17:45:00,1781113500,1108.9887874,1122.66484893,1077.17309184,1081.81571687,
2026-06-10 17:46:00,1781113560,1081.81571687,1082.76193776,1024.10214347,1029.86987192,
2026-06-10 17:47:00,1781113620,1029.86987192,1046.70477816,1003.29702069,1011.51281175,
2026-06-10 17:48:00,1781113680,1011.51281175,1012.11244162,970.201252,978.74342079,
2026-06-10 17:49:00,1781113740,978.74342079,987.84011392,950.32311505,952.25428564,
2026-06-10 17:50:00,1781113800,952.25428564,1056.60075888,950.56116687,1023.24326251,
2026-06-10 17:51:00,1781113860,1023.24326251,1032.039957,996.60727525,1008.06971833,
2026-06-10 17:52:00,1781113920,1008.06971833,1055.96983446,1003.39562113,1055.86624185,
2026-06-10 17:53:00,1781113980,1055.86624185,1058.94489674,1033.04665323,1035.36759827,
2026-06-10 17:54:00,1781114040,1035.36759827,1044.72955756,1010.17573492,1028.39563109,
2026-06-10 17:55:00,1781114100,1028.39563109,1029.07526231,986.17652581,1008.37513218,
2026-06-10 17:56:00,1781114160,1008.37513218,1019.75159935,986.16912967,987.59989094,
2026-06-10 17:57:00,1781114220,987.59989094,1016.96451541,986.51258285,1014.41079736,
2026-06-10 17:58:00,1781114280,1014.41079736,1014.41079736,969.75470884,979.26734356,
2026-06-10 17:59:00,1781114340,979.26734356,994.87384194,970.94278306,988.36732184,
2026-06-10 18:00:00,1781114400,988.36732184,989.50726017,959.05906407,974.48740114,
2026-06-10 18:01:00,1781114460,974.48740114,1004.57610209,960.94956356,996.14813531,
2026-06-10 18:02:00,1781114520,996.14813531,1004.96145158,944.12044871,949.43184742,
2026-06-10 18:03:00,1781114580,949.43184742,963.27318385,933.59895823,937.7742652,
2026-06-10 18:04:00,1781114640,937.7742652,946.63564289,915.93389155,922.97849531,
2026-06-10 18:05:00,1781114700,922.97849531,928.60670754,905.28669816,908.19041913,
2026-06-10 18:06:00,1781114760,908.19041913,959.70444811,894.15156629,959.64948043,
2026-06-10 18:07:00,1781114820,959.64948043,998.53553748,959.64948043,994.87953095,
2026-06-10 18:08:00,1781114880,994.87953095,994.92957753,943.88628327,951.06465324,
2026-06-10 18:09:00,1781114940,951.06465324,978.95611653,950.52729767,967.3522121,
2026-06-10 18:10:00,1781115000,967.3522121,1008.55840152,965.74944587,1004.92044299,
2026-06-10 18:11:00,1781115060,1004.92044299,1010.07088626,969.25410497,970.33744164,
2026-06-10 18:12:00,1781115120,970.33744164,976.30744185,957.51580453,972.487906,
2026-06-10 18:13:00,1781115180,972.487906,1009.70385123,968.67942787,997.39661074,
2026-06-10 18:14:00,1781115240,997.39661074,997.39661074,978.58731431,983.67247709,
2026-06-10 18:15:00,1781115300,983.67247709,987.60965574,961.94513972,975.56873984,
2026-06-10 18:16:00,1781115360,975.56873984,981.43340437,961.76877887,974.28290058,
2026-06-10 18:17:00,1781115420,974.28290058,1023.61803192,974.28290058,1020.90949388,
2026-06-10 18:18:00,1781115480,1020.90949388,1024.45937125,1003.86903536,1008.85127194,
2026-06-10 18:19:00,1781115540,1008.85127194,1019.19681838,998.21009246,1007.70330045,
2026-06-10 18:20:00,1781115600,1007.70330045,1008.00547404,981.22125961,994.38609042,
2026-06-10 18:21:00,1781115660,994.38609042,1017.57500993,978.90445318,1016.84610355,
2026-06-10 18:22:00,1781115720,1016.84610355,1042.94797618,1016.38361232,1022.52083839,
2026-06-10 18:23:00,1781115780,1022.52083839,1022.52083839,982.50132239,989.08952812,
2026-06-10 18:24:00,1781115840,989.08952812,999.48798828,970.0817149,974.77271275,
2026-06-10 18:25:00,1781115900,974.77271275,1025.77529499,971.29859751,1023.49007545,
2026-06-10 18:26:00,1781115960,1023.49007545,1030.18090655,992.95358851,1005.40503144,
2026-06-10 18:27:00,1781116020,1005.40503144,1035.33680459,1005.40503144,1028.69706131,
2026-06-10 18:28:00,1781116080,1028.69706131,1028.69706131,998.60383747,1009.90136802,
2026-06-10 18:29:00,1781116140,1009.90136802,1015.71023504,942.86929036,944.57067803,
2026-06-10 18:30:00,1781116200,944.57067803,979.03120476,944.57067803,949.46169017,
2026-06-10 18:31:00,1781116260,949.46169017,985.35097544,949.11698932,982.29411479,
2026-06-10 18:32:00,1781116320,982.29411479,996.93758475,971.65819786,979.93668432,
2026-06-10 18:33:00,1781116380,979.93668432,994.59329196,964.56727365,994.08878197,
2026-06-10 18:34:00,1781116440,994.08878197,1012.59263809,978.22053221,983.00084727,
2026-06-10 18:35:00,1781116500,983.00084727,1042.07437597,982.95068941,1025.92279882,
2026-06-10 18:36:00,1781116560,1025.92279882,1037.54274163,1009.85107262,1036.94936179,
2026-06-10 18:37:00,1781116620,1036.94936179,1064.48802278,1036.03984417,1056.8615869,
2026-06-10 18:38:00,1781116680,1056.8615869,1063.21359203,1045.06029783,1048.57799921,
2026-06-10 18:39:00,1781116740,1048.57799921,1058.19601458,1038.21890494,1051.9332817,
2026-06-10 18:40:00,1781116800,1051.9332817,1060.28989089,1045.25242935,1055.50439633,
2026-06-10 18:41:00,1781116860,1055.50439633,1067.15487305,1046.12075452,1067.077527,
2026-06-10 18:42:00,1781116920,1067.077527,1067.077527,1038.63543272,1065.00864051,
2026-06-10 18:43:00,1781116980,1065.00864051,1076.1029671,1048.94078518,1076.1029671,
2026-06-10 18:44:00,1781117040,1076.1029671,1081.19336119,1058.90206287,1060.71104536,
2026-06-10 18:45:00,1781117100,1060.71104536,1074.27448569,1050.18519567,1063.99784001,
2026-06-10 18:46:00,1781117160,1063.99784001,1085.37209032,1057.21155306,1072.12847961,
2026-06-10 18:47:00,1781117220,1072.12847961,1076.68114154,1065.15374872,1071.23944382,
2026-06-10 18:48:00,1781117280,1071.23944382,1071.23944382,1029.57684099,1041.7770306,
2026-06-10 18:49:00,1781117340,1041.7770306,1050.58342285,1020.84966089,1046.60115063,
2026-06-10 18:50:00,1781117400,1046.60115063,1154.72790085,1045.22903877,1118.72973809,
2026-06-10 18:51:00,1781117460,1118.72973809,1118.72973809,1070.10714021,1079.25409152,
2026-06-10 18:52:00,1781117520,1079.25409152,1085.17840572,1063.50778253,1078.24341742,
2026-06-10 18:53:00,1781117580,1078.24341742,1078.99445239,1035.39479755,1043.81473381,
2026-06-10 18:54:00,1781117640,1043.81473381,1054.82070004,1016.47210783,1023.73363848,
2026-06-10 18:55:00,1781117700,1023.73363848,1061.74199081,1023.73363848,1057.54383339,
2026-06-10 18:56:00,1781117760,1057.54383339,1065.52970018,1033.46840631,1035.69754044,
2026-06-10 18:57:00,1781117820,1035.69754044,1035.69754044,983.92180249,987.58779298,
2026-06-10 18:58:00,1781117880,987.58779298,999.21871001,987.12471509,998.09607536,
2026-06-10 18:59:00,1781117940,998.09607536,1002.68828373,989.15028563,990.02060444,
2026-06-10 19:00:00,1781118000,990.02060444,999.21478591,977.58206783,996.48074134,
2026-06-10 19:01:00,1781118060,996.48074134,996.83958503,971.75512053,992.07269221,
2026-06-10 19:02:00,1781118120,992.07269221,1035.73588647,992.07269221,1005.15989358,
2026-06-10 19:03:00,1781118180,1005.15989358,1016.96691474,986.87515255,994.3881055,
2026-06-10 19:04:00,1781118240,994.3881055,1033.33560656,992.28296595,1018.99034079,
2026-06-10 19:05:00,1781118300,1018.99034079,1061.21514971,1018.93793801,1028.38474949,
2026-06-10 19:06:00,1781118360,1028.38474949,1039.03852306,998.33029374,1003.9295334,
2026-06-10 19:07:00,1781118420,1003.9295334,1003.98155333,964.53746447,966.42609075,
2026-06-10 19:08:00,1781118480,966.42609075,974.34129577,950.31650363,956.56162249,
2026-06-10 19:09:00,1781118540,956.56162249,974.20106593,956.56162249,960.66717264,
2026-06-10 19:10:00,1781118600,960.66717264,1001.07319273,959.0471904,988.01134114,
2026-06-10 19:11:00,1781118660,988.01134114,1030.44778381,985.8856021,1030.44778381,
2026-06-10 19:12:00,1781118720,1030.44778381,1052.64052504,1026.29485751,1026.81947988,
2026-06-10 19:13:00,1781118780,1026.81947988,1038.44133349,1014.29750617,1038.22844986,
2026-06-10 19:14:00,1781118840,1038.22844986,1058.88725688,1033.01752442,1049.89018018,
2026-06-10 19:15:00,1781118900,1049.89018018,1065.54239782,1017.38843511,1022.73557287,
2026-06-10 19:16:00,1781118960,1022.73557287,1026.03972218,1007.02761974,1017.99154603,
2026-06-10 19:17:00,1781119020,1017.99154603,1089.11941703,1014.10172953,1086.48101494,
2026-06-10 19:18:00,1781119080,1086.48101494,1091.24412634,1048.86977622,1050.94191157,
2026-06-10 19:19:00,1781119140,1050.94191157,1073.21652966,1038.77886453,1062.24046954,
2026-06-10 19:20:00,1781119200,1062.24046954,1073.1852429,1048.46416519,1070.76362746,
2026-06-10 19:21:00,1781119260,1070.76362746,1084.81665463,1060.06839389,1065.06756647,
2026-06-10 19:22:00,1781119320,1065.06756647,1071.15251064,1050.16470294,1067.2237825,
2026-06-10 19:23:00,1781119380,1067.2237825,1088.73702026,1067.2237825,1081.7732057,
2026-06-10 19:24:00,1781119440,1081.7732057,1081.7732057,1046.02550424,1046.02550424,
2026-06-10 19:25:00,1781119500,1046.02550424,1050.18982608,1008.05537053,1027.69773014,
2026-06-10 19:26:00,1781119560,1027.69773014,1066.18339533,1018.56755054,1064.06675144,
2026-06-10 19:27:00,1781119620,1064.06675144,1072.28780141,1052.61610555,1060.0023916,
2026-06-10 19:28:00,1781119680,1060.0023916,1063.72315929,1023.2894576,1035.31285725,
2026-06-10 19:29:00,1781119740,1035.31285725,1039.97081947,1018.87261526,1029.56497375,
2026-06-10 19:30:00,1781119800,1029.56497375,1031.24813386,990.42420815,998.2537568,
2026-06-10 19:31:00,1781119860,998.2537568,1003.9397254,972.69437903,1003.9397254,
2026-06-10 19:32:00,1781119920,1003.9397254,1006.45135095,981.15560611,985.29929533,
2026-06-10 19:33:00,1781119980,985.29929533,986.86414638,965.84126579,969.54805064,
2026-06-10 19:34:00,1781120040,969.54805064,970.2105467,941.14405016,943.87779089,
2026-06-10 19:35:00,1781120100,943.87779089,965.38667286,935.32327249,946.37949598,
2026-06-10 19:36:00,1781120160,946.37949598,972.84641482,946.37949598,963.34215395,
2026-06-10 19:37:00,1781120220,963.34215395,963.34215395,924.8960477,935.72137018,
2026-06-10 19:38:00,1781120280,935.72137018,938.38195995,914.50563471,917.66975252,
2026-06-10 19:39:00,1781120340,917.66975252,928.3083639,888.86518049,926.91847411,
2026-06-10 19:40:00,1781120400,926.91847411,947.04996258,907.04341138,932.10366131,
2026-06-10 19:41:00,1781120460,932.10366131,951.93512723,920.51310118,921.88559825,
2026-06-10 19:42:00,1781120520,921.88559825,932.01726503,917.31750093,928.88892556,
2026-06-10 19:43:00,1781120580,928.88892556,940.3129268,910.17627972,919.62520394,
2026-06-10 19:44:00,1781120640,919.62520394,922.75507248,908.68581982,912.50017963,
2026-06-10 19:45:00,1781120700,912.50017963,920.18354251,901.35473524,916.4841405,
2026-06-10 19:46:00,1781120760,916.4841405,960.20295048,916.48214946,925.26459189,
2026-06-10 19:47:00,1781120820,925.26459189,946.41982178,923.85942497,946.3656743,
2026-06-10 19:48:00,1781120880,946.3656743,970.64877751,942.86575619,968.58503846,
2026-06-10 19:49:00,1781120940,968.58503846,968.58503846,928.83497986,928.83497986,
2026-06-10 19:50:00,1781121000,928.83497986,1000.02137034,925.90215833,931.59551908,
2026-06-10 19:51:00,1781121060,931.59551908,962.78602169,931.54384,934.4181928,
2026-06-10 19:52:00,1781121120,934.4181928,945.46194577,925.15369277,941.0992197,
2026-06-10 19:53:00,1781121180,941.0992197,941.0992197,914.42917702,915.0665033,
2026-06-10 19:54:00,1781121240,915.0665033,958.53018127,911.61364225,938.17416953,
2026-06-10 19:55:00,1781121300,938.17416953,952.26519691,921.41551675,921.65620515,
2026-06-10 19:56:00,1781121360,921.65620515,927.19082027,900.06442282,912.92199977,
2026-06-10 19:57:00,1781121420,912.92199977,921.64215572,893.55878906,904.09507382,
2026-06-10 19:58:00,1781121480,904.09507382,926.70066065,904.09507382,906.10561135,
2026-06-10 19:59:00,1781121540,906.10561135,954.63239456,906.10362299,946.01578849,
2026-06-10 20:00:00,1781121600,946.01578849,975.75917389,942.42278025,970.30212299,
2026-06-10 20:01:00,1781121660,970.30212299,1020.26102447,970.30212299,1020.26102447,
2026-06-10 20:02:00,1781121720,1020.26102447,1024.66544166,976.73353201,990.90507698,
2026-06-10 20:03:00,1781121780,990.90507698,994.43752657,951.64522168,963.02307514,
2026-06-10 20:04:00,1781121840,963.02307514,1003.30995221,963.02307514,994.78897252,
2026-06-10 20:05:00,1781121900,994.78897252,1041.23705978,989.81193829,1018.92203644,
2026-06-10 20:06:00,1781121960,1018.92203644,1028.5565792,981.71295094,1024.7934638,
2026-06-10 20:07:00,1781122020,1024.7934638,1047.29174203,1024.7934638,1031.25890695,
2026-06-10 20:08:00,1781122080,1031.25890695,1031.25890695,1016.00991892,1030.3342109,
2026-06-10 20:09:00,1781122140,1030.3342109,1080.03246858,1030.3342109,1042.17418282,
2026-06-10 20:10:00,1781122200,1042.17418282,1047.80300029,1021.27535458,1021.27535458,
2026-06-10 20:11:00,1781122260,1021.27535458,1024.46791577,1008.53804855,1016.30965862,
2026-06-10 20:12:00,1781122320,1016.30965862,1019.41533426,1006.0527554,1015.43667455,
2026-06-10 20:13:00,1781122380,1015.43667455,1030.8465071,998.72638267,1013.73055749,
2026-06-10 20:14:00,1781122440,1013.73055749,1020.32033741,1004.86388165,1010.22666086,
2026-06-10 20:15:00,1781122500,1010.22666086,1015.99033988,989.80709191,1004.20633923,
2026-06-10 20:16:00,1781122560,1004.20633923,1036.34964182,997.22978412,1029.20730195,
2026-06-10 20:17:00,1781122620,1029.20730195,1051.45916166,1011.2589031,1017.91510367,
2026-06-10 20:18:00,1781122680,1017.91510367,1020.12693877,987.80144798,999.50273532,
2026-06-10 20:19:00,1781122740,999.50273532,1003.88729728,989.80023457,1003.41491619,
2026-06-10 20:20:00,1781122800,1003.41491619,1050.47372555,1003.41491619,1034.21677298,
2026-06-10 20:21:00,1781122860,1034.21677298,1039.59098925,1004.23742655,1033.81669623,
2026-06-10 20:22:00,1781122920,1033.81669623,1033.86607138,952.3837638,954.01144812,
2026-06-10 20:23:00,1781122980,954.01144812,984.14527621,935.76463115,980.65140931,
2026-06-10 20:24:00,1781123040,980.65140931,983.31542437,939.76063114,946.46147868,
2026-06-10 20:25:00,1781123100,946.46147868,955.48686933,940.89050524,946.89393128,
2026-06-10 20:26:00,1781123160,946.89393128,965.75584897,946.89393128,959.07092538,
2026-06-10 20:27:00,1781123220,959.07092538,969.94073163,957.44295139,962.96333614,
2026-06-10 20:28:00,1781123280,962.96333614,969.85559526,959.1979442,960.29744948,
2026-06-10 20:29:00,1781123340,960.29744948,962.72632545,952.44525522,954.69439393,
2026-06-10 20:30:00,1781123400,954.69439393,997.32987266,954.69240382,991.35014477,
2026-06-10 20:31:00,1781123460,991.35014477,994.73703654,979.49889016,989.68525044,
2026-06-10 20:32:00,1781123520,989.68525044,1007.21555069,972.04598634,977.49809489,
2026-06-10 20:33:00,1781123580,977.49809489,977.49809489,956.00859979,956.76369563,
2026-06-10 20:34:00,1781123640,956.76369563,958.64187831,944.86476152,953.06679163,
2026-06-10 20:35:00,1781123700,953.06679163,970.61860583,949.41326605,968.4508021,
2026-06-10 20:36:00,1781123760,968.4508021,977.5418861,965.44221564,976.71324056,
2026-06-10 20:37:00,1781123820,976.71324056,976.71324056,952.85336965,953.50904997,
2026-06-10 20:38:00,1781123880,953.50904997,974.71672935,947.97064858,974.2518647,
2026-06-10 20:39:00,1781123940,974.2518647,984.57837827,962.47827086,983.59372691,
2026-06-10 20:40:00,1781124000,983.59372691,990.79851923,978.33702904,983.02398883,
2026-06-10 20:41:00,1781124060,983.02398883,983.67110557,972.5012916,975.22330672,
2026-06-10 20:42:00,1781124120,975.22330672,991.95879231,975.22330672,990.65337895,
2026-06-10 20:43:00,1781124180,990.65337895,999.34525791,973.02389809,990.24413965,
2026-06-10 20:44:00,1781124240,990.24413965,1012.14266471,982.46774932,1011.51108933,
2026-06-10 20:45:00,1781124300,1011.51108933,1021.10208272,995.96007391,1021.04519365,
2026-06-10 20:46:00,1781124360,1021.04519365,1044.93946295,1020.94876748,1032.80205475,
2026-06-10 20:47:00,1781124420,1032.80205475,1046.66440612,1025.61621941,1026.85680048,
2026-06-10 20:48:00,1781124480,1026.85680048,1041.798179,1019.64049189,1021.6490229,
2026-06-10 20:49:00,1781124540,1021.6490229,1025.51183244,1010.84103306,1013.0682642,
2026-06-10 20:50:00,1781124600,1013.0682642,1046.62569831,995.7630719,1041.3840879,
2026-06-10 20:51:00,1781124660,1041.3840879,1063.4480549,1028.82816318,1029.51222334,
2026-06-10 20:52:00,1781124720,1029.51222334,1036.69688126,1021.21701282,1032.47238302,
2026-06-10 20:53:00,1781124780,1032.47238302,1065.56718278,1032.4703886,1054.40804508,
2026-06-10 20:54:00,1781124840,1054.40804508,1057.02088826,1028.35174241,1028.35174241,
2026-06-10 20:55:00,1781124900,1028.35174241,1063.24513494,1023.09211516,1063.24513494,
2026-06-10 20:56:00,1781124960,1063.24513494,1063.83014112,1050.07311825,1050.28883967,
2026-06-10 20:57:00,1781125020,1050.28883967,1061.00972584,1049.83517475,1055.47187489,
2026-06-10 20:58:00,1781125080,1055.47187489,1055.47187489,1007.38696539,1015.78720681,
2026-06-10 20:59:00,1781125140,1015.78720681,1019.9614875,1007.44900444,1011.92308628,
2026-06-10 21:00:00,1781125200,1011.92308628,1048.06528046,1011.86640627,1044.23968588,
2026-06-10 21:01:00,1781125260,1044.23968588,1044.23968588,1022.30911546,1024.49565197,
2026-06-10 21:02:00,1781125320,1024.49565197,1037.54231889,1018.62435797,1036.9529526,
2026-06-10 21:03:00,1781125380,1036.9529526,1037.160988,1018.58425788,1024.77429197,
2026-06-10 21:04:00,1781125440,1024.77429197,1043.00541247,1024.29123054,1042.68124435,
2026-06-10 21:05:00,1781125500,1042.68124435,1091.98102813,1042.6792474,1082.09748845,
2026-06-10 21:06:00,1781125560,1082.09748845,1090.00587625,1060.21235493,1089.72996128,
2026-06-10 21:07:00,1781125620,1089.72996128,1099.8776336,1081.10564452,1098.61673645,
2026-06-10 21:08:00,1781125680,1098.61673645,1109.13808078,1094.95868863,1105.15721189,
2026-06-10 21:09:00,1781125740,1105.15721189,1113.05132813,1095.58232939,1111.08741462,
2026-06-10 21:10:00,1781125800,1111.08741462,1169.64612963,1108.13983696,1141.19736177,
2026-06-10 21:11:00,1781125860,1141.19736177,1173.6189708,1134.15370864,1170.76417649,
2026-06-10 21:12:00,1781125920,1170.76417649,1185.22599427,1145.06586775,1185.11026239,
2026-06-10 21:13:00,1781125980,1185.11026239,1185.16812747,1158.68671815,1159.19881193,
2026-06-10 21:14:00,1781126040,1159.19881193,1174.28087687,1158.33503578,1160.62431079,
2026-06-10 21:15:00,1781126100,1160.62431079,1160.62431079,1115.24854729,1117.90782324,
2026-06-10 21:16:00,1781126160,1117.90782324,1117.90782324,1093.06599317,1093.91947721,
2026-06-10 21:17:00,1781126220,1093.91947721,1103.30112983,1076.02978385,1098.43211243,
2026-06-10 21:18:00,1781126280,1098.43211243,1154.49955357,1098.26445507,1139.86523955,
2026-06-10 21:19:00,1781126340,1139.86523955,1144.16135381,1102.03347224,1116.78447733,
2026-06-10 21:20:00,1781126400,1116.78447733,1145.39580568,1116.78447733,1127.27638698,
2026-06-10 21:21:00,1781126460,1127.27638698,1150.72666776,1126.48356999,1141.69770322,
2026-06-10 21:22:00,1781126520,1141.69770322,1142.93835894,1108.26369,1108.52005401,
2026-06-10 21:23:00,1781126580,1108.52005401,1134.33302035,1096.20627577,1130.72648381,
2026-06-10 21:24:00,1781126640,1130.72648381,1171.04508118,1128.31264378,1166.09936699,
2026-06-10 21:25:00,1781126700,1166.09936699,1168.95666452,1139.0243693,1140.02061332,
2026-06-10 21:26:00,1781126760,1140.02061332,1147.15100607,1136.94559905,1140.20265973,
2026-06-10 21:27:00,1781126820,1140.20265973,1142.63793577,1116.91536339,1141.78075558,
2026-06-10 21:28:00,1781126880,1141.78075558,1144.44034978,1123.74888246,1144.44034978,
2026-06-10 21:29:00,1781126940,1144.44034978,1147.40075299,1130.21652455,1143.14798671,
2026-06-10 21:30:00,1781127000,1143.14798671,1147.0818468,1093.68934958,1106.83229288,
2026-06-10 21:31:00,1781127060,1106.83229288,1107.84582848,1096.50016633,1100.46662513,
2026-06-10 21:32:00,1781127120,1100.46662513,1107.14309219,1073.70066593,1079.53269392,
2026-06-10 21:33:00,1781127180,1079.53269392,1083.03270228,1062.29596662,1062.29596662,
2026-06-10 21:34:00,1781127240,1062.29596662,1084.61137153,1058.43197996,1070.30887778,
2026-06-10 21:35:00,1781127300,1070.30887778,1106.94434827,1063.15923593,1095.23476876,
2026-06-10 21:36:00,1781127360,1095.23476876,1106.53773471,1089.56009583,1092.74873637,
2026-06-10 21:37:00,1781127420,1092.74873637,1102.39148889,1089.44793485,1089.50308857,
2026-06-10 21:38:00,1781127480,1089.50308857,1104.65755552,1088.05349606,1092.77823767,
2026-06-10 21:39:00,1781127540,1092.77823767,1121.05890934,1092.72098429,1121.05690919,
2026-06-10 21:40:00,1781127600,1121.05690919,1124.53653579,1107.44627846,1107.44627846,
2026-06-10 21:41:00,1781127660,1107.44627846,1107.7856841,1098.45494234,1098.896082,
2026-06-10 21:42:00,1781127720,1098.896082,1108.87750124,1097.02540336,1097.06831369,
2026-06-10 21:43:00,1781127780,1097.06831369,1100.89869038,1076.91953477,1093.89592479,
2026-06-10 21:44:00,1781127840,1093.89592479,1094.83083293,1075.41031992,1076.14063178,
2026-06-10 21:45:00,1781127900,1076.14063178,1097.15836715,1071.60402204,1097.15836715,
2026-06-10 21:46:00,1781127960,1097.15836715,1101.61513334,1078.97306428,1081.00000696,
2026-06-10 21:47:00,1781128020,1081.00000696,1097.52941946,1080.94307452,1081.78613762,
2026-06-10 21:48:00,1781128080,1081.78613762,1081.78613762,1069.12496294,1073.59999481,
2026-06-10 21:49:00,1781128140,1073.59999481,1204.26985224,1073.59999481,1198.57478841,
2026-06-10 21:50:00,1781128200,1198.57478841,1352.01952866,1198.57478841,1258.31685203,
2026-06-10 21:51:00,1781128260,1258.31685203,1355.82626881,1258.31685203,1350.89448633,
2026-06-10 21:52:00,1781128320,1350.89448633,1357.24872051,1313.80033673,1338.71225479,
2026-06-10 21:53:00,1781128380,1338.71225479,1358.34335221,1305.10146106,1354.52011621,
2026-06-10 21:54:00,1781128440,1354.52011621,1354.52011621,1328.78234322,1343.60450538,
2026-06-10 21:55:00,1781128500,1343.60450538,1356.38637362,1319.40194533,1342.84100163,
2026-06-10 21:56:00,1781128560,1342.84100163,1344.76798332,1307.55671201,1307.55671201,
2026-06-10 21:57:00,1781128620,1307.55671201,1372.54932719,1298.59809912,1367.45457938,
2026-06-10 21:58:00,1781128680,1367.45457938,1388.12915873,1319.72124741,1319.72124741,
2026-06-10 21:59:00,1781128740,1319.72124741,1322.43102525,1271.76755894,1279.21066949,
2026-06-10 22:00:00,1781128800,1279.21066949,1364.01405274,1272.65823745,1330.1791747,
2026-06-10 22:01:00,1781128860,1330.1791747,1361.31827267,1319.90645568,1359.68408293,
2026-06-10 22:02:00,1781128920,1359.68408293,1387.00768673,1342.07805147,1387.00768673,
2026-06-10 22:03:00,1781128980,1387.00768673,1394.10185913,1339.26984449,1352.87587916,
2026-06-10 22:04:00,1781129040,1352.87587916,1403.08415448,1352.87587916,1396.07256369,
2026-06-10 22:05:00,1781129100,1396.07256369,1400.13625726,1354.90420723,1392.28461779,
2026-06-10 22:06:00,1781129160,1392.28461779,1400.90394311,1344.72031098,1355.88294258,
2026-06-10 22:07:00,1781129220,1355.88294258,1366.34815189,1340.39980239,1344.91202244,
2026-06-10 22:08:00,1781129280,1344.91202244,1356.75801186,1334.6796341,1335.99585174,
2026-06-10 22:09:00,1781129340,1335.99585174,1347.300893,1334.35828203,1341.94851557,
2026-06-10 22:10:00,1781129400,1341.94851557,1342.1326348,1306.36109,1316.54559813,
2026-06-10 22:11:00,1781129460,1316.54559813,1372.1839053,1308.18642798,1372.1839053,
2026-06-10 22:12:00,1781129520,1372.1839053,1383.06981907,1326.26987503,1349.80767076,
2026-06-10 22:13:00,1781129580,1349.80767076,1384.09309962,1343.75390077,1372.66812395,
2026-06-10 22:14:00,1781129640,1372.66812395,1380.61067355,1362.35420081,1364.23131644,
2026-06-10 22:15:00,1781129700,1364.23131644,1420.50787359,1364.23131644,1414.39839837,
2026-06-10 22:16:00,1781129760,1414.39839837,1427.12294013,1396.03275113,1413.74841637,
2026-06-10 22:17:00,1781129820,1413.74841637,1448.44568675,1410.02959593,1442.1011263,
2026-06-10 22:18:00,1781129880,1442.1011263,1445.76019988,1418.39048947,1425.12761969,
2026-06-10 22:19:00,1781129940,1425.12761969,1444.45202976,1360.39399571,1443.43261538,
2026-06-10 22:20:00,1781130000,1443.43261538,1462.64879874,1426.55955483,1441.04633511,
2026-06-10 22:21:00,1781130060,1441.04633511,1441.04633511,1348.91823909,1362.62707537,
2026-06-10 22:22:00,1781130120,1362.62707537,1401.68689902,1356.30719876,1393.56793117,
2026-06-10 22:23:00,1781130180,1393.56793117,1410.39317371,1380.53861257,1381.64901497,
2026-06-10 22:24:00,1781130240,1381.64901497,1418.78289106,1356.15795726,1358.61514869,
2026-06-10 22:25:00,1781130300,1358.61514869,1380.43079224,1319.82283631,1322.95383041,
2026-06-10 22:26:00,1781130360,1322.95383041,1367.7240355,1322.95383041,1356.62765829,
2026-06-10 22:27:00,1781130420,1356.62765829,1371.82741634,1326.43207266,1334.232371,
2026-06-10 22:28:00,1781130480,1334.232371,1341.77414046,1311.54805879,1341.77414046,
2026-06-10 22:29:00,1781130540,1341.77414046,1385.77298329,1341.77209042,1368.23299633,
2026-06-10 22:30:00,1781130600,1368.23299633,1376.68452953,1291.14359393,1307.68493694,
2026-06-10 22:31:00,1781130660,1307.68493694,1308.77263183,1260.33204979,1268.02348325,
2026-06-10 22:32:00,1781130720,1268.02348325,1290.04971471,1254.53950467,1280.99513949,
2026-06-10 22:33:00,1781130780,1280.99513949,1287.99849886,1272.56272893,1286.80040223,
2026-06-10 22:34:00,1781130840,1286.80040223,1343.45329673,1282.69132178,1333.43906241,
2026-06-10 22:35:00,1781130900,1333.43906241,1334.47065235,1280.8530903,1282.35419012,
2026-06-10 22:36:00,1781130960,1282.35419012,1331.48552031,1282.11620104,1319.34713229,
2026-06-10 22:37:00,1781131020,1319.34713229,1328.64022018,1277.30222861,1294.55320752,
2026-06-10 22:38:00,1781131080,1294.55320752,1309.82794547,1270.92308281,1274.8907455,
2026-06-10 22:39:00,1781131140,1274.8907455,1293.34661311,1274.8907455,1284.44873446,
2026-06-10 22:40:00,1781131200,1284.44873446,1293.53211799,1246.23938465,1252.74170155,
2026-06-10 22:41:00,1781131260,1252.74170155,1274.13346411,1252.62430636,1263.83349472,
2026-06-10 22:42:00,1781131320,1263.83349472,1265.24534836,1216.19924856,1216.46632779,
2026-06-10 22:43:00,1781131380,1216.46632779,1216.52198778,1167.85379626,1182.24206839,
2026-06-10 22:44:00,1781131440,1182.24206839,1225.87960101,1170.68241202,1184.89879714,
2026-06-10 22:45:00,1781131500,1184.89879714,1243.95144593,1179.91356468,1226.70366506,
2026-06-10 22:46:00,1781131560,1226.70366506,1242.7014597,1205.5038521,1207.05295413,
2026-06-10 22:47:00,1781131620,1207.05295413,1243.04127386,1207.05295413,1241.60149863,
2026-06-10 22:48:00,1781131680,1241.60149863,1261.98872323,1214.72968102,1231.39906323,
2026-06-10 22:49:00,1781131740,1231.39906323,1265.70215195,1231.39906323,1249.73795456,
2026-06-10 22:50:00,1781131800,1249.73795456,1251.85357141,1217.21654686,1240.71998405,
2026-06-10 22:51:00,1781131860,1240.71998405,1247.72182844,1223.02736373,1242.0974276,
2026-06-10 22:52:00,1781131920,1242.0974276,1245.57458642,1214.6090183,1234.53346537,
2026-06-10 22:53:00,1781131980,1234.53346537,1279.60648743,1234.47084482,1245.67958414,
2026-06-10 22:54:00,1781132040,1245.67958414,1247.89038942,1233.37523289,1234.85014592,
2026-06-10 22:55:00,1781132100,1234.85014592,1251.70262269,1219.27422555,1247.88565495,
2026-06-10 22:56:00,1781132160,1247.88565495,1253.45188991,1243.69527319,1246.85405147,
2026-06-10 22:57:00,1781132220,1246.85405147,1257.02120235,1241.21765273,1241.21765273,
2026-06-10 22:58:00,1781132280,1241.21765273,1258.206679,1239.10141245,1253.63954314,
2026-06-10 22:59:00,1781132340,1253.63954314,1283.40785165,1253.63748875,1272.53583386,
2026-06-10 23:00:00,1781132400,1272.53583386,1321.02400946,1271.45780585,1311.23632014,
2026-06-10 23:01:00,1781132460,1311.23632014,1311.29708138,1283.1692219,1294.59586204,
2026-06-10 23:02:00,1781132520,1294.59586204,1308.14092756,1276.3152919,1290.66748082,
2026-06-10 23:03:00,1781132580,1290.66748082,1294.60308159,1273.74397373,1287.63718299,
2026-06-10 23:04:00,1781132640,1287.63718299,1296.34876805,1278.1752031,1285.53241795,
2026-06-10 23:05:00,1781132700,1285.53241795,1296.6959742,1275.79386261,1287.69146903,
2026-06-10 23:06:00,1781132760,1287.69146903,1294.72928191,1282.46646953,1288.00681986,
2026-06-10 23:07:00,1781132820,1288.00681986,1306.38114939,1279.63114859,1281.76683006,
2026-06-10 23:08:00,1781132880,1281.76683006,1308.54116474,1281.52221422,1308.04190762,
2026-06-10 23:09:00,1781132940,1308.04190762,1360.12647077,1291.83937869,1347.06818139,
2026-06-10 23:10:00,1781133000,1347.06818139,1374.14495087,1346.88033957,1359.68779438,
2026-06-10 23:11:00,1781133060,1359.68779438,1386.79655241,1357.06805071,1362.43599478,
2026-06-10 23:12:00,1781133120,1362.43599478,1386.17364874,1352.6967278,1370.76139627,
2026-06-10 23:13:00,1781133180,1370.76139627,1381.53753019,1360.49748375,1376.63515514,
2026-06-10 23:14:00,1781133240,1376.63515514,1383.64645027,1371.04281357,1376.93133297,
2026-06-10 23:15:00,1781133300,1376.93133297,1405.95986957,1372.69708457,1388.09217048,
2026-06-10 23:16:00,1781133360,1388.09217048,1409.07352523,1384.00868793,1384.68583851,
2026-06-10 23:17:00,1781133420,1384.68583851,1388.44973306,1349.34005366,1354.71463487,
2026-06-10 23:18:00,1781133480,1354.71463487,1354.71463487,1322.7280714,1345.75800117,
2026-06-10 23:19:00,1781133540,1345.75800117,1352.33246495,1265.99605662,1287.133149,
2026-06-10 23:20:00,1781133600,1287.133149,1301.13952685,1210.25290931,1217.56576918,
2026-06-10 23:21:00,1781133660,1217.56576918,1239.27939728,1207.57996634,1220.11091275,
2026-06-10 23:22:00,1781133720,1220.11091275,1234.90843528,1205.42066154,1214.5578672,
2026-06-10 23:23:00,1781133780,1214.5578672,1217.04356564,1200.600738,1207.16898272,
2026-06-10 23:24:00,1781133840,1207.16898272,1240.80460802,1202.88765959,1227.83169064,
2026-06-10 23:25:00,1781133900,1227.83169064,1236.73772432,1188.88861783,1234.56661468,
2026-06-10 23:26:00,1781133960,1234.56661468,1243.44131939,1211.04593323,1219.40804371,
2026-06-10 23:27:00,1781134020,1219.40804371,1224.85176287,1196.89476849,1199.41195665,
2026-06-10 23:28:00,1781134080,1199.41195665,1213.18263829,1192.40873027,1192.40873027,
2026-06-10 23:29:00,1781134140,1192.40873027,1194.32153412,1160.09195023,1175.30711023,
2026-06-10 23:30:00,1781134200,1175.30711023,1179.28688129,1159.76918584,1169.5875222,
2026-06-10 23:31:00,1781134260,1169.5875222,1217.35772451,1169.5875222,1207.00604969,
2026-06-10 23:32:00,1781134320,1207.00604969,1226.15383416,1182.99527339,1188.31282582,
2026-06-10 23:33:00,1781134380,1188.31282582,1220.85880207,1181.84660699,1217.47285628,
2026-06-10 23:34:00,1781134440,1217.47285628,1219.54808254,1201.18705688,1201.18705688,
2026-06-10 23:35:00,1781134500,1201.18705688,1201.18705688,1169.00256195,1183.04469373,
2026-06-10 23:36:00,1781134560,1183.04469373,1183.04469373,1155.60554345,1177.75540377,
2026-06-10 23:37:00,1781134620,1177.75540377,1183.06719482,1177.67850496,1180.17718276,
2026-06-10 23:38:00,1781134680,1180.17718276,1200.46752749,1180.11798539,1192.29648854,
2026-06-10 23:39:00,1781134740,1192.29648854,1207.52130048,1190.43271265,1203.09121713,
2026-06-10 23:40:00,1781134800,1203.09121713,1214.86183949,1180.53617843,1180.87538765,
2026-06-10 23:41:00,1781134860,1180.87538765,1182.38120973,1157.31241006,1162.78356138,
2026-06-10 23:42:00,1781134920,1162.78356138,1163.40573779,1135.92374099,1152.47391466,
2026-06-10 23:43:00,1781134980,1152.47391466,1162.78414065,1146.40859338,1161.1836754,
2026-06-10 23:44:00,1781135040,1161.1836754,1177.91419399,1161.12704687,1173.96649775,
2026-06-10 23:45:00,1781135100,1173.96649775,1203.79282605,1171.71959048,1178.81075125,
2026-06-10 23:46:00,1781135160,1178.81075125,1190.38333881,1176.63276606,1185.54356216,
2026-06-10 23:47:00,1781135220,1185.54356216,1195.75199969,1173.71363471,1173.77080479,
2026-06-10 23:48:00,1781135280,1173.77080479,1192.4965072,1166.9356097,1192.4965072,
2026-06-10 23:49:00,1781135340,1192.4965072,1205.8219202,1191.91707937,1202.68704544,
2026-06-10 23:50:00,1781135400,1202.68704544,1210.98157965,1191.98755837,1199.20022374,
2026-06-10 23:51:00,1781135460,1199.20022374,1199.20022374,1178.0487342,1186.01983188,
2026-06-10 23:52:00,1781135520,1186.01983188,1186.01983188,1161.2245582,1164.77730632,
2026-06-10 23:53:00,1781135580,1164.77730632,1165.78599781,1143.54393302,1160.54830638,
2026-06-10 23:54:00,1781135640,1160.54830638,1185.87223858,1160.54830638,1169.95475511,
2026-06-10 23:55:00,1781135700,1169.95475511,1174.84562761,1164.75718496,1172.69242028,
2026-06-10 23:56:00,1781135760,1172.69242028,1186.64795553,1170.91344574,1180.10625054,
2026-06-10 23:57:00,1781135820,1180.10625054,1192.91944728,1178.98491883,1191.08200478,
2026-06-10 23:58:00,1781135880,1191.08200478,1192.17281971,1184.06072935,1186.57807165,
2026-06-10 23:59:00,1781135940,1186.57807165,1190.2259115,1171.72718856,1188.72197446,
2026-06-11 00:00:00,1781136000,1188.72197446,1188.72197446,1145.78734129,1148.61285075,
2026-06-11 00:01:00,1781136060,1148.61285075,1154.37216115,1125.49919765,1128.5701129,
2026-06-11 00:02:00,1781136120,1128.5701129,1130.29632515,1104.71980522,1124.12706528,
2026-06-11 00:03:00,1781136180,1124.12706528,1134.44562758,1118.24944945,1132.36095882,
2026-06-11 00:04:00,1781136240,1132.36095882,1155.56944479,1111.53375944,1149.14299522,
2026-06-11 00:05:00,1781136300,1149.14299522,1150.33004459,1109.39951157,1112.57287538,
2026-06-11 00:06:00,1781136360,1112.57287538,1137.15180362,1104.21501065,1112.28303688,
2026-06-11 00:07:00,1781136420,1112.28303688,1112.50315529,1087.39165035,1098.60659002,
2026-06-11 00:08:00,1781136480,1098.60659002,1132.41037891,1098.60659002,1116.95682262,
2026-06-11 00:09:00,1781136540,1116.95682262,1147.61896202,1116.95682262,1126.89194941,
2026-06-11 00:10:00,1781136600,1126.89194941,1137.62503191,1111.5740828,1127.66449331,
2026-06-11 00:11:00,1781136660,1127.66449331,1128.06697457,1098.46380961,1098.46380961,
2026-06-11 00:12:00,1781136720,1098.46380961,1120.27512338,1098.22884527,1098.66456207,
2026-06-11 00:13:00,1781136780,1098.66456207,1099.48237646,1076.45336597,1089.09872114,
2026-06-11 00:14:00,1781136840,1089.09872114,1097.67211442,1076.67293628,1082.01810878,
2026-06-11 00:15:00,1781136900,1082.01810878,1082.01810878,1025.68555574,1030.23796876,
2026-06-11 00:16:00,1781136960,1030.23796876,1035.87016753,991.24336123,1003.88374831,
2026-06-11 00:17:00,1781137020,1003.88374831,1004.97942724,928.75981905,930.60534137,
2026-06-11 00:18:00,1781137080,930.60534137,1009.46542098,930.60534137,995.93954593,
2026-06-11 00:19:00,1781137140,995.93954593,996.6639508,947.51252927,957.02443221,
2026-06-11 00:20:00,1781137200,957.02443221,960.28759346,930.11779616,940.32761136,
2026-06-11 00:21:00,1781137260,940.32761136,951.52843405,923.1375625,935.53922348,
2026-06-11 00:22:00,1781137320,935.53922348,975.66697269,934.48873536,972.22920008,
2026-06-11 00:23:00,1781137380,972.22920008,1005.76608278,971.92229172,991.5120799,
2026-06-11 00:24:00,1781137440,991.5120799,1012.65258184,983.46904834,983.46904834,
2026-06-11 00:25:00,1781137500,983.46904834,1001.21939492,979.67683168,983.67263291,
2026-06-11 00:26:00,1781137560,983.67263291,993.80009393,977.30978571,978.62811462,
2026-06-11 00:27:00,1781137620,978.62811462,1010.35006643,974.51402264,1005.73839291,
2026-06-11 00:28:00,1781137680,1005.73839291,1013.87343188,970.04054276,970.04054276,
2026-06-11 00:29:00,1781137740,970.04054276,979.60333226,967.27051008,967.52644377,
2026-06-11 00:30:00,1781137800,967.52644377,984.66916513,961.9393254,982.43251529,
2026-06-11 00:31:00,1781137860,982.43251529,995.99516462,975.75045601,976.89520812,
2026-06-11 00:32:00,1781137920,976.89520812,980.89178233,967.65941951,972.80124871,
2026-06-11 00:33:00,1781137980,972.80124871,992.63711534,961.76825559,978.34058314,
2026-06-11 00:34:00,1781138040,978.34058314,1002.67531645,966.40517526,1002.67531645,
2026-06-11 00:35:00,1781138100,1002.67531645,1008.72876106,982.02343879,982.17865068,
2026-06-11 00:36:00,1781138160,982.17865068,1023.51371337,981.62122123,1018.90614116,
2026-06-11 00:37:00,1781138220,1018.90614116,1021.99224964,990.91973324,992.09683083,
2026-06-11 00:38:00,1781138280,992.09683083,1015.53824691,988.79961389,1011.04643812,
2026-06-11 00:39:00,1781138340,1011.04643812,1027.59388797,1010.46454475,1015.88696864,
2026-06-11 00:40:00,1781138400,1015.88696864,1020.05611402,1010.6878766,1014.68822056,
2026-06-11 00:41:00,1781138460,1014.68822056,1019.39116091,991.42842442,992.41586796,
2026-06-11 00:42:00,1781138520,992.41586796,992.41586796,962.26601327,969.51805316,
2026-06-11 00:43:00,1781138580,969.51805316,991.51657537,961.36205345,991.36031784,
2026-06-11 00:44:00,1781138640,991.36031784,1023.97598963,991.35819415,1022.40529298,
2026-06-11 00:45:00,1781138700,1022.40529298,1022.40529298,976.08014591,982.27225988,
2026-06-11 00:46:00,1781138760,982.27225988,988.42865313,950.35619528,951.16616614,
2026-06-11 00:47:00,1781138820,951.16616614,978.79192497,940.18614426,976.86280069,
2026-06-11 00:48:00,1781138880,976.86280069,978.73329643,951.12872945,951.1495553,
2026-06-11 00:49:00,1781138940,951.1495553,962.9605827,951.1495553,955.34683194,
2026-06-11 00:50:00,1781139000,955.34683194,969.60521874,955.29381328,963.85933111,
2026-06-11 00:51:00,1781139060,963.85933111,984.39017615,959.94638771,971.22286938,
2026-06-11 00:52:00,1781139120,971.22286938,971.22286938,944.59564873,954.84049127,
2026-06-11 00:53:00,1781139180,954.84049127,974.7756868,953.510309,974.30741975,
2026-06-11 00:54:00,1781139240,974.30741975,1006.52673579,974.30741975,998.1180632,
2026-06-11 00:55:00,1781139300,998.1180632,1004.97390988,978.83845782,985.0440726,
2026-06-11 00:56:00,1781139360,985.0440726,999.46940032,985.04194707,995.4378858,
2026-06-11 00:57:00,1781139420,995.4378858,997.84235922,989.43962084,990.41460267,
2026-06-11 00:58:00,1781139480,990.41460267,992.14113128,976.03887914,979.7079433,
2026-06-11 00:59:00,1781139540,979.7079433,1004.23893254,966.82363199,1004.23893254,
2026-06-11 01:00:00,1781139600,1004.23893254,1004.70986192,977.90469553,995.29597623,
2026-06-11 01:01:00,1781139660,995.29597623,995.3554965,947.54459813,948.24801209,
2026-06-11 01:02:00,1781139720,948.24801209,955.60613463,937.43760681,954.83759648,
2026-06-11 01:03:00,1781139780,954.83759648,962.68496915,946.01958148,955.98837352,
2026-06-11 01:04:00,1781139840,955.98837352,958.3746695,909.62329571,925.30981118,
2026-06-11 01:05:00,1781139900,925.30981118,939.88467747,901.48213243,909.25658087,
2026-06-11 01:06:00,1781139960,909.25658087,927.49878272,902.71803696,927.49878272,
2026-06-11 01:07:00,1781140020,927.49878272,953.19723655,927.49878272,937.49731375,
2026-06-11 01:08:00,1781140080,937.49731375,946.14160924,925.88192504,926.175704,
2026-06-11 01:09:00,1781140140,926.175704,950.77241858,922.19612789,946.85197987,
2026-06-11 01:10:00,1781140200,946.85197987,946.85197987,917.4534205,920.76784369,
2026-06-11 01:11:00,1781140260,920.76784369,924.1722828,911.65555603,917.74726988,
2026-06-11 01:12:00,1781140320,917.74726988,921.19401331,898.0405171,904.13413372,
2026-06-11 01:13:00,1781140380,904.13413372,910.62784032,853.99780537,857.84711152,
2026-06-11 01:14:00,1781140440,857.84711152,886.8748322,845.56583946,886.53225716,
2026-06-11 01:15:00,1781140500,886.53225716,900.50614599,862.116529,884.81536753,
2026-06-11 01:16:00,1781140560,884.81536753,888.84954071,820.33642468,828.31507202,
2026-06-11 01:17:00,1781140620,828.31507202,867.05659954,826.36769028,851.52047163,
2026-06-11 01:18:00,1781140680,851.52047163,862.34270784,842.01523881,848.21395388,
2026-06-11 01:19:00,1781140740,848.21395388,848.21395388,803.02118162,809.53061106,
2026-06-11 01:20:00,1781140800,809.53061106,845.60160652,808.84313423,843.49549107,
2026-06-11 01:21:00,1781140860,843.49549107,845.72070944,817.63900808,823.28828594,
2026-06-11 01:22:00,1781140920,823.28828594,853.92681329,816.5411558,842.74508922,
2026-06-11 01:23:00,1781140980,842.74508922,843.16567676,816.67252262,816.94653191,
2026-06-11 01:24:00,1781141040,816.94653191,827.35295697,810.6990249,822.36594676,
2026-06-11 01:25:00,1781141100,822.36594676,830.81457182,813.33258298,818.88370748,
2026-06-11 01:26:00,1781141160,818.88370748,831.16634055,796.89961864,830.08820103,
2026-06-11 01:27:00,1781141220,830.08820103,850.65813195,827.53877202,827.70353275,
2026-06-11 01:28:00,1781141280,827.70353275,835.02626634,822.9495605,834.59455346,
2026-06-11 01:29:00,1781141340,834.59455346,843.47922346,822.21536645,823.00368667,
2026-06-11 01:30:00,1781141400,823.00368667,827.13847389,810.94122858,825.86155661,
2026-06-11 01:31:00,1781141460,825.86155661,851.79157039,825.86155661,849.90147609,
2026-06-11 01:32:00,1781141520,849.90147609,849.90147609,811.1385394,811.18214177,
2026-06-11 01:33:00,1781141580,811.18214177,842.2142072,810.12599057,837.09693723,
2026-06-11 01:34:00,1781141640,837.09693723,840.46108591,818.59958075,819.48551869,
2026-06-11 01:35:00,1781141700,819.48551869,842.54120294,819.48121333,833.81656206,
2026-06-11 01:36:00,1781141760,833.81656206,858.28499621,833.81440327,858.111183,
2026-06-11 01:37:00,1781141820,858.111183,862.89062411,845.65125996,852.40718293,
2026-06-11 01:38:00,1781141880,852.40718293,852.40718293,777.5304898,777.5304898,
2026-06-11 01:39:00,1781141940,777.5304898,797.81378111,773.98114263,784.25320408,
2026-06-11 01:40:00,1781142000,784.25320408,800.00193938,784.25320408,799.45715726,
2026-06-11 01:41:00,1781142060,799.45715726,799.45715726,736.66229286,739.55239539,
2026-06-11 01:42:00,1781142120,739.55239539,776.30187607,739.55239539,771.15803162,
2026-06-11 01:43:00,1781142180,771.15803162,777.57954874,759.49301525,767.0131521,
2026-06-11 01:44:00,1781142240,767.0131521,795.50945476,767.0131521,788.26610744,
2026-06-11 01:45:00,1781142300,788.26610744,796.32160389,785.22660583,796.22924158,
2026-06-11 01:46:00,1781142360,796.22924158,798.57458343,769.29333985,770.14334685,
2026-06-11 01:47:00,1781142420,770.14334685,783.96762034,766.29092601,782.67137332,
2026-06-11 01:48:00,1781142480,782.67137332,797.32792854,777.68537548,797.32792854,
2026-06-11 01:49:00,1781142540,797.32792854,798.32251566,770.35285205,778.23386456,
2026-06-11 01:50:00,1781142600,778.23386456,807.04637925,778.14272006,795.06363826,
2026-06-11 01:51:00,1781142660,795.06363826,795.24421934,771.8601213,776.28842788,
2026-06-11 01:52:00,1781142720,776.28842788,787.02145608,765.14811285,785.00551592,
2026-06-11 01:53:00,1781142780,785.00551592,788.04048108,775.39145689,782.06700618,
2026-06-11 01:54:00,1781142840,782.06700618,800.56965198,775.95199246,799.95796893,
2026-06-11 01:55:00,1781142900,799.95796893,821.01919795,799.86498714,816.97983464,
2026-06-11 01:56:00,1781142960,816.97983464,818.90284862,800.62660528,801.56832071,
2026-06-11 01:57:00,1781143020,801.56832071,804.09964382,791.08999488,794.23635201,
2026-06-11 01:58:00,1781143080,794.23635201,798.9669576,787.49341105,789.79184511,
2026-06-11 01:59:00,1781143140,789.79184511,804.92770406,777.20635373,804.21193797,
2026-06-11 02:00:00,1781143200,804.21193797,804.21193797,790.65952742,796.55170586,
2026-06-11 02:01:00,1781143260,796.55170586,814.52737749,786.69040095,786.69040095,
2026-06-11 02:02:00,1781143320,786.69040095,801.64184445,770.14262746,801.54868526,
2026-06-11 02:03:00,1781143380,801.54868526,810.88652036,791.70682921,793.50365614,
2026-06-11 02:04:00,1781143440,793.50365614,795.84922278,771.99405527,775.78168321,
2026-06-11 02:05:00,1781143500,775.78168321,800.69854312,772.11226401,796.44211478,
2026-06-11 02:06:00,1781143560,796.44211478,815.66695533,789.61239776,814.05407785,
2026-06-11 02:07:00,1781143620,814.05407785,824.34071592,812.08109503,821.62644789,
2026-06-11 02:08:00,1781143680,821.62644789,828.69165837,814.80427878,828.25940141,
2026-06-11 02:09:00,1781143740,828.25940141,830.95917314,818.89979055,819.31810369,
2026-06-11 02:10:00,1781143800,819.31810369,833.27682591,819.26270144,830.4622781,
2026-06-11 02:11:00,1781143860,830.4622781,841.25507434,827.81284744,840.73014626,
2026-06-11 02:12:00,1781143920,840.73014626,847.23366251,828.27395829,831.64651084,
2026-06-11 02:13:00,1781143980,831.64651084,832.18574472,816.47945948,822.84027187,
2026-06-11 02:14:00,1781144040,822.84027187,829.25598277,809.23574428,815.25271643,
2026-06-11 02:15:00,1781144100,815.25271643,815.35543368,801.8167194,809.29676717,
2026-06-11 02:16:00,1781144160,809.29676717,830.04402823,789.30793294,790.80171405,
2026-06-11 02:17:00,1781144220,790.80171405,796.19707859,772.75703328,774.17287178,
2026-06-11 02:18:00,1781144280,774.17287178,777.17772204,754.2405624,766.1746708,
2026-06-11 02:19:00,1781144340,766.1746708,773.99521499,755.44670548,761.70210995,
2026-06-11 02:20:00,1781144400,761.70210995,802.98530372,759.78288768,794.5599177,
2026-06-11 02:21:00,1781144460,794.5599177,841.44941858,794.55775476,837.65588125,
2026-06-11 02:22:00,1781144520,837.65588125,867.50792222,837.65588125,864.24687106,
2026-06-11 02:23:00,1781144580,864.24687106,864.92195466,845.14177569,855.73506527,
2026-06-11 02:24:00,1781144640,855.73506527,862.74579186,848.06455476,848.06455476,
2026-06-11 02:25:00,1781144700,848.06455476,858.18521113,845.51374838,853.60342199,
2026-06-11 02:26:00,1781144760,853.60342199,858.18886768,826.26056324,826.58253704,
2026-06-11 02:27:00,1781144820,826.58253704,855.74320062,819.81091811,855.49822016,
2026-06-11 02:28:00,1781144880,855.49822016,868.49882347,855.44831961,866.9582745,
2026-06-11 02:29:00,1781144940,866.9582745,873.57693759,865.109135,865.67535695,
2026-06-11 02:30:00,1781145000,865.67535695,875.43977533,850.15718853,871.74450541,
2026-06-11 02:31:00,1781145060,871.74450541,904.35410206,866.81045868,903.4431562,
2026-06-11 02:32:00,1781145120,903.4431562,913.87306182,901.20832113,908.55975425,
2026-06-11 02:33:00,1781145180,908.55975425,908.55975425,886.73839367,892.43459269,
2026-06-11 02:34:00,1781145240,892.43459269,923.57303579,891.84143626,907.42634316,
2026-06-11 02:35:00,1781145300,907.42634316,911.65630603,888.46311246,894.33411272,
2026-06-11 02:36:00,1781145360,894.33411272,894.33411272,873.52641781,875.18358407,
2026-06-11 02:37:00,1781145420,875.18358407,877.76285245,863.616087,876.77057969,
2026-06-11 02:38:00,1781145480,876.77057969,885.35287113,873.646012,876.50729598,
2026-06-11 02:39:00,1781145540,876.50729598,878.40096026,853.00595721,868.23239444,
2026-06-11 02:40:00,1781145600,868.23239444,868.86097543,841.11855256,852.24755693,
2026-06-11 02:41:00,1781145660,852.24755693,858.73053565,848.85489191,851.11114866,
2026-06-11 02:42:00,1781145720,851.11114866,870.46662896,851.11114866,866.2272155,
2026-06-11 02:43:00,1781145780,866.2272155,866.31727453,848.15165077,850.91488876,
2026-06-11 02:44:00,1781145840,850.91488876,861.4796328,847.52337875,857.87530959,
2026-06-11 02:45:00,1781145900,857.87530959,871.745053,856.21844618,861.85819647,
2026-06-11 02:46:00,1781145960,861.85819647,878.58316217,858.15079202,875.95960843,
2026-06-11 02:47:00,1781146020,875.95960843,880.64724053,868.22675533,876.62357544,
2026-06-11 02:48:00,1781146080,876.62357544,881.93248409,871.0870083,880.79306307,
2026-06-11 02:49:00,1781146140,880.79306307,889.92645372,880.48311454,885.06604594,
2026-06-11 02:50:00,1781146200,885.06604594,885.5713415,845.32560667,849.74492849,
2026-06-11 02:51:00,1781146260,849.74492849,872.83766225,836.35855347,871.52068807,
2026-06-11 02:52:00,1781146320,871.52068807,872.25472791,858.32817595,858.32817595,
2026-06-11 02:53:00,1781146380,858.32817595,860.43092203,839.74492875,845.46874325,
2026-06-11 02:54:00,1781146440,845.46874325,850.08825634,825.62223956,839.87711902,
2026-06-11 02:55:00,1781146500,839.87711902,846.52630933,817.98179791,842.19580089,
2026-06-11 02:56:00,1781146560,842.19580089,842.19580089,790.07167459,800.53883328,
2026-06-11 02:57:00,1781146620,800.53883328,803.00523743,783.7929512,790.84643885,
2026-06-11 02:58:00,1781146680,790.84643885,804.06157243,787.55105035,804.0594012,
2026-06-11 02:59:00,1781146740,804.0594012,825.02735723,804.0594012,822.90572125,
2026-06-11 03:00:00,1781146800,822.90572125,825.15699946,808.05753597,811.63556162,
2026-06-11 03:01:00,1781146860,811.63556162,818.0291797,799.50753204,808.94968729,
2026-06-11 03:02:00,1781146920,808.94968729,823.72594649,806.54166392,811.57528435,
2026-06-11 03:03:00,1781146980,811.57528435,818.01944864,805.35065039,813.22466096,
2026-06-11 03:04:00,1781147040,813.22466096,817.31361497,809.56938348,810.40019799,
2026-06-11 03:05:00,1781147100,810.40019799,822.50782511,802.29393293,820.75862332,
2026-06-11 03:06:00,1781147160,820.75862332,861.76197317,820.70976965,855.95275876,
2026-06-11 03:07:00,1781147220,855.95275876,857.58684517,832.76123658,837.46804182,
2026-06-11 03:08:00,1781147280,837.46804182,852.20516406,837.41847169,844.73375213,
2026-06-11 03:09:00,1781147340,844.73375213,844.77919736,824.43215416,831.99630994,
2026-06-11 03:10:00,1781147400,831.99630994,847.86095121,831.29626341,843.59859541,
2026-06-11 03:11:00,1781147460,843.59859541,861.52600612,840.55851433,854.86902321,
2026-06-11 03:12:00,1781147520,854.86902321,881.75369562,854.8668478,880.08538135,
2026-06-11 03:13:00,1781147580,880.08538135,886.25442685,862.35315559,862.35315559,
2026-06-11 03:14:00,1781147640,862.35315559,862.98205222,841.47958213,855.00837205,
2026-06-11 03:15:00,1781147700,855.00837205,863.12040391,846.20084044,847.11921585,
2026-06-11 03:16:00,1781147760,847.11921585,854.68935408,842.79852159,844.0727019,
2026-06-11 03:17:00,1781147820,844.0727019,848.70156941,822.94525543,836.29534534,
2026-06-11 03:18:00,1781147880,836.29534534,837.2887221,826.49025856,834.93643273,
2026-06-11 03:19:00,1781147940,834.93643273,859.43979009,834.537661,859.34337604,
2026-06-11 03:20:00,1781148000,859.34337604,874.48150494,859.24479062,873.5319419,
2026-06-11 03:21:00,1781148060,873.5319419,879.84799793,854.21505147,854.98121819,
2026-06-11 03:22:00,1781148120,854.98121819,867.49637061,843.85372923,864.15815171,
2026-06-11 03:23:00,1781148180,864.15815171,866.09264175,857.58306365,857.87751613,
2026-06-11 03:24:00,1781148240,857.87751613,859.94375511,836.32504258,836.79925786,
2026-06-11 03:25:00,1781148300,836.79925786,850.13648981,833.82957467,833.92197655,
2026-06-11 03:26:00,1781148360,833.92197655,845.82153635,833.91979782,838.52433942,
2026-06-11 03:27:00,1781148420,838.52433942,844.79211463,827.63506759,831.35202654,
2026-06-11 03:28:00,1781148480,831.35202654,834.80172958,830.57916196,832.31342171,
2026-06-11 03:29:00,1781148540,832.31342171,838.51408746,829.59588113,833.43283214,
2026-06-11 03:30:00,1781148600,833.43283214,834.86160302,818.27998634,820.92492934,
2026-06-11 03:31:00,1781148660,820.92492934,822.04298067,785.29473134,785.88045481,
2026-06-11 03:32:00,1781148720,785.88045481,789.47619228,748.29721797,763.0167438,
2026-06-11 03:33:00,1781148780,763.0167438,768.59496682,679.17324624,683.1895093,
2026-06-11 03:34:00,1781148840,683.1895093,702.560085,638.77539602,701.18441296,
2026-06-11 03:35:00,1781148900,701.18441296,724.79123592,679.28481617,700.12955235,
2026-06-11 03:36:00,1781148960,700.12955235,740.00815875,692.30585175,727.80439969,
2026-06-11 03:37:00,1781149020,727.80439969,737.88067435,716.35326856,718.14424855,
2026-06-11 03:38:00,1781149080,718.14424855,729.81176453,712.6253379,727.2253991,
2026-06-11 03:39:00,1781149140,727.2253991,730.39328883,715.35031401,730.39328883,
2026-06-11 03:40:00,1781149200,730.39328883,738.59707617,717.41738818,736.27003656,
2026-06-11 03:41:00,1781149260,736.27003656,742.45189632,724.07187892,724.07187892,
2026-06-11 03:42:00,1781149320,724.07187892,731.1237915,709.44755361,714.20280267,
2026-06-11 03:43:00,1781149380,714.20280267,715.51491432,710.84202114,713.19159239,
2026-06-11 03:44:00,1781149440,713.19159239,734.18085116,713.1557205,731.86090613,
2026-06-11 03:45:00,1781149500,731.86090613,731.86090613,694.18041432,705.57256054,
2026-06-11 03:46:00,1781149560,705.57256054,725.18140379,705.34974962,725.18140379,
2026-06-11 03:47:00,1781149620,725.18140379,734.56651019,697.51720027,713.25797468,
2026-06-11 03:48:00,1781149680,713.25797468,720.76965389,690.83252042,712.27872253,
2026-06-11 03:49:00,1781149740,712.27872253,716.35553109,693.81870563,716.35553109,
2026-06-11 03:50:00,1781149800,716.35553109,716.49741438,689.99244378,693.81661108,
2026-06-11 03:51:00,1781149860,693.81661108,700.28254452,690.91492061,696.90167886,
2026-06-11 03:52:00,1781149920,696.90167886,709.20057811,677.69670927,694.56019456,
2026-06-11 03:53:00,1781149980,694.56019456,703.30497225,679.52337825,685.07653126,
2026-06-11 03:54:00,1781150040,685.07653126,694.2206684,685.07653126,691.02326946,
2026-06-11 03:55:00,1781150100,691.02326946,694.08305532,592.253766,594.64684901,
2026-06-11 03:56:00,1781150160,594.64684901,612.32699536,553.78863667,596.38067154,
2026-06-11 03:57:00,1781150220,596.38067154,598.90022921,577.08042284,579.72993563,
2026-06-11 03:58:00,1781150280,579.72993563,595.47312571,562.65790683,592.22685854,
2026-06-11 03:59:00,1781150340,592.22685854,609.28858365,584.96903176,609.28858365,
2026-06-11 04:00:00,1781150400,609.28858365,621.95250855,601.68583675,621.91445839,
2026-06-11 04:01:00,1781150460,621.91445839,647.99605681,620.58351402,643.80975592,
2026-06-11 04:02:00,1781150520,643.80975592,643.80975592,608.14760747,621.44938513,
2026-06-11 04:03:00,1781150580,621.44938513,642.82205335,621.44938513,632.35795909,
2026-06-11 04:04:00,1781150640,632.35795909,632.39427574,611.96729442,625.07607771,
2026-06-11 04:05:00,1781150700,625.07607771,642.58967046,625.07607771,634.11129076,
2026-06-11 04:06:00,1781150760,634.11129076,646.55387961,629.34293346,642.47144391,
2026-06-11 04:07:00,1781150820,642.47144391,644.4736947,633.01226309,639.19129405,
2026-06-11 04:08:00,1781150880,639.19129405,639.19129405,626.4922739,627.50798707,
2026-06-11 04:09:00,1781150940,627.50798707,640.76893103,625.7044227,628.01390062,
2026-06-11 04:10:00,1781151000,628.01390062,649.79169395,609.60982618,615.96105676,
2026-06-11 04:11:00,1781151060,615.96105676,627.9340592,604.57844534,606.00187867,
2026-06-11 04:12:00,1781151120,606.00187867,613.84663174,596.53513678,601.53232236,
2026-06-11 04:13:00,1781151180,601.53232236,607.56414363,585.13685362,596.91842305,
2026-06-11 04:14:00,1781151240,596.91842305,613.28378134,594.2855341,613.28378134,
2026-06-11 04:15:00,1781151300,613.28378134,622.9546283,610.52662316,611.49467312,
2026-06-11 04:16:00,1781151360,611.49467312,624.7319819,594.93788966,624.54065219,
2026-06-11 04:17:00,1781151420,624.54065219,629.18600436,618.08221144,621.97350177,
2026-06-11 04:18:00,1781151480,621.97350177,636.37386812,619.37971334,632.21946821,
2026-06-11 04:19:00,1781151540,632.21946821,632.67712552,613.68853785,613.76420546,
2026-06-11 04:20:00,1781151600,613.76420546,620.56738053,595.01813114,599.0761446,
2026-06-11 04:21:00,1781151660,599.0761446,624.22279836,595.58377285,624.03795004,
2026-06-11 04:22:00,1781151720,624.03795004,635.58138036,623.30501511,626.55810572,
2026-06-11 04:23:00,1781151780,626.55810572,632.271787,619.29478449,623.25274522,
2026-06-11 04:24:00,1781151840,623.25274522,630.83087992,613.49347482,628.11870187,
2026-06-11 04:25:00,1781151900,628.11870187,636.88005369,625.69890754,629.65880344,
2026-06-11 04:26:00,1781151960,629.65880344,629.89014713,618.18751455,621.64097538,
2026-06-11 04:27:00,1781152020,621.64097538,634.64597252,621.64097538,632.18785834,
2026-06-11 04:28:00,1781152080,632.18785834,635.78111829,626.38002632,629.95430018,
2026-06-11 04:29:00,1781152140,629.95430018,629.95430018,621.90511546,625.22394401,
2026-06-11 04:30:00,1781152200,625.22394401,626.7195962,615.02416063,617.87121821,
2026-06-11 04:31:00,1781152260,617.87121821,627.9611967,613.23232272,627.94917075,
2026-06-11 04:32:00,1781152320,627.94917075,639.01111056,627.52110127,631.10960649,
2026-06-11 04:33:00,1781152380,631.10960649,646.21925615,627.65179299,645.90834294,
2026-06-11 04:34:00,1781152440,645.90834294,658.62517916,640.81631626,653.46408596,
2026-06-11 04:35:00,1781152500,653.46408596,655.95949279,640.58619409,644.2435768,
2026-06-11 04:36:00,1781152560,644.2435768,647.4208104,632.03563065,634.36780141,
2026-06-11 04:37:00,1781152620,634.36780141,643.89975131,633.5098568,639.23105841,
2026-06-11 04:38:00,1781152680,639.23105841,639.30583906,608.0401014,612.77044965,
2026-06-11 04:39:00,1781152740,612.77044965,617.25256044,606.02987864,606.28782633,
2026-06-11 04:40:00,1781152800,606.28782633,622.12976046,599.60357438,611.32058955,
2026-06-11 04:41:00,1781152860,611.32058955,627.70916896,611.2941008,624.37050701,
2026-06-11 04:42:00,1781152920,624.37050701,625.75609032,618.88208226,624.51883239,
2026-06-11 04:43:00,1781152980,624.51883239,630.14518561,622.1391064,623.55058496,
2026-06-11 04:44:00,1781153040,623.55058496,623.62232749,610.49657815,615.96371945,
2026-06-11 04:45:00,1781153100,615.96371945,615.96371945,600.99160071,602.88362292,
2026-06-11 04:46:00,1781153160,602.88362292,604.852095,598.17243212,599.89288163,
2026-06-11 04:47:00,1781153220,599.89288163,600.0190885,570.38270329,574.31020232,
2026-06-11 04:48:00,1781153280,574.31020232,593.6176622,574.29210806,576.29210963,
2026-06-11 04:49:00,1781153340,576.29210963,579.49430398,564.35162561,568.29499263,
2026-06-11 04:50:00,1781153400,568.29499263,568.83822792,545.09040682,545.54116542,
2026-06-11 04:51:00,1781153460,545.54116542,559.49111558,542.61147149,559.45561141,
2026-06-11 04:52:00,1781153520,559.45561141,559.45561141,536.56815612,550.3377378,
2026-06-11 04:53:00,1781153580,550.3377378,561.37165509,547.35767155,555.47696507,
2026-06-11 04:54:00,1781153640,555.47696507,559.68941074,546.2575028,546.82651424,
2026-06-11 04:55:00,1781153700,546.82651424,560.67195268,543.28581674,559.63198071,
2026-06-11 04:56:00,1781153760,559.63198071,563.27598643,555.83577515,562.87990558,
2026-06-11 04:57:00,1781153820,562.87990558,572.0239707,561.5705277,568.21277067,
2026-06-11 04:58:00,1781153880,568.21277067,595.11438709,568.21062908,592.38660226,
2026-06-11 04:59:00,1781153940,592.38660226,593.72771843,574.96358682,581.14771307,
2026-06-11 05:00:00,1781154000,581.14771307,620.99043424,579.53235005,617.05609304,
2026-06-11 05:01:00,1781154060,617.05609304,625.92932259,613.41904101,624.36620961,
2026-06-11 05:02:00,1781154120,624.36620961,630.84958052,609.66743722,620.09569425,
2026-06-11 05:03:00,1781154180,620.09569425,630.34357585,616.55333091,624.40478891,
2026-06-11 05:04:00,1781154240,624.40478891,631.29487559,623.49019797,629.82027232,
2026-06-11 05:05:00,1781154300,629.82027232,636.44958647,629.43672784,630.92175878,
2026-06-11 05:06:00,1781154360,630.92175878,641.35541877,627.56887181,639.79582148,
2026-06-11 05:07:00,1781154420,639.79582148,640.14866152,623.20549237,628.52121883,
2026-06-11 05:08:00,1781154480,628.52121883,628.52121883,618.67267418,621.59396697,
2026-06-11 05:09:00,1781154540,621.59396697,623.69622527,611.91508721,613.37500918,
2026-06-11 05:10:00,1781154600,613.37500918,620.69460924,605.03118019,620.23191281,
2026-06-11 05:11:00,1781154660,620.23191281,626.78549728,618.36879734,623.53690366,
2026-06-11 05:12:00,1781154720,623.53690366,623.65231111,604.92259787,610.69276805,
2026-06-11 05:13:00,1781154780,610.69276805,621.07920756,608.32870734,620.36029104,
2026-06-11 05:14:00,1781154840,620.36029104,620.74560699,604.19896184,605.68338357,
2026-06-11 05:15:00,1781154900,605.68338357,611.19825878,592.27492745,596.74931846,
2026-06-11 05:16:00,1781154960,596.74931846,596.74931846,577.75577645,582.85861878,
2026-06-11 05:17:00,1781155020,582.85861878,586.05223462,571.21398742,581.38905309,
2026-06-11 05:18:00,1781155080,581.38905309,601.84173514,579.98894232,601.84173514,
2026-06-11 05:19:00,1781155140,601.84173514,603.86452428,583.39519045,597.85903171,
2026-06-11 05:20:00,1781155200,597.85903171,601.25571008,585.70281962,585.70281962,
2026-06-11 05:21:00,1781155260,585.70281962,586.14982065,568.79309583,569.55954578,
2026-06-11 05:22:00,1781155320,569.55954578,578.09909916,564.69679712,564.70814134,
2026-06-11 05:23:00,1781155380,564.70814134,582.64328049,561.2615613,582.64328049,
2026-06-11 05:24:00,1781155440,582.64328049,584.88161899,571.05136815,579.06961438,
2026-06-11 05:25:00,1781155500,579.06961438,593.71035971,577.76267565,584.60748094,
2026-06-11 05:26:00,1781155560,584.60748094,596.24113379,578.45744303,590.96479085,
2026-06-11 05:27:00,1781155620,590.96479085,608.44385065,587.38228404,608.32843852,
2026-06-11 05:28:00,1781155680,608.32843852,619.16577699,607.65087676,607.65087676,
2026-06-11 05:29:00,1781155740,607.65087676,607.65087676,594.33356217,596.33064916,
2026-06-11 05:30:00,1781155800,596.33064916,599.69242047,588.15804649,595.75903654,
2026-06-11 05:31:00,1781155860,595.75903654,610.69163498,595.06692129,606.23728168,
2026-06-11 05:32:00,1781155920,606.23728168,606.23728168,577.39193612,579.61809437,
2026-06-11 05:33:00,1781155980,579.61809437,590.73560857,572.01065597,584.3669777,
2026-06-11 05:34:00,1781156040,584.3669777,592.12390327,581.34538939,591.20537514,
2026-06-11 05:35:00,1781156100,591.20537514,606.00866793,588.61274304,602.01691122,
2026-06-11 05:36:00,1781156160,602.01691122,605.79819728,576.19646571,583.14274455,
2026-06-11 05:37:00,1781156220,583.14274455,588.09312606,577.65605193,584.36080005,
2026-06-11 05:38:00,1781156280,584.36080005,586.69792428,577.94214014,580.32751446,
2026-06-11 05:39:00,1781156340,580.32751446,598.81560028,579.65715987,598.58712446,
2026-06-11 05:40:00,1781156400,598.58712446,601.50185633,592.68416201,595.77414503,
2026-06-11 05:41:00,1781156460,595.77414503,597.3764093,582.49555513,582.49555513,
2026-06-11 05:42:00,1781156520,582.49555513,585.53742619,577.66380479,582.4009933,
2026-06-11 05:43:00,1781156580,582.4009933,582.60902165,568.94316644,576.01169573,
2026-06-11 05:44:00,1781156640,576.01169573,581.5701947,567.21814008,569.08533509,
2026-06-11 05:45:00,1781156700,569.08533509,570.1756648,563.89341364,568.89174066,
2026-06-11 05:46:00,1781156760,568.89174066,574.65277926,566.44007646,570.71886428,
2026-06-11 05:47:00,1781156820,570.71886428,583.96386092,569.52546122,583.81389363,
2026-06-11 05:48:00,1781156880,583.81389363,594.9254583,580.20588362,584.43988588,
2026-06-11 05:49:00,1781156940,584.43988588,586.34460554,577.89499558,584.79158971,
2026-06-11 05:50:00,1781157000,584.79158971,594.20462269,578.59331871,590.95096268,
2026-06-11 05:51:00,1781157060,590.95096268,595.53687465,576.38622657,590.2465032,
2026-06-11 05:52:00,1781157120,590.2465032,596.93908465,589.62792744,592.06291013,
2026-06-11 05:53:00,1781157180,592.06291013,592.0986816,569.58424957,569.78802973,
2026-06-11 05:54:00,1781157240,569.78802973,593.15973735,569.78589993,590.10410139,
2026-06-11 05:55:00,1781157300,590.10410139,590.21547429,567.23855952,570.00514233,
2026-06-11 05:56:00,1781157360,570.00514233,582.79396519,560.97506766,579.56175507,
2026-06-11 05:57:00,1781157420,579.56175507,583.60294676,569.59868341,570.71598247,
2026-06-11 05:58:00,1781157480,570.71598247,582.14483732,567.29662859,582.14483732,
2026-06-11 05:59:00,1781157540,582.14483732,601.43699181,582.06751182,594.96272918,
2026-06-11 06:00:00,1781157600,594.96272918,600.38803896,587.60652789,591.31494546,
2026-06-11 06:01:00,1781157660,591.31494546,600.15278431,586.34055647,596.09313262,
2026-06-11 06:02:00,1781157720,596.09313262,601.28811287,595.28594069,600.59310331,
2026-06-11 06:03:00,1781157780,600.59310331,600.59310331,586.88832705,589.66988951,
2026-06-11 06:04:00,1781157840,589.66988951,620.35753249,589.51580102,620.35753249,
2026-06-11 06:05:00,1781157900,620.35753249,623.78602753,600.15642959,604.78765178,
2026-06-11 06:06:00,1781157960,604.78765178,615.94966417,601.75773721,604.85345032,
2026-06-11 06:07:00,1781158020,604.85345032,606.53943739,594.3419062,605.20378921,
2026-06-11 06:08:00,1781158080,605.20378921,605.58531265,576.20317464,577.66853831,
2026-06-11 06:09:00,1781158140,577.66853831,581.20395594,564.70023147,572.8763231,
2026-06-11 06:10:00,1781158200,572.8763231,576.32531217,564.33688218,567.22314475,
2026-06-11 06:11:00,1781158260,567.22314475,572.3892273,550.10609069,553.73192749,
2026-06-11 06:12:00,1781158320,553.73192749,554.96623108,523.57186344,523.57186344,
2026-06-11 06:13:00,1781158380,523.57186344,536.22435919,517.26624236,529.82003358,
2026-06-11 06:14:00,1781158440,529.82003358,533.95393951,526.72191121,528.96571581,
2026-06-11 06:15:00,1781158500,528.96571581,528.96571581,506.98927442,513.85432152,
2026-06-11 06:16:00,1781158560,513.85432152,518.34394196,495.54702689,516.9465441,
2026-06-11 06:17:00,1781158620,516.9465441,526.46732575,516.46366012,519.49403623,
2026-06-11 06:18:00,1781158680,519.49403623,547.35266581,519.49194745,544.38688061,
2026-06-11 06:19:00,1781158740,544.38688061,545.60396322,525.73337173,531.56151145,
2026-06-11 06:20:00,1781158800,531.56151145,531.56151145,502.47266624,503.81816376,
2026-06-11 06:21:00,1781158860,503.81816376,503.98653112,458.34974018,473.9091101,
2026-06-11 06:22:00,1781158920,473.9091101,489.83633688,473.9091101,488.43853547,
2026-06-11 06:23:00,1781158980,488.43853547,493.01615426,467.33943584,471.92999936,
2026-06-11 06:24:00,1781159040,471.92999936,480.33088305,452.8786072,458.32832626,
2026-06-11 06:25:00,1781159100,458.32832626,480.80590305,452.98835886,480.80590305,
2026-06-11 06:26:00,1781159160,480.80590305,495.96047996,476.34413979,491.41824337,
2026-06-11 06:27:00,1781159220,491.41824337,500.01464253,482.76496156,495.49361664,
2026-06-11 06:28:00,1781159280,495.49361664,496.94435574,489.81259931,492.11221728,
2026-06-11 06:29:00,1781159340,492.11221728,498.91804872,485.29178127,488.2992273,
2026-06-11 06:30:00,1781159400,488.2992273,495.77866501,483.36182668,495.53558319,
2026-06-11 06:31:00,1781159460,495.53558319,495.53558319,474.08358766,474.67334098,
2026-06-11 06:32:00,1781159520,474.67334098,475.38210034,460.71357307,467.00946255,
2026-06-11 06:33:00,1781159580,467.00946255,478.32699778,467.00946255,469.224936,
2026-06-11 06:34:00,1781159640,469.224936,472.23963743,456.21814003,460.63855409,
2026-06-11 06:35:00,1781159700,460.63855409,470.90928284,460.54011721,468.13339683,
2026-06-11 06:36:00,1781159760,468.13339683,469.9550412,449.06619807,452.98572001,
2026-06-11 06:37:00,1781159820,452.98572001,461.50536417,448.90555109,456.08941908,
2026-06-11 06:38:00,1781159880,456.08941908,461.28850122,453.55310779,454.15697578,
2026-06-11 06:39:00,1781159940,454.15697578,457.43000102,454.15697578,456.27408525,
2026-06-11 06:40:00,1781160000,456.27408525,456.73937918,452.65423968,455.38425805,
2026-06-11 06:41:00,1781160060,455.38425805,475.20024153,446.9463096,447.66478029,
2026-06-11 06:42:00,1781160120,447.66478029,459.90719171,447.66478029,458.95541358,
2026-06-11 06:43:00,1781160180,458.95541358,474.57783883,458.95139114,474.53892255,
2026-06-11 06:44:00,1781160240,474.53892255,475.5935596,465.28963675,465.35417233,
2026-06-11 06:45:00,1781160300,465.35417233,480.35278515,463.60005577,480.17327235,
2026-06-11 06:46:00,1781160360,480.17327235,498.09918209,479.77340949,492.65525375,
2026-06-11 06:47:00,1781160420,492.65525375,500.95808621,491.82726972,498.72106846,
2026-06-11 06:48:00,1781160480,498.72106846,502.9612598,494.85884111,495.12707518,
2026-06-11 06:49:00,1781160540,495.12707518,512.95890622,494.45824065,511.39646952,
2026-06-11 06:50:00,1781160600,511.39646952,515.49272751,506.83123166,509.32029513,
2026-06-11 06:51:00,1781160660,509.32029513,511.26498204,505.88951932,506.19862272,
2026-06-11 06:52:00,1781160720,506.19862272,513.56705816,504.56062827,512.51300902,
2026-06-11 06:53:00,1781160780,512.51300902,519.95637643,512.50674462,516.67414862,
2026-06-11 06:54:00,1781160840,516.67414862,518.64029884,506.48231556,506.48231556,
2026-06-11 06:55:00,1781160900,506.48231556,531.14336473,506.4802357,524.75671963,
2026-06-11 06:56:00,1781160960,524.75671963,529.85134512,520.7011658,526.87988858,
2026-06-11 06:57:00,1781161020,526.87988858,526.87988858,516.87593092,521.19002904,
2026-06-11 06:58:00,1781161080,521.19002904,521.67354926,510.90190031,517.24259525,
2026-06-11 06:59:00,1781161140,517.24259525,521.07253326,515.706323,521.01077742,
2026-06-11 07:00:00,1781161200,521.01077742,526.22692046,517.93273377,524.42639561,
2026-06-11 07:01:00,1781161260,524.42639561,529.09920093,517.50246485,520.36418847,
2026-06-11 07:02:00,1781161320,520.36418847,547.99271881,513.27567338,547.99271881,
2026-06-11 07:03:00,1781161380,547.99271881,558.67230119,540.52882747,552.14873186,
2026-06-11 07:04:00,1781161440,552.14873186,563.42664479,547.95068505,563.35019857,
2026-06-11 07:05:00,1781161500,563.35019857,564.67003847,556.83174409,562.11296477,
2026-06-11 07:06:00,1781161560,562.11296477,566.58678886,555.86466674,566.24933658,
2026-06-11 07:07:00,1781161620,566.24933658,584.46792434,563.82546078,578.60843286,
2026-06-11 07:08:00,1781161680,578.60843286,578.60843286,569.1090611,569.1090611,
2026-06-11 07:09:00,1781161740,569.1090611,577.85647831,567.64875325,571.13937424,
2026-06-11 07:10:00,1781161800,571.13937424,576.64029139,561.79305408,564.3153754,
2026-06-11 07:11:00,1781161860,564.3153754,568.51165958,555.68375409,566.57713456,
2026-06-11 07:12:00,1781161920,566.57713456,583.1002018,565.73634467,582.16407176,
2026-06-11 07:13:00,1781161980,582.16407176,593.40427575,572.7720749,579.00972294,
2026-06-11 07:14:00,1781162040,579.00972294,579.04515901,568.28133347,574.25814794,
2026-06-11 07:15:00,1781162100,574.25814794,579.83550207,570.86217472,572.94263309,
2026-06-11 07:16:00,1781162160,572.94263309,581.6586413,564.4231309,566.50627251,
2026-06-11 07:17:00,1781162220,566.50627251,570.48492729,562.12978369,566.02433117,
2026-06-11 07:18:00,1781162280,566.02433117,567.80723226,552.57620317,560.62148424,
2026-06-11 07:19:00,1781162340,560.62148424,567.67495269,560.15333883,565.97720026,
2026-06-11 07:20:00,1781162400,565.97720026,567.35163159,545.05829732,545.41532151,
2026-06-11 07:21:00,1781162460,545.41532151,546.09278574,532.18044174,532.18044174,
2026-06-11 07:22:00,1781162520,532.18044174,546.8461164,525.57602436,542.21750938,
2026-06-11 07:23:00,1781162580,542.21750938,556.46512267,542.21750938,554.30018486,
2026-06-11 07:24:00,1781162640,554.30018486,557.5316647,539.02722833,539.06269424,
2026-06-11 07:25:00,1781162700,539.06269424,555.15163067,538.10570751,553.80846949,
2026-06-11 07:26:00,1781162760,553.80846949,556.48192218,549.14695516,552.26439746,
2026-06-11 07:27:00,1781162820,552.26439746,552.26439746,541.46342041,547.34629539,
2026-06-11 07:28:00,1781162880,547.34629539,549.91052569,543.30402866,546.39200217,
2026-06-11 07:29:00,1781162940,546.39200217,549.53023703,535.2761932,535.50249191,
2026-06-11 07:30:00,1781163000,535.50249191,535.63303204,517.87680222,534.48633823,
2026-06-11 07:31:00,1781163060,534.48633823,558.60634223,534.48633823,556.03337951,
2026-06-11 07:32:00,1781163120,556.03337951,556.39264447,553.20140425,553.20140425,
2026-06-11 07:33:00,1781163180,553.20140425,553.20140425,542.78002516,549.37455808,
2026-06-11 07:34:00,1781163240,549.37455808,566.4453042,549.08522388,565.1619367,
2026-06-11 07:35:00,1781163300,565.1619367,568.24386997,558.33502951,560.91785535,
2026-06-11 07:36:00,1781163360,560.91785535,567.19165586,552.70039638,566.28017346,
2026-06-11 07:37:00,1781163420,566.28017346,571.71784074,562.05039873,569.80363007,
2026-06-11 07:38:00,1781163480,569.80363007,588.14450579,569.80363007,586.79503169,
2026-06-11 07:39:00,1781163540,586.79503169,598.54423147,586.40883622,598.49956065,
2026-06-11 07:40:00,1781163600,598.49956065,609.95879026,598.49731734,607.97762045,
2026-06-11 07:41:00,1781163660,607.97762045,608.16492409,589.80913085,592.84327928,
2026-06-11 07:42:00,1781163720,592.84327928,593.03168704,579.50854689,584.00335053,
2026-06-11 07:43:00,1781163780,584.00335053,592.18653831,577.67376086,580.53710565,
2026-06-11 07:44:00,1781163840,580.53710565,595.77606459,580.45850067,587.32517559,
2026-06-11 07:45:00,1781163900,587.32517559,587.69669477,576.78420185,580.25525865,
2026-06-11 07:46:00,1781163960,580.25525865,582.21655677,576.20149879,576.5281954,
2026-06-11 07:47:00,1781164020,576.5281954,576.89184846,559.73259055,570.40780804,
2026-06-11 07:48:00,1781164080,570.40780804,577.97988219,568.23877239,576.82371446,
2026-06-11 07:49:00,1781164140,576.82371446,577.71987649,570.46772801,576.2013823,
2026-06-11 07:50:00,1781164200,576.2013823,577.40380928,572.52099826,575.51715575,
2026-06-11 07:51:00,1781164260,575.51715575,585.56531689,572.14921928,584.50589761,
2026-06-11 07:52:00,1781164320,584.50589761,590.57528982,584.50363827,588.73858766,
2026-06-11 07:53:00,1781164380,588.73858766,588.90543905,576.69136907,586.35282774,
2026-06-11 07:54:00,1781164440,586.35282774,589.49563871,580.6046229,583.26188485,
2026-06-11 07:55:00,1781164500,583.26188485,584.10383996,572.91296176,574.52782742,
2026-06-11 07:56:00,1781164560,574.52782742,577.70044086,570.24611861,573.86720683,
2026-06-11 07:57:00,1781164620,573.86720683,574.33810013,569.322541,573.33413302,
2026-06-11 07:58:00,1781164680,573.33413302,580.02789178,572.32782067,579.9888557,
2026-06-11 07:59:00,1781164740,579.9888557,582.48538838,578.84297153,580.60400329,
2026-06-11 08:00:00,1781164800,580.60400329,580.71207777,558.09428545,562.6956682,
2026-06-11 08:01:00,1781164860,562.6956682,576.99324476,556.52640708,568.2494477,
2026-06-11 08:02:00,1781164920,568.2494477,569.71794219,552.74519171,560.25057153,
2026-06-11 08:03:00,1781164980,560.25057153,562.25554374,550.59946733,556.29834596,
2026-06-11 08:04:00,1781165040,556.29834596,565.36884445,555.68381986,565.31198665,
2026-06-11 08:05:00,1781165100,565.31198665,565.79872957,556.7479427,558.38763928,
2026-06-11 08:06:00,1781165160,558.38763928,558.66570446,547.60417239,547.92962278,
2026-06-11 08:07:00,1781165220,547.92962278,555.70478584,547.8729311,551.60651188,
2026-06-11 08:08:00,1781165280,551.60651188,555.23754861,546.35932841,546.49359121,
2026-06-11 08:09:00,1781165340,546.49359121,547.29032215,532.05475865,541.07187327,
2026-06-11 08:10:00,1781165400,541.07187327,541.9913758,535.28853263,540.7543971,
2026-06-11 08:11:00,1781165460,540.7543971,547.64594862,533.5265697,547.64594862,
2026-06-11 08:12:00,1781165520,547.64594862,547.64594862,542.67888932,545.30913849,
2026-06-11 08:13:00,1781165580,545.30913849,545.30913849,516.41558467,516.89616969,
2026-06-11 08:14:00,1781165640,516.89616969,542.0696946,516.89616969,536.80006686,
2026-06-11 08:15:00,1781165700,536.80006686,542.41398694,536.73878394,540.4545359,
2026-06-11 08:16:00,1781165760,540.4545359,548.31677852,540.4545359,546.71342106,
2026-06-11 08:17:00,1781165820,546.71342106,546.71342106,536.95754831,544.11030259,
2026-06-11 08:18:00,1781165880,544.11030259,544.12459766,530.66102401,532.35690647,
2026-06-11 08:19:00,1781165940,532.35690647,541.16228808,532.28547064,540.16708158,
2026-06-11 08:20:00,1781166000,540.16708158,545.02687501,540.16708158,542.91175177,
2026-06-11 08:21:00,1781166060,542.91175177,542.94458659,537.72978156,541.03976863,
2026-06-11 08:22:00,1781166120,541.03976863,541.12010724,521.59633802,523.33222865,
2026-06-11 08:23:00,1781166180,523.33222865,523.33222865,505.36072955,507.52804353,
2026-06-11 08:24:00,1781166240,507.52804353,518.63394994,503.89515107,512.01459592,
2026-06-11 08:25:00,1781166300,512.01459592,521.91766729,511.56216595,517.48447829,
2026-06-11 08:26:00,1781166360,517.48447829,518.13863331,511.57094788,516.16657853,
2026-06-11 08:27:00,1781166420,516.16657853,517.8125948,508.43652647,511.90830802,
2026-06-11 08:28:00,1781166480,511.90830802,513.40724605,501.52273638,505.13378299,
2026-06-11 08:29:00,1781166540,505.13378299,506.83821265,502.9103403,503.67825162,
2026-06-11 08:30:00,1781166600,503.67825162,507.60749806,500.368363,506.0816648,
2026-06-11 08:31:00,1781166660,506.0816648,512.87145537,505.68552281,510.45357081,
2026-06-11 08:32:00,1781166720,510.45357081,511.07692748,501.87071987,509.02248296,
2026-06-11 08:33:00,1781166780,509.02248296,509.87202276,503.38905592,504.23265929,
2026-06-11 08:34:00,1781166840,504.23265929,506.71090322,500.76196425,505.38295135,
2026-06-11 08:35:00,1781166900,505.38295135,508.55182532,503.01778705,505.44716913,
2026-06-11 08:36:00,1781166960,505.44716913,508.58906007,505.06223396,508.55357469,
2026-06-11 08:37:00,1781167020,508.55357469,508.65038645,502.54185114,504.86681943,
2026-06-11 08:38:00,1781167080,504.86681943,508.30082744,504.86681943,507.68328911,
2026-06-11 08:39:00,1781167140,507.68328911,510.77649709,491.25084462,494.52389691,
2026-06-11 08:40:00,1781167200,494.52389691,504.46804586,494.52168271,503.93534831,
2026-06-11 08:41:00,1781167260,503.93534831,513.6988522,503.93534831,511.73352345,
2026-06-11 08:42:00,1781167320,511.73352345,521.93587601,510.90135232,521.76661021,
2026-06-11 08:43:00,1781167380,521.76661021,536.74250908,518.89073374,536.70336397,
2026-06-11 08:44:00,1781167440,536.70336397,539.9049643,533.96260018,533.9948689,
2026-06-11 08:45:00,1781167500,533.9948689,534.84128874,517.90020664,523.22502037,
2026-06-11 08:46:00,1781167560,523.22502037,528.99616866,514.46721978,514.46721978,
2026-06-11 08:47:00,1781167620,514.46721978,517.34149135,500.23764757,500.96346866,
2026-06-11 08:48:00,1781167680,500.96346866,501.15933049,468.2922089,480.84961234,
2026-06-11 08:49:00,1781167740,480.84961234,497.43295625,475.39706865,497.21209545,
2026-06-11 08:50:00,1781167800,497.21209545,497.21209545,486.89954679,491.47485041,
2026-06-11 08:51:00,1781167860,491.47485041,497.32676823,481.03317435,497.0640881,
2026-06-11 08:52:00,1781167920,497.0640881,507.83012352,496.83974969,499.75814631,
2026-06-11 08:53:00,1781167980,499.75814631,501.4263338,498.07074863,498.96009509,
2026-06-11 08:54:00,1781168040,498.96009509,499.94480843,497.327248,497.99243287,
2026-06-11 08:55:00,1781168100,497.99243287,499.62530214,492.76108849,496.96946158,
2026-06-11 08:56:00,1781168160,496.96946158,508.43531259,496.70609914,504.82889019,
2026-06-11 08:57:00,1781168220,504.82889019,511.38680184,501.37823616,502.26097456,
2026-06-11 08:58:00,1781168280,502.26097456,502.3273829,497.41347268,499.64779096,
2026-06-11 08:59:00,1781168340,499.64779096,500.47546473,490.41042904,490.41042904,
2026-06-11 09:00:00,1781168400,490.41042904,506.54811783,490.34068921,499.66690722,
2026-06-11 09:01:00,1781168460,499.66690722,503.57598803,497.89341262,500.10994623,
2026-06-11 09:02:00,1781168520,500.10994623,500.60104124,489.70937471,490.77897417,
2026-06-11 09:03:00,1781168580,490.77897417,493.15463546,488.83887032,490.30582063,
2026-06-11 09:04:00,1781168640,490.30582063,505.73560293,488.34093132,504.47880277,
2026-06-11 09:05:00,1781168700,504.47880277,512.30767586,499.97752351,511.05593688,
2026-06-11 09:06:00,1781168760,511.05593688,520.51546531,511.05593688,516.21600416,
2026-06-11 09:07:00,1781168820,516.21600416,526.55058345,514.44934171,521.81870488,
2026-06-11 09:08:00,1781168880,521.81870488,524.95734526,515.69472443,520.41659838,
2026-06-11 09:09:00,1781168940,520.41659838,525.21184109,519.18306146,519.51839789,
2026-06-11 09:10:00,1781169000,519.51839789,519.51839789,509.19780292,513.11868402,
2026-06-11 09:11:00,1781169060,513.11868402,524.59774771,513.11868402,524.55427331,
2026-06-11 09:12:00,1781169120,524.55427331,527.61691506,520.22945747,521.3584268,
2026-06-11 09:13:00,1781169180,521.3584268,528.21401063,514.45347903,527.30284196,
2026-06-11 09:14:00,1781169240,527.30284196,530.80248758,509.31175706,510.42613519,
2026-06-11 09:15:00,1781169300,510.42613519,529.15977382,510.36504858,527.8878921,
2026-06-11 09:16:00,1781169360,527.8878921,540.92181278,527.16090829,533.24387256,
2026-06-11 09:17:00,1781169420,533.24387256,539.7987956,531.79683208,531.86463568,
2026-06-11 09:18:00,1781169480,531.86463568,531.86463568,514.74828556,515.12051797,
2026-06-11 09:19:00,1781169540,515.12051797,516.99565577,508.37018416,515.77021114,
2026-06-11 09:20:00,1781169600,515.77021114,529.54784097,515.77021114,527.78420473,
2026-06-11 09:21:00,1781169660,527.78420473,532.10599474,525.85346337,531.75318604,
2026-06-11 09:22:00,1781169720,531.75318604,536.26756263,527.81460704,529.81805707,
2026-06-11 09:23:00,1781169780,529.81805707,533.49571428,525.29835284,526.29645631,
2026-06-11 09:24:00,1781169840,526.29645631,534.85640728,524.1629955,524.33003296,
2026-06-11 09:25:00,1781169900,524.33003296,530.51532917,517.57853885,521.49971408,
2026-06-11 09:26:00,1781169960,521.49971408,530.92342284,521.28970529,527.01195578,
2026-06-11 09:27:00,1781170020,527.01195578,530.59214111,522.93143035,524.42785782,
2026-06-11 09:28:00,1781170080,524.42785782,525.19953705,519.02456652,519.24379406,
2026-06-11 09:29:00,1781170140,519.24379406,525.50937958,519.21919644,520.86153424,
2026-06-11 09:30:00,1781170200,520.86153424,523.60680106,510.14439577,522.29773865,
2026-06-11 09:31:00,1781170260,522.29773865,523.61976665,489.02309493,491.79909711,
2026-06-11 09:32:00,1781170320,491.79909711,502.84579006,488.98110551,494.68986015,
2026-06-11 09:33:00,1781170380,494.68986015,501.7954439,491.93531856,494.88395652,
2026-06-11 09:34:00,1781170440,494.88395652,499.92071991,480.87810747,481.98605381,
2026-06-11 09:35:00,1781170500,481.98605381,490.10104779,472.11925296,489.75753739,
2026-06-11 09:36:00,1781170560,489.75753739,489.82156251,482.35701096,482.49072256,
2026-06-11 09:37:00,1781170620,482.49072256,486.0446232,481.61742388,482.48329017,
2026-06-11 09:38:00,1781170680,482.48329017,487.55538112,480.81906445,485.62180361,
2026-06-11 09:39:00,1781170740,485.62180361,487.06473245,477.48615409,484.37581311,
2026-06-11 09:40:00,1781170800,484.37581311,486.45001837,482.33095537,484.58823154,
2026-06-11 09:41:00,1781170860,484.58823154,491.99974541,484.33033437,491.30583644,
2026-06-11 09:42:00,1781170920,491.30583644,491.77484036,480.77001966,483.75450045,
2026-06-11 09:43:00,1781170980,483.75450045,488.19319437,482.19448159,487.90079799,
2026-06-11 09:44:00,1781171040,487.90079799,488.53230494,475.1914077,476.85385717,
2026-06-11 09:45:00,1781171100,476.85385717,483.91666326,475.97123661,475.97123661,
2026-06-11 09:46:00,1781171160,475.97123661,478.2342859,475.8827346,478.15063384,
2026-06-11 09:47:00,1781171220,478.15063384,485.1735841,477.59225022,483.77097199,
2026-06-11 09:48:00,1781171280,483.77097199,484.59397876,473.77388097,476.84067732,
2026-06-11 09:49:00,1781171340,476.84067732,481.28692781,474.02693357,475.5892867,
2026-06-11 09:50:00,1781171400,475.5892867,479.45628599,475.39326918,476.31429937,
2026-06-11 09:51:00,1781171460,476.31429937,476.31429937,457.28048414,460.71448645,
2026-06-11 09:52:00,1781171520,460.71448645,464.63499811,453.16748823,464.32970121,
2026-06-11 09:53:00,1781171580,464.32970121,470.29170478,463.69766058,463.69766058,
2026-06-11 09:54:00,1781171640,463.69766058,472.59252451,461.87776352,462.37920644,
2026-06-11 09:55:00,1781171700,462.37920644,465.93093645,456.3291003,465.65920355,
2026-06-11 09:56:00,1781171760,465.65920355,478.23464535,464.31658706,478.1587083,
2026-06-11 09:57:00,1781171820,478.1587083,485.01699382,478.1587083,483.05861856,
2026-06-11 09:58:00,1781171880,483.05861856,483.18893332,472.52709492,472.52709492,
2026-06-11 09:59:00,1781171940,472.52709492,476.2397998,464.83058671,471.60509102,
2026-06-11 10:00:00,1781172000,471.60509102,474.96564283,463.24660697,468.06072335,
2026-06-11 10:01:00,1781172060,468.06072335,476.38461809,459.80527617,471.45816438,
2026-06-11 10:02:00,1781172120,471.45816438,485.74103062,466.40777737,485.30594005,
2026-06-11 10:03:00,1781172180,485.30594005,490.07224079,483.11099166,487.03438541,
2026-06-11 10:04:00,1781172240,487.03438541,501.44656928,482.56308145,494.80114199,
2026-06-11 10:05:00,1781172300,494.80114199,496.74869771,483.65843145,484.07556312,
2026-06-11 10:06:00,1781172360,484.07556312,489.53077206,470.67981873,471.1705715,
2026-06-11 10:07:00,1781172420,471.1705715,471.1705715,454.32624617,458.1559544,
2026-06-11 10:08:00,1781172480,458.1559544,462.22057896,450.80880008,458.91869314,
2026-06-11 10:09:00,1781172540,458.91869314,473.75630901,458.91869314,463.38589647,
2026-06-11 10:10:00,1781172600,463.38589647,473.93431544,461.48997097,473.93431544,
2026-06-11 10:11:00,1781172660,473.93431544,477.28589707,464.43908545,464.69646443,
2026-06-11 10:12:00,1781172720,464.69646443,473.14843189,464.4396885,468.84462234,
2026-06-11 10:13:00,1781172780,468.84462234,473.62609695,457.94832254,461.41252088,
2026-06-11 10:14:00,1781172840,461.41252088,473.03515547,461.3579977,472.53141084,
2026-06-11 10:15:00,1781172900,472.53141084,472.82691045,464.50279775,467.5886008,
2026-06-11 10:16:00,1781172960,467.5886008,479.23972935,467.5886008,477.81217891,
2026-06-11 10:17:00,1781173020,477.81217891,509.47602507,477.5414067,501.5088902,
2026-06-11 10:18:00,1781173080,501.5088902,502.26159897,485.45247921,497.311351,
2026-06-11 10:19:00,1781173140,497.311351,509.80354629,492.24230419,496.37206996,
2026-06-11 10:20:00,1781173200,496.37206996,497.85679612,488.39277633,492.41127512,
2026-06-11 10:21:00,1781173260,492.41127512,493.09328316,482.41852282,485.08633662,
2026-06-11 10:22:00,1781173320,485.08633662,497.93912952,482.76399974,496.4987157,
2026-06-11 10:23:00,1781173380,496.4987157,496.56526702,484.46189941,484.59451249,
2026-06-11 10:24:00,1781173440,484.59451249,495.13116484,483.81984409,490.04784091,
2026-06-11 10:25:00,1781173500,490.04784091,491.26815868,484.05469351,484.54634506,
2026-06-11 10:26:00,1781173560,484.54634506,495.63212729,484.54634506,489.90255988,
2026-06-11 10:27:00,1781173620,489.90255988,493.61706097,486.7998779,488.0673425,
2026-06-11 10:28:00,1781173680,488.0673425,488.7082589,480.85229122,482.74516843,
2026-06-11 10:29:00,1781173740,482.74516843,484.29253258,474.10215053,481.2279982,
2026-06-11 10:30:00,1781173800,481.2279982,485.14947934,469.62823421,469.96633254,
2026-06-11 10:31:00,1781173860,469.96633254,469.96633254,454.0738696,462.95696193,
2026-06-11 10:32:00,1781173920,462.95696193,469.82373799,462.95481107,469.0924585,
2026-06-11 10:33:00,1781173980,469.0924585,480.20170103,469.08596574,479.36990801,
2026-06-11 10:34:00,1781174040,479.36990801,479.36990801,462.66409673,474.2500654,
2026-06-11 10:35:00,1781174100,474.2500654,478.33470067,467.464605,467.464605,
2026-06-11 10:36:00,1781174160,467.464605,467.464605,457.12946575,458.87283769,
2026-06-11 10:37:00,1781174220,458.87283769,465.34173862,458.30211359,462.20962549,
2026-06-11 10:38:00,1781174280,462.20962549,463.86212711,453.25118825,458.21015814,
2026-06-11 10:39:00,1781174340,458.21015814,474.92474728,457.98042975,472.048699,
2026-06-11 10:40:00,1781174400,472.048699,472.72157554,464.27313337,469.11569406,
2026-06-11 10:41:00,1781174460,469.11569406,474.54863044,465.67707176,468.79237096,
2026-06-11 10:42:00,1781174520,468.79237096,473.52960741,463.50156575,464.8611918,
2026-06-11 10:43:00,1781174580,464.8611918,465.55710173,456.66517144,465.4752911,
2026-06-11 10:44:00,1781174640,465.4752911,467.6874547,457.35061618,463.00833385,
2026-06-11 10:45:00,1781174700,463.00833385,464.22371709,461.35320168,464.16245154,
2026-06-11 10:46:00,1781174760,464.16245154,466.93227405,452.05629601,455.03203203,
2026-06-11 10:47:00,1781174820,455.03203203,457.49980242,448.80963953,452.35817909,
2026-06-11 10:48:00,1781174880,452.35817909,455.05656099,451.90284355,453.88086993,
2026-06-11 10:49:00,1781174940,453.88086993,457.15165543,450.86904311,450.86904311,
2026-06-11 10:50:00,1781175000,450.86904311,455.91586842,447.19579998,449.62533211,
2026-06-11 10:51:00,1781175060,449.62533211,450.22334585,409.11980286,418.82187247,
2026-06-11 10:52:00,1781175120,418.82187247,441.14533074,418.82187247,433.36394019,
2026-06-11 10:53:00,1781175180,433.36394019,440.52345893,428.09154336,431.68108855,
2026-06-11 10:54:00,1781175240,431.68108855,433.54224651,411.70266912,413.9066609,
2026-06-11 10:55:00,1781175300,413.9066609,424.77713273,389.1415186,391.02850654,
2026-06-11 10:56:00,1781175360,391.02850654,427.65198521,390.22609307,425.36369441,
2026-06-11 10:57:00,1781175420,425.36369441,429.94506344,406.66647419,409.92895231,
2026-06-11 10:58:00,1781175480,409.92895231,411.99495611,393.12552831,403.82745745,
2026-06-11 10:59:00,1781175540,403.82745745,407.18070395,384.63046356,401.3289482,
2026-06-11 11:00:00,1781175600,401.3289482,426.98825957,401.06566183,426.77241951,
2026-06-11 11:01:00,1781175660,426.77241951,426.77241951,397.36259588,397.42032753,
2026-06-11 11:02:00,1781175720,397.42032753,403.47423534,389.22147933,395.53131711,
2026-06-11 11:03:00,1781175780,395.53131711,395.53131711,384.27443606,392.31755784,
2026-06-11 11:04:00,1781175840,392.31755784,393.35328815,386.65456398,392.53704086,
2026-06-11 11:05:00,1781175900,392.53704086,404.08835488,388.36999378,397.53566037,
2026-06-11 11:06:00,1781175960,397.53566037,406.81392523,397.50107828,404.06078102,
2026-06-11 11:07:00,1781176020,404.06078102,415.3842973,400.27131655,412.37487435,
2026-06-11 11:08:00,1781176080,412.37487435,435.70182103,407.14821808,407.32014373,
2026-06-11 11:09:00,1781176140,407.32014373,410.04945341,402.03380912,402.57414103,
2026-06-11 11:10:00,1781176200,402.57414103,402.57414103,392.72822276,394.01380618,
2026-06-11 11:11:00,1781176260,394.01380618,395.63079741,383.5829976,385.07106021,
2026-06-11 11:12:00,1781176320,385.07106021,399.52271809,383.94394409,391.85476606,
2026-06-11 11:13:00,1781176380,391.85476606,397.89634834,391.35325077,392.36764231,
2026-06-11 11:14:00,1781176440,392.36764231,392.86313498,389.48091829,390.32599792,
2026-06-11 11:15:00,1781176500,390.32599792,404.36038385,390.32599792,396.83875436,
2026-06-11 11:16:00,1781176560,396.83875436,396.92281749,393.53850125,393.87890243,
2026-06-11 11:17:00,1781176620,393.87890243,393.87890243,379.70964697,380.95935908,
2026-06-11 11:18:00,1781176680,380.95935908,410.51529962,380.88150124,404.9999443,
2026-06-11 11:19:00,1781176740,404.9999443,415.8448087,404.24522783,410.94083147,
2026-06-11 11:20:00,1781176800,410.94083147,415.5004406,408.96952987,409.42810093,
2026-06-11 11:21:00,1781176860,409.42810093,414.11613592,401.90262529,402.2594622,
2026-06-11 11:22:00,1781176920,402.2594622,402.89902136,395.94304005,399.31441259,
2026-06-11 11:23:00,1781176980,399.31441259,400.63100214,398.08582892,399.78252792,
2026-06-11 11:24:00,1781177040,399.78252792,402.92770102,395.6939895,398.80634355,
2026-06-11 11:25:00,1781177100,398.80634355,411.64973232,398.51691012,408.26597264,
2026-06-11 11:26:00,1781177160,408.26597264,416.00049722,407.82598654,415.63394413,
2026-06-11 11:27:00,1781177220,415.63394413,416.79284344,404.26539479,406.04686478,
2026-06-11 11:28:00,1781177280,406.04686478,408.14134372,392.76451378,393.53350152,
2026-06-11 11:29:00,1781177340,393.53350152,400.19223056,385.11201989,398.81808385,
2026-06-11 11:30:00,1781177400,398.81808385,399.87148392,380.63057872,385.85505862,
2026-06-11 11:31:00,1781177460,385.85505862,392.09570706,372.78459598,373.9363293,
2026-06-11 11:32:00,1781177520,373.9363293,384.94046815,368.21169319,384.75545372,
2026-06-11 11:33:00,1781177580,384.75545372,391.78303838,380.84502054,382.69456005,
2026-06-11 11:34:00,1781177640,382.69456005,394.78688186,382.69456005,389.1290288,
2026-06-11 11:35:00,1781177700,389.1290288,395.9438665,384.65929102,394.83100498,
2026-06-11 11:36:00,1781177760,394.83100498,403.0660456,394.80021433,403.06391455,
2026-06-11 11:37:00,1781177820,403.06391455,413.83408698,398.06960172,412.62549316,
2026-06-11 11:38:00,1781177880,412.62549316,420.9570033,406.58186348,415.57642086,
2026-06-11 11:39:00,1781177940,415.57642086,417.90573564,397.08583225,399.28557998,
2026-06-11 11:40:00,1781178000,399.28557998,406.14034611,396.44268634,405.08320503,
2026-06-11 11:41:00,1781178060,405.08320503,407.00805224,395.14762362,401.58413938,
2026-06-11 11:42:00,1781178120,401.58413938,407.58297545,399.81729975,399.81729975,
2026-06-11 11:43:00,1781178180,399.81729975,403.53446213,396.79100825,398.40626152,
2026-06-11 11:44:00,1781178240,398.40626152,408.7159536,398.02150372,401.93021641,
2026-06-11 11:45:00,1781178300,401.93021641,410.72638731,401.93021641,408.24816353,
2026-06-11 11:46:00,1781178360,408.24816353,408.30500094,404.58789511,404.97402904,
2026-06-11 11:47:00,1781178420,404.97402904,410.34663119,402.43942745,410.34663119,
2026-06-11 11:48:00,1781178480,410.34663119,413.38105933,408.41622447,409.74864559,
2026-06-11 11:49:00,1781178540,409.74864559,415.15315915,396.3334359,396.3334359,
2026-06-11 11:50:00,1781178600,396.3334359,400.31970185,394.37279796,397.06764078,
2026-06-11 11:51:00,1781178660,397.06764078,401.28480356,367.65982035,373.9909823,
2026-06-11 11:52:00,1781178720,373.9909823,390.60472734,370.08948582,387.72337399,
2026-06-11 11:53:00,1781178780,387.72337399,390.25585254,383.02298704,386.79180618,
2026-06-11 11:54:00,1781178840,386.79180618,392.79300521,386.75384978,388.7541198,
2026-06-11 11:55:00,1781178900,388.7541198,405.94888799,388.7541198,404.82464605,
2026-06-11 11:56:00,1781178960,404.82464605,415.90129997,404.82464605,408.51979078,
2026-06-11 11:57:00,1781179020,408.51979078,411.28952848,403.16817074,410.11693181,
2026-06-11 11:58:00,1781179080,410.11693181,410.54806968,406.64104508,408.39153357,
2026-06-11 11:59:00,1781179140,408.39153357,413.01309719,406.05002488,411.51421429,
2026-06-11 12:00:00,1781179200,411.51421429,431.48271032,409.0317537,428.40788672,
2026-06-11 12:01:00,1781179260,428.40788672,428.40788672,418.69243668,425.89283624,
2026-06-11 12:02:00,1781179320,425.89283624,432.45941661,423.36439879,427.97683186,
2026-06-11 12:03:00,1781179380,427.97683186,441.32045215,427.31811758,439.15225692,
2026-06-11 12:04:00,1781179440,439.15225692,443.20594277,420.90126046,421.83269654,
2026-06-11 12:05:00,1781179500,421.83269654,422.1720776,412.15856753,418.8994434,
2026-06-11 12:06:00,1781179560,418.8994434,427.60546562,409.98531606,425.77726867,
2026-06-11 12:07:00,1781179620,425.77726867,444.3966509,425.77726867,437.32451843,
2026-06-11 12:08:00,1781179680,437.32451843,439.20602023,427.52148537,429.71954416,
2026-06-11 12:09:00,1781179740,429.71954416,440.76063444,426.01741627,436.80932756,
2026-06-11 12:10:00,1781179800,436.80932756,438.45200029,404.9753055,405.86358329,
2026-06-11 12:11:00,1781179860,405.86358329,412.76670231,390.62533481,390.62533481,
2026-06-11 12:12:00,1781179920,390.62533481,396.58640978,384.83043302,385.64666966,
2026-06-11 12:13:00,1781179980,385.64666966,410.84974762,384.71320214,410.84974762,
2026-06-11 12:14:00,1781180040,410.84974762,419.83146209,396.35662763,398.60092097,
2026-06-11 12:15:00,1781180100,398.60092097,408.60600944,392.29646047,403.56677051,
2026-06-11 12:16:00,1781180160,403.56677051,406.67001488,398.77808366,400.44889786,
2026-06-11 12:17:00,1781180220,400.44889786,409.47402489,394.58693097,409.38334143,
2026-06-11 12:18:00,1781180280,409.38334143,410.57112302,387.11692097,392.32154448,
2026-06-11 12:19:00,1781180340,392.32154448,414.69060382,391.51662215,414.60145232,
2026-06-11 12:20:00,1781180400,414.60145232,460.13682154,414.60145232,459.51079567,
2026-06-11 12:21:00,1781180460,459.51079567,483.15791637,454.55236109,475.0325837,
2026-06-11 12:22:00,1781180520,475.0325837,545.45707226,472.48545249,540.93167907,
2026-06-11 12:23:00,1781180580,540.93167907,550.13603634,503.68482123,508.74529135,
2026-06-11 12:24:00,1781180640,508.74529135,538.26374449,487.11247433,528.90645503,
2026-06-11 12:25:00,1781180700,528.90645503,529.53526927,510.93496137,522.10113912,
2026-06-11 12:26:00,1781180760,522.10113912,523.31068034,499.9997105,500.27668458,
2026-06-11 12:27:00,1781180820,500.27668458,533.1917182,498.68143147,519.12924374,
2026-06-11 12:28:00,1781180880,519.12924374,545.46139286,508.25503036,541.74395065,
2026-06-11 12:29:00,1781180940,541.74395065,545.12126259,528.97659715,541.1152784,
2026-06-11 12:30:00,1781181000,541.1152784,605.78570878,499.84015136,557.86449292,
2026-06-11 12:31:00,1781181060,557.86449292,573.23959014,529.27090417,549.20633598,
2026-06-11 12:32:00,1781181120,549.20633598,572.9714458,544.26094176,548.78643593,
2026-06-11 12:33:00,1781181180,548.78643593,579.93169199,542.09117719,570.2482335,
2026-06-11 12:34:00,1781181240,570.2482335,579.84481111,501.07896547,511.94200977,
2026-06-11 12:35:00,1781181300,511.94200977,520.16954195,493.78108281,514.50702628,
2026-06-11 12:36:00,1781181360,514.50702628,514.50702628,486.13774652,494.96099555,
2026-06-11 12:37:00,1781181420,494.96099555,514.70676729,489.13547801,513.7835348,
2026-06-11 12:38:00,1781181480,513.7835348,513.7835348,471.36893712,495.7349623,
2026-06-11 12:39:00,1781181540,495.7349623,500.87663355,475.51567535,500.40878166,
2026-06-11 12:40:00,1781181600,500.40878166,506.36573808,490.23067557,494.28494129,
2026-06-11 12:41:00,1781181660,494.28494129,502.15410131,472.925334,476.42705932,
2026-06-11 12:42:00,1781181720,476.42705932,486.26171422,470.65686016,473.70606227,
2026-06-11 12:43:00,1781181780,473.70606227,496.13195323,469.86965197,496.13195323,
2026-06-11 12:44:00,1781181840,496.13195323,504.99181586,443.4514937,451.60916007,
2026-06-11 12:45:00,1781181900,451.60916007,472.90357159,448.27369987,451.58665249,
2026-06-11 12:46:00,1781181960,451.58665249,456.25465373,437.20414015,438.30174564,
2026-06-11 12:47:00,1781182020,438.30174564,458.89420811,427.70310631,453.3306927,
2026-06-11 12:48:00,1781182080,453.3306927,465.67929838,446.82771618,464.91642812,
2026-06-11 12:49:00,1781182140,464.91642812,470.20288153,437.3294656,437.3294656,
2026-06-11 12:50:00,1781182200,437.3294656,463.4735,433.92720035,458.06589679,
2026-06-11 12:51:00,1781182260,458.06589679,459.17062412,427.16777913,427.56812391,
2026-06-11 12:52:00,1781182320,427.56812391,427.56812391,412.52561251,424.65952318,
2026-06-11 12:53:00,1781182380,424.65952318,445.82473661,415.51326465,442.03197581,
2026-06-11 12:54:00,1781182440,442.03197581,446.71261228,437.34383668,440.56686134,
2026-06-11 12:55:00,1781182500,440.56686134,441.73046393,411.56794618,415.23791898,
2026-06-11 12:56:00,1781182560,415.23791898,423.56661515,411.9059769,420.04328153,
2026-06-11 12:57:00,1781182620,420.04328153,433.02775562,414.44617479,429.69632907,
2026-06-11 12:58:00,1781182680,429.69632907,436.74492657,413.95812025,417.45251155,
2026-06-11 12:59:00,1781182740,417.45251155,426.15363398,414.93030438,425.3607616,
2026-06-11 13:00:00,1781182800,425.3607616,447.68975203,424.21613125,445.72106544,
2026-06-11 13:01:00,1781182860,445.72106544,447.52787525,434.00144717,447.20571619,
2026-06-11 13:02:00,1781182920,447.20571619,458.8083934,442.36342573,450.47200312,
2026-06-11 13:03:00,1781182980,450.47200312,459.71001067,449.21157638,451.60663256,
2026-06-11 13:04:00,1781183040,451.60663256,454.25257917,432.05268519,442.12556118,
2026-06-11 13:05:00,1781183100,442.12556118,460.98243427,442.02762491,452.15395433,
2026-06-11 13:06:00,1781183160,452.15395433,459.80225914,444.44511395,449.98501063,
2026-06-11 13:07:00,1781183220,449.98501063,456.77904517,444.89701879,451.99500253,
2026-06-11 13:08:00,1781183280,451.99500253,457.20763917,449.35706699,452.67628602,
2026-06-11 13:09:00,1781183340,452.67628602,462.7972722,452.65511457,460.57232917,
2026-06-11 13:10:00,1781183400,460.57232917,460.66847457,452.07325722,453.20161531,
2026-06-11 13:11:00,1781183460,453.20161531,474.1807385,445.15371902,468.32503266,
2026-06-11 13:12:00,1781183520,468.32503266,468.32503266,452.16748421,457.13877989,
2026-06-11 13:13:00,1781183580,457.13877989,460.47823246,449.4239019,458.80281099,
2026-06-11 13:14:00,1781183640,458.80281099,459.42256938,449.5448062,456.10462223,
2026-06-11 13:15:00,1781183700,456.10462223,457.53996991,448.49533114,450.68848021,
2026-06-11 13:16:00,1781183760,450.68848021,450.68848021,439.47953315,440.0159221,
2026-06-11 13:17:00,1781183820,440.0159221,447.57103849,438.89513508,445.22171224,
2026-06-11 13:18:00,1781183880,445.22171224,447.14492645,436.28081899,437.40802488,
2026-06-11 13:19:00,1781183940,437.40802488,437.40802488,424.80934406,425.69092199,
2026-06-11 13:20:00,1781184000,425.69092199,425.75283643,411.52729712,422.62607734,
2026-06-11 13:21:00,1781184060,422.62607734,427.07954064,420.75831244,423.51736298,
2026-06-11 13:22:00,1781184120,423.51736298,454.67763015,423.51736298,452.3499135,
2026-06-11 13:23:00,1781184180,452.3499135,458.02237176,447.50267895,457.68149356,
2026-06-11 13:24:00,1781184240,457.68149356,485.22598022,454.46564732,482.81198178,
2026-06-11 13:25:00,1781184300,482.81198178,489.31860289,476.55087024,476.72229528,
2026-06-11 13:26:00,1781184360,476.72229528,485.28285098,475.49033333,478.40506703,
2026-06-11 13:27:00,1781184420,478.40506703,487.98638793,477.41876345,481.4247751,
2026-06-11 13:28:00,1781184480,481.4247751,488.07338434,476.7713534,476.7713534,
2026-06-11 13:29:00,1781184540,476.7713534,496.29149059,476.69965372,489.25068956,
2026-06-11 13:30:00,1781184600,489.25068956,507.44708598,489.25068956,491.73705048,
2026-06-11 13:31:00,1781184660,491.73705048,525.98294811,489.74723452,515.82564558,
2026-06-11 13:32:00,1781184720,515.82564558,536.59538059,512.49271519,520.28230022,
2026-06-11 13:33:00,1781184780,520.28230022,520.42573997,485.89626873,501.19251734,
2026-06-11 13:34:00,1781184840,501.19251734,521.38985036,492.48356087,500.67768009,
2026-06-11 13:35:00,1781184900,500.67768009,512.71305248,464.46018894,465.99825865,
2026-06-11 13:36:00,1781184960,465.99825865,473.2561721,442.3897704,473.18891765,
2026-06-11 13:37:00,1781185020,473.18891765,479.29430951,453.02475945,457.67158957,
2026-06-11 13:38:00,1781185080,457.67158957,496.21150294,454.9456624,493.33185742,
2026-06-11 13:39:00,1781185140,493.33185742,493.33185742,454.77157544,469.36458163,
2026-06-11 13:40:00,1781185200,469.36458163,504.60282463,466.66256523,473.71124814,
2026-06-11 13:41:00,1781185260,473.71124814,513.59635084,468.49113143,501.63919735,
2026-06-11 13:42:00,1781185320,501.63919735,515.99367135,479.90118197,489.43686798,
2026-06-11 13:43:00,1781185380,489.43686798,489.43686798,448.39113801,452.71794271,
2026-06-11 13:44:00,1781185440,452.71794271,453.62570986,427.8599701,427.8599701,
2026-06-11 13:45:00,1781185500,427.8599701,436.35751187,379.96908521,394.48315332,
2026-06-11 13:46:00,1781185560,394.48315332,416.36058217,394.03848574,404.88160995,
2026-06-11 13:47:00,1781185620,404.88160995,419.32543315,392.93261658,403.08996182,
2026-06-11 13:48:00,1781185680,403.08996182,412.06259696,398.26137626,401.93214347,
2026-06-11 13:49:00,1781185740,401.93214347,409.67867999,394.68410302,409.28480686,
2026-06-11 13:50:00,1781185800,409.28480686,410.99234883,370.65927633,373.95485174,
2026-06-11 13:51:00,1781185860,373.95485174,401.37574991,373.95485174,390.59841083,
2026-06-11 13:52:00,1781185920,390.59841083,397.3303221,370.89111533,387.89992381,
2026-06-11 13:53:00,1781185980,387.89992381,402.37816396,348.61797727,351.03597876,
2026-06-11 13:54:00,1781186040,351.03597876,375.37843304,348.80863925,370.52103232,
2026-06-11 13:55:00,1781186100,370.52103232,389.55579801,370.46493061,382.79767978,
2026-06-11 13:56:00,1781186160,382.79767978,408.12373358,382.10877567,408.0030632,
2026-06-11 13:57:00,1781186220,408.0030632,422.80355105,403.34750274,421.08504398,
2026-06-11 13:58:00,1781186280,421.08504398,421.08504398,401.93392443,407.47051152,
2026-06-11 13:59:00,1781186340,407.47051152,407.71222123,391.4447175,393.17321532,
2026-06-11 14:00:00,1781186400,393.17321532,408.65508488,391.66199215,402.67414644,
2026-06-11 14:01:00,1781186460,402.67414644,420.62265897,398.29498416,403.29653944,
2026-06-11 14:02:00,1781186520,403.29653944,412.8357359,396.89593504,405.76640523,
2026-06-11 14:03:00,1781186580,405.76640523,417.99454354,398.6608771,416.44647096,
2026-06-11 14:04:00,1781186640,416.44647096,421.90869122,388.35826887,389.35187537,
2026-06-11 14:05:00,1781186700,389.35187537,440.83076279,388.8223105,438.62119884,
2026-06-11 14:06:00,1781186760,438.62119884,448.69342469,424.95866289,444.09794696,
2026-06-11 14:07:00,1781186820,444.09794696,444.61096093,411.93687765,413.22231939,
2026-06-11 14:08:00,1781186880,413.22231939,428.21431815,413.22012362,418.10306,
2026-06-11 14:09:00,1781186940,418.10306,452.63572788,416.80131445,441.61212057,
2026-06-11 14:10:00,1781187000,441.61212057,475.96467704,434.59612641,475.96467704,
2026-06-11 14:11:00,1781187060,475.96467704,496.7362195,455.25124795,455.48277575,
2026-06-11 14:12:00,1781187120,455.48277575,477.96229386,446.42168439,474.61969303,
2026-06-11 14:13:00,1781187180,474.61969303,485.13282725,459.05198215,460.3843107,
2026-06-11 14:14:00,1781187240,460.3843107,479.03812823,456.74072255,476.27796006,
2026-06-11 14:15:00,1781187300,476.27796006,480.80587716,446.72169724,457.50973778,
2026-06-11 14:16:00,1781187360,457.50973778,499.03395049,453.94940995,497.36950321,
2026-06-11 14:17:00,1781187420,497.36950321,497.64015855,459.46486961,468.77842454,
2026-06-11 14:18:00,1781187480,468.77842454,493.01800961,465.25576761,492.3833959,
2026-06-11 14:19:00,1781187540,492.3833959,496.77179597,461.57184043,468.57929181,
2026-06-11 14:20:00,1781187600,468.57929181,475.12964278,447.02970303,447.63495743,
2026-06-11 14:21:00,1781187660,447.63495743,458.2967061,439.73055762,440.11211845,
2026-06-11 14:22:00,1781187720,440.11211845,466.47307421,431.45533972,441.06900316,
2026-06-11 14:23:00,1781187780,441.06900316,442.10493328,415.13871917,427.70441949,
2026-06-11 14:24:00,1781187840,427.70441949,437.87021248,408.72761388,421.01707508,
2026-06-11 14:25:00,1781187900,421.01707508,425.71122616,411.93507763,420.1877767,
2026-06-11 14:26:00,1781187960,420.1877767,449.02123435,419.96635714,446.6021092,
2026-06-11 14:27:00,1781188020,446.6021092,446.6021092,421.28684702,428.51021714,
2026-06-11 14:28:00,1781188080,428.51021714,434.93275004,413.99514755,415.19504219,
2026-06-11 14:29:00,1781188140,415.19504219,421.17405827,395.60975103,398.66789301,
2026-06-11 14:30:00,1781188200,398.66789301,436.32982719,390.37201839,430.64635806,
2026-06-11 14:31:00,1781188260,430.64635806,441.91158323,417.83898531,419.82696581,
2026-06-11 14:32:00,1781188320,419.82696581,427.21166021,405.90606013,421.9959249,
2026-06-11 14:33:00,1781188380,421.9959249,435.09699405,415.30696327,430.69228246,
2026-06-11 14:34:00,1781188440,430.69228246,444.6573119,423.47338799,425.02506487,
2026-06-11 14:35:00,1781188500,425.02506487,431.46726266,406.74796276,409.34028638,
2026-06-11 14:36:00,1781188560,409.34028638,417.13104959,376.80013109,377.41624636,
2026-06-11 14:37:00,1781188620,377.41624636,422.37846502,374.96802027,421.71214265,
2026-06-11 14:38:00,1781188680,421.71214265,423.00114127,405.12223763,412.84639161,
2026-06-11 14:39:00,1781188740,412.84639161,430.07789174,411.56798302,424.73538168,
2026-06-11 14:40:00,1781188800,424.73538168,433.8447325,418.20356675,418.51468229,
2026-06-11 14:41:00,1781188860,418.51468229,428.61113287,406.76113718,425.17135137,
2026-06-11 14:42:00,1781188920,425.17135137,435.29656686,415.30603532,427.08928305,
2026-06-11 14:43:00,1781188980,427.08928305,442.93590434,422.49900907,432.60711712,
2026-06-11 14:44:00,1781189040,432.60711712,440.543176,422.78825485,438.87117551,
2026-06-11 14:45:00,1781189100,438.87117551,441.03490931,422.57081703,426.26836313,
2026-06-11 14:46:00,1781189160,426.26836313,436.73259623,413.75191792,430.70625521,
2026-06-11 14:47:00,1781189220,430.70625521,431.74100231,417.71187035,427.53100635,
2026-06-11 14:48:00,1781189280,427.53100635,428.45195239,403.13343026,413.69831424,
2026-06-11 14:49:00,1781189340,413.69831424,426.65006737,409.62725377,424.28570085,
2026-06-11 14:50:00,1781189400,424.28570085,436.10780372,408.43878443,410.96019899,
2026-06-11 14:51:00,1781189460,410.96019899,415.54339777,385.23054305,397.28972986,
2026-06-11 14:52:00,1781189520,397.28972986,418.17776841,396.0808278,410.28017618,
2026-06-11 14:53:00,1781189580,410.28017618,412.28646557,391.95066476,409.70692709,
2026-06-11 14:54:00,1781189640,409.70692709,419.21357242,401.29076335,411.07595326,
2026-06-11 14:55:00,1781189700,411.07595326,425.9320251,409.73509079,425.09925551,
2026-06-11 14:56:00,1781189760,425.09925551,463.26636839,424.22447682,452.29965153,
2026-06-11 14:57:00,1781189820,452.29965153,461.8763873,434.18982402,435.49700177,
2026-06-11 14:58:00,1781189880,435.49700177,470.59211637,428.38465687,467.95899843,
2026-06-11 14:59:00,1781189940,467.95899843,476.99588006,465.02702181,475.71624855,
2026-06-11 15:00:00,1781190000,475.71624855,485.56274062,458.33887442,485.27572423,
2026-06-11 15:01:00,1781190060,485.27572423,543.45655553,485.27344898,528.46248591,
2026-06-11 15:02:00,1781190120,528.46248591,534.50448238,488.36750398,509.92240613,
2026-06-11 15:03:00,1781190180,509.92240613,510.47482254,472.405806,482.38937242,
2026-06-11 15:04:00,1781190240,482.38937242,489.66340948,469.17023844,477.52532351,
2026-06-11 15:05:00,1781190300,477.52532351,507.44099237,475.83328143,502.38160139,
2026-06-11 15:06:00,1781190360,502.38160139,507.26426681,476.28065393,487.87184508,
2026-06-11 15:07:00,1781190420,487.87184508,495.09843585,434.22324946,436.970867,
2026-06-11 15:08:00,1781190480,436.970867,460.76621054,427.57400452,447.05111355,
2026-06-11 15:09:00,1781190540,447.05111355,464.96135034,440.49953062,461.4683116,
2026-06-11 15:10:00,1781190600,461.4683116,482.42606365,461.36291076,472.74040495,
2026-06-11 15:11:00,1781190660,472.74040495,472.97196303,457.33708507,461.21338575,
2026-06-11 15:12:00,1781190720,461.21338575,465.21765387,421.02077529,436.40395516,
2026-06-11 15:13:00,1781190780,436.40395516,454.68971928,433.28386361,454.34198564,
2026-06-11 15:14:00,1781190840,454.34198564,481.31319254,454.34198564,480.6541077,
2026-06-11 15:15:00,1781190900,480.6541077,487.49642816,456.40816222,456.90640795,
2026-06-11 15:16:00,1781190960,456.90640795,480.73977504,450.52411453,480.16153193,
2026-06-11 15:17:00,1781191020,480.16153193,486.69880681,469.57156385,484.7191671,
2026-06-11 15:18:00,1781191080,484.7191671,505.64044141,479.45564555,502.94916206,
2026-06-11 15:19:00,1781191140,502.94916206,504.90016857,482.98278712,486.39740367,
2026-06-11 15:20:00,1781191200,486.39740367,489.37745275,444.22959337,449.32111094,
2026-06-11 15:21:00,1781191260,449.32111094,452.82210026,437.39781407,451.89121784,
2026-06-11 15:22:00,1781191320,451.89121784,469.13638932,451.34502644,462.72833207,
2026-06-11 15:23:00,1781191380,462.72833207,466.5363001,437.17647054,440.51082306,
2026-06-11 15:24:00,1781191440,440.51082306,447.71677419,436.93907005,447.71677419,
2026-06-11 15:25:00,1781191500,447.71677419,468.41575192,447.17589661,455.58232676,
2026-06-11 15:26:00,1781191560,455.58232676,468.07062855,451.23078631,451.23078631,
2026-06-11 15:27:00,1781191620,451.23078631,466.10127899,446.17293523,455.63575051,
2026-06-11 15:28:00,1781191680,455.63575051,471.13884599,453.88105298,463.60337589,
2026-06-11 15:29:00,1781191740,463.60337589,472.78215236,457.57411128,463.66205073,
2026-06-11 15:30:00,1781191800,463.66205073,482.65227244,455.89902673,480.98543114,
2026-06-11 15:31:00,1781191860,480.98543114,496.6939542,479.37151656,480.34262905,
2026-06-11 15:32:00,1781191920,480.34262905,481.85411192,463.8835244,463.98798415,
2026-06-11 15:33:00,1781191980,463.98798415,482.72012209,463.73060361,465.62416652,
2026-06-11 15:34:00,1781192040,465.62416652,465.62416652,446.98630439,454.07093095,
2026-06-11 15:35:00,1781192100,454.07093095,458.31403508,425.15146523,435.78727334,
2026-06-11 15:36:00,1781192160,435.78727334,452.27407271,425.2982243,427.84519196,
2026-06-11 15:37:00,1781192220,427.84519196,430.20535087,416.69170674,419.7498871,
2026-06-11 15:38:00,1781192280,419.7498871,438.45347435,418.92927702,419.3386582,
2026-06-11 15:39:00,1781192340,419.3386582,430.06840871,412.36153054,429.53763682,
2026-06-11 15:40:00,1781192400,429.53763682,433.29753904,413.61406999,415.32262218,
2026-06-11 15:41:00,1781192460,415.32262218,436.09171561,415.32262218,435.98969875,
2026-06-11 15:42:00,1781192520,435.98969875,446.98767302,432.11879944,439.78610563,
2026-06-11 15:43:00,1781192580,439.78610563,466.45901781,433.01591333,465.19526459,
2026-06-11 15:44:00,1781192640,465.19526459,479.67999592,457.89662141,478.32102149,
2026-06-11 15:45:00,1781192700,478.32102149,504.71140385,469.84491505,499.40610625,
2026-06-11 15:46:00,1781192760,499.40610625,499.40610625,468.271113,469.46519402,
2026-06-11 15:47:00,1781192820,469.46519402,470.37287012,456.0694027,462.26999854,
2026-06-11 15:48:00,1781192880,462.26999854,500.08118291,461.98866176,486.16105868,
2026-06-11 15:49:00,1781192940,486.16105868,492.59778092,473.71427669,489.52335744,
2026-06-11 15:50:00,1781193000,489.52335744,496.86633439,484.19351647,491.87510183,
2026-06-11 15:51:00,1781193060,491.87510183,493.41138713,477.88698109,483.91939539,
2026-06-11 15:52:00,1781193120,483.91939539,506.86929048,479.28871529,498.39930971,
2026-06-11 15:53:00,1781193180,498.39930971,512.12964983,495.64623283,501.08883555,
2026-06-11 15:54:00,1781193240,501.08883555,501.16317345,482.68006397,484.29026939,
2026-06-11 15:55:00,1781193300,484.29026939,505.0455362,476.0910485,478.27177975,
2026-06-11 15:56:00,1781193360,478.27177975,486.13729852,467.46311226,467.46311226,
2026-06-11 15:57:00,1781193420,467.46311226,473.46616431,457.99425503,461.04784441,
2026-06-11 15:58:00,1781193480,461.04784441,465.53840695,454.38861716,454.49019239,
2026-06-11 15:59:00,1781193540,454.49019239,459.31402308,443.03532395,443.20333964,
2026-06-11 16:00:00,1781193600,443.20333964,444.66492268,428.72912477,430.598914,
2026-06-11 16:01:00,1781193660,430.598914,444.79571977,420.75291111,442.95704081,
2026-06-11 16:02:00,1781193720,442.95704081,452.94641255,442.95704081,445.90423819,
2026-06-11 16:03:00,1781193780,445.90423819,460.47992781,440.67527123,460.30262425,
2026-06-11 16:04:00,1781193840,460.30262425,473.35453346,460.30262425,466.43292708,
2026-06-11 16:05:00,1781193900,466.43292708,471.51031223,449.87622793,451.0434481,
2026-06-11 16:06:00,1781193960,451.0434481,451.24596791,422.58226866,425.53824158,
2026-06-11 16:07:00,1781194020,425.53824158,430.11006782,415.03135078,415.73343586,
2026-06-11 16:08:00,1781194080,415.73343586,429.89379254,415.6987247,418.45923141,
2026-06-11 16:09:00,1781194140,418.45923141,449.83329366,418.45923141,447.67004269,
2026-06-11 16:10:00,1781194200,447.67004269,451.75876247,428.4278009,444.62658,
2026-06-11 16:11:00,1781194260,444.62658,447.45600212,435.99316854,440.15321025,
2026-06-11 16:12:00,1781194320,440.15321025,445.20050867,431.4373789,434.09478026,
2026-06-11 16:13:00,1781194380,434.09478026,439.84749742,430.83372099,436.6431392,
2026-06-11 16:14:00,1781194440,436.6431392,438.22714571,415.46276213,415.46276213,
2026-06-11 16:15:00,1781194500,415.46276213,426.11830694,409.10198641,421.83896253,
2026-06-11 16:16:00,1781194560,421.83896253,426.34615308,414.67019495,416.56507419,
2026-06-11 16:17:00,1781194620,416.56507419,432.35080803,415.56468612,417.87803812,
2026-06-11 16:18:00,1781194680,417.87803812,425.87555953,415.75023349,417.22164773,
2026-06-11 16:19:00,1781194740,417.22164773,424.30372242,415.84750222,418.10571898,
2026-06-11 16:20:00,1781194800,418.10571898,434.76128812,416.00727065,434.30962181,
2026-06-11 16:21:00,1781194860,434.30962181,465.59628464,421.93054402,458.16625963,
2026-06-11 16:22:00,1781194920,458.16625963,475.36423637,449.4445944,473.43450792,
2026-06-11 16:23:00,1781194980,473.43450792,478.10932362,462.66208991,474.50097616,
2026-06-11 16:24:00,1781195040,474.50097616,487.13131894,470.907061,483.4277598,
2026-06-11 16:25:00,1781195100,483.4277598,500.0346961,478.9419269,495.11465905,
2026-06-11 16:26:00,1781195160,495.11465905,496.59718754,477.19087329,485.12402466,
2026-06-11 16:27:00,1781195220,485.12402466,485.58016077,476.8996991,481.03278241,
2026-06-11 16:28:00,1781195280,481.03278241,482.07568783,465.48845147,474.53479822,
2026-06-11 16:29:00,1781195340,474.53479822,478.45539605,466.54348681,477.32424794,
2026-06-11 16:30:00,1781195400,477.32424794,489.94511208,472.21488996,483.49936587,
2026-06-11 16:31:00,1781195460,483.49936587,495.442931,480.3961287,495.442931,
2026-06-11 16:32:00,1781195520,495.442931,509.45091204,482.91429461,483.1704001,
2026-06-11 16:33:00,1781195580,483.1704001,486.49078945,460.18341493,460.18341493,
2026-06-11 16:34:00,1781195640,460.18341493,461.58969506,430.32578014,453.13557253,
2026-06-11 16:35:00,1781195700,453.13557253,463.112654,438.50710574,443.36844771,
2026-06-11 16:36:00,1781195760,443.36844771,446.74597326,417.89888188,417.89888188,
2026-06-11 16:37:00,1781195820,417.89888188,430.18240981,412.81294985,428.76418341,
2026-06-11 16:38:00,1781195880,428.76418341,445.28669226,425.33325861,433.22011613,
2026-06-11 16:39:00,1781195940,433.22011613,447.91603851,433.08249083,441.76469917,
2026-06-11 16:40:00,1781196000,441.76469917,454.845364,433.74844669,452.34580632,
2026-06-11 16:41:00,1781196060,452.34580632,463.88741751,444.57224857,463.06561219,
2026-06-11 16:42:00,1781196120,463.06561219,472.63555182,454.73824115,456.28436885,
2026-06-11 16:43:00,1781196180,456.28436885,460.86891224,441.96244179,456.22761242,
2026-06-11 16:44:00,1781196240,456.22761242,469.0642244,453.77843813,461.19755787,
2026-06-11 16:45:00,1781196300,461.19755787,476.22566108,448.05096223,476.22566108,
2026-06-11 16:46:00,1781196360,476.22566108,476.67197064,462.33051998,468.70498955,
2026-06-11 16:47:00,1781196420,468.70498955,475.21748344,463.523213,465.45792325,
2026-06-11 16:48:00,1781196480,465.45792325,465.45792325,449.72893297,452.29384258,
2026-06-11 16:49:00,1781196540,452.29384258,480.06392156,452.18601162,470.69375068,
2026-06-11 16:50:00,1781196600,470.69375068,488.65035453,465.62261457,465.62261457,
2026-06-11 16:51:00,1781196660,465.62261457,476.93105067,464.30644211,476.25055476,
2026-06-11 16:52:00,1781196720,476.25055476,487.67592137,470.4304724,479.04516892,
2026-06-11 16:53:00,1781196780,479.04516892,482.20277181,462.8386996,466.70683342,
2026-06-11 16:54:00,1781196840,466.70683342,471.87565637,453.8820309,471.57688707,
2026-06-11 16:55:00,1781196900,471.57688707,485.6490412,469.47026029,484.005201,
2026-06-11 16:56:00,1781196960,484.005201,487.96708779,470.62566352,478.6134188,
2026-06-11 16:57:00,1781197020,478.6134188,483.75736277,477.30935745,479.72267831,
2026-06-11 16:58:00,1781197080,479.72267831,481.57071536,473.9785546,481.5652209,
2026-06-11 16:59:00,1781197140,481.5652209,485.26534173,476.28016473,484.91179128,
2026-06-11 17:00:00,1781197200,484.91179128,495.12053724,484.23861611,487.77523864,
2026-06-11 17:01:00,1781197260,487.77523864,487.77523864,465.21134273,481.44945413,
2026-06-11 17:02:00,1781197320,481.44945413,496.45277273,474.77789101,496.33921813,
2026-06-11 17:03:00,1781197380,496.33921813,554.93407734,494.89877733,546.5827938,
2026-06-11 17:04:00,1781197440,546.5827938,560.66354961,539.6820107,540.32272478,
2026-06-11 17:05:00,1781197500,540.32272478,540.32272478,510.67825899,513.27865057,
2026-06-11 17:06:00,1781197560,513.27865057,520.68785118,503.39164389,511.98886087,
2026-06-11 17:07:00,1781197620,511.98886087,521.88520227,498.70429275,503.37479236,
2026-06-11 17:08:00,1781197680,503.37479236,515.14506581,501.05800404,512.98529243,
2026-06-11 17:09:00,1781197740,512.98529243,513.68341294,496.52002665,501.26295411,
2026-06-11 17:10:00,1781197800,501.26295411,507.47293164,480.66787963,490.03724389,
2026-06-11 17:11:00,1781197860,490.03724389,508.34978731,488.79392542,508.34978731,
2026-06-11 17:12:00,1781197920,508.34978731,531.1171663,495.52163458,530.13733402,
2026-06-11 17:13:00,1781197980,530.13733402,539.81600276,518.60456342,520.08253191,
2026-06-11 17:14:00,1781198040,520.08253191,521.75598868,511.87246115,521.36726006,
2026-06-11 17:15:00,1781198100,521.36726006,544.04715489,508.46554504,511.21149395,
2026-06-11 17:16:00,1781198160,511.21149395,512.6905008,500.64515171,502.44755709,
2026-06-11 17:17:00,1781198220,502.44755709,514.90321625,502.44755709,511.00570244,
2026-06-11 17:18:00,1781198280,511.00570244,542.98760747,511.00570244,540.37059745,
2026-06-11 17:19:00,1781198340,540.37059745,545.84943576,530.31183319,543.83257074,
2026-06-11 17:20:00,1781198400,543.83257074,555.92541905,532.02570353,533.76244815,
2026-06-11 17:21:00,1781198460,533.76244815,556.76317333,529.00571288,548.0849705,
2026-06-11 17:22:00,1781198520,548.0849705,560.22669915,536.12598206,552.89268724,
2026-06-11 17:23:00,1781198580,552.89268724,556.22923173,537.43652768,541.14642232,
2026-06-11 17:24:00,1781198640,541.14642232,559.47694131,534.38475089,537.23129508,
2026-06-11 17:25:00,1781198700,537.23129508,552.28472409,533.1270205,542.03659576,
2026-06-11 17:26:00,1781198760,542.03659576,560.38509107,537.88862463,559.92553687,
2026-06-11 17:27:00,1781198820,559.92553687,566.16312018,548.33252691,549.39462015,
2026-06-11 17:28:00,1781198880,549.39462015,549.78437696,407.10524799,440.12384136,
2026-06-11 17:29:00,1781198940,440.12384136,451.97031182,333.52564465,340.57767744,
2026-06-11 17:30:00,1781199000,340.57767744,342.93002364,298.87555442,323.92533812,
2026-06-11 17:31:00,1781199060,323.92533812,345.04133435,285.11516465,288.41533145,
2026-06-11 17:32:00,1781199120,288.41533145,292.01418015,237.6786638,237.6786638,
2026-06-11 17:33:00,1781199180,237.6786638,278.97573569,233.29101701,278.97573569,
2026-06-11 17:34:00,1781199240,278.97573569,313.62672125,278.97573569,293.9811865,
2026-06-11 17:35:00,1781199300,293.9811865,327.59025864,285.74187685,296.91087868,
2026-06-11 17:36:00,1781199360,296.91087868,323.39546771,290.20859026,316.52741512,
2026-06-11 17:37:00,1781199420,316.52741512,324.37844159,298.43859232,305.97288901,
2026-06-11 17:38:00,1781199480,305.97288901,316.20404842,292.28073081,297.51770489,
2026-06-11 17:39:00,1781199540,297.51770489,310.45307756,292.25567204,302.0081716,
2026-06-11 17:40:00,1781199600,302.0081716,302.1808253,274.12188037,277.9147367,
2026-06-11 17:41:00,1781199660,277.9147367,282.86520413,260.5967834,263.39458578,
2026-06-11 17:42:00,1781199720,263.39458578,283.56919017,259.58109115,274.1090019,
2026-06-11 17:43:00,1781199780,274.1090019,286.21740514,268.89284911,281.46443752,
2026-06-11 17:44:00,1781199840,281.46443752,287.45849522,272.34507259,276.61298442,
2026-06-11 17:45:00,1781199900,276.61298442,276.61298442,244.16495064,244.16495064,
2026-06-11 17:46:00,1781199960,244.16495064,280.30722513,244.05455235,271.72289762,
2026-06-11 17:47:00,1781200020,271.72289762,272.16955144,238.52696909,244.17744836,
2026-06-11 17:48:00,1781200080,244.17744836,244.73876676,229.81101163,243.81423259,
2026-06-11 17:49:00,1781200140,243.81423259,263.27756785,214.13481645,218.59629135,
2026-06-11 17:50:00,1781200200,218.59629135,248.01114405,218.43731781,247.96754524,
2026-06-11 17:51:00,1781200260,247.96754524,254.63043229,224.63815547,229.74522539,
2026-06-11 17:52:00,1781200320,229.74522539,242.43175577,218.67825028,241.44271621,
2026-06-11 17:53:00,1781200380,241.44271621,251.58929394,238.3316336,246.29427946,
2026-06-11 17:54:00,1781200440,246.29427946,254.22194658,242.64283507,243.78669248,
2026-06-11 17:55:00,1781200500,243.78669248,247.40777655,236.95412657,243.45111371,
2026-06-11 17:56:00,1781200560,243.45111371,263.00907839,242.71110516,251.45866037,
2026-06-11 17:57:00,1781200620,251.45866037,256.67651608,235.29520336,237.66974145,
2026-06-11 17:58:00,1781200680,237.66974145,239.08884845,217.8333821,222.36945615,
2026-06-11 17:59:00,1781200740,222.36945615,229.48389862,201.52285849,203.67838432,
2026-06-11 18:00:00,1781200800,203.67838432,208.03916233,190.75909648,198.96934763,
2026-06-11 18:01:00,1781200860,198.96934763,200.64536328,184.93747766,186.72628083,
2026-06-11 18:02:00,1781200920,186.72628083,210.20081322,178.15785893,209.48449568,
2026-06-11 18:03:00,1781200980,209.48449568,221.00234372,192.54091098,214.71408951,
2026-06-11 18:04:00,1781201040,214.71408951,236.24004094,213.60737416,232.84019737,
2026-06-11 18:05:00,1781201100,232.84019737,251.59281267,230.41724209,251.36584069,
2026-06-11 18:06:00,1781201160,251.36584069,262.24337481,246.46433097,252.28366101,
2026-06-11 18:07:00,1781201220,252.28366101,257.54165071,245.94233254,249.87774785,
2026-06-11 18:08:00,1781201280,249.87774785,260.03154508,243.6522532,256.29354688,
2026-06-11 18:09:00,1781201340,256.29354688,267.58673469,253.30413154,254.15332508,
2026-06-11 18:10:00,1781201400,254.15332508,264.4196886,249.12819517,255.67359687,
2026-06-11 18:11:00,1781201460,255.67359687,263.57516288,234.07226086,236.92764668,
2026-06-11 18:12:00,1781201520,236.92764668,237.23063197,219.51415625,232.98726519,
2026-06-11 18:13:00,1781201580,232.98726519,242.51568151,229.36422622,236.7044326,
2026-06-11 18:14:00,1781201640,236.7044326,240.90538278,230.72124306,232.37134996,
2026-06-11 18:15:00,1781201700,232.37134996,233.97058805,208.71476831,208.71476831,
2026-06-11 18:16:00,1781201760,208.71476831,216.17645538,206.88306838,212.36637758,
2026-06-11 18:17:00,1781201820,212.36637758,231.6895783,212.36637758,223.89191454,
2026-06-11 18:18:00,1781201880,223.89191454,239.75972708,221.35723396,233.32200457,
2026-06-11 18:19:00,1781201940,233.32200457,241.11485419,216.90084112,223.24038506,
2026-06-11 18:20:00,1781202000,223.24038506,235.65736527,220.32939415,230.92241656,
2026-06-11 18:21:00,1781202060,230.92241656,235.45963738,220.52058841,232.56541027,
2026-06-11 18:22:00,1781202120,232.56541027,275.08228176,232.56541027,258.92762087,
2026-06-11 18:23:00,1781202180,258.92762087,269.18186035,251.5249252,264.06799845,
2026-06-11 18:24:00,1781202240,264.06799845,272.8498497,258.6474177,263.4916415,
2026-06-11 18:25:00,1781202300,263.4916415,264.10227856,250.7555522,251.10596783,
2026-06-11 18:26:00,1781202360,251.10596783,258.39390296,250.04069069,251.45281167,
2026-06-11 18:27:00,1781202420,251.45281167,258.15080019,249.70730093,255.5178927,
2026-06-11 18:28:00,1781202480,255.5178927,271.34180855,254.93233074,262.15913269,
2026-06-11 18:29:00,1781202540,262.15913269,270.36998321,257.78465048,263.96201059,
2026-06-11 18:30:00,1781202600,263.96201059,266.7695632,245.70684137,245.81372091,
2026-06-11 18:31:00,1781202660,245.81372091,253.17711252,244.7936285,252.1306026,
2026-06-11 18:32:00,1781202720,252.1306026,270.36890473,252.10647491,263.12589403,
2026-06-11 18:33:00,1781202780,263.12589403,268.20477399,248.91369599,250.78331523,
2026-06-11 18:34:00,1781202840,250.78331523,255.66315632,247.07856151,255.43334787,
2026-06-11 18:35:00,1781202900,255.43334787,255.76736303,248.83263337,251.89161177,
2026-06-11 18:36:00,1781202960,251.89161177,252.92804573,233.09984395,234.5547007,
2026-06-11 18:37:00,1781203020,234.5547007,239.8924095,233.04728863,239.19139339,
2026-06-11 18:38:00,1781203080,239.19139339,243.68783084,236.54955536,237.46287998,
2026-06-11 18:39:00,1781203140,237.46287998,240.28698554,232.51644916,236.37354523,
2026-06-11 18:40:00,1781203200,236.37354523,240.70904219,229.22515791,240.0245033,
2026-06-11 18:41:00,1781203260,240.0245033,242.64840896,234.25655233,241.15297431,
2026-06-11 18:42:00,1781203320,241.15297431,245.17031934,240.15984253,241.92543997,
2026-06-11 18:43:00,1781203380,241.92543997,243.52957635,230.95184161,232.87067003,
2026-06-11 18:44:00,1781203440,232.87067003,237.51101524,231.7482273,233.82036593,
2026-06-11 18:45:00,1781203500,233.82036593,240.52123674,232.72746265,235.55313417,
2026-06-11 18:46:00,1781203560,235.55313417,237.7999749,233.8024775,236.43368474,
2026-06-11 18:47:00,1781203620,236.43368474,238.2633035,227.01384266,227.21612193,
2026-06-11 18:48:00,1781203680,227.21612193,237.30777766,227.21425044,236.7017465,
2026-06-11 18:49:00,1781203740,236.7017465,246.32124421,236.63691012,239.56921544,
2026-06-11 18:50:00,1781203800,239.56921544,240.71153099,233.82019853,239.72636936,
2026-06-11 18:51:00,1781203860,239.72636936,245.44319328,239.31941813,245.44319328,
2026-06-11 18:52:00,1781203920,245.44319328,245.67761219,230.72698147,230.72698147,
2026-06-11 18:53:00,1781203980,230.72698147,233.98803598,225.54054688,230.55042033,
2026-06-11 18:54:00,1781204040,230.55042033,240.72460214,229.8852888,240.72460214,
2026-06-11 18:55:00,1781204100,240.72460214,245.41826625,237.62588004,242.39354432,
2026-06-11 18:56:00,1781204160,242.39354432,244.02829732,229.74130341,231.99665599,
2026-06-11 18:57:00,1781204220,231.99665599,236.51280592,231.63612021,234.33010905,
2026-06-11 18:58:00,1781204280,234.33010905,241.40041811,232.06984612,241.27225795,
2026-06-11 18:59:00,1781204340,241.27225795,250.80934118,240.95169375,248.67261422,
2026-06-11 19:00:00,1781204400,248.67261422,257.58876944,242.39689805,243.77207204,
2026-06-11 19:01:00,1781204460,243.77207204,245.44030446,227.64351051,231.14144136,
2026-06-11 19:02:00,1781204520,231.14144136,231.21888626,217.71735761,227.15708952,
2026-06-11 19:03:00,1781204580,227.15708952,240.9931724,226.04794347,237.40274555,
2026-06-11 19:04:00,1781204640,237.40274555,241.02196141,233.45171572,238.76147783,
2026-06-11 19:05:00,1781204700,238.76147783,240.57056139,234.43624528,239.73311093,
2026-06-11 19:06:00,1781204760,239.73311093,247.18946854,238.06150527,240.75639613,
2026-06-11 19:07:00,1781204820,240.75639613,246.08058536,239.91491367,243.82982961,
2026-06-11 19:08:00,1781204880,243.82982961,262.26223895,243.5702576,254.78461117,
2026-06-11 19:09:00,1781204940,254.78461117,256.44855327,244.74089335,251.57220541,
2026-06-11 19:10:00,1781205000,251.57220541,252.08392535,238.23839037,244.65843704,
2026-06-11 19:11:00,1781205060,244.65843704,258.68499523,242.78418725,251.06102759,
2026-06-11 19:12:00,1781205120,251.06102759,251.06102759,217.71185244,226.30214926,
2026-06-11 19:13:00,1781205180,226.30214926,244.76660262,223.22498874,231.1458778,
2026-06-11 19:14:00,1781205240,231.1458778,233.52828779,220.94731235,226.77900665,
2026-06-11 19:15:00,1781205300,226.77900665,228.53862586,215.55063661,217.28775179,
2026-06-11 19:16:00,1781205360,217.28775179,218.26391431,211.01729243,213.73672988,
2026-06-11 19:17:00,1781205420,213.73672988,216.41985872,202.24492592,204.7888182,
2026-06-11 19:18:00,1781205480,204.7888182,208.04763503,198.80385555,204.45031957,
2026-06-11 19:19:00,1781205540,204.45031957,217.77483434,204.45031957,212.17324022,
2026-06-11 19:20:00,1781205600,212.17324022,212.17324022,198.95113512,208.66967825,
2026-06-11 19:21:00,1781205660,208.66967825,213.0586846,207.21492617,210.56023685,
2026-06-11 19:22:00,1781205720,210.56023685,210.76665313,204.49975057,207.11842247,
2026-06-11 19:23:00,1781205780,207.11842247,207.36489407,198.97230052,203.37166274,
2026-06-11 19:24:00,1781205840,203.37166274,207.15969189,199.65547895,203.86026975,
2026-06-11 19:25:00,1781205900,203.86026975,215.56101674,203.85582886,206.63461304,
2026-06-11 19:26:00,1781205960,206.63461304,215.27803721,203.23713411,204.59284056,
2026-06-11 19:27:00,1781206020,204.59284056,219.7125318,204.57224914,216.33104496,
2026-06-11 19:28:00,1781206080,216.33104496,223.33334527,214.5721385,215.01692624,
2026-06-11 19:29:00,1781206140,215.01692624,221.28039503,211.36828617,220.37207159,
2026-06-11 19:30:00,1781206200,220.37207159,221.60465061,165.71937866,165.71937866,
2026-06-11 19:31:00,1781206260,165.71937866,185.10491604,165.71937866,183.96723031,
2026-06-11 19:32:00,1781206320,183.96723031,186.65136116,172.71362908,177.39367093,
2026-06-11 19:33:00,1781206380,177.39367093,184.45829201,167.98836792,175.92310591,
2026-06-11 19:34:00,1781206440,175.92310591,207.6322463,173.924453,201.38900986,
2026-06-11 19:35:00,1781206500,201.38900986,211.73249171,193.26463069,195.82099573,
2026-06-11 19:36:00,1781206560,195.82099573,200.62012146,189.26408809,197.04062334,
2026-06-11 19:37:00,1781206620,197.04062334,199.84228683,184.54925883,188.86177742,
2026-06-11 19:38:00,1781206680,188.86177742,202.42202749,188.07645928,202.42202749,
2026-06-11 19:39:00,1781206740,202.42202749,215.39118868,200.3151382,213.85015574,
2026-06-11 19:40:00,1781206800,213.85015574,213.85015574,197.44379667,198.65406375,
2026-06-11 19:41:00,1781206860,198.65406375,198.85251317,188.52690067,190.76684447,
2026-06-11 19:42:00,1781206920,190.76684447,192.58648885,188.86779668,191.0689503,
2026-06-11 19:43:00,1781206980,191.0689503,198.31299579,190.18691816,197.31028698,
2026-06-11 19:44:00,1781207040,197.31028698,214.02522839,196.56763641,209.97022326,
2026-06-11 19:45:00,1781207100,209.97022326,215.17106579,209.37156713,210.01487473,
2026-06-11 19:46:00,1781207160,210.01487473,219.38879594,207.4944861,216.65466694,
2026-06-11 19:47:00,1781207220,216.65466694,216.65466694,202.63867553,202.65193075,
2026-06-11 19:48:00,1781207280,202.65193075,210.8043661,201.01322115,203.33225915,
2026-06-11 19:49:00,1781207340,203.33225915,212.35972423,201.88260029,211.57909433,
2026-06-11 19:50:00,1781207400,211.57909433,223.64237074,206.99434319,217.09275513,
2026-06-11 19:51:00,1781207460,217.09275513,219.12374676,205.99598975,206.22889481,
2026-06-11 19:52:00,1781207520,206.22889481,217.05824635,204.37458287,212.95219416,
2026-06-11 19:53:00,1781207580,212.95219416,216.87294522,208.49145892,208.88998896,
2026-06-11 19:54:00,1781207640,208.88998896,211.18565816,205.44135344,205.44135344,
2026-06-11 19:55:00,1781207700,205.44135344,220.4384873,205.43951287,211.90173402,
2026-06-11 19:56:00,1781207760,211.90173402,214.06025962,210.40592852,213.21278658,
2026-06-11 19:57:00,1781207820,213.21278658,218.33847656,209.53243201,210.84894965,
2026-06-11 19:58:00,1781207880,210.84894965,216.46853284,208.20233418,216.19633496,
2026-06-11 19:59:00,1781207940,216.19633496,222.68672819,211.23278754,219.47474918,
2026-06-11 20:00:00,1781208000,219.47474918,233.21771783,211.39858245,230.21888936,
2026-06-11 20:01:00,1781208060,230.21888936,231.28811866,215.90797448,221.41148169,
2026-06-11 20:02:00,1781208120,221.41148169,226.80057316,207.18537441,211.97811541,
2026-06-11 20:03:00,1781208180,211.97811541,223.04030106,208.7111449,216.05317968,
2026-06-11 20:04:00,1781208240,216.05317968,219.95238194,212.71138057,217.15427237,
2026-06-11 20:05:00,1781208300,217.15427237,217.92239157,206.78715063,209.23888751,
2026-06-11 20:06:00,1781208360,209.23888751,217.70863344,209.09845731,217.58254096,
2026-06-11 20:07:00,1781208420,217.58254096,225.51864854,216.72603433,220.89539637,
2026-06-11 20:08:00,1781208480,220.89539637,228.59816448,220.07034979,223.89237081,
2026-06-11 20:09:00,1781208540,223.89237081,224.81681728,221.26399444,223.39386425,
2026-06-11 20:10:00,1781208600,223.39386425,235.48535794,223.39386425,234.40840645,
2026-06-11 20:11:00,1781208660,234.40840645,238.81976657,228.7739862,230.24113563,
2026-06-11 20:12:00,1781208720,230.24113563,230.91281591,227.7362404,228.92779788,
2026-06-11 20:13:00,1781208780,228.92779788,234.87191792,226.15974404,231.33051661,
2026-06-11 20:14:00,1781208840,231.33051661,231.92767486,225.00882623,227.1917395,
2026-06-11 20:15:00,1781208900,227.1917395,233.04055801,225.30434597,231.99051261,
2026-06-11 20:16:00,1781208960,231.99051261,233.38826714,226.88001744,227.12155977,
2026-06-11 20:17:00,1781209020,227.12155977,228.71158765,222.18912327,223.95201058,
2026-06-11 20:18:00,1781209080,223.95201058,227.88580698,221.56355823,227.31336437,
2026-06-11 20:19:00,1781209140,227.31336437,227.31336437,221.42887364,226.12282042,
2026-06-11 20:20:00,1781209200,226.12282042,226.22362723,224.02182917,225.08655157,
2026-06-11 20:21:00,1781209260,225.08655157,236.1760016,223.78387745,236.1760016,
2026-06-11 20:22:00,1781209320,236.1760016,240.47510679,235.84083997,237.08368557,
2026-06-11 20:23:00,1781209380,237.08368557,237.10309789,230.90569485,230.98962827,
2026-06-11 20:24:00,1781209440,230.98962827,233.80072743,229.84092223,232.98571172,
2026-06-11 20:25:00,1781209500,232.98571172,241.85262228,232.54869865,238.25772379,
2026-06-11 20:26:00,1781209560,238.25772379,244.63284818,230.39157884,243.90540897,
2026-06-11 20:27:00,1781209620,243.90540897,246.78072203,235.53772628,245.70900656,
2026-06-11 20:28:00,1781209680,245.70900656,266.26212206,245.70701862,253.43306725,
2026-06-11 20:29:00,1781209740,253.43306725,256.33828119,250.56263549,250.77806929,
2026-06-11 20:30:00,1781209800,250.77806929,256.79155285,250.61070276,252.45362445,
2026-06-11 20:31:00,1781209860,252.45362445,257.10796623,245.37988513,255.72442906,
2026-06-11 20:32:00,1781209920,255.72442906,256.9439778,247.96605606,248.80865037,
2026-06-11 20:33:00,1781209980,248.80865037,252.00039074,240.06965624,243.32466877,
2026-06-11 20:34:00,1781210040,243.32466877,246.6475515,239.72883819,244.46214995,
2026-06-11 20:35:00,1781210100,244.46214995,255.54857708,244.46017448,253.6217717,
2026-06-11 20:36:00,1781210160,253.6217717,258.79566815,252.06966592,256.34884165,
2026-06-11 20:37:00,1781210220,256.34884165,258.50247291,254.13455327,254.13455327,
2026-06-11 20:38:00,1781210280,254.13455327,255.64727478,251.60073468,254.9049823,
2026-06-11 20:39:00,1781210340,254.9049823,257.94535074,251.81674651,252.22421674,
2026-06-11 20:40:00,1781210400,252.22421674,253.50574066,242.39036607,245.10043846,
2026-06-11 20:41:00,1781210460,245.10043846,256.15308663,244.9413189,256.12986723,
2026-06-11 20:42:00,1781210520,256.12986723,261.1183594,255.75451294,259.35206414,
2026-06-11 20:43:00,1781210580,259.35206414,259.90474302,255.24582615,258.15238678,
2026-06-11 20:44:00,1781210640,258.15238678,261.79001295,254.83051691,261.43971058,
2026-06-11 20:45:00,1781210700,261.43971058,265.42129943,256.74675968,257.00438273,
2026-06-11 20:46:00,1781210760,257.00438273,263.97880852,257.00438273,262.07976404,
2026-06-11 20:47:00,1781210820,262.07976404,263.1007281,256.23460374,259.78500018,
2026-06-11 20:48:00,1781210880,259.78500018,262.65789873,258.87726012,261.39028195,
2026-06-11 20:49:00,1781210940,261.39028195,261.39028195,258.13950145,260.02692427,
2026-06-11 20:50:00,1781211000,260.02692427,260.0453021,256.25983305,260.01959726,
2026-06-11 20:51:00,1781211060,260.01959726,260.01959726,249.45462725,249.45462725,
2026-06-11 20:52:00,1781211120,249.45462725,250.54879656,233.51869919,233.59753284,
2026-06-11 20:53:00,1781211180,233.59753284,239.69861793,233.4285611,233.4285611,
2026-06-11 20:54:00,1781211240,233.4285611,235.61107753,230.95642429,231.96535084,
2026-06-11 20:55:00,1781211300,231.96535084,235.77420231,231.89832791,234.42109922,
2026-06-11 20:56:00,1781211360,234.42109922,234.85727598,230.62367075,231.4050999,
2026-06-11 20:57:00,1781211420,231.4050999,233.31520793,229.62130728,230.02872577,
2026-06-11 20:58:00,1781211480,230.02872577,237.08922065,227.89423814,233.94623386,
2026-06-11 20:59:00,1781211540,233.94623386,233.94623386,227.48674928,232.55828405,
2026-06-11 21:00:00,1781211600,232.55828405,232.63372819,225.79993713,227.13758239,
2026-06-11 21:01:00,1781211660,227.13758239,227.13758239,220.56461883,222.68060086,
2026-06-11 21:02:00,1781211720,222.68060086,229.29888316,222.67248789,228.97377917,
2026-06-11 21:03:00,1781211780,228.97377917,229.95841594,228.15414395,228.15414395,
2026-06-11 21:04:00,1781211840,228.15414395,228.9983032,216.29971704,216.96880626,
2026-06-11 21:05:00,1781211900,216.96880626,217.63623871,209.44017592,215.70047529,
2026-06-11 21:06:00,1781211960,215.70047529,217.6506487,214.95214944,217.04183928,
2026-06-11 21:07:00,1781212020,217.04183928,217.09946381,211.42454548,216.23714801,
2026-06-11 21:08:00,1781212080,216.23714801,216.3589598,210.90425926,212.60481593,
2026-06-11 21:09:00,1781212140,212.60481593,215.69836321,212.31835149,215.05136763,
2026-06-11 21:10:00,1781212200,215.05136763,215.474283,214.41072246,215.44628641,
2026-06-11 21:11:00,1781212260,215.44628641,217.69499186,214.25777647,215.39508903,
2026-06-11 21:12:00,1781212320,215.39508903,215.39679407,212.70335413,212.89833353,
2026-06-11 21:13:00,1781212380,212.89833353,212.89833353,190.9610487,194.59806283,
2026-06-11 21:14:00,1781212440,194.59806283,201.8837136,194.59806283,201.47342717,
2026-06-11 21:15:00,1781212500,201.47342717,206.3046968,201.45224007,205.22716756,
2026-06-11 21:16:00,1781212560,205.22716756,210.14929462,203.67320532,207.8797783,
2026-06-11 21:17:00,1781212620,207.8797783,210.12880605,205.12856383,209.23824308,
2026-06-11 21:18:00,1781212680,209.23824308,210.836915,206.57709075,207.76581911,
2026-06-11 21:19:00,1781212740,207.76581911,208.53723939,204.76962444,206.81679409,
2026-06-11 21:20:00,1781212800,206.81679409,209.63956023,204.76226291,208.47885561,
2026-06-11 21:21:00,1781212860,208.47885561,212.35783248,207.15627423,207.307819,
2026-06-11 21:22:00,1781212920,207.307819,207.307819,202.23593943,202.41103279,
2026-06-11 21:23:00,1781212980,202.41103279,202.45883148,199.17278445,202.1163318,
2026-06-11 21:24:00,1781213040,202.1163318,210.72536327,202.11449658,209.03214587,
2026-06-11 21:25:00,1781213100,209.03214587,217.05631918,209.03027991,213.82839767,
2026-06-11 21:26:00,1781213160,213.82839767,220.76795434,213.66732248,220.62013162,
2026-06-11 21:27:00,1781213220,220.62013162,221.78763861,218.48266447,218.66781885,
2026-06-11 21:28:00,1781213280,218.66781885,223.52026224,218.14642974,220.15387154,
2026-06-11 21:29:00,1781213340,220.15387154,220.23527284,213.92017216,214.02013889,
2026-06-11 21:30:00,1781213400,214.02013889,214.05900474,210.14918284,210.14918284,
2026-06-11 21:31:00,1781213460,210.14918284,212.0293044,208.95726231,210.51781203,
2026-06-11 21:32:00,1781213520,210.51781203,212.04631763,206.66995353,206.68792767,
2026-06-11 21:33:00,1781213580,206.68792767,207.2977664,205.91597732,206.67666828,
2026-06-11 21:34:00,1781213640,206.67666828,212.36205231,206.67481138,211.66827879,
2026-06-11 21:35:00,1781213700,211.66827879,218.04146011,211.56346337,215.89990904,
2026-06-11 21:36:00,1781213760,215.89990904,215.96152564,212.60127634,213.08691295,
2026-06-11 21:37:00,1781213820,213.08691295,215.32774989,212.76264566,215.24574624,
2026-06-11 21:38:00,1781213880,215.24574624,215.26434986,204.74292954,205.31806876,
2026-06-11 21:39:00,1781213940,205.31806876,208.25303156,203.5025042,203.5025042,
2026-06-11 21:40:00,1781214000,203.5025042,212.77389789,200.58638514,211.93151417,
2026-06-11 21:41:00,1781214060,211.93151417,213.7971257,209.18639919,209.30479237,
2026-06-11 21:42:00,1781214120,209.30479237,209.30479237,203.53373923,204.38964994,
2026-06-11 21:43:00,1781214180,204.38964994,210.97949303,203.91523819,210.50554924,
2026-06-11 21:44:00,1781214240,210.50554924,210.96756256,201.9795736,202.14015377,
2026-06-11 21:45:00,1781214300,202.14015377,204.64613377,198.14158652,203.22178625,
2026-06-11 21:46:00,1781214360,203.22178625,204.2057781,197.60426423,201.0570118,
2026-06-11 21:47:00,1781214420,201.0570118,203.85469988,196.2447609,199.43949741,
2026-06-11 21:48:00,1781214480,199.43949741,200.53293406,194.90989449,195.51260674,
2026-06-11 21:49:00,1781214540,195.51260674,199.99752154,193.99609566,199.63371391,
2026-06-11 21:50:00,1781214600,199.63371391,204.26007449,199.37717876,204.24040408,
2026-06-11 21:51:00,1781214660,204.24040408,205.93371897,198.68307423,198.70235433,
2026-06-11 21:52:00,1781214720,198.70235433,200.59415437,194.65134888,198.63888634,
2026-06-11 21:53:00,1781214780,198.63888634,200.61051593,197.5805344,200.61051593,
2026-06-11 21:54:00,1781214840,200.61051593,207.67308339,199.83070677,204.22324164,
2026-06-11 21:55:00,1781214900,204.22324164,211.84738308,204.221382,211.84738308,
2026-06-11 21:56:00,1781214960,211.84738308,215.92602892,210.15233346,214.81744175,
2026-06-11 21:57:00,1781215020,214.81744175,216.09278339,211.60429594,211.60429594,
2026-06-11 21:58:00,1781215080,211.60429594,211.66264255,204.83897481,204.87676377,
2026-06-11 21:59:00,1781215140,204.87676377,212.18801458,201.52230295,201.53334407,
2026-06-11 22:00:00,1781215200,201.53334407,205.45910169,193.08454153,193.87257895,
2026-06-11 22:01:00,1781215260,193.87257895,198.14626995,190.8782894,190.8782894,
2026-06-11 22:02:00,1781215320,190.8782894,199.66694105,187.99051458,193.30973113,
2026-06-11 22:03:00,1781215380,193.30973113,193.30973113,187.16697039,187.16697039,
2026-06-11 22:04:00,1781215440,187.16697039,191.56836594,176.94341496,190.51039135,
2026-06-11 22:05:00,1781215500,190.51039135,192.12583166,183.04137656,187.49059443,
2026-06-11 22:06:00,1781215560,187.49059443,191.41871683,179.76475494,184.3321631,
2026-06-11 22:07:00,1781215620,184.3321631,184.3321631,174.3433232,177.35835312,
2026-06-11 22:08:00,1781215680,177.35835312,182.97552974,176.59043089,179.90078721,
2026-06-11 22:09:00,1781215740,179.90078721,179.90078721,173.99452089,179.61715787,
2026-06-11 22:10:00,1781215800,179.61715787,185.75094646,179.61715787,180.66377413,
2026-06-11 22:11:00,1781215860,180.66377413,184.43651151,175.6269096,184.03400423,
2026-06-11 22:12:00,1781215920,184.03400423,190.90381622,183.42545578,188.76102557,
2026-06-11 22:13:00,1781215980,188.76102557,189.29730504,181.2261766,182.53936754,
2026-06-11 22:14:00,1781216040,182.53936754,182.88325354,178.49766908,180.82995668,
2026-06-11 22:15:00,1781216100,180.82995668,186.96357403,179.13402139,184.03602417,
2026-06-11 22:16:00,1781216160,184.03602417,185.55766072,173.26612443,179.21973521,
2026-06-11 22:17:00,1781216220,179.21973521,180.3446399,172.21984971,178.1381696,
2026-06-11 22:18:00,1781216280,178.1381696,181.43948019,177.57372856,179.47854072,
2026-06-11 22:19:00,1781216340,179.47854072,181.43316907,177.57516889,178.90272715,
2026-06-11 22:20:00,1781216400,178.90272715,182.80200549,177.89416393,180.6454618,
2026-06-11 22:21:00,1781216460,180.6454618,184.30525924,180.6454618,183.60180413,
2026-06-11 22:22:00,1781216520,183.60180413,192.58890332,183.60002136,192.08930827,
2026-06-11 22:23:00,1781216580,192.08930827,194.78098877,187.18879831,189.44873574,
2026-06-11 22:24:00,1781216640,189.44873574,192.49550055,187.13460268,191.79109633,
2026-06-11 22:25:00,1781216700,191.79109633,196.58668677,190.17491919,191.45243385,
2026-06-11 22:26:00,1781216760,191.45243385,193.47846718,189.09650261,190.85070215,
2026-06-11 22:27:00,1781216820,190.85070215,192.20210261,189.04086236,190.63431724,
2026-06-11 22:28:00,1781216880,190.63431724,193.78331234,186.47202281,187.60227742,
2026-06-11 22:29:00,1781216940,187.60227742,187.60227742,181.33856146,183.83933636,
2026-06-11 22:30:00,1781217000,183.83933636,186.93271707,181.00971118,181.35533152,
2026-06-11 22:31:00,1781217060,181.35533152,183.38259644,174.28581609,183.27301293,
2026-06-11 22:32:00,1781217120,183.27301293,189.69535764,183.12519855,189.33861689,
2026-06-11 22:33:00,1781217180,189.33861689,191.65321827,184.32268583,187.28460232,
2026-06-11 22:34:00,1781217240,187.28460232,196.07868649,184.41799162,196.07868649,
2026-06-11 22:35:00,1781217300,196.07868649,201.62821535,187.66573961,187.66573961,
2026-06-11 22:36:00,1781217360,187.66573961,188.12886298,183.21228874,184.86232151,
2026-06-11 22:37:00,1781217420,184.86232151,189.38565047,184.8384839,189.10273706,
2026-06-11 22:38:00,1781217480,189.10273706,196.07393783,189.04455562,194.98589041,
2026-06-11 22:39:00,1781217540,194.98589041,198.82213074,191.07148374,191.60293477,
2026-06-11 22:40:00,1781217600,191.60293477,193.61019697,186.37693543,191.4636594,
2026-06-11 22:41:00,1781217660,191.4636594,197.26070055,191.30983581,196.25078496,
2026-06-11 22:42:00,1781217720,196.25078496,198.60050033,194.86949424,198.04910478,
2026-06-11 22:43:00,1781217780,198.04910478,199.33968323,194.88674647,195.07852355,
2026-06-11 22:44:00,1781217840,195.07852355,197.53619081,195.03989316,196.9428312,
2026-06-11 22:45:00,1781217900,196.9428312,197.73529141,191.6417025,193.98872429,
2026-06-11 22:46:00,1781217960,193.98872429,202.56650391,193.86766042,201.39013286,
2026-06-11 22:47:00,1781218020,201.39013286,202.96981675,200.82586221,202.96981675,
2026-06-11 22:48:00,1781218080,202.96981675,204.67537544,200.21311973,200.81129898,
2026-06-11 22:49:00,1781218140,200.81129898,200.94831424,187.91200014,193.92110881,
2026-06-11 22:50:00,1781218200,193.92110881,194.36021851,188.26573566,188.77731817,
2026-06-11 22:51:00,1781218260,188.77731817,192.28852332,187.07813943,192.28852332,
2026-06-11 22:52:00,1781218320,192.28852332,193.78364008,188.76205258,188.8869734,
2026-06-11 22:53:00,1781218380,188.8869734,193.20521706,188.78636583,191.86220638,
2026-06-11 22:54:00,1781218440,191.86220638,192.38931252,186.7685831,186.86043357,
2026-06-11 22:55:00,1781218500,186.86043357,188.56093161,182.48856122,182.83291676,
2026-06-11 22:56:00,1781218560,182.83291676,189.66017661,179.03343732,189.66017661,
2026-06-11 22:57:00,1781218620,189.66017661,189.66017661,185.11182725,185.40912956,
2026-06-11 22:58:00,1781218680,185.40912956,189.12897152,185.34312676,186.59956332,
2026-06-11 22:59:00,1781218740,186.59956332,196.28800778,186.58083082,195.72695552,
2026-06-11 23:00:00,1781218800,195.72695552,207.84646238,195.63525681,207.10350537,
2026-06-11 23:01:00,1781218860,207.10350537,210.93163743,206.52952487,207.72865745,
2026-06-11 23:02:00,1781218920,207.72865745,213.48809442,201.24416783,204.55277736,
2026-06-11 23:03:00,1781218980,204.55277736,221.21023459,203.88977846,212.38160686,
2026-06-11 23:04:00,1781219040,212.38160686,214.20638456,205.41977695,207.66460094,
2026-06-11 23:05:00,1781219100,207.66460094,209.48321868,204.01914044,208.40632565,
2026-06-11 23:06:00,1781219160,208.40632565,211.98309338,207.85625141,210.48284901,
2026-06-11 23:07:00,1781219220,210.48284901,213.64498884,209.13026796,212.66883744,
2026-06-11 23:08:00,1781219280,212.66883744,221.12802499,212.20129547,218.37687147,
2026-06-11 23:09:00,1781219340,218.37687147,221.73529396,217.79896217,219.74343369,
2026-06-11 23:10:00,1781219400,219.74343369,220.68669065,214.5275995,216.67712329,
2026-06-11 23:11:00,1781219460,216.67712329,218.99891986,214.93919894,217.3392797,
2026-06-11 23:12:00,1781219520,217.3392797,217.54983949,206.69651179,207.02942776,
2026-06-11 23:13:00,1781219580,207.02942776,215.42725385,207.02942776,211.65579833,
2026-06-11 23:14:00,1781219640,211.65579833,212.13220472,207.8995306,210.38714431,
2026-06-11 23:15:00,1781219700,210.38714431,214.43280167,206.61339791,207.00141907,
2026-06-11 23:16:00,1781219760,207.00141907,211.9486564,203.71286477,206.32100584,
2026-06-11 23:17:00,1781219820,206.32100584,214.25454328,206.32100584,214.22193731,
2026-06-11 23:18:00,1781219880,214.22193731,216.55842744,211.52302558,212.48497426,
2026-06-11 23:19:00,1781219940,212.48497426,213.14692188,205.49919347,207.39860259,
2026-06-11 23:20:00,1781220000,207.39860259,213.86965304,207.16327977,213.47356156,
2026-06-11 23:21:00,1781220060,213.47356156,214.20091728,211.43277986,213.9313893,
2026-06-11 23:22:00,1781220120,213.9313893,213.9313893,205.26714238,206.21742038,
2026-06-11 23:23:00,1781220180,206.21742038,208.66355766,204.89254354,206.75108791,
2026-06-11 23:24:00,1781220240,206.75108791,215.81946693,206.70639164,214.22678581,
2026-06-11 23:25:00,1781220300,214.22678581,215.51996231,211.067988,214.92130563,
2026-06-11 23:26:00,1781220360,214.92130563,215.06698159,207.65214255,208.63524793,
2026-06-11 23:27:00,1781220420,208.63524793,216.52384545,206.32243624,216.28310777,
2026-06-11 23:28:00,1781220480,216.28310777,216.70176084,216.27724816,216.31798737,
2026-06-11 23:29:00,1781220540,216.31798737,216.73875255,212.66127643,214.68658045,
2026-06-11 23:30:00,1781220600,214.68658045,214.81754076,207.54929156,210.07856473,
2026-06-11 23:31:00,1781220660,210.07856473,211.76271182,195.05898499,196.63978699,
2026-06-11 23:32:00,1781220720,196.63978699,196.63978699,189.27822648,191.46322267,
2026-06-11 23:33:00,1781220780,191.46322267,197.55059358,184.25941752,184.25941752,
2026-06-11 23:34:00,1781220840,184.25941752,189.09236892,184.19954835,185.29600869,
2026-06-11 23:35:00,1781220900,185.29600869,190.82207565,183.53303839,190.60831317,
2026-06-11 23:36:00,1781220960,190.60831317,192.15960452,185.32764257,188.58135635,
2026-06-11 23:37:00,1781221020,188.58135635,190.20899428,185.64185383,189.74689564,
2026-06-11 23:38:00,1781221080,189.74689564,191.87849812,186.57371575,186.58492797,
2026-06-11 23:39:00,1781221140,186.58492797,188.19744516,179.07517068,179.96156112,
2026-06-11 23:40:00,1781221200,179.96156112,180.1428225,151.67477706,154.05614943,
2026-06-11 23:41:00,1781221260,154.05614943,157.53241027,152.49916935,157.53241027,
2026-06-11 23:42:00,1781221320,157.53241027,160.69322187,157.5158278,158.92151694,
2026-06-11 23:43:00,1781221380,158.92151694,165.90110098,158.37438521,163.67416028,
2026-06-11 23:44:00,1781221440,163.67416028,165.56263905,163.66556066,164.34363224,
2026-06-11 23:45:00,1781221500,164.34363224,164.42064646,161.35194759,164.14847005,
2026-06-11 23:46:00,1781221560,164.14847005,164.29733665,159.56362986,161.42456344,
2026-06-11 23:47:00,1781221620,161.42456344,167.89468317,159.03141116,167.82490617,
2026-06-11 23:48:00,1781221680,167.82490617,170.00889513,165.99389114,168.1039097,
2026-06-11 23:49:00,1781221740,168.1039097,168.88298715,165.08329611,168.3318512,
2026-06-11 23:50:00,1781221800,168.3318512,172.70940997,168.3318512,170.35680873,
2026-06-11 23:51:00,1781221860,170.35680873,177.5839549,170.27774265,176.85447836,
2026-06-11 23:52:00,1781221920,176.85447836,183.27159936,176.8457631,176.86400298,
2026-06-11 23:53:00,1781221980,176.86400298,181.16755579,176.25208821,179.44883937,
2026-06-11 23:54:00,1781222040,179.44883937,179.44883937,160.00516719,161.044208,
2026-06-11 23:55:00,1781222100,161.044208,164.06520861,160.48017683,162.20155682,
2026-06-11 23:56:00,1781222160,162.20155682,165.15207649,162.18450903,163.10012592,
2026-06-11 23:57:00,1781222220,163.10012592,167.48481835,160.63748458,162.23885816,
2026-06-11 23:58:00,1781222280,162.23885816,166.20634843,160.74887881,163.847845,
2026-06-11 23:59:00,1781222340,163.847845,167.60194058,161.19945388,161.19945388,
2026-06-12 00:00:00,1781222400,161.19945388,173.1425732,161.09821227,164.15018845,
2026-06-12 00:01:00,1781222460,164.15018845,166.66683787,161.24977018,164.52638431,
2026-06-12 00:02:00,1781222520,164.52638431,169.96689126,163.10226382,168.32088226,
2026-06-12 00:03:00,1781222580,168.32088226,175.41515813,168.32088226,173.59218192,
2026-06-12 00:04:00,1781222640,173.59218192,173.62833452,165.60211756,166.2672946,
2026-06-12 00:05:00,1781222700,166.2672946,166.73812049,160.07750048,163.35319306,
2026-06-12 00:06:00,1781222760,163.35319306,164.98200917,156.73477377,158.95669212,
2026-06-12 00:07:00,1781222820,158.95669212,158.95669212,131.31652102,134.12323388,
2026-06-12 00:08:00,1781222880,134.12323388,140.10800377,132.59044718,138.64220554,
2026-06-12 00:09:00,1781222940,138.64220554,145.09327706,138.64220554,143.75684116,
2026-06-12 00:10:00,1781223000,143.75684116,144.32670295,139.88656851,144.04606842,
2026-06-12 00:11:00,1781223060,144.04606842,149.16182741,140.33637364,147.78191497,
2026-06-12 00:12:00,1781223120,147.78191497,149.70407917,146.18262499,147.86411244,
2026-06-12 00:13:00,1781223180,147.86411244,150.6402514,144.67894095,145.07486229,
2026-06-12 00:14:00,1781223240,145.07486229,145.25657345,140.20691435,140.66320773,
2026-06-12 00:15:00,1781223300,140.66320773,156.83959006,140.66320773,154.54681356,
2026-06-12 00:16:00,1781223360,154.54681356,161.57766239,150.79180101,160.02406095,
2026-06-12 00:17:00,1781223420,160.02406095,161.22259022,157.17490971,158.92123061,
2026-06-12 00:18:00,1781223480,158.92123061,158.92123061,153.93594402,155.20196753,
2026-06-12 00:19:00,1781223540,155.20196753,155.51367824,151.28025746,154.05498097,
2026-06-12 00:20:00,1781223600,154.05498097,157.94032871,154.05498097,155.53357706,
2026-06-12 00:21:00,1781223660,155.53357706,156.53135849,148.84571159,154.0137413,
2026-06-12 00:22:00,1781223720,154.0137413,161.9896558,151.30594866,158.71679975,
2026-06-12 00:23:00,1781223780,158.71679975,162.51920745,158.715091,161.09816896,
2026-06-12 00:24:00,1781223840,161.09816896,165.5730532,160.02100172,164.87146994,
2026-06-12 00:25:00,1781223900,164.87146994,165.00936246,157.96875362,158.13127214,
2026-06-12 00:26:00,1781223960,158.13127214,170.02142866,158.07717179,170.02142866,
2026-06-12 00:27:00,1781224020,170.02142866,174.93921736,162.67078435,164.42436469,
2026-06-12 00:28:00,1781224080,164.42436469,164.5331722,158.08664873,158.70457951,
2026-06-12 00:29:00,1781224140,158.70457951,158.87285473,153.03905502,156.28486424,
2026-06-12 00:30:00,1781224200,156.28486424,159.04732158,153.03509841,155.03818443,
2026-06-12 00:31:00,1781224260,155.03818443,165.35763469,155.03818443,160.75359384,
2026-06-12 00:32:00,1781224320,160.75359384,161.5295545,152.98370587,153.57575292,
2026-06-12 00:33:00,1781224380,153.57575292,153.70326183,147.40854093,148.21108752,
2026-06-12 00:34:00,1781224440,148.21108752,157.43121577,144.69351854,153.4090655,
2026-06-12 00:35:00,1781224500,153.4090655,155.14672279,146.79148085,146.97708511,
2026-06-12 00:36:00,1781224560,146.97708511,150.95558903,144.83681601,147.24143367,
2026-06-12 00:37:00,1781224620,147.24143367,147.33588814,143.0970267,144.3895659,
2026-06-12 00:38:00,1781224680,144.3895659,144.40534314,134.75154173,139.50022542,
2026-06-12 00:39:00,1781224740,139.50022542,148.00783157,139.40588892,147.77606243,
2026-06-12 00:40:00,1781224800,147.77606243,150.95269793,143.81767899,144.99694859,
2026-06-12 00:41:00,1781224860,144.99694859,147.52275804,141.62766133,144.69425635,
2026-06-12 00:42:00,1781224920,144.69425635,145.19451756,140.48506771,144.23106769,
2026-06-12 00:43:00,1781224980,144.23106769,149.43971456,143.24194762,149.14862613,
2026-06-12 00:44:00,1781225040,149.14862613,151.57332646,147.92749379,148.78956278,
2026-06-12 00:45:00,1781225100,148.78956278,150.71649661,142.66005057,142.75396392,
2026-06-12 00:46:00,1781225160,142.75396392,145.86931028,141.78697186,144.62264652,
2026-06-12 00:47:00,1781225220,144.62264652,146.02002058,142.82903083,143.66752218,
2026-06-12 00:48:00,1781225280,143.66752218,144.47436129,142.14171987,144.15979486,
2026-06-12 00:49:00,1781225340,144.15979486,144.50762031,141.77069318,143.22495475,
2026-06-12 00:50:00,1781225400,143.22495475,147.46090175,143.20760625,146.00917111,
2026-06-12 00:51:00,1781225460,146.00917111,146.02513155,136.6040031,138.52104055,
2026-06-12 00:52:00,1781225520,138.52104055,141.82288743,138.39695426,140.28269445,
2026-06-12 00:53:00,1781225580,140.28269445,141.30425572,138.35963949,139.00807848,
2026-06-12 00:54:00,1781225640,139.00807848,139.92792948,136.35026525,138.40634589,
2026-06-12 00:55:00,1781225700,138.40634589,140.32348143,137.20033775,138.05703392,
2026-06-12 00:56:00,1781225760,138.05703392,139.29660211,135.06954518,137.63010757,
2026-06-12 00:57:00,1781225820,137.63010757,144.4890328,137.56275796,143.82927272,
2026-06-12 00:58:00,1781225880,143.82927272,149.90224912,142.03226223,149.56698796,
2026-06-12 00:59:00,1781225940,149.56698796,150.71566767,146.13860456,147.65712963,
2026-06-12 01:00:00,1781226000,147.65712963,163.36539596,146.52727693,161.73236244,
2026-06-12 01:01:00,1781226060,161.73236244,169.328493,161.70974211,169.30271854,
2026-06-12 01:02:00,1781226120,169.30271854,177.25397922,166.44443122,176.34255211,
2026-06-12 01:03:00,1781226180,176.34255211,176.96737328,163.15738412,166.31862215,
2026-06-12 01:04:00,1781226240,166.31862215,171.01877153,165.29118654,168.00615285,
2026-06-12 01:05:00,1781226300,168.00615285,173.82113202,166.03860511,173.7231091,
2026-06-12 01:06:00,1781226360,173.7231091,173.7886113,163.32881198,166.78068819,
2026-06-12 01:07:00,1781226420,166.78068819,168.64849224,163.21376856,167.063022,
2026-06-12 01:08:00,1781226480,167.063022,169.97867369,166.39092425,168.77227374,
2026-06-12 01:09:00,1781226540,168.77227374,169.01323075,158.8667088,166.44562175,
2026-06-12 01:10:00,1781226600,166.44562175,168.3104991,163.08615997,166.32859288,
2026-06-12 01:11:00,1781226660,166.32859288,171.74061265,162.93020219,170.54701512,
2026-06-12 01:12:00,1781226720,170.54701512,172.40660567,168.68841853,169.08608302,
2026-06-12 01:13:00,1781226780,169.08608302,172.89760029,168.43150186,169.40721814,
2026-06-12 01:14:00,1781226840,169.40721814,172.56211758,166.3419508,169.30319368,
2026-06-12 01:15:00,1781226900,169.30319368,173.17267667,168.14140253,172.39580217,
2026-06-12 01:16:00,1781226960,172.39580217,172.95492883,158.43726115,158.84997472,
2026-06-12 01:17:00,1781227020,158.84997472,173.53002545,158.84824853,168.85124898,
2026-06-12 01:18:00,1781227080,168.85124898,172.32149902,166.33287504,172.17531308,
2026-06-12 01:19:00,1781227140,172.17531308,179.25610991,172.1197807,179.08058523,
2026-06-12 01:20:00,1781227200,179.08058523,183.26736392,177.10758093,180.09448436,
2026-06-12 01:21:00,1781227260,180.09448436,181.00215784,173.97046088,175.03019524,
2026-06-12 01:22:00,1781227320,175.03019524,183.79779102,175.02838317,183.75687252,
2026-06-12 01:23:00,1781227380,183.75687252,186.11475258,179.4583847,185.33748636,
2026-06-12 01:24:00,1781227440,185.33748636,185.34191871,181.99537508,185.13866294,
2026-06-12 01:25:00,1781227500,185.13866294,186.78489987,180.60596164,184.09512055,
2026-06-12 01:26:00,1781227560,184.09512055,194.77886441,184.09512055,192.12758168,
2026-06-12 01:27:00,1781227620,192.12758168,202.3305199,192.12758168,193.72961846,
2026-06-12 01:28:00,1781227680,193.72961846,202.35067339,188.91373523,191.07352243,
2026-06-12 01:29:00,1781227740,191.07352243,191.82748915,187.87405367,190.82020301,
2026-06-12 01:30:00,1781227800,190.82020301,191.89883444,181.27389028,181.3708491,
2026-06-12 01:31:00,1781227860,181.3708491,190.83474509,181.19266066,188.19391177,
2026-06-12 01:32:00,1781227920,188.19391177,188.64727636,180.69925803,183.31645457,
2026-06-12 01:33:00,1781227980,183.31645457,187.72547359,180.62435372,184.63690588,
2026-06-12 01:34:00,1781228040,184.63690588,192.55888426,182.44137339,192.41523155,
2026-06-12 01:35:00,1781228100,192.41523155,202.82800479,190.57624178,200.78827551,
2026-06-12 01:36:00,1781228160,200.78827551,203.067041,197.44345523,202.76565509,
2026-06-12 01:37:00,1781228220,202.76565509,202.76565509,196.28172957,196.67286668,
2026-06-12 01:38:00,1781228280,196.67286668,197.50997032,193.53384026,194.06713643,
2026-06-12 01:39:00,1781228340,194.06713643,198.99954517,188.71443446,189.92986029,
2026-06-12 01:40:00,1781228400,189.92986029,196.10541933,189.66765296,195.79256902,
2026-06-12 01:41:00,1781228460,195.79256902,196.11923544,191.42780616,194.65628742,
2026-06-12 01:42:00,1781228520,194.65628742,194.75645083,187.92427977,187.92427977,
2026-06-12 01:43:00,1781228580,187.92427977,188.05941554,181.05688464,184.25826567,
2026-06-12 01:44:00,1781228640,184.25826567,193.05571893,182.96652116,192.90855584,
2026-06-12 01:45:00,1781228700,192.90855584,193.0078454,176.92784025,183.60302961,
2026-06-12 01:46:00,1781228760,183.60302961,184.63652121,177.85070035,182.01524288,
2026-06-12 01:47:00,1781228820,182.01524288,184.05925131,176.96688722,183.34300443,
2026-06-12 01:48:00,1781228880,183.34300443,185.45464281,176.7215521,177.96339287,
2026-06-12 01:49:00,1781228940,177.96339287,179.12705779,173.18404608,175.81568951,
2026-06-12 01:50:00,1781229000,175.81568951,183.21929799,175.75557439,182.00078514,
2026-06-12 01:51:00,1781229060,182.00078514,184.4695176,176.06433089,178.93713231,
2026-06-12 01:52:00,1781229120,178.93713231,182.20840552,178.1422413,180.69812087,
2026-06-12 01:53:00,1781229180,180.69812087,183.10115047,180.30083033,180.52568691,
2026-06-12 01:54:00,1781229240,180.52568691,182.31439464,172.89157263,173.73834663,
2026-06-12 01:55:00,1781229300,173.73834663,184.19306624,173.66019883,181.92866408,
2026-06-12 01:56:00,1781229360,181.92866408,186.69439018,180.55964157,186.69439018,
2026-06-12 01:57:00,1781229420,186.69439018,189.08117861,184.4802802,185.82822053,
2026-06-12 01:58:00,1781229480,185.82822053,185.82822053,180.36448931,180.49715154,
2026-06-12 01:59:00,1781229540,180.49715154,181.95312055,178.0571692,178.61475587,
2026-06-12 02:00:00,1781229600,178.61475587,178.63382564,173.63999245,176.73284935,
2026-06-12 02:01:00,1781229660,176.73284935,177.2398913,170.69868146,172.17757456,
2026-06-12 02:02:00,1781229720,172.17757456,173.47443159,166.10040991,166.11840096,
2026-06-12 02:03:00,1781229780,166.11840096,171.27091042,166.02485318,171.19533678,
2026-06-12 02:04:00,1781229840,171.19533678,171.85203109,168.15073253,170.27794746,
2026-06-12 02:05:00,1781229900,170.27794746,171.44775629,165.67809584,165.67809584,
2026-06-12 02:06:00,1781229960,165.67809584,165.980102,162.4778856,162.58407572,
2026-06-12 02:07:00,1781230020,162.58407572,163.82781473,156.16417919,157.82954248,
2026-06-12 02:08:00,1781230080,157.82954248,163.17671033,157.82954248,160.54241765,
2026-06-12 02:09:00,1781230140,160.54241765,161.6959607,138.38417438,139.64099982,
2026-06-12 02:10:00,1781230200,139.64099982,139.76621941,120.56172101,130.74632057,
2026-06-12 02:11:00,1781230260,130.74632057,141.12652759,129.81166534,138.92453456,
2026-06-12 02:12:00,1781230320,138.92453456,142.34534159,137.49035478,139.38222159,
2026-06-12 02:13:00,1781230380,139.38222159,143.53080848,133.8871995,141.29943966,
2026-06-12 02:14:00,1781230440,141.29943966,143.69395437,141.2910308,142.06964687,
2026-06-12 02:15:00,1781230500,142.06964687,143.65380153,137.46409423,143.54851143,
2026-06-12 02:16:00,1781230560,143.54851143,149.67491464,142.85785966,146.41689308,
2026-06-12 02:17:00,1781230620,146.41689308,151.66263705,146.41689308,150.89153761,
2026-06-12 02:18:00,1781230680,150.89153761,155.46747153,150.8733063,152.16864962,
2026-06-12 02:19:00,1781230740,152.16864962,152.38593272,145.32136687,145.97630875,
2026-06-12 02:20:00,1781230800,145.97630875,151.06072861,145.14100038,147.33874311,
2026-06-12 02:21:00,1781230860,147.33874311,151.79304333,147.0905452,149.97511906,
2026-06-12 02:22:00,1781230920,149.97511906,149.97511906,142.46326854,147.16367537,
2026-06-12 02:23:00,1781230980,147.16367537,148.90874106,143.72264163,146.44351678,
2026-06-12 02:24:00,1781231040,146.44351678,146.44351678,139.62641223,144.7404945,
2026-06-12 02:25:00,1781231100,144.7404945,153.22948305,144.7404945,151.93343204,
2026-06-12 02:26:00,1781231160,151.93343204,155.0117573,150.18526364,154.79020312,
2026-06-12 02:27:00,1781231220,154.79020312,159.11035141,154.70582263,157.40498323,
2026-06-12 02:28:00,1781231280,157.40498323,163.51728401,156.67386685,160.61927457,
2026-06-12 02:29:00,1781231340,160.61927457,162.75334806,157.66214918,157.74802629,
2026-06-12 02:30:00,1781231400,157.74802629,159.04576872,152.03283279,153.11574239,
2026-06-12 02:31:00,1781231460,153.11574239,154.48926947,149.98526109,153.89581341,
2026-06-12 02:32:00,1781231520,153.89581341,155.51320167,151.91262932,153.61775694,
2026-06-12 02:33:00,1781231580,153.61775694,160.6592517,150.9990011,160.1257579,
2026-06-12 02:34:00,1781231640,160.1257579,168.57742209,159.52794813,165.29969845,
2026-06-12 02:35:00,1781231700,165.29969845,165.96448452,159.97747902,163.30296053,
2026-06-12 02:36:00,1781231760,163.30296053,164.56981037,152.43226808,152.43226808,
2026-06-12 02:37:00,1781231820,152.43226808,152.62791068,147.33355634,148.7783444,
2026-06-12 02:38:00,1781231880,148.7783444,151.81572651,145.37552372,149.98954639,
2026-06-12 02:39:00,1781231940,149.98954639,153.21680261,146.77442323,146.77442323,
2026-06-12 02:40:00,1781232000,146.77442323,150.35622246,141.25393589,148.11024332,
2026-06-12 02:41:00,1781232060,148.11024332,151.66273989,147.50083523,151.41950374,
2026-06-12 02:42:00,1781232120,151.41950374,153.00303412,150.24261469,150.92629386,
2026-06-12 02:43:00,1781232180,150.92629386,151.58901637,149.74127555,149.96741345,
2026-06-12 02:44:00,1781232240,149.96741345,150.02218839,142.65782799,143.099891,
2026-06-12 02:45:00,1781232300,143.099891,149.78616321,142.79437179,149.40313401,
2026-06-12 02:46:00,1781232360,149.40313401,150.95205463,148.53133581,148.77013655,
2026-06-12 02:47:00,1781232420,148.77013655,148.81390106,143.72462812,146.86832346,
2026-06-12 02:48:00,1781232480,146.86832346,151.18431201,144.89329629,148.79600177,
2026-06-12 02:49:00,1781232540,148.79600177,150.23962699,146.04099696,146.12032719,
2026-06-12 02:50:00,1781232600,146.12032719,150.45343541,145.16621335,148.49858447,
2026-06-12 02:51:00,1781232660,148.49858447,151.41273823,145.01810014,149.73308679,
2026-06-12 02:52:00,1781232720,149.73308679,150.14089679,146.93853662,146.93853662,
2026-06-12 02:53:00,1781232780,146.93853662,150.06962095,146.71395369,147.88858406,
2026-06-12 02:54:00,1781232840,147.88858406,147.9015397,144.49935382,144.67155299,
2026-06-12 02:55:00,1781232900,144.67155299,147.26731501,143.94627482,144.05637062,
2026-06-12 02:56:00,1781232960,144.05637062,144.26224388,141.65662181,141.67101087,
2026-06-12 02:57:00,1781233020,141.67101087,144.00437088,141.42055166,142.17072083,
2026-06-12 02:58:00,1781233080,142.17072083,146.29981978,140.03888741,140.13321199,
2026-06-12 02:59:00,1781233140,140.13321199,140.17955207,131.96622502,133.96704119,
2026-06-12 03:00:00,1781233200,133.96704119,134.28201735,131.48138555,132.11190743,
2026-06-12 03:01:00,1781233260,132.11190743,135.91209913,128.64102314,135.00432735,
2026-06-12 03:02:00,1781233320,135.00432735,138.7115051,133.95765092,138.07073195,
2026-06-12 03:03:00,1781233380,138.07073195,139.34198408,133.71983692,137.84782253,
2026-06-12 03:04:00,1781233440,137.84782253,138.50706755,134.78606344,138.32934791,
2026-06-12 03:05:00,1781233500,138.32934791,141.87056366,138.32934791,140.92051383,
2026-06-12 03:06:00,1781233560,140.92051383,140.96913055,136.9594099,138.01968673,
2026-06-12 03:07:00,1781233620,138.01968673,138.87933087,134.28894778,138.27357075,
2026-06-12 03:08:00,1781233680,138.27357075,141.96329905,137.85711101,140.17312628,
2026-06-12 03:09:00,1781233740,140.17312628,141.33977072,134.21230679,135.05536281,
2026-06-12 03:10:00,1781233800,135.05536281,139.5617658,135.0380298,139.52789059,
2026-06-12 03:11:00,1781233860,139.52789059,140.9798681,136.95794478,138.82919094,
2026-06-12 03:12:00,1781233920,138.82919094,143.88626105,137.88418314,141.07995284,
2026-06-12 03:13:00,1781233980,141.07995284,148.33686599,141.07995284,146.25512616,
2026-06-12 03:14:00,1781234040,146.25512616,146.7486033,143.59520828,143.738934,
2026-06-12 03:15:00,1781234100,143.738934,147.74508868,143.44773682,146.45488485,
2026-06-12 03:16:00,1781234160,146.45488485,149.73309906,144.01302215,145.29241829,
2026-06-12 03:17:00,1781234220,145.29241829,148.41173732,144.06228019,147.26731914,
2026-06-12 03:18:00,1781234280,147.26731914,149.43074006,146.10568928,146.67978965,
2026-06-12 03:19:00,1781234340,146.67978965,150.05098604,146.67978965,149.42399255,
2026-06-12 03:20:00,1781234400,149.42399255,155.0736897,148.89567548,153.22551619,
2026-06-12 03:21:00,1781234460,153.22551619,157.60512906,150.15065276,156.63817151,
2026-06-12 03:22:00,1781234520,156.63817151,159.2207969,152.15506343,159.2207969,
2026-06-12 03:23:00,1781234580,159.2207969,162.64799917,158.94378733,159.24049983,
2026-06-12 03:24:00,1781234640,159.24049983,160.58407338,155.50167016,156.54964265,
2026-06-12 03:25:00,1781234700,156.54964265,169.7932709,156.54964265,163.23108854,
2026-06-12 03:26:00,1781234760,163.23108854,163.23108854,155.16976018,155.29753176,
2026-06-12 03:27:00,1781234820,155.29753176,159.85753203,154.50315367,158.04958661,
2026-06-12 03:28:00,1781234880,158.04958661,158.04958661,149.40908667,149.44646132,
2026-06-12 03:29:00,1781234940,149.44646132,152.62010532,149.44646132,152.16187002,
2026-06-12 03:30:00,1781235000,152.16187002,152.40677652,145.21284618,151.31234021,
2026-06-12 03:31:00,1781235060,151.31234021,151.59439344,139.24077177,143.88825481,
2026-06-12 03:32:00,1781235120,143.88825481,151.62105792,143.87714458,147.37352021,
2026-06-12 03:33:00,1781235180,147.37352021,149.01938799,144.362742,146.11287784,
2026-06-12 03:34:00,1781235240,146.11287784,148.1654962,139.29272712,139.65044575,
2026-06-12 03:35:00,1781235300,139.65044575,146.20693179,136.31099561,144.52280472,
2026-06-12 03:36:00,1781235360,144.52280472,148.45113708,143.82788052,147.41804215,
2026-06-12 03:37:00,1781235420,147.41804215,147.41804215,141.95396609,142.31674277,
2026-06-12 03:38:00,1781235480,142.31674277,147.02516783,142.30006582,145.24370456,
2026-06-12 03:39:00,1781235540,145.24370456,147.81982427,145.17428007,147.44206664,
2026-06-12 03:40:00,1781235600,147.44206664,148.85058794,144.59999127,146.82853942,
2026-06-12 03:41:00,1781235660,146.82853942,148.99274003,142.20063118,145.72165037,
2026-06-12 03:42:00,1781235720,145.72165037,150.5429743,144.61908163,148.0789759,
2026-06-12 03:43:00,1781235780,148.0789759,149.29432727,146.6539114,147.98785791,
2026-06-12 03:44:00,1781235840,147.98785791,148.12410576,143.54788018,145.10524639,
2026-06-12 03:45:00,1781235900,145.10524639,148.66409308,142.53960091,146.58765497,
2026-06-12 03:46:00,1781235960,146.58765497,147.25987338,140.49346557,140.55810903,
2026-06-12 03:47:00,1781236020,140.55810903,141.56487885,137.61191593,139.94196745,
2026-06-12 03:48:00,1781236080,139.94196745,142.25469177,134.88349061,139.38574021,
2026-06-12 03:49:00,1781236140,139.38574021,147.24177026,137.50249857,146.41409512,
2026-06-12 03:50:00,1781236200,146.41409512,146.41409512,140.36799251,142.29363295,
2026-06-12 03:51:00,1781236260,142.29363295,142.29363295,137.6474146,139.46996733,
2026-06-12 03:52:00,1781236320,139.46996733,140.30995117,136.88001653,139.56621688,
2026-06-12 03:53:00,1781236380,139.56621688,140.34071449,137.3279797,137.71823704,
2026-06-12 03:54:00,1781236440,137.71823704,139.24643567,135.89986888,138.66306095,
2026-06-12 03:55:00,1781236500,138.66306095,138.77535065,135.03403938,137.16468611,
2026-06-12 03:56:00,1781236560,137.16468611,139.38598566,137.16468611,138.24641082,
2026-06-12 03:57:00,1781236620,138.24641082,138.26274199,135.1417043,136.84308781,
2026-06-12 03:58:00,1781236680,136.84308781,139.41944614,136.75876851,138.767811,
2026-06-12 03:59:00,1781236740,138.767811,138.767811,135.41643738,136.28623762,
2026-06-12 04:00:00,1781236800,136.28623762,137.73616524,134.82073832,137.31487739,
2026-06-12 04:01:00,1781236860,137.31487739,144.18819013,137.19604921,138.9996275,
2026-06-12 04:02:00,1781236920,138.9996275,142.51846451,138.9996275,140.17770871,
2026-06-12 04:03:00,1781236980,140.17770871,140.4412944,134.71369987,137.75943681,
2026-06-12 04:04:00,1781237040,137.75943681,142.73857224,136.29565859,136.35869398,
2026-06-12 04:05:00,1781237100,136.35869398,140.45022951,136.25025407,139.9870411,
2026-06-12 04:06:00,1781237160,139.9870411,148.10682434,139.78541821,148.05198379,
2026-06-12 04:07:00,1781237220,148.05198379,151.79131764,147.27845201,147.43020739,
2026-06-12 04:08:00,1781237280,147.43020739,147.43020739,135.46242411,137.44331798,
2026-06-12 04:09:00,1781237340,137.44331798,141.47336649,136.68253163,140.44507632,
2026-06-12 04:10:00,1781237400,140.44507632,140.75787322,138.76453937,139.25193821,
2026-06-12 04:11:00,1781237460,139.25193821,139.25193821,127.61936827,132.13471251,
2026-06-12 04:12:00,1781237520,132.13471251,135.59489939,131.55511805,133.97177778,
2026-06-12 04:13:00,1781237580,133.97177778,143.83651125,133.96842894,141.14252146,
2026-06-12 04:14:00,1781237640,141.14252146,142.54332423,136.05171267,138.02277464,
2026-06-12 04:15:00,1781237700,138.02277464,138.02277464,126.81256322,128.16164642,
2026-06-12 04:16:00,1781237760,128.16164642,130.02671767,109.32865007,110.57675508,
2026-06-12 04:17:00,1781237820,110.57675508,117.86240488,105.48868918,117.52234299,
2026-06-12 04:18:00,1781237880,117.52234299,119.6674613,112.39838571,117.06098042,
2026-06-12 04:19:00,1781237940,117.06098042,117.68234855,114.71513972,115.14577299,
2026-06-12 04:20:00,1781238000,115.14577299,120.15773672,115.14577299,118.24462247,
2026-06-12 04:21:00,1781238060,118.24462247,118.24462247,114.05894522,114.57366444,
2026-06-12 04:22:00,1781238120,114.57366444,117.67152853,109.6697941,110.17608035,
2026-06-12 04:23:00,1781238180,110.17608035,110.81753008,102.1899981,108.88544468,
2026-06-12 04:24:00,1781238240,108.88544468,110.83488012,106.00468258,107.85512707,
2026-06-12 04:25:00,1781238300,107.85512707,109.98840189,107.82930058,109.23933523,
2026-06-12 04:26:00,1781238360,109.23933523,110.11760949,101.08414118,101.35930755,
2026-06-12 04:27:00,1781238420,101.35930755,105.11885744,100.32368437,103.66141182,
2026-06-12 04:28:00,1781238480,103.66141182,105.11943062,100.98481853,102.87512318,
2026-06-12 04:29:00,1781238540,102.87512318,104.29055644,99.94248881,101.87786659,
2026-06-12 04:30:00,1781238600,101.87786659,106.90230866,101.86526644,106.03623743,
2026-06-12 04:31:00,1781238660,106.03623743,106.03623743,93.28091619,102.68085109,
2026-06-12 04:32:00,1781238720,102.68085109,109.15207401,100.57052841,106.044065,
2026-06-12 04:33:00,1781238780,106.044065,109.45051215,99.74677645,109.45051215,
2026-06-12 04:34:00,1781238840,109.45051215,115.05287532,109.35226838,109.65559195,
2026-06-12 04:35:00,1781238900,109.65559195,112.08852021,108.17505299,110.93658403,
2026-06-12 04:36:00,1781238960,110.93658403,112.98373194,109.3540075,112.77563627,
2026-06-12 04:37:00,1781239020,112.77563627,113.41742164,110.08706761,112.05147562,
2026-06-12 04:38:00,1781239080,112.05147562,115.76601908,111.84816486,114.43983423,
2026-06-12 04:39:00,1781239140,114.43983423,114.70832407,108.13202431,110.79466155,
2026-06-12 04:40:00,1781239200,110.79466155,113.84107071,110.41690021,111.53453045,
2026-06-12 04:41:00,1781239260,111.53453045,116.01863297,111.5194202,113.47954895,
2026-06-12 04:42:00,1781239320,113.47954895,116.25916336,112.94680731,113.36933972,
2026-06-12 04:43:00,1781239380,113.36933972,113.38310141,109.27309344,111.64730174,
2026-06-12 04:44:00,1781239440,111.64730174,111.64730174,108.54095117,110.88169714,
2026-06-12 04:45:00,1781239500,110.88169714,110.98427129,106.18677314,109.88960343,
2026-06-12 04:46:00,1781239560,109.88960343,111.67963582,107.65131717,109.29713025,
2026-06-12 04:47:00,1781239620,109.29713025,113.29109035,109.0666071,111.24749882,
2026-06-12 04:48:00,1781239680,111.24749882,111.90323024,109.93081682,110.30522388,
2026-06-12 04:49:00,1781239740,110.30522388,111.9306531,110.2227395,110.64991007,
2026-06-12 04:50:00,1781239800,110.64991007,111.78063554,107.65178421,110.88040143,
2026-06-12 04:51:00,1781239860,110.88040143,111.37141316,107.7308518,107.75582892,
2026-06-12 04:52:00,1781239920,107.75582892,108.44783105,107.21888799,107.46164653,
2026-06-12 04:53:00,1781239980,107.46164653,112.23610476,106.78917079,112.10857954,
2026-06-12 04:54:00,1781240040,112.10857954,112.5793056,111.70667858,112.38283653,
2026-06-12 04:55:00,1781240100,112.38283653,112.69277317,109.49397669,112.66213365,
2026-06-12 04:56:00,1781240160,112.66213365,113.65400193,110.93174205,111.39477727,
2026-06-12 04:57:00,1781240220,111.39477727,111.42558448,109.31084364,110.64616826,
2026-06-12 04:58:00,1781240280,110.64616826,112.23317301,110.63416552,112.00670256,
2026-06-12 04:59:00,1781240340,112.00670256,113.9866982,110.89825602,112.31096822,
2026-06-12 05:00:00,1781240400,112.31096822,114.42649973,108.62948603,113.49423334,
2026-06-12 05:01:00,1781240460,113.49423334,120.53493343,113.39574651,115.39739146,
2026-06-12 05:02:00,1781240520,115.39739146,123.55208849,115.39579719,122.30424691,
2026-06-12 05:03:00,1781240580,122.30424691,122.62717506,118.58938005,118.67389815,
2026-06-12 05:04:00,1781240640,118.67389815,121.46746188,116.21404264,120.27287608,
2026-06-12 05:05:00,1781240700,120.27287608,120.6565375,117.98450542,119.80792909,
2026-06-12 05:06:00,1781240760,119.80792909,120.69478663,116.53044756,117.12914438,
2026-06-12 05:07:00,1781240820,117.12914438,122.19630193,115.86670902,122.15196141,
2026-06-12 05:08:00,1781240880,122.15196141,129.12573358,122.0469068,125.8700489,
2026-06-12 05:09:00,1781240940,125.8700489,127.46336908,123.84364814,124.53961995,
2026-06-12 05:10:00,1781241000,124.53961995,131.07115494,124.09400224,128.20315898,
2026-06-12 05:11:00,1781241060,128.20315898,144.35937604,127.86986918,144.35937604,
2026-06-12 05:12:00,1781241120,144.35937604,153.0427608,142.70520695,145.63483482,
2026-06-12 05:13:00,1781241180,145.63483482,151.14232494,145.63483482,148.59187868,
2026-06-12 05:14:00,1781241240,148.59187868,148.59187868,142.37420725,146.83993774,
2026-06-12 05:15:00,1781241300,146.83993774,147.09573343,138.85101445,139.54874176,
2026-06-12 05:16:00,1781241360,139.54874176,139.87409933,134.2815545,136.2914374,
2026-06-12 05:17:00,1781241420,136.2914374,137.6795445,133.23329277,133.77044565,
2026-06-12 05:18:00,1781241480,133.77044565,134.97783891,131.60202808,132.52610923,
2026-06-12 05:19:00,1781241540,132.52610923,133.32220006,131.38345972,132.88514818,
2026-06-12 05:20:00,1781241600,132.88514818,136.88841948,132.51119421,135.35437364,
2026-06-12 05:21:00,1781241660,135.35437364,138.31442121,135.29756835,136.65766336,
2026-06-12 05:22:00,1781241720,136.65766336,141.39047037,133.85240192,140.68837447,
2026-06-12 05:23:00,1781241780,140.68837447,140.91557761,135.81339984,140.8265561,
2026-06-12 05:24:00,1781241840,140.8265561,145.2273434,138.28892079,138.72780469,
2026-06-12 05:25:00,1781241900,138.72780469,140.02881882,136.25593372,136.33756341,
2026-06-12 05:26:00,1781241960,136.33756341,139.21654277,135.70753063,139.08023433,
2026-06-12 05:27:00,1781242020,139.08023433,140.61216448,136.09260737,139.78355435,
2026-06-12 05:28:00,1781242080,139.78355435,141.07161639,137.41483234,139.38861373,
2026-06-12 05:29:00,1781242140,139.38861373,139.56958653,136.67256282,137.86242855,
2026-06-12 05:30:00,1781242200,137.86242855,140.77184255,136.26804227,137.20774165,
2026-06-12 05:31:00,1781242260,137.20774165,141.78334256,136.03950464,136.54044213,
2026-06-12 05:32:00,1781242320,136.54044213,145.66409677,136.15111631,145.12514875,
2026-06-12 05:33:00,1781242380,145.12514875,148.89883276,140.59714825,145.09851692,
2026-06-12 05:34:00,1781242440,145.09851692,145.81075655,140.99220715,142.38162482,
2026-06-12 05:35:00,1781242500,142.38162482,145.7254572,140.71659968,143.05657016,
2026-06-12 05:36:00,1781242560,143.05657016,151.1449255,142.31161929,150.14457015,
2026-06-12 05:37:00,1781242620,150.14457015,156.41589886,146.80184822,152.78414254,
2026-06-12 05:38:00,1781242680,152.78414254,156.82266225,149.65447932,156.09347537,
2026-06-12 05:39:00,1781242740,156.09347537,162.30402989,151.64006233,151.68177521,
2026-06-12 05:40:00,1781242800,151.68177521,155.72657371,149.68875333,153.507705,
2026-06-12 05:41:00,1781242860,153.507705,156.83864131,149.65505771,150.47008838,
2026-06-12 05:42:00,1781242920,150.47008838,152.20813099,148.36441322,148.36441322,
2026-06-12 05:43:00,1781242980,148.36441322,150.45799304,144.64663069,149.02276146,
2026-06-12 05:44:00,1781243040,149.02276146,149.84960353,146.6219413,146.62729136,
2026-06-12 05:45:00,1781243100,146.62729136,146.62729136,143.98806379,144.90661276,
2026-06-12 05:46:00,1781243160,144.90661276,151.15979221,144.90299399,150.96048114,
2026-06-12 05:47:00,1781243220,150.96048114,155.74983456,149.03313323,150.34603556,
2026-06-12 05:48:00,1781243280,150.34603556,152.97061331,149.86891801,150.72476385,
2026-06-12 05:49:00,1781243340,150.72476385,152.5411087,143.43564138,143.45111032,
2026-06-12 05:50:00,1781243400,143.45111032,162.1635811,143.1024203,162.1635811,
2026-06-12 05:51:00,1781243460,162.1635811,162.70447446,151.60098423,152.26964495,
2026-06-12 05:52:00,1781243520,152.26964495,161.13185028,148.18713849,160.84610453,
2026-06-12 05:53:00,1781243580,160.84610453,161.80857401,153.78685257,154.49946813,
2026-06-12 05:54:00,1781243640,154.49946813,154.49946813,149.21741374,151.5691966,
2026-06-12 05:55:00,1781243700,151.5691966,153.14611717,149.61379743,150.69014463,
2026-06-12 05:56:00,1781243760,150.69014463,152.41790232,148.32930339,150.4154238,
2026-06-12 05:57:00,1781243820,150.4154238,152.43078869,146.21743246,147.39115757,
2026-06-12 05:58:00,1781243880,147.39115757,150.93099456,146.96648251,150.52067572,
2026-06-12 05:59:00,1781243940,150.52067572,157.50647024,150.52067572,156.42020661,
2026-06-12 06:00:00,1781244000,156.42020661,161.12484674,152.07197971,152.96505801,
2026-06-12 06:01:00,1781244060,152.96505801,158.69052425,151.06880807,155.596976,
2026-06-12 06:02:00,1781244120,155.596976,157.68518344,148.16014504,149.32487708,
2026-06-12 06:03:00,1781244180,149.32487708,154.21251283,147.05804748,147.05804748,
2026-06-12 06:04:00,1781244240,147.05804748,151.35148121,146.42687836,148.08684076,
2026-06-12 06:05:00,1781244300,148.08684076,149.22299346,145.25746829,147.31220087,
2026-06-12 06:06:00,1781244360,147.31220087,150.56266247,145.33692975,149.4822755,
2026-06-12 06:07:00,1781244420,149.4822755,155.31953744,149.11608682,153.97920119,
2026-06-12 06:08:00,1781244480,153.97920119,158.27716854,147.73459379,151.81426879,
2026-06-12 06:09:00,1781244540,151.81426879,164.27643505,150.66666993,162.27461831,
2026-06-12 06:10:00,1781244600,162.27461831,170.48689852,159.7697078,159.7697078,
2026-06-12 06:11:00,1781244660,159.7697078,164.01565042,156.07412024,160.67507302,
2026-06-12 06:12:00,1781244720,160.67507302,168.38124938,160.66733279,165.67467009,
2026-06-12 06:13:00,1781244780,165.67467009,167.69760042,163.14427417,166.88426002,
2026-06-12 06:14:00,1781244840,166.88426002,170.07882944,165.07932048,165.61166433,
2026-06-12 06:15:00,1781244900,165.61166433,183.75908274,165.07547991,183.29981714,
2026-06-12 06:16:00,1781244960,183.29981714,196.13618894,183.28709502,194.09566915,
2026-06-12 06:17:00,1781245020,194.09566915,196.76552345,190.20776967,194.99675106,
2026-06-12 06:18:00,1781245080,194.99675106,195.11421511,185.89437731,186.88246114,
2026-06-12 06:19:00,1781245140,186.88246114,196.49994865,186.5752833,194.91989464,
2026-06-12 06:20:00,1781245200,194.91989464,197.28141518,191.86123433,196.20630597,
2026-06-12 06:21:00,1781245260,196.20630597,210.88476267,194.476256,195.14805417,
2026-06-12 06:22:00,1781245320,195.14805417,200.8576016,193.32624565,195.90816736,
2026-06-12 06:23:00,1781245380,195.90816736,195.9279118,190.75831443,191.84341589,
2026-06-12 06:24:00,1781245440,191.84341589,192.39138934,186.8224903,190.229957,
2026-06-12 06:25:00,1781245500,190.229957,193.99281082,188.04752427,192.56732555,
2026-06-12 06:26:00,1781245560,192.56732555,200.44263751,189.86568339,192.15645955,
2026-06-12 06:27:00,1781245620,192.15645955,197.49321227,190.42608169,195.33422249,
2026-06-12 06:28:00,1781245680,195.33422249,196.76054188,192.65071013,195.74902121,
2026-06-12 06:29:00,1781245740,195.74902121,198.98868298,195.6592403,197.61281586,
2026-06-12 06:30:00,1781245800,197.61281586,212.03226283,197.61281586,207.47567636,
2026-06-12 06:31:00,1781245860,207.47567636,223.22325089,207.4298321,221.54914321,
2026-06-12 06:32:00,1781245920,221.54914321,223.05083074,213.74159103,216.57335908,
2026-06-12 06:33:00,1781245980,216.57335908,263.07474219,216.40672829,261.09545984,
2026-06-12 06:34:00,1781246040,261.09545984,266.38611403,242.57276761,250.71906747,
2026-06-12 06:35:00,1781246100,250.71906747,251.73061716,238.96493134,248.47665887,
2026-06-12 06:36:00,1781246160,248.47665887,259.7401576,244.87565569,254.83764906,
2026-06-12 06:37:00,1781246220,254.83764906,265.98671943,250.50511743,265.27268705,
2026-06-12 06:38:00,1781246280,265.27268705,278.7085851,264.55034302,274.19602785,
2026-06-12 06:39:00,1781246340,274.19602785,274.22192101,244.65039184,245.04556715,
2026-06-12 06:40:00,1781246400,245.04556715,251.76879298,241.11999149,243.85416486,
2026-06-12 06:41:00,1781246460,243.85416486,259.67123507,243.7681829,248.45707131,
2026-06-12 06:42:00,1781246520,248.45707131,254.34451902,245.42988037,250.19425597,
2026-06-12 06:43:00,1781246580,250.19425597,254.73624951,243.47350805,252.65591914,
2026-06-12 06:44:00,1781246640,252.65591914,255.81286628,247.76164757,253.13187845,
2026-06-12 06:45:00,1781246700,253.13187845,255.83532019,237.87122831,240.10673057,
2026-06-12 06:46:00,1781246760,240.10673057,242.92125459,235.67701891,236.91697557,
2026-06-12 06:47:00,1781246820,236.91697557,236.91697557,230.70086844,230.92244371,
2026-06-12 06:48:00,1781246880,230.92244371,240.27679624,230.92244371,234.751449,
2026-06-12 06:49:00,1781246940,234.751449,246.73984303,234.66885967,239.97843947,
2026-06-12 06:50:00,1781247000,239.97843947,246.54787723,234.89670991,246.48549297,
2026-06-12 06:51:00,1781247060,246.48549297,252.21948686,242.90192508,247.84021137,
2026-06-12 06:52:00,1781247120,247.84021137,249.11146939,238.41053071,242.09912366,
2026-06-12 06:53:00,1781247180,242.09912366,246.03760312,238.0189611,245.58530879,
2026-06-12 06:54:00,1781247240,245.58530879,247.06957212,240.33539279,242.79373638,
2026-06-12 06:55:00,1781247300,242.79373638,247.00368999,242.32243097,246.92004934,
2026-06-12 06:56:00,1781247360,246.92004934,248.50186245,237.95241455,238.60664189,
2026-06-12 06:57:00,1781247420,238.60664189,238.63221818,233.30065575,233.52661924,
2026-06-12 06:58:00,1781247480,233.52661924,236.18308424,226.44144664,233.60289618,
2026-06-12 06:59:00,1781247540,233.60289618,240.30085576,233.20594813,237.09971218,
2026-06-12 07:00:00,1781247600,237.09971218,237.29872898,218.31499859,220.62908845,
2026-06-12 07:01:00,1781247660,220.62908845,221.78000586,211.17360208,214.26064662,
2026-06-12 07:02:00,1781247720,214.26064662,215.19449669,209.82752384,214.98445424,
2026-06-12 07:03:00,1781247780,214.98445424,219.73153185,212.82573222,212.84918619,
2026-06-12 07:04:00,1781247840,212.84918619,213.59398341,207.50971396,209.16669081,
2026-06-12 07:05:00,1781247900,209.16669081,210.62124761,204.25168392,205.50101372,
2026-06-12 07:06:00,1781247960,205.50101372,209.35594368,203.67691095,206.81279369,
2026-06-12 07:07:00,1781248020,206.81279369,221.6812617,206.81279369,216.46298683,
2026-06-12 07:08:00,1781248080,216.46298683,216.83868299,208.11661115,208.2200411,
2026-06-12 07:09:00,1781248140,208.2200411,211.75232431,207.70793366,211.5097428,
2026-06-12 07:10:00,1781248200,211.5097428,214.59726253,210.33245762,211.69175161,
2026-06-12 07:11:00,1781248260,211.69175161,220.18722355,205.85525483,219.44145017,
2026-06-12 07:12:00,1781248320,219.44145017,222.76004614,213.01749458,217.27081916,
2026-06-12 07:13:00,1781248380,217.27081916,226.64575678,215.30465718,226.44789341,
2026-06-12 07:14:00,1781248440,226.44789341,235.27679899,220.47324181,233.5409174,
2026-06-12 07:15:00,1781248500,233.5409174,233.80349336,227.23349444,231.71488363,
2026-06-12 07:16:00,1781248560,231.71488363,241.57964629,224.42237386,226.4534185,
2026-06-12 07:17:00,1781248620,226.4534185,235.34417779,223.5610805,223.5610805,
2026-06-12 07:18:00,1781248680,223.5610805,223.97570845,207.55722414,215.53253202,
2026-06-12 07:19:00,1781248740,215.53253202,223.24590815,212.61896728,219.39557707,
2026-06-12 07:20:00,1781248800,219.39557707,220.2966465,211.28888782,211.68779215,
2026-06-12 07:21:00,1781248860,211.68779215,226.9544109,207.6183749,218.33884124,
2026-06-12 07:22:00,1781248920,218.33884124,230.59408414,218.14256878,229.07802011,
2026-06-12 07:23:00,1781248980,229.07802011,230.23354754,218.4516568,218.4516568,
2026-06-12 07:24:00,1781249040,218.4516568,218.4516568,212.48184403,214.55916601,
2026-06-12 07:25:00,1781249100,214.55916601,223.56255453,214.55916601,220.61290432,
2026-06-12 07:26:00,1781249160,220.61290432,221.46673259,217.20465747,218.38440015,
2026-06-12 07:27:00,1781249220,218.38440015,223.86004938,218.38210702,220.73236873,
2026-06-12 07:28:00,1781249280,220.73236873,224.51664428,217.86104421,217.86589473,
2026-06-12 07:29:00,1781249340,217.86589473,219.9964471,214.191767,217.7197119,
2026-06-12 07:30:00,1781249400,217.7197119,220.71940882,213.9421988,214.13111069,
2026-06-12 07:31:00,1781249460,214.13111069,216.77319679,211.17511702,211.33850949,
2026-06-12 07:32:00,1781249520,211.33850949,221.29241135,211.21864103,215.81304745,
2026-06-12 07:33:00,1781249580,215.81304745,223.66332424,214.99358383,217.2660629,
2026-06-12 07:34:00,1781249640,217.2660629,224.81230719,210.97443296,224.81230719,
2026-06-12 07:35:00,1781249700,224.81230719,225.40704816,212.77850341,216.40252529,
2026-06-12 07:36:00,1781249760,216.40252529,224.25365147,216.19297579,221.47679254,
2026-06-12 07:37:00,1781249820,221.47679254,230.82356773,218.37863147,229.2336632,
2026-06-12 07:38:00,1781249880,229.2336632,233.83385313,220.26652381,220.26652381,
2026-06-12 07:39:00,1781249940,220.26652381,220.84840631,204.68960163,204.83800321,
2026-06-12 07:40:00,1781250000,204.83800321,209.71314554,199.46835308,205.02209677,
2026-06-12 07:41:00,1781250060,205.02209677,205.74018038,202.15308587,202.51191199,
2026-06-12 07:42:00,1781250120,202.51191199,207.42511152,201.72556436,202.39820724,
2026-06-12 07:43:00,1781250180,202.39820724,207.98657971,202.39820724,207.96324155,
2026-06-12 07:44:00,1781250240,207.96324155,227.2661613,204.49384332,227.12028402,
2026-06-12 07:45:00,1781250300,227.12028402,232.08625037,227.01586821,231.00132219,
2026-06-12 07:46:00,1781250360,231.00132219,239.68641955,229.51286058,229.5619599,
2026-06-12 07:47:00,1781250420,229.5619599,233.31236668,217.47467203,217.52060826,
2026-06-12 07:48:00,1781250480,217.52060826,218.41614645,208.65749269,209.63705567,
2026-06-12 07:49:00,1781250540,209.63705567,209.63705567,199.49265864,199.69887943,
2026-06-12 07:50:00,1781250600,199.69887943,205.2201283,199.60402967,202.74394578,
2026-06-12 07:51:00,1781250660,202.74394578,203.01912114,201.48305119,201.64900155,
2026-06-12 07:52:00,1781250720,201.64900155,204.07588401,198.00802757,198.77595311,
2026-06-12 07:53:00,1781250780,198.77595311,200.72877162,197.76838261,198.95867402,
2026-06-12 07:54:00,1781250840,198.95867402,199.99806709,197.66769329,199.31573225,
2026-06-12 07:55:00,1781250900,199.31573225,199.63236402,186.74993632,186.77239667,
2026-06-12 07:56:00,1781250960,186.77239667,186.81732368,146.39385665,157.61312554,
2026-06-12 07:57:00,1781251020,157.61312554,163.78439036,146.70135336,158.13382567,
2026-06-12 07:58:00,1781251080,158.13382567,159.42772949,149.18968086,149.18968086,
2026-06-12 07:59:00,1781251140,149.18968086,153.38554875,148.31706894,151.73069861,
2026-06-12 08:00:00,1781251200,151.73069861,152.65639992,145.4444333,147.30049984,
2026-06-12 08:01:00,1781251260,147.30049984,148.3986434,140.7552326,142.87206731,
2026-06-12 08:02:00,1781251320,142.87206731,144.75125637,131.76175897,135.65710822,
2026-06-12 08:03:00,1781251380,135.65710822,144.63081399,135.52822092,139.05406548,
2026-06-12 08:04:00,1781251440,139.05406548,144.26903495,135.4552454,143.44282846,
2026-06-12 08:05:00,1781251500,143.44282846,144.85457731,131.84514254,131.84514254,
2026-06-12 08:06:00,1781251560,131.84514254,133.10908633,124.79879777,127.50994641,
2026-06-12 08:07:00,1781251620,127.50994641,128.2137469,121.77911551,123.53774234,
2026-06-12 08:08:00,1781251680,123.53774234,124.70016865,119.47411555,120.25103189,
2026-06-12 08:09:00,1781251740,120.25103189,122.96103204,119.78514831,122.88522501,
2026-06-12 08:10:00,1781251800,122.88522501,123.32871205,114.41865196,120.40884885,
2026-06-12 08:11:00,1781251860,120.40884885,124.23247195,117.95621876,120.34597233,
2026-06-12 08:12:00,1781251920,120.34597233,120.44523185,116.81903846,117.88515465,
2026-06-12 08:13:00,1781251980,117.88515465,120.82038253,113.03825342,117.26064551,
2026-06-12 08:14:00,1781252040,117.26064551,121.85809884,117.26064551,121.80835442,
2026-06-12 08:15:00,1781252100,121.80835442,123.73767455,119.94580105,120.31885462,
2026-06-12 08:16:00,1781252160,120.31885462,121.33121943,105.48143921,106.32719919,
2026-06-12 08:17:00,1781252220,106.32719919,111.53839915,101.86972166,107.63758751,
2026-06-12 08:18:00,1781252280,107.63758751,108.92483826,97.59822395,99.42248649,
2026-06-12 08:19:00,1781252340,99.42248649,102.66995846,97.16047939,99.55309392,
2026-06-12 08:20:00,1781252400,99.55309392,102.54008387,99.02867139,99.51488955,
2026-06-12 08:21:00,1781252460,99.51488955,99.78682382,82.84008508,86.27854748,
2026-06-12 08:22:00,1781252520,86.27854748,88.97162734,79.37275896,88.11595387,
2026-06-12 08:23:00,1781252580,88.11595387,96.69945004,88.11595387,94.11579239,
2026-06-12 08:24:00,1781252640,94.11579239,96.16746863,89.94993579,96.16746863,
2026-06-12 08:25:00,1781252700,96.16746863,98.60208543,95.11928237,96.9496631,
2026-06-12 08:26:00,1781252760,96.9496631,99.27484518,96.0582307,98.46563542,
2026-06-12 08:27:00,1781252820,98.46563542,98.46563542,90.67428856,93.69251693,
2026-06-12 08:28:00,1781252880,93.69251693,95.69667345,89.35139786,90.5270366,
2026-06-12 08:29:00,1781252940,90.5270366,93.26616148,89.75065876,91.35186499,
2026-06-12 08:30:00,1781253000,91.35186499,96.65896007,89.62240838,96.51858645,
2026-06-12 08:31:00,1781253060,96.51858645,98.6215322,94.45336825,97.84910353,
2026-06-12 08:32:00,1781253120,97.84910353,100.23915105,96.50221252,97.5038155,
2026-06-12 08:33:00,1781253180,97.5038155,98.1911575,90.39016852,91.64916496,
2026-06-12 08:34:00,1781253240,91.64916496,96.20938102,90.45321527,96.04911323,
2026-06-12 08:35:00,1781253300,96.04911323,102.6760692,95.92572244,100.09115964,
2026-06-12 08:36:00,1781253360,100.09115964,100.5246198,97.356117,97.63466432,
2026-06-12 08:37:00,1781253420,97.63466432,101.36266319,97.63466432,98.45769962,
2026-06-12 08:38:00,1781253480,98.45769962,99.3666592,92.50674812,92.63763249,
2026-06-12 08:39:00,1781253540,92.63763249,92.91751661,88.14318162,89.026024,
2026-06-12 08:40:00,1781253600,89.026024,97.83380164,88.75241156,96.80033644,
2026-06-12 08:41:00,1781253660,96.80033644,98.84734,94.64560513,98.2562287,
2026-06-12 08:42:00,1781253720,98.2562287,103.59381984,97.38276242,101.75400315,
2026-06-12 08:43:00,1781253780,101.75400315,102.86805057,101.31027537,102.47945435,
2026-06-12 08:44:00,1781253840,102.47945435,103.71665789,101.26877707,101.36698766,
2026-06-12 08:45:00,1781253900,101.36698766,105.62905165,101.05100313,105.50740868,
2026-06-12 08:46:00,1781253960,105.50740868,106.65636504,96.04111135,96.04111135,
2026-06-12 08:47:00,1781254020,96.04111135,97.83097663,90.4459597,95.12968934,
2026-06-12 08:48:00,1781254080,95.12968934,96.06450014,91.32169222,93.18440214,
2026-06-12 08:49:00,1781254140,93.18440214,96.81786225,92.61334848,95.83222755,
2026-06-12 08:50:00,1781254200,95.83222755,97.89516617,95.37896928,96.47293754,
2026-06-12 08:51:00,1781254260,96.47293754,98.45462009,92.91120514,96.05110515,
2026-06-12 08:52:00,1781254320,96.05110515,96.05110515,89.1971339,90.71966642,
2026-06-12 08:53:00,1781254380,90.71966642,91.78457433,88.31853767,89.88471922,
2026-06-12 08:54:00,1781254440,89.88471922,92.88950498,89.87228889,91.70587015,
2026-06-12 08:55:00,1781254500,91.70587015,92.35557921,89.66822255,90.67678568,
2026-06-12 08:56:00,1781254560,90.67678568,92.30416937,87.33654952,88.64108798,
2026-06-12 08:57:00,1781254620,88.64108798,89.55508618,88.12024239,89.23758111,
2026-06-12 08:58:00,1781254680,89.23758111,91.39483643,88.38744097,91.13716722,
2026-06-12 08:59:00,1781254740,91.13716722,91.50692949,88.84819782,91.12615202,
2026-06-12 09:00:00,1781254800,91.12615202,93.70929509,90.95344367,92.32233849,
2026-06-12 09:01:00,1781254860,92.32233849,92.42985551,88.31945614,89.22597373,
2026-06-12 09:02:00,1781254920,89.22597373,89.88697169,84.64863088,86.57183013,
2026-06-12 09:03:00,1781254980,86.57183013,95.85279832,86.57037822,95.4375159,
2026-06-12 09:04:00,1781255040,95.4375159,97.35595672,95.17472189,96.73680863,
2026-06-12 09:05:00,1781255100,96.73680863,96.79244857,88.28616925,93.35160322,
2026-06-12 09:06:00,1781255160,93.35160322,93.35160322,88.21705685,89.180702,
2026-06-12 09:07:00,1781255220,89.180702,89.30990196,80.55406635,81.94261974,
2026-06-12 09:08:00,1781255280,81.94261974,90.02461505,81.46467965,88.46666563,
2026-06-12 09:09:00,1781255340,88.46666563,88.46666563,83.47642603,84.85068012,
2026-06-12 09:10:00,1781255400,84.85068012,88.78244555,84.85068012,86.70090864,
2026-06-12 09:11:00,1781255460,86.70090864,86.7121981,80.84197223,81.89849855,
2026-06-12 09:12:00,1781255520,81.89849855,84.74817803,80.99009528,84.74817803,
2026-06-12 09:13:00,1781255580,84.74817803,85.63721493,82.11183482,82.14742457,
2026-06-12 09:14:00,1781255640,82.14742457,82.1805509,75.93267981,77.71995828,
2026-06-12 09:15:00,1781255700,77.71995828,79.71346577,76.37188947,77.20898449,
2026-06-12 09:16:00,1781255760,77.20898449,80.71177633,74.42284104,74.88734007,
2026-06-12 09:17:00,1781255820,74.88734007,80.88188825,73.8035816,79.28103873,
2026-06-12 09:18:00,1781255880,79.28103873,80.47946903,77.66889328,79.81677811,
2026-06-12 09:19:00,1781255940,79.81677811,79.82869062,75.88868419,76.63378737,
2026-06-12 09:20:00,1781256000,76.63378737,77.17679088,72.1775342,76.19690317,
2026-06-12 09:21:00,1781256060,76.19690317,76.84461533,65.4178474,65.80589414,
2026-06-12 09:22:00,1781256120,65.80589414,72.01334093,62.88982896,70.39758731,
2026-06-12 09:23:00,1781256180,70.39758731,71.58272461,69.21198458,71.25703482,
2026-06-12 09:24:00,1781256240,71.25703482,71.25703482,68.42148178,69.89235308,
2026-06-12 09:25:00,1781256300,69.89235308,70.46611592,67.13142178,67.16974695,
2026-06-12 09:26:00,1781256360,67.16974695,67.99451555,64.37941626,64.37941626,
2026-06-12 09:27:00,1781256420,64.37941626,64.5736171,60.39237373,62.99564447,
2026-06-12 09:28:00,1781256480,62.99564447,63.83216776,58.0334857,59.96706851,
2026-06-12 09:29:00,1781256540,59.96706851,62.11009359,58.12706261,60.81404197,
2026-06-12 09:30:00,1781256600,60.81404197,61.56306716,58.25125543,58.25125543,
2026-06-12 09:31:00,1781256660,58.25125543,60.54520304,57.8153226,58.58037498,
2026-06-12 09:32:00,1781256720,58.58037498,58.62166905,48.47341122,50.72380599,
2026-06-12 09:33:00,1781256780,50.72380599,52.1393685,48.52283892,50.0986491,
2026-06-12 09:34:00,1781256840,50.0986491,52.84590323,46.62275026,51.17644904,
2026-06-12 09:35:00,1781256900,51.17644904,56.15064435,51.167335,52.60673829,
2026-06-12 09:36:00,1781256960,52.60673829,56.22604554,51.78218407,56.06807088,
2026-06-12 09:37:00,1781257020,56.06807088,57.41975038,54.88372626,57.14662675,
2026-06-12 09:38:00,1781257080,57.14662675,57.84559646,55.14497746,57.10768195,
2026-06-12 09:39:00,1781257140,57.10768195,58.49949067,55.8564805,56.95054842,
2026-06-12 09:40:00,1781257200,56.95054842,57.52291327,53.78649551,55.5108517,
2026-06-12 09:41:00,1781257260,55.5108517,59.42741509,55.5108517,59.12978104,
2026-06-12 09:42:00,1781257320,59.12978104,59.23237414,54.37082337,55.26200664,
2026-06-12 09:43:00,1781257380,55.26200664,55.26765083,52.98520628,54.09900899,
2026-06-12 09:44:00,1781257440,54.09900899,54.40899597,52.08343424,54.30762756,
2026-06-12 09:45:00,1781257500,54.30762756,59.51494244,52.6504527,53.56802578,
2026-06-12 09:46:00,1781257560,53.56802578,55.63665148,53.32661976,55.60976648,
2026-06-12 09:47:00,1781257620,55.60976648,55.60976648,50.60562384,53.04823037,
2026-06-12 09:48:00,1781257680,53.04823037,59.79793791,51.80544672,58.49421341,
2026-06-12 09:49:00,1781257740,58.49421341,59.43829715,57.94966088,59.1007292,
2026-06-12 09:50:00,1781257800,59.1007292,59.19490844,56.6416307,56.97112436,
2026-06-12 09:51:00,1781257860,56.97112436,62.16026256,56.96994092,60.95562616,
2026-06-12 09:52:00,1781257920,60.95562616,63.83209134,60.95562616,62.41424274,
2026-06-12 09:53:00,1781257980,62.41424274,63.4498759,61.16884991,62.75409701,
2026-06-12 09:54:00,1781258040,62.75409701,63.64832141,61.18414282,63.64832141,
2026-06-12 09:55:00,1781258100,63.64832141,64.2437128,57.51527962,58.94176457,
2026-06-12 09:56:00,1781258160,58.94176457,62.70774276,58.05231341,62.70774276,
2026-06-12 09:57:00,1781258220,62.70774276,62.94448489,61.30832396,62.44284935,
2026-06-12 09:58:00,1781258280,62.44284935,64.34657508,61.45572889,64.19905581,
2026-06-12 09:59:00,1781258340,64.19905581,68.60020633,64.14216844,67.59044577,
2026-06-12 10:00:00,1781258400,67.59044577,74.76570387,67.58912277,72.51085081,
2026-06-12 10:01:00,1781258460,72.51085081,72.54145573,70.01752484,70.28313419,
2026-06-12 10:02:00,1781258520,70.28313419,70.28313419,66.88346098,68.56334706,
2026-06-12 10:03:00,1781258580,68.56334706,73.20095002,68.00691262,70.57936599,
2026-06-12 10:04:00,1781258640,70.57936599,70.78116805,68.15020232,70.50529051,
2026-06-12 10:05:00,1781258700,70.50529051,72.72973129,70.50529051,72.28795929,
2026-06-12 10:06:00,1781258760,72.28795929,72.42571375,69.3020677,69.38800599,
2026-06-12 10:07:00,1781258820,69.38800599,69.59604137,65.65236438,65.65236438,
2026-06-12 10:08:00,1781258880,65.65236438,66.50856217,64.70767785,64.94118775,
2026-06-12 10:09:00,1781258940,64.94118775,67.35882935,57.62126778,57.62126778,
2026-06-12 10:10:00,1781259000,57.62126778,62.7505738,54.9525511,61.06478482,
2026-06-12 10:11:00,1781259060,61.06478482,69.24721257,60.77557408,65.59273654,
2026-06-12 10:12:00,1781259120,65.59273654,68.61255503,65.42479192,67.86832992,
2026-06-12 10:13:00,1781259180,67.86832992,67.89758985,62.44287666,63.42434951,
2026-06-12 10:14:00,1781259240,63.42434951,64.45842165,62.37302555,62.37302555,
2026-06-12 10:15:00,1781259300,62.37302555,67.93975093,62.37176074,64.91285424,
2026-06-12 10:16:00,1781259360,64.91285424,64.91285424,61.9457974,63.73256141,
2026-06-12 10:17:00,1781259420,63.73256141,64.58634736,60.40209988,61.81845424,
2026-06-12 10:18:00,1781259480,61.81845424,64.72194937,60.28459521,64.32760354,
2026-06-12 10:19:00,1781259540,64.32760354,64.35566312,62.14192779,62.24875433,
2026-06-12 10:20:00,1781259600,62.24875433,64.71129792,61.84304323,64.31354823,
2026-06-12 10:21:00,1781259660,64.31354823,64.37811511,61.94652665,62.13416723,
2026-06-12 10:22:00,1781259720,62.13416723,64.13863842,61.1893976,61.70128539,
2026-06-12 10:23:00,1781259780,61.70128539,62.5645824,60.68548323,61.32957529,
2026-06-12 10:24:00,1781259840,61.32957529,61.43189646,58.50710457,58.57373368,
2026-06-12 10:25:00,1781259900,58.57373368,76.29775363,57.55842505,74.9876977,
2026-06-12 10:26:00,1781259960,74.9876977,78.88976056,74.37429187,78.88976056,
2026-06-12 10:27:00,1781260020,78.88976056,80.90582147,76.72207232,78.99500787,
2026-06-12 10:28:00,1781260080,78.99500787,79.30827305,76.37491399,77.4707897,
2026-06-12 10:29:00,1781260140,77.4707897,81.09001282,76.55412392,77.59040038,
2026-06-12 10:30:00,1781260200,77.59040038,77.85450253,69.90171148,74.31424917,
2026-06-12 10:31:00,1781260260,74.31424917,75.55638094,72.21610716,73.83458692,
2026-06-12 10:32:00,1781260320,73.83458692,75.61268736,67.82622869,67.82622869,
2026-06-12 10:33:00,1781260380,67.82622869,71.38676115,65.34577222,69.83329647,
2026-06-12 10:34:00,1781260440,69.83329647,69.83329647,64.16334595,64.37442691,
2026-06-12 10:35:00,1781260500,64.37442691,67.26499659,62.46562796,66.41336929,
2026-06-12 10:36:00,1781260560,66.41336929,68.82784004,61.67304774,62.31616418,
2026-06-12 10:37:00,1781260620,62.31616418,66.81383901,62.31616418,63.90788842,
2026-06-12 10:38:00,1781260680,63.90788842,65.26790711,63.41412674,63.91136568,
2026-06-12 10:39:00,1781260740,63.91136568,68.85803284,62.0082527,67.72988676,
2026-06-12 10:40:00,1781260800,67.72988676,70.23535901,65.47345122,66.89889597,
2026-06-12 10:41:00,1781260860,66.89889597,70.56860336,65.7331269,70.40176293,
2026-06-12 10:42:00,1781260920,70.40176293,71.75181967,69.10861231,69.54544328,
2026-06-12 10:43:00,1781260980,69.54544328,72.26074045,69.54544328,72.04852506,
2026-06-12 10:44:00,1781261040,72.04852506,72.23263849,69.33236556,69.45778458,
2026-06-12 10:45:00,1781261100,69.45778458,71.49668856,68.69999266,68.70899195,
2026-06-12 10:46:00,1781261160,68.70899195,69.58418564,67.58578409,69.28686677,
2026-06-12 10:47:00,1781261220,69.28686677,72.35050817,69.09484934,69.12465933,
2026-06-12 10:48:00,1781261280,69.12465933,69.21091825,63.68255335,65.23036716,
2026-06-12 10:49:00,1781261340,65.23036716,68.25505559,64.5337699,66.15431645,
2026-06-12 10:50:00,1781261400,66.15431645,67.87021786,65.07502756,66.40419719,
2026-06-12 10:51:00,1781261460,66.40419719,68.52780008,66.35335939,68.32140455,
2026-06-12 10:52:00,1781261520,68.32140455,70.42727699,67.4372333,67.67043573,
2026-06-12 10:53:00,1781261580,67.67043573,67.89102326,65.6224306,67.39683937,
2026-06-12 10:54:00,1781261640,67.39683937,68.75376928,65.74683769,68.64616362,
2026-06-12 10:55:00,1781261700,68.64616362,70.59488433,66.83685946,66.98627206,
2026-06-12 10:56:00,1781261760,66.98627206,68.17041596,65.46376128,67.90344859,
2026-06-12 10:57:00,1781261820,67.90344859,73.11203884,67.90208183,68.35275051,
2026-06-12 10:58:00,1781261880,68.35275051,69.49008777,63.74081232,67.14881197,
2026-06-12 10:59:00,1781261940,67.14881197,68.83672855,65.7064538,68.29421116,
2026-06-12 11:00:00,1781262000,68.29421116,69.69992386,66.4420518,69.69992386,
2026-06-12 11:01:00,1781262060,69.69992386,69.77701055,64.87707652,64.88697474,
2026-06-12 11:02:00,1781262120,64.88697474,67.48110331,58.50060544,59.39314834,
2026-06-12 11:03:00,1781262180,59.39314834,60.07532922,52.04820976,54.00507324,
2026-06-12 11:04:00,1781262240,54.00507324,61.35799057,53.21947728,58.31494292,
2026-06-12 11:05:00,1781262300,58.31494292,59.79345384,52.00654913,53.35548706,
2026-06-12 11:06:00,1781262360,53.35548706,58.33313809,52.14591814,57.91940277,
2026-06-12 11:07:00,1781262420,57.91940277,59.94232657,56.44680241,59.03453334,
2026-06-12 11:08:00,1781262480,59.03453334,61.11277216,58.05836243,61.10347584,
2026-06-12 11:09:00,1781262540,61.10347584,65.64670398,61.065005,65.10187636,
2026-06-12 11:10:00,1781262600,65.10187636,65.8347535,63.72696569,65.8347535,
2026-06-12 11:11:00,1781262660,65.8347535,66.0715927,62.58568945,62.74439423,
2026-06-12 11:12:00,1781262720,62.74439423,62.74439423,58.2208261,59.22272133,
2026-06-12 11:13:00,1781262780,59.22272133,59.70072054,55.68376944,58.02508661,
2026-06-12 11:14:00,1781262840,58.02508661,58.98483552,57.11513956,58.72436206,
2026-06-12 11:15:00,1781262900,58.72436206,59.06764858,56.87665072,58.12146414,
2026-06-12 11:16:00,1781262960,58.12146414,62.12805374,58.084635,59.66991394,
2026-06-12 11:17:00,1781263020,59.66991394,63.10239018,59.65954373,62.6364508,
2026-06-12 11:18:00,1781263080,62.6364508,66.6785525,61.96897641,64.28864047,
2026-06-12 11:19:00,1781263140,64.28864047,65.93065762,64.11645278,64.16341228,
2026-06-12 11:20:00,1781263200,64.16341228,64.5787661,59.52395741,61.73890559,
2026-06-12 11:21:00,1781263260,61.73890559,62.41471565,59.47525304,59.66382532,
2026-06-12 11:22:00,1781263320,59.66382532,60.21964174,57.65578342,58.01207724,
2026-06-12 11:23:00,1781263380,58.01207724,59.72907345,56.42212194,56.88460265,
2026-06-12 11:24:00,1781263440,56.88460265,59.27190638,55.35601389,56.32809104,
2026-06-12 11:25:00,1781263500,56.32809104,58.53490553,54.97222656,57.80968354,
2026-06-12 11:26:00,1781263560,57.80968354,60.42627822,57.4200569,60.37647647,
2026-06-12 11:27:00,1781263620,60.37647647,61.4794582,60.20835369,61.47813334,
2026-06-12 11:28:00,1781263680,61.47813334,61.70873965,58.48609692,58.62255965,
2026-06-12 11:29:00,1781263740,58.62255965,62.05873625,58.51157539,61.92698422,
2026-06-12 11:30:00,1781263800,61.92698422,67.28796384,61.87646446,65.0072331,
2026-06-12 11:31:00,1781263860,65.0072331,66.93503602,61.34610079,65.64039874,
2026-06-12 11:32:00,1781263920,65.64039874,70.4442798,63.68248274,69.56019888,
2026-06-12 11:33:00,1781263980,69.56019888,70.78516923,67.31070133,68.67655645,
2026-06-12 11:34:00,1781264040,68.67655645,68.94366877,66.17499826,67.68028441,
2026-06-12 11:35:00,1781264100,67.68028441,74.3480725,66.80218922,71.71017225,
2026-06-12 11:36:00,1781264160,71.71017225,72.25650359,69.95074149,70.31789859,
2026-06-12 11:37:00,1781264220,70.31789859,72.12488055,69.61905938,71.45026707,
2026-06-12 11:38:00,1781264280,71.45026707,72.78754466,69.06660217,71.05279412,
2026-06-12 11:39:00,1781264340,71.05279412,72.32990785,69.20300101,71.42696543,
2026-06-12 11:40:00,1781264400,71.42696543,71.64889155,66.82124584,67.20465342,
2026-06-12 11:41:00,1781264460,67.20465342,68.42312376,59.34933134,61.75792395,
2026-06-12 11:42:00,1781264520,61.75792395,63.23452764,60.6017365,61.87643082,
2026-06-12 11:43:00,1781264580,61.87643082,63.12643464,59.72902503,60.90739125,
2026-06-12 11:44:00,1781264640,60.90739125,61.27180885,60.06256909,60.36840599,
2026-06-12 11:45:00,1781264700,60.36840599,60.3776459,52.32663152,54.15133861,
2026-06-12 11:46:00,1781264760,54.15133861,57.97185896,54.15133861,56.98280748,
2026-06-12 11:47:00,1781264820,56.98280748,61.71986474,56.98280748,57.73683539,
2026-06-12 11:48:00,1781264880,57.73683539,58.50694284,56.36280083,57.47196329,
2026-06-12 11:49:00,1781264940,57.47196329,59.78926173,57.36589005,59.49508148,
2026-06-12 11:50:00,1781265000,59.49508148,59.86019127,58.42656354,58.96159472,
2026-06-12 11:51:00,1781265060,58.96159472,61.30794848,58.5811363,59.56751451,
2026-06-12 11:52:00,1781265120,59.56751451,59.56751451,58.208778,58.38063545,
2026-06-12 11:53:00,1781265180,58.38063545,60.10751928,56.3039795,56.49681419,
2026-06-12 11:54:00,1781265240,56.49681419,57.0108937,56.23444086,56.514463,
2026-06-12 11:55:00,1781265300,56.514463,59.1429785,55.47216572,56.42617947,
2026-06-12 11:56:00,1781265360,56.42617947,60.71557895,56.42617947,58.76745539,
2026-06-12 11:57:00,1781265420,58.76745539,60.53936681,58.76614748,60.53936681,
2026-06-12 11:58:00,1781265480,60.53936681,62.93349115,60.04361117,60.96138342,
2026-06-12 11:59:00,1781265540,60.96138342,64.37265425,60.89239395,64.00362516,
2026-06-12 12:00:00,1781265600,64.00362516,73.98731907,64.00224526,73.4279946,
2026-06-12 12:01:00,1781265660,73.4279946,75.86896801,65.01117393,69.06241669,
2026-06-12 12:02:00,1781265720,69.06241669,70.85007175,62.70746657,63.67051671,
2026-06-12 12:03:00,1781265780,63.67051671,63.67051671,59.7955095,63.144247,
2026-06-12 12:04:00,1781265840,63.144247,72.51206902,62.89664584,70.38095952,
2026-06-12 12:05:00,1781265900,70.38095952,70.45575778,67.55117104,69.37028509,
2026-06-12 12:06:00,1781265960,69.37028509,72.16807988,65.72929252,70.16151387,
2026-06-12 12:07:00,1781266020,70.16151387,70.82954129,67.86986584,70.17030373,
2026-06-12 12:08:00,1781266080,70.17030373,70.31824889,66.021447,66.81408338,
2026-06-12 12:09:00,1781266140,66.81408338,68.26528355,65.66665303,67.68331545,
2026-06-12 12:10:00,1781266200,67.68331545,67.72232451,63.08056996,64.78145941,
2026-06-12 12:11:00,1781266260,64.78145941,69.19752414,64.46389883,67.85703246,
2026-06-12 12:12:00,1781266320,67.85703246,71.60900786,67.85703246,71.59661492,
2026-06-12 12:13:00,1781266380,71.59661492,71.59661492,68.58836904,69.2685801,
2026-06-12 12:14:00,1781266440,69.2685801,71.19251733,68.85116854,69.88485862,
2026-06-12 12:15:00,1781266500,69.88485862,70.25876944,66.31265654,69.61778658,
2026-06-12 12:16:00,1781266560,69.61778658,71.1742619,65.79931113,66.78767924,
2026-06-12 12:17:00,1781266620,66.78767924,68.69600179,65.63597002,65.71381324,
2026-06-12 12:18:00,1781266680,65.71381324,66.8574828,64.59174598,66.30436258,
2026-06-12 12:19:00,1781266740,66.30436258,66.45387035,62.19947868,66.4331432,
2026-06-12 12:20:00,1781266800,66.4331432,71.71522941,64.89255314,71.63650101,
2026-06-12 12:21:00,1781266860,71.63650101,74.91460415,69.58377882,74.70765544,
2026-06-12 12:22:00,1781266920,74.70765544,74.70765544,67.95000844,68.83051361,
2026-06-12 12:23:00,1781266980,68.83051361,72.01009012,68.12735366,70.5007734,
2026-06-12 12:24:00,1781267040,70.5007734,74.70061478,70.48693346,74.61891377,
2026-06-12 12:25:00,1781267100,74.61891377,78.02231527,74.08216363,75.59677242,
2026-06-12 12:26:00,1781267160,75.59677242,76.6496235,75.01779292,76.6496235,
2026-06-12 12:27:00,1781267220,76.6496235,82.26778848,76.29930745,79.35182637,
2026-06-12 12:28:00,1781267280,79.35182637,82.84976502,77.43385782,80.30407678,
2026-06-12 12:29:00,1781267340,80.30407678,84.20500288,80.30407678,83.71683052,
2026-06-12 12:30:00,1781267400,83.71683052,85.41715655,77.31600047,78.34882967,
2026-06-12 12:31:00,1781267460,78.34882967,80.12858715,75.51632088,79.74797828,
2026-06-12 12:32:00,1781267520,79.74797828,79.74797828,76.03091245,78.10913423,
2026-06-12 12:33:00,1781267580,78.10913423,78.42721728,74.67484006,76.40481003,
2026-06-12 12:34:00,1781267640,76.40481003,78.01202091,73.52278487,75.69297568,
2026-06-12 12:35:00,1781267700,75.69297568,79.88389556,73.68924105,79.78468272,
2026-06-12 12:36:00,1781267760,79.78468272,82.38149908,79.29959098,82.24519265,
2026-06-12 12:37:00,1781267820,82.24519265,82.28073456,78.09510959,80.95485536,
2026-06-12 12:38:00,1781267880,80.95485536,87.61321406,80.86625815,87.61321406,
2026-06-12 12:39:00,1781267940,87.61321406,96.50917279,87.61321406,93.73490943,
2026-06-12 12:40:00,1781268000,93.73490943,98.60265361,92.08854819,92.49830647,
2026-06-12 12:41:00,1781268060,92.49830647,94.48624855,88.10822329,88.10822329,
2026-06-12 12:42:00,1781268120,88.10822329,91.22591689,86.19507046,86.45895383,
2026-06-12 12:43:00,1781268180,86.45895383,87.40433051,82.51048115,83.13816518,
2026-06-12 12:44:00,1781268240,83.13816518,95.44430112,82.06973941,90.02478736,
2026-06-12 12:45:00,1781268300,90.02478736,93.43613333,87.10064283,88.35327083,
2026-06-12 12:46:00,1781268360,88.35327083,88.35712836,80.38047616,82.30814804,
2026-06-12 12:47:00,1781268420,82.30814804,85.0975719,79.84318897,81.16764857,
2026-06-12 12:48:00,1781268480,81.16764857,84.44724892,76.75465552,77.55790987,
2026-06-12 12:49:00,1781268540,77.55790987,79.37669722,74.60624317,79.37669722,
2026-06-12 12:50:00,1781268600,79.37669722,80.89767441,72.8217023,78.01472855,
2026-06-12 12:51:00,1781268660,78.01472855,82.46000335,77.11352025,79.92448565,
2026-06-12 12:52:00,1781268720,79.92448565,79.98464049,71.47214937,72.24675773,
2026-06-12 12:53:00,1781268780,72.24675773,76.23663276,72.24525751,76.16402706,
2026-06-12 12:54:00,1781268840,76.16402706,84.84391612,76.14051633,83.52201528,
2026-06-12 12:55:00,1781268900,83.52201528,91.48427559,80.58791922,83.32508881,
2026-06-12 12:56:00,1781268960,83.32508881,85.6336008,81.07127789,83.41424433,
2026-06-12 12:57:00,1781269020,83.41424433,83.4348884,77.29001482,77.90581868,
2026-06-12 12:58:00,1781269080,77.90581868,79.43941481,76.50288048,77.23070119,
2026-06-12 12:59:00,1781269140,77.23070119,78.39385552,73.12781728,77.87262984,
2026-06-12 13:00:00,1781269200,77.87262984,79.61792604,73.69315353,79.55259746,
2026-06-12 13:01:00,1781269260,79.55259746,82.52879611,78.71886907,80.99061605,
2026-06-12 13:02:00,1781269320,80.99061605,85.63351899,77.15854803,77.31161321,
2026-06-12 13:03:00,1781269380,77.31161321,81.89315208,77.27251492,78.76619849,
2026-06-12 13:04:00,1781269440,78.76619849,81.5642627,78.71515737,81.3262662,
2026-06-12 13:05:00,1781269500,81.3262662,81.70310018,77.52846793,78.02949632,
2026-06-12 13:06:00,1781269560,78.02949632,80.77424537,77.46292256,79.19748405,
2026-06-12 13:07:00,1781269620,79.19748405,79.55311244,75.44686467,76.75471589,
2026-06-12 13:08:00,1781269680,76.75471589,76.77899166,72.97475602,75.22746664,
2026-06-12 13:09:00,1781269740,75.22746664,75.31966067,69.39930099,75.31657931,
2026-06-12 13:10:00,1781269800,75.31657931,79.29582483,73.28430644,75.03018403,
2026-06-12 13:11:00,1781269860,75.03018403,80.00366686,74.85001451,79.53343557,
2026-06-12 13:12:00,1781269920,79.53343557,86.03691,77.49530733,85.73672541,
2026-06-12 13:13:00,1781269980,85.73672541,87.7486186,77.68149779,77.84688559,
2026-06-12 13:14:00,1781270040,77.84688559,78.15199508,71.50288948,71.78925084,
2026-06-12 13:15:00,1781270100,71.78925084,76.89132676,70.9830464,76.54545135,
2026-06-12 13:16:00,1781270160,76.54545135,77.30251668,72.8712239,73.60630175,
2026-06-12 13:17:00,1781270220,73.60630175,75.86457956,71.25168795,74.43000927,
2026-06-12 13:18:00,1781270280,74.43000927,74.9206673,65.19773793,65.92688448,
2026-06-12 13:19:00,1781270340,65.92688448,70.10124055,65.6469256,69.51029241,
2026-06-12 13:20:00,1781270400,69.51029241,73.17285003,69.01551278,70.13535624,
2026-06-12 13:21:00,1781270460,70.13535624,73.74558645,70.1013795,72.203056,
2026-06-12 13:22:00,1781270520,72.203056,77.25589203,72.15798941,77.13079072,
2026-06-12 13:23:00,1781270580,77.13079072,82.2827719,76.15597723,81.9600824,
2026-06-12 13:24:00,1781270640,81.9600824,82.04910987,77.38116003,77.51710845,
2026-06-12 13:25:00,1781270700,77.51710845,80.8518624,76.56489988,79.73377574,
2026-06-12 13:26:00,1781270760,79.73377574,79.90276534,76.92627899,79.21246189,
2026-06-12 13:27:00,1781270820,79.21246189,81.43629325,78.41307584,79.34945616,
2026-06-12 13:28:00,1781270880,79.34945616,86.59257244,79.12116899,82.75230733,
2026-06-12 13:29:00,1781270940,82.75230733,82.75230733,77.81112969,78.95194184,
2026-06-12 13:30:00,1781271000,78.95194184,93.77836451,73.61812903,90.46922712,
2026-06-12 13:31:00,1781271060,90.46922712,103.99239512,88.28199924,103.77331941,
2026-06-12 13:32:00,1781271120,103.77331941,103.77331941,88.02630628,95.2927099,
2026-06-12 13:33:00,1781271180,95.2927099,103.25293963,92.8952291,103.1044629,
2026-06-12 13:34:00,1781271240,103.1044629,105.66515676,93.88330518,101.53267347,
2026-06-12 13:35:00,1781271300,101.53267347,105.63592176,82.95329183,85.49207102,
2026-06-12 13:36:00,1781271360,85.49207102,96.37671427,85.18328202,92.83791358,
2026-06-12 13:37:00,1781271420,92.83791358,97.32615603,86.99377307,88.25011303,
2026-06-12 13:38:00,1781271480,88.25011303,92.66707081,82.77334739,85.61708523,
2026-06-12 13:39:00,1781271540,85.61708523,89.26669835,79.10492867,79.31706845,
2026-06-12 13:40:00,1781271600,79.31706845,102.75901445,75.70230003,99.54422958,
2026-06-12 13:41:00,1781271660,99.54422958,119.44603017,97.86788102,108.69335339,
2026-06-12 13:42:00,1781271720,108.69335339,126.73591123,108.69335339,126.73591123,
2026-06-12 13:43:00,1781271780,126.73591123,128.8290816,102.08006182,106.45594772,
2026-06-12 13:44:00,1781271840,106.45594772,112.62934226,104.7009029,112.4523741,
2026-06-12 13:45:00,1781271900,112.4523741,115.08500767,97.5511088,111.69549523,
2026-06-12 13:46:00,1781271960,111.69549523,112.81776153,97.57516325,101.38880757,
2026-06-12 13:47:00,1781272020,101.38880757,102.09681841,95.69307264,101.69996207,
2026-06-12 13:48:00,1781272080,101.69996207,115.38286508,99.19397104,105.1209391,
2026-06-12 13:49:00,1781272140,105.1209391,107.2181219,94.14792297,96.92797065,
2026-06-12 13:50:00,1781272200,96.92797065,97.41984336,89.08562706,90.17131224,
2026-06-12 13:51:00,1781272260,90.17131224,98.10619551,85.9586009,94.64558283,
2026-06-12 13:52:00,1781272320,94.64558283,100.61879924,89.05688497,89.74466917,
2026-06-12 13:53:00,1781272380,89.74466917,102.21555217,85.74258861,102.13304293,
2026-06-12 13:54:00,1781272440,102.13304293,108.86651033,98.19680812,100.75842814,
2026-06-12 13:55:00,1781272500,100.75842814,108.79954486,100.75661085,107.82971962,
2026-06-12 13:56:00,1781272560,107.82971962,109.0392905,101.55893781,103.84632239,
2026-06-12 13:57:00,1781272620,103.84632239,104.37000666,96.34028211,99.48375301,
2026-06-12 13:58:00,1781272680,99.48375301,102.13400216,94.23308064,95.18069297,
2026-06-12 13:59:00,1781272740,95.18069297,96.38485941,85.03003879,87.84461981,
2026-06-12 14:00:00,1781272800,87.84461981,92.80563609,58.68470784,60.82978975,
2026-06-12 14:01:00,1781272860,60.82978975,65.49575624,54.17335401,60.85547383,
2026-06-12 14:02:00,1781272920,60.85547383,71.05906625,59.70029853,67.92667723,
2026-06-12 14:03:00,1781272980,67.92667723,72.38575521,57.23817504,60.53085728,
2026-06-12 14:04:00,1781273040,60.53085728,70.19388776,60.02727875,66.52004071,
2026-06-12 14:05:00,1781273100,66.52004071,73.51340101,66.49566879,70.83554768,
2026-06-12 14:06:00,1781273160,70.83554768,71.14851764,59.30416314,59.34487027,
2026-06-12 14:07:00,1781273220,59.34487027,59.78663507,47.35831699,49.37193603,
2026-06-12 14:08:00,1781273280,49.37193603,61.1536614,49.24495333,60.76338157,
2026-06-12 14:09:00,1781273340,60.76338157,62.42635533,57.51877538,58.91835617,
2026-06-12 14:10:00,1781273400,58.91835617,63.16457406,56.11910737,56.56342612,
2026-06-12 14:11:00,1781273460,56.56342612,65.46942864,56.48110743,60.01673833,
2026-06-12 14:12:00,1781273520,60.01673833,63.49932698,57.6689427,63.49932698,
2026-06-12 14:13:00,1781273580,63.49932698,68.00639196,58.84519232,66.47791675,
2026-06-12 14:14:00,1781273640,66.47791675,66.54765144,55.36722333,56.57051072,
2026-06-12 14:15:00,1781273700,56.57051072,57.99008856,50.46284092,51.7495709,
2026-06-12 14:16:00,1781273760,51.7495709,53.4576654,49.83368579,50.70628939,
2026-06-12 14:17:00,1781273820,50.70628939,53.04938914,45.90613692,52.75377609,
2026-06-12 14:18:00,1781273880,52.75377609,62.98336365,52.75377609,61.20712769,
2026-06-12 14:19:00,1781273940,61.20712769,61.932839,57.10061362,60.41616247,
2026-06-12 14:20:00,1781274000,60.41616247,62.41907162,55.08087393,56.35085755,
2026-06-12 14:21:00,1781274060,56.35085755,63.01670105,48.62241963,62.04983532,
2026-06-12 14:22:00,1781274120,62.04983532,70.49874856,61.27860521,69.31736753,
2026-06-12 14:23:00,1781274180,69.31736753,69.95947956,61.04110299,61.4810995,
2026-06-12 14:24:00,1781274240,61.4810995,61.50312054,52.41585574,56.22343364,
2026-06-12 14:25:00,1781274300,56.22343364,56.78759032,39.68168228,41.64202577,
2026-06-12 14:26:00,1781274360,41.64202577,48.70011738,39.85361774,45.20315428,
2026-06-12 14:27:00,1781274420,45.20315428,45.40843581,37.44484082,39.94713923,
2026-06-12 14:28:00,1781274480,39.94713923,41.8838706,36.00424211,39.41554213,
2026-06-12 14:29:00,1781274540,39.41554213,40.20169979,37.40996726,38.07262748,
2026-06-12 14:30:00,1781274600,38.07262748,38.58846214,34.65823603,35.63681599,
2026-06-12 14:31:00,1781274660,35.63681599,41.68562706,33.4130253,39.39603979,
2026-06-12 14:32:00,1781274720,39.39603979,42.74857241,36.79777756,41.08223374,
2026-06-12 14:33:00,1781274780,41.08223374,44.09506501,38.27294516,39.53499729,
2026-06-12 14:34:00,1781274840,39.53499729,39.53499729,32.49135468,33.46743824,
2026-06-12 14:35:00,1781274900,33.46743824,34.15363333,29.84283722,32.96599753,
2026-06-12 14:36:00,1781274960,32.96599753,35.17185179,27.84299073,29.02790153,
2026-06-12 14:37:00,1781275020,29.02790153,34.19991994,27.72635768,31.8702099,
2026-06-12 14:38:00,1781275080,31.8702099,32.80686012,29.38879188,30.90295925,
2026-06-12 14:39:00,1781275140,30.90295925,32.30266045,29.16378545,32.2634269,
2026-06-12 14:40:00,1781275200,32.2634269,39.14296156,31.71999235,37.16774102,
2026-06-12 14:41:00,1781275260,37.16774102,42.11751609,36.2426533,39.82554555,
2026-06-12 14:42:00,1781275320,39.82554555,41.33504349,36.55571378,39.48165506,
2026-06-12 14:43:00,1781275380,39.48165506,50.86857121,39.08748148,49.90214094,
2026-06-12 14:44:00,1781275440,49.90214094,49.9619206,42.86404983,46.23948847,
2026-06-12 14:45:00,1781275500,46.23948847,49.00251935,40.88832862,42.44383841,
2026-06-12 14:46:00,1781275560,42.44383841,45.30051176,39.81373074,41.94738392,
2026-06-12 14:47:00,1781275620,41.94738392,48.14775335,40.54262887,45.48526568,
2026-06-12 14:48:00,1781275680,45.48526568,46.3793346,40.88063456,44.39663351,
2026-06-12 14:49:00,1781275740,44.39663351,48.11387684,41.82781675,42.47465975,
2026-06-12 14:50:00,1781275800,42.47465975,42.85603884,32.54965092,33.42413749,
2026-06-12 14:51:00,1781275860,33.42413749,38.52236211,32.55355215,38.52236211,
2026-06-12 14:52:00,1781275920,38.52236211,39.27120894,19.13578082,21.34823072,
2026-06-12 14:53:00,1781275980,21.34823072,22.10086764,17.88021467,21.51499897,
2026-06-12 14:54:00,1781276040,21.51499897,23.28502098,19.46621664,19.61989724,
2026-06-12 14:55:00,1781276100,19.61989724,23.96408017,17.34467775,23.42419705,
2026-06-12 14:56:00,1781276160,23.42419705,24.28615804,18.29608323,19.24447858,
2026-06-12 14:57:00,1781276220,19.24447858,22.25796581,19.22789534,20.12868291,
2026-06-12 14:58:00,1781276280,20.12868291,22.2454359,19.50004396,19.66718894,
2026-06-12 14:59:00,1781276340,19.66718894,20.72302828,18.92058217,19.0446083,
2026-06-12 15:00:00,1781276400,19.0446083,19.91859038,15.38692895,15.76137595,
2026-06-12 15:01:00,1781276460,15.76137595,16.39623537,13.70535197,16.26657223,
2026-06-12 15:02:00,1781276520,16.26657223,20.22229954,15.83704616,20.22229954,
2026-06-12 15:03:00,1781276580,20.22229954,29.75638045,18.58871069,29.59329585,
2026-06-12 15:04:00,1781276640,29.59329585,31.019078,25.92919314,28.44786858,
2026-06-12 15:05:00,1781276700,28.44786858,28.70355718,23.09323138,23.09323138,
2026-06-12 15:06:00,1781276760,23.09323138,23.71278358,19.33070835,20.08867186,
2026-06-12 15:07:00,1781276820,20.08867186,21.45078274,16.91902649,18.16678401,
2026-06-12 15:08:00,1781276880,18.16678401,21.27096167,17.52463936,19.87976654,
2026-06-12 15:09:00,1781276940,19.87976654,21.22747465,18.52206713,21.22747465,
2026-06-12 15:10:00,1781277000,21.22747465,21.80982972,15.60575103,15.60575103,
2026-06-12 15:11:00,1781277060,15.60575103,16.63341138,14.91681561,16.33615624,
2026-06-12 15:12:00,1781277120,16.33615624,19.02057573,16.01030994,16.42705973,
2026-06-12 15:13:00,1781277180,16.42705973,16.47769464,13.15398452,13.44612195,
2026-06-12 15:14:00,1781277240,13.44612195,15.72761929,13.30825149,14.85068189,
2026-06-12 15:15:00,1781277300,14.85068189,17.53458449,14.11125596,17.45640578,
2026-06-12 15:16:00,1781277360,17.45640578,19.76961043,16.97306116,18.43049348,
2026-06-12 15:17:00,1781277420,18.43049348,18.89430986,16.54949188,18.39390904,
2026-06-12 15:18:00,1781277480,18.39390904,20.15688637,17.71652583,18.73380746,
2026-06-12 15:19:00,1781277540,18.73380746,21.34285844,18.58288495,20.20409769,
2026-06-12 15:20:00,1781277600,20.20409769,22.29853077,19.57910981,21.56061326,
2026-06-12 15:21:00,1781277660,21.56061326,22.03695082,19.44297871,20.42680038,
2026-06-12 15:22:00,1781277720,20.42680038,22.04391089,19.08958647,20.51699595,
2026-06-12 15:23:00,1781277780,20.51699595,21.1162083,18.19400998,19.18835651,
2026-06-12 15:24:00,1781277840,19.18835651,19.29334064,17.51912446,18.15595888,
2026-06-12 15:25:00,1781277900,18.15595888,18.15595888,16.20120516,16.4110108,
2026-06-12 15:26:00,1781277960,16.4110108,18.64475501,16.25542617,17.68592419,
2026-06-12 15:27:00,1781278020,17.68592419,18.08658201,16.56906955,16.82094898,
2026-06-12 15:28:00,1781278080,16.82094898,20.45970766,16.75286942,20.12464234,
2026-06-12 15:29:00,1781278140,20.12464234,22.5448971,18.60337707,22.39061632,
2026-06-12 15:30:00,1781278200,22.39061632,25.28184364,22.15518449,23.17904105,
2026-06-12 15:31:00,1781278260,23.17904105,25.29580469,22.41106549,23.47326584,
2026-06-12 15:32:00,1781278320,23.47326584,24.75054903,21.10249952,24.24319338,
2026-06-12 15:33:00,1781278380,24.24319338,26.51920168,23.11905162,26.06166287,
2026-06-12 15:34:00,1781278440,26.06166287,27.88347339,25.22719834,26.95307744,
2026-06-12 15:35:00,1781278500,26.95307744,28.07003839,19.36840822,19.36840822,
2026-06-12 15:36:00,1781278560,19.36840822,23.19625981,19.35657674,22.26069176,
2026-06-12 15:37:00,1781278620,22.26069176,26.40028774,20.98329188,25.23143425,
2026-06-12 15:38:00,1781278680,25.23143425,27.82964645,23.67415347,26.5410885,
2026-06-12 15:39:00,1781278740,26.5410885,27.24436823,21.08638786,22.08848704,
2026-06-12 15:40:00,1781278800,22.08848704,25.03768726,20.67181331,24.6641774,
2026-06-12 15:41:00,1781278860,24.6641774,26.8735478,21.91377855,25.71315236,
2026-06-12 15:42:00,1781278920,25.71315236,28.24777577,24.56224754,25.16452954,
2026-06-12 15:43:00,1781278980,25.16452954,25.74743762,21.63861518,21.63861518,
2026-06-12 15:44:00,1781279040,21.63861518,23.62265455,21.56693391,22.14919897,
2026-06-12 15:45:00,1781279100,22.14919897,24.94908981,21.56683562,23.09323153,
2026-06-12 15:46:00,1781279160,23.09323153,24.86944543,20.5633617,24.49265332,
2026-06-12 15:47:00,1781279220,24.49265332,28.4238165,23.9388244,27.7932872,
2026-06-12 15:48:00,1781279280,27.7932872,32.86944437,27.44349047,31.32286047,
2026-06-12 15:49:00,1781279340,31.32286047,34.53416807,29.67872001,32.57527864,
2026-06-12 15:50:00,1781279400,32.57527864,32.57527864,27.97858111,28.58850614,
2026-06-12 15:51:00,1781279460,28.58850614,30.53171427,27.19667522,28.63392908,
2026-06-12 15:52:00,1781279520,28.63392908,29.0294958,25.99255818,26.19395825,
2026-06-12 15:53:00,1781279580,26.19395825,26.89541636,23.8278235,25.45975843,
2026-06-12 15:54:00,1781279640,25.45975843,26.26621029,23.25737563,24.28069307,
2026-06-12 15:55:00,1781279700,24.28069307,29.57294635,24.09987444,29.41847509,
2026-06-12 15:56:00,1781279760,29.41847509,35.10725264,28.19084127,32.70731372,
2026-06-12 15:57:00,1781279820,32.70731372,33.19242269,30.97678277,32.69803383,
2026-06-12 15:58:00,1781279880,32.69803383,35.4355274,32.11644969,35.43340598,
2026-06-12 15:59:00,1781279940,35.43340598,43.52515668,35.43340598,40.10226474,
2026-06-12 16:00:00,1781280000,40.10226474,41.27171703,32.24173213,34.52100901,
2026-06-12 16:01:00,1781280060,34.52100901,38.43855441,32.47017835,37.71957451,
2026-06-12 16:02:00,1781280120,37.71957451,44.54579015,36.74072712,44.54579015,
2026-06-12 16:03:00,1781280180,44.54579015,46.50866555,32.78644103,33.19742389,
2026-06-12 16:04:00,1781280240,33.19742389,33.67089952,28.43320371,32.25973158,
2026-06-12 16:05:00,1781280300,32.25973158,34.28821941,31.02399039,33.62941986,
2026-06-12 16:06:00,1781280360,33.62941986,33.7281733,30.47761684,30.47761684,
