datetime,time,open,high,low,close,volume
2026-06-10 12:05:00,1781093100,1670.63378169,2141.24069938,1659.85028165,2131.5888592,
2026-06-10 12:06:00,1781093160,2131.5888592,2131.7314469,2102.83697861,2115.3388488,
2026-06-10 12:07:00,1781093220,2115.3388488,2159.74989808,2115.19331608,2156.67914025,
2026-06-10 12:08:00,1781093280,2156.67914025,2200.15044599,2146.96053558,2180.64962087,
2026-06-10 12:09:00,1781093340,2180.64962087,2180.9603676,2129.27238358,2145.47069099,
2026-06-10 12:10:00,1781093400,2145.47069099,2146.16714466,2112.65513421,2112.65513421,
2026-06-10 12:11:00,1781093460,2112.65513421,2117.31164811,2091.33187517,2093.31307978,
2026-06-10 12:12:00,1781093520,2093.31307978,2117.57732741,2084.7320555,2101.52153685,
2026-06-10 12:13:00,1781093580,2101.52153685,2125.91762297,2065.11819454,2073.2024002,
2026-06-10 12:14:00,1781093640,2073.2024002,2099.92752269,2061.99131581,2084.81864722,
2026-06-10 12:15:00,1781093700,2084.81864722,2145.04267418,2039.82251025,2129.85650069,
2026-06-10 12:16:00,1781093760,2129.85650069,2129.85650069,2102.54947504,2103.97057431,
2026-06-10 12:17:00,1781093820,2103.97057431,2140.72807666,2102.02665064,2109.17386625,
2026-06-10 12:18:00,1781093880,2109.17386625,2154.8209225,2103.24294321,2139.76447386,
2026-06-10 12:19:00,1781093940,2139.76447386,2177.07517987,2124.57807802,2160.18133993,
2026-06-10 12:20:00,1781094000,2160.18133993,2171.40467942,2141.41092893,2156.47857909,
2026-06-10 12:21:00,1781094060,2156.47857909,2156.54757193,2112.97660106,2130.78553926,
2026-06-10 12:22:00,1781094120,2130.78553926,2194.42647362,2128.67833464,2191.34831064,
2026-06-10 12:23:00,1781094180,2191.34831064,2196.26286413,2161.75279251,2174.24689289,
2026-06-10 12:24:00,1781094240,2174.24689289,2192.64746524,2157.25361875,2182.5210817,
2026-06-10 12:25:00,1781094300,2182.5210817,2182.81042817,2147.17147111,2151.27202085,
2026-06-10 12:26:00,1781094360,2151.27202085,2162.46803101,2132.21396359,2139.20852909,
2026-06-10 12:27:00,1781094420,2139.20852909,2168.26110255,2139.20852909,2155.98403167,
2026-06-10 12:28:00,1781094480,2155.98403167,2155.98403167,2104.57722423,2135.70339819,
2026-06-10 12:29:00,1781094540,2135.70339819,2148.8515299,2102.57713412,2107.93305074,
2026-06-10 12:30:00,1781094600,2107.93305074,2125.85597958,1757.86824211,1836.36657601,
2026-06-10 12:31:00,1781094660,1836.36657601,1907.17325439,1728.84462004,1887.30787598,
2026-06-10 12:32:00,1781094720,1887.30787598,1924.17390982,1762.73292452,1783.98972366,
2026-06-10 12:33:00,1781094780,1783.98972366,1787.64971312,1607.58851903,1648.74093944,
2026-06-10 12:34:00,1781094840,1648.74093944,1799.40960668,1646.61358363,1787.29885128,
2026-06-10 12:35:00,1781094900,1787.29885128,1841.7384127,1767.44685498,1827.17867622,
2026-06-10 12:36:00,1781094960,1827.17867622,1835.32773918,1711.38229759,1711.38229759,
2026-06-10 12:37:00,1781095020,1711.38229759,1746.49352243,1705.24621531,1743.06409834,
2026-06-10 12:38:00,1781095080,1743.06409834,1786.325107,1707.99440314,1708.69487619,
2026-06-10 12:39:00,1781095140,1708.69487619,1765.20035228,1706.0079485,1743.35986128,
2026-06-10 12:40:00,1781095200,1743.35986128,1785.88344035,1742.07887705,1760.79214553,
2026-06-10 12:41:00,1781095260,1760.79214553,1781.5823759,1709.35576599,1738.87812013,
2026-06-10 12:42:00,1781095320,1738.87812013,1785.24701272,1714.50729519,1771.61512128,
2026-06-10 12:43:00,1781095380,1771.61512128,1773.28442211,1743.87059411,1773.28442211,
2026-06-10 12:44:00,1781095440,1773.28442211,1774.19775511,1739.28587915,1739.28587915,
2026-06-10 12:45:00,1781095500,1739.28587915,1759.7432809,1712.18907259,1749.27435213,
2026-06-10 12:46:00,1781095560,1749.27435213,1752.33431692,1687.40639776,1691.74692487,
2026-06-10 12:47:00,1781095620,1691.74692487,1707.33559435,1669.89719556,1707.33559435,
2026-06-10 12:48:00,1781095680,1707.33559435,1711.97785669,1660.1365755,1685.37138087,
2026-06-10 12:49:00,1781095740,1685.37138087,1689.0004892,1662.66880551,1671.97947172,
2026-06-10 12:50:00,1781095800,1671.97947172,1708.29457264,1668.37925379,1677.32523085,
2026-06-10 12:51:00,1781095860,1677.32523085,1717.72944123,1677.32523085,1707.40730199,
2026-06-10 12:52:00,1781095920,1707.40730199,1744.58909106,1701.38630275,1737.88255512,
2026-06-10 12:53:00,1781095980,1737.88255512,1738.63064456,1711.85178857,1713.71067858,
2026-06-10 12:54:00,1781096040,1713.71067858,1736.67983421,1697.15798585,1731.41895116,
2026-06-10 12:55:00,1781096100,1731.41895116,1749.55382927,1726.12531277,1747.29219247,
2026-06-10 12:56:00,1781096160,1747.29219247,1747.29219247,1713.95946047,1719.36957264,
2026-06-10 12:57:00,1781096220,1719.36957264,1736.79053468,1706.97779126,1734.07706038,
2026-06-10 12:58:00,1781096280,1734.07706038,1755.70016502,1734.07706038,1752.35354212,
2026-06-10 12:59:00,1781096340,1752.35354212,1781.47672021,1745.19502848,1780.57368074,
2026-06-10 13:00:00,1781096400,1780.57368074,1792.73357435,1740.05430281,1757.78318273,
2026-06-10 13:01:00,1781096460,1757.78318273,1817.79952813,1753.97528073,1815.56798155,
2026-06-10 13:02:00,1781096520,1815.56798155,1820.90996921,1801.58421666,1816.55399581,
2026-06-10 13:03:00,1781096580,1816.55399581,1823.63049575,1805.24306213,1806.89426299,
2026-06-10 13:04:00,1781096640,1806.89426299,1821.16975221,1794.00485348,1795.84796804,
2026-06-10 13:05:00,1781096700,1795.84796804,1815.36256317,1790.51091061,1791.2839317,
2026-06-10 13:06:00,1781096760,1791.2839317,1791.2839317,1757.59215813,1765.82959306,
2026-06-10 13:07:00,1781096820,1765.82959306,1775.30421259,1747.44414685,1767.00092772,
2026-06-10 13:08:00,1781096880,1767.00092772,1767.8060478,1739.30230785,1762.90987224,
2026-06-10 13:09:00,1781096940,1762.90987224,1773.46923465,1754.69161265,1760.40120717,
2026-06-10 13:10:00,1781097000,1760.40120717,1809.12904608,1756.82663328,1806.64968676,
2026-06-10 13:11:00,1781097060,1806.64968676,1807.53509301,1784.8215369,1791.65520904,
2026-06-10 13:12:00,1781097120,1791.65520904,1800.71733253,1754.92591077,1771.35143789,
2026-06-10 13:13:00,1781097180,1771.35143789,1783.49522496,1766.75483606,1783.49522496,
2026-06-10 13:14:00,1781097240,1783.49522496,1809.10396306,1776.86750855,1791.33398444,
2026-06-10 13:15:00,1781097300,1791.33398444,1825.11592942,1783.83499972,1816.17240549,
2026-06-10 13:16:00,1781097360,1816.17240549,1826.94808626,1800.05321538,1812.56023766,
2026-06-10 13:17:00,1781097420,1812.56023766,1830.39219503,1804.41963461,1827.53098781,
2026-06-10 13:18:00,1781097480,1827.53098781,1827.80012567,1803.71558113,1818.39888243,
2026-06-10 13:19:00,1781097540,1818.39888243,1831.09535735,1812.30972143,1815.88268854,
2026-06-10 13:20:00,1781097600,1815.88268854,1835.84722926,1808.22729561,1808.9919867,
2026-06-10 13:21:00,1781097660,1808.9919867,1811.95072118,1746.28969183,1759.45245749,
2026-06-10 13:22:00,1781097720,1759.45245749,1816.71943083,1753.9455435,1799.05542535,
2026-06-10 13:23:00,1781097780,1799.05542535,1799.26112695,1772.52422339,1773.64437782,
2026-06-10 13:24:00,1781097840,1773.64437782,1793.69960361,1762.32860724,1770.66479628,
2026-06-10 13:25:00,1781097900,1770.66479628,1828.60317786,1769.03550275,1805.77546895,
2026-06-10 13:26:00,1781097960,1805.77546895,1834.15180654,1800.46060265,1832.33498985,
2026-06-10 13:27:00,1781098020,1832.33498985,1832.96198972,1752.69709465,1754.32959368,
2026-06-10 13:28:00,1781098080,1754.32959368,1765.81032234,1730.13627914,1758.43323038,
2026-06-10 13:29:00,1781098140,1758.43323038,1775.5522697,1751.46790778,1757.5771116,
2026-06-10 13:30:00,1781098200,1757.5771116,1798.52316175,1623.5458625,1635.39691139,
2026-06-10 13:31:00,1781098260,1635.39691139,1670.4871339,1584.89121407,1607.32982391,
2026-06-10 13:32:00,1781098320,1607.32982391,1677.4072152,1594.52394535,1656.18792905,
2026-06-10 13:33:00,1781098380,1656.18792905,1693.36632817,1635.08773352,1649.19736995,
2026-06-10 13:34:00,1781098440,1649.19736995,1652.91897403,1588.69021889,1605.84662777,
2026-06-10 13:35:00,1781098500,1605.84662777,1626.17041205,1525.80024143,1557.14918937,
2026-06-10 13:36:00,1781098560,1557.14918937,1570.05560711,1481.63707077,1507.23680688,
2026-06-10 13:37:00,1781098620,1507.23680688,1507.23680688,1363.46446317,1373.92816077,
2026-06-10 13:38:00,1781098680,1373.92816077,1424.49950696,1366.37898392,1393.84922293,
2026-06-10 13:39:00,1781098740,1393.84922293,1412.39046377,1354.31922178,1355.9676595,
2026-06-10 13:40:00,1781098800,1355.9676595,1396.78098802,1318.87756819,1346.33155577,
2026-06-10 13:41:00,1781098860,1346.33155577,1417.57396109,1335.49028052,1406.67406855,
2026-06-10 13:42:00,1781098920,1406.67406855,1419.44411411,1319.84460858,1369.36953157,
2026-06-10 13:43:00,1781098980,1369.36953157,1371.98822953,1265.22742499,1273.93062879,
2026-06-10 13:44:00,1781099040,1273.93062879,1303.43098348,1229.0831471,1229.0831471,
2026-06-10 13:45:00,1781099100,1229.0831471,1324.80190876,1222.57311508,1278.60882745,
2026-06-10 13:46:00,1781099160,1278.60882745,1318.07628418,1273.25763055,1317.43971187,
2026-06-10 13:47:00,1781099220,1317.43971187,1325.52396302,1244.15903833,1275.27717046,
2026-06-10 13:48:00,1781099280,1275.27717046,1296.17537769,1233.68755688,1237.37506245,
2026-06-10 13:49:00,1781099340,1237.37506245,1244.66375256,1194.59692732,1202.58519608,
2026-06-10 13:50:00,1781099400,1202.58519608,1290.53223863,1198.03193413,1274.53943885,
2026-06-10 13:51:00,1781099460,1274.53943885,1320.87937502,1263.08132988,1320.18012303,
2026-06-10 13:52:00,1781099520,1320.18012303,1321.04983467,1274.44899125,1317.12798934,
2026-06-10 13:53:00,1781099580,1317.12798934,1344.97302215,1301.81931564,1333.60704145,
2026-06-10 13:54:00,1781099640,1333.60704145,1348.2372249,1297.91325039,1325.36878841,
2026-06-10 13:55:00,1781099700,1325.36878841,1339.7669042,1303.04849434,1319.83639922,
2026-06-10 13:56:00,1781099760,1319.83639922,1361.59030725,1312.44062704,1361.23281105,
2026-06-10 13:57:00,1781099820,1361.23281105,1370.45173155,1309.72521823,1347.33098464,
2026-06-10 13:58:00,1781099880,1347.33098464,1412.15040141,1347.33098464,1403.21957934,
2026-06-10 13:59:00,1781099940,1403.21957934,1403.21957934,1357.15323613,1357.15323613,
2026-06-10 14:00:00,1781100000,1357.15323613,1403.65150389,1350.80391409,1395.03974451,
2026-06-10 14:01:00,1781100060,1395.03974451,1433.85865477,1381.59831489,1431.86926876,
2026-06-10 14:02:00,1781100120,1431.86926876,1440.82419767,1377.13802079,1378.69572919,
2026-06-10 14:03:00,1781100180,1378.69572919,1393.70659485,1312.4427853,1324.65026578,
2026-06-10 14:04:00,1781100240,1324.65026578,1347.33177254,1313.56375591,1320.04905639,
2026-06-10 14:05:00,1781100300,1320.04905639,1353.19593536,1308.50725408,1337.82066775,
2026-06-10 14:06:00,1781100360,1337.82066775,1347.81990791,1299.4562942,1316.91356258,
2026-06-10 14:07:00,1781100420,1316.91356258,1341.67340226,1303.19108124,1336.39651637,
2026-06-10 14:08:00,1781100480,1336.39651637,1349.42087888,1287.51231071,1287.51231071,
2026-06-10 14:09:00,1781100540,1287.51231071,1312.78589125,1287.51037861,1308.28580328,
2026-06-10 14:10:00,1781100600,1308.28580328,1352.24735424,1296.56965995,1334.22254899,
2026-06-10 14:11:00,1781100660,1334.22254899,1345.60437981,1315.77840712,1327.74027937,
2026-06-10 14:12:00,1781100720,1327.74027937,1333.89626206,1313.76393103,1330.49573864,
2026-06-10 14:13:00,1781100780,1330.49573864,1414.90222229,1328.4828766,1361.81053622,
2026-06-10 14:14:00,1781100840,1361.81053622,1439.41342889,1360.57184635,1439.09986482,
2026-06-10 14:15:00,1781100900,1439.09986482,1491.80253588,1431.62200403,1490.89514789,
2026-06-10 14:16:00,1781100960,1490.89514789,1497.29014453,1386.60246512,1387.73061499,
2026-06-10 14:17:00,1781101020,1387.73061499,1468.12507582,1387.36528638,1462.40031831,
2026-06-10 14:18:00,1781101080,1462.40031831,1507.35684694,1458.76182009,1481.19124694,
2026-06-10 14:19:00,1781101140,1481.19124694,1515.03415363,1472.21795985,1474.99197014,
2026-06-10 14:20:00,1781101200,1474.99197014,1497.75852188,1443.00397751,1497.75852188,
2026-06-10 14:21:00,1781101260,1497.75852188,1515.0191618,1464.83227425,1475.49909028,
2026-06-10 14:22:00,1781101320,1475.49909028,1482.42486519,1406.07415828,1419.71486626,
2026-06-10 14:23:00,1781101380,1419.71486626,1447.3144676,1398.5866101,1406.04569504,
2026-06-10 14:24:00,1781101440,1406.04569504,1413.07579594,1320.00587701,1325.74862566,
2026-06-10 14:25:00,1781101500,1325.74862566,1429.19621001,1311.25752918,1411.8835052,
2026-06-10 14:26:00,1781101560,1411.8835052,1413.04710597,1369.67473859,1379.22155473,
2026-06-10 14:27:00,1781101620,1379.22155473,1379.22155473,1335.1870387,1335.66709679,
2026-06-10 14:28:00,1781101680,1335.66709679,1395.35037733,1326.18717687,1374.3646012,
2026-06-10 14:29:00,1781101740,1374.3646012,1402.68177315,1365.27527252,1378.06462254,
2026-06-10 14:30:00,1781101800,1378.06462254,1408.47350764,1367.74591457,1391.02752716,
2026-06-10 14:31:00,1781101860,1391.02752716,1493.84566892,1390.84019178,1493.26638612,
2026-06-10 14:32:00,1781101920,1493.26638612,1511.06041231,1431.30012984,1431.30012984,
2026-06-10 14:33:00,1781101980,1431.30012984,1468.06227348,1397.97673584,1406.99007122,
2026-06-10 14:34:00,1781102040,1406.99007122,1436.49916092,1380.64214974,1388.29623525,
2026-06-10 14:35:00,1781102100,1388.29623525,1436.6253303,1386.58124845,1431.51610853,
2026-06-10 14:36:00,1781102160,1431.51610853,1468.42206418,1431.39022967,1449.62168669,
2026-06-10 14:37:00,1781102220,1449.62168669,1521.67738174,1448.09274879,1505.4947668,
2026-06-10 14:38:00,1781102280,1505.4947668,1518.06402429,1484.39567198,1503.493289,
2026-06-10 14:39:00,1781102340,1503.493289,1506.60729929,1452.00713747,1452.32349847,
2026-06-10 14:40:00,1781102400,1452.32349847,1459.20323616,1397.72804775,1399.34474729,
2026-06-10 14:41:00,1781102460,1399.34474729,1400.27214042,1330.10003031,1345.74682575,
2026-06-10 14:42:00,1781102520,1345.74682575,1393.63351211,1330.52413023,1393.63351211,
2026-06-10 14:43:00,1781102580,1393.63351211,1395.8657484,1359.63958119,1387.10765845,
2026-06-10 14:44:00,1781102640,1387.10765845,1439.08044418,1378.47595379,1439.08044418,
2026-06-10 14:45:00,1781102700,1439.08044418,1473.56875474,1415.83309363,1438.68449992,
2026-06-10 14:46:00,1781102760,1438.68449992,1452.43667979,1430.81166719,1441.29317306,
2026-06-10 14:47:00,1781102820,1441.29317306,1444.9056776,1379.97791529,1399.84602385,
2026-06-10 14:48:00,1781102880,1399.84602385,1447.23841229,1390.11545726,1439.00337289,
2026-06-10 14:49:00,1781102940,1439.00337289,1484.95836408,1432.98788698,1436.96439766,
2026-06-10 14:50:00,1781103000,1436.96439766,1477.85594256,1413.15408544,1440.37653825,
2026-06-10 14:51:00,1781103060,1440.37653825,1460.94812918,1413.62826849,1447.09918778,
2026-06-10 14:52:00,1781103120,1447.09918778,1485.095074,1446.33060587,1476.46036911,
2026-06-10 14:53:00,1781103180,1476.46036911,1486.29595373,1459.8262399,1465.87820662,
2026-06-10 14:54:00,1781103240,1465.87820662,1469.03737531,1433.33305948,1453.1593534,
2026-06-10 14:55:00,1781103300,1453.1593534,1482.75489236,1412.98254043,1477.48776754,
2026-06-10 14:56:00,1781103360,1477.48776754,1498.92554042,1462.68537093,1474.57706157,
2026-06-10 14:57:00,1781103420,1474.57706157,1520.35563599,1459.40047269,1469.31875915,
2026-06-10 14:58:00,1781103480,1469.31875915,1472.39980747,1354.05939571,1361.62371241,
2026-06-10 14:59:00,1781103540,1361.62371241,1367.65100492,1276.18528837,1278.86035242,
2026-06-10 15:00:00,1781103600,1278.86035242,1308.73797144,1232.90459364,1241.26599531,
2026-06-10 15:01:00,1781103660,1241.26599531,1256.96041263,1153.18117867,1185.09503412,
2026-06-10 15:02:00,1781103720,1185.09503412,1235.84354378,1172.84708872,1211.84776092,
2026-06-10 15:03:00,1781103780,1211.84776092,1240.95440295,1183.01489383,1226.51275188,
2026-06-10 15:04:00,1781103840,1226.51275188,1324.55472444,1214.989742,1299.80684814,
2026-06-10 15:05:00,1781103900,1299.80684814,1404.29445483,1297.60023207,1404.05025958,
2026-06-10 15:06:00,1781103960,1404.05025958,1424.05185756,1367.96229883,1424.05185756,
2026-06-10 15:07:00,1781104020,1424.05185756,1439.79766717,1372.14088177,1374.91283469,
2026-06-10 15:08:00,1781104080,1374.91283469,1440.21135517,1374.23312775,1416.06167514,
2026-06-10 15:09:00,1781104140,1416.06167514,1440.55276311,1396.48623089,1439.03035882,
2026-06-10 15:10:00,1781104200,1439.03035882,1449.59358802,1423.87734949,1428.07868396,
2026-06-10 15:11:00,1781104260,1428.07868396,1490.72203382,1426.20080775,1460.14482739,
2026-06-10 15:12:00,1781104320,1460.14482739,1472.41488936,1438.83243741,1438.83243741,
2026-06-10 15:13:00,1781104380,1438.83243741,1441.7701775,1377.91441929,1396.14906407,
2026-06-10 15:14:00,1781104440,1396.14906407,1442.27202053,1390.60446926,1442.09631926,
2026-06-10 15:15:00,1781104500,1442.09631926,1494.35295937,1441.65310559,1485.95910968,
2026-06-10 15:16:00,1781104560,1485.95910968,1499.20603329,1423.70377893,1433.95220332,
2026-06-10 15:17:00,1781104620,1433.95220332,1437.064386,1404.03593352,1415.96918279,
2026-06-10 15:18:00,1781104680,1415.96918279,1460.96812921,1414.8535155,1430.61478752,
2026-06-10 15:19:00,1781104740,1430.61478752,1430.99115253,1336.57733866,1341.0178413,
2026-06-10 15:20:00,1781104800,1341.0178413,1356.35933769,1288.98874179,1293.32672977,
2026-06-10 15:21:00,1781104860,1293.32672977,1295.6845316,1227.08184562,1249.84058537,
2026-06-10 15:22:00,1781104920,1249.84058537,1290.4471837,1233.42589221,1268.22649788,
2026-06-10 15:23:00,1781104980,1268.22649788,1273.50967543,1215.53561946,1218.21437323,
2026-06-10 15:24:00,1781105040,1218.21437323,1243.76258122,1196.72895382,1227.93610163,
2026-06-10 15:25:00,1781105100,1227.93610163,1230.32871653,1197.26604042,1226.12388705,
2026-06-10 15:26:00,1781105160,1226.12388705,1250.30267617,1222.18186469,1236.38466507,
2026-06-10 15:27:00,1781105220,1236.38466507,1260.15605793,1236.38466507,1237.56071907,
2026-06-10 15:28:00,1781105280,1237.56071907,1238.59756587,1197.51603118,1224.26851884,
2026-06-10 15:29:00,1781105340,1224.26851884,1252.21879244,1212.17392289,1252.11927044,
2026-06-10 15:30:00,1781105400,1252.11927044,1260.89276356,1189.55586853,1196.5636533,
2026-06-10 15:31:00,1781105460,1196.5636533,1225.43382048,1179.12532929,1219.29323762,
2026-06-10 15:32:00,1781105520,1219.29323762,1232.21188792,1202.82179261,1217.40580294,
2026-06-10 15:33:00,1781105580,1217.40580294,1232.57615335,1187.43590594,1225.09469253,
2026-06-10 15:34:00,1781105640,1225.09469253,1235.482807,1194.41515708,1222.93365629,
2026-06-10 15:35:00,1781105700,1222.93365629,1230.56349965,1206.93231921,1228.49942298,
2026-06-10 15:36:00,1781105760,1228.49942298,1233.6808275,1187.62801535,1197.55263978,
2026-06-10 15:37:00,1781105820,1197.55263978,1216.51014798,1193.36807609,1205.44175091,
2026-06-10 15:38:00,1781105880,1205.44175091,1273.24016097,1205.43985379,1269.64679651,
2026-06-10 15:39:00,1781105940,1269.64679651,1288.06298936,1221.10882949,1235.39638326,
2026-06-10 15:40:00,1781106000,1235.39638326,1264.48383757,1235.16244004,1264.48383757,
2026-06-10 15:41:00,1781106060,1264.48383757,1277.64194504,1222.21376031,1229.28976208,
2026-06-10 15:42:00,1781106120,1229.28976208,1245.09633195,1191.30016573,1236.93099322,
2026-06-10 15:43:00,1781106180,1236.93099322,1236.93099322,1188.60576822,1195.15944753,
2026-06-10 15:44:00,1781106240,1195.15944753,1195.15944753,1150.78492185,1166.71481211,
2026-06-10 15:45:00,1781106300,1166.71481211,1197.57405727,1156.34690695,1158.3784209,
2026-06-10 15:46:00,1781106360,1158.3784209,1158.71308559,1066.88883682,1082.80110713,
2026-06-10 15:47:00,1781106420,1082.80110713,1214.19192319,1081.98446672,1213.13388428,
2026-06-10 15:48:00,1781106480,1213.13388428,1311.35465056,1201.64969475,1311.35465056,
2026-06-10 15:49:00,1781106540,1311.35465056,1316.47508139,1208.02054762,1215.45462516,
2026-06-10 15:50:00,1781106600,1215.45462516,1258.41830158,1159.95842271,1218.21831758,
2026-06-10 15:51:00,1781106660,1218.21831758,1220.05820187,1134.35263527,1194.34931327,
2026-06-10 15:52:00,1781106720,1194.34931327,1217.62693387,1114.20889283,1116.66238234,
2026-06-10 15:53:00,1781106780,1116.66238234,1140.82764175,1011.44479499,1014.52984413,
2026-06-10 15:54:00,1781106840,1014.52984413,1023.12826458,921.56537168,942.83081949,
2026-06-10 15:55:00,1781106900,942.83081949,1034.15034297,934.47250149,1028.7363377,
2026-06-10 15:56:00,1781106960,1028.7363377,1059.28001996,1015.38664234,1058.34065796,
2026-06-10 15:57:00,1781107020,1058.34065796,1059.79707519,990.13283426,1008.24462977,
2026-06-10 15:58:00,1781107080,1008.24462977,1053.43777398,1003.94854787,1050.53921626,
2026-06-10 15:59:00,1781107140,1050.53921626,1071.33317923,1049.4344585,1054.98996944,
2026-06-10 16:00:00,1781107200,1054.98996944,1092.29098159,1046.61557538,1092.29098159,
2026-06-10 16:01:00,1781107260,1092.29098159,1130.03763004,1084.14370579,1111.45587662,
2026-06-10 16:02:00,1781107320,1111.45587662,1124.9212644,1101.31770258,1123.09286681,
2026-06-10 16:03:00,1781107380,1123.09286681,1136.82712359,1096.60152966,1123.33949947,
2026-06-10 16:04:00,1781107440,1123.33949947,1151.36419531,1108.20593423,1148.79090981,
2026-06-10 16:05:00,1781107500,1148.79090981,1155.5871106,1117.45999709,1148.84718295,
2026-06-10 16:06:00,1781107560,1148.84718295,1159.76934436,1088.00284703,1092.03623303,
2026-06-10 16:07:00,1781107620,1092.03623303,1111.33466507,1063.15219058,1106.24170674,
2026-06-10 16:08:00,1781107680,1106.24170674,1182.73678955,1103.46579397,1182.73678955,
2026-06-10 16:09:00,1781107740,1182.73678955,1187.14268743,1139.45712099,1145.57476281,
2026-06-10 16:10:00,1781107800,1145.57476281,1203.90126269,1134.49109756,1197.4379693,
2026-06-10 16:11:00,1781107860,1197.4379693,1207.5700383,1172.98434958,1185.36380786,
2026-06-10 16:12:00,1781107920,1185.36380786,1190.10231152,1149.1355692,1182.84122215,
2026-06-10 16:13:00,1781107980,1182.84122215,1206.91505598,1181.11989841,1192.81077641,
2026-06-10 16:14:00,1781108040,1192.81077641,1222.68655252,1186.60709165,1210.11116775,
2026-06-10 16:15:00,1781108100,1210.11116775,1213.92863085,1158.30344207,1175.71842731,
2026-06-10 16:16:00,1781108160,1175.71842731,1203.85046534,1151.25583154,1177.60114627,
2026-06-10 16:17:00,1781108220,1177.60114627,1221.96039721,1151.71602466,1219.67777957,
2026-06-10 16:18:00,1781108280,1219.67777957,1228.17588926,1209.38740844,1218.69983302,
2026-06-10 16:19:00,1781108340,1218.69983302,1227.03661235,1210.4763031,1223.86000617,
2026-06-10 16:20:00,1781108400,1223.86000617,1239.75095115,1206.23067736,1239.69151079,
2026-06-10 16:21:00,1781108460,1239.69151079,1261.82941152,1211.3814511,1211.60239743,
2026-06-10 16:22:00,1781108520,1211.60239743,1237.67023684,1184.71071941,1237.20850257,
2026-06-10 16:23:00,1781108580,1237.20850257,1246.21863505,1222.22099192,1229.59466237,
2026-06-10 16:24:00,1781108640,1229.59466237,1279.90308695,1229.59466237,1273.6841721,
2026-06-10 16:25:00,1781108700,1273.6841721,1349.09926844,1254.39215576,1311.28969966,
2026-06-10 16:26:00,1781108760,1311.28969966,1312.12173739,1267.41646898,1282.91342899,
2026-06-10 16:27:00,1781108820,1282.91342899,1283.03125182,1237.49736239,1250.71886394,
2026-06-10 16:28:00,1781108880,1250.71886394,1266.11033949,1226.93127253,1251.33654971,
2026-06-10 16:29:00,1781108940,1251.33654971,1262.93311507,1236.46665952,1236.46665952,
2026-06-10 16:30:00,1781109000,1236.46665952,1259.60991229,1221.78874436,1259.4933416,
2026-06-10 16:31:00,1781109060,1259.4933416,1294.45467524,1250.34804178,1275.79373936,
2026-06-10 16:32:00,1781109120,1275.79373936,1314.37409021,1238.02957643,1256.00867282,
2026-06-10 16:33:00,1781109180,1256.00867282,1261.194848,1232.59061908,1261.194848,
2026-06-10 16:34:00,1781109240,1261.194848,1273.80120751,1168.91813028,1169.47392914,
2026-06-10 16:35:00,1781109300,1169.47392914,1208.12035498,1160.62137902,1190.10639784,
2026-06-10 16:36:00,1781109360,1190.10639784,1225.99152091,1177.56852304,1211.94569426,
2026-06-10 16:37:00,1781109420,1211.94569426,1212.93773236,1171.42781498,1197.84566053,
2026-06-10 16:38:00,1781109480,1197.84566053,1236.37789085,1184.18463248,1202.02528642,
2026-06-10 16:39:00,1781109540,1202.02528642,1237.23199966,1202.02528642,1223.38397729,
2026-06-10 16:40:00,1781109600,1223.38397729,1233.56757627,1189.1958473,1209.05910753,
2026-06-10 16:41:00,1781109660,1209.05910753,1250.98531491,1196.20935535,1247.10476959,
2026-06-10 16:42:00,1781109720,1247.10476959,1261.42423647,1233.67126501,1240.07412875,
2026-06-10 16:43:00,1781109780,1240.07412875,1257.89084313,1226.99506092,1254.09038512,
2026-06-10 16:44:00,1781109840,1254.09038512,1272.78250885,1242.90107316,1271.48454752,
2026-06-10 16:45:00,1781109900,1271.48454752,1309.27206181,1271.42583146,1301.25498898,
2026-06-10 16:46:00,1781109960,1301.25498898,1359.27994214,1278.52364089,1346.35519785,
2026-06-10 16:47:00,1781110020,1346.35519785,1404.65859234,1332.91317141,1403.27458664,
2026-06-10 16:48:00,1781110080,1403.27458664,1431.85152033,1359.358634,1401.37899794,
2026-06-10 16:49:00,1781110140,1401.37899794,1425.85567312,1393.48778986,1409.75695349,
2026-06-10 16:50:00,1781110200,1409.75695349,1452.42111874,1399.14495908,1422.16265146,
2026-06-10 16:51:00,1781110260,1422.16265146,1448.49280659,1379.11729495,1380.94210002,
2026-06-10 16:52:00,1781110320,1380.94210002,1387.04845225,1298.07960112,1298.07960112,
2026-06-10 16:53:00,1781110380,1298.07960112,1335.55744723,1294.67102578,1325.48599831,
2026-06-10 16:54:00,1781110440,1325.48599831,1325.48599831,1275.43133524,1300.43894525,
2026-06-10 16:55:00,1781110500,1300.43894525,1359.19178213,1297.44718002,1350.67298534,
2026-06-10 16:56:00,1781110560,1350.67298534,1353.48189364,1314.85231868,1314.85231868,
2026-06-10 16:57:00,1781110620,1314.85231868,1337.5040888,1289.63495906,1290.0475909,
2026-06-10 16:58:00,1781110680,1290.0475909,1298.46309755,1278.23850975,1285.05028292,
2026-06-10 16:59:00,1781110740,1285.05028292,1286.59513682,1255.40814139,1259.07507918,
2026-06-10 17:00:00,1781110800,1259.07507918,1277.34920379,1236.37380974,1269.65889871,
2026-06-10 17:01:00,1781110860,1269.65889871,1274.57517708,1237.65524688,1240.09862123,
2026-06-10 17:02:00,1781110920,1240.09862123,1245.63619058,1189.93353621,1200.68200955,
2026-06-10 17:03:00,1781110980,1200.68200955,1216.72153124,1188.85379394,1208.52751966,
2026-06-10 17:04:00,1781111040,1208.52751966,1211.59286475,1173.18510014,1176.63178427,
2026-06-10 17:05:00,1781111100,1176.63178427,1230.53660214,1175.70738583,1228.1042169,
2026-06-10 17:06:00,1781111160,1228.1042169,1247.2095171,1214.94356889,1215.43207619,
2026-06-10 17:07:00,1781111220,1215.43207619,1270.59993539,1199.33494302,1252.71205893,
2026-06-10 17:08:00,1781111280,1252.71205893,1291.84327953,1252.3568334,1280.4297677,
2026-06-10 17:09:00,1781111340,1280.4297677,1308.03501031,1264.89764696,1278.8252377,
2026-06-10 17:10:00,1781111400,1278.8252377,1381.05061933,1277.13736244,1375.82675253,
2026-06-10 17:11:00,1781111460,1375.82675253,1383.21665531,1317.6536255,1329.20975426,
2026-06-10 17:12:00,1781111520,1329.20975426,1371.61096554,1322.32337418,1342.34420448,
2026-06-10 17:13:00,1781111580,1342.34420448,1343.08104781,1313.27866356,1328.91934407,
2026-06-10 17:14:00,1781111640,1328.91934407,1352.80087765,1326.42454716,1327.44965965,
2026-06-10 17:15:00,1781111700,1327.44965965,1343.28797554,1299.45182731,1312.27686817,
2026-06-10 17:16:00,1781111760,1312.27686817,1323.54219678,1273.17057339,1294.46749639,
2026-06-10 17:17:00,1781111820,1294.46749639,1318.60951187,1262.30584113,1313.99403405,
2026-06-10 17:18:00,1781111880,1313.99403405,1313.99403405,1273.14139765,1291.24820912,
2026-06-10 17:19:00,1781111940,1291.24820912,1316.7295791,1286.75975955,1287.59677122,
2026-06-10 17:20:00,1781112000,1287.59677122,1317.35476169,1281.70269368,1282.24240838,
2026-06-10 17:21:00,1781112060,1282.24240838,1344.95178407,1281.27652125,1308.74957179,
2026-06-10 17:22:00,1781112120,1308.74957179,1366.37607229,1308.74957179,1355.33412538,
2026-06-10 17:23:00,1781112180,1355.33412538,1357.1930862,1329.21809655,1336.26135206,
2026-06-10 17:24:00,1781112240,1336.26135206,1340.45250577,1293.33574856,1312.90007111,
2026-06-10 17:25:00,1781112300,1312.90007111,1321.56672933,1278.8157409,1297.8838589,
2026-06-10 17:26:00,1781112360,1297.8838589,1364.75533555,1297.8838589,1341.72675248,
2026-06-10 17:27:00,1781112420,1341.72675248,1370.96294801,1320.52141576,1352.59306271,
2026-06-10 17:28:00,1781112480,1352.59306271,1369.48143577,1352.53095388,1366.65213693,
2026-06-10 17:29:00,1781112540,1366.65213693,1450.95017614,1366.65213693,1438.17946273,
2026-06-10 17:30:00,1781112600,1438.17946273,1475.93354788,1421.09259475,1468.56850089,
2026-06-10 17:31:00,1781112660,1468.56850089,1514.84444068,1447.64034842,1514.84444068,
2026-06-10 17:32:00,1781112720,1514.84444068,1592.82496135,1493.05353916,1550.47404729,
2026-06-10 17:33:00,1781112780,1550.47404729,1563.8339107,1503.72294416,1504.2032593,
2026-06-10 17:34:00,1781112840,1504.2032593,1504.2032593,1437.37931049,1483.35122283,
2026-06-10 17:35:00,1781112900,1483.35122283,1523.51014603,1471.64360338,1522.15267733,
2026-06-10 17:36:00,1781112960,1522.15267733,1565.64876183,1504.75020019,1555.99209206,
2026-06-10 17:37:00,1781113020,1555.99209206,1555.99209206,1493.83100418,1512.13319111,
2026-06-10 17:38:00,1781113080,1512.13319111,1585.0234901,1512.13319111,1562.60439307,
2026-06-10 17:39:00,1781113140,1562.60439307,1567.49327326,1523.85698176,1537.51673247,
2026-06-10 17:40:00,1781113200,1537.51673247,1589.41824505,1488.06281136,1555.61420223,
2026-06-10 17:41:00,1781113260,1555.61420223,1614.26937632,1542.42378718,1587.2708015,
2026-06-10 17:42:00,1781113320,1587.2708015,1619.68223309,1577.72785599,1578.30810104,
2026-06-10 17:43:00,1781113380,1578.30810104,1587.18222013,1483.30543588,1487.66256986,
2026-06-10 17:44:00,1781113440,1487.66256986,1560.07669259,1487.07686788,1558.15379461,
2026-06-10 17:45:00,1781113500,1558.15379461,1576.43485601,1519.72407768,1525.44294572,
2026-06-10 17:46:00,1781113560,1525.44294572,1526.6284819,1452.31302126,1459.78613161,
2026-06-10 17:47:00,1781113620,1459.78613161,1480.95301855,1426.56928143,1436.73688654,
2026-06-10 17:48:00,1781113680,1436.73688654,1437.43345494,1385.16565986,1395.77764322,
2026-06-10 17:49:00,1781113740,1395.77764322,1407.66325122,1359.83613309,1362.23954588,
2026-06-10 17:50:00,1781113800,1362.23954588,1498.60057588,1360.44863557,1456.88045446,
2026-06-10 17:51:00,1781113860,1456.88045446,1467.43305377,1419.51070254,1433.84786219,
2026-06-10 17:52:00,1781113920,1433.84786219,1494.49679285,1428.11751302,1494.14983204,
2026-06-10 17:53:00,1781113980,1494.14983204,1497.90000917,1465.44788951,1467.11436622,
2026-06-10 17:54:00,1781114040,1467.11436622,1479.21805386,1435.89854449,1459.26660669,
2026-06-10 17:55:00,1781114100,1459.26660669,1459.71361588,1406.3973604,1435.27911047,
2026-06-10 17:56:00,1781114160,1435.27911047,1450.12505461,1407.11837463,1408.93793856,
2026-06-10 17:57:00,1781114220,1408.93793856,1447.28724713,1407.77931347,1443.44043941,
2026-06-10 17:58:00,1781114280,1443.44043941,1443.44043941,1387.02189254,1399.48891153,
2026-06-10 17:59:00,1781114340,1399.48891153,1417.32097163,1388.67124072,1409.45854434,
2026-06-10 18:00:00,1781114400,1409.45854434,1410.98901916,1372.72033169,1392.45432057,
2026-06-10 18:01:00,1781114460,1392.45432057,1430.17039009,1374.84571296,1419.1578197,
2026-06-10 18:02:00,1781114520,1419.1578197,1430.32272253,1355.27560249,1362.06663231,
2026-06-10 18:03:00,1781114580,1362.06663231,1380.47207186,1342.97734085,1348.31828695,
2026-06-10 18:04:00,1781114640,1348.31828695,1360.25691432,1320.39800576,1329.37506244,
2026-06-10 18:05:00,1781114700,1329.37506244,1336.86535071,1307.0054566,1309.91664944,
2026-06-10 18:06:00,1781114760,1309.91664944,1375.9569129,1293.15971421,1375.8890758,
2026-06-10 18:07:00,1781114820,1375.8890758,1425.85936846,1375.8890758,1421.28041953,
2026-06-10 18:08:00,1781114880,1421.28041953,1421.4073459,1356.95214784,1371.12656055,
2026-06-10 18:09:00,1781114940,1371.12656055,1401.99299657,1366.08873929,1387.41212617,
2026-06-10 18:10:00,1781115000,1387.41212617,1439.50481946,1384.49046137,1435.02783201,
2026-06-10 18:11:00,1781115060,1435.02783201,1441.06568431,1390.37930305,1391.82181195,
2026-06-10 18:12:00,1781115120,1391.82181195,1399.86066804,1377.29652209,1396.43568137,
2026-06-10 18:13:00,1781115180,1396.43568137,1442.78224094,1391.59136171,1427.02591665,
2026-06-10 18:14:00,1781115240,1427.02591665,1427.15321806,1403.08703925,1409.20003258,
2026-06-10 18:15:00,1781115300,1409.20003258,1413.86197325,1382.22826634,1400.24002436,
2026-06-10 18:16:00,1781115360,1400.24002436,1407.70130243,1382.44742665,1393.1090011,
2026-06-10 18:17:00,1781115420,1393.1090011,1461.46082988,1393.1090011,1459.65357609,
2026-06-10 18:18:00,1781115480,1459.65357609,1462.27479635,1436.2577785,1442.30377629,
2026-06-10 18:19:00,1781115540,1442.30377629,1454.75003786,1428.45203646,1439.86689713,
2026-06-10 18:20:00,1781115600,1439.86689713,1440.2502414,1406.22922132,1423.25092727,
2026-06-10 18:21:00,1781115660,1423.25092727,1452.61188312,1403.41125989,1451.96454058,
2026-06-10 18:22:00,1781115720,1451.96454058,1484.16899056,1450.99494654,1458.01082822,
2026-06-10 18:23:00,1781115780,1458.01082822,1458.01082822,1408.73392637,1417.26170366,
2026-06-10 18:24:00,1781115840,1417.26170366,1430.35300879,1392.41666678,1398.82493723,
2026-06-10 18:25:00,1781115900,1398.82493723,1464.05939125,1394.40414551,1460.75164472,
2026-06-10 18:26:00,1781115960,1460.75164472,1469.211253,1422.24083613,1438.02691411,
2026-06-10 18:27:00,1781116020,1438.02691411,1475.34448598,1438.02691411,1466.69047224,
2026-06-10 18:28:00,1781116080,1466.69047224,1466.69047224,1429.55692101,1444.31883944,
2026-06-10 18:29:00,1781116140,1444.31883944,1451.81567407,1360.25509467,1362.61057451,
2026-06-10 18:30:00,1781116200,1362.61057451,1406.09954938,1362.61057451,1367.68180731,
2026-06-10 18:31:00,1781116260,1367.68180731,1412.32268196,1367.30468552,1408.32916697,
2026-06-10 18:32:00,1781116320,1408.32916697,1426.38007328,1394.51532013,1405.02549052,
2026-06-10 18:33:00,1781116380,1405.02549052,1425.25950179,1386.39872535,1424.61925306,
2026-06-10 18:34:00,1781116440,1424.61925306,1447.86974469,1403.87023009,1409.69969462,
2026-06-10 18:35:00,1781116500,1409.69969462,1483.64075654,1409.69969462,1463.40254483,
2026-06-10 18:36:00,1781116560,1463.40254483,1478.90391468,1443.59438511,1478.13248215,
2026-06-10 18:37:00,1781116620,1478.13248215,1512.28000376,1476.77094903,1502.52360509,
2026-06-10 18:38:00,1781116680,1502.52360509,1510.48345877,1488.86822966,1493.49298023,
2026-06-10 18:39:00,1781116740,1493.49298023,1505.58783096,1480.78779145,1498.26340307,
2026-06-10 18:40:00,1781116800,1498.26340307,1509.50386872,1489.38584593,1502.05872871,
2026-06-10 18:41:00,1781116860,1502.05872871,1519.27201393,1491.37473323,1518.96842803,
2026-06-10 18:42:00,1781116920,1518.96842803,1519.23490974,1484.66128174,1517.6189212,
2026-06-10 18:43:00,1781116980,1517.6189212,1532.55464768,1497.1891559,1532.55464768,
2026-06-10 18:44:00,1781117040,1532.55464768,1538.70378435,1510.73850393,1512.71843406,
2026-06-10 18:45:00,1781117100,1512.71843406,1532.06244933,1501.25973554,1518.88294662,
2026-06-10 18:46:00,1781117160,1518.88294662,1544.76450273,1509.51952994,1528.55046529,
2026-06-10 18:47:00,1781117220,1528.55046529,1534.11753977,1519.08771393,1526.84228821,
2026-06-10 18:48:00,1781117280,1526.84228821,1526.84228821,1476.01390207,1490.90495699,
2026-06-10 18:49:00,1781117340,1490.90495699,1501.85225552,1464.51448477,1496.69974603,
2026-06-10 18:50:00,1781117400,1496.69974603,1631.85701509,1495.10178063,1586.74063529,
2026-06-10 18:51:00,1781117460,1586.74063529,1586.74063529,1526.33654925,1538.61818729,
2026-06-10 18:52:00,1781117520,1538.61818729,1546.00929854,1518.62765961,1537.70633532,
2026-06-10 18:53:00,1781117580,1537.70633532,1538.75432455,1483.58863712,1494.69723729,
2026-06-10 18:54:00,1781117640,1494.69723729,1508.80745854,1460.02173435,1469.18095404,
2026-06-10 18:55:00,1781117700,1469.18095404,1516.90108685,1469.18095404,1511.09771001,
2026-06-10 18:56:00,1781117760,1511.09771001,1520.05331992,1479.92439247,1482.90253707,
2026-06-10 18:57:00,1781117820,1482.90253707,1482.90253707,1417.68114455,1422.23001501,
2026-06-10 18:58:00,1781117880,1422.23001501,1435.75629009,1421.15567949,1434.91032833,
2026-06-10 18:59:00,1781117940,1434.91032833,1440.75276033,1424.74864755,1427.47098603,
2026-06-10 19:00:00,1781118000,1427.47098603,1440.32578665,1412.15882458,1440.32578665,
2026-06-10 19:01:00,1781118060,1440.32578665,1440.32578665,1405.71402925,1432.66151582,
2026-06-10 19:02:00,1781118120,1432.66151582,1487.24375926,1431.94228513,1451.24151651,
2026-06-10 19:03:00,1781118180,1451.24151651,1461.92937257,1424.42420225,1433.49766807,
2026-06-10 19:04:00,1781118240,1433.49766807,1483.68181096,1431.8561219,1466.08876223,
2026-06-10 19:05:00,1781118300,1466.08876223,1520.07285796,1466.02237333,1492.00368818,
2026-06-10 19:06:00,1781118360,1492.00368818,1492.60578594,1442.14269944,1449.06320311,
2026-06-10 19:07:00,1781118420,1449.06320311,1449.12925018,1398.46736258,1401.10735729,
2026-06-10 19:08:00,1781118480,1401.10735729,1411.17197823,1381.03167395,1389.15134078,
2026-06-10 19:09:00,1781118540,1389.15134078,1411.06500999,1389.15134078,1393.34691848,
2026-06-10 19:10:00,1781118600,1393.34691848,1444.37275131,1391.09784933,1427.38203882,
2026-06-10 19:11:00,1781118660,1427.38203882,1481.57701964,1423.9827364,1481.17541123,
2026-06-10 19:12:00,1781118720,1481.17541123,1510.81969125,1477.08445951,1478.01588706,
2026-06-10 19:13:00,1781118780,1478.01588706,1491.09130136,1461.17282478,1490.82220966,
2026-06-10 19:14:00,1781118840,1490.82220966,1516.59050307,1484.23428545,1505.79193996,
2026-06-10 19:15:00,1781118900,1505.79193996,1525.28543395,1466.14688302,1473.01515852,
2026-06-10 19:16:00,1781118960,1473.01515852,1477.74621897,1453.51099935,1466.60114746,
2026-06-10 19:17:00,1781119020,1466.60114746,1555.2236995,1461.6708128,1551.92320923,
2026-06-10 19:18:00,1781119080,1551.92320923,1557.89869793,1505.61640167,1508.3870427,
2026-06-10 19:19:00,1781119140,1508.3870427,1536.3249213,1493.00093185,1521.90477641,
2026-06-10 19:20:00,1781119200,1521.90477641,1535.68978213,1504.31754347,1533.26304942,
2026-06-10 19:21:00,1781119260,1533.26304942,1550.22877108,1520.54219385,1527.08451399,
2026-06-10 19:22:00,1781119320,1527.08451399,1534.86609481,1507.28876867,1528.01882541,
2026-06-10 19:23:00,1781119380,1528.01882541,1554.83927738,1528.01882541,1546.71124303,
2026-06-10 19:24:00,1781119440,1546.71124303,1546.71124303,1502.47947908,1502.47947908,
2026-06-10 19:25:00,1781119500,1502.47947908,1506.66662045,1452.46966538,1477.43469538,
2026-06-10 19:26:00,1781119560,1477.43469538,1526.8541099,1465.91441038,1524.05604696,
2026-06-10 19:27:00,1781119620,1524.05604696,1534.66981648,1510.14010045,1518.9206734,
2026-06-10 19:28:00,1781119680,1518.9206734,1523.60788065,1472.575276,1484.86903986,
2026-06-10 19:29:00,1781119740,1484.86903986,1494.1327981,1466.81059642,1479.97670428,
2026-06-10 19:30:00,1781119800,1479.97670428,1481.59532677,1432.47310799,1442.48677605,
2026-06-10 19:31:00,1781119860,1442.48677605,1449.27045573,1409.56120146,1449.27045573,
2026-06-10 19:32:00,1781119920,1449.27045573,1452.80953758,1420.93352728,1426.1694261,
2026-06-10 19:33:00,1781119980,1426.1694261,1427.70672254,1400.4721989,1406.29892586,
2026-06-10 19:34:00,1781120040,1406.29892586,1406.29892586,1370.0527156,1373.44081343,
2026-06-10 19:35:00,1781120100,1373.44081343,1400.01918999,1361.76995347,1375.06871041,
2026-06-10 19:36:00,1781120160,1375.06871041,1408.05492523,1375.06871041,1395.87659428,
2026-06-10 19:37:00,1781120220,1395.87659428,1395.87659428,1346.65102938,1359.7107262,
2026-06-10 19:38:00,1781120280,1359.7107262,1363.09567007,1331.77303122,1335.89773471,
2026-06-10 19:39:00,1781120340,1335.89773471,1350.48847897,1299.01816034,1348.85318945,
2026-06-10 19:40:00,1781120400,1348.85318945,1373.40244516,1321.76225204,1354.62806199,
2026-06-10 19:41:00,1781120460,1354.62806199,1380.47051313,1339.90235701,1342.09815898,
2026-06-10 19:42:00,1781120520,1342.09815898,1356.26921951,1337.32348398,1352.07169082,
2026-06-10 19:43:00,1781120580,1352.07169082,1366.62011287,1328.83599666,1341.46502382,
2026-06-10 19:44:00,1781120640,1341.46502382,1345.1256976,1326.43672846,1331.17645272,
2026-06-10 19:45:00,1781120700,1331.17645272,1341.43713874,1317.08727824,1336.50671451,
2026-06-10 19:46:00,1781120760,1336.50671451,1391.59078707,1336.50671451,1346.10955387,
2026-06-10 19:47:00,1781120820,1346.10955387,1374.565713,1344.78276538,1374.32433355,
2026-06-10 19:48:00,1781120880,1374.32433355,1405.44336597,1369.4767299,1402.83439354,
2026-06-10 19:49:00,1781120940,1402.83439354,1402.83439354,1353.39611279,1353.6513591,
2026-06-10 19:50:00,1781121000,1353.6513591,1443.88034695,1348.52137846,1355.27629532,
2026-06-10 19:51:00,1781121060,1355.27629532,1396.12416348,1355.27451419,1361.0431394,
2026-06-10 19:52:00,1781121120,1361.0431394,1375.79280494,1349.20864504,1370.45646315,
2026-06-10 19:53:00,1781121180,1370.45646315,1370.45646315,1337.04712162,1338.03816946,
2026-06-10 19:54:00,1781121240,1338.03816946,1392.1631766,1332.92056805,1367.32564153,
2026-06-10 19:55:00,1781121300,1367.32564153,1385.3778621,1344.29508437,1344.60716016,
2026-06-10 19:56:00,1781121360,1344.60716016,1351.72770802,1318.55404591,1335.72653932,
2026-06-10 19:57:00,1781121420,1335.72653932,1347.46706561,1311.3744099,1319.26628759,
2026-06-10 19:58:00,1781121480,1319.26628759,1353.33631521,1319.26628759,1327.33151732,
2026-06-10 19:59:00,1781121540,1327.33151732,1387.58672984,1327.32971496,1379.70731737,
2026-06-10 20:00:00,1781121600,1379.70731737,1415.91480867,1372.65440204,1409.73550823,
2026-06-10 20:01:00,1781121660,1409.73550823,1472.04863201,1409.73550823,1472.04863201,
2026-06-10 20:02:00,1781121720,1472.04863201,1479.76097367,1418.57407743,1436.09572243,
2026-06-10 20:03:00,1781121780,1436.09572243,1440.47481054,1386.12052311,1401.12170918,
2026-06-10 20:04:00,1781121840,1401.12170918,1452.002566,1400.8613692,1440.69225575,
2026-06-10 20:05:00,1781121900,1440.69225575,1498.6561115,1434.36332088,1470.34383418,
2026-06-10 20:06:00,1781121960,1470.34383418,1482.74726518,1423.5218759,1477.94103756,
2026-06-10 20:07:00,1781122020,1477.94103756,1504.7969494,1477.94103756,1483.83458427,
2026-06-10 20:08:00,1781122080,1483.83458427,1484.55633431,1465.97085242,1484.35467275,
2026-06-10 20:09:00,1781122140,1484.35467275,1546.76291968,1484.35467275,1499.57563522,
2026-06-10 20:10:00,1781122200,1499.57563522,1506.7634466,1472.65397232,1472.65397232,
2026-06-10 20:11:00,1781122260,1472.65397232,1475.75914688,1456.07255686,1466.32585572,
2026-06-10 20:12:00,1781122320,1466.32585572,1470.43136022,1453.73623887,1466.31457499,
2026-06-10 20:13:00,1781122380,1466.31457499,1486.02752745,1445.12228748,1462.76665867,
2026-06-10 20:14:00,1781122440,1462.76665867,1470.74844125,1451.3617897,1459.32567043,
2026-06-10 20:15:00,1781122500,1459.32567043,1467.04331864,1434.23459444,1449.78176951,
2026-06-10 20:16:00,1781122560,1449.78176951,1491.18946091,1442.39718065,1482.3546765,
2026-06-10 20:17:00,1781122620,1482.3546765,1510.13159897,1459.2870903,1468.33295843,
2026-06-10 20:18:00,1781122680,1468.33295843,1471.34884432,1430.78982231,1445.27060964,
2026-06-10 20:19:00,1781122740,1445.27060964,1449.20524456,1432.77356553,1448.60560676,
2026-06-10 20:20:00,1781122800,1448.60560676,1508.44213719,1448.60560676,1488.16947962,
2026-06-10 20:21:00,1781122860,1488.16947962,1495.41862029,1449.20039526,1487.76959959,
2026-06-10 20:22:00,1781122920,1487.76959959,1488.50826657,1385.51119332,1387.84492288,
2026-06-10 20:23:00,1781122980,1387.84492288,1424.69997273,1364.82938948,1421.54300863,
2026-06-10 20:24:00,1781123040,1421.54300863,1422.97054659,1370.83153776,1379.72743528,
2026-06-10 20:25:00,1781123100,1379.72743528,1391.31841296,1372.39605973,1378.53527973,
2026-06-10 20:26:00,1781123160,1378.53527973,1401.02221819,1378.53527973,1392.29476866,
2026-06-10 20:27:00,1781123220,1392.29476866,1406.17828021,1390.71495179,1397.98737409,
2026-06-10 20:28:00,1781123280,1397.98737409,1407.32276526,1393.23565316,1396.1896683,
2026-06-10 20:29:00,1781123340,1396.1896683,1399.54460306,1387.96691293,1392.48509517,
2026-06-10 20:30:00,1781123400,1392.48509517,1446.56236866,1392.41833691,1439.67007552,
2026-06-10 20:31:00,1781123460,1439.67007552,1442.62128962,1423.15592197,1435.97840389,
2026-06-10 20:32:00,1781123520,1435.97840389,1457.90595278,1412.73651201,1420.14511596,
2026-06-10 20:33:00,1781123580,1420.14511596,1420.14511596,1392.17422146,1393.05833388,
2026-06-10 20:34:00,1781123640,1393.05833388,1395.52376951,1377.77183721,1388.66886295,
2026-06-10 20:35:00,1781123700,1388.66886295,1410.76280835,1383.79786844,1407.43517351,
2026-06-10 20:36:00,1781123760,1407.43517351,1420.25167881,1404.21751821,1419.98714975,
2026-06-10 20:37:00,1781123820,1419.98714975,1419.98714975,1397.49306959,1410.07253561,
2026-06-10 20:38:00,1781123880,1410.07253561,1417.26953824,1383.89522596,1416.67726118,
2026-06-10 20:39:00,1781123940,1416.67726118,1429.3134755,1401.08513643,1428.06002671,
2026-06-10 20:40:00,1781124000,1428.06002671,1437.84707583,1422.88556544,1429.26176662,
2026-06-10 20:41:00,1781124060,1429.26176662,1429.85585487,1415.84398816,1416.33144181,
2026-06-10 20:42:00,1781124120,1416.33144181,1436.00252402,1416.33144181,1435.7324461,
2026-06-10 20:43:00,1781124180,1435.7324461,1443.72089007,1409.73337979,1431.49425781,
2026-06-10 20:44:00,1781124240,1431.49425781,1456.77776755,1421.31957228,1456.77776755,
2026-06-10 20:45:00,1781124300,1456.77776755,1465.95879722,1434.52442038,1465.08214979,
2026-06-10 20:46:00,1781124360,1465.08214979,1497.03095377,1465.08214979,1482.21171091,
2026-06-10 20:47:00,1781124420,1482.21171091,1499.352465,1473.90467393,1475.62757071,
2026-06-10 20:48:00,1781124480,1475.62757071,1493.96024116,1465.89280903,1468.6875335,
2026-06-10 20:49:00,1781124540,1468.6875335,1474.67703868,1456.14507395,1459.18793403,
2026-06-10 20:50:00,1781124600,1459.18793403,1503.41688239,1437.14314646,1496.93033018,
2026-06-10 20:51:00,1781124660,1496.93033018,1524.06314213,1479.44447715,1480.3022195,
2026-06-10 20:52:00,1781124720,1480.3022195,1491.08451282,1470.2904749,1485.75866218,
2026-06-10 20:53:00,1781124780,1485.75866218,1527.6883982,1485.75694205,1511.74000535,
2026-06-10 20:54:00,1781124840,1511.74000535,1515.13288055,1479.74792581,1479.74792581,
2026-06-10 20:55:00,1781124900,1479.74792581,1522.07295163,1473.08183746,1522.07295163,
2026-06-10 20:56:00,1781124960,1522.07295163,1522.9755878,1507.08974062,1507.3622056,
2026-06-10 20:57:00,1781125020,1507.3622056,1521.32585178,1506.96058182,1514.75351227,
2026-06-10 20:58:00,1781125080,1514.75351227,1514.75351227,1452.85299179,1463.29855679,
2026-06-10 20:59:00,1781125140,1463.29855679,1468.65673989,1452.85630463,1458.67332632,
2026-06-10 21:00:00,1781125200,1458.67332632,1504.7035065,1458.60292991,1499.69833798,
2026-06-10 21:01:00,1781125260,1499.69833798,1499.76620703,1473.38339099,1476.6655893,
2026-06-10 21:02:00,1781125320,1476.6655893,1491.7247748,1468.03452181,1491.01103224,
2026-06-10 21:03:00,1781125380,1491.01103224,1491.14472843,1467.90850707,1474.96472446,
2026-06-10 21:04:00,1781125440,1474.96472446,1498.06875232,1474.41649477,1497.45598374,
2026-06-10 21:05:00,1781125500,1497.45598374,1558.725709,1497.45598374,1540.83236745,
2026-06-10 21:06:00,1781125560,1540.83236745,1556.42800352,1518.36195985,1556.42800352,
2026-06-10 21:07:00,1781125620,1556.42800352,1567.83030828,1544.92769732,1566.22728838,
2026-06-10 21:08:00,1781125680,1566.22728838,1579.50992967,1561.63831741,1575.001791,
2026-06-10 21:09:00,1781125740,1575.001791,1586.85246716,1564.87315363,1584.62293319,
2026-06-10 21:10:00,1781125800,1584.62293319,1656.83684667,1580.57038452,1620.67317167,
2026-06-10 21:11:00,1781125860,1620.67317167,1661.21382446,1612.57304199,1657.77405421,
2026-06-10 21:12:00,1781125920,1657.77405421,1676.80185787,1625.87173142,1676.65868154,
2026-06-10 21:13:00,1781125980,1676.65868154,1676.73026893,1643.64102854,1643.96763214,
2026-06-10 21:14:00,1781126040,1643.96763214,1662.03436473,1642.88150403,1644.89564171,
2026-06-10 21:15:00,1781126100,1644.89564171,1644.89564171,1589.3446913,1592.75429271,
2026-06-10 21:16:00,1781126160,1592.75429271,1592.75429271,1563.5636042,1565.0090871,
2026-06-10 21:17:00,1781126220,1565.0090871,1576.15212246,1541.59009741,1569.77259633,
2026-06-10 21:18:00,1781126280,1569.77259633,1638.12011134,1569.56351068,1618.5471089,
2026-06-10 21:19:00,1781126340,1618.5471089,1624.58266153,1572.64297459,1591.33035523,
2026-06-10 21:20:00,1781126400,1591.33035523,1627.81096352,1591.33035523,1604.53178777,
2026-06-10 21:21:00,1781126460,1604.53178777,1632.46087517,1603.546297,1620.91354417,
2026-06-10 21:22:00,1781126520,1620.91354417,1622.74230538,1580.80475076,1581.15136758,
2026-06-10 21:23:00,1781126580,1581.15136758,1613.42263151,1565.17141291,1609.00417206,
2026-06-10 21:24:00,1781126640,1609.00417206,1658.98147719,1605.99661783,1652.76641566,
2026-06-10 21:25:00,1781126700,1652.76641566,1656.38105978,1620.56528494,1621.72847995,
2026-06-10 21:26:00,1781126760,1621.72847995,1629.38625083,1616.80784771,1621.16491366,
2026-06-10 21:27:00,1781126820,1621.16491366,1625.98322729,1592.34237939,1625.11786818,
2026-06-10 21:28:00,1781126880,1625.11786818,1627.54568478,1601.90094632,1627.54568478,
2026-06-10 21:29:00,1781126940,1627.54568478,1630.33223755,1609.07623705,1625.04476156,
2026-06-10 21:30:00,1781127000,1625.04476156,1630.03661271,1564.08854951,1580.66231071,
2026-06-10 21:31:00,1781127060,1580.66231071,1581.79927475,1567.63653001,1571.35475664,
2026-06-10 21:32:00,1781127120,1571.35475664,1579.7646492,1539.21708214,1546.72279901,
2026-06-10 21:33:00,1781127180,1546.72279901,1551.32518811,1525.87736873,1525.87736873,
2026-06-10 21:34:00,1781127240,1525.87736873,1553.7625204,1521.28737977,1535.04138895,
2026-06-10 21:35:00,1781127300,1535.04138895,1580.40549245,1525.82835582,1562.44144196,
2026-06-10 21:36:00,1781127360,1562.44144196,1578.53944603,1558.45130758,1564.20007987,
2026-06-10 21:37:00,1781127420,1564.20007987,1575.97354272,1560.05701747,1561.2899335,
2026-06-10 21:38:00,1781127480,1561.2899335,1580.35592741,1559.45644791,1564.41851755,
2026-06-10 21:39:00,1781127540,1564.41851755,1598.68372371,1564.34757356,1598.68203966,
2026-06-10 21:40:00,1781127600,1598.68203966,1602.99410108,1581.55859907,1582.25787701,
2026-06-10 21:41:00,1781127660,1582.25787701,1583.19295004,1571.56222039,1573.15580729,
2026-06-10 21:42:00,1781127720,1573.15580729,1583.82379322,1569.1082413,1569.11983588,
2026-06-10 21:43:00,1781127780,1569.11983588,1574.17075827,1544.09415867,1565.19567404,
2026-06-10 21:44:00,1781127840,1565.19567404,1566.21386997,1541.86164492,1543.80269165,
2026-06-10 21:45:00,1781127900,1543.80269165,1570.61840686,1538.33255033,1570.61840686,
2026-06-10 21:46:00,1781127960,1570.61840686,1576.26828943,1548.66828094,1551.21404328,
2026-06-10 21:47:00,1781128020,1551.21404328,1572.70095008,1551.1433995,1553.32414638,
2026-06-10 21:48:00,1781128080,1553.32414638,1553.32414638,1538.03218974,1543.70992391,
2026-06-10 21:49:00,1781128140,1543.70992391,1697.24084902,1543.70992391,1687.28747287,
2026-06-10 21:50:00,1781128200,1687.28747287,1884.03247127,1687.28747287,1771.22057341,
2026-06-10 21:51:00,1781128260,1771.22057341,1888.33553205,1771.22057341,1882.98370502,
2026-06-10 21:52:00,1781128320,1882.98370502,1890.69197072,1838.14011614,1868.22120711,
2026-06-10 21:53:00,1781128380,1868.22120711,1890.96734673,1827.04670371,1886.53849346,
2026-06-10 21:54:00,1781128440,1886.53849346,1886.53849346,1854.81295264,1873.28041933,
2026-06-10 21:55:00,1781128500,1873.28041933,1888.15607197,1844.17056691,1871.79738581,
2026-06-10 21:56:00,1781128560,1871.79738581,1874.06059279,1830.07157008,1830.08792719,
2026-06-10 21:57:00,1781128620,1830.08792719,1908.40821505,1819.20306137,1902.25159879,
2026-06-10 21:58:00,1781128680,1902.25159879,1927.12925764,1845.17403222,1845.17403222,
2026-06-10 21:59:00,1781128740,1845.17403222,1849.07249094,1787.83537744,1797.69820621,
2026-06-10 22:00:00,1781128800,1797.69820621,1898.28632048,1789.71886751,1857.29245729,
2026-06-10 22:01:00,1781128860,1857.29245729,1894.93931846,1844.84198344,1893.06312727,
2026-06-10 22:02:00,1781128920,1893.06312727,1924.8258452,1872.01752509,1924.8258452,
2026-06-10 22:03:00,1781128980,1924.8258452,1932.90100766,1867.52069293,1884.07434992,
2026-06-10 22:04:00,1781129040,1884.07434992,1943.53619846,1884.07434992,1935.46137011,
2026-06-10 22:05:00,1781129100,1935.46137011,1939.80389511,1886.24736396,1929.91635897,
2026-06-10 22:06:00,1781129160,1929.91635897,1939.42768591,1872.62405825,1886.42123277,
2026-06-10 22:07:00,1781129220,1886.42123277,1899.93573589,1868.32510337,1873.45827899,
2026-06-10 22:08:00,1781129280,1873.45827899,1889.17773108,1862.51165706,1864.19667653,
2026-06-10 22:09:00,1781129340,1864.19667653,1877.50468464,1862.39765951,1869.03029122,
2026-06-10 22:10:00,1781129400,1869.03029122,1869.25269738,1824.73054959,1836.6669603,
2026-06-10 22:11:00,1781129460,1836.6669603,1903.4002313,1826.53163279,1902.87680322,
2026-06-10 22:12:00,1781129520,1902.87680322,1916.25781177,1847.00490372,1875.76238413,
2026-06-10 22:13:00,1781129580,1875.76238413,1917.51049096,1868.92618268,1903.03705578,
2026-06-10 22:14:00,1781129640,1903.03705578,1912.94509304,1891.15358061,1893.85907206,
2026-06-10 22:15:00,1781129700,1893.85907206,1961.46780586,1893.85907206,1954.12143733,
2026-06-10 22:16:00,1781129760,1954.12143733,1969.08855521,1930.87907913,1951.63802613,
2026-06-10 22:17:00,1781129820,1951.63802613,1992.04760522,1947.18212773,1985.84536469,
2026-06-10 22:18:00,1781129880,1985.84536469,1988.79047958,1956.1140555,1963.73441979,
2026-06-10 22:19:00,1781129940,1963.73441979,1985.91584514,1886.11374494,1985.15172888,
2026-06-10 22:20:00,1781130000,1985.15172888,2007.55066332,1965.50442702,1982.70614482,
2026-06-10 22:21:00,1781130060,1982.70614482,1982.85772076,1872.71761646,1887.53855286,
2026-06-10 22:22:00,1781130120,1887.53855286,1933.88546521,1879.7736812,1923.46607018,
2026-06-10 22:23:00,1781130180,1923.46607018,1943.13920649,1907.89507426,1909.60434594,
2026-06-10 22:24:00,1781130240,1909.60434594,1953.95932127,1879.33027598,1882.46264643,
2026-06-10 22:25:00,1781130300,1882.46264643,1909.06476625,1835.7984739,1839.59417248,
2026-06-10 22:26:00,1781130360,1839.59417248,1894.40199723,1839.59417248,1880.92544419,
2026-06-10 22:27:00,1781130420,1880.92544419,1898.87429078,1844.90307457,1854.27719052,
2026-06-10 22:28:00,1781130480,1854.27719052,1862.70209267,1825.31713067,1862.70209267,
2026-06-10 22:29:00,1781130540,1862.70209267,1915.99810242,1862.52882056,1894.85511954,
2026-06-10 22:30:00,1781130600,1894.85511954,1904.97896973,1803.40167848,1824.11713409,
2026-06-10 22:31:00,1781130660,1824.11713409,1824.86848689,1764.9625408,1773.57164839,
2026-06-10 22:32:00,1781130720,1773.57164839,1800.84974747,1757.42007198,1784.3204283,
2026-06-10 22:33:00,1781130780,1784.3204283,1798.87043257,1779.82128427,1794.42764905,
2026-06-10 22:34:00,1781130840,1794.42764905,1865.44260322,1792.52334725,1853.71826622,
2026-06-10 22:35:00,1781130900,1853.71826622,1854.50674768,1790.78969396,1792.31465836,
2026-06-10 22:36:00,1781130960,1792.31465836,1851.90055138,1792.31465836,1838.28029372,
2026-06-10 22:37:00,1781131020,1838.28029372,1848.86256894,1786.37535289,1807.27661891,
2026-06-10 22:38:00,1781131080,1807.27661891,1825.19245949,1778.52826825,1780.60232582,
2026-06-10 22:39:00,1781131140,1780.60232582,1805.51471206,1780.60232582,1794.35896987,
2026-06-10 22:40:00,1781131200,1794.35896987,1806.09082442,1748.53508845,1757.23603076,
2026-06-10 22:41:00,1781131260,1757.23603076,1783.70118914,1757.09256978,1771.40948906,
2026-06-10 22:42:00,1781131320,1771.40948906,1773.00100533,1713.6775616,1713.81757338,
2026-06-10 22:43:00,1781131380,1713.81757338,1713.8866984,1652.47186949,1670.53456208,
2026-06-10 22:44:00,1781131440,1670.53456208,1723.98033372,1656.48938344,1672.06087429,
2026-06-10 22:45:00,1781131500,1672.06087429,1744.85235674,1665.91045875,1725.47123791,
2026-06-10 22:46:00,1781131560,1725.47123791,1744.28146541,1698.62956756,1700.53724422,
2026-06-10 22:47:00,1781131620,1700.53724422,1744.34442373,1700.53724422,1742.56544013,
2026-06-10 22:48:00,1781131680,1742.56544013,1767.0137707,1708.75695919,1729.93523488,
2026-06-10 22:49:00,1781131740,1729.93523488,1770.92205374,1729.93523488,1752.05360186,
2026-06-10 22:50:00,1781131800,1752.05360186,1754.64361278,1713.13104607,1741.85348863,
2026-06-10 22:51:00,1781131860,1741.85348863,1749.65297766,1720.1485799,1742.446855,
2026-06-10 22:52:00,1781131920,1742.446855,1746.92507729,1709.03952171,1733.39716669,
2026-06-10 22:53:00,1781131980,1733.39716669,1784.79865765,1733.32196196,1742.55045547,
2026-06-10 22:54:00,1781132040,1742.55045547,1747.61807398,1731.60920787,1734.16288602,
2026-06-10 22:55:00,1781132100,1734.16288602,1755.50639015,1715.03336462,1750.52627303,
2026-06-10 22:56:00,1781132160,1750.52627303,1757.48711305,1745.73592036,1749.76514553,
2026-06-10 22:57:00,1781132220,1749.76514553,1762.19810298,1741.66412515,1741.66412515,
2026-06-10 22:58:00,1781132280,1741.66412515,1763.55401852,1739.06945342,1759.88258954,
2026-06-10 22:59:00,1781132340,1759.88258954,1796.49837864,1759.80850207,1783.34176959,
2026-06-10 23:00:00,1781132400,1783.34176959,1840.31079189,1782.02813123,1828.07827284,
2026-06-10 23:01:00,1781132460,1828.07827284,1829.24330857,1796.61027768,1810.51127204,
2026-06-10 23:02:00,1781132520,1810.51127204,1826.37803757,1787.65507993,1805.22027617,
2026-06-10 23:03:00,1781132580,1805.22027617,1812.95361541,1786.59385781,1804.70625632,
2026-06-10 23:04:00,1781132640,1804.70625632,1815.58454207,1794.31149779,1802.81094156,
2026-06-10 23:05:00,1781132700,1802.81094156,1816.61013809,1791.10027875,1805.94591892,
2026-06-10 23:06:00,1781132760,1805.94591892,1814.96469709,1799.68340856,1806.8407808,
2026-06-10 23:07:00,1781132820,1806.8407808,1828.95518482,1796.30116472,1798.86707617,
2026-06-10 23:08:00,1781132880,1798.86707617,1831.15498127,1798.57087412,1830.50271003,
2026-06-10 23:09:00,1781132940,1830.50271003,1894.93499046,1811.25650796,1879.04496106,
2026-06-10 23:10:00,1781133000,1879.04496106,1911.40942696,1878.81899223,1892.7186943,
2026-06-10 23:11:00,1781133060,1892.7186943,1926.7149204,1889.41208756,1897.8943301,
2026-06-10 23:12:00,1781133120,1897.8943301,1927.20250938,1886.94353432,1907.93412574,
2026-06-10 23:13:00,1781133180,1907.93412574,1921.9367605,1896.46335901,1916.07715025,
2026-06-10 23:14:00,1781133240,1916.07715025,1923.86801897,1908.17244611,1915.13111524,
2026-06-10 23:15:00,1781133300,1915.13111524,1949.62819368,1909.6577323,1927.40615079,
2026-06-10 23:16:00,1781133360,1927.40615079,1952.85894676,1923.10725671,1923.388871,
2026-06-10 23:17:00,1781133420,1923.388871,1928.42931011,1880.94637542,1887.30221929,
2026-06-10 23:18:00,1781133480,1887.30221929,1887.4513626,1849.25080143,1870.29473463,
2026-06-10 23:19:00,1781133540,1870.29473463,1885.62422123,1779.40523469,1800.28819135,
2026-06-10 23:20:00,1781133600,1800.28819135,1821.10454555,1708.95563042,1718.79332256,
2026-06-10 23:21:00,1781133660,1718.79332256,1747.14519954,1707.5367865,1721.86885932,
2026-06-10 23:22:00,1781133720,1721.86885932,1739.30980188,1703.07295483,1714.61777567,
2026-06-10 23:23:00,1781133780,1714.61777567,1718.0249965,1697.64187899,1705.89501014,
2026-06-10 23:24:00,1781133840,1705.89501014,1748.27377475,1701.10650949,1731.95526027,
2026-06-10 23:25:00,1781133900,1731.95526027,1742.48902228,1684.1630476,1739.61962969,
2026-06-10 23:26:00,1781133960,1739.61962969,1750.94562514,1710.48213982,1721.37423853,
2026-06-10 23:27:00,1781134020,1721.37423853,1728.12344557,1693.04562107,1695.48020556,
2026-06-10 23:28:00,1781134080,1695.48020556,1712.11273537,1687.15766842,1687.44003533,
2026-06-10 23:29:00,1781134140,1687.44003533,1689.63280316,1647.45428824,1665.96864734,
2026-06-10 23:30:00,1781134200,1665.96864734,1671.06674397,1646.94278591,1658.81223982,
2026-06-10 23:31:00,1781134260,1658.81223982,1716.26348534,1658.81223982,1704.00956048,
2026-06-10 23:32:00,1781134320,1704.00956048,1727.44469006,1675.41539265,1681.97322846,
2026-06-10 23:33:00,1781134380,1681.97322846,1723.99919361,1674.45400124,1720.02868967,
2026-06-10 23:34:00,1781134440,1720.02868967,1722.68371776,1699.90964411,1699.90964411,
2026-06-10 23:35:00,1781134500,1699.90964411,1699.90964411,1660.12807592,1677.13337731,
2026-06-10 23:36:00,1781134560,1677.13337731,1677.13337731,1643.34340499,1670.94508102,
2026-06-10 23:37:00,1781134620,1670.94508102,1677.49803675,1670.40322691,1672.88055562,
2026-06-10 23:38:00,1781134680,1672.88055562,1699.14405117,1672.80832057,1689.5445927,
2026-06-10 23:39:00,1781134740,1689.5445927,1709.36385953,1687.43131732,1703.59060023,
2026-06-10 23:40:00,1781134800,1703.59060023,1718.58135312,1676.23453072,1676.79485631,
2026-06-10 23:41:00,1781134860,1676.79485631,1678.67165741,1647.82350211,1654.4767659,
2026-06-10 23:42:00,1781134920,1654.4767659,1655.24667099,1621.1824967,1641.52662515,
2026-06-10 23:43:00,1781134980,1641.52662515,1652.73679033,1633.72142971,1650.65839317,
2026-06-10 23:44:00,1781135040,1650.65839317,1669.37320361,1650.58834423,1664.51534959,
2026-06-10 23:45:00,1781135100,1664.51534959,1701.48543347,1661.64533844,1670.59986524,
2026-06-10 23:46:00,1781135160,1670.59986524,1685.31411588,1669.83217967,1681.43082949,
2026-06-10 23:47:00,1781135220,1681.43082949,1695.18235128,1669.4547059,1670.22730889,
2026-06-10 23:48:00,1781135280,1670.22730889,1692.84493441,1661.625483,1690.7602463,
2026-06-10 23:49:00,1781135340,1690.7602463,1709.41714268,1690.7602463,1705.42399139,
2026-06-10 23:50:00,1781135400,1705.42399139,1715.93633613,1691.65811628,1695.41577169,
2026-06-10 23:51:00,1781135460,1695.41577169,1700.11770982,1672.88394385,1682.59865968,
2026-06-10 23:52:00,1781135520,1682.59865968,1682.59865968,1652.00033608,1656.2291152,
2026-06-10 23:53:00,1781135580,1656.2291152,1657.6263368,1630.18060752,1651.68435065,
2026-06-10 23:54:00,1781135640,1651.68435065,1682.35079909,1651.68435065,1662.71573981,
2026-06-10 23:55:00,1781135700,1662.71573981,1668.82074563,1656.06715662,1666.4934563,
2026-06-10 23:56:00,1781135760,1666.4934563,1685.09565397,1664.29783793,1677.2510934,
2026-06-10 23:57:00,1781135820,1677.2510934,1694.44624741,1676.07780222,1692.64332542,
2026-06-10 23:58:00,1781135880,1692.64332542,1693.63514988,1681.6435473,1683.77492434,
2026-06-10 23:59:00,1781135940,1683.77492434,1688.31241872,1665.05465966,1684.54258778,
2026-06-11 00:00:00,1781136000,1684.54258778,1684.54258778,1633.10439668,1636.6766924,
2026-06-11 00:01:00,1781136060,1636.6766924,1644.69077758,1608.85648123,1611.94503768,
2026-06-11 00:02:00,1781136120,1611.94503768,1613.62284012,1581.90881294,1605.74119453,
2026-06-11 00:03:00,1781136180,1605.74119453,1618.81237102,1598.36145207,1615.89472712,
2026-06-11 00:04:00,1781136240,1615.89472712,1644.20587291,1589.98272471,1636.10853432,
2026-06-11 00:05:00,1781136300,1636.10853432,1637.58182686,1588.29306931,1592.22353839,
2026-06-11 00:06:00,1781136360,1592.22353839,1622.42536903,1581.06394908,1591.01183273,
2026-06-11 00:07:00,1781136420,1591.01183273,1591.28716335,1560.71029814,1576.69371607,
2026-06-11 00:08:00,1781136480,1576.69371607,1616.08224331,1576.69371607,1595.06578781,
2026-06-11 00:09:00,1781136540,1595.06578781,1633.44670313,1595.06578781,1610.12954074,
2026-06-11 00:10:00,1781136600,1610.12954074,1623.07866981,1590.43296718,1611.0312704,
2026-06-11 00:11:00,1781136660,1611.0312704,1611.0312704,1574.80928396,1575.14088611,
2026-06-11 00:12:00,1781136720,1575.14088611,1602.14550132,1572.54870742,1572.54870742,
2026-06-11 00:13:00,1781136780,1572.54870742,1573.72088275,1544.26077644,1561.4388778,
2026-06-11 00:14:00,1781136840,1561.4388778,1571.95200555,1546.19995978,1552.49849856,
2026-06-11 00:15:00,1781136900,1552.49849856,1552.49849856,1481.27431015,1487.09876885,
2026-06-11 00:16:00,1781136960,1487.09876885,1497.25934535,1437.16211394,1456.44429389,
2026-06-11 00:17:00,1781137020,1456.44429389,1457.86658015,1359.60148341,1362.35500756,
2026-06-11 00:18:00,1781137080,1362.35500756,1461.49812613,1362.35500756,1443.72907774,
2026-06-11 00:19:00,1781137140,1443.72907774,1444.67087588,1381.55976656,1394.27026845,
2026-06-11 00:20:00,1781137200,1394.27026845,1400.8802443,1362.56626592,1375.18233245,
2026-06-11 00:21:00,1781137260,1375.18233245,1389.48114707,1354.54114615,1371.29444021,
2026-06-11 00:22:00,1781137320,1371.29444021,1420.54696151,1369.94876079,1416.13154455,
2026-06-11 00:23:00,1781137380,1416.13154455,1459.28326243,1415.74042105,1440.63329793,
2026-06-11 00:24:00,1781137440,1440.63329793,1467.8076942,1430.64301095,1430.64301095,
2026-06-11 00:25:00,1781137500,1430.64301095,1453.14253961,1426.07758256,1431.07723762,
2026-06-11 00:26:00,1781137560,1431.07723762,1443.47793294,1422.51757071,1424.45900311,
2026-06-11 00:27:00,1781137620,1424.45900311,1465.90988058,1419.21880836,1460.07394517,
2026-06-11 00:28:00,1781137680,1460.07394517,1470.59363831,1416.00750205,1416.00750205,
2026-06-11 00:29:00,1781137740,1416.00750205,1428.56490412,1412.80599391,1413.13238644,
2026-06-11 00:30:00,1781137800,1413.13238644,1434.06916775,1405.75130478,1429.8901764,
2026-06-11 00:31:00,1781137860,1429.8901764,1448.70238042,1423.56432842,1424.89544592,
2026-06-11 00:32:00,1781137920,1424.89544592,1429.32666484,1412.18233019,1419.16226297,
2026-06-11 00:33:00,1781137980,1419.16226297,1445.4844033,1406.37745387,1426.57245179,
2026-06-11 00:34:00,1781138040,1426.57245179,1458.46493374,1410.75759039,1458.46493374,
2026-06-11 00:35:00,1781138100,1458.46493374,1466.36112467,1432.30106795,1432.49853162,
2026-06-11 00:36:00,1781138160,1432.49853162,1485.6949519,1431.9253439,1479.44617599,
2026-06-11 00:37:00,1781138220,1479.44617599,1483.1683921,1443.48589073,1444.55685664,
2026-06-11 00:38:00,1781138280,1444.55685664,1474.49436167,1440.94595064,1466.88427269,
2026-06-11 00:39:00,1781138340,1466.88427269,1490.17752879,1466.88427269,1476.49130187,
2026-06-11 00:40:00,1781138400,1476.49130187,1481.47360115,1469.48922029,1472.91021485,
2026-06-11 00:41:00,1781138460,1472.91021485,1479.16720841,1443.62298011,1444.45665734,
2026-06-11 00:42:00,1781138520,1444.45665734,1444.98656327,1406.63913671,1415.7844545,
2026-06-11 00:43:00,1781138580,1415.7844545,1444.06189973,1405.75198504,1443.86336123,
2026-06-11 00:44:00,1781138640,1443.86336123,1485.26188281,1443.86148271,1483.65807421,
2026-06-11 00:45:00,1781138700,1483.65807421,1483.65807421,1424.87168376,1432.50590172,
2026-06-11 00:46:00,1781138760,1432.50590172,1440.70723512,1394.2097186,1395.2460682,
2026-06-11 00:47:00,1781138820,1395.2460682,1430.58508164,1381.19768348,1427.60132124,
2026-06-11 00:48:00,1781138880,1427.60132124,1429.78249787,1394.20237056,1394.50430359,
2026-06-11 00:49:00,1781138940,1394.50430359,1408.95827483,1394.50430359,1398.92969432,
2026-06-11 00:50:00,1781139000,1398.92969432,1416.41998705,1398.86275169,1408.44383156,
2026-06-11 00:51:00,1781139060,1408.44383156,1434.45007116,1403.25754037,1418.39995489,
2026-06-11 00:52:00,1781139120,1418.39995489,1418.39995489,1385.00575805,1398.05379859,
2026-06-11 00:53:00,1781139180,1398.05379859,1421.78405547,1396.3553617,1420.79897814,
2026-06-11 00:54:00,1781139240,1420.79897814,1461.0862189,1420.79897814,1449.93240229,
2026-06-11 00:55:00,1781139300,1449.93240229,1458.76284102,1426.04621849,1433.51947889,
2026-06-11 00:56:00,1781139360,1433.51947889,1452.4219234,1433.51760658,1447.48055258,
2026-06-11 00:57:00,1781139420,1447.48055258,1450.53614366,1439.64963787,1441.42224479,
2026-06-11 00:58:00,1781139480,1441.42224479,1443.3554428,1423.00715862,1427.18923519,
2026-06-11 00:59:00,1781139540,1427.18923519,1458.8414979,1410.74186883,1458.70813534,
2026-06-11 01:00:00,1781139600,1458.70813534,1459.30645105,1425.70691961,1447.5142049,
2026-06-11 01:01:00,1781139660,1447.5142049,1448.04368045,1388.50653233,1389.61047276,
2026-06-11 01:02:00,1781139720,1389.61047276,1398.74823633,1375.60792871,1397.75203248,
2026-06-11 01:03:00,1781139780,1397.75203248,1407.17960993,1386.02081329,1397.75082565,
2026-06-11 01:04:00,1781139840,1397.75082565,1400.94580946,1335.71655111,1354.20177857,
2026-06-11 01:05:00,1781139900,1354.20177857,1373.00115393,1322.53298353,1336.26903132,
2026-06-11 01:06:00,1781139960,1336.26903132,1360.07738231,1327.52853764,1360.07738231,
2026-06-11 01:07:00,1781140020,1360.07738231,1393.05379071,1360.07738231,1372.66378264,
2026-06-11 01:08:00,1781140080,1372.66378264,1385.29056595,1358.71521642,1359.08638519,
2026-06-11 01:09:00,1781140140,1359.08638519,1388.02620708,1353.22525643,1382.66496848,
2026-06-11 01:10:00,1781140200,1382.66496848,1382.66496848,1344.44145032,1348.25082018,
2026-06-11 01:11:00,1781140260,1348.25082018,1352.65478173,1337.06410298,1346.48584608,
2026-06-11 01:12:00,1781140320,1346.48584608,1351.15208124,1322.8328056,1331.33707237,
2026-06-11 01:13:00,1781140380,1331.33707237,1340.16540078,1268.23651883,1273.2466607,
2026-06-11 01:14:00,1781140440,1273.2466607,1310.58076037,1257.28506204,1310.13828226,
2026-06-11 01:15:00,1781140500,1310.13828226,1328.0849589,1278.31564671,1308.28045279,
2026-06-11 01:16:00,1781140560,1308.28045279,1313.61117058,1226.25267574,1236.7387292,
2026-06-11 01:17:00,1781140620,1236.7387292,1284.87267414,1233.95100331,1264.12161559,
2026-06-11 01:18:00,1781140680,1264.12161559,1277.89374399,1254.12101457,1261.93853224,
2026-06-11 01:19:00,1781140740,1261.93853224,1261.93853224,1200.74960417,1209.13130277,
2026-06-11 01:20:00,1781140800,1209.13130277,1257.89480673,1209.03117342,1255.55675532,
2026-06-11 01:21:00,1781140860,1255.55675532,1257.97628939,1220.92661976,1227.57190341,
2026-06-11 01:22:00,1781140920,1227.57190341,1267.30456889,1218.94109089,1259.75657718,
2026-06-11 01:23:00,1781140980,1259.75657718,1259.75657718,1220.58936536,1221.24582313,
2026-06-11 01:24:00,1781141040,1221.24582313,1234.76800976,1213.12202988,1228.04622146,
2026-06-11 01:25:00,1781141100,1228.04622146,1238.39496357,1215.27568671,1222.45624814,
2026-06-11 01:26:00,1781141160,1222.45624814,1238.7659499,1194.0040844,1237.24176152,
2026-06-11 01:27:00,1781141220,1237.24176152,1263.44040669,1233.7313677,1234.49772721,
2026-06-11 01:28:00,1781141280,1234.49772721,1243.65166142,1228.08821866,1242.64537437,
2026-06-11 01:29:00,1781141340,1242.64537437,1253.54035959,1225.35532125,1226.40146212,
2026-06-11 01:30:00,1781141400,1226.40146212,1231.60600684,1210.4577881,1230.59763285,
2026-06-11 01:31:00,1781141460,1230.59763285,1263.07589723,1229.99241602,1260.67661953,
2026-06-11 01:32:00,1781141520,1260.67661953,1260.67661953,1212.41845809,1212.47644685,
2026-06-11 01:33:00,1781141580,1212.47644685,1253.03404262,1211.09271475,1245.98749202,
2026-06-11 01:34:00,1781141640,1245.98749202,1250.37723607,1222.5263687,1223.60496496,
2026-06-11 01:35:00,1781141700,1223.60496496,1252.64817055,1223.60093355,1241.29740945,
2026-06-11 01:36:00,1781141760,1241.29740945,1273.43377863,1241.29539773,1273.30641943,
2026-06-11 01:37:00,1781141820,1273.30641943,1279.73741401,1257.34363618,1266.23591889,
2026-06-11 01:38:00,1781141880,1266.23591889,1266.23591889,1168.03790337,1168.03790337,
2026-06-11 01:39:00,1781141940,1168.03790337,1194.70138816,1163.35088172,1176.20505685,
2026-06-11 01:40:00,1781142000,1176.20505685,1195.61613868,1176.20505685,1194.88741822,
2026-06-11 01:41:00,1781142060,1194.88741822,1194.88741822,1144.09007855,1144.14801436,
2026-06-11 01:42:00,1781142120,1144.14801436,1162.25438854,1111.86210309,1155.74870828,
2026-06-11 01:43:00,1781142180,1155.74870828,1164.5635746,1141.43262813,1151.82398189,
2026-06-11 01:44:00,1781142240,1151.82398189,1187.76027035,1151.82398189,1176.90896462,
2026-06-11 01:45:00,1781142300,1176.90896462,1189.70886806,1172.87685273,1189.58815449,
2026-06-11 01:46:00,1781142360,1189.58815449,1192.67407683,1154.54472738,1164.4676317,
2026-06-11 01:47:00,1781142420,1164.4676317,1173.21394459,1150.40649473,1170.58651588,
2026-06-11 01:48:00,1781142480,1170.58651588,1190.32465383,1164.61570016,1190.20573434,
2026-06-11 01:49:00,1781142540,1190.20573434,1191.75223942,1156.34853231,1166.93693214,
2026-06-11 01:50:00,1781142600,1166.93693214,1203.75497856,1166.81736777,1187.97705862,
2026-06-11 01:51:00,1781142660,1187.97705862,1188.21480512,1157.91765659,1164.9751541,
2026-06-11 01:52:00,1781142720,1164.9751541,1177.29971269,1149.22434913,1174.6849883,
2026-06-11 01:53:00,1781142780,1174.6849883,1178.57186091,1163.51348725,1173.12853733,
2026-06-11 01:54:00,1781142840,1173.12853733,1199.60304571,1164.9983139,1199.11417365,
2026-06-11 01:55:00,1781142900,1199.11417365,1226.14902397,1198.99274597,1220.886124,
2026-06-11 01:56:00,1781142960,1220.886124,1223.23697571,1200.72393465,1202.04462412,
2026-06-11 01:57:00,1781143020,1202.04462412,1205.58724614,1188.68428272,1193.2621526,
2026-06-11 01:58:00,1781143080,1193.2621526,1198.53371058,1184.04464311,1185.38131224,
2026-06-11 01:59:00,1781143140,1185.38131224,1204.49675015,1168.74134682,1203.0496085,
2026-06-11 02:00:00,1781143200,1203.0496085,1203.0496085,1184.67582272,1191.78116086,
2026-06-11 02:01:00,1781143260,1191.78116086,1215.57322901,1177.71280077,1177.71280077,
2026-06-11 02:02:00,1781143320,1177.71280077,1196.77449552,1155.88499614,1196.65275839,
2026-06-11 02:03:00,1781143380,1196.65275839,1208.8597298,1184.11734336,1186.94480115,
2026-06-11 02:04:00,1781143440,1186.94480115,1189.9972421,1157.36725868,1162.16704814,
2026-06-11 02:05:00,1781143500,1162.16704814,1193.71919381,1157.34708533,1188.03068856,
2026-06-11 02:06:00,1781143560,1188.03068856,1214.7553868,1179.20223076,1212.63933815,
2026-06-11 02:07:00,1781143620,1212.63933815,1224.91916303,1209.25724836,1220.03692636,
2026-06-11 02:08:00,1781143680,1220.03692636,1231.79688327,1211.75035604,1231.61185201,
2026-06-11 02:09:00,1781143740,1231.61185201,1235.46880516,1220.57178576,1221.25109168,
2026-06-11 02:10:00,1781143800,1221.25109168,1238.95005266,1220.93061798,1235.18159046,
2026-06-11 02:11:00,1781143860,1235.18159046,1249.84038709,1232.53417412,1249.15713971,
2026-06-11 02:12:00,1781143920,1249.15713971,1257.46964666,1232.23259219,1236.53041549,
2026-06-11 02:13:00,1781143980,1236.53041549,1237.26451863,1217.62627835,1227.30265709,
2026-06-11 02:14:00,1781144040,1227.30265709,1235.21587085,1207.54295608,1215.31609821,
2026-06-11 02:15:00,1781144100,1215.31609821,1215.69088938,1197.92287722,1207.70967608,
2026-06-11 02:16:00,1781144160,1207.70967608,1235.69318762,1182.56278905,1184.53352486,
2026-06-11 02:17:00,1781144220,1184.53352486,1191.49829494,1161.16582229,1162.81454074,
2026-06-11 02:18:00,1781144280,1162.81454074,1166.58916813,1136.05039894,1151.31370506,
2026-06-11 02:19:00,1781144340,1151.31370506,1161.68458012,1136.87757764,1144.86914557,
2026-06-11 02:20:00,1781144400,1144.86914557,1198.15141353,1142.08384099,1187.20569342,
2026-06-11 02:21:00,1781144460,1187.20569342,1248.1308593,1187.20367128,1242.85762426,
2026-06-11 02:22:00,1781144520,1242.85762426,1283.20750149,1242.85762426,1279.04247044,
2026-06-11 02:23:00,1781144580,1279.04247044,1280.85227522,1255.22079071,1269.04640503,
2026-06-11 02:24:00,1781144640,1269.04640503,1277.78018199,1258.85204914,1258.85204914,
2026-06-11 02:25:00,1781144700,1258.85204914,1271.71073383,1255.37188335,1266.46727759,
2026-06-11 02:26:00,1781144760,1266.46727759,1272.47237463,1229.81222765,1230.23577312,
2026-06-11 02:27:00,1781144820,1230.23577312,1271.21717092,1222.40995041,1271.21717092,
2026-06-11 02:28:00,1781144880,1271.21717092,1287.42221035,1271.15301817,1285.56301326,
2026-06-11 02:29:00,1781144940,1285.56301326,1293.93171886,1282.95563682,1283.64077746,
2026-06-11 02:30:00,1781145000,1283.64077746,1296.55644092,1263.70813363,1291.64960211,
2026-06-11 02:31:00,1781145060,1291.64960211,1333.70248287,1285.03939822,1332.59395675,
2026-06-11 02:32:00,1781145120,1332.59395675,1345.90546068,1329.71033073,1338.40370119,
2026-06-11 02:33:00,1781145180,1338.40370119,1338.40370119,1310.75160162,1318.92506184,
2026-06-11 02:34:00,1781145240,1318.92506184,1358.9864665,1318.15778796,1337.52043647,
2026-06-11 02:35:00,1781145300,1337.52043647,1342.98326473,1313.85325741,1321.81980635,
2026-06-11 02:36:00,1781145360,1321.81980635,1321.81980635,1295.03162312,1297.42206983,
2026-06-11 02:37:00,1781145420,1297.42206983,1301.87345388,1282.62544937,1300.05789141,
2026-06-11 02:38:00,1781145480,1300.05789141,1311.18867907,1294.65406162,1298.4473025,
2026-06-11 02:39:00,1781145540,1298.4473025,1300.9067957,1269.88918189,1290.02215181,
2026-06-11 02:40:00,1781145600,1290.02215181,1290.83883916,1252.68654487,1267.8068727,
2026-06-11 02:41:00,1781145660,1267.8068727,1277.29251269,1263.38496298,1265.98668708,
2026-06-11 02:42:00,1781145720,1265.98668708,1290.71601175,1265.98668708,1285.15811585,
2026-06-11 02:43:00,1781145780,1285.15811585,1285.27779146,1261.86249002,1265.36739277,
2026-06-11 02:44:00,1781145840,1265.36739277,1279.69552544,1261.50432106,1273.56152328,
2026-06-11 02:45:00,1781145900,1273.56152328,1291.83229297,1271.69594334,1278.56059749,
2026-06-11 02:46:00,1781145960,1278.56059749,1301.0103184,1273.98370247,1297.92092162,
2026-06-11 02:47:00,1781146020,1297.92092162,1303.66684912,1288.0055798,1298.56807724,
2026-06-11 02:48:00,1781146080,1298.56807724,1305.40123832,1291.89229701,1303.87711431,
2026-06-11 02:49:00,1781146140,1303.87711431,1316.57103242,1303.52257644,1310.18588011,
2026-06-11 02:50:00,1781146200,1310.18588011,1310.6905493,1259.25991813,1265.24104227,
2026-06-11 02:51:00,1781146260,1265.24104227,1295.26512308,1247.14687196,1293.68909377,
2026-06-11 02:52:00,1781146320,1293.68909377,1293.97926675,1275.05854494,1275.05854494,
2026-06-11 02:53:00,1781146380,1275.05854494,1278.47563947,1252.42864794,1260.32553413,
2026-06-11 02:54:00,1781146440,1260.32553413,1265.7416078,1233.12328335,1251.19016956,
2026-06-11 02:55:00,1781146500,1251.19016956,1259.37164574,1222.11093707,1254.28640187,
2026-06-11 02:56:00,1781146560,1254.28640187,1254.28640187,1186.2853189,1199.6828393,
2026-06-11 02:57:00,1781146620,1199.6828393,1203.12011111,1177.02071565,1186.03448887,
2026-06-11 02:58:00,1781146680,1186.03448887,1201.0542079,1181.36280312,1201.05219582,
2026-06-11 02:59:00,1781146740,1201.05219582,1227.90705838,1200.9878208,1225.10389318,
2026-06-11 03:00:00,1781146800,1225.10389318,1228.13855558,1207.28919635,1212.24961792,
2026-06-11 03:01:00,1781146860,1212.24961792,1219.58625909,1196.2390043,1206.97440631,
2026-06-11 03:02:00,1781146920,1206.97440631,1226.70172926,1203.99496148,1210.50305049,
2026-06-11 03:03:00,1781146980,1210.50305049,1218.9445369,1202.60495695,1213.29791362,
2026-06-11 03:04:00,1781147040,1213.29791362,1219.26737597,1208.98643894,1210.62114623,
2026-06-11 03:05:00,1781147100,1210.62114623,1225.2332767,1199.93173396,1222.92630933,
2026-06-11 03:06:00,1781147160,1222.92630933,1275.84331004,1222.86230907,1268.87656374,
2026-06-11 03:07:00,1781147220,1268.87656374,1272.36557729,1240.74986249,1247.17583088,
2026-06-11 03:08:00,1781147280,1247.17583088,1264.34258303,1247.11179981,1253.83263125,
2026-06-11 03:09:00,1781147340,1253.83263125,1254.70447848,1228.28032309,1238.27745489,
2026-06-11 03:10:00,1781147400,1238.27745489,1258.54939577,1237.243085,1253.50124184,
2026-06-11 03:11:00,1781147460,1253.50124184,1276.33440523,1249.15715638,1267.66425482,
2026-06-11 03:12:00,1781147520,1267.66425482,1303.16488138,1267.59961958,1301.25279665,
2026-06-11 03:13:00,1781147580,1301.25279665,1308.59245588,1277.63874021,1277.63874021,
2026-06-11 03:14:00,1781147640,1277.63874021,1278.57767473,1250.50231031,1269.58306883,
2026-06-11 03:15:00,1781147700,1269.58306883,1280.65141898,1258.57511055,1259.98893391,
2026-06-11 03:16:00,1781147760,1259.98893391,1270.19238837,1254.45205063,1255.97454622,
2026-06-11 03:17:00,1781147820,1255.97454622,1261.37043501,1228.15523841,1245.2379137,
2026-06-11 03:18:00,1781147880,1245.2379137,1246.53961326,1231.43392791,1242.57081566,
2026-06-11 03:19:00,1781147940,1242.57081566,1273.22265511,1241.29072263,1273.09688173,
2026-06-11 03:20:00,1781148000,1273.09688173,1292.58362314,1272.96914675,1291.29585612,
2026-06-11 03:21:00,1781148060,1291.29585612,1299.36117694,1266.64585442,1267.74071092,
2026-06-11 03:22:00,1781148120,1267.74071092,1284.88418894,1253.55619251,1280.64269593,
2026-06-11 03:23:00,1781148180,1280.64269593,1283.33412062,1272.61058174,1273.44126206,
2026-06-11 03:24:00,1781148240,1273.44126206,1276.29446651,1247.35987991,1247.98063214,
2026-06-11 03:25:00,1781148300,1247.98063214,1264.75589989,1243.07009154,1243.19198204,
2026-06-11 03:26:00,1781148360,1243.19198204,1258.12007338,1243.18998801,1248.23795613,
2026-06-11 03:27:00,1781148420,1248.23795613,1256.28421547,1234.0503241,1239.01821493,
2026-06-11 03:28:00,1781148480,1239.01821493,1243.54132393,1238.06506141,1239.81880755,
2026-06-11 03:29:00,1781148540,1239.81880755,1247.50937299,1236.27492525,1240.49014221,
2026-06-11 03:30:00,1781148600,1240.49014221,1242.80958897,1220.51398935,1224.38901487,
2026-06-11 03:31:00,1781148660,1224.38901487,1225.86044786,1177.17427615,1177.41295359,
2026-06-11 03:32:00,1781148720,1177.41295359,1182.81283445,1127.50246865,1146.42168001,
2026-06-11 03:33:00,1781148780,1146.42168001,1154.18767075,1035.96522937,1041.92471254,
2026-06-11 03:34:00,1781148840,1041.92471254,1064.87377162,980.92225596,1060.0142031,
2026-06-11 03:35:00,1781148900,1060.0142031,1092.06270636,1030.65535486,1059.36436158,
2026-06-11 03:36:00,1781148960,1059.36436158,1111.46184103,1049.00101561,1093.31282429,
2026-06-11 03:37:00,1781149020,1093.31282429,1106.05066867,1077.82123582,1080.53765989,
2026-06-11 03:38:00,1781149080,1080.53765989,1096.78520688,1073.4843449,1093.87262374,
2026-06-11 03:39:00,1781149140,1093.87262374,1098.40658639,1078.50703403,1098.40658639,
2026-06-11 03:40:00,1781149200,1098.40658639,1108.82095978,1080.80400894,1105.20577885,
2026-06-11 03:41:00,1781149260,1105.20577885,1112.97801821,1089.10404992,1089.10404992,
2026-06-11 03:42:00,1781149320,1089.10404992,1098.34020658,1069.63800753,1076.12142002,
2026-06-11 03:43:00,1781149380,1076.12142002,1078.02356589,1071.93636391,1075.39047115,
2026-06-11 03:44:00,1781149440,1075.39047115,1104.14008971,1075.39047115,1101.043661,
2026-06-11 03:45:00,1781149500,1101.043661,1101.043661,1050.2526019,1066.05355806,
2026-06-11 03:46:00,1781149560,1066.05355806,1090.81838549,1065.6612664,1090.65231167,
2026-06-11 03:47:00,1781149620,1090.65231167,1102.51448357,1052.92243562,1073.50795822,
2026-06-11 03:48:00,1781149680,1073.50795822,1083.12169911,1043.91153308,1071.65644605,
2026-06-11 03:49:00,1781149740,1071.65644605,1077.63484215,1046.88800644,1077.63484215,
2026-06-11 03:50:00,1781149800,1077.63484215,1077.69127065,1041.63847905,1046.7237554,
2026-06-11 03:51:00,1781149860,1046.7237554,1054.84450658,1042.74506844,1050.03122207,
2026-06-11 03:52:00,1781149920,1050.03122207,1065.91915158,1023.35702463,1045.46627793,
2026-06-11 03:53:00,1781149980,1045.46627793,1056.81155443,1023.76216209,1032.36929021,
2026-06-11 03:54:00,1781150040,1032.36929021,1042.62363598,1032.36929021,1038.65613105,
2026-06-11 03:55:00,1781150100,1038.65613105,1043.55041882,904.57155749,910.66273764,
2026-06-11 03:56:00,1781150160,910.66273764,931.47290076,850.73805097,910.89767275,
2026-06-11 03:57:00,1781150220,910.89767275,915.97123069,888.96674867,893.60735778,
2026-06-11 03:58:00,1781150280,893.60735778,912.97580761,869.11528299,908.39771227,
2026-06-11 03:59:00,1781150340,908.39771227,931.49911651,898.13165529,931.49911651,
2026-06-11 04:00:00,1781150400,931.49911651,948.6584787,920.93528189,948.6584787,
2026-06-11 04:01:00,1781150460,948.6584787,983.36150246,947.00660973,977.6211767,
2026-06-11 04:02:00,1781150520,977.6211767,977.6211767,928.95904542,946.90662736,
2026-06-11 04:03:00,1781150580,946.90662736,975.39147846,946.90662736,961.2940973,
2026-06-11 04:04:00,1781150640,961.2940973,961.34441143,935.97548539,953.42792396,
2026-06-11 04:05:00,1781150700,953.42792396,975.02818436,953.42792396,964.50042698,
2026-06-11 04:06:00,1781150760,964.50042698,982.80728222,958.49131287,976.97078725,
2026-06-11 04:07:00,1781150820,976.97078725,979.02147677,962.96031142,971.8232973,
2026-06-11 04:08:00,1781150880,971.8232973,971.8232973,952.41491654,953.81992816,
2026-06-11 04:09:00,1781150940,953.81992816,972.19736651,951.35945561,953.59323506,
2026-06-11 04:10:00,1781151000,953.59323506,983.38665323,929.34128393,938.73196687,
2026-06-11 04:11:00,1781151060,938.73196687,954.36805587,922.44003406,924.79407393,
2026-06-11 04:12:00,1781151120,924.79407393,935.18104115,910.56043001,918.49939547,
2026-06-11 04:13:00,1781151180,918.49939547,926.94420595,896.62194773,912.1208076,
2026-06-11 04:14:00,1781151240,912.1208076,935.36221616,908.51778386,935.35789268,
2026-06-11 04:15:00,1781151300,935.35789268,949.83706235,933.18838118,935.11062385,
2026-06-11 04:16:00,1781151360,935.11062385,951.72940864,912.01310927,951.46803251,
2026-06-11 04:17:00,1781151420,951.46803251,957.23012261,942.50601276,947.37499315,
2026-06-11 04:18:00,1781151480,947.37499315,967.0032775,943.83023469,960.72780919,
2026-06-11 04:19:00,1781151540,960.72780919,961.28514252,935.50912981,935.61278747,
2026-06-11 04:20:00,1781151600,935.61278747,945.60093324,909.13381608,915.16754622,
2026-06-11 04:21:00,1781151660,915.16754622,949.08197035,910.00356707,948.00786174,
2026-06-11 04:22:00,1781151720,948.00786174,963.36684386,946.9426232,951.44669567,
2026-06-11 04:23:00,1781151780,951.44669567,959.11737471,941.78921415,946.91080972,
2026-06-11 04:24:00,1781151840,946.91080972,957.13208584,933.30968054,952.87234523,
2026-06-11 04:25:00,1781151900,952.87234523,964.24079892,949.30417528,954.43302581,
2026-06-11 04:26:00,1781151960,954.43302581,954.74894407,939.16597121,943.80972863,
2026-06-11 04:27:00,1781152020,943.80972863,961.10021663,943.80972863,956.9256998,
2026-06-11 04:28:00,1781152080,956.9256998,962.00974994,950.29951077,955.95830171,
2026-06-11 04:29:00,1781152140,955.95830171,956.07979408,945.52558834,949.89007357,
2026-06-11 04:30:00,1781152200,949.89007357,951.93644958,935.83480447,940.2314277,
2026-06-11 04:31:00,1781152260,940.2314277,952.1858298,933.3723903,951.98418549,
2026-06-11 04:32:00,1781152320,951.98418549,967.1022488,951.40085507,956.46794073,
2026-06-11 04:33:00,1781152380,956.46794073,977.29270566,951.35257005,976.65809918,
2026-06-11 04:34:00,1781152440,976.65809918,994.98125638,970.56201679,988.05693683,
2026-06-11 04:35:00,1781152500,988.05693683,991.46197761,971.12309703,976.0978705,
2026-06-11 04:36:00,1781152560,976.0978705,980.58267959,959.62139169,962.52231114,
2026-06-11 04:37:00,1781152620,962.52231114,975.03024487,961.35320774,968.38856248,
2026-06-11 04:38:00,1781152680,968.38856248,968.47166216,926.05836588,932.7612001,
2026-06-11 04:39:00,1781152740,932.7612001,938.48345984,922.03028758,922.40364393,
2026-06-11 04:40:00,1781152800,922.40364393,944.14059114,913.09237808,929.10708736,
2026-06-11 04:41:00,1781152860,929.10708736,952.44480391,927.39677252,947.61196324,
2026-06-11 04:42:00,1781152920,947.61196324,949.32432715,939.84125385,948.04175696,
2026-06-11 04:43:00,1781152980,948.04175696,955.77011512,943.83553327,945.32676043,
2026-06-11 04:44:00,1781153040,945.32676043,945.32676043,927.22256492,934.18735003,
2026-06-11 04:45:00,1781153100,934.18735003,934.18735003,913.30868568,915.84434925,
2026-06-11 04:46:00,1781153160,915.84434925,918.83308897,911.16666275,913.59970352,
2026-06-11 04:47:00,1781153220,913.59970352,913.975178,873.63974687,879.58677987,
2026-06-11 04:48:00,1781153280,879.58677987,906.38391693,879.34996131,882.86491455,
2026-06-11 04:49:00,1781153340,882.86491455,887.36848256,866.49481167,873.00173254,
2026-06-11 04:50:00,1781153400,873.00173254,873.47429826,841.07345084,841.5565295,
2026-06-11 04:51:00,1781153460,841.5565295,861.42627976,838.04358279,861.37699273,
2026-06-11 04:52:00,1781153520,861.37699273,861.37699273,830.83479132,850.81154377,
2026-06-11 04:53:00,1781153580,850.81154377,866.69538517,846.74724887,858.58889624,
2026-06-11 04:54:00,1781153640,858.58889624,864.17152417,845.34010284,846.06568911,
2026-06-11 04:55:00,1781153700,846.06568911,864.88471383,840.87278196,863.44280025,
2026-06-11 04:56:00,1781153760,863.44280025,869.7268143,858.3182665,869.17782765,
2026-06-11 04:57:00,1781153820,869.17782765,881.67803366,866.98792973,875.96120243,
2026-06-11 04:58:00,1781153880,875.96120243,912.70370844,875.89880452,908.95060657,
2026-06-11 04:59:00,1781153940,908.95060657,911.37405414,885.19308857,893.89964346,
2026-06-11 05:00:00,1781154000,893.89964346,949.58849531,891.63885406,943.84352777,
2026-06-11 05:01:00,1781154060,943.84352777,956.65205117,939.13214991,955.03247031,
2026-06-11 05:02:00,1781154120,955.03247031,962.63004533,933.89550606,948.21917084,
2026-06-11 05:03:00,1781154180,948.21917084,961.91741178,943.53793543,952.88004384,
2026-06-11 05:04:00,1781154240,952.88004384,962.1704173,951.42620859,959.57506165,
2026-06-11 05:05:00,1781154300,959.57506165,968.12710823,958.99917726,960.67967788,
2026-06-11 05:06:00,1781154360,960.67967788,975.98098676,956.1008073,974.14255311,
2026-06-11 05:07:00,1781154420,974.14255311,974.62516273,952.57375011,960.95652498,
2026-06-11 05:08:00,1781154480,960.95652498,960.95652498,948.40208082,951.99391626,
2026-06-11 05:09:00,1781154540,951.99391626,953.76914664,936.88080778,938.78547531,
2026-06-11 05:10:00,1781154600,938.78547531,947.63996004,926.61303232,946.74897822,
2026-06-11 05:11:00,1781154660,946.74897822,956.25175373,944.50368358,952.51761071,
2026-06-11 05:12:00,1781154720,952.51761071,953.13517074,928.27318703,936.23346083,
2026-06-11 05:13:00,1781154780,936.23346083,949.62408533,933.08483606,948.5028438,
2026-06-11 05:14:00,1781154840,948.5028438,949.03251205,927.87073472,930.01943093,
2026-06-11 05:15:00,1781154900,930.01943093,937.28966875,911.78410957,917.42427703,
2026-06-11 05:16:00,1781154960,917.42427703,917.42427703,890.43152837,898.1080579,
2026-06-11 05:17:00,1781155020,898.1080579,903.88635307,882.51300653,897.38322923,
2026-06-11 05:18:00,1781155080,897.38322923,925.14057334,895.21307045,925.03351589,
2026-06-11 05:19:00,1781155140,925.03351589,928.66770271,900.7639694,922.16350026,
2026-06-11 05:20:00,1781155200,922.16350026,926.75124831,906.32055529,906.41994044,
2026-06-11 05:21:00,1781155260,906.41994044,907.03981873,882.24429308,883.36325995,
2026-06-11 05:22:00,1781155320,883.36325995,897.06769819,878.42764795,878.42764795,
2026-06-11 05:23:00,1781155380,878.42764795,903.72707396,873.94387925,903.72707396,
2026-06-11 05:24:00,1781155440,903.72707396,906.66680438,887.21398721,899.12196369,
2026-06-11 05:25:00,1781155500,899.12196369,919.62654431,897.39371121,906.84684643,
2026-06-11 05:26:00,1781155560,906.84684643,922.80601847,898.48746263,915.27367849,
2026-06-11 05:27:00,1781155620,915.27367849,938.75954884,910.34544724,938.75954884,
2026-06-11 05:28:00,1781155680,938.75954884,952.14665321,935.70818206,935.7611553,
2026-06-11 05:29:00,1781155740,935.7611553,935.8120085,918.69362025,922.03327899,
2026-06-11 05:30:00,1781155800,922.03327899,927.74335131,910.96119087,923.21480935,
2026-06-11 05:31:00,1781155860,923.21480935,943.40697999,922.21265986,937.35130414,
2026-06-11 05:32:00,1781155920,937.35130414,937.35130414,899.2432053,902.55301521,
2026-06-11 05:33:00,1781155980,902.55301521,917.79452467,892.25681043,909.07436548,
2026-06-11 05:34:00,1781156040,909.07436548,918.42642377,904.82768935,916.04203503,
2026-06-11 05:35:00,1781156100,916.04203503,935.87725126,911.9636273,929.97323972,
2026-06-11 05:36:00,1781156160,929.97323972,934.96522629,893.44630963,903.66306328,
2026-06-11 05:37:00,1781156220,903.66306328,910.77819604,896.22783017,905.32532589,
2026-06-11 05:38:00,1781156280,905.32532589,908.45535119,896.52079169,899.7925764,
2026-06-11 05:39:00,1781156340,899.7925764,924.99882894,898.86242796,924.80961276,
2026-06-11 05:40:00,1781156400,924.80961276,928.37112931,916.264497,919.75925175,
2026-06-11 05:41:00,1781156460,919.75925175,922.3014001,901.59581337,901.60509389,
2026-06-11 05:42:00,1781156520,901.60509389,904.52183826,893.69581228,899.71451388,
2026-06-11 05:43:00,1781156580,899.71451388,900.00954175,880.78325305,890.90240223,
2026-06-11 05:44:00,1781156640,890.90240223,898.61158354,879.66400431,882.26584877,
2026-06-11 05:45:00,1781156700,882.26584877,884.06632455,874.98343077,880.89504106,
2026-06-11 05:46:00,1781156760,880.89504106,889.50697768,877.61274207,883.64261737,
2026-06-11 05:47:00,1781156820,883.64261737,902.0309612,881.93801588,901.82293428,
2026-06-11 05:48:00,1781156880,901.82293428,917.20105875,897.13447577,903.04902987,
2026-06-11 05:49:00,1781156940,903.04902987,906.03087979,893.97555342,903.73335132,
2026-06-11 05:50:00,1781157000,903.73335132,916.67299407,895.13650027,911.7957412,
2026-06-11 05:51:00,1781157060,911.7957412,917.75531213,891.16698863,908.27260953,
2026-06-11 05:52:00,1781157120,908.27260953,919.37128515,908.27260953,912.97052657,
2026-06-11 05:53:00,1781157180,912.97052657,913.02092521,881.88101551,882.37330107,
2026-06-11 05:54:00,1781157240,882.37330107,914.45955634,882.31975235,910.32169182,
2026-06-11 05:55:00,1781157300,910.32169182,910.58172445,879.95689688,884.25133845,
2026-06-11 05:56:00,1781157360,884.25133845,901.74537058,872.12781102,896.94174966,
2026-06-11 05:57:00,1781157420,896.94174966,901.99073466,883.32592628,885.07528265,
2026-06-11 05:58:00,1781157480,885.07528265,902.04486903,880.64508605,902.04486903,
2026-06-11 05:59:00,1781157540,902.04486903,928.44119646,901.93830788,919.38788732,
2026-06-11 06:00:00,1781157600,919.38788732,927.33723364,909.97232155,915.60519316,
2026-06-11 06:01:00,1781157660,915.60519316,927.34006096,908.70557084,921.46497856,
2026-06-11 06:02:00,1781157720,921.46497856,929.81644385,921.07426586,928.85614024,
2026-06-11 06:03:00,1781157780,928.85614024,928.85614024,910.46790912,913.76009978,
2026-06-11 06:04:00,1781157840,913.76009978,956.12836067,913.76009978,956.12836067,
2026-06-11 06:05:00,1781157900,956.12836067,960.84666009,927.8611488,936.42435889,
2026-06-11 06:06:00,1781157960,936.42435889,952.16744698,933.24885584,937.26023967,
2026-06-11 06:07:00,1781158020,937.26023967,940.96490913,924.05159177,939.10796628,
2026-06-11 06:08:00,1781158080,939.10796628,939.76606015,898.37736745,900.43323849,
2026-06-11 06:09:00,1781158140,900.43323849,904.97914293,882.25040174,892.8112579,
2026-06-11 06:10:00,1781158200,892.8112579,897.43663552,880.84281292,884.03555447,
2026-06-11 06:11:00,1781158260,884.03555447,891.23273857,859.26204856,865.05845643,
2026-06-11 06:12:00,1781158320,865.05845643,866.73676104,823.27317474,823.37919014,
2026-06-11 06:13:00,1781158380,823.37919014,841.19252285,814.27833668,831.60145962,
2026-06-11 06:14:00,1781158440,831.60145962,837.29683047,827.15531016,830.24073511,
2026-06-11 06:15:00,1781158500,830.24073511,830.24073511,799.58294871,809.17312443,
2026-06-11 06:16:00,1781158560,809.17312443,816.28924694,782.91867172,813.47238773,
2026-06-11 06:17:00,1781158620,813.47238773,827.4465668,813.21870492,817.82535094,
2026-06-11 06:18:00,1781158680,817.82535094,857.53286302,817.82321728,853.2868108,
2026-06-11 06:19:00,1781158740,853.2868108,855.24893985,828.30861142,836.63981539,
2026-06-11 06:20:00,1781158800,836.63981539,836.63981539,795.90161765,797.881556,
2026-06-11 06:21:00,1781158860,797.881556,798.16975861,733.68549748,756.53310066,
2026-06-11 06:22:00,1781158920,756.53310066,778.78022592,756.53310066,776.35498735,
2026-06-11 06:23:00,1781158980,776.35498735,782.96043293,745.72652158,753.44482646,
2026-06-11 06:24:00,1781159040,753.44482646,765.72408965,725.57429901,731.74033608,
2026-06-11 06:25:00,1781159100,731.74033608,762.77642617,724.25313286,762.77642617,
2026-06-11 06:26:00,1781159160,762.77642617,784.81276631,755.54290388,778.22235467,
2026-06-11 06:27:00,1781159220,778.22235467,790.55588643,766.05271883,784.35927068,
2026-06-11 06:28:00,1781159280,784.35927068,788.45585153,777.91980945,782.14982128,
2026-06-11 06:29:00,1781159340,782.14982128,792.45274029,774.0874845,779.11559206,
2026-06-11 06:30:00,1781159400,779.11559206,791.11439857,772.5334509,790.98662587,
2026-06-11 06:31:00,1781159460,790.98662587,791.03065652,762.54133196,763.14996965,
2026-06-11 06:32:00,1781159520,763.14996965,764.42031747,743.62752184,752.44681344,
2026-06-11 06:33:00,1781159580,752.44681344,767.55267173,752.44681344,754.06551301,
2026-06-11 06:34:00,1781159640,754.06551301,758.10996476,734.54098083,740.44860178,
2026-06-11 06:35:00,1781159700,740.44860178,755.06795571,740.25711682,751.03130909,
2026-06-11 06:36:00,1781159760,751.03130909,754.13575381,724.93133395,730.52486707,
2026-06-11 06:37:00,1781159820,730.52486707,742.70142936,724.49173099,733.96125621,
2026-06-11 06:38:00,1781159880,733.96125621,741.34711753,730.25963438,731.13093034,
2026-06-11 06:39:00,1781159940,731.13093034,735.27460949,730.21768217,733.50264342,
2026-06-11 06:40:00,1781160000,733.50264342,734.30104486,728.65613932,733.40972218,
2026-06-11 06:41:00,1781160060,733.40972218,761.48473911,720.36138333,721.289983,
2026-06-11 06:42:00,1781160120,721.289983,740.4920785,721.289983,738.6547723,
2026-06-11 06:43:00,1781160180,738.6547723,758.30713469,738.6547723,757.12350094,
2026-06-11 06:44:00,1781160240,757.12350094,757.1312539,739.42530762,739.47164687,
2026-06-11 06:45:00,1781160300,739.47164687,759.96911731,736.7990875,759.48888791,
2026-06-11 06:46:00,1781160360,759.48888791,783.74439497,758.74891914,776.1245317,
2026-06-11 06:47:00,1781160420,776.1245317,789.62799871,775.88466331,786.73175333,
2026-06-11 06:48:00,1781160480,786.73175333,794.31802048,782.75538918,783.46161102,
2026-06-11 06:49:00,1781160540,783.46161102,808.18929294,782.39336644,805.68220717,
2026-06-11 06:50:00,1781160600,805.68220717,810.88648898,798.58278706,801.33532806,
2026-06-11 06:51:00,1781160660,801.33532806,806.15326668,799.80855166,799.90609168,
2026-06-11 06:52:00,1781160720,799.90609168,811.09047904,798.10028982,809.72163864,
2026-06-11 06:53:00,1781160780,809.72163864,821.01288233,809.71737717,816.87194435,
2026-06-11 06:54:00,1781160840,816.87194435,821.27176051,804.3370766,804.3370766,
2026-06-11 06:55:00,1781160900,804.3370766,839.26860852,804.3349426,830.53573182,
2026-06-11 06:56:00,1781160960,830.53573182,837.92295571,825.10977263,833.24235348,
2026-06-11 06:57:00,1781161020,833.24235348,833.24235348,819.39208541,825.55098975,
2026-06-11 06:58:00,1781161080,825.55098975,826.33310445,811.07104978,821.59085877,
2026-06-11 06:59:00,1781161140,821.59085877,827.5751214,819.4695145,827.57086179,
2026-06-11 07:00:00,1781161200,827.57086179,834.60616244,823.16796195,831.97749583,
2026-06-11 07:01:00,1781161260,831.97749583,838.6997433,821.03153096,824.44043408,
2026-06-11 07:02:00,1781161320,824.44043408,863.11996648,814.06878863,863.11996648,
2026-06-11 07:03:00,1781161380,863.11996648,876.86589489,851.98704844,867.19484548,
2026-06-11 07:04:00,1781161440,867.19484548,881.40306032,860.98091641,881.29698514,
2026-06-11 07:05:00,1781161500,881.29698514,883.56199882,872.82711557,880.10005669,
2026-06-11 07:06:00,1781161560,880.10005669,885.58016341,871.55229822,885.05523906,
2026-06-11 07:07:00,1781161620,885.05523906,911.12323871,881.669323,903.02316248,
2026-06-11 07:08:00,1781161680,903.02316248,903.02316248,889.30980722,889.30980722,
2026-06-11 07:09:00,1781161740,889.30980722,900.90040233,886.62336814,889.09378209,
2026-06-11 07:10:00,1781161800,889.09378209,899.25771542,878.03631477,881.47560149,
2026-06-11 07:11:00,1781161860,881.47560149,886.79749472,869.29417932,884.61325344,
2026-06-11 07:12:00,1781161920,884.61325344,907.48772992,883.87906877,905.88676597,
2026-06-11 07:13:00,1781161980,905.88676597,920.94881627,892.20171238,900.74127016,
2026-06-11 07:14:00,1781162040,900.74127016,900.79143837,885.25216146,893.41049393,
2026-06-11 07:15:00,1781162100,893.41049393,901.02687639,888.2977899,891.05615495,
2026-06-11 07:16:00,1781162160,891.05615495,902.35161722,877.76550789,880.63926596,
2026-06-11 07:17:00,1781162220,880.63926596,886.68690556,874.96254649,880.43724798,
2026-06-11 07:18:00,1781162280,880.43724798,882.76948753,861.60405122,872.74877481,
2026-06-11 07:19:00,1781162340,872.74877481,882.80363959,872.74877481,881.09158302,
2026-06-11 07:20:00,1781162400,881.09158302,882.62812266,852.13923165,852.62489746,
2026-06-11 07:21:00,1781162460,852.62489746,853.41355138,833.43758893,835.37443047,
2026-06-11 07:22:00,1781162520,835.37443047,852.78477234,824.0863868,846.40032052,
2026-06-11 07:23:00,1781162580,846.40032052,865.55250818,846.39813851,862.29529206,
2026-06-11 07:24:00,1781162640,862.29529206,865.64830005,839.88060819,839.93037436,
2026-06-11 07:25:00,1781162700,839.93037436,862.62912895,838.58735698,860.95940528,
2026-06-11 07:26:00,1781162760,860.95940528,864.0249013,853.79414823,857.32902725,
2026-06-11 07:27:00,1781162820,857.32902725,857.32902725,842.05046002,850.32069832,
2026-06-11 07:28:00,1781162880,850.32069832,853.21908765,844.64501489,847.57419556,
2026-06-11 07:29:00,1781162940,847.57419556,851.87811846,831.65306128,831.89143604,
2026-06-11 07:30:00,1781163000,831.89143604,831.9662891,806.29431634,827.9652789,
2026-06-11 07:31:00,1781163060,827.9652789,860.32462411,827.9652789,856.94889517,
2026-06-11 07:32:00,1781163120,856.94889517,857.6498412,853.2132018,853.2132018,
2026-06-11 07:33:00,1781163180,853.2132018,853.2132018,839.0168927,849.24715556,
2026-06-11 07:34:00,1781163240,849.24715556,869.8813391,848.12993225,868.04428007,
2026-06-11 07:35:00,1781163300,868.04428007,872.12866205,858.34263572,861.92953111,
2026-06-11 07:36:00,1781163360,861.92953111,871.50806537,851.30930499,870.20367563,
2026-06-11 07:37:00,1781163420,870.20367563,877.43072356,863.54925413,874.4663174,
2026-06-11 07:38:00,1781163480,874.4663174,901.19114355,874.4663174,899.07908716,
2026-06-11 07:39:00,1781163540,899.07908716,915.30286594,898.4387797,915.13683134,
2026-06-11 07:40:00,1781163600,915.13683134,931.62590094,915.13462917,929.2359384,
2026-06-11 07:41:00,1781163660,929.2359384,929.2359384,903.6122722,907.96920656,
2026-06-11 07:42:00,1781163720,907.96920656,908.22975772,889.7073951,896.07020206,
2026-06-11 07:43:00,1781163780,896.07020206,907.81795096,888.06521064,892.65564031,
2026-06-11 07:44:00,1781163840,892.65564031,913.4690095,892.38072533,902.00518846,
2026-06-11 07:45:00,1781163900,902.00518846,902.52023598,887.67939243,892.02130368,
2026-06-11 07:46:00,1781163960,892.02130368,894.19917238,886.28978059,886.74465015,
2026-06-11 07:47:00,1781164020,886.74465015,887.25073748,863.94956971,878.19969652,
2026-06-11 07:48:00,1781164080,878.19969652,886.92895112,874.0075167,885.26800186,
2026-06-11 07:49:00,1781164140,885.26800186,886.32041493,876.28300367,883.71262081,
2026-06-11 07:50:00,1781164200,883.71262081,885.29932639,878.49644672,882.35323379,
2026-06-11 07:51:00,1781164260,882.35323379,896.19830963,877.83565731,894.67345037,
2026-06-11 07:52:00,1781164320,894.67345037,902.37340454,894.67120645,899.67630051,
2026-06-11 07:53:00,1781164380,899.67630051,899.89625402,882.92234259,896.242516,
2026-06-11 07:54:00,1781164440,896.242516,900.54887725,888.92080135,892.22137554,
2026-06-11 07:55:00,1781164500,892.22137554,893.53173399,878.31531914,880.61578888,
2026-06-11 07:56:00,1781164560,880.61578888,885.27656134,874.87493957,879.97145911,
2026-06-11 07:57:00,1781164620,879.97145911,880.62625989,872.83627769,877.77398171,
2026-06-11 07:58:00,1781164680,877.77398171,886.18863103,876.18665138,886.13547065,
2026-06-11 07:59:00,1781164740,886.13547065,888.94041499,883.5957935,886.08749229,
2026-06-11 08:00:00,1781164800,886.08749229,886.23797215,855.55375915,861.96300013,
2026-06-11 08:01:00,1781164860,861.96300013,881.44480484,853.37802452,869.10965251,
2026-06-11 08:02:00,1781164920,869.10965251,871.86566168,847.8594057,859.11510379,
2026-06-11 08:03:00,1781164980,859.11510379,861.9103251,847.5742253,855.86895548,
2026-06-11 08:04:00,1781165040,855.86895548,869.35132506,855.01555654,869.22023855,
2026-06-11 08:05:00,1781165100,869.22023855,869.70823601,856.72830322,858.5213934,
2026-06-11 08:06:00,1781165160,858.5213934,859.30695125,845.08264496,845.77314335,
2026-06-11 08:07:00,1781165220,845.77314335,857.37215033,845.77314335,852.97781899,
2026-06-11 08:08:00,1781165280,852.97781899,858.19443736,846.40600521,846.60194792,
2026-06-11 08:09:00,1781165340,846.60194792,848.20161528,826.57533076,839.804214,
2026-06-11 08:10:00,1781165400,839.804214,842.32403506,832.72126022,840.89389002,
2026-06-11 08:11:00,1781165460,840.89389002,848.07555704,830.34872699,848.03190276,
2026-06-11 08:12:00,1781165520,848.03190276,848.03190276,840.69447042,843.15224132,
2026-06-11 08:13:00,1781165580,843.15224132,843.15224132,803.69586337,805.05083017,
2026-06-11 08:14:00,1781165640,805.05083017,839.35791288,805.05083017,831.52870911,
2026-06-11 08:15:00,1781165700,831.52870911,839.11700177,831.09325715,836.41675721,
2026-06-11 08:16:00,1781165760,836.41675721,847.22358806,836.41448524,844.72125457,
2026-06-11 08:17:00,1781165820,844.72125457,844.72125457,830.38348738,840.14009606,
2026-06-11 08:18:00,1781165880,840.14009606,840.14009606,821.38378629,823.75755215,
2026-06-11 08:19:00,1781165940,823.75755215,835.86288217,823.75755215,834.61369598,
2026-06-11 08:20:00,1781166000,834.61369598,841.2210999,834.4649481,839.34238324,
2026-06-11 08:21:00,1781166060,839.34238324,839.43810844,832.33920386,836.02779256,
2026-06-11 08:22:00,1781166120,836.02779256,836.02779256,808.92189343,811.36110351,
2026-06-11 08:23:00,1781166180,811.36110351,811.39871513,786.51859252,788.8386215,
2026-06-11 08:24:00,1781166240,788.8386215,803.54896971,784.2785562,793.75413467,
2026-06-11 08:25:00,1781166300,793.75413467,807.18204388,792.96909363,800.54209635,
2026-06-11 08:26:00,1781166360,800.54209635,801.47698383,792.14244453,798.93537837,
2026-06-11 08:27:00,1781166420,798.93537837,801.22126045,787.46763238,792.24661474,
2026-06-11 08:28:00,1781166480,792.24661474,794.2304026,776.45022857,781.68856846,
2026-06-11 08:29:00,1781166540,781.68856846,784.22561544,778.48453535,778.74526817,
2026-06-11 08:30:00,1781166600,778.74526817,783.33994703,773.6192558,781.36335419,
2026-06-11 08:31:00,1781166660,781.36335419,791.96185858,781.15614454,786.99154808,
2026-06-11 08:32:00,1781166720,786.99154808,788.07433886,775.90922783,785.0066119,
2026-06-11 08:33:00,1781166780,785.0066119,786.01443292,776.92357696,778.53890553,
2026-06-11 08:34:00,1781166840,778.53890553,782.97058568,774.24011178,781.0457171,
2026-06-11 08:35:00,1781166900,781.0457171,785.30073298,778.01706237,781.59282157,
2026-06-11 08:36:00,1781166960,781.59282157,786.16638571,781.21625588,786.11040478,
2026-06-11 08:37:00,1781167020,786.11040478,786.23951035,777.84949905,781.98294901,
2026-06-11 08:38:00,1781167080,781.98294901,787.00586232,781.98294901,785.87051341,
2026-06-11 08:39:00,1781167140,785.87051341,790.12289316,762.6878752,767.68815528,
2026-06-11 08:40:00,1781167200,767.68815528,779.00111925,767.68585915,778.04390342,
2026-06-11 08:41:00,1781167260,778.04390342,789.75650953,778.04390342,786.80919039,
2026-06-11 08:42:00,1781167320,786.80919039,802.34102041,785.82670516,802.10373431,
2026-06-11 08:43:00,1781167380,802.10373431,825.09701043,798.09692603,825.04403854,
2026-06-11 08:44:00,1781167440,825.04403854,829.72686447,822.8208252,822.86682602,
2026-06-11 08:45:00,1781167500,822.86682602,824.81812395,801.44001004,809.58856788,
2026-06-11 08:46:00,1781167560,809.58856788,818.26957717,798.89037782,798.89037782,
2026-06-11 08:47:00,1781167620,798.89037782,802.54269562,778.75977115,778.75977115,
2026-06-11 08:48:00,1781167680,778.75977115,780.06127432,734.87237662,753.0356042,
2026-06-11 08:49:00,1781167740,753.0356042,775.32796592,743.99846831,775.27421402,
2026-06-11 08:50:00,1781167800,775.27421402,775.27421402,761.347753,768.16821241,
2026-06-11 08:51:00,1781167860,768.16821241,776.52601988,753.38850284,776.52601988,
2026-06-11 08:52:00,1781167920,776.52601988,791.62534156,776.05755796,781.73539924,
2026-06-11 08:53:00,1781167980,781.73539924,784.55583,779.75514242,781.14272646,
2026-06-11 08:54:00,1781168040,781.14272646,782.6367302,779.4448902,780.51012316,
2026-06-11 08:55:00,1781168100,780.51012316,782.873212,774.14592418,780.13200319,
2026-06-11 08:56:00,1781168160,780.13200319,796.29273263,779.75957427,791.97517572,
2026-06-11 08:57:00,1781168220,791.97517572,801.63273083,786.64893474,787.92782726,
2026-06-11 08:58:00,1781168280,787.92782726,787.92782726,780.57,783.68495933,
2026-06-11 08:59:00,1781168340,783.68495933,784.5118519,770.71411269,770.71411269,
2026-06-11 09:00:00,1781168400,770.71411269,793.58232509,770.61692857,784.16231225,
2026-06-11 09:01:00,1781168460,784.16231225,790.52389347,782.1491988,784.8652203,
2026-06-11 09:02:00,1781168520,784.8652203,785.56197007,769.41907563,770.81929787,
2026-06-11 09:03:00,1781168580,770.81929787,773.76711106,767.18510721,769.1985004,
2026-06-11 09:04:00,1781168640,769.1985004,791.43039673,766.48185397,789.98109858,
2026-06-11 09:05:00,1781168700,789.98109858,799.99736974,783.09787298,798.23658199,
2026-06-11 09:06:00,1781168760,798.23658199,810.56304731,798.23658199,805.0771772,
2026-06-11 09:07:00,1781168820,805.0771772,820.61166278,802.59013521,814.11290669,
2026-06-11 09:08:00,1781168880,814.11290669,818.61294336,805.73886786,811.98010399,
2026-06-11 09:09:00,1781168940,811.98010399,818.66422879,810.33898771,810.75223236,
2026-06-11 09:10:00,1781169000,810.75223236,810.75223236,796.5345293,802.1102821,
2026-06-11 09:11:00,1781169060,802.1102821,819.6170025,802.0601337,819.14349577,
2026-06-11 09:12:00,1781169120,819.14349577,824.20893367,813.96789218,815.55855663,
2026-06-11 09:13:00,1781169180,815.55855663,826.10436638,806.23214116,824.78222374,
2026-06-11 09:14:00,1781169240,824.78222374,829.93363778,801.09636561,802.72338218,
2026-06-11 09:15:00,1781169300,802.72338218,829.92898787,802.72108663,828.04087417,
2026-06-11 09:16:00,1781169360,828.04087417,846.97253072,826.9802561,836.56159203,
2026-06-11 09:17:00,1781169420,836.56159203,846.3121816,835.53555586,835.63166977,
2026-06-11 09:18:00,1781169480,835.63166977,835.63166977,811.99770249,812.5248706,
2026-06-11 09:19:00,1781169540,812.5248706,816.45468989,803.85842087,814.87393576,
2026-06-11 09:20:00,1781169600,814.87393576,834.2384698,814.87393576,831.43961541,
2026-06-11 09:21:00,1781169660,831.43961541,836.49032792,828.26530865,835.99545637,
2026-06-11 09:22:00,1781169720,835.99545637,842.47665108,830.60039409,834.40841849,
2026-06-11 09:23:00,1781169780,834.40841849,840.51614981,828.72280623,830.80792371,
2026-06-11 09:24:00,1781169840,830.80792371,842.92634595,828.03111824,828.26895027,
2026-06-11 09:25:00,1781169900,828.26895027,836.97403031,818.6279224,824.06960632,
2026-06-11 09:26:00,1781169960,824.06960632,837.50638324,823.77437319,832.33540362,
2026-06-11 09:27:00,1781170020,832.33540362,837.34611569,826.91970655,829.45445147,
2026-06-11 09:28:00,1781170080,829.45445147,830.60516349,822.31497033,822.74678965,
2026-06-11 09:29:00,1781170140,822.74678965,831.15071172,822.58336453,824.75684528,
2026-06-11 09:30:00,1781170200,824.75684528,828.51828623,808.64035975,825.78410056,
2026-06-11 09:31:00,1781170260,825.78410056,827.50993038,779.52359369,783.54971729,
2026-06-11 09:32:00,1781170320,783.54971729,799.43835088,778.97600438,786.8437568,
2026-06-11 09:33:00,1781170380,786.8437568,796.43189454,782.82118442,785.51735146,
2026-06-11 09:34:00,1781170440,785.51735146,792.6295085,766.49313522,767.58373314,
2026-06-11 09:35:00,1781170500,767.58373314,778.98990815,753.70717297,778.51892952,
2026-06-11 09:36:00,1781170560,778.51892952,778.61084394,767.63324208,767.78330384,
2026-06-11 09:37:00,1781170620,767.78330384,773.17149793,766.75819895,768.22838555,
2026-06-11 09:38:00,1781170680,768.22838555,775.52417977,765.80152938,773.29770004,
2026-06-11 09:39:00,1781170740,773.29770004,775.40979557,762.37125217,773.07331202,
2026-06-11 09:40:00,1781170800,773.07331202,776.03158489,770.67088306,773.73011111,
2026-06-11 09:41:00,1781170860,773.73011111,784.86549217,773.62982347,783.9000112,
2026-06-11 09:42:00,1781170920,783.9000112,784.70624049,770.01944593,776.38149306,
2026-06-11 09:43:00,1781170980,776.38149306,783.12120091,773.76256414,783.12120091,
2026-06-11 09:44:00,1781171040,783.12120091,784.16566464,767.01512069,769.06760481,
2026-06-11 09:45:00,1781171100,769.06760481,780.11825076,769.06760481,769.24847268,
2026-06-11 09:46:00,1781171160,769.24847268,772.4245319,769.23322896,772.19234458,
2026-06-11 09:47:00,1781171220,772.19234458,782.51064862,771.39194152,780.71699098,
2026-06-11 09:48:00,1781171280,780.71699098,781.89383326,768.01774573,769.72002857,
2026-06-11 09:49:00,1781171340,769.72002857,779.16642513,768.20928363,770.0858443,
2026-06-11 09:50:00,1781171400,770.0858443,775.62100482,769.95886816,771.75635178,
2026-06-11 09:51:00,1781171460,771.75635178,771.75635178,745.36061979,750.44861853,
2026-06-11 09:52:00,1781171520,750.44861853,756.06970176,739.45741464,755.43633169,
2026-06-11 09:53:00,1781171580,755.43633169,763.38824864,753.42272026,753.42272026,
2026-06-11 09:54:00,1781171640,753.42272026,766.19414782,749.37945532,749.68048687,
2026-06-11 09:55:00,1781171700,749.68048687,754.76051234,740.97751148,754.21555556,
2026-06-11 09:56:00,1781171760,754.21555556,771.45591397,752.26466531,771.40657454,
2026-06-11 09:57:00,1781171820,771.40657454,780.78432082,771.40657454,778.2572582,
2026-06-11 09:58:00,1781171880,778.2572582,778.49165505,763.48994728,763.48994728,
2026-06-11 09:59:00,1781171940,763.48994728,768.71249051,752.44083947,761.87691687,
2026-06-11 10:00:00,1781172000,761.87691687,766.69825003,749.48624189,755.90253931,
2026-06-11 10:01:00,1781172060,755.90253931,766.93040503,743.53940911,759.79174633,
2026-06-11 10:02:00,1781172120,759.79174633,779.64918527,752.53897755,779.02850652,
2026-06-11 10:03:00,1781172180,779.02850652,784.95648587,774.8847926,781.16881517,
2026-06-11 10:04:00,1781172240,781.16881517,803.54977114,775.28797809,794.55703793,
2026-06-11 10:05:00,1781172300,794.55703793,798.1554653,781.13406651,781.47369703,
2026-06-11 10:06:00,1781172360,781.47369703,789.31017102,762.32706199,763.03203654,
2026-06-11 10:07:00,1781172420,763.03203654,763.03203654,740.13282081,746.42820528,
2026-06-11 10:08:00,1781172480,746.42820528,752.31848449,735.21439635,747.28216709,
2026-06-11 10:09:00,1781172540,747.28216709,769.08930345,747.2798829,754.66693535,
2026-06-11 10:10:00,1781172600,754.66693535,768.14833812,752.24177404,768.14833812,
2026-06-11 10:11:00,1781172660,768.14833812,772.6781974,753.39728502,753.76728462,
2026-06-11 10:12:00,1781172720,753.76728462,765.22099384,753.71600334,758.14825128,
2026-06-11 10:13:00,1781172780,758.14825128,763.76941294,740.9562966,745.65446256,
2026-06-11 10:14:00,1781172840,745.65446256,762.19935088,745.44463303,761.44792189,
2026-06-11 10:15:00,1781172900,761.44792189,761.99358485,749.60161773,754.2658776,
2026-06-11 10:16:00,1781172960,754.2658776,769.27763259,754.21684705,767.23228683,
2026-06-11 10:17:00,1781173020,767.23228683,812.36716952,766.99710986,800.40516488,
2026-06-11 10:18:00,1781173080,800.40516488,801.80236618,778.61630151,796.86413647,
2026-06-11 10:19:00,1781173140,796.86413647,814.98994971,789.7621152,796.89490656,
2026-06-11 10:20:00,1781173200,796.89490656,798.81331424,787.0165548,793.12139965,
2026-06-11 10:21:00,1781173260,793.12139965,794.1283813,779.39796576,784.26129187,
2026-06-11 10:22:00,1781173320,784.26129187,803.66710142,781.14216077,801.73831771,
2026-06-11 10:23:00,1781173380,801.73831771,801.90224395,785.57655287,786.00778575,
2026-06-11 10:24:00,1781173440,786.00778575,800.29679053,784.89725914,793.03534765,
2026-06-11 10:25:00,1781173500,793.03534765,794.80769301,785.50655253,786.24540132,
2026-06-11 10:26:00,1781173560,786.24540132,803.61319162,786.24540132,795.58576809,
2026-06-11 10:27:00,1781173620,795.58576809,800.8959078,791.70573789,793.76310068,
2026-06-11 10:28:00,1781173680,793.76310068,794.60168016,783.18315544,785.92748029,
2026-06-11 10:29:00,1781173740,785.92748029,788.1333884,773.53205826,783.7885783,
2026-06-11 10:30:00,1781173800,783.7885783,789.46378396,767.35577061,768.15751379,
2026-06-11 10:31:00,1781173860,768.15751379,768.15751379,745.23274886,756.74704414,
2026-06-11 10:32:00,1781173920,756.74704414,766.38329241,756.74477082,764.20739121,
2026-06-11 10:33:00,1781173980,764.20739121,779.901662,764.07676294,779.34626873,
2026-06-11 10:34:00,1781174040,779.34626873,779.34626873,754.83663385,771.93407446,
2026-06-11 10:35:00,1781174100,771.93407446,777.05514423,760.09917487,760.09917487,
2026-06-11 10:36:00,1781174160,760.09917487,760.09917487,745.36609703,747.04735631,
2026-06-11 10:37:00,1781174220,747.04735631,756.60630365,744.65836573,749.16012434,
2026-06-11 10:38:00,1781174280,749.16012434,750.86569441,735.51314176,742.40142048,
2026-06-11 10:39:00,1781174340,742.40142048,768.12901081,742.07148239,764.60438925,
2026-06-11 10:40:00,1781174400,764.60438925,765.48948411,752.63873235,759.49264232,
2026-06-11 10:41:00,1781174460,759.49264232,766.80606224,753.69359918,758.24423558,
2026-06-11 10:42:00,1781174520,758.24423558,764.83877485,750.62648804,751.80057272,
2026-06-11 10:43:00,1781174580,751.80057272,752.50193825,739.7154004,751.65543558,
2026-06-11 10:44:00,1781174640,751.65543558,756.20203801,739.9942546,749.61148245,
2026-06-11 10:45:00,1781174700,749.61148245,751.34145379,747.21911481,751.2069515,
2026-06-11 10:46:00,1781174760,751.2069515,755.15250752,734.63497036,739.23590766,
2026-06-11 10:47:00,1781174820,739.23590766,743.31792462,730.7473063,736.05743514,
2026-06-11 10:48:00,1781174880,736.05743514,741.6128701,735.4043744,740.05555505,
2026-06-11 10:49:00,1781174940,740.05555505,744.91288567,736.22708939,736.39873655,
2026-06-11 10:50:00,1781175000,736.39873655,743.70073873,731.21962165,734.93671869,
2026-06-11 10:51:00,1781175060,734.93671869,735.95023856,677.15007039,691.53726518,
2026-06-11 10:52:00,1781175120,691.53726518,722.31598647,691.31583916,710.33316233,
2026-06-11 10:53:00,1781175180,710.33316233,720.53647614,701.60117579,706.73298589,
2026-06-11 10:54:00,1781175240,706.73298589,708.72662791,675.25895072,678.28266448,
2026-06-11 10:55:00,1781175300,678.28266448,694.93206051,643.77537767,646.54297212,
2026-06-11 10:56:00,1781175360,646.54297212,698.93983852,645.35893776,696.29871611,
2026-06-11 10:57:00,1781175420,696.29871611,700.32398152,665.87704132,670.20275028,
2026-06-11 10:58:00,1781175480,670.20275028,673.83369655,646.79164249,662.07753633,
2026-06-11 10:59:00,1781175540,662.07753633,666.79821076,633.21771678,659.12231684,
2026-06-11 11:00:00,1781175600,659.12231684,696.56822215,658.68607956,696.08471048,
2026-06-11 11:01:00,1781175660,696.08471048,696.08471048,651.4033681,651.52431528,
2026-06-11 11:02:00,1781175720,651.52431528,661.30351185,639.59760288,649.52807705,
2026-06-11 11:03:00,1781175780,649.52807705,649.5680648,633.19242387,644.4522392,
2026-06-11 11:04:00,1781175840,644.4522392,644.69581158,633.81817213,640.70711463,
2026-06-11 11:05:00,1781175900,640.70711463,658.50377272,634.83743331,648.91655424,
2026-06-11 11:06:00,1781175960,648.91655424,662.20160306,648.87198928,658.24808133,
2026-06-11 11:07:00,1781176020,658.24808133,675.04134441,652.66576734,671.98117139,
2026-06-11 11:08:00,1781176080,671.98117139,706.26517645,664.36942839,664.62294803,
2026-06-11 11:09:00,1781176140,664.62294803,668.63058561,656.52479564,657.02165349,
2026-06-11 11:10:00,1781176200,657.02165349,657.02165349,642.03336289,643.86180363,
2026-06-11 11:11:00,1781176260,643.86180363,646.18227341,628.84901944,631.04690144,
2026-06-11 11:12:00,1781176320,631.04690144,652.64735249,629.42896261,639.6764379,
2026-06-11 11:13:00,1781176380,639.6764379,647.77501361,638.1771234,640.06181295,
2026-06-11 11:14:00,1781176440,640.06181295,640.81682884,635.89377072,637.35301341,
2026-06-11 11:15:00,1781176500,637.35301341,657.29829553,637.35301341,646.24049958,
2026-06-11 11:16:00,1781176560,646.24049958,646.32575283,641.05024091,641.08989455,
2026-06-11 11:17:00,1781176620,641.08989455,641.6266128,621.4171274,627.75565237,
2026-06-11 11:18:00,1781176680,627.75565237,665.03500085,627.59031488,656.97618222,
2026-06-11 11:19:00,1781176740,656.97618222,674.6036214,655.85202187,667.24214979,
2026-06-11 11:20:00,1781176800,667.24214979,674.53289141,665.43519545,666.27446972,
2026-06-11 11:21:00,1781176860,666.27446972,673.2898837,654.03801753,654.49955231,
2026-06-11 11:22:00,1781176920,654.49955231,655.22882581,644.19557384,648.55015633,
2026-06-11 11:23:00,1781176980,648.55015633,651.13093484,647.0782135,649.99944423,
2026-06-11 11:24:00,1781177040,649.99944423,654.63463972,644.00221042,648.23749262,
2026-06-11 11:25:00,1781177100,648.23749262,667.83407997,647.75399582,662.83148821,
2026-06-11 11:26:00,1781177160,662.83148821,674.67873794,662.37864872,674.41171109,
2026-06-11 11:27:00,1781177220,674.41171109,676.10400826,658.1015988,660.68879494,
2026-06-11 11:28:00,1781177280,660.68879494,663.4711231,641.33471323,641.62640135,
2026-06-11 11:29:00,1781177340,641.62640135,651.7422842,630.0615921,649.82167224,
2026-06-11 11:30:00,1781177400,649.82167224,651.52675672,623.42068433,631.26025908,
2026-06-11 11:31:00,1781177460,631.26025908,640.32342296,611.19781,612.87921983,
2026-06-11 11:32:00,1781177520,612.87921983,629.92181762,604.32679076,629.29587966,
2026-06-11 11:33:00,1781177580,629.29587966,639.95860319,624.16729137,627.21180694,
2026-06-11 11:34:00,1781177640,627.21180694,645.72629752,627.21180694,637.65536675,
2026-06-11 11:35:00,1781177700,637.65536675,647.79668523,631.11012909,645.81327942,
2026-06-11 11:36:00,1781177760,645.81327942,657.89922678,645.73752316,657.89922678,
2026-06-11 11:37:00,1781177820,657.89922678,671.5291991,649.24808913,669.34103141,
2026-06-11 11:38:00,1781177880,669.34103141,680.98104899,660.42633448,673.42571802,
2026-06-11 11:39:00,1781177940,673.42571802,676.82764236,647.98359667,651.77301309,
2026-06-11 11:40:00,1781178000,651.77301309,662.09909473,648.07353657,660.40330744,
2026-06-11 11:41:00,1781178060,660.40330744,663.22718415,645.69259908,656.07060535,
2026-06-11 11:42:00,1781178120,656.07060535,663.3764109,651.65778356,651.65778356,
2026-06-11 11:43:00,1781178180,651.65778356,657.37369918,648.12715417,650.56541147,
2026-06-11 11:44:00,1781178240,650.56541147,666.24173937,650.08797056,656.12770747,
2026-06-11 11:45:00,1781178300,656.12770747,668.78180377,656.12770747,668.43250464,
2026-06-11 11:46:00,1781178360,668.43250464,668.6071113,659.53767743,660.13940134,
2026-06-11 11:47:00,1781178420,660.13940134,668.38906215,656.43823442,668.38906215,
2026-06-11 11:48:00,1781178480,668.38906215,672.8240293,665.40262914,666.7752787,
2026-06-11 11:49:00,1781178540,666.7752787,675.19317552,650.98279662,651.02544802,
2026-06-11 11:50:00,1781178600,651.02544802,656.47739148,646.94337272,650.21348535,
2026-06-11 11:51:00,1781178660,650.21348535,656.53888052,605.86798402,615.58578159,
2026-06-11 11:52:00,1781178720,615.58578159,638.57202015,610.05262186,634.37287286,
2026-06-11 11:53:00,1781178780,634.37287286,637.64083137,626.75241285,632.19219251,
2026-06-11 11:54:00,1781178840,632.19219251,640.64429633,632.01594404,633.59326391,
2026-06-11 11:55:00,1781178900,633.59326391,656.11534259,633.59326391,654.226061,
2026-06-11 11:56:00,1781178960,654.226061,669.51403392,654.226061,659.50390846,
2026-06-11 11:57:00,1781179020,659.50390846,664.54570299,652.07413686,662.75280952,
2026-06-11 11:58:00,1781179080,662.75280952,663.96009888,658.00608877,660.98928565,
2026-06-11 11:59:00,1781179140,660.98928565,667.47940468,657.57217641,665.47643316,
2026-06-11 12:00:00,1781179200,665.47643316,694.90666405,661.82205505,690.23337839,
2026-06-11 12:01:00,1781179260,690.23337839,690.23337839,676.17323861,686.79246251,
2026-06-11 12:02:00,1781179320,686.79246251,694.61154897,683.18018082,687.92554685,
2026-06-11 12:03:00,1781179380,687.92554685,707.39003091,686.73783587,704.08570599,
2026-06-11 12:04:00,1781179440,704.08570599,709.99290313,678.30858896,679.66828347,
2026-06-11 12:05:00,1781179500,679.66828347,681.23396793,666.66713363,676.87554586,
2026-06-11 12:06:00,1781179560,676.87554586,687.59825328,661.86108477,684.93903082,
2026-06-11 12:07:00,1781179620,684.93903082,712.4243164,684.93903082,701.73012227,
2026-06-11 12:08:00,1781179680,701.73012227,705.38640746,689.29987373,692.58102638,
2026-06-11 12:09:00,1781179740,692.58102638,708.82477344,687.2957827,703.03025073,
2026-06-11 12:10:00,1781179800,703.03025073,705.21374054,656.40527637,658.81642024,
2026-06-11 12:11:00,1781179860,658.81642024,669.71521968,636.60193315,636.60193315,
2026-06-11 12:12:00,1781179920,636.60193315,644.58695423,627.84107522,628.99228784,
2026-06-11 12:13:00,1781179980,628.99228784,664.31976239,628.07191099,664.31976239,
2026-06-11 12:14:00,1781180040,664.31976239,677.68816526,642.51123989,646.10709033,
2026-06-11 12:15:00,1781180100,646.10709033,659.58606964,636.28263343,651.99849507,
2026-06-11 12:16:00,1781180160,651.99849507,656.74277163,644.95063277,648.65507526,
2026-06-11 12:17:00,1781180220,648.65507526,662.03048645,640.29075826,661.8123289,
2026-06-11 12:18:00,1781180280,661.8123289,663.94455994,630.36628781,638.06829962,
2026-06-11 12:19:00,1781180340,638.06829962,667.2083535,636.77516884,667.0782508,
2026-06-11 12:20:00,1781180400,667.0782508,732.33538663,667.0782508,731.41261485,
2026-06-11 12:21:00,1781180460,731.41261485,767.04651186,724.31585798,755.52384886,
2026-06-11 12:22:00,1781180520,755.52384886,854.42808835,751.69052254,850.10273479,
2026-06-11 12:23:00,1781180580,850.10273479,869.13726258,806.89156407,814.10296226,
2026-06-11 12:24:00,1781180640,814.10296226,855.02423392,783.27799211,840.39140873,
2026-06-11 12:25:00,1781180700,840.39140873,840.9516873,813.23611856,829.99561,
2026-06-11 12:26:00,1781180760,829.99561,831.71314138,798.89008751,799.28559574,
2026-06-11 12:27:00,1781180820,799.28559574,846.46976284,796.71980777,827.98453239,
2026-06-11 12:28:00,1781180880,827.98453239,865.07966551,812.35984987,859.13097033,
2026-06-11 12:29:00,1781180940,859.13097033,863.66842885,841.73693064,860.35898638,
2026-06-11 12:30:00,1781181000,860.35898638,952.43192853,801.99080458,884.00754891,
2026-06-11 12:31:00,1781181060,884.00754891,908.36055511,845.18586834,874.1964936,
2026-06-11 12:32:00,1781181120,874.1964936,909.64154086,868.89482442,877.831423,
2026-06-11 12:33:00,1781181180,877.831423,916.05516185,864.46217081,900.71105547,
2026-06-11 12:34:00,1781181240,900.71105547,917.26228334,805.48635009,821.05819594,
2026-06-11 12:35:00,1781181300,821.05819594,832.60803558,795.26105115,820.85596147,
2026-06-11 12:36:00,1781181360,820.85596147,824.17078981,784.04551108,797.43866674,
2026-06-11 12:37:00,1781181420,797.43866674,825.76892009,789.17396645,824.60229025,
2026-06-11 12:38:00,1781181480,824.60229025,824.60229025,765.07285699,799.18452876,
2026-06-11 12:39:00,1781181540,799.18452876,806.00775438,768.10280132,802.59370615,
2026-06-11 12:40:00,1781181600,802.59370615,813.07728744,789.85784544,795.78518215,
2026-06-11 12:41:00,1781181660,795.78518215,807.24719407,766.29002669,771.66112909,
2026-06-11 12:42:00,1781181720,771.66112909,785.72859574,763.74580966,767.80764463,
2026-06-11 12:43:00,1781181780,767.80764463,800.10117572,762.22829652,800.10117572,
2026-06-11 12:44:00,1781181840,800.10117572,812.56479257,722.80797632,733.59128868,
2026-06-11 12:45:00,1781181900,733.59128868,763.37489076,727.47120446,732.59999434,
2026-06-11 12:46:00,1781181960,732.59999434,739.71141805,712.89052054,714.19748572,
2026-06-11 12:47:00,1781182020,714.19748572,745.46646473,699.94676937,737.39427968,
2026-06-11 12:48:00,1781182080,737.39427968,754.67443471,727.31251328,753.41973922,
2026-06-11 12:49:00,1781182140,753.41973922,761.20042308,711.92732191,711.92732191,
2026-06-11 12:50:00,1781182200,711.92732191,750.56062378,707.37377939,743.94358738,
2026-06-11 12:51:00,1781182260,743.94358738,745.20562602,698.54799482,699.08141957,
2026-06-11 12:52:00,1781182320,699.08141957,699.08141957,675.95765795,693.10230919,
2026-06-11 12:53:00,1781182380,693.10230919,723.95908477,679.9749978,718.51200964,
2026-06-11 12:54:00,1781182440,718.51200964,725.15258476,711.93898957,717.1314198,
2026-06-11 12:55:00,1781182500,717.1314198,719.21725662,674.19955106,680.18074286,
2026-06-11 12:56:00,1781182560,680.18074286,692.80757444,676.66678884,687.66361601,
2026-06-11 12:57:00,1781182620,687.66361601,701.00386888,677.00651174,696.02730712,
2026-06-11 12:58:00,1781182680,696.02730712,705.53232724,671.93997928,677.46335743,
2026-06-11 12:59:00,1781182740,677.46335743,689.82855956,673.27173075,688.5076918,
2026-06-11 13:00:00,1781182800,688.5076918,720.76011174,687.07436025,717.73388325,
2026-06-11 13:01:00,1781182860,717.73388325,722.24823397,700.89591931,722.0238777,
2026-06-11 13:02:00,1781182920,722.0238777,739.37398117,715.13987838,727.15473712,
2026-06-11 13:03:00,1781182980,727.15473712,740.05032925,725.3864755,728.39108053,
2026-06-11 13:04:00,1781183040,728.39108053,731.87302633,700.01195968,714.80775039,
2026-06-11 13:05:00,1781183100,714.80775039,741.96803599,714.66604556,730.24538684,
2026-06-11 13:06:00,1781183160,730.24538684,741.97447363,719.09244361,727.1560774,
2026-06-11 13:07:00,1781183220,727.1560774,736.78598575,719.61822885,729.8186497,
2026-06-11 13:08:00,1781183280,729.8186497,737.26770382,725.87824706,732.4504601,
2026-06-11 13:09:00,1781183340,732.4504601,745.3350217,730.55652052,742.09456403,
2026-06-11 13:10:00,1781183400,742.09456403,742.23461209,729.77599967,730.92592028,
2026-06-11 13:11:00,1781183460,730.92592028,760.76267479,719.00886001,751.69888414,
2026-06-11 13:12:00,1781183520,751.69888414,751.69888414,728.5452998,736.97482682,
2026-06-11 13:13:00,1781183580,736.97482682,741.86280953,726.31815768,739.12646679,
2026-06-11 13:14:00,1781183640,739.12646679,740.02471146,725.54206216,735.19376139,
2026-06-11 13:15:00,1781183700,735.19376139,737.14529902,723.87245657,726.49595487,
2026-06-11 13:16:00,1781183760,726.49595487,726.51987244,709.23713669,710.20529363,
2026-06-11 13:17:00,1781183820,710.20529363,721.53967194,708.7542315,718.85638929,
2026-06-11 13:18:00,1781183880,718.85638929,721.31393872,706.42506349,708.19533435,
2026-06-11 13:19:00,1781183940,708.19533435,708.19533435,688.4598464,689.88108529,
2026-06-11 13:20:00,1781184000,689.88108529,689.97165409,669.16279131,686.47759834,
2026-06-11 13:21:00,1781184060,686.47759834,692.16435485,683.45955142,687.04722926,
2026-06-11 13:22:00,1781184120,687.04722926,731.38318546,687.04722926,727.805943,
2026-06-11 13:23:00,1781184180,727.805943,735.25813556,720.50113941,734.8494135,
2026-06-11 13:24:00,1781184240,734.8494135,774.81034248,730.66529902,771.34804505,
2026-06-11 13:25:00,1781184300,771.34804505,780.47910352,762.13696964,763.2557075,
2026-06-11 13:26:00,1781184360,763.2557075,775.9242159,761.7283294,765.24466058,
2026-06-11 13:27:00,1781184420,765.24466058,778.1569647,763.07095373,768.64659451,
2026-06-11 13:28:00,1781184480,768.64659451,778.15970471,761.41675164,761.41675164,
2026-06-11 13:29:00,1781184540,761.41675164,789.56508017,761.31546636,779.12155169,
2026-06-11 13:30:00,1781184600,779.12155169,804.55623265,779.12155169,783.97048381,
2026-06-11 13:31:00,1781184660,783.97048381,836.97067073,781.11964655,824.00306771,
2026-06-11 13:32:00,1781184720,824.00306771,853.75715135,819.9640024,829.19712332,
2026-06-11 13:33:00,1781184780,829.19712332,829.40107056,781.2849644,803.94391869,
2026-06-11 13:34:00,1781184840,803.94391869,832.78292002,793.01173846,804.41161943,
2026-06-11 13:35:00,1781184900,804.41161943,821.60595968,753.52999501,754.65911833,
2026-06-11 13:36:00,1781184960,754.65911833,765.45584979,720.06691284,763.99241057,
2026-06-11 13:37:00,1781185020,763.99241057,772.95380318,735.67924195,739.72765627,
2026-06-11 13:38:00,1781185080,739.72765627,798.53358624,738.39576411,796.28666025,
2026-06-11 13:39:00,1781185140,796.28666025,796.28666025,740.33276825,761.8459994,
2026-06-11 13:40:00,1781185200,761.8459994,810.33319963,757.75431137,767.10256243,
2026-06-11 13:41:00,1781185260,767.10256243,827.1246193,760.26759942,808.20622032,
2026-06-11 13:42:00,1781185320,808.20622032,828.86976545,777.59709038,792.28037628,
2026-06-11 13:43:00,1781185380,792.28037628,792.28037628,732.62666376,738.71764116,
2026-06-11 13:44:00,1781185440,738.71764116,740.24029143,700.38098117,700.38098117,
2026-06-11 13:45:00,1781185500,700.38098117,713.38231405,631.05095843,655.32361841,
2026-06-11 13:46:00,1781185560,655.32361841,682.15643527,652.74742719,662.83804812,
2026-06-11 13:47:00,1781185620,662.83804812,685.35080712,646.94663587,661.63332459,
2026-06-11 13:48:00,1781185680,661.63332459,674.71236183,654.58255539,660.57154688,
2026-06-11 13:49:00,1781185740,660.57154688,672.53869901,650.0614135,671.88762874,
2026-06-11 13:50:00,1781185800,671.88762874,674.15905122,614.9335634,619.53919527,
2026-06-11 13:51:00,1781185860,619.53919527,658.22073501,619.53919527,641.31300995,
2026-06-11 13:52:00,1781185920,641.31300995,653.93774934,613.85877031,640.38553834,
2026-06-11 13:53:00,1781185980,640.38553834,662.97828762,581.29697409,583.19528355,
2026-06-11 13:54:00,1781186040,583.19528355,618.92250275,579.99421551,611.59649612,
2026-06-11 13:55:00,1781186100,611.59649612,639.38274512,611.59649612,629.36630233,
2026-06-11 13:56:00,1781186160,629.36630233,667.20513862,628.53125814,667.02729693,
2026-06-11 13:57:00,1781186220,667.02729693,688.48708193,659.69917232,685.93907469,
2026-06-11 13:58:00,1781186280,685.93907469,685.93907469,657.81403196,667.19938447,
2026-06-11 13:59:00,1781186340,667.19938447,667.55591584,643.6440956,647.31524094,
2026-06-11 14:00:00,1781186400,647.31524094,668.98720075,644.07962826,659.97054132,
2026-06-11 14:01:00,1781186460,659.97054132,686.89722709,653.0621381,662.92617799,
2026-06-11 14:02:00,1781186520,662.92617799,677.6326195,653.71670842,667.73482263,
2026-06-11 14:03:00,1781186580,667.73482263,684.67679499,655.55220963,682.15890539,
2026-06-11 14:04:00,1781186640,682.15890539,690.46211688,643.02812454,643.5045587,
2026-06-11 14:05:00,1781186700,643.5045587,718.29630821,643.5045587,715.0008152,
2026-06-11 14:06:00,1781186760,715.0008152,729.45480179,695.21458037,723.8247543,
2026-06-11 14:07:00,1781186820,723.8247543,723.8247543,679.07911653,680.97822071,
2026-06-11 14:08:00,1781186880,680.97822071,703.35754186,680.97588593,688.8011395,
2026-06-11 14:09:00,1781186940,688.8011395,737.24714653,686.47372005,722.63046562,
2026-06-11 14:10:00,1781187000,722.63046562,769.36898065,710.79595923,769.36898065,
2026-06-11 14:11:00,1781187060,769.36898065,802.7402209,743.56717494,744.00053804,
2026-06-11 14:12:00,1781187120,744.00053804,776.84703559,731.33131294,772.70907703,
2026-06-11 14:13:00,1781187180,772.70907703,787.91748094,750.3236251,752.26226591,
2026-06-11 14:14:00,1781187240,752.26226591,778.49576222,746.6729629,774.41996412,
2026-06-11 14:15:00,1781187300,774.41996412,780.81610938,731.90522139,747.91927584,
2026-06-11 14:16:00,1781187360,747.91927584,807.84151313,742.85715096,805.45130416,
2026-06-11 14:17:00,1781187420,805.45130416,805.99004404,750.76549803,763.75287363,
2026-06-11 14:18:00,1781187480,763.75287363,798.89013597,758.49631397,797.97757051,
2026-06-11 14:19:00,1781187540,797.97757051,805.26795723,756.28345026,767.31536836,
2026-06-11 14:20:00,1781187600,767.31536836,776.17375184,733.47097349,734.41472185,
2026-06-11 14:21:00,1781187660,734.41472185,750.51039759,723.46431884,723.91573662,
2026-06-11 14:22:00,1781187720,723.91573662,761.93343054,711.02891512,724.12485568,
2026-06-11 14:23:00,1781187780,724.12485568,725.64189639,685.974657,705.68031941,
2026-06-11 14:24:00,1781187840,705.68031941,720.79085007,677.07919152,695.03445168,
2026-06-11 14:25:00,1781187900,695.03445168,702.5544012,681.46269283,693.24115595,
2026-06-11 14:26:00,1781187960,693.24115595,733.92193709,692.91555922,730.53150873,
2026-06-11 14:27:00,1781188020,730.53150873,730.53150873,694.7048068,705.85825873,
2026-06-11 14:28:00,1781188080,705.85825873,714.93748197,684.22569199,686.19868616,
2026-06-11 14:29:00,1781188140,686.19868616,694.71305674,657.47590259,661.40793464,
2026-06-11 14:30:00,1781188200,661.40793464,716.26635905,649.63895551,713.80915353,
2026-06-11 14:31:00,1781188260,713.80915353,723.63591077,689.99471517,693.75699695,
2026-06-11 14:32:00,1781188320,693.75699695,704.67921831,673.60783009,696.49836295,
2026-06-11 14:33:00,1781188380,696.49836295,715.30106825,686.61955284,709.69048113,
2026-06-11 14:34:00,1781188440,709.69048113,730.04850324,698.19565106,700.48455738,
2026-06-11 14:35:00,1781188500,700.48455738,710.52876213,675.31011776,679.53812273,
2026-06-11 14:36:00,1781188560,679.53812273,691.24397379,631.27969939,631.27969939,
2026-06-11 14:37:00,1781188620,631.27969939,696.85090446,628.39279332,696.17267726,
2026-06-11 14:38:00,1781188680,696.17267726,697.76025764,673.00423685,684.43526579,
2026-06-11 14:39:00,1781188740,684.43526579,709.90974636,682.77065862,702.95622867,
2026-06-11 14:40:00,1781188800,702.95622867,717.51509047,694.42518883,694.75304437,
2026-06-11 14:41:00,1781188860,694.75304437,710.60337471,678.03132159,705.54205173,
2026-06-11 14:42:00,1781188920,705.54205173,719.74398854,690.15479503,707.53027436,
2026-06-11 14:43:00,1781188980,707.53027436,732.08623792,700.92658047,716.55457267,
2026-06-11 14:44:00,1781189040,716.55457267,728.59723062,702.11592034,726.28649713,
2026-06-11 14:45:00,1781189100,726.28649713,729.41631508,703.51029847,708.74611767,
2026-06-11 14:46:00,1781189160,708.74611767,723.29933547,689.37987441,714.3258751,
2026-06-11 14:47:00,1781189220,714.3258751,715.69636181,695.1569269,709.06912004,
2026-06-11 14:48:00,1781189280,709.06912004,710.43971987,673.89585879,689.58781233,
2026-06-11 14:49:00,1781189340,689.58781233,708.37033033,682.9122542,705.01469925,
2026-06-11 14:50:00,1781189400,705.01469925,722.19151782,681.94353114,685.75418092,
2026-06-11 14:51:00,1781189460,685.75418092,693.15744626,647.77964555,665.80580204,
2026-06-11 14:52:00,1781189520,665.80580204,697.64025442,664.45688145,686.73409564,
2026-06-11 14:53:00,1781189580,686.73409564,689.37254162,659.61370359,685.53992234,
2026-06-11 14:54:00,1781189640,685.53992234,699.38503094,672.82754032,687.06741601,
2026-06-11 14:55:00,1781189700,687.06741601,710.02933209,686.52891305,708.9030644,
2026-06-11 14:56:00,1781189760,708.9030644,763.64342839,707.20244963,748.60054735,
2026-06-11 14:57:00,1781189820,748.60054735,762.46451382,721.67720525,723.36422428,
2026-06-11 14:58:00,1781189880,723.36422428,775.95581608,713.26752621,771.91813334,
2026-06-11 14:59:00,1781189940,771.91813334,786.00909724,767.84388469,784.58232655,
2026-06-11 15:00:00,1781190000,784.58232655,801.91933214,762.82451652,801.50402289,
2026-06-11 15:01:00,1781190060,801.50402289,884.48676708,801.50171636,864.55625304,
2026-06-11 15:02:00,1781190120,864.55625304,873.19450278,807.21465182,837.19953296,
2026-06-11 15:03:00,1781190180,837.19953296,838.13866749,784.09465029,799.25302349,
2026-06-11 15:04:00,1781190240,799.25302349,810.64601462,780.29858384,790.61387961,
2026-06-11 15:05:00,1781190300,790.61387961,832.77374235,788.15225122,826.26938771,
2026-06-11 15:06:00,1781190360,826.26938771,833.82472365,791.41840821,808.12411508,
2026-06-11 15:07:00,1781190420,808.12411508,818.75132824,730.64183112,734.58452026,
2026-06-11 15:08:00,1781190480,734.58452026,767.15513181,720.82658032,747.12741242,
2026-06-11 15:09:00,1781190540,747.12741242,773.29169868,737.645395,768.07095294,
2026-06-11 15:10:00,1781190600,768.07095294,796.32438576,767.34993516,782.66735075,
2026-06-11 15:11:00,1781190660,782.66735075,784.88433188,762.12637939,767.76305696,
2026-06-11 15:12:00,1781190720,767.76305696,773.25885262,709.25525516,733.03717997,
2026-06-11 15:13:00,1781190780,733.03717997,760.49554127,728.72990229,758.97164584,
2026-06-11 15:14:00,1781190840,758.97164584,796.53604972,758.97164584,795.11306771,
2026-06-11 15:15:00,1781190900,795.11306771,805.59049496,761.05156989,762.0525128,
2026-06-11 15:16:00,1781190960,762.0525128,796.72947851,752.72737173,796.18415738,
2026-06-11 15:17:00,1781191020,796.18415738,804.67900669,780.7306535,800.37047159,
2026-06-11 15:18:00,1781191080,800.37047159,830.69293629,792.59585971,827.03001936,
2026-06-11 15:19:00,1781191140,827.03001936,830.20340396,798.82381408,803.79915971,
2026-06-11 15:20:00,1781191200,803.79915971,808.12912905,745.36937342,752.38746364,
2026-06-11 15:21:00,1781191260,752.38746364,757.50825108,734.39921263,750.87224255,
2026-06-11 15:22:00,1781191320,750.87224255,776.9037037,750.87224255,766.48620457,
2026-06-11 15:23:00,1781191380,766.48620457,772.8159631,732.72366232,737.70098941,
2026-06-11 15:24:00,1781191440,737.70098941,748.1283959,732.42935551,748.1283959,
2026-06-11 15:25:00,1781191500,748.1283959,777.57360137,747.33218278,757.79606813,
2026-06-11 15:26:00,1781191560,757.79606813,776.02293073,754.08023226,754.1646802,
2026-06-11 15:27:00,1781191620,754.1646802,777.1285889,746.74309279,762.25717419,
2026-06-11 15:28:00,1781191680,762.25717419,786.09593839,759.65004968,775.19998479,
2026-06-11 15:29:00,1781191740,775.19998479,788.18653015,766.4174944,775.65026024,
2026-06-11 15:30:00,1781191800,775.65026024,802.98249613,764.61153589,800.01035197,
2026-06-11 15:31:00,1781191860,800.01035197,822.40417524,797.79679633,798.30874886,
2026-06-11 15:32:00,1781191920,798.30874886,800.2911938,775.62510472,775.62510472,
2026-06-11 15:33:00,1781191980,775.62510472,802.70759926,775.16811306,775.16811306,
2026-06-11 15:34:00,1781192040,775.16811306,776.85186089,749.08647395,760.83093994,
2026-06-11 15:35:00,1781192100,760.83093994,765.47306784,716.88027273,732.49899955,
2026-06-11 15:36:00,1781192160,732.49899955,756.90426187,717.57010018,721.50373894,
2026-06-11 15:37:00,1781192220,721.50373894,724.90552009,704.82822371,709.52438752,
2026-06-11 15:38:00,1781192280,709.52438752,737.27112847,707.5212182,707.62722404,
2026-06-11 15:39:00,1781192340,707.62722404,723.82832212,697.25168437,723.21643711,
2026-06-11 15:40:00,1781192400,723.21643711,728.53098978,700.22512097,702.52001259,
2026-06-11 15:41:00,1781192460,702.52001259,732.86573686,702.52001259,732.12193401,
2026-06-11 15:42:00,1781192520,732.12193401,748.74256613,725.81394636,738.28212555,
2026-06-11 15:43:00,1781192580,738.28212555,778.49572942,728.78243365,776.64724554,
2026-06-11 15:44:00,1781192640,776.64724554,796.7367389,766.10906255,795.21922774,
2026-06-11 15:45:00,1781192700,795.21922774,834.58001134,782.97529564,827.21661235,
2026-06-11 15:46:00,1781192760,827.21661235,827.21661235,782.38909163,783.20984549,
2026-06-11 15:47:00,1781192820,783.20984549,785.76380202,764.73108938,773.40622465,
2026-06-11 15:48:00,1781192880,773.40622465,829.20500685,773.0479138,804.48090827,
2026-06-11 15:49:00,1781192940,804.48090827,820.55100358,792.81409464,816.07568809,
2026-06-11 15:50:00,1781193000,816.07568809,826.74814986,808.55692819,819.83795906,
2026-06-11 15:51:00,1781193060,819.83795906,822.457666,800.41421226,809.22117694,
2026-06-11 15:52:00,1781193120,809.22117694,841.39325141,801.8547257,829.43182796,
2026-06-11 15:53:00,1781193180,829.43182796,849.07156306,825.55324324,833.55433638,
2026-06-11 15:54:00,1781193240,833.55433638,833.66207322,805.66574675,807.54316224,
2026-06-11 15:55:00,1781193300,807.54316224,837.92835254,795.66626446,799.16077639,
2026-06-11 15:56:00,1781193360,799.16077639,810.21966055,782.90518336,782.90518336,
2026-06-11 15:57:00,1781193420,782.90518336,791.63909609,768.71826143,773.52010385,
2026-06-11 15:58:00,1781193480,773.52010385,779.33121994,762.80643777,762.95704418,
2026-06-11 15:59:00,1781193540,762.95704418,771.28809013,749.41647569,749.6156506,
2026-06-11 16:00:00,1781193600,749.6156506,751.82917841,727.42947687,730.24508429,
2026-06-11 16:01:00,1781193660,730.24508429,751.8323862,716.07292777,749.00912204,
2026-06-11 16:02:00,1781193720,749.00912204,763.45173215,749.00912204,751.63998719,
2026-06-11 16:03:00,1781193780,751.63998719,772.86365078,743.61552467,772.60396358,
2026-06-11 16:04:00,1781193840,772.60396358,791.12256628,771.45517651,780.21066175,
2026-06-11 16:05:00,1781193900,780.21066175,787.41016075,756.37724392,758.23001028,
2026-06-11 16:06:00,1781193960,758.23001028,758.5308206,717.96958801,723.07036813,
2026-06-11 16:07:00,1781194020,723.07036813,729.75444066,706.35937834,707.60433441,
2026-06-11 16:08:00,1781194080,707.60433441,728.83838779,707.55341165,712.40592298,
2026-06-11 16:09:00,1781194140,712.40592298,758.50361074,712.40592298,755.24785671,
2026-06-11 16:10:00,1781194200,755.24785671,761.28321337,726.90392611,750.41123129,
2026-06-11 16:11:00,1781194260,750.41123129,753.67059364,736.50378187,742.68327211,
2026-06-11 16:12:00,1781194320,742.68327211,750.36808829,729.70549686,732.30099614,
2026-06-11 16:13:00,1781194380,732.30099614,739.26909596,727.5578605,734.06223008,
2026-06-11 16:14:00,1781194440,734.06223008,736.2138441,704.79235971,706.18550955,
2026-06-11 16:15:00,1781194500,706.18550955,720.20452865,694.41496863,712.49363639,
2026-06-11 16:16:00,1781194560,712.49363639,719.04421928,700.62860803,703.47499396,
2026-06-11 16:17:00,1781194620,703.47499396,726.80752604,701.09936862,704.21648639,
2026-06-11 16:18:00,1781194680,704.21648639,716.02801288,700.57541689,703.40552855,
2026-06-11 16:19:00,1781194740,703.40552855,714.43570084,701.2881456,705.23139852,
2026-06-11 16:20:00,1781194800,705.23139852,729.12946182,701.70879312,728.39226496,
2026-06-11 16:21:00,1781194860,728.39226496,774.44032364,709.89807133,764.16998167,
2026-06-11 16:22:00,1781194920,764.16998167,789.07068009,750.50771837,786.51317374,
2026-06-11 16:23:00,1781194980,786.51317374,795.54091683,771.43250779,792.16329397,
2026-06-11 16:24:00,1781195040,792.16329397,809.41912301,785.04219264,807.09492775,
2026-06-11 16:25:00,1781195100,807.09492775,829.27811859,798.69118052,821.95878849,
2026-06-11 16:26:00,1781195160,821.95878849,824.12075171,795.80067033,808.27913686,
2026-06-11 16:27:00,1781195220,808.27913686,809.32402132,796.82590039,802.67420645,
2026-06-11 16:28:00,1781195280,802.67420645,804.26841595,780.09137791,793.62966975,
2026-06-11 16:29:00,1781195340,793.62966975,798.76839171,780.75646424,795.75844453,
2026-06-11 16:30:00,1781195400,795.75844453,816.02114727,789.27616449,807.01910963,
2026-06-11 16:31:00,1781195460,807.01910963,823.18204172,801.4442816,823.18204172,
2026-06-11 16:32:00,1781195520,823.18204172,843.67336125,804.35693145,804.5702457,
2026-06-11 16:33:00,1781195580,804.5702457,811.66613482,773.47456895,773.47456895,
2026-06-11 16:34:00,1781195640,773.47456895,775.77729722,730.32956426,764.14858721,
2026-06-11 16:35:00,1781195700,764.14858721,777.4995552,740.83512211,747.68714877,
2026-06-11 16:36:00,1781195760,747.68714877,753.05961623,709.7952455,709.7952455,
2026-06-11 16:37:00,1781195820,709.7952455,728.443232,702.59461972,726.33005227,
2026-06-11 16:38:00,1781195880,726.33005227,750.34090571,720.69218484,732.5375705,
2026-06-11 16:39:00,1781195940,732.5375705,754.72109294,732.19645889,745.76651933,
2026-06-11 16:40:00,1781196000,745.76651933,765.64294739,734.18489585,761.58392428,
2026-06-11 16:41:00,1781196060,761.58392428,777.7928613,749.25694044,776.58263468,
2026-06-11 16:42:00,1781196120,776.58263468,790.11524387,764.30156015,766.83887434,
2026-06-11 16:43:00,1781196180,766.83887434,775.4231898,746.85179769,769.15728737,
2026-06-11 16:44:00,1781196240,769.15728737,787.86146682,765.54294607,776.45304537,
2026-06-11 16:45:00,1781196300,776.45304537,799.92433342,758.28347562,799.92433342,
2026-06-11 16:46:00,1781196360,799.92433342,800.69002829,779.97426725,789.53884075,
2026-06-11 16:47:00,1781196420,789.53884075,798.66201931,780.49172669,783.55841496,
2026-06-11 16:48:00,1781196480,783.55841496,783.55841496,759.77491737,763.48388926,
2026-06-11 16:49:00,1781196540,763.48388926,804.56201104,763.42948465,790.59865559,
2026-06-11 16:50:00,1781196600,790.59865559,816.47465992,784.25510932,784.78160804,
2026-06-11 16:51:00,1781196660,784.78160804,799.94454439,781.41261194,798.6122318,
2026-06-11 16:52:00,1781196720,798.6122318,815.4439054,789.95491971,802.55798078,
2026-06-11 16:53:00,1781196780,802.55798078,807.08771474,779.13831156,784.60353107,
2026-06-11 16:54:00,1781196840,784.60353107,793.3731695,766.18442673,791.49462114,
2026-06-11 16:55:00,1781196900,791.49462114,812.26896005,789.73006842,810.14411049,
2026-06-11 16:56:00,1781196960,810.14411049,815.17529331,791.27679134,804.52627787,
2026-06-11 16:57:00,1781197020,804.52627787,811.38062906,801.55063783,805.6331603,
2026-06-11 16:58:00,1781197080,805.6331603,808.66165104,797.48311072,808.65717537,
2026-06-11 16:59:00,1781197140,808.65717537,814.94256429,801.13263288,814.36327473,
2026-06-11 17:00:00,1781197200,814.36327473,829.06497982,813.33524542,818.79136361,
2026-06-11 17:01:00,1781197260,818.79136361,818.79136361,786.23407106,809.93284984,
2026-06-11 17:02:00,1781197320,809.93284984,831.27394774,799.93962979,831.10807873,
2026-06-11 17:03:00,1781197380,831.10807873,913.40939274,828.90591405,901.95922164,
2026-06-11 17:04:00,1781197440,901.95922164,922.08982771,893.68583637,894.3773664,
2026-06-11 17:05:00,1781197500,894.3773664,894.3773664,855.07480126,858.85634989,
2026-06-11 17:06:00,1781197560,858.85634989,868.50942767,843.88352161,855.22372612,
2026-06-11 17:07:00,1781197620,855.22372612,869.39910959,836.32775125,842.84434216,
2026-06-11 17:08:00,1781197680,842.84434216,859.37860237,839.08024737,856.2898252,
2026-06-11 17:09:00,1781197740,856.2898252,857.30578097,832.37801275,838.09632764,
2026-06-11 17:10:00,1781197800,838.09632764,847.2440134,808.78748448,822.11000738,
2026-06-11 17:11:00,1781197860,822.11000738,849.15618891,820.28876684,849.15618891,
2026-06-11 17:12:00,1781197920,849.15618891,883.41228048,832.40364745,882.19840866,
2026-06-11 17:13:00,1781197980,882.19840866,896.19235757,865.71990557,868.44995679,
2026-06-11 17:14:00,1781198040,868.44995679,871.20292076,856.71089385,870.51349953,
2026-06-11 17:15:00,1781198100,870.51349953,903.94998487,852.15174709,856.93289185,
2026-06-11 17:16:00,1781198160,856.93289185,859.08594602,841.66060662,844.30337261,
2026-06-11 17:17:00,1781198220,844.30337261,862.6115683,844.30337261,856.53922674,
2026-06-11 17:18:00,1781198280,856.53922674,903.05989053,856.53922674,899.38628702,
2026-06-11 17:19:00,1781198340,899.38628702,907.28024923,884.87984034,905.27472765,
2026-06-11 17:20:00,1781198400,905.27472765,923.43221261,889.05215146,893.03063965,
2026-06-11 17:21:00,1781198460,893.03063965,925.79293066,885.18008597,912.95830193,
2026-06-11 17:22:00,1781198520,912.95830193,931.5657303,895.6297461,921.45729568,
2026-06-11 17:23:00,1781198580,921.45729568,926.13192863,899.70078873,904.6186687,
2026-06-11 17:24:00,1781198640,904.6186687,930.81365809,893.8284592,897.93557865,
2026-06-11 17:25:00,1781198700,897.93557865,920.46336936,892.32722252,905.88171924,
2026-06-11 17:26:00,1781198760,905.88171924,931.67242104,899.5472306,929.05537996,
2026-06-11 17:27:00,1781198820,929.05537996,939.67299705,914.25607349,915.60892593,
2026-06-11 17:28:00,1781198880,915.60892593,916.36933754,707.93943,757.93724673,
2026-06-11 17:29:00,1781198940,757.93724673,776.8084161,589.10857786,599.75532419,
2026-06-11 17:30:00,1781199000,599.75532419,599.75532419,526.68759951,567.2761141,
2026-06-11 17:31:00,1781199060,567.2761141,599.15072681,502.39709382,507.70435537,
2026-06-11 17:32:00,1781199120,507.70435537,511.63311951,418.97077164,418.97077164,
2026-06-11 17:33:00,1781199180,418.97077164,485.52904146,411.1443683,485.52904146,
2026-06-11 17:34:00,1781199240,485.52904146,540.10553299,485.52904146,509.61297543,
2026-06-11 17:35:00,1781199300,509.61297543,561.79317047,496.38557971,514.01769546,
2026-06-11 17:36:00,1781199360,514.01769546,557.09029439,504.80008949,545.45945783,
2026-06-11 17:37:00,1781199420,545.45945783,558.01038195,516.99337816,530.88311361,
2026-06-11 17:38:00,1781199480,530.88311361,546.69776986,509.70779702,517.5063977,
2026-06-11 17:39:00,1781199540,517.5063977,537.867547,507.64143089,523.6698136,
2026-06-11 17:40:00,1781199600,523.6698136,523.88640007,479.08316194,482.6283566,
2026-06-11 17:41:00,1781199660,482.6283566,493.27281618,458.69232105,462.39136907,
2026-06-11 17:42:00,1781199720,462.39136907,493.96020735,456.60428599,478.22363023,
2026-06-11 17:43:00,1781199780,478.22363023,497.08662749,469.61842323,489.84642074,
2026-06-11 17:44:00,1781199840,489.84642074,500.04509877,475.73124833,483.08249384,
2026-06-11 17:45:00,1781199900,483.08249384,483.08249384,432.82459151,432.82459151,
2026-06-11 17:46:00,1781199960,432.82459151,491.37634246,432.64755181,477.65996086,
2026-06-11 17:47:00,1781200020,477.65996086,478.37057325,425.29708886,434.09234578,
2026-06-11 17:48:00,1781200080,434.09234578,434.81002708,410.99582415,432.82981689,
2026-06-11 17:49:00,1781200140,432.82981689,463.357806,385.42181376,391.46223696,
2026-06-11 17:50:00,1781200200,391.46223696,436.29705804,391.12331563,436.22720489,
2026-06-11 17:51:00,1781200260,436.22720489,446.0168949,399.33348825,408.41752126,
2026-06-11 17:52:00,1781200320,408.41752126,427.44317457,390.48959497,425.85291933,
2026-06-11 17:53:00,1781200380,425.85291933,444.52724323,421.37217529,436.45475376,
2026-06-11 17:54:00,1781200440,436.45475376,449.58937943,430.30472957,432.32704198,
2026-06-11 17:55:00,1781200500,432.32704198,438.72768519,421.60930151,432.60380225,
2026-06-11 17:56:00,1781200560,432.60380225,464.35022477,431.44519167,445.4318838,
2026-06-11 17:57:00,1781200620,445.4318838,454.24132718,419.92858246,423.96870584,
2026-06-11 17:58:00,1781200680,423.96870584,426.44998283,392.40003481,400.16491419,
2026-06-11 17:59:00,1781200740,400.16491419,411.67702051,365.40131011,368.6817881,
2026-06-11 18:00:00,1781200800,368.6817881,375.8317479,346.98506043,360.94107694,
2026-06-11 18:01:00,1781200860,360.94107694,363.32242435,337.37573956,340.05582445,
2026-06-11 18:02:00,1781200920,340.05582445,380.00043426,326.17981396,380.00043426,
2026-06-11 18:03:00,1781200980,380.00043426,396.80992498,350.37622366,386.86244862,
2026-06-11 18:04:00,1781201040,386.86244862,421.91282438,384.85287642,416.73868407,
2026-06-11 18:05:00,1781201100,416.73868407,447.56497568,412.80252352,447.20133986,
2026-06-11 18:06:00,1781201160,447.20133986,464.69235217,439.29742493,450.28958832,
2026-06-11 18:07:00,1781201220,450.28958832,459.56188937,440.40946707,447.46161112,
2026-06-11 18:08:00,1781201280,447.46161112,467.67635647,437.64763964,467.67635647,
2026-06-11 18:09:00,1781201340,467.67635647,479.68031708,456.50001674,456.98022322,
2026-06-11 18:10:00,1781201400,456.98022322,478.6547984,451.47539095,464.23140553,
2026-06-11 18:11:00,1781201460,464.23140553,476.91428899,429.73407981,434.06778638,
2026-06-11 18:12:00,1781201520,434.06778638,434.56379559,405.25149711,424.46665548,
2026-06-11 18:13:00,1781201580,424.46665548,439.87084885,418.83389138,431.35347994,
2026-06-11 18:14:00,1781201640,431.35347994,437.98577811,420.26458394,422.29241782,
2026-06-11 18:15:00,1781201700,422.29241782,424.32239738,382.90746603,382.90746603,
2026-06-11 18:16:00,1781201760,382.90746603,394.83233881,378.57195759,385.81999963,
2026-06-11 18:17:00,1781201820,385.81999963,412.95814338,385.0088731,399.74825019,
2026-06-11 18:18:00,1781201880,399.74825019,424.49361202,395.51653471,413.70252204,
2026-06-11 18:19:00,1781201940,413.70252204,426.23258771,387.9195419,399.39433349,
2026-06-11 18:20:00,1781202000,399.39433349,416.3738066,393.51760496,408.77876188,
2026-06-11 18:21:00,1781202060,408.77876188,415.26400796,391.4837777,410.5053068,
2026-06-11 18:22:00,1781202120,410.5053068,478.18744647,410.5053068,452.33409605,
2026-06-11 18:23:00,1781202180,452.33409605,470.79202615,443.61016388,463.80072685,
2026-06-11 18:24:00,1781202240,463.80072685,477.25489659,453.44224917,460.77649197,
2026-06-11 18:25:00,1781202300,460.77649197,463.00628583,442.56092646,443.06670913,
2026-06-11 18:26:00,1781202360,443.06670913,454.20127715,440.54641557,442.28272965,
2026-06-11 18:27:00,1781202420,442.28272965,453.40212928,439.48695534,450.39000677,
2026-06-11 18:28:00,1781202480,450.39000677,473.25488889,449.09338931,458.08078327,
2026-06-11 18:29:00,1781202540,458.08078327,471.09470997,451.61183989,460.58717989,
2026-06-11 18:30:00,1781202600,460.58717989,464.95885249,432.80482537,432.977334,
2026-06-11 18:31:00,1781202660,432.977334,444.50633543,431.35587583,442.34021044,
2026-06-11 18:32:00,1781202720,442.34021044,471.25467887,442.34021044,459.69116229,
2026-06-11 18:33:00,1781202780,459.69116229,466.7037566,436.78559023,437.58768687,
2026-06-11 18:34:00,1781202840,437.58768687,449.44009261,435.40392271,448.89636794,
2026-06-11 18:35:00,1781202900,448.89636794,449.73974977,438.16338008,442.87282069,
2026-06-11 18:36:00,1781202960,442.87282069,444.66981742,413.45461028,416.29917755,
2026-06-11 18:37:00,1781203020,416.29917755,424.65786227,413.79744607,423.92111139,
2026-06-11 18:38:00,1781203080,423.92111139,429.89807965,417.46746256,419.48355996,
2026-06-11 18:39:00,1781203140,419.48355996,423.98125633,411.00442599,416.66903093,
2026-06-11 18:40:00,1781203200,416.66903093,424.08532382,404.95261709,422.98623733,
2026-06-11 18:41:00,1781203260,422.98623733,427.06674705,413.8493322,424.65999598,
2026-06-11 18:42:00,1781203320,424.65999598,431.07303404,423.08434989,426.12360885,
2026-06-11 18:43:00,1781203380,426.12360885,428.70020513,408.99159678,411.86461985,
2026-06-11 18:44:00,1781203440,411.86461985,418.37848766,409.97501047,412.26034774,
2026-06-11 18:45:00,1781203500,412.26034774,423.95574109,410.97443635,417.71717267,
2026-06-11 18:46:00,1781203560,417.71717267,419.6192265,412.99570307,417.54417981,
2026-06-11 18:47:00,1781203620,417.54417981,420.55963072,402.78290425,403.14434812,
2026-06-11 18:48:00,1781203680,403.14434812,419.14834757,403.14211058,418.21279864,
2026-06-11 18:49:00,1781203740,418.21279864,432.91120493,417.56007731,421.84158177,
2026-06-11 18:50:00,1781203800,421.84158177,424.87616748,412.86904899,423.17907727,
2026-06-11 18:51:00,1781203860,423.17907727,433.19641442,422.433465,433.19185527,
2026-06-11 18:52:00,1781203920,433.19185527,433.70902967,409.8602375,409.8602375,
2026-06-11 18:53:00,1781203980,409.8602375,414.8308272,400.85863862,409.07286966,
2026-06-11 18:54:00,1781204040,409.07286966,424.11518703,408.20500837,424.11518703,
2026-06-11 18:55:00,1781204100,424.11518703,431.67058363,419.14590392,426.94037524,
2026-06-11 18:56:00,1781204160,426.94037524,430.0077983,406.96633833,410.8323205,
2026-06-11 18:57:00,1781204220,410.8323205,417.70053287,410.00190687,413.77865553,
2026-06-11 18:58:00,1781204280,413.77865553,425.96746242,410.08553574,425.7545998,
2026-06-11 18:59:00,1781204340,425.7545998,441.63304084,425.2388235,438.52939592,
2026-06-11 19:00:00,1781204400,438.52939592,453.08267698,429.39489823,432.22540276,
2026-06-11 19:01:00,1781204460,432.22540276,434.77207702,406.77188567,412.8667393,
2026-06-11 19:02:00,1781204520,412.8667393,412.8667393,389.66293768,404.63259095,
2026-06-11 19:03:00,1781204580,404.63259095,426.39076627,402.8265087,421.51503885,
2026-06-11 19:04:00,1781204640,421.51503885,426.66098686,413.99775664,423.09954123,
2026-06-11 19:05:00,1781204700,423.09954123,426.72467455,416.32058833,425.2341359,
2026-06-11 19:06:00,1781204760,425.2341359,437.19410572,422.58957374,427.36211254,
2026-06-11 19:07:00,1781204820,427.36211254,435.21846951,425.66118506,433.18439795,
2026-06-11 19:08:00,1781204880,433.18439795,459.97027536,430.85120402,447.48192715,
2026-06-11 19:09:00,1781204940,447.48192715,450.2237207,431.90250871,445.12385849,
2026-06-11 19:10:00,1781205000,445.12385849,445.94684883,424.58365011,435.3969861,
2026-06-11 19:11:00,1781205060,435.3969861,456.92129366,432.48712508,444.84463611,
2026-06-11 19:12:00,1781205120,444.84463611,444.84463611,390.84744819,405.42021695,
2026-06-11 19:13:00,1781205180,405.42021695,434.69041589,400.00835832,411.87977126,
2026-06-11 19:14:00,1781205240,411.87977126,416.79202035,397.13925104,407.79780329,
2026-06-11 19:15:00,1781205300,407.79780329,410.58212636,388.72837885,391.36008701,
2026-06-11 19:16:00,1781205360,391.36008701,392.89713741,381.03966916,386.0500436,
2026-06-11 19:17:00,1781205420,386.0500436,390.62221239,367.08114597,370.39473864,
2026-06-11 19:18:00,1781205480,370.39473864,376.1349327,360.71329709,370.13971673,
2026-06-11 19:19:00,1781205540,370.13971673,391.5484301,370.13971673,382.32251942,
2026-06-11 19:20:00,1781205600,382.32251942,382.32251942,360.703322,376.8063271,
2026-06-11 19:21:00,1781205660,376.8063271,384.05713103,374.33373555,380.35387564,
2026-06-11 19:22:00,1781205720,380.35387564,380.69993818,370.61737264,375.10613699,
2026-06-11 19:23:00,1781205780,375.10613699,375.44493727,361.49602311,368.87791789,
2026-06-11 19:24:00,1781205840,368.87791789,374.26921946,361.87111999,368.9538366,
2026-06-11 19:25:00,1781205900,368.9538366,388.31709703,368.94941543,373.85661799,
2026-06-11 19:26:00,1781205960,373.85661799,387.78528949,368.41377839,369.88772617,
2026-06-11 19:27:00,1781206020,369.88772617,394.72282314,369.88772617,389.81220548,
2026-06-11 19:28:00,1781206080,389.81220548,401.60182343,387.42962637,388.24876983,
2026-06-11 19:29:00,1781206140,388.24876983,398.5337099,382.16698829,397.08182921,
2026-06-11 19:30:00,1781206200,397.08182921,399.16227546,307.24031784,307.24031784,
2026-06-11 19:31:00,1781206260,307.24031784,339.84433987,307.24031784,333.20236665,
2026-06-11 19:32:00,1781206320,333.20236665,335.94807577,312.3408737,320.38499796,
2026-06-11 19:33:00,1781206380,320.38499796,332.49782958,304.21250832,317.44279816,
2026-06-11 19:34:00,1781206440,317.44279816,367.06371772,313.70305656,355.53968429,
2026-06-11 19:35:00,1781206500,355.53968429,372.71100302,345.61217606,349.9017159,
2026-06-11 19:36:00,1781206560,349.9017159,357.98217002,339.04126333,351.92399524,
2026-06-11 19:37:00,1781206620,351.92399524,356.73697995,331.54294873,338.3525645,
2026-06-11 19:38:00,1781206680,338.3525645,360.03567332,337.13494989,360.03567332,
2026-06-11 19:39:00,1781206740,360.03567332,380.30020372,356.02361936,378.77659981,
2026-06-11 19:40:00,1781206800,378.77659981,378.77659981,352.43368439,354.45596827,
2026-06-11 19:41:00,1781206860,354.45596827,354.84215883,337.5903921,341.22980107,
2026-06-11 19:42:00,1781206920,341.22980107,344.16108571,338.07947258,341.50180887,
2026-06-11 19:43:00,1781206980,341.50180887,353.34777986,340.14437373,351.68172739,
2026-06-11 19:44:00,1781207040,351.68172739,378.83669063,350.46448014,372.55819829,
2026-06-11 19:45:00,1781207100,372.55819829,380.90902855,371.70728819,373.28522403,
2026-06-11 19:46:00,1781207160,373.28522403,389.23112531,370.65873075,386.1469316,
2026-06-11 19:47:00,1781207220,386.1469316,386.1469316,363.04143302,363.15867115,
2026-06-11 19:48:00,1781207280,363.15867115,376.5321938,360.69325927,364.44703432,
2026-06-11 19:49:00,1781207340,364.44703432,379.32157723,362.15482565,378.32351279,
2026-06-11 19:50:00,1781207400,378.32351279,398.36523816,370.83089068,387.6035527,
2026-06-11 19:51:00,1781207460,387.6035527,391.14847331,370.65675855,371.23609665,
2026-06-11 19:52:00,1781207520,371.23609665,389.37516091,368.5155222,382.22575831,
2026-06-11 19:53:00,1781207580,382.22575831,388.75180373,375.28247397,375.94941752,
2026-06-11 19:54:00,1781207640,375.94941752,379.58728175,370.81466733,370.81466733,
2026-06-11 19:55:00,1781207700,370.81466733,395.37952275,370.81240401,381.66025457,
2026-06-11 19:56:00,1781207760,381.66025457,385.43152211,379.466227,384.17469971,
2026-06-11 19:57:00,1781207820,384.17469971,393.22201127,379.74064482,382.11634759,
2026-06-11 19:58:00,1781207880,382.11634759,391.03308308,377.77097511,389.73732008,
2026-06-11 19:59:00,1781207940,389.73732008,402.29568432,382.77929504,399.48199485,
2026-06-11 20:00:00,1781208000,399.48199485,419.85052437,384.014127,415.22534057,
2026-06-11 20:01:00,1781208060,415.22534057,416.96474256,391.35676026,400.43800415,
2026-06-11 20:02:00,1781208120,400.43800415,409.36067438,377.43668505,385.29383058,
2026-06-11 20:03:00,1781208180,385.29383058,403.07597286,379.63758734,391.59184944,
2026-06-11 20:04:00,1781208240,391.59184944,398.94995158,386.46694815,394.18073676,
2026-06-11 20:05:00,1781208300,394.18073676,395.47289111,377.01348853,381.60989835,
2026-06-11 20:06:00,1781208360,381.60989835,395.27742295,381.54448678,395.06852545,
2026-06-11 20:07:00,1781208420,395.06852545,407.9796904,393.5885541,400.02137511,
2026-06-11 20:08:00,1781208480,400.02137511,413.59555287,399.50164608,406.13146022,
2026-06-11 20:09:00,1781208540,406.13146022,407.21217181,401.3627409,404.50347767,
2026-06-11 20:10:00,1781208600,404.50347767,424.63123364,404.50347767,422.85364458,
2026-06-11 20:11:00,1781208660,422.85364458,430.00917643,414.06713656,416.25757983,
2026-06-11 20:12:00,1781208720,416.25757983,417.64260161,411.57887587,413.09762728,
2026-06-11 20:13:00,1781208780,413.09762728,422.57729648,408.56344204,416.74052813,
2026-06-11 20:14:00,1781208840,416.74052813,417.82612498,406.18034057,409.7091585,
2026-06-11 20:15:00,1781208900,409.7091585,419.24700327,406.57150792,417.64889805,
2026-06-11 20:16:00,1781208960,417.64889805,419.97241696,409.49199033,409.82852715,
2026-06-11 20:17:00,1781209020,409.82852715,412.42430989,401.85927676,405.02242536,
2026-06-11 20:18:00,1781209080,405.02242536,411.56793136,400.92554561,411.34557536,
2026-06-11 20:19:00,1781209140,411.34557536,411.34557536,401.71469527,409.0554051,
2026-06-11 20:20:00,1781209200,409.0554051,409.51060515,406.24015605,408.56685001,
2026-06-11 20:21:00,1781209260,408.56685001,426.05008179,406.63962052,425.89810018,
2026-06-11 20:22:00,1781209320,425.89810018,433.93007242,425.89810018,428.52591586,
2026-06-11 20:23:00,1781209380,428.52591586,428.54302907,419.32774531,419.53351363,
2026-06-11 20:24:00,1781209440,419.53351363,423.95175542,417.26721623,422.65894704,
2026-06-11 20:25:00,1781209500,422.65894704,437.1450636,422.25869133,431.16058868,
2026-06-11 20:26:00,1781209560,431.16058868,442.2302848,418.74719503,441.05024252,
2026-06-11 20:27:00,1781209620,441.05024252,446.96124423,427.35457431,446.48444525,
2026-06-11 20:28:00,1781209680,446.48444525,482.22558387,446.48444525,465.58194767,
2026-06-11 20:29:00,1781209740,465.58194767,470.5848643,462.74472125,462.96128905,
2026-06-11 20:30:00,1781209800,462.96128905,472.67149585,462.43933488,465.36282038,
2026-06-11 20:31:00,1781209860,465.36282038,472.0949591,453.74214154,470.7172806,
2026-06-11 20:32:00,1781209920,470.7172806,471.68845706,456.41765484,457.85742824,
2026-06-11 20:33:00,1781209980,457.85742824,462.97322202,444.07675696,449.11034013,
2026-06-11 20:34:00,1781210040,449.11034013,454.80903777,442.64556961,451.80750444,
2026-06-11 20:35:00,1781210100,451.80750444,469.00925245,450.56712148,466.11061339,
2026-06-11 20:36:00,1781210160,466.11061339,474.4694434,463.87063538,469.17089246,
2026-06-11 20:37:00,1781210220,469.17089246,474.83024726,467.6830379,468.06393554,
2026-06-11 20:38:00,1781210280,468.06393554,470.8330669,464.15311953,469.79991701,
2026-06-11 20:39:00,1781210340,469.79991701,474.75591518,464.19237129,464.96929595,
2026-06-11 20:40:00,1781210400,464.96929595,466.93696323,449.26986752,453.92376687,
2026-06-11 20:41:00,1781210460,453.92376687,471.33806039,453.61918505,471.25536704,
2026-06-11 20:42:00,1781210520,471.25536704,479.66524452,470.91189339,477.01697931,
2026-06-11 20:43:00,1781210580,477.01697931,478.08708301,470.5222115,474.86843926,
2026-06-11 20:44:00,1781210640,474.86843926,480.83377059,469.48047344,480.32412064,
2026-06-11 20:45:00,1781210700,480.32412064,487.10538857,474.12830674,474.54834973,
2026-06-11 20:46:00,1781210760,474.54834973,485.92342437,474.54834973,482.62782826,
2026-06-11 20:47:00,1781210820,482.62782826,484.30813852,473.36860526,479.9621974,
2026-06-11 20:48:00,1781210880,479.9621974,484.68953641,478.78835317,482.72842845,
2026-06-11 20:49:00,1781210940,482.72842845,482.81186953,477.66314216,481.01825478,
2026-06-11 20:50:00,1781211000,481.01825478,481.01825478,474.83244785,480.97412304,
2026-06-11 20:51:00,1781211060,480.97412304,480.97412304,461.23979726,461.23979726,
2026-06-11 20:52:00,1781211120,461.23979726,464.71279616,437.74905303,437.7650615,
2026-06-11 20:53:00,1781211180,437.7650615,448.00762146,437.58499476,437.58499476,
2026-06-11 20:54:00,1781211240,437.58499476,441.78651337,434.39583749,436.42771027,
2026-06-11 20:55:00,1781211300,436.42771027,442.6118024,436.31734578,439.946616,
2026-06-11 20:56:00,1781211360,439.946616,440.66995023,433.15580271,434.05542162,
2026-06-11 20:57:00,1781211420,434.05542162,436.64216438,429.98761154,430.58659865,
2026-06-11 20:58:00,1781211480,430.58659865,442.53380385,427.09038111,437.18330627,
2026-06-11 20:59:00,1781211540,437.18330627,437.18330627,426.39703909,434.00479289,
2026-06-11 21:00:00,1781211600,434.00479289,434.18302917,422.82162244,424.94934833,
2026-06-11 21:01:00,1781211660,424.94934833,424.94934833,413.83996022,416.88075743,
2026-06-11 21:02:00,1781211720,416.88075743,427.21337929,416.8784656,426.65979866,
2026-06-11 21:03:00,1781211780,426.65979866,428.35791411,425.44304811,425.44304811,
2026-06-11 21:04:00,1781211840,425.44304811,426.90542293,405.19339439,406.27244564,
2026-06-11 21:05:00,1781211900,406.27244564,407.44567045,393.61345692,404.2935553,
2026-06-11 21:06:00,1781211960,404.2935553,407.55531283,402.96996273,406.51297346,
2026-06-11 21:07:00,1781212020,406.51297346,406.84144548,397.92335681,406.83915659,
2026-06-11 21:08:00,1781212080,406.83915659,407.00686811,398.21786043,401.09131387,
2026-06-11 21:09:00,1781212140,401.09131387,406.6594566,400.92646863,406.3116762,
2026-06-11 21:10:00,1781212200,406.3116762,407.35505074,405.3923083,407.25076463,
2026-06-11 21:11:00,1781212260,407.25076463,410.89460911,404.95188696,407.07502437,
2026-06-11 21:12:00,1781212320,407.07502437,407.10706918,402.92685558,403.70350828,
2026-06-11 21:13:00,1781212380,403.70350828,403.70350828,366.40925508,372.37627201,
2026-06-11 21:14:00,1781212440,372.37627201,384.11093309,372.37627201,383.32491941,
2026-06-11 21:15:00,1781212500,383.32491941,391.40644551,383.28990088,389.37652393,
2026-06-11 21:16:00,1781212560,389.37652393,397.844966,386.81414188,393.9611647,
2026-06-11 21:17:00,1781212620,393.9611647,397.41539096,389.22152245,397.0027153,
2026-06-11 21:18:00,1781212680,397.0027153,399.63851914,392.95077291,394.88632691,
2026-06-11 21:19:00,1781212740,394.88632691,395.98308146,390.02084172,392.99475122,
2026-06-11 21:20:00,1781212800,392.99475122,397.15738062,389.67535335,395.20404169,
2026-06-11 21:21:00,1781212860,395.20404169,401.74086162,392.79718472,392.936574,
2026-06-11 21:22:00,1781212920,392.936574,392.936574,384.45296184,384.74894109,
2026-06-11 21:23:00,1781212980,384.74894109,384.81954641,379.0095154,384.37851352,
2026-06-11 21:24:00,1781213040,384.37851352,398.78507946,384.37622656,396.14114007,
2026-06-11 21:25:00,1781213100,396.14114007,409.72788381,396.13883062,404.38907801,
2026-06-11 21:26:00,1781213160,404.38907801,415.18515675,404.07267716,414.93930511,
2026-06-11 21:27:00,1781213220,414.93930511,416.90040321,410.69570385,410.83167512,
2026-06-11 21:28:00,1781213280,410.83167512,419.28770785,410.01427201,414.18163393,
2026-06-11 21:29:00,1781213340,414.18163393,414.34834822,404.41224186,404.58081148,
2026-06-11 21:30:00,1781213400,404.58081148,404.64686402,398.91957525,398.91957525,
2026-06-11 21:31:00,1781213460,398.91957525,401.36559882,396.86527943,398.60287428,
2026-06-11 21:32:00,1781213520,398.60287428,401.20339944,392.10590655,392.13705082,
2026-06-11 21:33:00,1781213580,392.13705082,392.55433452,390.32951436,391.4872605,
2026-06-11 21:34:00,1781213640,391.4872605,400.66791766,391.45903083,399.57977627,
2026-06-11 21:35:00,1781213700,399.57977627,410.21250161,399.43244825,406.6546876,
2026-06-11 21:36:00,1781213760,406.6546876,406.75788639,400.2394119,401.05492769,
2026-06-11 21:37:00,1781213820,401.05492769,404.41199367,400.44174791,404.34333469,
2026-06-11 21:38:00,1781213880,404.34333469,404.34333469,386.08620819,387.03037087,
2026-06-11 21:39:00,1781213940,387.03037087,391.88347973,383.76140967,383.83691136,
2026-06-11 21:40:00,1781214000,383.83691136,399.65899203,378.91164224,398.30193486,
2026-06-11 21:41:00,1781214060,398.30193486,401.46224525,393.36717007,393.56696526,
2026-06-11 21:42:00,1781214120,393.56696526,393.56696526,383.61043293,385.11224853,
2026-06-11 21:43:00,1781214180,385.11224853,396.65794124,384.55145909,395.86405928,
2026-06-11 21:44:00,1781214240,395.86405928,396.64075214,381.8828778,382.69596062,
2026-06-11 21:45:00,1781214300,382.69596062,387.02150866,375.60573653,383.54613052,
2026-06-11 21:46:00,1781214360,383.54613052,385.3856269,374.48238173,380.85162369,
2026-06-11 21:47:00,1781214420,380.85162369,385.56828082,373.15947155,378.63247858,
2026-06-11 21:48:00,1781214480,378.63247858,380.50295346,370.95163968,372.02129434,
2026-06-11 21:49:00,1781214540,372.02129434,379.31885317,368.94308427,378.44409344,
2026-06-11 21:50:00,1781214600,378.44409344,386.05629313,378.01219865,386.02310177,
2026-06-11 21:51:00,1781214660,386.02310177,388.70551422,377.09555612,377.12824134,
2026-06-11 21:52:00,1781214720,377.12824134,380.64680069,370.26578668,376.50879676,
2026-06-11 21:53:00,1781214780,376.50879676,380.50707438,375.04110757,380.50707438,
2026-06-11 21:54:00,1781214840,380.50707438,392.12659205,379.33102187,386.62658855,
2026-06-11 21:55:00,1781214900,386.62658855,400.22903231,386.59097161,400.12419997,
2026-06-11 21:56:00,1781214960,400.12419997,406.75588336,396.20343429,402.6607888,
2026-06-11 21:57:00,1781215020,402.6607888,406.34923864,398.10487864,398.17088354,
2026-06-11 21:58:00,1781215080,398.17088354,398.17088354,387.20927663,387.25055272,
2026-06-11 21:59:00,1781215140,387.25055272,400.49380315,382.79107002,382.79107002,
2026-06-11 22:00:00,1781215200,382.79107002,389.52939869,366.95317629,368.39142265,
2026-06-11 22:01:00,1781215260,368.39142265,375.56676949,363.27218643,363.27218643,
2026-06-11 22:02:00,1781215320,363.27218643,378.79280339,358.71974785,367.15145403,
2026-06-11 22:03:00,1781215380,367.15145403,368.08637344,358.53058071,359.3163237,
2026-06-11 22:04:00,1781215440,359.3163237,364.66676483,339.80511371,362.97216534,
2026-06-11 22:05:00,1781215500,362.97216534,365.52819559,350.1465279,358.03718127,
2026-06-11 22:06:00,1781215560,358.03718127,364.80986712,345.43762376,353.76837447,
2026-06-11 22:07:00,1781215620,353.76837447,353.76837447,335.15824838,340.42583667,
2026-06-11 22:08:00,1781215680,340.42583667,349.8408463,338.1980774,343.53310269,
2026-06-11 22:09:00,1781215740,343.53310269,343.53310269,333.27190654,342.63897093,
2026-06-11 22:10:00,1781215800,342.63897093,352.76839893,342.63897093,343.58546822,
2026-06-11 22:11:00,1781215860,343.58546822,349.6648148,335.26175502,349.1482414,
2026-06-11 22:12:00,1781215920,349.1482414,360.13273943,347.74054295,356.77427543,
2026-06-11 22:13:00,1781215980,356.77427543,357.66651647,344.11017716,346.36123182,
2026-06-11 22:14:00,1781216040,346.36123182,347.4421587,339.92111184,343.84568635,
2026-06-11 22:15:00,1781216100,343.84568635,353.82436655,340.54743048,348.81651443,
2026-06-11 22:16:00,1781216160,348.81651443,351.26153457,329.94163875,340.23152756,
2026-06-11 22:17:00,1781216220,340.23152756,341.96964657,327.51117883,337.57522569,
2026-06-11 22:18:00,1781216280,337.57522569,343.43915456,336.91994957,340.15324411,
2026-06-11 22:19:00,1781216340,340.15324411,343.62577806,337.33689353,339.71904727,
2026-06-11 22:20:00,1781216400,339.71904727,346.45810872,338.05900061,343.471391,
2026-06-11 22:21:00,1781216460,343.471391,349.05228646,342.97785321,347.72786609,
2026-06-11 22:22:00,1781216520,347.72786609,362.33410685,347.72786609,361.55304719,
2026-06-11 22:23:00,1781216580,361.55304719,366.17475789,354.57035616,358.62620809,
2026-06-11 22:24:00,1781216640,358.62620809,364.25318678,354.6876603,363.05468356,
2026-06-11 22:25:00,1781216700,363.05468356,370.72336839,359.7446887,362.05386997,
2026-06-11 22:26:00,1781216760,362.05386997,365.91642104,359.15017213,362.70619025,
2026-06-11 22:27:00,1781216820,362.70619025,364.48999919,359.26562412,361.98984259,
2026-06-11 22:28:00,1781216880,361.98984259,367.18290956,354.93726468,357.04797183,
2026-06-11 22:29:00,1781216940,357.04797183,357.04797183,346.61792997,350.60352485,
2026-06-11 22:30:00,1781217000,350.60352485,355.70111747,345.6716767,346.64446506,
2026-06-11 22:31:00,1781217060,346.64446506,349.40106464,334.25330574,349.2130009,
2026-06-11 22:32:00,1781217120,349.2130009,360.14432512,348.96012767,359.75531035,
2026-06-11 22:33:00,1781217180,359.75531035,363.70846486,351.21678979,356.52419385,
2026-06-11 22:34:00,1781217240,356.52419385,372.25733592,351.75447955,372.25733592,
2026-06-11 22:35:00,1781217300,372.25733592,382.1713142,358.9401805,358.9401805,
2026-06-11 22:36:00,1781217360,358.9401805,359.43115964,351.26700184,354.33606847,
2026-06-11 22:37:00,1781217420,354.33606847,362.52447607,354.29982583,361.98926307,
2026-06-11 22:38:00,1781217480,361.98926307,373.48941639,361.89035363,371.66086684,
2026-06-11 22:39:00,1781217540,371.66086684,378.17762064,365.11052234,366.1149312,
2026-06-11 22:40:00,1781217600,366.1149312,369.43627691,357.01362383,365.55376481,
2026-06-11 22:41:00,1781217660,365.55376481,375.47506618,365.29133518,373.89020456,
2026-06-11 22:42:00,1781217720,373.89020456,377.96035658,371.69286386,377.26991376,
2026-06-11 22:43:00,1781217780,377.26991376,379.57937003,372.71535439,373.18924455,
2026-06-11 22:44:00,1781217840,373.18924455,378.25255019,373.05716597,377.55095135,
2026-06-11 22:45:00,1781217900,377.55095135,379.00134095,369.50189872,374.61957862,
2026-06-11 22:46:00,1781217960,374.61957862,389.46667261,374.41442054,387.54865275,
2026-06-11 22:47:00,1781218020,387.54865275,391.19654906,386.66221582,391.19190164,
2026-06-11 22:48:00,1781218080,391.19190164,394.05655021,386.44507224,387.88048608,
2026-06-11 22:49:00,1781218140,387.88048608,388.11559923,366.63480844,376.91280272,
2026-06-11 22:50:00,1781218200,376.91280272,377.86390264,366.88205085,368.09631012,
2026-06-11 22:51:00,1781218260,368.09631012,373.08578843,364.99088437,372.68749853,
2026-06-11 22:52:00,1781218320,372.68749853,374.77590829,365.74947269,365.84933179,
2026-06-11 22:53:00,1781218380,365.84933179,373.26386544,365.84933179,370.54878781,
2026-06-11 22:54:00,1781218440,370.54878781,371.35139257,361.21533727,361.37459041,
2026-06-11 22:55:00,1781218500,361.37459041,364.44912351,352.89966982,353.25982512,
2026-06-11 22:56:00,1781218560,353.25982512,365.30730657,346.15475973,365.2724071,
2026-06-11 22:57:00,1781218620,365.2724071,365.37027622,357.64412868,358.20823089,
2026-06-11 22:58:00,1781218680,358.20823089,364.85548838,358.20596401,360.53486893,
2026-06-11 22:59:00,1781218740,360.53486893,376.98937213,360.46797919,376.13248018,
2026-06-11 23:00:00,1781218800,376.13248018,396.61547819,375.92806332,395.78789265,
2026-06-11 23:01:00,1781218860,395.78789265,402.85676484,395.23021372,398.09641935,
2026-06-11 23:02:00,1781218920,398.09641935,408.2279684,386.47801104,392.22551328,
2026-06-11 23:03:00,1781218980,392.22551328,420.19854355,391.01398022,404.2717723,
2026-06-11 23:04:00,1781219040,404.2717723,408.03843637,393.91108617,398.46805696,
2026-06-11 23:05:00,1781219100,398.46805696,402.00907518,392.65021592,400.14626257,
2026-06-11 23:06:00,1781219160,400.14626257,405.61376608,398.98317023,403.06818118,
2026-06-11 23:07:00,1781219220,403.06818118,408.13658038,400.56113631,407.35963788,
2026-06-11 23:08:00,1781219280,407.35963788,421.75652143,405.92128069,417.32635592,
2026-06-11 23:09:00,1781219340,417.32635592,423.2569962,416.9409003,420.01523372,
2026-06-11 23:10:00,1781219400,420.01523372,421.51020747,410.08452881,413.63685541,
2026-06-11 23:11:00,1781219460,413.63685541,417.15199492,409.95181339,413.85909923,
2026-06-11 23:12:00,1781219520,413.85909923,414.23022937,396.39130344,397.12611662,
2026-06-11 23:13:00,1781219580,397.12611662,412.1709264,397.12611662,405.7841603,
2026-06-11 23:14:00,1781219640,405.7841603,406.8205168,400.16393532,404.74788198,
2026-06-11 23:15:00,1781219700,404.74788198,411.71449943,398.36900678,398.77236717,
2026-06-11 23:16:00,1781219760,398.77236717,407.61693598,394.15919905,399.52874778,
2026-06-11 23:17:00,1781219820,399.52874778,413.14655177,399.21489517,412.98240896,
2026-06-11 23:18:00,1781219880,412.98240896,417.47823743,409.00741659,411.01619378,
2026-06-11 23:19:00,1781219940,411.01619378,412.41563769,399.35434457,402.42516275,
2026-06-11 23:20:00,1781220000,402.42516275,412.97549656,401.76214976,412.5509149,
2026-06-11 23:21:00,1781220060,412.5509149,414.29021106,409.20678362,414.14892397,
2026-06-11 23:22:00,1781220120,414.14892397,414.14892397,399.17717568,401.14165547,
2026-06-11 23:23:00,1781220180,401.14165547,405.47516014,399.04208128,402.09789837,
2026-06-11 23:24:00,1781220240,402.09789837,417.49315714,402.02565888,414.67074279,
2026-06-11 23:25:00,1781220300,414.67074279,417.65897823,409.28294447,416.75734145,
2026-06-11 23:26:00,1781220360,416.75734145,417.00592804,404.52548649,406.73303606,
2026-06-11 23:27:00,1781220420,406.73303606,419.93159535,402.82090383,419.3858615,
2026-06-11 23:28:00,1781220480,419.3858615,420.02224706,419.32543667,419.35669334,
2026-06-11 23:29:00,1781220540,419.35669334,420.00337222,413.09522699,416.8145509,
2026-06-11 23:30:00,1781220600,416.8145509,416.96001415,404.86817348,408.98747523,
2026-06-11 23:31:00,1781220660,408.98747523,412.02643614,383.47057074,386.31250848,
2026-06-11 23:32:00,1781220720,386.31250848,386.31250848,374.04057112,377.79735026,
2026-06-11 23:33:00,1781220780,377.79735026,387.51651478,364.7866847,364.7866847,
2026-06-11 23:34:00,1781220840,364.7866847,373.44818288,364.67043367,366.16572977,
2026-06-11 23:35:00,1781220900,366.16572977,374.21034881,362.61809258,373.80523749,
2026-06-11 23:36:00,1781220960,373.80523749,376.34615969,364.43002927,370.2760921,
2026-06-11 23:37:00,1781221020,370.2760921,372.87846637,364.81903461,372.128788,
2026-06-11 23:38:00,1781221080,372.128788,375.69650262,365.89992179,367.39039889,
2026-06-11 23:39:00,1781221140,367.39039889,368.51262367,352.95083184,354.48671449,
2026-06-11 23:40:00,1781221200,354.48671449,354.8052809,305.73353407,309.93669295,
2026-06-11 23:41:00,1781221260,309.93669295,314.39296494,307.32487729,314.38856831,
2026-06-11 23:42:00,1781221320,314.38856831,318.63412874,314.35904439,314.55817411,
2026-06-11 23:43:00,1781221380,314.55817411,325.59358183,313.40563325,321.63624865,
2026-06-11 23:44:00,1781221440,321.63624865,324.74977788,321.60809863,323.2518429,
2026-06-11 23:45:00,1781221500,323.2518429,323.35585846,317.92121527,322.95864524,
2026-06-11 23:46:00,1781221560,322.95864524,323.10292138,315.17415172,318.97900115,
2026-06-11 23:47:00,1781221620,318.97900115,329.69272077,314.26372252,329.38675748,
2026-06-11 23:48:00,1781221680,329.38675748,333.18152256,325.99146655,330.92762579,
2026-06-11 23:49:00,1781221740,330.92762579,331.66436938,324.67373812,330.8294939,
2026-06-11 23:50:00,1781221800,330.8294939,338.65398628,330.79870513,335.0674404,
2026-06-11 23:51:00,1781221860,335.0674404,347.99186635,335.03410726,346.25954825,
2026-06-11 23:52:00,1781221920,346.25954825,357.1366,345.79516027,345.82704813,
2026-06-11 23:53:00,1781221980,345.82704813,353.80348392,344.93274568,348.83111639,
2026-06-11 23:54:00,1781222040,348.83111639,349.66279297,317.74882082,320.1885665,
2026-06-11 23:55:00,1781222100,320.1885665,324.84112821,319.10775191,321.71465347,
2026-06-11 23:56:00,1781222160,321.71465347,326.96612302,321.67555958,323.30750429,
2026-06-11 23:57:00,1781222220,323.30750429,331.2785939,319.51742613,322.53351305,
2026-06-11 23:58:00,1781222280,322.53351305,329.88462113,320.25454529,326.13606482,
2026-06-11 23:59:00,1781222340,326.13606482,332.50583908,320.68134807,320.68134807,
2026-06-12 00:00:00,1781222400,320.68134807,342.04066624,320.53000072,326.21763555,
2026-06-12 00:01:00,1781222460,326.21763555,330.7098707,320.682058,326.48964073,
2026-06-12 00:02:00,1781222520,326.48964073,336.9188786,323.91757259,334.03617979,
2026-06-12 00:03:00,1781222580,334.03617979,346.69362738,334.03617979,343.26901495,
2026-06-12 00:04:00,1781222640,343.26901495,343.33265323,329.50545139,330.70685427,
2026-06-12 00:05:00,1781222700,330.70685427,331.81591552,319.95858582,326.07409478,
2026-06-12 00:06:00,1781222760,326.07409478,328.96962885,313.82339828,317.89471471,
2026-06-12 00:07:00,1781222820,317.89471471,317.89471471,268.33252914,273.39088727,
2026-06-12 00:08:00,1781222880,273.39088727,283.83639721,269.68870448,280.68743041,
2026-06-12 00:09:00,1781222940,280.68743041,291.79785887,280.68743041,289.07991688,
2026-06-12 00:10:00,1781223000,289.07991688,289.59321503,281.76695209,289.08682223,
2026-06-12 00:11:00,1781223060,289.08682223,296.86951826,282.09323496,293.72825783,
2026-06-12 00:12:00,1781223120,293.72825783,297.18911922,290.81343815,294.07539004,
2026-06-12 00:13:00,1781223180,294.07539004,298.97957988,288.27062453,289.14107695,
2026-06-12 00:14:00,1781223240,289.14107695,289.57826501,280.83795299,281.24952638,
2026-06-12 00:15:00,1781223300,281.24952638,309.59676474,281.24952638,305.47754575,
2026-06-12 00:16:00,1781223360,305.47754575,318.25951545,298.90963595,315.38293777,
2026-06-12 00:17:00,1781223420,315.38293777,318.07575895,310.7738972,314.06155229,
2026-06-12 00:18:00,1781223480,314.06155229,314.18163087,304.82745665,307.06164572,
2026-06-12 00:19:00,1781223540,307.06164572,307.5408012,300.15211554,305.13018598,
2026-06-12 00:20:00,1781223600,305.13018598,311.96875869,305.13018598,307.98944907,
2026-06-12 00:21:00,1781223660,307.98944907,309.67436167,296.1306403,304.91835673,
2026-06-12 00:22:00,1781223720,304.91835673,319.25897058,299.92934372,313.60375118,
2026-06-12 00:23:00,1781223780,313.60375118,320.26657289,313.60155188,317.80156659,
2026-06-12 00:24:00,1781223840,317.80156659,325.11334922,315.8886799,323.74173006,
2026-06-12 00:25:00,1781223900,323.74173006,323.98654608,311.90764499,312.20087436,
2026-06-12 00:26:00,1781223960,312.20087436,332.94885275,312.0731305,332.94885275,
2026-06-12 00:27:00,1781224020,332.94885275,341.68492993,320.54693429,324.14789495,
2026-06-12 00:28:00,1781224080,324.14789495,324.41273896,313.52751219,314.84895183,
2026-06-12 00:29:00,1781224140,314.84895183,315.1499806,304.30266485,310.39490591,
2026-06-12 00:30:00,1781224200,310.39490591,315.66718847,304.76827008,307.91625223,
2026-06-12 00:31:00,1781224260,307.91625223,326.48129468,307.91625223,318.22795811,
2026-06-12 00:32:00,1781224320,318.22795811,319.5763832,304.31777727,305.56810792,
2026-06-12 00:33:00,1781224380,305.56810792,305.73766964,294.46646493,295.85494833,
2026-06-12 00:34:00,1781224440,295.85494833,313.21237478,289.92661721,306.29601738,
2026-06-12 00:35:00,1781224500,306.29601738,309.33504013,294.70730409,295.18692464,
2026-06-12 00:36:00,1781224560,295.18692464,302.22581355,290.90930475,295.30922102,
2026-06-12 00:37:00,1781224620,295.30922102,295.48050501,288.55579607,290.93939288,
2026-06-12 00:38:00,1781224680,290.93939288,290.96797671,272.8923381,282.61434073,
2026-06-12 00:39:00,1781224740,282.61434073,296.1301512,281.1447889,295.61418437,
2026-06-12 00:40:00,1781224800,295.61418437,301.50965485,288.85094357,290.97928373,
2026-06-12 00:41:00,1781224860,290.97928373,295.81744918,285.01305713,290.38318873,
2026-06-12 00:42:00,1781224920,290.38318873,291.16730245,282.37565257,288.13688786,
2026-06-12 00:43:00,1781224980,288.13688786,297.10073109,286.11579822,296.60578526,
2026-06-12 00:44:00,1781225040,296.60578526,300.62058433,294.07182497,295.91090688,
2026-06-12 00:45:00,1781225100,295.91090688,299.37649085,284.98191142,285.33165317,
2026-06-12 00:46:00,1781225160,285.33165317,291.38915071,283.87371243,288.96116214,
2026-06-12 00:47:00,1781225220,288.96116214,291.00843249,285.13206648,286.60670514,
2026-06-12 00:48:00,1781225280,286.60670514,287.53278991,283.40167876,286.88792012,
2026-06-12 00:49:00,1781225340,286.88792012,287.63931773,282.55529767,285.07964484,
2026-06-12 00:50:00,1781225400,285.07964484,291.8937581,285.03399007,289.31353686,
2026-06-12 00:51:00,1781225460,289.31353686,289.34227541,272.69205328,276.02634679,
2026-06-12 00:52:00,1781225520,276.02634679,281.79064219,275.80204497,278.74699612,
2026-06-12 00:53:00,1781225580,278.74699612,280.59549007,275.63139267,277.18318105,
2026-06-12 00:54:00,1781225640,277.18318105,278.75799989,272.32884607,276.04793921,
2026-06-12 00:55:00,1781225700,276.04793921,279.54120081,273.85916744,275.45596296,
2026-06-12 00:56:00,1781225760,275.45596296,277.70555857,270.02880689,275.03532258,
2026-06-12 00:57:00,1781225820,275.03532258,287.86175818,274.91615342,286.69997979,
2026-06-12 00:58:00,1781225880,286.69997979,297.57155749,283.45083425,296.87235293,
2026-06-12 00:59:00,1781225940,296.87235293,298.8617351,291.30801954,294.36517291,
2026-06-12 01:00:00,1781226000,294.36517291,323.45943113,292.32651599,320.70801595,
2026-06-12 01:01:00,1781226060,320.70801595,334.84279826,320.66759743,334.77637875,
2026-06-12 01:02:00,1781226120,334.77637875,349.42671061,330.05789031,347.90481952,
2026-06-12 01:03:00,1781226180,347.90481952,349.01759447,325.40927149,331.83770884,
2026-06-12 01:04:00,1781226240,331.83770884,340.01882759,330.00948241,334.52693774,
2026-06-12 01:05:00,1781226300,334.52693774,344.87970783,331.43766984,344.80720743,
2026-06-12 01:06:00,1781226360,344.80720743,344.80720743,326.63916095,334.2540975,
2026-06-12 01:07:00,1781226420,334.2540975,336.9980181,327.47722848,334.2007013,
2026-06-12 01:08:00,1781226480,334.2007013,339.16547718,332.55344939,336.35242497,
2026-06-12 01:09:00,1781226540,336.35242497,336.76994615,318.68210788,332.53121464,
2026-06-12 01:10:00,1781226600,332.53121464,335.88197779,326.59944418,332.13652508,
2026-06-12 01:11:00,1781226660,332.13652508,341.12984831,326.00435216,338.89280098,
2026-06-12 01:12:00,1781226720,338.89280098,342.17168636,336.28271765,337.11513171,
2026-06-12 01:13:00,1781226780,337.11513171,344.48533172,336.83597344,338.73996185,
2026-06-12 01:14:00,1781226840,338.73996185,345.56679215,333.52254148,339.79098513,
2026-06-12 01:15:00,1781226900,339.79098513,347.64437167,338.17486748,346.33181103,
2026-06-12 01:16:00,1781226960,346.33181103,347.73404971,322.41497391,323.162928,
2026-06-12 01:17:00,1781227020,323.162928,349.57656285,323.16069265,340.77968165,
2026-06-12 01:18:00,1781227080,340.77968165,347.00990944,336.02735013,347.00762553,
2026-06-12 01:19:00,1781227140,347.00762553,359.94082195,346.90844667,359.63111134,
2026-06-12 01:20:00,1781227200,359.63111134,367.59716655,356.93396793,362.57568113,
2026-06-12 01:21:00,1781227260,362.57568113,364.17171277,351.60516008,353.45359399,
2026-06-12 01:22:00,1781227320,353.45359399,369.10050094,353.4512967,369.02899987,
2026-06-12 01:23:00,1781227380,369.02899987,373.17206869,361.55399349,371.68952144,
2026-06-12 01:24:00,1781227440,371.68952144,371.7069735,365.38730576,369.38007263,
2026-06-12 01:25:00,1781227500,369.38007263,374.92694769,364.16619344,370.84404121,
2026-06-12 01:26:00,1781227560,370.84404121,390.76217384,370.6356698,389.32174657,
2026-06-12 01:27:00,1781227620,389.32174657,404.7225754,386.09472193,390.31849754,
2026-06-12 01:28:00,1781227680,390.31849754,405.91377816,382.26436381,386.29665761,
2026-06-12 01:29:00,1781227740,386.29665761,387.80779938,380.3520586,385.21781736,
2026-06-12 01:30:00,1781227800,385.21781736,387.44834961,369.659062,369.83188744,
2026-06-12 01:31:00,1781227860,369.83188744,386.08511845,369.51616431,381.88704509,
2026-06-12 01:32:00,1781227920,381.88704509,382.75409221,367.77424583,372.42997449,
2026-06-12 01:33:00,1781227980,372.42997449,379.99281399,367.49071497,375.34551696,
2026-06-12 01:34:00,1781228040,375.34551696,388.87475609,371.63063211,388.72960221,
2026-06-12 01:35:00,1781228100,388.72960221,406.46020754,385.27181953,403.11794639,
2026-06-12 01:36:00,1781228160,403.11794639,406.97871641,397.20619169,406.5088432,
2026-06-12 01:37:00,1781228220,406.5088432,406.5088432,397.08275598,398.47299221,
2026-06-12 01:38:00,1781228280,398.47299221,400.43361292,390.74749459,391.22023385,
2026-06-12 01:39:00,1781228340,391.22023385,399.40297899,381.48185303,383.71318026,
2026-06-12 01:40:00,1781228400,383.71318026,394.63424531,383.2511246,393.89227528,
2026-06-12 01:41:00,1781228460,393.89227528,394.46711111,385.88837241,390.09019505,
2026-06-12 01:42:00,1781228520,390.09019505,390.73315592,377.91897848,377.91897848,
2026-06-12 01:43:00,1781228580,377.91897848,378.15950096,365.82912984,372.00524503,
2026-06-12 01:44:00,1781228640,372.00524503,386.91487337,369.10564274,386.62250487,
2026-06-12 01:45:00,1781228700,386.62250487,386.76242949,359.96191653,372.59231228,
2026-06-12 01:46:00,1781228760,372.59231228,374.49633667,362.1763709,369.21237486,
2026-06-12 01:47:00,1781228820,369.21237486,373.33974746,360.84722228,371.85617417,
2026-06-12 01:48:00,1781228880,371.85617417,375.61357101,359.82546686,362.73785757,
2026-06-12 01:49:00,1781228940,362.73785757,365.0284479,354.33370404,358.2525969,
2026-06-12 01:50:00,1781229000,358.2525969,371.07814191,358.18068602,367.98522773,
2026-06-12 01:51:00,1781229060,367.98522773,372.20281712,356.45567159,361.38225395,
2026-06-12 01:52:00,1781229120,361.38225395,366.98095465,359.89991063,364.06051989,
2026-06-12 01:53:00,1781229180,364.06051989,367.70801312,362.28187191,362.74836267,
2026-06-12 01:54:00,1781229240,362.74836267,366.61683161,350.02518106,351.32519352,
2026-06-12 01:55:00,1781229300,351.32519352,370.05165799,350.97735098,365.58863205,
2026-06-12 01:56:00,1781229360,365.58863205,372.78026238,361.90356577,372.78026238,
2026-06-12 01:57:00,1781229420,372.78026238,376.80164242,368.5111475,370.38792127,
2026-06-12 01:58:00,1781229480,370.38792127,370.38792127,361.64999985,361.88623838,
2026-06-12 01:59:00,1781229540,361.88623838,364.44698665,357.38987413,357.95583796,
2026-06-12 02:00:00,1781229600,357.95583796,358.32824325,349.47692512,355.00431385,
2026-06-12 02:01:00,1781229660,355.00431385,355.90020624,344.14134388,346.74037023,
2026-06-12 02:02:00,1781229720,346.74037023,349.05874135,335.52845878,335.56074626,
2026-06-12 02:03:00,1781229780,335.56074626,345.14704215,335.41243394,345.01292703,
2026-06-12 02:04:00,1781229840,345.01292703,345.74991311,339.50365036,342.7082586,
2026-06-12 02:05:00,1781229900,342.7082586,344.46453107,334.37534754,334.37534754,
2026-06-12 02:06:00,1781229960,334.37534754,334.90594405,328.49182391,328.68297532,
2026-06-12 02:07:00,1781230020,328.68297532,330.589038,316.7044343,319.27858175,
2026-06-12 02:08:00,1781230080,319.27858175,328.20007552,319.27858175,323.44348133,
2026-06-12 02:09:00,1781230140,323.44348133,325.62023793,283.06895897,286.11384344,
2026-06-12 02:10:00,1781230200,286.11384344,286.60271639,249.92764325,267.92913301,
2026-06-12 02:11:00,1781230260,267.92913301,283.91654666,266.1391889,279.38052707,
2026-06-12 02:12:00,1781230320,279.38052707,284.86585978,276.59751297,279.14061782,
2026-06-12 02:13:00,1781230380,279.14061782,286.89526357,269.18725336,282.84840758,
2026-06-12 02:14:00,1781230440,282.84840758,287.59245802,282.84620531,284.66223217,
2026-06-12 02:15:00,1781230500,284.66223217,286.43883493,275.80308861,286.20921788,
2026-06-12 02:16:00,1781230560,286.20921788,297.14503016,284.96787664,291.38541192,
2026-06-12 02:17:00,1781230620,291.38541192,301.06087134,291.38541192,299.71249794,
2026-06-12 02:18:00,1781230680,299.71249794,307.8543065,299.68058381,302.3846551,
2026-06-12 02:19:00,1781230740,302.3846551,302.73005814,289.66468915,290.88000867,
2026-06-12 02:20:00,1781230800,290.88000867,299.78978979,289.45288585,293.3239473,
2026-06-12 02:21:00,1781230860,293.3239473,301.82051778,293.10966087,298.33646977,
2026-06-12 02:22:00,1781230920,298.33646977,298.33646977,285.18257985,294.22465628,
2026-06-12 02:23:00,1781230980,294.22465628,296.93054653,287.37804205,292.60084767,
2026-06-12 02:24:00,1781231040,292.60084767,292.87685792,281.2188091,290.67286212,
2026-06-12 02:25:00,1781231100,290.67286212,305.58083641,290.67286212,303.32877564,
2026-06-12 02:26:00,1781231160,303.32877564,309.27106418,300.7276815,308.87343335,
2026-06-12 02:27:00,1781231220,308.87343335,315.83247895,308.53146998,312.75466488,
2026-06-12 02:28:00,1781231280,312.75466488,324.11142566,311.8934119,318.74879377,
2026-06-12 02:29:00,1781231340,318.74879377,322.61732557,314.24581062,314.40000104,
2026-06-12 02:30:00,1781231400,314.40000104,316.76480233,304.57987801,306.69284809,
2026-06-12 02:31:00,1781231460,306.69284809,309.24934156,301.06858221,308.40611307,
2026-06-12 02:32:00,1781231520,308.40611307,310.48410929,304.71037144,306.67249193,
2026-06-12 02:33:00,1781231580,306.67249193,318.31522588,301.74429729,317.02300571,
2026-06-12 02:34:00,1781231640,317.02300571,333.45960417,316.4929772,328.03727782,
2026-06-12 02:35:00,1781231700,328.03727782,329.18306723,318.6855505,325.11983505,
2026-06-12 02:36:00,1781231760,325.11983505,327.56330855,307.05272456,307.05272456,
2026-06-12 02:37:00,1781231820,307.05272456,307.62725863,298.61585642,300.29684533,
2026-06-12 02:38:00,1781231880,300.29684533,305.14780418,293.86004513,302.16597111,
2026-06-12 02:39:00,1781231940,302.16597111,307.98916476,295.72874681,295.72874681,
2026-06-12 02:40:00,1781232000,295.72874681,302.14369188,285.37220365,297.86236352,
2026-06-12 02:41:00,1781232060,297.86236352,304.76862043,296.76329665,304.28563062,
2026-06-12 02:42:00,1781232120,304.28563062,307.12666406,301.69075518,302.85755718,
2026-06-12 02:43:00,1781232180,302.85755718,303.84573956,300.42886878,300.78863923,
2026-06-12 02:44:00,1781232240,300.78863923,300.81405141,287.1220874,287.71929753,
2026-06-12 02:45:00,1781232300,287.71929753,299.84334373,287.42279639,299.24236605,
2026-06-12 02:46:00,1781232360,299.24236605,302.04527702,297.91064184,298.39664383,
2026-06-12 02:47:00,1781232420,298.39664383,298.54297808,289.50386602,294.66474498,
2026-06-12 02:48:00,1781232480,294.66474498,303.90484308,292.52669234,299.33619263,
2026-06-12 02:49:00,1781232540,299.33619263,301.59084172,294.35211448,294.64216859,
2026-06-12 02:50:00,1781232600,294.64216859,303.26522657,293.28351567,299.48431111,
2026-06-12 02:51:00,1781232660,299.48431111,305.05040978,293.33659436,301.78747596,
2026-06-12 02:52:00,1781232720,301.78747596,302.5226546,296.82659538,296.82659538,
2026-06-12 02:53:00,1781232780,296.82659538,302.86464476,296.61638971,299.72119064,
2026-06-12 02:54:00,1781232840,299.72119064,299.72119064,292.23123001,292.34291691,
2026-06-12 02:55:00,1781232900,292.34291691,296.13086923,291.73963955,291.94296725,
2026-06-12 02:56:00,1781232960,291.94296725,292.0159012,289.60051767,289.90462359,
2026-06-12 02:57:00,1781233020,289.90462359,294.64592662,289.62779871,292.37411966,
2026-06-12 02:58:00,1781233080,292.37411966,300.63625203,289.15782299,289.33336281,
2026-06-12 02:59:00,1781233140,289.33336281,289.36077763,275.05034883,279.00403399,
2026-06-12 03:00:00,1781233200,279.00403399,279.60105674,274.04811391,275.31722436,
2026-06-12 03:01:00,1781233260,275.31722436,282.07668838,269.08582938,280.35883699,
2026-06-12 03:02:00,1781233320,280.35883699,287.64527093,278.59316238,286.86248697,
2026-06-12 03:03:00,1781233380,286.86248697,289.10024604,279.91882757,287.27975424,
2026-06-12 03:04:00,1781233440,287.27975424,289.06313373,281.62043518,288.73380932,
2026-06-12 03:05:00,1781233500,288.73380932,295.44447093,288.73380932,294.15166052,
2026-06-12 03:06:00,1781233560,294.15166052,294.24212746,286.806994,288.88969525,
2026-06-12 03:07:00,1781233620,288.88969525,291.61263556,282.17471873,290.61916867,
2026-06-12 03:08:00,1781233680,290.61916867,296.86389657,289.61344449,293.55854289,
2026-06-12 03:09:00,1781233740,293.55854289,296.21354576,283.39175301,284.91700411,
2026-06-12 03:10:00,1781233800,284.91700411,293.13663925,284.91700411,293.07428812,
2026-06-12 03:11:00,1781233860,293.07428812,295.89976039,289.06909363,292.78198742,
2026-06-12 03:12:00,1781233920,292.78198742,302.18674419,291.15225926,296.7925732,
2026-06-12 03:13:00,1781233980,296.7925732,310.13436816,296.7925732,306.79884215,
2026-06-12 03:14:00,1781234040,306.79884215,307.3827712,301.39232295,301.7660071,
2026-06-12 03:15:00,1781234100,301.7660071,308.80545726,301.16770456,306.4925707,
2026-06-12 03:16:00,1781234160,306.4925707,312.37763684,302.08900154,304.37980651,
2026-06-12 03:17:00,1781234220,304.37980651,310.18758095,302.06153982,307.64523226,
2026-06-12 03:18:00,1781234280,307.64523226,311.42987557,304.87963005,306.06494638,
2026-06-12 03:19:00,1781234340,306.06494638,311.69999154,306.06494638,310.58312273,
2026-06-12 03:20:00,1781234400,310.58312273,322.17867254,309.58644811,318.60371411,
2026-06-12 03:21:00,1781234460,318.60371411,326.78827104,312.82936123,325.67748493,
2026-06-12 03:22:00,1781234520,325.67748493,331.65700557,318.19016682,331.65700557,
2026-06-12 03:23:00,1781234580,331.65700557,338.13613451,331.17119405,332.47094421,
2026-06-12 03:24:00,1781234640,332.47094421,334.94655356,325.6795723,328.74966203,
2026-06-12 03:25:00,1781234700,328.74966203,352.82284655,328.74966203,341.21773894,
2026-06-12 03:26:00,1781234760,341.21773894,341.21773894,328.84727692,328.97783786,
2026-06-12 03:27:00,1781234820,328.97783786,338.10514158,327.49219933,335.08097376,
2026-06-12 03:28:00,1781234880,335.08097376,335.08097376,318.63840009,318.73583946,
2026-06-12 03:29:00,1781234940,318.73583946,324.70041026,318.73583946,324.03881818,
2026-06-12 03:30:00,1781235000,324.03881818,324.4639481,311.80929214,323.65297697,
2026-06-12 03:31:00,1781235060,323.65297697,323.78181345,299.86038794,309.00932472,
2026-06-12 03:32:00,1781235120,309.00932472,323.63668316,309.00932472,315.10475005,
2026-06-12 03:33:00,1781235180,315.10475005,318.09104392,309.84511644,313.05300661,
2026-06-12 03:34:00,1781235240,313.05300661,317.30387464,300.33382894,300.86925314,
2026-06-12 03:35:00,1781235300,300.86925314,313.15842875,294.72324698,310.07653437,
2026-06-12 03:36:00,1781235360,310.07653437,317.17377565,308.4914001,314.66286362,
2026-06-12 03:37:00,1781235420,314.66286362,314.66286362,304.95210304,306.30472566,
2026-06-12 03:38:00,1781235480,306.30472566,314.91611768,306.27324756,310.88942065,
2026-06-12 03:39:00,1781235540,310.88942065,316.72713663,310.75992509,316.63046495,
2026-06-12 03:40:00,1781235600,316.63046495,319.29244003,311.69940369,316.09898344,
2026-06-12 03:41:00,1781235660,316.09898344,320.37626057,307.95854243,314.70343745,
2026-06-12 03:42:00,1781235720,314.70343745,324.31384177,312.74405148,319.87612711,
2026-06-12 03:43:00,1781235780,319.87612711,322.41531286,317.20117684,320.17344674,
2026-06-12 03:44:00,1781235840,320.17344674,320.17344674,311.28112939,314.01970893,
2026-06-12 03:45:00,1781235900,314.01970893,320.86704862,308.98892166,317.25472836,
2026-06-12 03:46:00,1781235960,317.25472836,318.63525182,307.75225125,307.87620086,
2026-06-12 03:47:00,1781236020,307.87620086,310.44774566,303.10475042,307.3124312,
2026-06-12 03:48:00,1781236080,307.3124312,311.59922397,296.78355199,305.14945413,
2026-06-12 03:49:00,1781236140,305.14945413,319.42248401,301.4590454,317.79348196,
2026-06-12 03:50:00,1781236200,317.79348196,317.79348196,306.29277997,310.20189162,
2026-06-12 03:51:00,1781236260,310.20189162,310.26712895,302.01957307,305.71728426,
2026-06-12 03:52:00,1781236320,305.71728426,306.20846617,299.61122515,304.47637758,
2026-06-12 03:53:00,1781236380,304.47637758,305.41520985,298.59967356,299.08598391,
2026-06-12 03:54:00,1781236440,299.08598391,301.75245713,295.74954356,300.19211235,
2026-06-12 03:55:00,1781236500,300.19211235,300.27470168,292.70627276,296.62094712,
2026-06-12 03:56:00,1781236560,296.62094712,300.43728485,296.62094712,298.28296659,
2026-06-12 03:57:00,1781236620,298.28296659,298.31394405,292.33402034,295.03977668,
2026-06-12 03:58:00,1781236680,295.03977668,299.34506924,294.83316295,298.13815168,
2026-06-12 03:59:00,1781236740,298.13815168,298.13815168,292.14523419,293.9178925,
2026-06-12 04:00:00,1781236800,293.9178925,296.34416249,291.13166704,295.59348635,
2026-06-12 04:01:00,1781236860,295.59348635,309.0234299,295.58927732,299.99736666,
2026-06-12 04:02:00,1781236920,299.99736666,306.18397213,299.4055822,302.06699108,
2026-06-12 04:03:00,1781236980,302.06699108,302.59869915,291.11500608,296.74732448,
2026-06-12 04:04:00,1781237040,296.74732448,306.38939076,293.46902056,293.58972582,
2026-06-12 04:05:00,1781237100,293.58972582,300.9124825,292.79018667,299.88657684,
2026-06-12 04:06:00,1781237160,299.88657684,314.16286865,299.62128298,314.0634182,
2026-06-12 04:07:00,1781237220,314.0634182,322.12191897,313.80445116,314.33596262,
2026-06-12 04:08:00,1781237280,314.33596262,314.33596262,292.95942461,296.74159996,
2026-06-12 04:09:00,1781237340,296.74159996,305.00717062,295.59657555,303.28902784,
2026-06-12 04:10:00,1781237400,303.28902784,303.8375306,298.77714953,299.77328111,
2026-06-12 04:11:00,1781237460,299.77328111,299.77328111,277.27550123,284.83692161,
2026-06-12 04:12:00,1781237520,284.83692161,292.40256588,284.8346877,289.51820253,
2026-06-12 04:13:00,1781237580,289.51820253,308.55656855,289.4832439,303.35118496,
2026-06-12 04:14:00,1781237640,303.35118496,305.98875927,293.69239729,297.43564874,
2026-06-12 04:15:00,1781237700,297.43564874,297.43564874,276.27505357,279.68446774,
2026-06-12 04:16:00,1781237760,279.68446774,282.47274954,241.55952218,246.5371529,
2026-06-12 04:17:00,1781237820,246.5371529,256.43202142,232.37340804,255.6820418,
2026-06-12 04:18:00,1781237880,255.6820418,260.22590376,247.103622,255.95078771,
2026-06-12 04:19:00,1781237940,255.95078771,257.13089786,250.71692193,251.78791578,
2026-06-12 04:20:00,1781238000,251.78791578,262.06336809,251.78791578,258.3924965,
2026-06-12 04:21:00,1781238060,258.3924965,258.3924965,250.05343968,250.95060528,
2026-06-12 04:22:00,1781238120,250.95060528,256.72437192,240.88454229,241.69300931,
2026-06-12 04:23:00,1781238180,241.69300931,242.87010973,226.0988866,239.02461103,
2026-06-12 04:24:00,1781238240,239.02461103,242.74754689,232.58013824,236.07538903,
2026-06-12 04:25:00,1781238300,236.07538903,240.15280277,236.07538903,238.97423523,
2026-06-12 04:26:00,1781238360,238.97423523,240.83210785,223.27843652,223.32596689,
2026-06-12 04:27:00,1781238420,223.32596689,231.28078491,221.86718195,228.1658213,
2026-06-12 04:28:00,1781238480,228.1658213,229.99025818,222.07569552,225.42095057,
2026-06-12 04:29:00,1781238540,225.42095057,227.91946348,219.78938165,222.12370546,
2026-06-12 04:30:00,1781238600,222.12370546,231.59892727,222.12370546,230.01952479,
2026-06-12 04:31:00,1781238660,230.01952479,230.01952479,204.7819394,222.6938679,
2026-06-12 04:32:00,1781238720,222.6938679,234.18826957,218.1807242,227.66387403,
2026-06-12 04:33:00,1781238780,227.66387403,233.82306056,215.18971988,233.82306056,
2026-06-12 04:34:00,1781238840,233.82306056,244.48386672,233.45488197,234.23297013,
2026-06-12 04:35:00,1781238900,234.23297013,239.72545386,231.78093058,237.55685653,
2026-06-12 04:36:00,1781238960,237.55685653,241.43439401,234.48419801,241.10025005,
2026-06-12 04:37:00,1781239020,241.10025005,242.52769101,235.72224407,240.04393669,
2026-06-12 04:38:00,1781239080,240.04393669,247.85185745,239.83244259,245.54781978,
2026-06-12 04:39:00,1781239140,245.54781978,245.99400042,233.96138946,239.11469117,
2026-06-12 04:40:00,1781239200,239.11469117,245.7353426,238.61509451,241.60194942,
2026-06-12 04:41:00,1781239260,241.60194942,250.47595243,241.60194942,245.48054344,
2026-06-12 04:42:00,1781239320,245.48054344,251.49376296,245.12182902,246.12706514,
2026-06-12 04:43:00,1781239380,246.12706514,246.48152913,239.08218631,244.05892427,
2026-06-12 04:44:00,1781239440,244.05892427,244.14374352,238.03227008,242.46079517,
2026-06-12 04:45:00,1781239500,242.46079517,242.55297807,233.06559165,240.44069546,
2026-06-12 04:46:00,1781239560,240.44069546,244.20457041,236.44887736,240.20585776,
2026-06-12 04:47:00,1781239620,240.20585776,247.91242267,239.75862789,243.98708922,
2026-06-12 04:48:00,1781239680,243.98708922,245.53632898,241.89843218,242.644546,
2026-06-12 04:49:00,1781239740,242.644546,246.10656836,242.5390722,243.83120909,
2026-06-12 04:50:00,1781239800,243.83120909,246.1099162,238.05963485,243.5965965,
2026-06-12 04:51:00,1781239860,243.5965965,244.73033856,238.28677074,238.33665928,
2026-06-12 04:52:00,1781239920,238.33665928,239.62172118,237.47365628,238.31664194,
2026-06-12 04:53:00,1781239980,238.31664194,246.19818156,236.50398888,245.79786628,
2026-06-12 04:54:00,1781240040,245.79786628,246.61962778,245.09100511,246.55958936,
2026-06-12 04:55:00,1781240100,246.55958936,247.35623477,240.89891781,247.32503136,
2026-06-12 04:56:00,1781240160,247.32503136,249.2312995,243.90986884,244.7486288,
2026-06-12 04:57:00,1781240220,244.7486288,244.78103107,240.7672673,243.27862442,
2026-06-12 04:58:00,1781240280,243.27862442,247.33887006,243.27862442,246.85230316,
2026-06-12 04:59:00,1781240340,246.85230316,250.33594698,244.4090614,247.15932313,
2026-06-12 05:00:00,1781240400,247.15932313,251.21406373,239.84145368,249.48576709,
2026-06-12 05:01:00,1781240460,249.48576709,263.54617187,249.45656459,253.72785465,
2026-06-12 05:02:00,1781240520,253.72785465,268.84144878,253.72562744,266.27077333,
2026-06-12 05:03:00,1781240580,266.27077333,267.06141801,259.42127371,259.72157854,
2026-06-12 05:04:00,1781240640,259.72157854,265.15993945,254.93186075,263.07314415,
2026-06-12 05:05:00,1781240700,263.07314415,264.03796966,258.82549011,262.29447107,
2026-06-12 05:06:00,1781240760,262.29447107,264.07053368,255.42963835,256.91734661,
2026-06-12 05:07:00,1781240820,256.91734661,266.48563149,254.21895269,266.18331925,
2026-06-12 05:08:00,1781240880,266.18331925,279.25430561,265.98140078,273.15112364,
2026-06-12 05:09:00,1781240940,273.15112364,275.8020512,269.11612406,270.01604364,
2026-06-12 05:10:00,1781241000,270.01604364,283.91284189,270.01604364,278.50138726,
2026-06-12 05:11:00,1781241060,278.50138726,309.29059853,277.77443414,309.29059853,
2026-06-12 05:12:00,1781241120,309.29059853,325.45494512,305.8651936,310.63756668,
2026-06-12 05:13:00,1781241180,310.63756668,320.81172502,310.63756668,317.76668278,
2026-06-12 05:14:00,1781241240,317.76668278,318.01850456,307.88011032,316.71966591,
2026-06-12 05:15:00,1781241300,316.71966591,317.20432152,302.00521865,303.55990858,
2026-06-12 05:16:00,1781241360,303.55990858,303.98772694,293.67235144,297.40361334,
2026-06-12 05:17:00,1781241420,297.40361334,299.80600512,291.61761066,293.56621006,
2026-06-12 05:18:00,1781241480,293.56621006,295.17648795,288.50987572,290.10436179,
2026-06-12 05:19:00,1781241540,290.10436179,292.047956,288.03291021,291.41447544,
2026-06-12 05:20:00,1781241600,291.41447544,298.9854345,290.4908065,296.65306083,
2026-06-12 05:21:00,1781241660,296.65306083,302.53289127,296.58399064,299.14306127,
2026-06-12 05:22:00,1781241720,299.14306127,307.92620216,293.71053874,306.93706822,
2026-06-12 05:23:00,1781241780,306.93706822,306.93706822,297.3974303,306.52658196,
2026-06-12 05:24:00,1781241840,306.52658196,315.01449211,301.82303338,302.55326435,
2026-06-12 05:25:00,1781241900,302.55326435,305.10154645,297.92559786,298.08183212,
2026-06-12 05:26:00,1781241960,298.08183212,303.52656741,296.81538768,303.31449725,
2026-06-12 05:27:00,1781242020,303.31449725,305.77163439,297.5589092,303.81364196,
2026-06-12 05:28:00,1781242080,303.81364196,305.94086469,298.77637691,301.32638288,
2026-06-12 05:29:00,1781242140,301.32638288,302.49252532,296.38893099,298.96606116,
2026-06-12 05:30:00,1781242200,298.96606116,304.63423454,295.8774235,297.39389997,
2026-06-12 05:31:00,1781242260,297.39389997,305.18638714,294.27055889,295.22810301,
2026-06-12 05:32:00,1781242320,295.22810301,312.29463003,294.51112148,311.41139635,
2026-06-12 05:33:00,1781242380,311.41139635,318.41394908,302.8010279,311.27441053,
2026-06-12 05:34:00,1781242440,311.27441053,312.7723543,303.77488812,306.82601622,
2026-06-12 05:35:00,1781242500,306.82601622,313.09185641,304.27352901,308.95378576,
2026-06-12 05:36:00,1781242560,308.95378576,325.29207621,307.66046426,323.24269889,
2026-06-12 05:37:00,1781242620,323.24269889,335.94538465,317.09669432,329.38630752,
2026-06-12 05:38:00,1781242680,329.38630752,337.78319674,323.90428574,336.54220044,
2026-06-12 05:39:00,1781242740,336.54220044,348.50497977,329.99711787,330.29073647,
2026-06-12 05:40:00,1781242800,330.29073647,339.35767532,327.80036551,335.712389,
2026-06-12 05:41:00,1781242860,335.712389,342.43267143,329.91533364,332.08253181,
2026-06-12 05:42:00,1781242920,332.08253181,335.38465961,327.37904287,327.45230894,
2026-06-12 05:43:00,1781242980,327.45230894,331.65068821,320.31431737,329.29208023,
2026-06-12 05:44:00,1781243040,329.29208023,331.48041193,325.56348958,326.39699257,
2026-06-12 05:45:00,1781243100,326.39699257,326.39699257,321.44775124,323.2646577,
2026-06-12 05:46:00,1781243160,323.2646577,335.07169684,323.25012498,334.64611721,
2026-06-12 05:47:00,1781243220,334.64611721,343.96777943,331.6121384,334.28235026,
2026-06-12 05:48:00,1781243280,334.28235026,339.43251321,333.93476894,335.84139494,
2026-06-12 05:49:00,1781243340,335.84139494,339.06099981,321.09399929,321.12477922,
2026-06-12 05:50:00,1781243400,321.12477922,357.31321009,320.47828075,357.31321009,
2026-06-12 05:51:00,1781243460,357.31321009,357.6220873,335.68975977,336.85772631,
2026-06-12 05:52:00,1781243520,336.85772631,353.69566167,329.17008356,353.05243898,
2026-06-12 05:53:00,1781243580,353.05243898,354.88773734,339.4365961,340.77404449,
2026-06-12 05:54:00,1781243640,340.77404449,340.77404449,330.66622576,335.02142456,
2026-06-12 05:55:00,1781243700,335.02142456,337.99500574,331.30234189,333.11723651,
2026-06-12 05:56:00,1781243760,333.11723651,336.76958732,328.87728906,333.00098669,
2026-06-12 05:57:00,1781243820,333.00098669,336.25313185,323.76211823,325.59582387,
2026-06-12 05:58:00,1781243880,325.59582387,332.24361146,325.08941586,331.15314499,
2026-06-12 05:59:00,1781243940,331.15314499,343.96877492,331.05156425,341.56331647,
2026-06-12 06:00:00,1781244000,341.56331647,350.05358353,333.18414366,335.27919303,
2026-06-12 06:01:00,1781244060,335.27919303,346.24276819,331.80075457,340.2825366,
2026-06-12 06:02:00,1781244120,340.2825366,344.15849888,326.37627091,329.02313127,
2026-06-12 06:03:00,1781244180,329.02313127,337.52099392,323.57359153,323.57359153,
2026-06-12 06:04:00,1781244240,323.57359153,331.925272,322.30902511,325.69756726,
2026-06-12 06:05:00,1781244300,325.69756726,327.67713291,318.94622554,322.86674061,
2026-06-12 06:06:00,1781244360,322.86674061,328.36575211,319.14397308,326.41193289,
2026-06-12 06:07:00,1781244420,326.41193289,336.45805901,325.44340465,333.42667512,
2026-06-12 06:08:00,1781244480,333.42667512,342.00147568,322.28387275,330.05730289,
2026-06-12 06:09:00,1781244540,330.05730289,353.67114653,327.82124444,349.85869536,
2026-06-12 06:10:00,1781244600,349.85869536,365.71214889,345.95884885,345.95884885,
2026-06-12 06:11:00,1781244660,345.95884885,353.60304466,339.09883406,347.07284736,
2026-06-12 06:12:00,1781244720,347.07284736,361.05137564,346.99496425,355.95420881,
2026-06-12 06:13:00,1781244780,355.95420881,360.18176103,351.30543808,358.67262278,
2026-06-12 06:14:00,1781244840,358.67262278,364.30652009,355.27489209,356.39017294,
2026-06-12 06:15:00,1781244900,356.39017294,390.17287502,355.56406687,389.33290503,
2026-06-12 06:16:00,1781244960,389.33290503,411.80546105,389.06590988,408.25235765,
2026-06-12 06:17:00,1781245020,408.25235765,414.36979207,401.95566359,411.26775911,
2026-06-12 06:18:00,1781245080,411.26775911,411.34699539,393.4495658,395.30030053,
2026-06-12 06:19:00,1781245140,395.30030053,411.73176164,394.39955922,408.9190615,
2026-06-12 06:20:00,1781245200,408.9190615,413.196585,403.42410194,411.56960693,
2026-06-12 06:21:00,1781245260,411.56960693,437.36858325,407.76558453,408.98077296,
2026-06-12 06:22:00,1781245320,408.98077296,418.98502682,405.67357833,409.83454593,
2026-06-12 06:23:00,1781245380,409.83454593,410.97764713,401.98421302,404.04505813,
2026-06-12 06:24:00,1781245440,404.04505813,404.78935296,394.89555933,401.36764807,
2026-06-12 06:25:00,1781245500,401.36764807,407.89453353,397.41692072,405.27656077,
2026-06-12 06:26:00,1781245560,405.27656077,419.41449124,400.01560245,404.40608454,
2026-06-12 06:27:00,1781245620,404.40608454,415.60235427,401.57099415,411.81098249,
2026-06-12 06:28:00,1781245680,411.81098249,414.5070022,406.63387784,412.79835413,
2026-06-12 06:29:00,1781245740,412.79835413,419.12191909,412.79572454,417.59476489,
2026-06-12 06:30:00,1781245800,417.59476489,443.39936338,417.59476489,435.29203697,
2026-06-12 06:31:00,1781245860,435.29203697,463.72627532,435.2100245,460.77231015,
2026-06-12 06:32:00,1781245920,460.77231015,463.22222193,447.02886463,452.34302585,
2026-06-12 06:33:00,1781245980,452.34302585,533.57829553,451.83598259,529.90255861,
2026-06-12 06:34:00,1781246040,529.90255861,538.46722139,497.56117203,512.34438117,
2026-06-12 06:35:00,1781246100,512.34438117,514.80361224,493.26842827,507.8391894,
2026-06-12 06:36:00,1781246160,507.8391894,526.20459033,501.37856165,517.83473618,
2026-06-12 06:37:00,1781246220,517.83473618,537.55788183,510.34969193,536.18243569,
2026-06-12 06:38:00,1781246280,536.18243569,558.81496472,534.95342273,551.30269989,
2026-06-12 06:39:00,1781246340,551.30269989,551.34802301,503.00327212,503.827412,
2026-06-12 06:40:00,1781246400,503.827412,515.15876674,496.90808609,500.92083355,
2026-06-12 06:41:00,1781246460,500.92083355,527.74959717,500.68146698,507.29471725,
2026-06-12 06:42:00,1781246520,507.29471725,517.57163283,502.07335751,510.09077341,
2026-06-12 06:43:00,1781246580,510.09077341,517.47774171,498.33159699,513.62115346,
2026-06-12 06:44:00,1781246640,513.62115346,518.66061915,504.10521884,513.08649982,
2026-06-12 06:45:00,1781246700,513.08649982,517.62498257,487.01535551,490.93534111,
2026-06-12 06:46:00,1781246760,490.93534111,495.8287999,482.85242467,485.31754887,
2026-06-12 06:47:00,1781246820,485.31754887,485.31754887,474.5798572,474.92585467,
2026-06-12 06:48:00,1781246880,474.92585467,491.33071144,474.92585467,481.25731439,
2026-06-12 06:49:00,1781246940,481.25731439,501.26424695,481.19820531,489.87704764,
2026-06-12 06:50:00,1781247000,489.87704764,502.38904112,481.06264058,502.19977828,
2026-06-12 06:51:00,1781247060,502.19977828,512.03826418,495.93893386,504.35973055,
2026-06-12 06:52:00,1781247120,504.35973055,507.22288469,488.93133347,495.4066155,
2026-06-12 06:53:00,1781247180,495.4066155,502.46844693,488.77940589,501.60175406,
2026-06-12 06:54:00,1781247240,501.60175406,503.99923425,491.98974942,497.54585531,
2026-06-12 06:55:00,1781247300,497.54585531,506.08651839,497.54311529,505.9420401,
2026-06-12 06:56:00,1781247360,505.9420401,508.67920323,491.22563434,492.70006372,
2026-06-12 06:57:00,1781247420,492.70006372,492.74466117,484.01966394,484.40860643,
2026-06-12 06:58:00,1781247480,484.40860643,489.6529675,472.03290409,484.80687692,
2026-06-12 06:59:00,1781247540,484.80687692,495.85762896,484.06284241,490.51172993,
2026-06-12 07:00:00,1781247600,490.51172993,490.86194533,457.61513703,461.47150946,
2026-06-12 07:01:00,1781247660,461.47150946,463.56451741,444.13654846,449.5330162,
2026-06-12 07:02:00,1781247720,449.5330162,451.16325497,441.38403357,449.5883593,
2026-06-12 07:03:00,1781247780,449.5883593,457.06380356,444.40525683,444.44704709,
2026-06-12 07:04:00,1781247840,444.44704709,445.77764636,435.14195508,438.26402058,
2026-06-12 07:05:00,1781247900,438.26402058,440.83099833,428.56833697,430.24027399,
2026-06-12 07:06:00,1781247960,430.24027399,436.8977169,426.52817794,432.14142583,
2026-06-12 07:07:00,1781248020,432.14142583,457.76468489,432.14142583,447.76567672,
2026-06-12 07:08:00,1781248080,447.76567672,448.4372234,434.65233063,435.02226362,
2026-06-12 07:09:00,1781248140,435.02226362,441.69137405,434.10836982,441.51330202,
2026-06-12 07:10:00,1781248200,441.51330202,447.00631399,439.99677726,443.076526,
2026-06-12 07:11:00,1781248260,443.076526,458.21116632,432.87247828,456.91541647,
2026-06-12 07:12:00,1781248320,456.91541647,462.79794531,444.94111092,452.3448867,
2026-06-12 07:13:00,1781248380,452.3448867,469.10447895,449.15201604,467.80711089,
2026-06-12 07:14:00,1781248440,467.80711089,484.00903824,457.86635078,482.35746274,
2026-06-12 07:15:00,1781248500,482.35746274,482.86221563,471.46940413,479.68357101,
2026-06-12 07:16:00,1781248560,479.68357101,497.18843806,466.86985251,470.904267,
2026-06-12 07:17:00,1781248620,470.904267,486.48721983,467.59757874,467.86617243,
2026-06-12 07:18:00,1781248680,467.86617243,467.86617243,438.19202401,452.41367449,
2026-06-12 07:19:00,1781248740,452.41367449,466.76946597,447.70917415,459.99093176,
2026-06-12 07:20:00,1781248800,459.99093176,461.36507961,442.36636311,442.36636311,
2026-06-12 07:21:00,1781248860,442.36636311,473.43412521,439.01439902,458.12168936,
2026-06-12 07:22:00,1781248920,458.12168936,479.46476211,457.73158031,476.89347446,
2026-06-12 07:23:00,1781248980,476.89347446,478.9037694,458.87543274,458.9621587,
2026-06-12 07:24:00,1781249040,458.9621587,458.9621587,448.39417919,451.99210445,
2026-06-12 07:25:00,1781249100,451.99210445,467.79468223,451.71249182,462.23961104,
2026-06-12 07:26:00,1781249160,462.23961104,464.17227052,456.50101056,458.68583205,
2026-06-12 07:27:00,1781249220,458.68583205,468.37013161,458.66979305,462.72916707,
2026-06-12 07:28:00,1781249280,462.72916707,469.7742723,457.57467336,457.86674145,
2026-06-12 07:29:00,1781249340,457.86674145,461.7101307,451.45949559,458.09801836,
2026-06-12 07:30:00,1781249400,458.09801836,463.47166492,451.57856748,451.91818878,
2026-06-12 07:31:00,1781249460,451.91818878,456.63718412,446.62554975,446.92023556,
2026-06-12 07:32:00,1781249520,446.92023556,464.63285295,446.74333031,455.05428608,
2026-06-12 07:33:00,1781249580,455.05428608,468.96167458,453.58949883,457.36789486,
2026-06-12 07:34:00,1781249640,457.36789486,471.25918301,446.14805293,471.25918301,
2026-06-12 07:35:00,1781249700,471.25918301,472.31565175,450.52062524,456.84862716,
2026-06-12 07:36:00,1781249760,456.84862716,470.37840466,456.18770805,465.46093594,
2026-06-12 07:37:00,1781249820,465.46093594,482.42169241,460.19330516,479.66370836,
2026-06-12 07:38:00,1781249880,479.66370836,487.59186216,464.36826308,464.36826308,
2026-06-12 07:39:00,1781249940,464.36826308,465.59881548,436.38396904,437.47276931,
2026-06-12 07:40:00,1781250000,437.47276931,445.12546793,426.77552978,436.63210864,
2026-06-12 07:41:00,1781250060,436.63210864,438.06310587,430.69288863,431.01379352,
2026-06-12 07:42:00,1781250120,431.01379352,440.04685257,429.77355054,430.9240285,
2026-06-12 07:43:00,1781250180,430.9240285,440.79153159,430.9240285,440.74953299,
2026-06-12 07:44:00,1781250240,440.74953299,458.93333252,434.20117537,458.67845055,
2026-06-12 07:45:00,1781250300,458.67845055,467.23543151,458.67845055,466.06473213,
2026-06-12 07:46:00,1781250360,466.06473213,481.87462093,465.50772871,468.2312479,
2026-06-12 07:47:00,1781250420,468.2312479,474.77737432,455.08026389,456.60196291,
2026-06-12 07:48:00,1781250480,456.60196291,458.99478007,444.23290273,446.62221748,
2026-06-12 07:49:00,1781250540,446.62221748,446.62221748,435.36693277,435.74636353,
2026-06-12 07:50:00,1781250600,435.74636353,445.50126205,435.57384175,443.01194554,
2026-06-12 07:51:00,1781250660,443.01194554,444.68593412,441.69990123,441.9786241,
2026-06-12 07:52:00,1781250720,441.9786241,446.21609384,435.14348185,435.89901762,
2026-06-12 07:53:00,1781250780,435.89901762,438.85619895,432.61626805,433.60629174,
2026-06-12 07:54:00,1781250840,433.60629174,433.60629174,428.3436806,428.81437105,
2026-06-12 07:55:00,1781250900,428.81437105,429.6722529,406.69593091,407.65509393,
2026-06-12 07:56:00,1781250960,407.65509393,407.73901653,333.08918461,354.67079471,
2026-06-12 07:57:00,1781251020,354.67079471,365.40846476,332.43699566,356.11025733,
2026-06-12 07:58:00,1781251080,356.11025733,361.42349051,347.5278541,347.5278541,
2026-06-12 07:59:00,1781251140,347.5278541,356.8005344,346.10509108,353.89069346,
2026-06-12 08:00:00,1781251200,353.89069346,355.46722506,342.67540838,347.1304707,
2026-06-12 08:01:00,1781251260,347.1304707,349.6587975,334.80133153,339.2835338,
2026-06-12 08:02:00,1781251320,339.2835338,343.16405774,316.70514596,324.41533486,
2026-06-12 08:03:00,1781251380,324.41533486,343.00546065,324.1523484,332.04599788,
2026-06-12 08:04:00,1781251440,332.04599788,342.93181917,324.76184326,341.0976743,
2026-06-12 08:05:00,1781251500,341.0976743,344.12495931,319.1375093,322.43462909,
2026-06-12 08:06:00,1781251560,322.43462909,322.43462909,303.19841035,308.61981899,
2026-06-12 08:07:00,1781251620,308.61981899,309.87615532,295.36280711,298.77228648,
2026-06-12 08:08:00,1781251680,298.77228648,299.93488899,289.33675915,290.16248039,
2026-06-12 08:09:00,1781251740,290.16248039,295.0873957,288.63462791,293.63017158,
2026-06-12 08:10:00,1781251800,293.63017158,294.63459006,275.28620624,287.15087105,
2026-06-12 08:11:00,1781251860,287.15087105,295.01380096,281.27188092,286.20554698,
2026-06-12 08:12:00,1781251920,286.20554698,286.20554698,278.44725196,279.68875504,
2026-06-12 08:13:00,1781251980,279.68875504,285.7642399,269.45997571,278.44589911,
2026-06-12 08:14:00,1781252040,278.44589911,287.50974752,278.4367785,287.40762014,
2026-06-12 08:15:00,1781252100,287.40762014,291.40152019,283.47645618,284.05618426,
2026-06-12 08:16:00,1781252160,284.05618426,286.11656598,253.18417511,255.20043325,
2026-06-12 08:17:00,1781252220,255.20043325,266.17188209,245.57542734,257.22364729,
2026-06-12 08:18:00,1781252280,257.22364729,259.60639245,236.34340162,239.60244333,
2026-06-12 08:19:00,1781252340,239.60244333,246.84774989,235.21825277,240.20775758,
2026-06-12 08:20:00,1781252400,240.20775758,245.88299643,238.32795317,239.57647602,
2026-06-12 08:21:00,1781252460,239.57647602,240.02614655,203.99382901,211.79239967,
2026-06-12 08:22:00,1781252520,211.79239967,217.60489963,196.49770491,215.34256578,
2026-06-12 08:23:00,1781252580,215.34256578,233.77282908,215.34256578,228.58315713,
2026-06-12 08:24:00,1781252640,228.58315713,233.58290378,220.05573654,233.58290378,
2026-06-12 08:25:00,1781252700,233.58290378,238.84747518,231.33536207,235.21222716,
2026-06-12 08:26:00,1781252760,235.21222716,240.69206153,233.83798375,239.42216127,
2026-06-12 08:27:00,1781252820,239.42216127,239.45414994,223.41904069,230.3477604,
2026-06-12 08:28:00,1781252880,230.3477604,234.78175807,221.2281381,223.85266643,
2026-06-12 08:29:00,1781252940,223.85266643,230.25787877,222.2130933,226.19366332,
2026-06-12 08:30:00,1781253000,226.19366332,236.73628018,222.64026419,236.43995685,
2026-06-12 08:31:00,1781253060,236.43995685,241.38552159,231.80486849,239.72458681,
2026-06-12 08:32:00,1781253120,239.72458681,244.89170534,237.0726189,239.65860685,
2026-06-12 08:33:00,1781253180,239.65860685,241.26282427,225.67903997,228.33132325,
2026-06-12 08:34:00,1781253240,228.33132325,237.85712997,225.58453328,237.61800849,
2026-06-12 08:35:00,1781253300,237.61800849,251.57660712,237.35452197,246.8231409,
2026-06-12 08:36:00,1781253360,246.8231409,247.80125252,241.70065087,242.34914076,
2026-06-12 08:37:00,1781253420,242.34914076,251.65719764,242.34914076,246.12020571,
2026-06-12 08:38:00,1781253480,246.12020571,248.45483108,235.12968957,235.54066591,
2026-06-12 08:39:00,1781253540,235.54066591,236.12511462,226.35382318,228.35868232,
2026-06-12 08:40:00,1781253600,228.35868232,246.71779282,227.75618307,245.04383864,
2026-06-12 08:41:00,1781253660,245.04383864,249.81694265,239.71734904,248.7340564,
2026-06-12 08:42:00,1781253720,248.7340564,260.09170801,246.87645269,256.11746386,
2026-06-12 08:43:00,1781253780,256.11746386,258.63480258,255.25751784,257.63861171,
2026-06-12 08:44:00,1781253840,257.63861171,260.28291911,255.63026962,255.83174619,
2026-06-12 08:45:00,1781253900,255.83174619,265.66305723,255.30059477,265.40328596,
2026-06-12 08:46:00,1781253960,265.40328596,267.98209647,245.05556926,245.05556926,
2026-06-12 08:47:00,1781254020,245.05556926,248.95980391,233.22258603,243.67734668,
2026-06-12 08:48:00,1781254080,243.67734668,244.960857,234.87160238,238.46077488,
2026-06-12 08:49:00,1781254140,238.46077488,246.50135849,237.20890026,244.64008368,
2026-06-12 08:50:00,1781254200,244.64008368,248.74075537,243.00971026,244.81035957,
2026-06-12 08:51:00,1781254260,244.81035957,249.01464015,237.1685004,243.77605633,
2026-06-12 08:52:00,1781254320,243.77605633,243.77605633,228.91826709,232.41148822,
2026-06-12 08:53:00,1781254380,232.41148822,234.34949747,227.05184971,230.00745046,
2026-06-12 08:54:00,1781254440,230.00745046,236.54909433,229.97796128,233.79001137,
2026-06-12 08:55:00,1781254500,233.79001137,235.15613591,229.29889276,231.69480061,
2026-06-12 08:56:00,1781254560,231.69480061,235.21504386,224.63841145,227.57565789,
2026-06-12 08:57:00,1781254620,227.57565789,229.1187974,226.53028348,228.38498523,
2026-06-12 08:58:00,1781254680,228.38498523,231.70585977,226.30707712,231.01375015,
2026-06-12 08:59:00,1781254740,231.01375015,231.5146094,225.54638058,230.41514225,
2026-06-12 09:00:00,1781254800,230.41514225,235.53468316,230.03658667,232.49394714,
2026-06-12 09:01:00,1781254860,232.49394714,232.72880076,223.9181214,225.77914104,
2026-06-12 09:02:00,1781254920,225.77914104,227.01118806,214.74824584,218.46664093,
2026-06-12 09:03:00,1781254980,218.46664093,237.57309867,218.46448178,236.67656715,
2026-06-12 09:04:00,1781255040,236.67656715,240.98040768,235.6920497,239.72818774,
2026-06-12 09:05:00,1781255100,239.72818774,239.84821479,222.22140785,233.49807776,
2026-06-12 09:06:00,1781255160,233.49807776,233.49807776,222.68719519,225.0737198,
2026-06-12 09:07:00,1781255220,225.0737198,225.35847747,205.87599752,208.96776325,
2026-06-12 09:08:00,1781255280,208.96776325,226.74555015,207.90588597,223.16256434,
2026-06-12 09:09:00,1781255340,223.16256434,223.16256434,212.19108144,215.32791658,
2026-06-12 09:10:00,1781255400,215.32791658,223.92440105,215.32791658,219.1264799,
2026-06-12 09:11:00,1781255460,219.1264799,219.15240978,206.39937848,208.61134154,
2026-06-12 09:12:00,1781255520,208.61134154,214.06436191,206.80999782,214.06436191,
2026-06-12 09:13:00,1781255580,214.06436191,216.73028986,208.63506858,208.77102524,
2026-06-12 09:14:00,1781255640,208.77102524,208.92381262,195.03335523,199.0182581,
2026-06-12 09:15:00,1781255700,199.0182581,203.46438814,195.68704537,197.2725661,
2026-06-12 09:16:00,1781255760,197.2725661,204.33016847,190.00864636,191.01226334,
2026-06-12 09:17:00,1781255820,191.01226334,204.57611211,188.57416584,200.79328093,
2026-06-12 09:18:00,1781255880,200.79328093,203.34138302,197.03640579,201.56945223,
2026-06-12 09:19:00,1781255940,201.56945223,201.61448356,192.66262092,194.19398842,
2026-06-12 09:20:00,1781256000,194.19398842,194.85217584,184.12595374,192.27880046,
2026-06-12 09:21:00,1781256060,192.27880046,193.70012483,168.06983553,168.80462162,
2026-06-12 09:22:00,1781256120,168.80462162,182.73315619,162.11145646,178.66057478,
2026-06-12 09:23:00,1781256180,178.66057478,180.91893895,175.89773063,180.30315719,
2026-06-12 09:24:00,1781256240,180.30315719,180.33885991,174.01688975,177.35479348,
2026-06-12 09:25:00,1781256300,177.35479348,178.38834266,170.71588785,170.8045612,
2026-06-12 09:26:00,1781256360,170.8045612,172.81692357,164.73755858,164.73755858,
2026-06-12 09:27:00,1781256420,164.73755858,165.09531524,155.31565945,161.35641452,
2026-06-12 09:28:00,1781256480,161.35641452,163.20491412,149.87654767,154.50258789,
2026-06-12 09:29:00,1781256540,154.50258789,158.8345045,150.00365808,155.77754455,
2026-06-12 09:30:00,1781256600,155.77754455,157.15493088,149.24552919,149.24552919,
2026-06-12 09:31:00,1781256660,149.24552919,154.49023801,148.31671654,149.96645051,
2026-06-12 09:32:00,1781256720,149.96645051,149.98732193,126.02560422,131.13790861,
2026-06-12 09:33:00,1781256780,131.13790861,134.69825484,125.94919184,129.64620953,
2026-06-12 09:34:00,1781256840,129.64620953,134.90840185,121.09210617,131.30226707,
2026-06-12 09:35:00,1781256900,131.30226707,142.02041675,130.89048576,133.63453125,
2026-06-12 09:36:00,1781256960,133.63453125,142.3217644,131.93649139,141.76411843,
2026-06-12 09:37:00,1781257020,141.76411843,144.61946228,138.8104724,143.8385879,
2026-06-12 09:38:00,1781257080,143.8385879,145.76050755,139.99041165,144.75487295,
2026-06-12 09:39:00,1781257140,144.75487295,147.73901894,142.16984815,145.10411358,
2026-06-12 09:40:00,1781257200,145.10411358,146.87378256,138.56562669,142.56446535,
2026-06-12 09:41:00,1781257260,142.56446535,151.54958835,142.56446535,151.21236701,
2026-06-12 09:42:00,1781257320,151.21236701,151.43567491,140.64527368,143.02746819,
2026-06-12 09:43:00,1781257380,143.02746819,143.02746819,138.14064583,140.67154697,
2026-06-12 09:44:00,1781257440,140.67154697,141.96534137,136.28842575,141.90659571,
2026-06-12 09:45:00,1781257500,141.90659571,154.28641056,138.79043894,140.8619198,
2026-06-12 09:46:00,1781257560,140.8619198,145.87255066,140.29797571,145.85066472,
2026-06-12 09:47:00,1781257620,145.85066472,145.85066472,133.78872578,138.11764021,
2026-06-12 09:48:00,1781257680,138.11764021,155.00477227,136.50259507,152.73987402,
2026-06-12 09:49:00,1781257740,152.73987402,154.61988586,151.39577002,153.8112679,
2026-06-12 09:50:00,1781257800,153.8112679,153.87739989,147.93601606,148.69513856,
2026-06-12 09:51:00,1781257860,148.69513856,160.41402364,148.69319133,157.41377386,
2026-06-12 09:52:00,1781257920,157.41377386,163.53882895,157.41377386,160.99029543,
2026-06-12 09:53:00,1781257980,160.99029543,163.86734353,158.44266384,162.27959787,
2026-06-12 09:54:00,1781258040,162.27959787,164.46382795,158.73639229,164.46382795,
2026-06-12 09:55:00,1781258100,164.46382795,165.84392606,150.88994342,154.33005011,
2026-06-12 09:56:00,1781258160,154.33005011,163.10697033,152.21489016,163.10697033,
2026-06-12 09:57:00,1781258220,163.10697033,163.4624246,159.62634413,160.80741795,
2026-06-12 09:58:00,1781258280,160.80741795,165.00157001,158.45238094,164.61838699,
2026-06-12 09:59:00,1781258340,164.61838699,174.70178756,164.4823319,172.51671005,
2026-06-12 10:00:00,1781258400,172.51671005,187.53019108,172.51461418,182.35191756,
2026-06-12 10:01:00,1781258460,182.35191756,182.58679725,177.50047583,178.08171817,
2026-06-12 10:02:00,1781258520,178.08171817,178.08171817,170.21187639,173.47839809,
2026-06-12 10:03:00,1781258580,173.47839809,183.81307672,172.32875786,178.13624111,
2026-06-12 10:04:00,1781258640,178.13624111,178.94796302,172.8259427,178.14803206,
2026-06-12 10:05:00,1781258700,178.14803206,183.26444064,178.14803206,182.17231611,
2026-06-12 10:06:00,1781258760,182.17231611,182.48036638,175.8431103,176.06326641,
2026-06-12 10:07:00,1781258820,176.06326641,176.66373015,167.93385854,167.93385854,
2026-06-12 10:08:00,1781258880,167.93385854,169.87619057,165.19448582,165.56340658,
2026-06-12 10:09:00,1781258940,165.56340658,170.99085882,148.77081436,148.77081436,
2026-06-12 10:10:00,1781259000,148.77081436,159.40695139,142.41401901,156.2245282,
2026-06-12 10:11:00,1781259060,156.2245282,173.66320569,155.01287032,165.30603658,
2026-06-12 10:12:00,1781259120,165.30603658,172.56329759,165.24946373,170.43993859,
2026-06-12 10:13:00,1781259180,170.43993859,171.02239975,159.03324783,162.20937017,
2026-06-12 10:14:00,1781259240,162.20937017,164.39966358,159.41069405,159.43241987,
2026-06-12 10:15:00,1781259300,159.43241987,172.07023316,159.28235412,165.63638441,
2026-06-12 10:16:00,1781259360,165.63638441,165.63638441,159.16597996,163.10964911,
2026-06-12 10:17:00,1781259420,163.10964911,164.74017592,155.32634933,158.67513148,
2026-06-12 10:18:00,1781259480,158.67513148,165.38486489,155.27086218,164.58823699,
2026-06-12 10:19:00,1781259540,164.58823699,164.710858,159.14420448,159.30849144,
2026-06-12 10:20:00,1781259600,159.30849144,165.13510953,158.43470862,164.19489188,
2026-06-12 10:21:00,1781259660,164.19489188,164.33503724,158.71073516,159.47563096,
2026-06-12 10:22:00,1781259720,159.47563096,164.02092653,157.35251716,157.75815182,
2026-06-12 10:23:00,1781259780,157.75815182,160.56021108,156.13793953,157.55489418,
2026-06-12 10:24:00,1781259840,157.55489418,157.88405994,150.79658503,150.91962599,
2026-06-12 10:25:00,1781259900,150.91962599,190.17882093,148.52764278,187.12691414,
2026-06-12 10:26:00,1781259960,187.12691414,195.76314443,185.10113301,195.76314443,
2026-06-12 10:27:00,1781260020,195.76314443,200.37904071,191.47515594,197.17827352,
2026-06-12 10:28:00,1781260080,197.17827352,197.87067583,192.14983333,194.46153408,
2026-06-12 10:29:00,1781260140,194.46153408,201.87988164,191.81349598,193.91063685,
2026-06-12 10:30:00,1781260200,193.91063685,194.53434629,176.86708832,186.84115334,
2026-06-12 10:31:00,1781260260,186.84115334,189.61542893,181.90233712,185.53137116,
2026-06-12 10:32:00,1781260320,185.53137116,189.37657244,172.56466318,172.56466318,
2026-06-12 10:33:00,1781260380,172.56466318,180.47147578,167.1803527,176.92213644,
2026-06-12 10:34:00,1781260440,176.92213644,176.92213644,164.45711161,164.99153567,
2026-06-12 10:35:00,1781260500,164.99153567,171.4321591,160.54362858,169.42125392,
2026-06-12 10:36:00,1781260560,169.42125392,174.97576866,158.83985099,160.24735659,
2026-06-12 10:37:00,1781260620,160.24735659,170.32497975,160.24735659,164.0081767,
2026-06-12 10:38:00,1781260680,164.0081767,167.03860429,162.83479597,164.30473172,
2026-06-12 10:39:00,1781260740,164.30473172,175.38239768,159.9704369,172.56387777,
2026-06-12 10:40:00,1781260800,172.56387777,177.90695336,167.36881031,170.80964028,
2026-06-12 10:41:00,1781260860,170.80964028,179.39485591,168.14725012,178.88868045,
2026-06-12 10:42:00,1781260920,178.88868045,181.86706589,176.0517672,176.561262,
2026-06-12 10:43:00,1781260980,176.561262,182.01994579,176.537637,181.49848135,
2026-06-12 10:44:00,1781261040,181.49848135,181.76204693,174.99106299,175.273069,
2026-06-12 10:45:00,1781261100,175.273069,180.23429838,173.71311043,173.7343324,
2026-06-12 10:46:00,1781261160,173.7343324,175.81663083,171.07005881,174.23484486,
2026-06-12 10:47:00,1781261220,174.23484486,180.66789463,173.4365985,173.50441201,
2026-06-12 10:48:00,1781261280,173.50441201,173.57224661,160.70207096,164.09662431,
2026-06-12 10:49:00,1781261340,164.09662431,170.93570339,162.51077559,166.21113711,
2026-06-12 10:50:00,1781261400,166.21113711,169.25100071,163.72760959,165.85286625,
2026-06-12 10:51:00,1781261460,165.85286625,171.07979738,165.75641563,170.62032124,
2026-06-12 10:52:00,1781261520,170.62032124,175.22878534,168.80293931,169.40367082,
2026-06-12 10:53:00,1781261580,169.40367082,169.99893044,165.23816148,169.00998069,
2026-06-12 10:54:00,1781261640,169.00998069,172.24102838,165.18888316,172.14504296,
2026-06-12 10:55:00,1781261700,172.14504296,176.53384732,168.17559271,168.676596,
2026-06-12 10:56:00,1781261760,168.676596,171.30571964,165.18429265,170.7054976,
2026-06-12 10:57:00,1781261820,170.7054976,181.98659911,170.70337283,171.30773776,
2026-06-12 10:58:00,1781261880,171.30773776,174.53188821,161.54041401,168.39285212,
2026-06-12 10:59:00,1781261940,168.39285212,173.44734635,166.4150183,172.18805371,
2026-06-12 11:00:00,1781262000,172.18805371,175.59106207,167.91150743,175.4557496,
2026-06-12 11:01:00,1781262060,175.4557496,175.746021,165.06654765,165.06654765,
2026-06-12 11:02:00,1781262120,165.06654765,171.13404681,150.42547967,152.53275046,
2026-06-12 11:03:00,1781262180,152.53275046,154.03898563,135.02415506,139.14928416,
2026-06-12 11:04:00,1781262240,139.14928416,154.60740601,136.91582283,147.33547381,
2026-06-12 11:05:00,1781262300,147.33547381,150.70952323,132.33104113,135.91474158,
2026-06-12 11:06:00,1781262360,135.91474158,146.46954285,132.11790214,146.36542195,
2026-06-12 11:07:00,1781262420,146.36542195,147.54551273,140.09031999,145.55129698,
2026-06-12 11:08:00,1781262480,145.55129698,149.84883063,143.2743921,149.84883063,
2026-06-12 11:09:00,1781262540,149.84883063,159.53863809,149.77210749,158.33321513,
2026-06-12 11:10:00,1781262600,158.33321513,160.49275092,155.25177964,160.49275092,
2026-06-12 11:11:00,1781262660,160.49275092,161.46955529,153.84696021,154.32682171,
2026-06-12 11:12:00,1781262720,154.32682171,154.32682171,143.86081587,145.84806665,
2026-06-12 11:13:00,1781262780,145.84806665,146.70039408,137.6907472,142.53425954,
2026-06-12 11:14:00,1781262840,142.53425954,144.36232044,140.41058461,143.82626171,
2026-06-12 11:15:00,1781262900,143.82626171,144.35260785,139.19543875,141.39306558,
2026-06-12 11:16:00,1781262960,141.39306558,149.64139482,141.33134772,144.2351331,
2026-06-12 11:17:00,1781263020,144.2351331,151.7298972,144.18993863,150.71077166,
2026-06-12 11:18:00,1781263080,150.71077166,159.76788312,149.1594262,154.51331501,
2026-06-12 11:19:00,1781263140,154.51331501,158.52689416,154.46856115,154.6209554,
2026-06-12 11:20:00,1781263200,154.6209554,155.52972987,143.77905273,148.74325405,
2026-06-12 11:21:00,1781263260,148.74325405,150.36936915,144.42946555,144.80893863,
2026-06-12 11:22:00,1781263320,144.80893863,146.09091608,140.25780604,141.07815301,
2026-06-12 11:23:00,1781263380,141.07815301,144.71912222,137.55407324,138.45874493,
2026-06-12 11:24:00,1781263440,138.45874493,143.60566443,134.29663429,136.31455289,
2026-06-12 11:25:00,1781263500,136.31455289,140.57322582,133.15585856,138.83056068,
2026-06-12 11:26:00,1781263560,138.83056068,143.89641368,137.7572132,143.45829615,
2026-06-12 11:27:00,1781263620,143.45829615,145.4352293,143.16645558,145.43320753,
2026-06-12 11:28:00,1781263680,145.43320753,145.94042719,138.69981232,139.14914565,
2026-06-12 11:29:00,1781263740,139.14914565,145.91143753,138.85696836,145.70557453,
2026-06-12 11:30:00,1781263800,145.70557453,157.01284082,145.57483497,152.26661588,
2026-06-12 11:31:00,1781263860,152.26661588,156.48677454,144.47643646,153.9996994,
2026-06-12 11:32:00,1781263920,153.9996994,164.44579387,149.15342927,163.15527582,
2026-06-12 11:33:00,1781263980,163.15527582,165.23225165,158.06411804,161.29278943,
2026-06-12 11:34:00,1781264040,161.29278943,162.09334093,156.34300693,160.08398192,
2026-06-12 11:35:00,1781264100,160.08398192,174.66535069,158.19259791,168.90532381,
2026-06-12 11:36:00,1781264160,168.90532381,170.0293759,165.50861219,166.96353929,
2026-06-12 11:37:00,1781264220,166.96353929,171.3644156,165.55961691,169.58682053,
2026-06-12 11:38:00,1781264280,169.58682053,173.16190669,164.83847629,169.72402289,
2026-06-12 11:39:00,1781264340,169.72402289,172.67434938,165.94986625,171.4080893,
2026-06-12 11:40:00,1781264400,171.4080893,171.89501165,162.25763205,163.14882564,
2026-06-12 11:41:00,1781264460,163.14882564,165.61457116,145.4301233,151.1399291,
2026-06-12 11:42:00,1781264520,151.1399291,154.71242931,149.17109612,151.59195992,
2026-06-12 11:43:00,1781264580,151.59195992,154.41747365,146.79854257,148.29795808,
2026-06-12 11:44:00,1781264640,148.29795808,150.06561903,147.17727462,147.72528896,
2026-06-12 11:45:00,1781264700,147.72528896,147.74601392,129.57748058,134.04929014,
2026-06-12 11:46:00,1781264760,134.04929014,141.58250076,134.04929014,139.4225837,
2026-06-12 11:47:00,1781264820,139.4225837,150.09445729,139.4225837,141.35409741,
2026-06-12 11:48:00,1781264880,141.35409741,143.07795795,138.32396716,140.65149759,
2026-06-12 11:49:00,1781264940,140.65149759,145.83945601,140.41271446,145.21314057,
2026-06-12 11:50:00,1781265000,145.21314057,146.39323267,142.90235052,144.53360383,
2026-06-12 11:51:00,1781265060,144.53360383,149.9179857,143.69985701,146.40624864,
2026-06-12 11:52:00,1781265120,146.40624864,146.40624864,143.31926595,143.67247562,
2026-06-12 11:53:00,1781265180,143.67247562,147.6138038,139.57353208,140.11228862,
2026-06-12 11:54:00,1781265240,140.11228862,141.23763583,139.68960383,140.12808638,
2026-06-12 11:55:00,1781265300,140.12808638,145.74326139,137.47507002,139.57278084,
2026-06-12 11:56:00,1781265360,139.57278084,148.77069914,139.57278084,144.08983327,
2026-06-12 11:57:00,1781265420,144.08983327,148.05835675,144.02694069,148.05835675,
2026-06-12 11:58:00,1781265480,148.05835675,153.49734471,146.95559703,149.21167663,
2026-06-12 11:59:00,1781265540,149.21167663,157.02665553,149.10988403,156.39883749,
2026-06-12 12:00:00,1781265600,156.39883749,179.08811505,156.39670961,177.86225162,
2026-06-12 12:01:00,1781265660,177.86225162,183.12710294,159.32550752,168.40944017,
2026-06-12 12:02:00,1781265720,168.40944017,172.35287664,154.89636053,157.57983802,
2026-06-12 12:03:00,1781265780,157.57983802,157.57983802,149.58293169,156.99677691,
2026-06-12 12:04:00,1781265840,156.99677691,179.44575499,156.64016737,174.71965262,
2026-06-12 12:05:00,1781265900,174.71965262,175.76511254,168.73667785,173.49199424,
2026-06-12 12:06:00,1781265960,173.49199424,180.93811216,165.94229492,176.63695098,
2026-06-12 12:07:00,1781266020,176.63695098,178.0093762,171.71718112,176.76716828,
2026-06-12 12:08:00,1781266080,176.76716828,177.08199216,167.48310317,169.28584646,
2026-06-12 12:09:00,1781266140,169.28584646,173.19487312,167.22907121,171.75334319,
2026-06-12 12:10:00,1781266200,171.75334319,171.87040441,161.63025465,163.40680436,
2026-06-12 12:11:00,1781266260,163.40680436,175.92398961,163.40680436,172.95377622,
2026-06-12 12:12:00,1781266320,172.95377622,181.68451591,172.95377622,181.65758108,
2026-06-12 12:13:00,1781266380,181.65758108,181.65758108,174.99374801,176.90367925,
2026-06-12 12:14:00,1781266440,176.90367925,181.13669355,175.76073996,177.98056567,
2026-06-12 12:15:00,1781266500,177.98056567,179.59186947,170.13227658,178.52411443,
2026-06-12 12:16:00,1781266560,178.52411443,182.21314271,170.17551312,172.54293235,
2026-06-12 12:17:00,1781266620,172.54293235,177.18043797,170.63069546,171.12767199,
2026-06-12 12:18:00,1781266680,171.12767199,174.02959896,169.2624105,173.21011688,
2026-06-12 12:19:00,1781266740,173.21011688,173.65855357,163.42176156,173.61062017,
2026-06-12 12:20:00,1781266800,173.61062017,185.5942252,170.04237784,185.41546884,
2026-06-12 12:21:00,1781266860,185.41546884,193.27349322,180.92055161,192.87698026,
2026-06-12 12:22:00,1781266920,192.87698026,192.87698026,177.63003061,180.58061887,
2026-06-12 12:23:00,1781266980,180.58061887,187.09249709,178.06488122,183.6162458,
2026-06-12 12:24:00,1781267040,183.6162458,193.49845227,183.61169595,193.33960294,
2026-06-12 12:25:00,1781267100,193.33960294,201.16144182,192.01717768,195.964983,
2026-06-12 12:26:00,1781267160,195.964983,198.58171114,195.03639809,198.57936442,
2026-06-12 12:27:00,1781267220,198.57936442,211.95935048,198.47996458,205.69105587,
2026-06-12 12:28:00,1781267280,205.69105587,213.9488801,201.51175846,208.16668022,
2026-06-12 12:29:00,1781267340,208.16668022,216.46555268,208.16668022,216.18206403,
2026-06-12 12:30:00,1781267400,216.18206403,220.03054199,201.90894812,204.54126596,
2026-06-12 12:31:00,1781267460,204.54126596,208.68511022,198.53614299,207.82232051,
2026-06-12 12:32:00,1781267520,207.82232051,207.82232051,198.77756297,203.50281117,
2026-06-12 12:33:00,1781267580,203.50281117,204.68781411,196.19655833,199.74634906,
2026-06-12 12:34:00,1781267640,199.74634906,202.89357774,192.14543546,196.97931234,
2026-06-12 12:35:00,1781267700,196.97931234,206.37762104,192.61974334,206.06582141,
2026-06-12 12:36:00,1781267760,206.06582141,212.26170494,205.24103094,211.95575501,
2026-06-12 12:37:00,1781267820,211.95575501,212.03672818,202.89986788,209.21736529,
2026-06-12 12:38:00,1781267880,209.21736529,225.00148681,209.02031199,225.00148681,
2026-06-12 12:39:00,1781267940,225.00148681,244.03030279,225.00148681,237.70097383,
2026-06-12 12:40:00,1781268000,237.70097383,248.2413923,235.10636,236.68310756,
2026-06-12 12:41:00,1781268060,236.68310756,243.06312755,229.60742047,230.53318691,
2026-06-12 12:42:00,1781268120,230.53318691,236.88376733,225.51398308,226.2080509,
2026-06-12 12:43:00,1781268180,226.2080509,228.39720706,217.38067393,218.44342462,
2026-06-12 12:44:00,1781268240,218.44342462,245.19523062,215.91887944,233.12613675,
2026-06-12 12:45:00,1781268300,233.12613675,240.75135659,227.50724583,229.55853993,
2026-06-12 12:46:00,1781268360,229.55853993,230.32645739,212.65846324,216.9361624,
2026-06-12 12:47:00,1781268420,216.9361624,222.95701776,210.71569281,213.724849,
2026-06-12 12:48:00,1781268480,213.724849,221.01171018,203.89580724,205.74435253,
2026-06-12 12:49:00,1781268540,205.74435253,210.1632515,199.27256271,210.1632515,
2026-06-12 12:50:00,1781268600,210.1632515,213.88379033,195.74062785,207.94750953,
2026-06-12 12:51:00,1781268660,207.94750953,217.66096297,205.84287008,211.60376416,
2026-06-12 12:52:00,1781268720,211.60376416,211.67972848,193.07503142,194.78021073,
2026-06-12 12:53:00,1781268780,194.78021073,203.31955205,194.78021073,203.15090612,
2026-06-12 12:54:00,1781268840,203.15090612,223.80405835,203.14851292,220.6167991,
2026-06-12 12:55:00,1781268900,220.6167991,238.99339714,213.79466908,222.62153949,
2026-06-12 12:56:00,1781268960,222.62153949,228.10297751,216.66186941,221.94292762,
2026-06-12 12:57:00,1781269020,221.94292762,222.14677586,208.71584338,210.32784229,
2026-06-12 12:58:00,1781269080,210.32784229,213.92906313,207.09209415,209.0078219,
2026-06-12 12:59:00,1781269140,209.0078219,211.62074151,199.36286819,210.25472997,
2026-06-12 13:00:00,1781269200,210.25472997,214.36213454,200.53818874,214.1846886,
2026-06-12 13:01:00,1781269260,214.1846886,220.86282409,212.39100877,217.28360553,
2026-06-12 13:02:00,1781269320,217.28360553,228.13326394,208.64752822,209.06434971,
2026-06-12 13:03:00,1781269380,209.06434971,220.24739749,208.91816134,213.48397609,
2026-06-12 13:04:00,1781269440,213.48397609,219.54185302,213.30779279,218.79779861,
2026-06-12 13:05:00,1781269500,218.79779861,220.05787647,210.63284693,212.28359237,
2026-06-12 13:06:00,1781269560,212.28359237,218.21762588,210.84122582,214.79176607,
2026-06-12 13:07:00,1781269620,214.79176607,215.57423069,205.73494192,209.2776291,
2026-06-12 13:08:00,1781269680,209.2776291,209.49867969,201.99130149,207.76149172,
2026-06-12 13:09:00,1781269740,207.76149172,207.76149172,194.12103293,207.72581399,
2026-06-12 13:10:00,1781269800,207.72581399,216.66838482,202.64128637,206.52919569,
2026-06-12 13:11:00,1781269860,206.52919569,217.97569426,206.02169132,216.77556347,
2026-06-12 13:12:00,1781269920,216.77556347,232.30785802,211.73199433,231.77013731,
2026-06-12 13:13:00,1781269980,231.77013731,236.51588244,212.57013864,212.62153111,
2026-06-12 13:14:00,1781270040,212.62153111,213.51722044,198.31789794,199.00045952,
2026-06-12 13:15:00,1781270100,199.00045952,210.89970342,196.86417613,210.51696425,
2026-06-12 13:16:00,1781270160,210.51696425,212.33095451,201.57078689,203.38822466,
2026-06-12 13:17:00,1781270220,203.38822466,208.88245662,197.78627058,205.45154304,
2026-06-12 13:18:00,1781270280,205.45154304,206.80145209,184.04476326,185.81241229,
2026-06-12 13:19:00,1781270340,185.81241229,194.83932863,185.25883676,193.17686059,
2026-06-12 13:20:00,1781270400,193.17686059,201.27808036,191.48535886,194.12017202,
2026-06-12 13:21:00,1781270460,194.12017202,203.15909431,194.03911519,199.82025262,
2026-06-12 13:22:00,1781270520,199.82025262,211.54566243,199.5743402,211.36506563,
2026-06-12 13:23:00,1781270580,211.36506563,224.26393226,209.19096556,223.7001907,
2026-06-12 13:24:00,1781270640,223.7001907,223.90877893,212.50576766,212.82550915,
2026-06-12 13:25:00,1781270700,212.82550915,221.24163009,210.65835806,219.90629472,
2026-06-12 13:26:00,1781270760,219.90629472,220.90307037,214.66510043,220.22682739,
2026-06-12 13:27:00,1781270820,220.22682739,225.94233072,218.75167179,221.29026547,
2026-06-12 13:28:00,1781270880,221.29026547,238.19729811,220.75353645,229.41127093,
2026-06-12 13:29:00,1781270940,229.41127093,229.41127093,218.90205077,221.76179515,
2026-06-12 13:30:00,1781271000,221.76179515,258.5986717,209.0709832,250.37152564,
2026-06-12 13:31:00,1781271060,250.37152564,280.51288767,244.25621736,280.02355651,
2026-06-12 13:32:00,1781271120,280.02355651,280.02355651,246.51390117,265.33463191,
2026-06-12 13:33:00,1781271180,265.33463191,280.99068583,257.73624496,280.91801752,
2026-06-12 13:34:00,1781271240,280.91801752,286.65273708,260.36928428,277.63711595,
2026-06-12 13:35:00,1781271300,277.63711595,286.8460318,235.32650222,241.38356224,
2026-06-12 13:36:00,1781271360,241.38356224,265.451569,240.66036522,257.31250912,
2026-06-12 13:37:00,1781271420,257.31250912,268.60791544,244.87047698,248.0581538,
2026-06-12 13:38:00,1781271480,248.0581538,258.42858117,235.58233754,242.6046549,
2026-06-12 13:39:00,1781271540,242.6046549,251.03512074,227.88090893,228.45516642,
2026-06-12 13:40:00,1781271600,228.45516642,282.81155152,220.63090371,276.43114607,
2026-06-12 13:41:00,1781271660,276.43114607,320.28945463,272.60436445,297.63244407,
2026-06-12 13:42:00,1781271720,297.63244407,338.52036565,297.63244407,338.52036565,
2026-06-12 13:43:00,1781271780,338.52036565,342.71339034,286.06630181,295.58243712,
2026-06-12 13:44:00,1781271840,295.58243712,308.24291971,291.73461309,306.43391829,
2026-06-12 13:45:00,1781271900,306.43391829,313.81945554,275.11500355,307.33009318,
2026-06-12 13:46:00,1781271960,307.33009318,309.31202475,274.17005397,282.27268207,
2026-06-12 13:47:00,1781272020,282.27268207,284.36678246,269.73945759,284.36678246,
2026-06-12 13:48:00,1781272080,284.36678246,315.65454465,279.38172992,293.23280081,
2026-06-12 13:49:00,1781272140,293.23280081,297.95353335,267.36296489,274.07354158,
2026-06-12 13:50:00,1781272200,274.07354158,275.21279405,256.55187461,259.97909504,
2026-06-12 13:51:00,1781272260,259.97909504,277.59696827,249.5424492,269.48975175,
2026-06-12 13:52:00,1781272320,269.48975175,283.57697291,257.46835329,259.30056624,
2026-06-12 13:53:00,1781272380,259.30056624,289.40180747,249.90830063,289.19548205,
2026-06-12 13:54:00,1781272440,289.19548205,304.33389076,279.50729088,285.52258072,
2026-06-12 13:55:00,1781272500,285.52258072,305.67917288,285.51993862,302.36822078,
2026-06-12 13:56:00,1781272560,302.36822078,307.0256907,289.10864345,295.02822726,
2026-06-12 13:57:00,1781272620,295.02822726,296.71975134,278.34475813,285.93330257,
2026-06-12 13:58:00,1781272680,285.93330257,293.2252741,275.07565127,277.41734582,
2026-06-12 13:59:00,1781272740,277.41734582,280.02283688,254.05085128,261.10338104,
2026-06-12 14:00:00,1781272800,261.10338104,272.64642149,187.06009521,192.77728142,
2026-06-12 14:01:00,1781272860,192.77728142,203.75097975,175.66554124,189.32371775,
2026-06-12 14:02:00,1781272920,189.32371775,215.07200269,186.56148539,206.93390726,
2026-06-12 14:03:00,1781272980,206.93390726,218.05157131,180.86736086,189.90464275,
2026-06-12 14:04:00,1781273040,189.90464275,212.58064351,188.23007942,202.39121241,
2026-06-12 14:05:00,1781273100,202.39121241,221.56633765,202.39121241,215.14351861,
2026-06-12 14:06:00,1781273160,215.14351861,215.77461887,186.67452409,186.78234192,
2026-06-12 14:07:00,1781273220,186.78234192,187.72763578,154.82372185,159.74537482,
2026-06-12 14:08:00,1781273280,159.74537482,189.04035561,158.59743564,187.42370512,
2026-06-12 14:09:00,1781273340,187.42370512,192.15014823,179.38820233,183.1946062,
2026-06-12 14:10:00,1781273400,183.1946062,194.50225182,176.86163394,176.86163394,
2026-06-12 14:11:00,1781273460,176.86163394,200.44222852,176.86163394,185.88760521,
2026-06-12 14:12:00,1781273520,185.88760521,195.52235906,180.19769647,195.52235906,
2026-06-12 14:13:00,1781273580,195.52235906,206.48990707,183.51581874,202.43220134,
2026-06-12 14:14:00,1781273640,202.43220134,202.60999078,173.44218729,176.6082242,
2026-06-12 14:15:00,1781273700,176.6082242,180.65397965,160.53162922,163.13341766,
2026-06-12 14:16:00,1781273760,163.13341766,167.99162357,158.71901504,159.56611386,
2026-06-12 14:17:00,1781273820,159.56611386,164.6008713,146.12075159,164.05940426,
2026-06-12 14:18:00,1781273880,164.05940426,189.04778521,164.05940426,184.73771973,
2026-06-12 14:19:00,1781273940,184.73771973,187.32240995,175.59415758,185.06899822,
2026-06-12 14:20:00,1781274000,185.06899822,190.29161467,171.71317412,175.09414715,
2026-06-12 14:21:00,1781274060,175.09414715,192.69561178,154.77420027,189.64148336,
2026-06-12 14:22:00,1781274120,189.64148336,209.79397772,187.64792331,207.15091953,
2026-06-12 14:23:00,1781274180,207.15091953,208.7715532,188.45024376,190.028193,
2026-06-12 14:24:00,1781274240,190.028193,190.25755472,166.46495134,175.43481618,
2026-06-12 14:25:00,1781274300,175.43481618,176.87447921,131.78491103,137.49949349,
2026-06-12 14:26:00,1781274360,137.49949349,156.46107103,132.43442427,146.24543218,
2026-06-12 14:27:00,1781274420,146.24543218,146.93152022,124.40168491,131.07178342,
2026-06-12 14:28:00,1781274480,131.07178342,136.46961362,119.91224814,129.59366016,
2026-06-12 14:29:00,1781274540,129.59366016,131.24081282,123.48308575,124.94468529,
2026-06-12 14:30:00,1781274600,124.94468529,126.33074539,115.23797585,117.74688572,
2026-06-12 14:31:00,1781274660,117.74688572,134.51646257,111.31811214,127.87634033,
2026-06-12 14:32:00,1781274720,127.87634033,136.587382,120.3146095,132.10054384,
2026-06-12 14:33:00,1781274780,132.10054384,140.94186463,124.44362511,128.16737378,
2026-06-12 14:34:00,1781274840,128.16737378,128.29630205,108.77441088,111.58782315,
2026-06-12 14:35:00,1781274900,111.58782315,113.96572365,100.85538538,110.6596435,
2026-06-12 14:36:00,1781274960,110.6596435,116.54389868,94.72979547,100.04538586,
2026-06-12 14:37:00,1781275020,100.04538586,111.75136471,94.07679236,105.13900251,
2026-06-12 14:38:00,1781275080,105.13900251,107.85895435,97.76961819,102.25104669,
2026-06-12 14:39:00,1781275140,102.25104669,105.63873087,96.49426104,105.13891107,
2026-06-12 14:40:00,1781275200,105.13891107,123.32605361,103.51262286,117.43044737,
2026-06-12 14:41:00,1781275260,117.43044737,130.91505453,114.77418345,124.61557054,
2026-06-12 14:42:00,1781275320,124.61557054,128.99682312,116.43865356,124.50263965,
2026-06-12 14:43:00,1781275380,124.50263965,156.16691867,123.869742,153.64364158,
2026-06-12 14:44:00,1781275440,153.64364158,153.64364158,135.14354691,146.13247286,
2026-06-12 14:45:00,1781275500,146.13247286,154.02811073,132.53451253,136.9819,
2026-06-12 14:46:00,1781275560,136.9819,145.46196596,129.64127281,136.08918327,
2026-06-12 14:47:00,1781275620,136.08918327,152.79019397,132.09543841,145.80031248,
2026-06-12 14:48:00,1781275680,145.80031248,148.37359888,134.07931565,143.19139364,
2026-06-12 14:49:00,1781275740,143.19139364,153.81572476,136.80672518,138.75825965,
2026-06-12 14:50:00,1781275800,138.75825965,139.83583536,110.86578235,114.04768877,
2026-06-12 14:51:00,1781275860,114.04768877,127.07576843,110.70995434,126.91486686,
2026-06-12 14:52:00,1781275920,126.91486686,130.26200171,70.01388596,76.87244966,
2026-06-12 14:53:00,1781275980,76.87244966,78.69770174,66.03133657,77.24161606,
2026-06-12 14:54:00,1781276040,77.24161606,80.92815221,67.85105745,68.41310487,
2026-06-12 14:55:00,1781276100,68.41310487,82.12501818,61.38518873,80.12106833,
2026-06-12 14:56:00,1781276160,80.12106833,82.59601874,64.29749809,67.38850985,
2026-06-12 14:57:00,1781276220,67.38850985,75.9978416,66.52661981,69.1106258,
2026-06-12 14:58:00,1781276280,69.1106258,75.53977553,68.09047318,68.61343844,
2026-06-12 14:59:00,1781276340,68.61343844,72.06179255,65.99120153,66.2737698,
2026-06-12 15:00:00,1781276400,66.2737698,68.78329741,53.72553113,54.66526556,
2026-06-12 15:01:00,1781276460,54.66526556,56.52687407,48.17442409,52.75541692,
2026-06-12 15:02:00,1781276520,52.75541692,60.69549323,51.46683662,60.5019549,
2026-06-12 15:03:00,1781276580,60.5019549,87.47885371,56.63167547,86.94788459,
2026-06-12 15:04:00,1781276640,86.94788459,90.87877239,76.67159871,83.53967942,
2026-06-12 15:05:00,1781276700,83.53967942,84.1586034,68.8442289,68.8442289,
2026-06-12 15:06:00,1781276760,68.8442289,70.39346222,58.33265814,60.57430031,
2026-06-12 15:07:00,1781276820,60.57430031,64.16085707,51.48166119,54.88600724,
2026-06-12 15:08:00,1781276880,54.88600724,63.71825179,53.24858173,60.12214668,
2026-06-12 15:09:00,1781276940,60.12214668,63.62650009,56.15762007,63.62650009,
2026-06-12 15:10:00,1781277000,63.62650009,65.37399785,47.60443269,47.60443269,
2026-06-12 15:11:00,1781277060,47.60443269,51.06994065,45.80031533,50.04215148,
2026-06-12 15:12:00,1781277120,50.04215148,57.48543343,47.98849242,48.35937517,
2026-06-12 15:13:00,1781277180,48.35937517,48.52393711,37.74107131,38.2301953,
2026-06-12 15:14:00,1781277240,38.2301953,42.47563864,37.85940044,40.16726616,
2026-06-12 15:15:00,1781277300,40.16726616,45.76372506,38.21303377,45.56366531,
2026-06-12 15:16:00,1781277360,45.56366531,49.40197232,44.09145754,45.34481462,
2026-06-12 15:17:00,1781277420,45.34481462,46.21947291,40.60497293,44.82325841,
2026-06-12 15:18:00,1781277480,44.82325841,49.26249321,43.21329001,45.99634447,
2026-06-12 15:19:00,1781277540,45.99634447,52.60855819,45.57107493,49.91692899,
2026-06-12 15:20:00,1781277600,49.91692899,55.44520171,48.54409218,53.83330739,
2026-06-12 15:21:00,1781277660,53.83330739,55.39062753,48.81767693,51.30726478,
2026-06-12 15:22:00,1781277720,51.30726478,55.13699741,47.8989023,51.33938312,
2026-06-12 15:23:00,1781277780,51.33938312,52.8924054,45.7875744,48.3653183,
2026-06-12 15:24:00,1781277840,48.3653183,48.64454861,44.15795452,45.55752824,
2026-06-12 15:25:00,1781277900,45.55752824,45.55752824,40.68149229,41.25877491,
2026-06-12 15:26:00,1781277960,41.25877491,46.65839332,40.80338403,44.41409283,
2026-06-12 15:27:00,1781278020,44.41409283,45.40010457,41.27704758,41.73389802,
2026-06-12 15:28:00,1781278080,41.73389802,51.1779607,41.55345163,50.50162638,
2026-06-12 15:29:00,1781278140,50.50162638,56.14447885,46.64033951,55.97548375,
2026-06-12 15:30:00,1781278200,55.97548375,63.60200794,55.3920097,58.88561815,
2026-06-12 15:31:00,1781278260,58.88561815,65.32966074,57.34194153,61.21657341,
2026-06-12 15:32:00,1781278320,61.21657341,64.80072751,54.85645576,63.45875857,
2026-06-12 15:33:00,1781278380,63.45875857,69.36376008,60.87490338,68.12628725,
2026-06-12 15:34:00,1781278440,68.12628725,72.76696209,66.02523924,71.86050864,
2026-06-12 15:35:00,1781278500,71.86050864,75.24395623,53.6821616,53.6821616,
2026-06-12 15:36:00,1781278560,53.6821616,64.99271003,53.6821616,62.50272371,
2026-06-12 15:37:00,1781278620,62.50272371,73.63634074,59.04842499,70.52670604,
2026-06-12 15:38:00,1781278680,70.52670604,78.30045924,66.48233332,75.31298261,
2026-06-12 15:39:00,1781278740,75.31298261,78.2325709,62.23184933,64.99145632,
2026-06-12 15:40:00,1781278800,64.99145632,73.89607201,61.13719314,72.91770485,
2026-06-12 15:41:00,1781278860,72.91770485,79.63652249,65.30933077,76.52206294,
2026-06-12 15:42:00,1781278920,76.52206294,84.69990251,73.93582201,76.4061257,
2026-06-12 15:43:00,1781278980,76.4061257,78.14416484,66.63062063,66.63062063,
2026-06-12 15:44:00,1781279040,66.63062063,72.91555343,66.54649227,68.7617264,
2026-06-12 15:45:00,1781279100,68.7617264,76.61977962,67.03200829,71.2612746,
2026-06-12 15:46:00,1781279160,71.2612746,75.05304905,64.23376136,73.86628121,
2026-06-12 15:47:00,1781279220,73.86628121,87.95277052,73.86628121,86.21232449,
2026-06-12 15:48:00,1781279280,86.21232449,101.01095754,85.24760713,96.85946185,
2026-06-12 15:49:00,1781279340,96.85946185,106.08926536,91.96577354,100.70494529,
2026-06-12 15:50:00,1781279400,100.70494529,100.72228244,87.24428891,89.04657747,
2026-06-12 15:51:00,1781279460,89.04657747,94.92412019,84.98985913,89.49294489,
2026-06-12 15:52:00,1781279520,89.49294489,90.62807102,81.79756741,82.04086146,
2026-06-12 15:53:00,1781279580,82.04086146,84.40585651,75.52368157,80.35613155,
2026-06-12 15:54:00,1781279640,80.35613155,82.88421687,73.82295732,76.90571706,
2026-06-12 15:55:00,1781279700,76.90571706,92.32838231,76.28755463,91.90531196,
2026-06-12 15:56:00,1781279760,91.90531196,107.89406839,88.23493387,100.64874097,
2026-06-12 15:57:00,1781279820,100.64874097,102.86667367,96.77525654,101.65148749,
2026-06-12 15:58:00,1781279880,101.65148749,109.58937242,99.83546869,109.58551388,
2026-06-12 15:59:00,1781279940,109.58551388,132.25714258,109.58551388,122.85275506,
2026-06-12 16:00:00,1781280000,122.85275506,126.40523536,101.93353516,108.53232908,
2026-06-12 16:01:00,1781280060,108.53232908,120.63491985,103.43027249,118.59667372,
2026-06-12 16:02:00,1781280120,118.59667372,136.35642194,116.22244087,136.25017373,
2026-06-12 16:03:00,1781280180,136.25017373,141.39365941,105.26759746,106.5236971,
2026-06-12 16:04:00,1781280240,106.5236971,107.92866097,93.04134508,104.08768071,
2026-06-12 16:05:00,1781280300,104.08768071,109.5388207,100.04834489,107.34299361,
2026-06-12 16:06:00,1781280360,107.34299361,107.45433031,87.30694556,91.54485102,
