datetime,time,open,high,low,close,volume
2026-06-10 12:05:00,1781093100,2070.41608234,2090.31384722,2059.61742789,2079.11504659,
2026-06-10 12:06:00,1781093160,2079.11504659,2415.63204131,2060.81725291,2407.15094049,
2026-06-10 12:07:00,1781093220,2407.15094049,2454.52930007,2406.9788125,2449.28780155,
2026-06-10 12:08:00,1781093280,2449.28780155,2495.14806941,2437.75296471,2474.22852885,
2026-06-10 12:09:00,1781093340,2474.22852885,2474.94269932,2419.54365768,2437.57999881,
2026-06-10 12:10:00,1781093400,2437.57999881,2438.99200725,2402.65125207,2402.95846231,
2026-06-10 12:11:00,1781093460,2402.95846231,2407.2297093,2379.12702237,2381.09316056,
2026-06-10 12:12:00,1781093520,2381.09316056,2407.36997441,2372.32055589,2389.79018607,
2026-06-10 12:13:00,1781093580,2389.79018607,2416.01625795,2350.8091532,2360.53762004,
2026-06-10 12:14:00,1781093640,2360.53762004,2390.25334301,2348.80936974,2373.85879204,
2026-06-10 12:15:00,1781093700,2373.85879204,2438.93119491,2325.90596814,2422.78757149,
2026-06-10 12:16:00,1781093760,2422.78757149,2422.78757149,2393.77208455,2395.23575538,
2026-06-10 12:17:00,1781093820,2395.23575538,2433.49991472,2393.15897342,2399.80522961,
2026-06-10 12:18:00,1781093880,2399.80522961,2449.34236155,2393.4561048,2433.03669817,
2026-06-10 12:19:00,1781093940,2433.03669817,2472.59938199,2416.86291026,2454.57506542,
2026-06-10 12:20:00,1781094000,2454.57506542,2465.65416424,2434.05414909,2449.02998819,
2026-06-10 12:21:00,1781094060,2449.02998819,2449.64606344,2403.40269767,2425.79602682,
2026-06-10 12:22:00,1781094120,2425.79602682,2489.55865618,2420.72420799,2486.62454629,
2026-06-10 12:23:00,1781094180,2486.62454629,2492.22477882,2454.69243648,2467.54902632,
2026-06-10 12:24:00,1781094240,2467.54902632,2487.64366706,2449.26897383,2476.47805351,
2026-06-10 12:25:00,1781094300,2476.47805351,2476.78703469,2438.39794487,2443.42620545,
2026-06-10 12:26:00,1781094360,2443.42620545,2455.61254523,2423.68953404,2429.75432911,
2026-06-10 12:27:00,1781094420,2429.75432911,2459.68568924,2429.75432911,2446.76352547,
2026-06-10 12:28:00,1781094480,2446.76352547,2446.96596926,2391.88961105,2423.49435381,
2026-06-10 12:29:00,1781094540,2423.49435381,2439.10028019,2390.1689386,2395.28934888,
2026-06-10 12:30:00,1781094600,2395.28934888,2414.65607844,2021.80206365,2108.36941321,
2026-06-10 12:31:00,1781094660,2108.36941321,2177.79071838,1989.31511854,2155.41526605,
2026-06-10 12:32:00,1781094720,2155.41526605,2193.40624505,2021.18333765,2044.21429236,
2026-06-10 12:33:00,1781094780,2044.21429236,2048.67200693,1852.32315374,1896.08225623,
2026-06-10 12:34:00,1781094840,1896.08225623,2053.6867941,1893.10312534,2042.23754713,
2026-06-10 12:35:00,1781094900,2042.23754713,2101.14044316,2018.66945541,2085.93863122,
2026-06-10 12:36:00,1781094960,2085.93863122,2094.76002055,1963.31593268,1963.31593268,
2026-06-10 12:37:00,1781095020,1963.31593268,2001.56195462,1956.71536677,1997.94575454,
2026-06-10 12:38:00,1781095080,1997.94575454,2045.07765554,1959.25507709,1960.01686996,
2026-06-10 12:39:00,1781095140,1960.01686996,2020.82758324,1956.78254376,1996.71492384,
2026-06-10 12:40:00,1781095200,1996.71492384,2042.07344545,1995.6825711,2015.04112735,
2026-06-10 12:41:00,1781095260,2015.04112735,2037.3929316,1959.82435568,1992.34963777,
2026-06-10 12:42:00,1781095320,1992.34963777,2043.38593547,1966.61803548,2027.9849161,
2026-06-10 12:43:00,1781095380,2027.9849161,2030.56490264,1997.77245822,2030.56490264,
2026-06-10 12:44:00,1781095440,2030.56490264,2031.55632836,1996.07270162,1996.07270162,
2026-06-10 12:45:00,1781095500,1996.07270162,2018.39795241,1966.84320305,2007.20130521,
2026-06-10 12:46:00,1781095560,2007.20130521,2010.5235183,1940.82853884,1946.44350305,
2026-06-10 12:47:00,1781095620,1946.44350305,1963.55744505,1923.31344837,1962.50639711,
2026-06-10 12:48:00,1781095680,1962.50639711,1969.66841332,1911.55334102,1939.12949963,
2026-06-10 12:49:00,1781095740,1939.12949963,1942.56683482,1913.86868883,1924.55152482,
2026-06-10 12:50:00,1781095800,1924.55152482,1963.89662434,1920.43260327,1930.17903943,
2026-06-10 12:51:00,1781095860,1930.17903943,1974.05038213,1929.82856361,1962.85650583,
2026-06-10 12:52:00,1781095920,1962.85650583,2003.936427,1956.97124353,1996.32687459,
2026-06-10 12:53:00,1781095980,1996.32687459,1997.4482619,1968.63337197,1971.08065273,
2026-06-10 12:54:00,1781096040,1971.08065273,1995.68949516,1953.12726234,1988.4747114,
2026-06-10 12:55:00,1781096100,1988.4747114,2010.866341,1984.40781606,2008.36037613,
2026-06-10 12:56:00,1781096160,2008.36037613,2008.36037613,1971.35370727,1977.16879123,
2026-06-10 12:57:00,1781096220,1977.16879123,1996.82541015,1964.60693066,1993.86216029,
2026-06-10 12:58:00,1781096280,1993.86216029,2018.14665667,1993.86216029,2014.77059214,
2026-06-10 12:59:00,1781096340,2014.77059214,2047.09890152,2007.06087652,2046.14100393,
2026-06-10 13:00:00,1781096400,2046.14100393,2059.24814931,2002.19739563,2021.3608456,
2026-06-10 13:01:00,1781096460,2021.3608456,2084.69555031,2016.53438513,2082.28985137,
2026-06-10 13:02:00,1781096520,2082.28985137,2089.73472004,2068.28096459,2085.67472957,
2026-06-10 13:03:00,1781096580,2085.67472957,2092.98327784,2073.07321869,2074.94305522,
2026-06-10 13:04:00,1781096640,2074.94305522,2090.44095549,2060.79110103,2062.70906844,
2026-06-10 13:05:00,1781096700,2062.70906844,2084.30891614,2056.98472819,2057.67741118,
2026-06-10 13:06:00,1781096760,2057.67741118,2057.67741118,2019.96312183,2029.69686556,
2026-06-10 13:07:00,1781096820,2029.69686556,2041.80603112,2010.91938693,2033.28013057,
2026-06-10 13:08:00,1781096880,2033.28013057,2034.15478637,2004.26091446,2030.86562579,
2026-06-10 13:09:00,1781096940,2030.86562579,2042.37485008,2021.94701689,2027.95598039,
2026-06-10 13:10:00,1781097000,2027.95598039,2079.76063516,2024.07605641,2076.88883403,
2026-06-10 13:11:00,1781097060,2076.88883403,2078.14655136,2054.12235931,2061.54472074,
2026-06-10 13:12:00,1781097120,2061.54472074,2071.40127624,2022.52021492,2040.44088782,
2026-06-10 13:13:00,1781097180,2040.44088782,2053.458451,2035.24529739,2053.458451,
2026-06-10 13:14:00,1781097240,2053.458451,2081.32633032,2046.80671288,2062.46226348,
2026-06-10 13:15:00,1781097300,2062.46226348,2098.14198102,2054.33497811,2088.18893259,
2026-06-10 13:16:00,1781097360,2088.18893259,2099.8565465,2070.95657591,2084.70138546,
2026-06-10 13:17:00,1781097420,2084.70138546,2104.6556579,2075.99597931,2102.90877116,
2026-06-10 13:18:00,1781097480,2102.90877116,2102.90877116,2076.68367318,2092.11544174,
2026-06-10 13:19:00,1781097540,2092.11544174,2107.652884,2087.32581328,2091.58706494,
2026-06-10 13:20:00,1781097600,2091.58706494,2113.10942059,2083.98764128,2085.32311354,
2026-06-10 13:21:00,1781097660,2085.32311354,2088.23759846,2018.06965131,2030.39980748,
2026-06-10 13:22:00,1781097720,2030.39980748,2094.64068643,2026.58851012,2074.82639874,
2026-06-10 13:23:00,1781097780,2074.82639874,2074.82639874,2045.3734551,2047.6918567,
2026-06-10 13:24:00,1781097840,2047.6918567,2070.60518518,2035.7293374,2046.55200021,
2026-06-10 13:25:00,1781097900,2046.55200021,2109.11845971,2044.99940069,2085.5289651,
2026-06-10 13:26:00,1781097960,2085.5289651,2116.99160759,2079.80946531,2115.03127488,
2026-06-10 13:27:00,1781098020,2115.03127488,2115.70815602,2028.13880086,2029.90768162,
2026-06-10 13:28:00,1781098080,2029.90768162,2043.25152407,2004.99602003,2034.96595912,
2026-06-10 13:29:00,1781098140,2034.96595912,2052.27308154,2026.27221448,2032.59770905,
2026-06-10 13:30:00,1781098200,2032.59770905,2077.6622749,1887.73088332,1897.0751045,
2026-06-10 13:31:00,1781098260,1897.0751045,1938.99936604,1845.57464161,1870.72703332,
2026-06-10 13:32:00,1781098320,1870.72703332,1945.13575693,1856.75712693,1929.82261182,
2026-06-10 13:33:00,1781098380,1929.82261182,1962.41643196,1897.96949721,1915.30218452,
2026-06-10 13:34:00,1781098440,1915.30218452,1919.94583749,1848.07085048,1864.74961438,
2026-06-10 13:35:00,1781098500,1864.74961438,1887.38952105,1779.76082058,1815.37933674,
2026-06-10 13:36:00,1781098560,1815.37933674,1827.84861018,1729.21099877,1757.23289097,
2026-06-10 13:37:00,1781098620,1757.23289097,1757.23289097,1596.09141467,1606.05699853,
2026-06-10 13:38:00,1781098680,1606.05699853,1665.48727779,1598.57745356,1635.8656596,
2026-06-10 13:39:00,1781098740,1635.8656596,1655.17291052,1590.26555747,1591.10444377,
2026-06-10 13:40:00,1781098800,1591.10444377,1636.13274544,1552.30721851,1579.76644224,
2026-06-10 13:41:00,1781098860,1579.76644224,1660.1731104,1570.99125074,1648.75544695,
2026-06-10 13:42:00,1781098920,1648.75544695,1661.75236751,1554.00140016,1610.25652121,
2026-06-10 13:43:00,1781098980,1610.25652121,1613.14990366,1494.25569096,1503.92710083,
2026-06-10 13:44:00,1781099040,1503.92710083,1534.93493253,1453.05994245,1453.05994245,
2026-06-10 13:45:00,1781099100,1453.05994245,1558.08859818,1445.80690967,1506.12378679,
2026-06-10 13:46:00,1781099160,1506.12378679,1548.9815526,1500.17736017,1548.79473655,
2026-06-10 13:47:00,1781099220,1548.79473655,1557.95763466,1466.14837493,1501.01537543,
2026-06-10 13:48:00,1781099280,1501.01537543,1526.37358412,1457.84937178,1461.95650892,
2026-06-10 13:49:00,1781099340,1461.95650892,1470.24720669,1413.31650383,1421.43146934,
2026-06-10 13:50:00,1781099400,1421.43146934,1519.60521128,1416.34867802,1502.13026605,
2026-06-10 13:51:00,1781099460,1502.13026605,1552.01450108,1489.25972956,1551.17511942,
2026-06-10 13:52:00,1781099520,1551.17511942,1552.20417847,1499.40787027,1548.70982766,
2026-06-10 13:53:00,1781099580,1548.70982766,1578.62940586,1531.05624477,1565.98747453,
2026-06-10 13:54:00,1781099640,1565.98747453,1581.68237981,1526.50285922,1558.14946526,
2026-06-10 13:55:00,1781099700,1558.14946526,1574.57276565,1533.60421228,1550.67855502,
2026-06-10 13:56:00,1781099760,1550.67855502,1596.98153798,1541.92400834,1596.58633539,
2026-06-10 13:57:00,1781099820,1596.58633539,1607.08639663,1541.13544577,1582.7889663,
2026-06-10 13:58:00,1781099880,1582.7889663,1653.82190865,1582.7889663,1643.71087375,
2026-06-10 13:59:00,1781099940,1643.71087375,1643.71087375,1594.00656695,1597.62314168,
2026-06-10 14:00:00,1781100000,1597.62314168,1645.79888235,1586.98014288,1635.70197084,
2026-06-10 14:01:00,1781100060,1635.70197084,1679.04973158,1621.09321366,1676.76682696,
2026-06-10 14:02:00,1781100120,1676.76682696,1686.58810581,1617.57777717,1621.59157266,
2026-06-10 14:03:00,1781100180,1621.59157266,1636.11304481,1544.00376378,1557.33977729,
2026-06-10 14:04:00,1781100240,1557.33977729,1583.19626973,1545.40044498,1552.76585121,
2026-06-10 14:05:00,1781100300,1552.76585121,1591.26766336,1540.12143239,1574.40886355,
2026-06-10 14:06:00,1781100360,1574.40886355,1585.48097429,1531.36433338,1550.42068683,
2026-06-10 14:07:00,1781100420,1550.42068683,1578.37735376,1535.75012043,1569.31114741,
2026-06-10 14:08:00,1781100480,1569.31114741,1586.67985521,1517.25765035,1517.25765035,
2026-06-10 14:09:00,1781100540,1517.25765035,1546.56274831,1517.12742158,1542.35757769,
2026-06-10 14:10:00,1781100600,1542.35757769,1590.52536556,1528.96491549,1569.55309761,
2026-06-10 14:11:00,1781100660,1569.55309761,1582.52443372,1548.84769034,1562.30955341,
2026-06-10 14:12:00,1781100720,1562.30955341,1569.07321102,1546.77787686,1565.301063,
2026-06-10 14:13:00,1781100780,1565.301063,1656.23161062,1563.07036384,1597.7402652,
2026-06-10 14:14:00,1781100840,1597.7402652,1684.42971889,1596.7904327,1684.29156915,
2026-06-10 14:15:00,1781100900,1684.29156915,1743.34631894,1675.82096589,1742.08848522,
2026-06-10 14:16:00,1781100960,1742.08848522,1749.04910886,1626.67948554,1629.10048272,
2026-06-10 14:17:00,1781101020,1629.10048272,1720.23095021,1628.13150943,1714.20943716,
2026-06-10 14:18:00,1781101080,1714.20943716,1763.85525253,1709.94953703,1734.46619443,
2026-06-10 14:19:00,1781101140,1734.46619443,1770.92670104,1723.19280257,1726.2463992,
2026-06-10 14:20:00,1781101200,1726.2463992,1754.16575174,1693.0064502,1754.16575174,
2026-06-10 14:21:00,1781101260,1754.16575174,1772.72041034,1716.86063456,1728.60720633,
2026-06-10 14:22:00,1781101320,1728.60720633,1736.56536468,1653.47662945,1668.42570352,
2026-06-10 14:23:00,1781101380,1668.42570352,1700.8244821,1646.20853804,1654.80796872,
2026-06-10 14:24:00,1781101440,1654.80796872,1662.63559865,1559.83133993,1566.60292436,
2026-06-10 14:25:00,1781101500,1566.60292436,1679.65813305,1550.19046416,1660.13130178,
2026-06-10 14:26:00,1781101560,1660.13130178,1661.6343542,1614.29228649,1625.40387051,
2026-06-10 14:27:00,1781101620,1625.40387051,1625.40387051,1576.0552937,1576.58783344,
2026-06-10 14:28:00,1781101680,1576.58783344,1641.56968125,1565.72625922,1617.09300932,
2026-06-10 14:29:00,1781101740,1617.09300932,1649.61057764,1607.54947579,1621.0150682,
2026-06-10 14:30:00,1781101800,1621.0150682,1656.20276528,1611.50124951,1635.21684506,
2026-06-10 14:31:00,1781101860,1635.21684506,1751.61166565,1635.21684506,1751.61166565,
2026-06-10 14:32:00,1781101920,1751.61166565,1770.27738224,1686.4877013,1686.4877013,
2026-06-10 14:33:00,1781101980,1686.4877013,1724.65135223,1647.11566541,1658.44291482,
2026-06-10 14:34:00,1781102040,1658.44291482,1688.94735479,1627.17301736,1635.70320586,
2026-06-10 14:35:00,1781102100,1635.70320586,1688.8548581,1634.21339817,1683.63956604,
2026-06-10 14:36:00,1781102160,1683.63956604,1725.37496487,1683.50078153,1704.15627616,
2026-06-10 14:37:00,1781102220,1704.15627616,1782.67439637,1702.11585412,1764.81872255,
2026-06-10 14:38:00,1781102280,1764.81872255,1778.32246178,1740.89059963,1762.6567148,
2026-06-10 14:39:00,1781102340,1762.6567148,1766.07762526,1705.66355915,1706.01247299,
2026-06-10 14:40:00,1781102400,1706.01247299,1713.59130247,1647.87424271,1649.65992317,
2026-06-10 14:41:00,1781102460,1649.65992317,1650.7826696,1571.35606917,1588.75291077,
2026-06-10 14:42:00,1781102520,1588.75291077,1641.5765124,1571.87532916,1641.5765124,
2026-06-10 14:43:00,1781102580,1641.5765124,1644.04350603,1604.23915214,1633.91864727,
2026-06-10 14:44:00,1781102640,1633.91864727,1692.20765043,1624.1429941,1692.20765043,
2026-06-10 14:45:00,1781102700,1692.20765043,1728.70575428,1664.27736343,1689.8515814,
2026-06-10 14:46:00,1781102760,1689.8515814,1706.04953761,1681.97444005,1693.01325441,
2026-06-10 14:47:00,1781102820,1693.01325441,1696.99702477,1628.11091408,1648.58293611,
2026-06-10 14:48:00,1781102880,1648.58293611,1700.22448483,1639.21118498,1690.69394077,
2026-06-10 14:49:00,1781102940,1690.69394077,1741.49321057,1683.84925916,1688.59781561,
2026-06-10 14:50:00,1781103000,1688.59781561,1735.78781318,1662.277417,1696.19722097,
2026-06-10 14:51:00,1781103060,1696.19722097,1717.39574262,1665.55412853,1702.66615122,
2026-06-10 14:52:00,1781103120,1702.66615122,1741.12532776,1701.82011398,1730.3185937,
2026-06-10 14:53:00,1781103180,1730.3185937,1742.32089804,1712.45834552,1721.64826128,
2026-06-10 14:54:00,1781103240,1721.64826128,1725.70538131,1685.59091232,1707.18821859,
2026-06-10 14:55:00,1781103300,1707.18821859,1739.09451288,1662.42015574,1733.27313418,
2026-06-10 14:56:00,1781103360,1733.27313418,1754.31189322,1717.06564045,1728.32908409,
2026-06-10 14:57:00,1781103420,1728.32908409,1779.95759782,1712.83375792,1723.08151155,
2026-06-10 14:58:00,1781103480,1723.08151155,1727.60647115,1597.85536964,1605.95548951,
2026-06-10 14:59:00,1781103540,1605.95548951,1612.63161181,1512.63387468,1515.74906534,
2026-06-10 15:00:00,1781103600,1515.74906534,1548.4919353,1462.23290292,1471.87057507,
2026-06-10 15:01:00,1781103660,1471.87057507,1489.66702665,1374.55867088,1407.98368737,
2026-06-10 15:02:00,1781103720,1407.98368737,1464.6328944,1394.26282507,1438.08846264,
2026-06-10 15:03:00,1781103780,1438.08846264,1467.82692171,1403.90958769,1452.53597774,
2026-06-10 15:04:00,1781103840,1452.53597774,1563.17894558,1438.82143555,1534.27868795,
2026-06-10 15:05:00,1781103900,1534.27868795,1650.86682797,1534.20743438,1650.7450003,
2026-06-10 15:06:00,1781103960,1650.7450003,1672.56739186,1610.78078582,1672.56739186,
2026-06-10 15:07:00,1781104020,1672.56739186,1690.10503821,1616.52190841,1619.22566376,
2026-06-10 15:08:00,1781104080,1619.22566376,1692.74130742,1619.22566376,1665.07395928,
2026-06-10 15:09:00,1781104140,1665.07395928,1692.95428002,1644.66780298,1692.39365884,
2026-06-10 15:10:00,1781104200,1692.39365884,1701.84218196,1673.54185869,1678.83355117,
2026-06-10 15:11:00,1781104260,1678.83355117,1748.07089489,1675.93317627,1712.95244873,
2026-06-10 15:12:00,1781104320,1712.95244873,1725.96325439,1690.8599287,1690.8599287,
2026-06-10 15:13:00,1781104380,1690.8599287,1693.96160226,1624.54177279,1643.73840519,
2026-06-10 15:14:00,1781104440,1643.73840519,1694.63254446,1637.61887577,1694.63254446,
2026-06-10 15:15:00,1781104500,1694.63254446,1751.57761248,1694.14396724,1742.21351199,
2026-06-10 15:16:00,1781104560,1742.21351199,1757.46520904,1675.01143205,1687.27040756,
2026-06-10 15:17:00,1781104620,1687.27040756,1689.13600117,1652.10418752,1665.286295,
2026-06-10 15:18:00,1781104680,1665.286295,1715.54268467,1665.286295,1681.97049271,
2026-06-10 15:19:00,1781104740,1681.97049271,1682.38598483,1575.06619778,1580.11355336,
2026-06-10 15:20:00,1781104800,1580.11355336,1597.53459111,1522.96081585,1529.8756829,
2026-06-10 15:21:00,1781104860,1529.8756829,1531.85580742,1453.82168216,1479.67419372,
2026-06-10 15:22:00,1781104920,1479.67419372,1523.63960958,1460.03583397,1497.86532415,
2026-06-10 15:23:00,1781104980,1497.86532415,1503.98468957,1440.73025206,1443.85288512,
2026-06-10 15:24:00,1781105040,1443.85288512,1473.44790823,1420.40593003,1455.30854617,
2026-06-10 15:25:00,1781105100,1455.30854617,1457.74235593,1420.75529553,1452.13528297,
2026-06-10 15:26:00,1781105160,1452.13528297,1479.02756155,1447.17716745,1460.4202749,
2026-06-10 15:27:00,1781105220,1460.4202749,1489.05025704,1459.98848936,1464.62148129,
2026-06-10 15:28:00,1781105280,1464.62148129,1465.77930032,1419.60858363,1451.0850844,
2026-06-10 15:29:00,1781105340,1451.0850844,1481.11358654,1435.65724705,1481.10831606,
2026-06-10 15:30:00,1781105400,1481.10831606,1491.09672067,1410.8671948,1425.27067745,
2026-06-10 15:31:00,1781105460,1425.27067745,1450.53396719,1398.72452187,1444.27197435,
2026-06-10 15:32:00,1781105520,1444.27197435,1460.65872956,1429.31645515,1445.93443387,
2026-06-10 15:33:00,1781105580,1445.93443387,1462.03761694,1412.83220636,1452.89109762,
2026-06-10 15:34:00,1781105640,1452.89109762,1464.87085609,1417.5885572,1450.5855858,
2026-06-10 15:35:00,1781105700,1450.5855858,1459.32828482,1431.63619824,1454.67483284,
2026-06-10 15:36:00,1781105760,1454.67483284,1460.46307101,1408.9649623,1420.82145393,
2026-06-10 15:37:00,1781105820,1420.82145393,1442.22590238,1416.77580619,1429.83256913,
2026-06-10 15:38:00,1781105880,1429.83256913,1503.94122408,1429.83080472,1503.94122408,
2026-06-10 15:39:00,1781105940,1503.94122408,1520.45718459,1446.13298985,1461.46019723,
2026-06-10 15:40:00,1781106000,1461.46019723,1496.17637028,1461.19911305,1493.55146769,
2026-06-10 15:41:00,1781106060,1493.55146769,1511.30447783,1448.2481216,1456.43744796,
2026-06-10 15:42:00,1781106120,1456.43744796,1475.32603709,1414.21967644,1465.57836937,
2026-06-10 15:43:00,1781106180,1465.57836937,1465.57836937,1410.89621462,1418.78798531,
2026-06-10 15:44:00,1781106240,1418.78798531,1418.78798531,1369.24415605,1387.70254405,
2026-06-10 15:45:00,1781106300,1387.70254405,1422.06491959,1376.19866634,1379.18454008,
2026-06-10 15:46:00,1781106360,1379.18454008,1379.18454008,1277.08604745,1294.79918111,
2026-06-10 15:47:00,1781106420,1294.79918111,1443.89165583,1294.55029019,1443.89165583,
2026-06-10 15:48:00,1781106480,1443.89165583,1550.56347576,1426.59743731,1549.96187881,
2026-06-10 15:49:00,1781106540,1549.96187881,1556.78311648,1435.52001256,1444.81370033,
2026-06-10 15:50:00,1781106600,1444.81370033,1493.60556348,1384.00022875,1448.21234652,
2026-06-10 15:51:00,1781106660,1448.21234652,1450.26823247,1353.59584145,1420.88241298,
2026-06-10 15:52:00,1781106720,1420.88241298,1447.04100544,1329.85155395,1332.61222083,
2026-06-10 15:53:00,1781106780,1332.61222083,1360.18910206,1215.26728411,1220.0621154,
2026-06-10 15:54:00,1781106840,1220.0621154,1228.63743789,1113.69783193,1140.10589959,
2026-06-10 15:55:00,1781106900,1140.10589959,1236.07187414,1126.26680171,1229.3273766,
2026-06-10 15:56:00,1781106960,1229.3273766,1263.8894594,1213.98647202,1262.15923882,
2026-06-10 15:57:00,1781107020,1262.15923882,1263.80410031,1185.27636225,1206.06760986,
2026-06-10 15:58:00,1781107080,1206.06760986,1255.52910751,1202.17335612,1252.5082918,
2026-06-10 15:59:00,1781107140,1252.5082918,1276.42291737,1251.81884643,1259.61025158,
2026-06-10 16:00:00,1781107200,1259.61025158,1301.00293931,1250.36895012,1301.00293931,
2026-06-10 16:01:00,1781107260,1301.00293931,1340.89447591,1291.40242234,1320.85423553,
2026-06-10 16:02:00,1781107320,1320.85423553,1336.30646654,1311.70870715,1336.30646654,
2026-06-10 16:03:00,1781107380,1336.30646654,1352.63317004,1306.85716268,1337.51734386,
2026-06-10 16:04:00,1781107440,1337.51734386,1369.0541939,1320.61884328,1365.91090935,
2026-06-10 16:05:00,1781107500,1365.91090935,1373.70120056,1330.58836183,1366.11698834,
2026-06-10 16:06:00,1781107560,1366.11698834,1378.08326734,1296.74147561,1301.56401994,
2026-06-10 16:07:00,1781107620,1301.56401994,1323.96750419,1269.30224997,1318.23937962,
2026-06-10 16:08:00,1781107680,1318.23937962,1403.28350707,1314.94559231,1403.28350707,
2026-06-10 16:09:00,1781107740,1403.28350707,1408.61857314,1354.96544122,1361.83763,
2026-06-10 16:10:00,1781107800,1361.83763,1425.8325726,1349.39363918,1418.369275,
2026-06-10 16:11:00,1781107860,1418.369275,1431.2960847,1392.2790664,1406.202126,
2026-06-10 16:12:00,1781107920,1406.202126,1412.14838394,1366.05877546,1403.20989271,
2026-06-10 16:13:00,1781107980,1403.20989271,1429.74935754,1400.7771154,1414.10623139,
2026-06-10 16:14:00,1781108040,1414.10623139,1447.53108562,1407.31105581,1433.4231378,
2026-06-10 16:15:00,1781108100,1433.4231378,1437.41730837,1374.52059234,1394.45407242,
2026-06-10 16:16:00,1781108160,1394.45407242,1427.38472105,1368.16875984,1397.70575835,
2026-06-10 16:17:00,1781108220,1397.70575835,1447.15790789,1368.21941912,1444.60890939,
2026-06-10 16:18:00,1781108280,1444.60890939,1454.16231302,1433.21841621,1444.59026936,
2026-06-10 16:19:00,1781108340,1444.59026936,1453.24240237,1435.66141291,1449.04774338,
2026-06-10 16:20:00,1781108400,1449.04774338,1467.37826075,1428.79317365,1467.31230761,
2026-06-10 16:21:00,1781108460,1467.31230761,1492.48260563,1436.24954304,1436.37443793,
2026-06-10 16:22:00,1781108520,1436.37443793,1465.68742398,1406.77188476,1465.17265064,
2026-06-10 16:23:00,1781108580,1465.17265064,1475.17799655,1448.06722794,1456.25932333,
2026-06-10 16:24:00,1781108640,1456.25932333,1494.96778242,1456.25932333,1491.59385519,
2026-06-10 16:25:00,1781108700,1491.59385519,1587.70157381,1483.96165103,1546.09600536,
2026-06-10 16:26:00,1781108760,1546.09600536,1546.62388914,1498.73271378,1516.66618955,
2026-06-10 16:27:00,1781108820,1516.66618955,1516.66618955,1466.20041113,1480.08942764,
2026-06-10 16:28:00,1781108880,1480.08942764,1497.92880932,1454.39902312,1481.70003465,
2026-06-10 16:29:00,1781108940,1481.70003465,1494.46959406,1465.87241099,1465.87241099,
2026-06-10 16:30:00,1781109000,1465.87241099,1493.08348329,1449.39076945,1493.08348329,
2026-06-10 16:31:00,1781109060,1493.08348329,1530.24115696,1482.76294615,1509.60867152,
2026-06-10 16:32:00,1781109120,1509.60867152,1552.70392665,1467.18475662,1487.50787529,
2026-06-10 16:33:00,1781109180,1487.50787529,1493.41142769,1462.3651485,1493.41142769,
2026-06-10 16:34:00,1781109240,1493.41142769,1507.30878864,1390.89703454,1391.52014771,
2026-06-10 16:35:00,1781109300,1391.52014771,1435.75535045,1381.59905483,1415.41977065,
2026-06-10 16:36:00,1781109360,1415.41977065,1454.87841371,1400.88168327,1441.11356465,
2026-06-10 16:37:00,1781109420,1441.11356465,1441.11356465,1393.59445174,1420.25588551,
2026-06-10 16:38:00,1781109480,1420.25588551,1465.97295992,1408.38491731,1428.33579474,
2026-06-10 16:39:00,1781109540,1428.33579474,1467.78203904,1428.27238633,1451.98766993,
2026-06-10 16:40:00,1781109600,1451.98766993,1463.61184084,1414.79154169,1437.27290118,
2026-06-10 16:41:00,1781109660,1437.27290118,1484.62848375,1422.91001251,1480.3463081,
2026-06-10 16:42:00,1781109720,1480.3463081,1495.3346189,1464.19746634,1470.77381171,
2026-06-10 16:43:00,1781109780,1470.77381171,1491.13513052,1456.45516078,1487.27613672,
2026-06-10 16:44:00,1781109840,1487.27613672,1508.15027634,1474.8049767,1506.57181999,
2026-06-10 16:45:00,1781109900,1506.57181999,1547.81838207,1506.50647481,1539.41207949,
2026-06-10 16:46:00,1781109960,1539.41207949,1603.93644677,1514.36515944,1590.14106281,
2026-06-10 16:47:00,1781110020,1590.14106281,1663.34575048,1576.25800038,1663.34575048,
2026-06-10 16:48:00,1781110080,1663.34575048,1685.9698585,1605.74301067,1652.40305622,
2026-06-10 16:49:00,1781110140,1652.40305622,1680.45158914,1643.39127245,1663.60070229,
2026-06-10 16:50:00,1781110200,1663.60070229,1711.29546629,1651.90707824,1678.26356303,
2026-06-10 16:51:00,1781110260,1678.26356303,1707.28142658,1625.36191457,1625.36191457,
2026-06-10 16:52:00,1781110320,1625.36191457,1637.66484941,1538.3585826,1538.3585826,
2026-06-10 16:53:00,1781110380,1538.3585826,1580.8316657,1534.57309262,1569.14204519,
2026-06-10 16:54:00,1781110440,1569.14204519,1569.14204519,1513.31776928,1539.81365075,
2026-06-10 16:55:00,1781110500,1539.81365075,1607.77065221,1538.68141593,1597.88357234,
2026-06-10 16:56:00,1781110560,1597.88357234,1600.99372834,1557.70720252,1557.70720252,
2026-06-10 16:57:00,1781110620,1557.70720252,1582.44936776,1529.65079289,1530.24766956,
2026-06-10 16:58:00,1781110680,1530.24766956,1538.91216999,1516.55436374,1524.64646032,
2026-06-10 16:59:00,1781110740,1524.64646032,1526.38213098,1491.88106132,1496.87596877,
2026-06-10 17:00:00,1781110800,1496.87596877,1516.93866822,1470.99188721,1508.37970253,
2026-06-10 17:01:00,1781110860,1508.37970253,1513.60496715,1472.66078852,1475.38567152,
2026-06-10 17:02:00,1781110920,1475.38567152,1481.92788244,1420.17390587,1429.68847559,
2026-06-10 17:03:00,1781110980,1429.68847559,1449.62424898,1419.29935215,1440.56113934,
2026-06-10 17:04:00,1781111040,1440.56113934,1443.47638737,1400.34163843,1403.44309501,
2026-06-10 17:05:00,1781111100,1403.44309501,1464.90243579,1403.44309501,1461.62187494,
2026-06-10 17:06:00,1781111160,1461.62187494,1482.32141035,1446.54091456,1447.62315243,
2026-06-10 17:07:00,1781111220,1447.62315243,1509.61977799,1429.99287403,1489.61929607,
2026-06-10 17:08:00,1781111280,1489.61929607,1532.68058897,1489.09252317,1520.75631682,
2026-06-10 17:09:00,1781111340,1520.75631682,1551.08584205,1503.67377375,1518.68739638,
2026-06-10 17:10:00,1781111400,1518.68739638,1631.10603613,1516.39802981,1623.74289756,
2026-06-10 17:11:00,1781111460,1623.74289756,1633.33586758,1560.80476287,1573.69461688,
2026-06-10 17:12:00,1781111520,1573.69461688,1622.92456479,1566.19107299,1590.908297,
2026-06-10 17:13:00,1781111580,1590.908297,1591.82875954,1558.38796149,1575.16237268,
2026-06-10 17:14:00,1781111640,1575.16237268,1602.01509274,1572.70237999,1573.2940319,
2026-06-10 17:15:00,1781111700,1573.2940319,1591.21513055,1542.44460009,1556.60171093,
2026-06-10 17:16:00,1781111760,1556.60171093,1568.42342507,1512.76040974,1536.83280672,
2026-06-10 17:17:00,1781111820,1536.83280672,1563.71773121,1501.50617874,1558.40479228,
2026-06-10 17:18:00,1781111880,1558.40479228,1558.40479228,1512.43762462,1532.74983364,
2026-06-10 17:19:00,1781111940,1532.74983364,1560.19271535,1526.43727128,1527.36932068,
2026-06-10 17:20:00,1781112000,1527.36932068,1560.55207642,1521.11710172,1521.71783297,
2026-06-10 17:21:00,1781112060,1521.71783297,1591.36897929,1520.63006493,1551.0746075,
2026-06-10 17:22:00,1781112120,1551.0746075,1615.13987444,1551.0746075,1600.39049819,
2026-06-10 17:23:00,1781112180,1600.39049819,1604.99167607,1574.33648789,1582.19847415,
2026-06-10 17:24:00,1781112240,1582.19847415,1587.5980649,1535.2774369,1558.02228198,
2026-06-10 17:25:00,1781112300,1558.02228198,1566.90244662,1520.32791939,1540.46935054,
2026-06-10 17:26:00,1781112360,1540.46935054,1613.56696947,1540.46935054,1588.20859759,
2026-06-10 17:27:00,1781112420,1588.20859759,1621.8476554,1565.89348455,1601.27065908,
2026-06-10 17:28:00,1781112480,1601.27065908,1620.07121798,1601.20183414,1616.68044831,
2026-06-10 17:29:00,1781112540,1616.68044831,1708.80695656,1616.68044831,1694.72654272,
2026-06-10 17:30:00,1781112600,1694.72654272,1738.84025023,1677.12169515,1730.74684733,
2026-06-10 17:31:00,1781112660,1730.74684733,1780.82565222,1708.05068653,1780.82565222,
2026-06-10 17:32:00,1781112720,1780.82565222,1866.83188733,1756.89389675,1833.20608965,
2026-06-10 17:33:00,1781112780,1833.20608965,1833.20608965,1741.77766827,1741.84933182,
2026-06-10 17:34:00,1781112840,1741.84933182,1761.95056694,1695.58708859,1745.71730699,
2026-06-10 17:35:00,1781112900,1745.71730699,1789.25459489,1732.8793007,1787.96890684,
2026-06-10 17:36:00,1781112960,1787.96890684,1836.19643073,1768.88003064,1825.21844051,
2026-06-10 17:37:00,1781113020,1825.21844051,1825.21844051,1758.27260156,1779.06486029,
2026-06-10 17:38:00,1781113080,1779.06486029,1856.86075399,1779.06486029,1832.41580291,
2026-06-10 17:39:00,1781113140,1832.41580291,1837.76488063,1790.8205025,1805.63401518,
2026-06-10 17:40:00,1781113200,1805.63401518,1862.76057449,1751.67693416,1825.10563753,
2026-06-10 17:41:00,1781113260,1825.10563753,1888.79907621,1811.17937782,1859.64730571,
2026-06-10 17:42:00,1781113320,1859.64730571,1895.63033988,1848.85693491,1849.20358422,
2026-06-10 17:43:00,1781113380,1849.20358422,1858.90310351,1749.02620253,1753.88946978,
2026-06-10 17:44:00,1781113440,1753.88946978,1830.86742369,1753.24688537,1828.6903788,
2026-06-10 17:45:00,1781113500,1828.6903788,1847.87884272,1786.14218944,1792.64702998,
2026-06-10 17:46:00,1781113560,1792.64702998,1793.94590395,1713.28254897,1721.31404598,
2026-06-10 17:47:00,1781113620,1721.31404598,1744.57252056,1686.10024436,1695.63285681,
2026-06-10 17:48:00,1781113680,1695.63285681,1697.05840439,1638.5467882,1650.55556796,
2026-06-10 17:49:00,1781113740,1650.55556796,1663.34219943,1610.77191223,1613.16072007,
2026-06-10 17:50:00,1781113800,1613.16072007,1765.00689382,1611.18001218,1717.81370441,
2026-06-10 17:51:00,1781113860,1717.81370441,1729.78633606,1675.82629553,1692.02397894,
2026-06-10 17:52:00,1781113920,1692.02397894,1758.95576745,1685.77733279,1758.60907195,
2026-06-10 17:53:00,1781113980,1758.60907195,1762.88715878,1727.06376174,1729.62068848,
2026-06-10 17:54:00,1781114040,1729.62068848,1742.58576988,1694.53370299,1718.94966715,
2026-06-10 17:55:00,1781114100,1718.94966715,1719.58638494,1661.15469158,1692.73083491,
2026-06-10 17:56:00,1781114160,1692.73083491,1708.83577686,1662.09918953,1663.96892855,
2026-06-10 17:57:00,1781114220,1663.96892855,1706.04092611,1663.11093412,1702.69257164,
2026-06-10 17:58:00,1781114280,1702.69257164,1702.69257164,1640.73041004,1654.61241699,
2026-06-10 17:59:00,1781114340,1654.61241699,1673.40742099,1642.48929664,1664.05121313,
2026-06-10 18:00:00,1781114400,1664.05121313,1665.99230183,1623.3348678,1645.34692047,
2026-06-10 18:01:00,1781114460,1645.34692047,1687.66020332,1625.85906662,1675.51728713,
2026-06-10 18:02:00,1781114520,1675.51728713,1687.82273049,1604.77205011,1612.28804887,
2026-06-10 18:03:00,1781114580,1612.28804887,1632.19722213,1591.30065602,1597.21535942,
2026-06-10 18:04:00,1781114640,1597.21535942,1609.02407941,1564.8952178,1575.06063781,
2026-06-10 18:05:00,1781114700,1575.06063781,1583.60299909,1550.32774074,1554.12883563,
2026-06-10 18:06:00,1781114760,1554.12883563,1626.88793045,1534.71888381,1626.81400579,
2026-06-10 18:07:00,1781114820,1626.81400579,1681.19657324,1626.81400579,1676.21688558,
2026-06-10 18:08:00,1781114880,1676.21688558,1676.2868982,1605.59976588,1616.48740188,
2026-06-10 18:09:00,1781114940,1616.48740188,1654.53169309,1615.72954066,1637.50520095,
2026-06-10 18:10:00,1781115000,1637.50520095,1695.35848015,1635.32591805,1690.28142273,
2026-06-10 18:11:00,1781115060,1690.28142273,1696.7711797,1640.92004837,1642.30713879,
2026-06-10 18:12:00,1781115120,1642.30713879,1651.56769462,1626.27901082,1647.89267126,
2026-06-10 18:13:00,1781115180,1647.89267126,1698.13101932,1642.53820214,1680.53854765,
2026-06-10 18:14:00,1781115240,1680.53854765,1680.67904573,1655.83510379,1663.14794149,
2026-06-10 18:15:00,1781115300,1663.14794149,1668.57617313,1632.82249289,1652.86128892,
2026-06-10 18:16:00,1781115360,1652.86128892,1660.90689624,1633.25293007,1644.63244189,
2026-06-10 18:17:00,1781115420,1644.63244189,1719.09374977,1644.63244189,1717.10317428,
2026-06-10 18:18:00,1781115480,1717.10317428,1720.15386214,1691.67461447,1698.32618507,
2026-06-10 18:19:00,1781115540,1698.32618507,1713.04856163,1682.89133544,1697.19393691,
2026-06-10 18:20:00,1781115600,1697.19393691,1697.61685503,1659.73214825,1677.70976139,
2026-06-10 18:21:00,1781115660,1677.70976139,1709.88559096,1655.37784901,1708.812745,
2026-06-10 18:22:00,1781115720,1708.812745,1744.62489813,1708.17087816,1716.7269819,
2026-06-10 18:23:00,1781115780,1716.7269819,1716.7269819,1662.34812057,1671.63988683,
2026-06-10 18:24:00,1781115840,1671.63988683,1686.09808285,1645.19464356,1652.09791469,
2026-06-10 18:25:00,1781115900,1652.09791469,1722.61718266,1647.21300046,1719.28282227,
2026-06-10 18:26:00,1781115960,1719.28282227,1729.0465216,1679.33042701,1696.68991588,
2026-06-10 18:27:00,1781116020,1696.68991588,1737.58031315,1696.68991588,1727.71199939,
2026-06-10 18:28:00,1781116080,1727.71199939,1727.71199939,1687.49391043,1704.03710044,
2026-06-10 18:29:00,1781116140,1704.03710044,1712.19191019,1611.98147884,1614.57590933,
2026-06-10 18:30:00,1781116200,1614.57590933,1662.12039237,1614.57590933,1620.07388679,
2026-06-10 18:31:00,1781116260,1620.07388679,1670.93653534,1619.58777923,1666.63020514,
2026-06-10 18:32:00,1781116320,1666.63020514,1685.72994842,1651.42298948,1661.52420932,
2026-06-10 18:33:00,1781116380,1661.52420932,1682.29450882,1640.24414444,1681.58821136,
2026-06-10 18:34:00,1781116440,1681.58821136,1707.26701595,1660.83092649,1668.12883934,
2026-06-10 18:35:00,1781116500,1668.12883934,1749.78347636,1668.05845132,1726.8711205,
2026-06-10 18:36:00,1781116560,1726.8711205,1744.54191514,1704.83860044,1743.67569193,
2026-06-10 18:37:00,1781116620,1743.67569193,1781.00835449,1742.08289334,1770.1668429,
2026-06-10 18:38:00,1781116680,1770.1668429,1779.80937529,1756.6468484,1761.69976784,
2026-06-10 18:39:00,1781116740,1761.69976784,1774.53972039,1746.18915753,1765.26522879,
2026-06-10 18:40:00,1781116800,1765.26522879,1777.22643661,1755.08205771,1769.08986768,
2026-06-10 18:41:00,1781116860,1769.08986768,1788.01566473,1757.23541921,1788.01566473,
2026-06-10 18:42:00,1781116920,1788.01566473,1788.01566473,1749.18087647,1785.71169584,
2026-06-10 18:43:00,1781116980,1785.71169584,1801.17395175,1763.27512518,1801.08976803,
2026-06-10 18:44:00,1781117040,1801.08976803,1809.90803466,1777.54222186,1781.79735516,
2026-06-10 18:45:00,1781117100,1781.79735516,1802.47480379,1768.68798157,1788.00708296,
2026-06-10 18:46:00,1781117160,1788.00708296,1816.4992341,1777.42684187,1798.83483328,
2026-06-10 18:47:00,1781117220,1798.83483328,1805.14386225,1789.27542634,1797.53842182,
2026-06-10 18:48:00,1781117280,1797.53842182,1797.53842182,1741.53838429,1758.53526832,
2026-06-10 18:49:00,1781117340,1758.53526832,1771.17899999,1729.82907109,1765.66042514,
2026-06-10 18:50:00,1781117400,1765.66042514,1913.47417932,1763.94510233,1864.81474894,
2026-06-10 18:51:00,1781117460,1864.81474894,1864.81474894,1798.79510457,1811.28584422,
2026-06-10 18:52:00,1781117520,1811.28584422,1819.25306046,1788.91827829,1809.9590601,
2026-06-10 18:53:00,1781117580,1809.9590601,1811.07650518,1751.1836395,1763.4672825,
2026-06-10 18:54:00,1781117640,1763.4672825,1777.96024633,1724.9453824,1735.07357269,
2026-06-10 18:55:00,1781117700,1735.07357269,1788.4073023,1735.07357269,1782.59725154,
2026-06-10 18:56:00,1781117760,1782.59725154,1792.55821543,1748.68719186,1751.84018365,
2026-06-10 18:57:00,1781117820,1751.84018365,1752.05945406,1681.32864834,1686.13553459,
2026-06-10 18:58:00,1781117880,1686.13553459,1701.44600031,1684.57933459,1699.85775866,
2026-06-10 18:59:00,1781117940,1699.85775866,1706.27663559,1688.68533132,1690.85525621,
2026-06-10 19:00:00,1781118000,1690.85525621,1705.47354381,1674.50227526,1701.64605496,
2026-06-10 19:01:00,1781118060,1701.64605496,1702.1497622,1666.92668216,1695.90009886,
2026-06-10 19:02:00,1781118120,1695.90009886,1756.68980597,1695.90009886,1716.97188582,
2026-06-10 19:03:00,1781118180,1716.97188582,1730.61744802,1689.32858795,1699.83599844,
2026-06-10 19:04:00,1781118240,1699.83599844,1754.36269323,1696.93871472,1735.07476097,
2026-06-10 19:05:00,1781118300,1735.07476097,1795.02868148,1735.00175407,1763.53571773,
2026-06-10 19:06:00,1781118360,1763.53571773,1764.19723642,1708.8045069,1716.46613662,
2026-06-10 19:07:00,1781118420,1716.46613662,1716.53884817,1660.38463793,1662.96508517,
2026-06-10 19:08:00,1781118480,1662.96508517,1674.00927695,1641.11937235,1650.12920957,
2026-06-10 19:09:00,1781118540,1650.12920957,1674.14526864,1650.05430869,1654.45436894,
2026-06-10 19:10:00,1781118600,1654.45436894,1710.92782907,1652.52517393,1691.88234985,
2026-06-10 19:11:00,1781118660,1691.88234985,1752.68542475,1689.85339423,1752.68542475,
2026-06-10 19:12:00,1781118720,1752.68542475,1783.11481175,1747.60261289,1748.33500882,
2026-06-10 19:13:00,1781118780,1748.33500882,1763.67759443,1731.01968368,1763.38211896,
2026-06-10 19:14:00,1781118840,1763.38211896,1791.43522131,1756.14752168,1779.00927247,
2026-06-10 19:15:00,1781118900,1779.00927247,1800.11791022,1734.88837811,1742.75631183,
2026-06-10 19:16:00,1781118960,1742.75631183,1749.27496819,1722.49169405,1737.35839743,
2026-06-10 19:17:00,1781119020,1737.35839743,1833.91518291,1731.93832066,1830.35210912,
2026-06-10 19:18:00,1781119080,1830.35210912,1836.88893741,1780.08051014,1782.94280177,
2026-06-10 19:19:00,1781119140,1782.94280177,1813.20134528,1765.6298781,1797.37659297,
2026-06-10 19:20:00,1781119200,1797.37659297,1813.35392076,1778.38320966,1811.0558947,
2026-06-10 19:21:00,1781119260,1811.0558947,1829.54610347,1795.89784361,1803.08179677,
2026-06-10 19:22:00,1781119320,1803.08179677,1811.52428748,1781.89653321,1805.38294031,
2026-06-10 19:23:00,1781119380,1805.38294031,1834.75450661,1805.38294031,1824.4822542,
2026-06-10 19:24:00,1781119440,1824.4822542,1824.4822542,1775.41803494,1775.41803494,
2026-06-10 19:25:00,1781119500,1775.41803494,1780.32003805,1721.81671303,1748.97832197,
2026-06-10 19:26:00,1781119560,1748.97832197,1801.03109017,1736.26503953,1798.74454914,
2026-06-10 19:27:00,1781119620,1798.74454914,1810.13858505,1783.70561092,1794.03518458,
2026-06-10 19:28:00,1781119680,1794.03518458,1799.17368533,1743.73418322,1761.18281266,
2026-06-10 19:29:00,1781119740,1761.18281266,1767.1092661,1737.83650174,1752.53686754,
2026-06-10 19:30:00,1781119800,1752.53686754,1754.50806063,1697.03752791,1707.90897948,
2026-06-10 19:31:00,1781119860,1707.90897948,1716.92149876,1671.70681249,1716.92149876,
2026-06-10 19:32:00,1781119920,1716.92149876,1720.85401689,1685.94589269,1691.8337751,
2026-06-10 19:33:00,1781119980,1691.8337751,1694.23389757,1663.99494887,1670.43993524,
2026-06-10 19:34:00,1781120040,1670.43993524,1670.43993524,1629.87752915,1631.72836138,
2026-06-10 19:35:00,1781120100,1631.72836138,1662.93398679,1620.50593497,1635.88638515,
2026-06-10 19:36:00,1781120160,1635.88638515,1673.07765332,1635.88638515,1659.6868549,
2026-06-10 19:37:00,1781120220,1659.6868549,1659.6868549,1605.91366668,1621.27801922,
2026-06-10 19:38:00,1781120280,1621.27801922,1625.02169771,1590.23623676,1594.52267823,
2026-06-10 19:39:00,1781120340,1594.52267823,1610.67141696,1553.97333323,1608.97834119,
2026-06-10 19:40:00,1781120400,1608.97834119,1636.42007629,1578.6588472,1615.95505111,
2026-06-10 19:41:00,1781120460,1615.95505111,1643.81816404,1598.71330878,1600.96312513,
2026-06-10 19:42:00,1781120520,1600.96312513,1617.22697595,1596.30618549,1612.6283539,
2026-06-10 19:43:00,1781120580,1612.6283539,1629.07431617,1586.01374842,1600.00027182,
2026-06-10 19:44:00,1781120640,1600.00027182,1604.59393832,1585.18435306,1590.45337052,
2026-06-10 19:45:00,1781120700,1590.45337052,1602.20991469,1574.80443148,1596.79623074,
2026-06-10 19:46:00,1781120760,1596.79623074,1657.24627698,1596.79459749,1607.27170257,
2026-06-10 19:47:00,1781120820,1607.27170257,1639.47867389,1605.90751166,1639.40442505,
2026-06-10 19:48:00,1781120880,1639.40442505,1673.53052794,1634.1386688,1670.44192964,
2026-06-10 19:49:00,1781120940,1670.44192964,1670.44192964,1615.9174779,1615.9174779,
2026-06-10 19:50:00,1781121000,1615.9174779,1716.52989514,1612.03083878,1619.76798418,
2026-06-10 19:51:00,1781121060,1619.76798418,1663.20393739,1619.69576951,1625.22343166,
2026-06-10 19:52:00,1781121120,1625.22343166,1640.72902123,1612.64512055,1634.83714,
2026-06-10 19:53:00,1781121180,1634.83714,1634.83714,1597.24111775,1598.28257244,
2026-06-10 19:54:00,1781121240,1598.28257244,1659.01959405,1593.44127665,1630.38463051,
2026-06-10 19:55:00,1781121300,1630.38463051,1650.31952209,1606.45418328,1606.80042545,
2026-06-10 19:56:00,1781121360,1606.80042545,1614.67482237,1577.67815946,1596.38720895,
2026-06-10 19:57:00,1781121420,1596.38720895,1608.52824893,1568.7932761,1583.87879428,
2026-06-10 19:58:00,1781121480,1583.87879428,1616.16192188,1583.87879428,1588.3490168,
2026-06-10 19:59:00,1781121540,1588.3490168,1655.03830036,1588.34737265,1646.34860369,
2026-06-10 20:00:00,1781121600,1646.34860369,1685.53320281,1638.63905347,1678.03887881,
2026-06-10 20:01:00,1781121660,1678.03887881,1745.64132975,1678.03887881,1745.64132975,
2026-06-10 20:02:00,1781121720,1745.64132975,1754.38628061,1688.3695894,1707.85466231,
2026-06-10 20:03:00,1781121780,1707.85466231,1712.5296779,1651.76757225,1667.94286408,
2026-06-10 20:04:00,1781121840,1667.94286408,1722.81451294,1667.65576602,1709.63953679,
2026-06-10 20:05:00,1781121900,1709.63953679,1773.40437298,1702.67236908,1743.14209493,
2026-06-10 20:06:00,1781121960,1743.14209493,1757.21333552,1693.41969536,1751.77411768,
2026-06-10 20:07:00,1781122020,1751.77411768,1781.73704116,1751.77411768,1759.73714043,
2026-06-10 20:08:00,1781122080,1759.73714043,1759.73714043,1739.68958063,1759.52661493,
2026-06-10 20:09:00,1781122140,1759.52661493,1826.38320754,1759.30533875,1771.73754259,
2026-06-10 20:10:00,1781122200,1771.73754259,1780.67104217,1744.88702801,1745.62238235,
2026-06-10 20:11:00,1781122260,1745.62238235,1750.28921163,1727.9451282,1738.17453689,
2026-06-10 20:12:00,1781122320,1738.17453689,1742.50070695,1723.65148517,1737.44274113,
2026-06-10 20:13:00,1781122380,1737.44274113,1758.60234675,1714.46284553,1735.59501321,
2026-06-10 20:14:00,1781122440,1735.59501321,1742.62657779,1721.59492336,1729.86440312,
2026-06-10 20:15:00,1781122500,1729.86440312,1737.82738164,1700.94141324,1718.08427054,
2026-06-10 20:16:00,1781122560,1718.08427054,1763.67820417,1710.31047892,1753.87837453,
2026-06-10 20:17:00,1781122620,1753.87837453,1784.30797382,1729.61236419,1739.6927035,
2026-06-10 20:18:00,1781122680,1739.6927035,1743.21411412,1698.01275993,1713.70353667,
2026-06-10 20:19:00,1781122740,1713.70353667,1718.54980685,1699.91951992,1717.89010303,
2026-06-10 20:20:00,1781122800,1717.89010303,1782.80494227,1717.89010303,1760.24589744,
2026-06-10 20:21:00,1781122860,1760.24589744,1768.92046313,1719.43670062,1760.218398,
2026-06-10 20:22:00,1781122920,1760.218398,1761.03067093,1649.30464848,1651.79965489,
2026-06-10 20:23:00,1781122980,1651.79965489,1694.20194842,1626.44027701,1690.77923717,
2026-06-10 20:24:00,1781123040,1690.77923717,1692.11064162,1631.92915417,1641.82074091,
2026-06-10 20:25:00,1781123100,1641.82074091,1654.83738199,1634.1060987,1640.2840518,
2026-06-10 20:26:00,1781123160,1640.2840518,1665.25182402,1640.2840518,1655.81257919,
2026-06-10 20:27:00,1781123220,1655.81257919,1671.09327874,1653.58969155,1661.58657945,
2026-06-10 20:28:00,1781123280,1661.58657945,1672.14011632,1656.41470674,1659.53674547,
2026-06-10 20:29:00,1781123340,1659.53674547,1663.1399501,1649.26521125,1654.15733665,
2026-06-10 20:30:00,1781123400,1654.15733665,1714.12960733,1654.15575704,1705.72108899,
2026-06-10 20:31:00,1781123460,1705.72108899,1710.6647067,1689.0733379,1703.39917855,
2026-06-10 20:32:00,1781123520,1703.39917855,1727.43587575,1677.60584205,1685.89234288,
2026-06-10 20:33:00,1781123580,1685.89234288,1685.89234288,1656.04532884,1657.04634086,
2026-06-10 20:34:00,1781123640,1657.04634086,1659.44009756,1639.88358912,1651.59641509,
2026-06-10 20:35:00,1781123700,1651.59641509,1675.04754058,1646.37271901,1670.08333858,
2026-06-10 20:36:00,1781123760,1670.08333858,1685.51254205,1666.69789085,1685.2210816,
2026-06-10 20:37:00,1781123820,1685.2210816,1685.2210816,1651.7982102,1652.72866781,
2026-06-10 20:38:00,1781123880,1652.72866781,1681.43912746,1643.9483498,1680.78574966,
2026-06-10 20:39:00,1781123940,1680.78574966,1694.94652214,1663.69435702,1693.56454743,
2026-06-10 20:40:00,1781124000,1693.56454743,1704.23570917,1687.08826147,1694.06494858,
2026-06-10 20:41:00,1781124060,1694.06494858,1694.87333968,1679.18367028,1681.06190017,
2026-06-10 20:42:00,1781124120,1681.06190017,1703.0398671,1681.06190017,1701.21105585,
2026-06-10 20:43:00,1781124180,1701.21105585,1712.58087408,1675.2895014,1699.19917155,
2026-06-10 20:44:00,1781124240,1699.19917155,1728.35936868,1687.89446728,1728.35936868,
2026-06-10 20:45:00,1781124300,1728.35936868,1738.97061255,1704.40767888,1738.00760805,
2026-06-10 20:46:00,1781124360,1738.00760805,1771.77369296,1738.00760805,1755.0431109,
2026-06-10 20:47:00,1781124420,1755.0431109,1774.8098098,1746.25378323,1749.16730389,
2026-06-10 20:48:00,1781124480,1749.16730389,1768.62050703,1737.40803291,1740.15687476,
2026-06-10 20:49:00,1781124540,1740.15687476,1745.7691345,1725.06381983,1728.07443189,
2026-06-10 20:50:00,1781124600,1728.07443189,1777.06668842,1704.4550575,1769.92167891,
2026-06-10 20:51:00,1781124660,1769.92167891,1799.25455937,1750.06769286,1751.22772561,
2026-06-10 20:52:00,1781124720,1751.22772561,1763.60893482,1740.50114143,1758.44293979,
2026-06-10 20:53:00,1781124780,1758.44293979,1803.99256985,1758.44142728,1786.51292061,
2026-06-10 20:54:00,1781124840,1786.51292061,1790.31250675,1752.56252048,1752.56252048,
2026-06-10 20:55:00,1781124900,1752.56252048,1799.19693584,1745.23598753,1799.05183248,
2026-06-10 20:56:00,1781124960,1799.05183248,1799.76780358,1781.66229981,1781.73706466,
2026-06-10 20:57:00,1781125020,1781.73706466,1797.85752303,1781.47691406,1790.56949843,
2026-06-10 20:58:00,1781125080,1790.56949843,1790.56949843,1721.80182988,1733.7052032,
2026-06-10 20:59:00,1781125140,1733.7052032,1739.58372933,1722.2482604,1728.46916119,
2026-06-10 21:00:00,1781125200,1728.46916119,1778.32780203,1728.39242682,1772.61978831,
2026-06-10 21:01:00,1781125260,1772.61978831,1772.61978831,1743.49272424,1747.58380294,
2026-06-10 21:02:00,1781125320,1747.58380294,1764.36196567,1738.52170797,1763.4588488,
2026-06-10 21:03:00,1781125380,1763.4588488,1764.07434453,1738.71863413,1747.20089047,
2026-06-10 21:04:00,1781125440,1747.20089047,1772.50959467,1746.60509496,1771.8372067,
2026-06-10 21:05:00,1781125500,1771.8372067,1839.17488968,1771.8372067,1820.14782485,
2026-06-10 21:06:00,1781125560,1820.14782485,1836.58769073,1794.72060048,1836.58769073,
2026-06-10 21:07:00,1781125620,1836.58769073,1849.24344421,1824.3944119,1847.4915628,
2026-06-10 21:08:00,1781125680,1847.4915628,1861.55565702,1842.47415773,1857.07098174,
2026-06-10 21:09:00,1781125740,1857.07098174,1870.9602139,1846.61388889,1868.85581479,
2026-06-10 21:10:00,1781125800,1868.85581479,1948.10610139,1864.46230491,1907.19627815,
2026-06-10 21:11:00,1781125860,1907.19627815,1951.60906624,1898.35216856,1948.28842508,
2026-06-10 21:12:00,1781125920,1948.28842508,1970.88520551,1913.12083342,1970.72993912,
2026-06-10 21:13:00,1781125980,1970.72993912,1970.80757162,1935.29735986,1935.93846492,
2026-06-10 21:14:00,1781126040,1935.93846492,1955.58374415,1934.77846054,1936.26478186,
2026-06-10 21:15:00,1781126100,1936.26478186,1936.26478186,1876.31342375,1880.15319569,
2026-06-10 21:16:00,1781126160,1880.15319569,1880.15319569,1846.88677139,1848.32172855,
2026-06-10 21:17:00,1781126220,1848.32172855,1861.03041326,1824.43606721,1854.98330475,
2026-06-10 21:18:00,1781126280,1854.98330475,1928.46159635,1854.75564382,1906.32501287,
2026-06-10 21:19:00,1781126340,1906.32501287,1912.73537963,1856.57686601,1876.47506438,
2026-06-10 21:20:00,1781126400,1876.47506438,1915.96273479,1876.47506438,1890.83521188,
2026-06-10 21:21:00,1781126460,1890.83521188,1921.80288342,1889.76305796,1909.05607868,
2026-06-10 21:22:00,1781126520,1909.05607868,1910.85944735,1864.48251395,1864.86065477,
2026-06-10 21:23:00,1781126580,1864.86065477,1899.37326898,1847.2915115,1894.94766657,
2026-06-10 21:24:00,1781126640,1894.94766657,1948.31710763,1891.67152972,1941.21260527,
2026-06-10 21:25:00,1781126700,1941.21260527,1945.14348836,1907.15373997,1908.45034701,
2026-06-10 21:26:00,1781126760,1908.45034701,1917.60141506,1903.97779811,1909.34464845,
2026-06-10 21:27:00,1781126820,1909.34464845,1912.76441176,1877.42630336,1911.6559713,
2026-06-10 21:28:00,1781126880,1911.6559713,1914.94305611,1886.66914123,1914.94305611,
2026-06-10 21:29:00,1781126940,1914.94305611,1917.48041118,1894.47851601,1911.72454028,
2026-06-10 21:30:00,1781127000,1911.72454028,1917.1163319,1845.40401656,1863.53789445,
2026-06-10 21:31:00,1781127060,1863.53789445,1864.79362371,1848.98587208,1852.08606471,
2026-06-10 21:32:00,1781127120,1852.08606471,1861.22388493,1817.48340518,1825.58574303,
2026-06-10 21:33:00,1781127180,1825.58574303,1830.70312041,1803.53667388,1803.53667388,
2026-06-10 21:34:00,1781127240,1803.53667388,1834.7825865,1799.01538154,1814.41859646,
2026-06-10 21:35:00,1781127300,1814.41859646,1863.57567331,1803.89707746,1844.59058987,
2026-06-10 21:36:00,1781127360,1844.59058987,1862.3563311,1840.99781106,1846.49736213,
2026-06-10 21:37:00,1781127420,1846.49736213,1859.14786785,1841.64428472,1848.05122104,
2026-06-10 21:38:00,1781127480,1848.05122104,1863.90393636,1841.57819293,1846.39915738,
2026-06-10 21:39:00,1781127540,1846.39915738,1885.40121458,1846.39766376,1885.39974155,
2026-06-10 21:40:00,1781127600,1885.39974155,1890.02922562,1866.78346215,1866.78346215,
2026-06-10 21:41:00,1781127660,1866.78346215,1867.48883802,1854.96484346,1856.7047876,
2026-06-10 21:42:00,1781127720,1856.7047876,1868.36121651,1852.44324073,1852.59446455,
2026-06-10 21:43:00,1781127780,1852.59446455,1857.82160996,1825.20904003,1848.31785193,
2026-06-10 21:44:00,1781127840,1848.31785193,1849.53376524,1822.91667364,1824.45946669,
2026-06-10 21:45:00,1781127900,1824.45946669,1854.66139443,1818.82481893,1854.66139443,
2026-06-10 21:46:00,1781127960,1854.66139443,1860.74142824,1830.87183987,1833.65426428,
2026-06-10 21:47:00,1781128020,1833.65426428,1856.99644664,1833.57744311,1835.66432837,
2026-06-10 21:48:00,1781128080,1835.66432837,1835.81503976,1820.22068996,1826.25426338,
2026-06-10 21:49:00,1781128140,1826.25426338,1991.46430526,1826.25426338,1980.60098403,
2026-06-10 21:50:00,1781128200,1980.60098403,2192.9349096,1980.60098403,2070.09464981,
2026-06-10 21:51:00,1781128260,2070.09464981,2196.96428326,2069.93554477,2190.73143032,
2026-06-10 21:52:00,1781128320,2190.73143032,2200.31372198,2144.03222978,2177.44317126,
2026-06-10 21:53:00,1781128380,2177.44317126,2201.72250485,2133.19844477,2195.62980632,
2026-06-10 21:54:00,1781128440,2195.62980632,2195.62980632,2162.95516113,2182.17458722,
2026-06-10 21:55:00,1781128500,2182.17458722,2198.66363128,2151.40472055,2181.27325248,
2026-06-10 21:56:00,1781128560,2181.27325248,2183.78529593,2137.73505191,2137.73505191,
2026-06-10 21:57:00,1781128620,2137.73505191,2221.32222077,2126.03778667,2214.79750811,
2026-06-10 21:58:00,1781128680,2214.79750811,2241.67672352,2153.86391372,2153.86391372,
2026-06-10 21:59:00,1781128740,2153.86391372,2158.00508926,2092.11587171,2102.22755149,
2026-06-10 22:00:00,1781128800,2102.22755149,2210.22401341,2093.639596,2166.25597828,
2026-06-10 22:01:00,1781128860,2166.25597828,2205.74938209,2152.52286833,2202.26919092,
2026-06-10 22:02:00,1781128920,2202.26919092,2238.63465489,2179.91163834,2238.63465489,
2026-06-10 22:03:00,1781128980,2238.63465489,2247.29729205,2177.37479336,2195.42248741,
2026-06-10 22:04:00,1781129040,2195.42248741,2257.79621623,2195.42248741,2249.15080033,
2026-06-10 22:05:00,1781129100,2249.15080033,2254.58514336,2196.14390644,2243.95126779,
2026-06-10 22:06:00,1781129160,2243.95126779,2253.81019023,2182.54019108,2197.41664198,
2026-06-10 22:07:00,1781129220,2197.41664198,2211.82041618,2177.89721303,2183.12153886,
2026-06-10 22:08:00,1781129280,2183.12153886,2199.08758594,2170.61287696,2172.07215454,
2026-06-10 22:09:00,1781129340,2172.07215454,2186.64884833,2170.34479438,2177.73136707,
2026-06-10 22:10:00,1781129400,2177.73136707,2177.9698541,2129.91597723,2142.21210916,
2026-06-10 22:11:00,1781129460,2142.21210916,2213.58014337,2131.71897544,2213.58014337,
2026-06-10 22:12:00,1781129520,2213.58014337,2227.40209604,2153.73619349,2184.80606388,
2026-06-10 22:13:00,1781129580,2184.80606388,2229.08386306,2177.54521192,2211.82442575,
2026-06-10 22:14:00,1781129640,2211.82442575,2222.08802911,2198.3620564,2201.13365049,
2026-06-10 22:15:00,1781129700,2201.13365049,2272.37739115,2201.13365049,2264.23425553,
2026-06-10 22:16:00,1781129760,2264.23425553,2280.17437895,2239.29499977,2262.2476812,
2026-06-10 22:17:00,1781129820,2262.2476812,2306.1741399,2257.47979026,2298.24960513,
2026-06-10 22:18:00,1781129880,2298.24960513,2303.54892425,2268.68153211,2276.78527092,
2026-06-10 22:19:00,1781129940,2276.78527092,2299.91617214,2192.95500051,2299.11373752,
2026-06-10 22:20:00,1781130000,2299.11373752,2322.92584431,2278.0534137,2295.9541066,
2026-06-10 22:21:00,1781130060,2295.9541066,2296.11600165,2178.84780349,2196.26579496,
2026-06-10 22:22:00,1781130120,2196.26579496,2245.13869452,2187.94552266,2233.11330282,
2026-06-10 22:23:00,1781130180,2233.11330282,2254.4548322,2216.74197212,2218.58943342,
2026-06-10 22:24:00,1781130240,2218.58943342,2266.20340644,2185.77886448,2189.10529254,
2026-06-10 22:25:00,1781130300,2189.10529254,2217.32656749,2139.05944704,2143.13958862,
2026-06-10 22:26:00,1781130360,2143.13958862,2201.91869014,2143.13958862,2187.51478681,
2026-06-10 22:27:00,1781130420,2187.51478681,2206.84345488,2149.26677253,2159.24987739,
2026-06-10 22:28:00,1781130480,2159.24987739,2168.54058748,2127.93821826,2168.54058748,
2026-06-10 22:29:00,1781130540,2168.54058748,2225.09680202,2168.38130636,2201.29099911,
2026-06-10 22:30:00,1781130600,2201.29099911,2212.00097068,2104.04126536,2125.8837099,
2026-06-10 22:31:00,1781130660,2125.8837099,2126.58884301,2062.96412076,2068.16525082,
2026-06-10 22:32:00,1781130720,2068.16525082,2101.97956713,2055.94670606,2083.72527802,
2026-06-10 22:33:00,1781130780,2083.72527802,2098.58165147,2078.47668289,2093.75061917,
2026-06-10 22:34:00,1781130840,2093.75061917,2169.21630648,2091.65919359,2156.45530243,
2026-06-10 22:35:00,1781130900,2156.45530243,2157.40327061,2089.67856122,2091.3604202,
2026-06-10 22:36:00,1781130960,2091.3604202,2154.69201597,2091.3604202,2139.83577732,
2026-06-10 22:37:00,1781131020,2139.83577732,2151.30765388,2084.72517368,2107.70287827,
2026-06-10 22:38:00,1781131080,2107.70287827,2127.52883242,2077.16567597,2079.08942679,
2026-06-10 22:39:00,1781131140,2079.08942679,2105.93533311,2079.08942679,2093.89572634,
2026-06-10 22:40:00,1781131200,2093.89572634,2106.47299043,2043.94275678,2053.16635492,
2026-06-10 22:41:00,1781131260,2053.16635492,2081.72076886,2053.01142441,2068.32430257,
2026-06-10 22:42:00,1781131320,2068.32430257,2070.12088202,2006.15683958,2006.30873456,
2026-06-10 22:43:00,1781131380,2006.30873456,2006.38390511,1939.29156938,1959.05377147,
2026-06-10 22:44:00,1781131440,1959.05377147,2017.71783321,1943.9168735,1959.73310767,
2026-06-10 22:45:00,1781131500,1959.73310767,2039.9792204,1953.05801829,2017.80508925,
2026-06-10 22:46:00,1781131560,2017.80508925,2038.20920869,1989.29475342,1991.51628836,
2026-06-10 22:47:00,1781131620,1991.51628836,2039.81566287,1991.51628836,2037.97536522,
2026-06-10 22:48:00,1781131680,2037.97536522,2064.46617641,2001.81028916,2024.82068866,
2026-06-10 22:49:00,1781131740,2024.82068866,2068.29977992,2024.82068866,2047.72696414,
2026-06-10 22:50:00,1781131800,2047.72696414,2050.52606042,2006.73374789,2037.33441313,
2026-06-10 22:51:00,1781131860,2037.33441313,2046.58835505,2013.85845333,2038.95536526,
2026-06-10 22:52:00,1781131920,2038.95536526,2043.98275248,2003.23104868,2029.69352801,
2026-06-10 22:53:00,1781131980,2029.69352801,2084.66278785,2029.61294306,2038.92903598,
2026-06-10 22:54:00,1781132040,2038.92903598,2044.57653729,2027.5479946,2030.71441883,
2026-06-10 22:55:00,1781132100,2030.71441883,2053.45145133,2009.71567073,2048.52196081,
2026-06-10 22:56:00,1781132160,2048.52196081,2055.6165155,2042.72565983,2044.47700563,
2026-06-10 22:57:00,1781132220,2044.47700563,2060.55653147,2038.67295878,2038.67295878,
2026-06-10 22:58:00,1781132280,2038.67295878,2061.74480415,2035.86933959,2057.34370862,
2026-06-10 22:59:00,1781132340,2057.34370862,2096.51255977,2057.26404626,2081.64997785,
2026-06-10 23:00:00,1781132400,2081.64997785,2145.38619516,2080.23292792,2133.39843566,
2026-06-10 23:01:00,1781132460,2133.39843566,2133.47783789,2096.44675531,2111.34264962,
2026-06-10 23:02:00,1781132520,2111.34264962,2128.87406501,2087.17937822,2107.25920319,
2026-06-10 23:03:00,1781132580,2107.25920319,2114.79190508,2086.43098526,2105.87308529,
2026-06-10 23:04:00,1781132640,2105.87308529,2117.56933714,2095.19922514,2104.78075751,
2026-06-10 23:05:00,1781132700,2104.78075751,2119.84437637,2092.37429449,2108.27131044,
2026-06-10 23:06:00,1781132760,2108.27131044,2118.06234036,2101.55752635,2109.18490897,
2026-06-10 23:07:00,1781132820,2109.18490897,2132.94723413,2097.41513396,2100.25081297,
2026-06-10 23:08:00,1781132880,2100.25081297,2135.01312649,2099.93232554,2134.44926174,
2026-06-10 23:09:00,1781132940,2134.44926174,2203.76797553,2114.21502061,2186.70036263,
2026-06-10 23:10:00,1781133000,2186.70036263,2221.51591262,2186.45815509,2201.48904774,
2026-06-10 23:11:00,1781133060,2201.48904774,2237.53982511,2198.10461964,2206.46848397,
2026-06-10 23:12:00,1781133120,2206.46848397,2238.05886035,2194.92330612,2218.07071168,
2026-06-10 23:13:00,1781133180,2218.07071168,2232.80088799,2205.53115529,2226.29753794,
2026-06-10 23:14:00,1781133240,2226.29753794,2235.3863008,2218.97857603,2226.37713469,
2026-06-10 23:15:00,1781133300,2226.37713469,2263.57845322,2220.54963132,2239.85992443,
2026-06-10 23:16:00,1781133360,2239.85992443,2267.39997589,2235.26076989,2236.05689453,
2026-06-10 23:17:00,1781133420,2236.05689453,2241.44918201,2191.33339611,2198.14382665,
2026-06-10 23:18:00,1781133480,2198.14382665,2198.30357251,2156.6523739,2179.19042997,
2026-06-10 23:19:00,1781133540,2179.19042997,2195.63288677,2081.50662655,2108.85934895,
2026-06-10 23:20:00,1781133600,2108.85934895,2126.07531977,2004.86346962,2015.73059498,
2026-06-10 23:21:00,1781133660,2015.73059498,2045.82578227,2002.50925797,2023.37634106,
2026-06-10 23:22:00,1781133720,2023.37634106,2037.61473242,1998.83399022,2010.72517087,
2026-06-10 23:23:00,1781133780,2010.72517087,2014.0985155,1992.1708601,2000.8035493,
2026-06-10 23:24:00,1781133840,2000.8035493,2045.34298725,1995.66967348,2027.59282374,
2026-06-10 23:25:00,1781133900,2027.59282374,2040.11697658,1976.70873699,2037.01991549,
2026-06-10 23:26:00,1781133960,2037.01991549,2048.99475431,2005.05520675,2017.27916659,
2026-06-10 23:27:00,1781134020,2017.27916659,2024.65847801,1986.711102,1989.64763336,
2026-06-10 23:28:00,1781134080,1989.64763336,2007.64988072,1980.22191924,1980.52768822,
2026-06-10 23:29:00,1781134140,1980.52768822,1983.01236317,1936.77775707,1957.35072371,
2026-06-10 23:30:00,1781134200,1957.35072371,1962.46547859,1935.50983572,1948.30233403,
2026-06-10 23:31:00,1781134260,1948.30233403,2010.56460022,1948.30233403,1997.38176448,
2026-06-10 23:32:00,1781134320,1997.38176448,2023.91600996,1968.08826044,1975.1925236,
2026-06-10 23:33:00,1781134380,1975.1925236,2018.54648785,1966.95175701,2013.88716045,
2026-06-10 23:34:00,1781134440,2013.88716045,2017.07363507,1992.767148,1993.68680403,
2026-06-10 23:35:00,1781134500,1993.68680403,1993.68680403,1950.02746855,1968.64969662,
2026-06-10 23:36:00,1781134560,1968.64969662,1968.64969662,1931.79049304,1961.53140677,
2026-06-10 23:37:00,1781134620,1961.53140677,1968.63788044,1960.9037419,1963.5893639,
2026-06-10 23:38:00,1781134680,1963.5893639,1991.75635228,1963.51138526,1981.27170371,
2026-06-10 23:39:00,1781134740,1981.27170371,2002.49848368,1979.11685458,1996.24189105,
2026-06-10 23:40:00,1781134800,1996.24189105,2012.10640341,1968.03784912,1968.68193703,
2026-06-10 23:41:00,1781134860,1968.68193703,1970.90719193,1936.29308685,1943.5189254,
2026-06-10 23:42:00,1781134920,1943.5189254,1944.3552035,1907.08922653,1929.34505391,
2026-06-10 23:43:00,1781134980,1929.34505391,1942.25572374,1921.16072086,1940.01802837,
2026-06-10 23:44:00,1781135040,1940.01802837,1961.35218193,1939.94197958,1956.05065639,
2026-06-10 23:45:00,1781135100,1956.05065639,1995.82387409,1952.94859896,1962.5952394,
2026-06-10 23:46:00,1781135160,1962.5952394,1978.54304522,1961.62387393,1974.12444105,
2026-06-10 23:47:00,1781135220,1974.12444105,1988.39195293,1960.25624635,1960.40618325,
2026-06-10 23:48:00,1781135280,1960.40618325,1985.19987767,1951.21825935,1985.19987767,
2026-06-10 23:49:00,1781135340,1985.19987767,2002.81306835,1984.42812482,1998.97796197,
2026-06-10 23:50:00,1781135400,1998.97796197,2010.40920007,1984.64166813,1988.71067804,
2026-06-10 23:51:00,1781135460,1988.71067804,1993.80362203,1965.14793809,1975.83553284,
2026-06-10 23:52:00,1781135520,1975.83553284,1975.83553284,1942.39731256,1946.85873553,
2026-06-10 23:53:00,1781135580,1946.85873553,1948.41727516,1918.94716291,1942.181034,
2026-06-10 23:54:00,1781135640,1942.181034,1974.15758203,1942.181034,1952.77515939,
2026-06-10 23:55:00,1781135700,1952.77515939,1960.23658128,1945.61411747,1957.98004762,
2026-06-10 23:56:00,1781135760,1957.98004762,1977.78090478,1955.59918518,1969.05701531,
2026-06-10 23:57:00,1781135820,1969.05701531,1987.40875508,1967.41114351,1985.02686401,
2026-06-10 23:58:00,1781135880,1985.02686401,1986.48717248,1975.10624058,1977.52881068,
2026-06-10 23:59:00,1781135940,1977.52881068,1982.23898966,1957.28973407,1979.31002088,
2026-06-11 00:00:00,1781136000,1979.31002088,1979.31002088,1922.53073251,1926.41204858,
2026-06-11 00:01:00,1781136060,1926.41204858,1934.9977909,1896.04945515,1899.12564135,
2026-06-11 00:02:00,1781136120,1899.12564135,1900.75343978,1866.5177631,1892.74163148,
2026-06-11 00:03:00,1781136180,1892.74163148,1906.53722707,1884.94868421,1904.29043323,
2026-06-11 00:04:00,1781136240,1904.29043323,1935.00159174,1876.15708078,1926.75113652,
2026-06-11 00:05:00,1781136300,1926.75113652,1928.35150453,1874.7319539,1879.09470842,
2026-06-11 00:06:00,1781136360,1879.09470842,1911.82937921,1867.02513453,1878.74645973,
2026-06-11 00:07:00,1781136420,1878.74645973,1879.04647963,1846.50508893,1861.72591434,
2026-06-11 00:08:00,1781136480,1861.72591434,1906.15747715,1861.72591434,1882.34266573,
2026-06-11 00:09:00,1781136540,1882.34266573,1924.58666376,1882.34266573,1897.80703615,
2026-06-11 00:10:00,1781136600,1897.80703615,1913.66373211,1877.96667609,1900.62849283,
2026-06-11 00:11:00,1781136660,1900.62849283,1900.85630291,1860.85888553,1860.85888553,
2026-06-11 00:12:00,1781136720,1860.85888553,1890.96807183,1860.34555947,1860.34555947,
2026-06-11 00:13:00,1781136780,1860.34555947,1861.57841138,1829.59155076,1847.6511465,
2026-06-11 00:14:00,1781136840,1847.6511465,1859.06681965,1831.00894553,1837.88080896,
2026-06-11 00:15:00,1781136900,1837.88080896,1837.88080896,1759.89207863,1766.27168244,
2026-06-11 00:16:00,1781136960,1766.27168244,1776.76500456,1712.49210637,1731.64284381,
2026-06-11 00:17:00,1781137020,1731.64284381,1733.24183161,1626.11296471,1629.28477697,
2026-06-11 00:18:00,1781137080,1629.28477697,1736.59945724,1629.28477697,1716.55127825,
2026-06-11 00:19:00,1781137140,1716.55127825,1717.33047436,1649.1289672,1663.45052856,
2026-06-11 00:20:00,1781137200,1663.45052856,1671.44495626,1628.92320502,1643.12267372,
2026-06-11 00:21:00,1781137260,1643.12267372,1658.85438811,1619.62548463,1637.73874491,
2026-06-11 00:22:00,1781137320,1637.73874491,1691.56508241,1636.25449587,1686.65908518,
2026-06-11 00:23:00,1781137380,1686.65908518,1734.11750803,1686.22873092,1713.12215072,
2026-06-11 00:24:00,1781137440,1713.12215072,1744.59792712,1703.66666118,1704.17210637,
2026-06-11 00:25:00,1781137500,1704.17210637,1728.47729463,1698.88574462,1704.64658249,
2026-06-11 00:26:00,1781137560,1704.64658249,1717.7278522,1695.37000973,1697.534717,
2026-06-11 00:27:00,1781137620,1697.534717,1742.26570263,1691.77405306,1735.91601085,
2026-06-11 00:28:00,1781137680,1735.91601085,1747.35920572,1687.60059345,1687.60059345,
2026-06-11 00:29:00,1781137740,1687.60059345,1701.57261316,1684.44101048,1684.80009894,
2026-06-11 00:30:00,1781137800,1684.80009894,1708.5110837,1676.8399328,1704.59815145,
2026-06-11 00:31:00,1781137860,1704.59815145,1724.35178765,1696.24259797,1697.68356156,
2026-06-11 00:32:00,1781137920,1697.68356156,1702.79874828,1684.29423112,1692.61070969,
2026-06-11 00:33:00,1781137980,1692.61070969,1721.18009935,1678.54419644,1700.70272906,
2026-06-11 00:34:00,1781138040,1700.70272906,1734.63592455,1683.36640735,1734.63592455,
2026-06-11 00:35:00,1781138100,1734.63592455,1743.36396159,1706.10975216,1706.32672656,
2026-06-11 00:36:00,1781138160,1706.32672656,1764.0606243,1705.6844523,1756.88682342,
2026-06-11 00:37:00,1781138220,1756.88682342,1760.60312238,1718.32960675,1720.0357988,
2026-06-11 00:38:00,1781138280,1720.0357988,1752.12473339,1715.63018304,1745.73738802,
2026-06-11 00:39:00,1781138340,1745.73738802,1768.87738255,1744.93048076,1754.14108207,
2026-06-11 00:40:00,1781138400,1754.14108207,1759.83639398,1746.86808543,1751.02189492,
2026-06-11 00:41:00,1781138460,1751.02189492,1757.50289531,1717.99457687,1719.56823623,
2026-06-11 00:42:00,1781138520,1719.56823623,1719.56823623,1678.31386474,1688.50951681,
2026-06-11 00:43:00,1781138580,1688.50951681,1718.58683202,1677.38472996,1718.36877277,
2026-06-11 00:44:00,1781138640,1718.36877277,1762.72713787,1718.36708278,1759.57486097,
2026-06-11 00:45:00,1781138700,1759.57486097,1760.45812595,1696.01072646,1705.44747571,
2026-06-11 00:46:00,1781138760,1705.44747571,1713.96111148,1662.28321838,1663.42598407,
2026-06-11 00:47:00,1781138820,1663.42598407,1701.770147,1647.93451544,1697.83001397,
2026-06-11 00:48:00,1781138880,1697.83001397,1699.57748937,1662.08599415,1662.46490003,
2026-06-11 00:49:00,1781138940,1662.46490003,1679.3001966,1662.46490003,1668.17824978,
2026-06-11 00:50:00,1781139000,1668.17824978,1688.53091786,1668.10487092,1680.01805222,
2026-06-11 00:51:00,1781139060,1680.01805222,1708.08808426,1674.45596066,1690.92426711,
2026-06-11 00:52:00,1781139120,1690.92426711,1690.92426711,1654.86989032,1669.44775729,
2026-06-11 00:53:00,1781139180,1669.44775729,1696.30367975,1667.50688902,1695.23059499,
2026-06-11 00:54:00,1781139240,1695.23059499,1738.87276982,1695.08602181,1726.46321644,
2026-06-11 00:55:00,1781139300,1726.46321644,1736.3270754,1701.09074782,1709.71739542,
2026-06-11 00:56:00,1781139360,1709.71739542,1729.73343074,1709.4500747,1723.53676234,
2026-06-11 00:57:00,1781139420,1723.53676234,1726.89129615,1715.27484119,1717.06024797,
2026-06-11 00:58:00,1781139480,1717.06024797,1719.43991335,1697.0721966,1701.64236274,
2026-06-11 00:59:00,1781139540,1701.64236274,1736.82752347,1683.79746213,1736.68127451,
2026-06-11 01:00:00,1781139600,1736.68127451,1737.33776259,1700.27999262,1724.38368404,
2026-06-11 01:01:00,1781139660,1724.38368404,1724.6007061,1657.77224698,1659.08687901,
2026-06-11 01:02:00,1781139720,1659.08687901,1670.21138655,1644.36471216,1669.42513683,
2026-06-11 01:03:00,1781139780,1669.42513683,1679.69825411,1656.39810003,1669.51258084,
2026-06-11 01:04:00,1781139840,1669.51258084,1673.03048408,1602.15945335,1624.17121831,
2026-06-11 01:05:00,1781139900,1624.17121831,1644.89980052,1590.8398486,1604.6614667,
2026-06-11 01:06:00,1781139960,1604.6614667,1629.11215345,1595.21537908,1629.11215345,
2026-06-11 01:07:00,1781140020,1629.11215345,1665.59773883,1629.06837502,1644.20495617,
2026-06-11 01:08:00,1781140080,1644.20495617,1657.84919417,1628.55299733,1629.04473355,
2026-06-11 01:09:00,1781140140,1629.04473355,1660.64420183,1622.52899499,1654.80140271,
2026-06-11 01:10:00,1781140200,1654.80140271,1654.80140271,1612.97488993,1618.27208934,
2026-06-11 01:11:00,1781140260,1618.27208934,1623.43261949,1606.03100167,1615.69080173,
2026-06-11 01:12:00,1781140320,1615.69080173,1620.7248183,1588.94201487,1598.34662261,
2026-06-11 01:13:00,1781140380,1598.34662261,1608.25008879,1527.41434175,1532.97752913,
2026-06-11 01:14:00,1781140440,1532.97752913,1573.57972756,1515.27262429,1573.09006886,
2026-06-11 01:15:00,1781140500,1573.09006886,1592.50591983,1537.22424406,1570.74503837,
2026-06-11 01:16:00,1781140560,1570.74503837,1576.52965655,1479.31808177,1491.10999614,
2026-06-11 01:17:00,1781140620,1491.10999614,1543.54687203,1487.38017363,1520.07135085,
2026-06-11 01:18:00,1781140680,1520.07135085,1535.24786045,1509.65901434,1518.42869237,
2026-06-11 01:19:00,1781140740,1518.42869237,1518.42869237,1450.27135529,1459.62851136,
2026-06-11 01:20:00,1781140800,1459.62851136,1512.65215808,1459.43126131,1509.42559831,
2026-06-11 01:21:00,1781140860,1509.42559831,1512.04770441,1470.77187819,1478.14601248,
2026-06-11 01:22:00,1781140920,1478.14601248,1523.0185184,1469.01491522,1514.69965625,
2026-06-11 01:23:00,1781140980,1514.69965625,1514.69965625,1470.86065042,1471.64353673,
2026-06-11 01:24:00,1781141040,1471.64353673,1486.94170887,1462.83470735,1479.14078578,
2026-06-11 01:25:00,1781141100,1479.14078578,1491.04897674,1464.87742593,1472.71121423,
2026-06-11 01:26:00,1781141160,1472.71121423,1489.66854966,1440.46771807,1487.97115694,
2026-06-11 01:27:00,1781141220,1487.97115694,1516.75144921,1483.37783268,1483.6030606,
2026-06-11 01:28:00,1781141280,1483.6030606,1494.46861057,1476.89538329,1494.12737766,
2026-06-11 01:29:00,1781141340,1494.12737766,1506.2497931,1475.25140766,1476.49293268,
2026-06-11 01:30:00,1781141400,1476.49293268,1482.24800719,1458.7134642,1481.07309085,
2026-06-11 01:31:00,1781141460,1481.07309085,1517.18891598,1480.3983613,1514.52082003,
2026-06-11 01:32:00,1781141520,1514.52082003,1514.52082003,1460.67053577,1460.76864115,
2026-06-11 01:33:00,1781141580,1460.76864115,1505.30781286,1459.22463088,1497.24358985,
2026-06-11 01:34:00,1781141640,1497.24358985,1502.48433853,1472.02558415,1473.69125122,
2026-06-11 01:35:00,1781141700,1473.69125122,1506.22310997,1473.48576232,1493.35304575,
2026-06-11 01:36:00,1781141760,1493.35304575,1528.23172356,1493.35118919,1528.09093388,
2026-06-11 01:37:00,1781141820,1528.09093388,1535.14549885,1510.29147409,1519.81117812,
2026-06-11 01:38:00,1781141880,1519.81117812,1519.81117812,1437.82912901,1437.82912901,
2026-06-11 01:39:00,1781141940,1437.82912901,1440.19627086,1404.69389661,1419.02496464,
2026-06-11 01:40:00,1781142000,1419.02496464,1440.82396479,1419.02496464,1440.05131823,
2026-06-11 01:41:00,1781142060,1440.05131823,1440.05131823,1347.2446182,1351.71526317,
2026-06-11 01:42:00,1781142120,1351.71526317,1404.68977424,1351.71526317,1396.54876598,
2026-06-11 01:43:00,1781142180,1396.54876598,1406.00967008,1380.22390011,1392.13033348,
2026-06-11 01:44:00,1781142240,1392.13033348,1433.23207964,1392.13033348,1421.80162941,
2026-06-11 01:45:00,1781142300,1421.80162941,1434.67088972,1417.04127282,1434.53626713,
2026-06-11 01:46:00,1781142360,1434.53626713,1437.98772313,1395.44654464,1406.62626196,
2026-06-11 01:47:00,1781142420,1406.62626196,1416.6868843,1390.87663695,1413.91383349,
2026-06-11 01:48:00,1781142480,1413.91383349,1436.45624594,1407.65403523,1436.32326969,
2026-06-11 01:49:00,1781142540,1436.32326969,1438.05248652,1397.99568796,1409.77472983,
2026-06-11 01:50:00,1781142600,1409.77472983,1451.31457668,1409.64116514,1433.9712349,
2026-06-11 01:51:00,1781142660,1433.9712349,1433.9712349,1400.12420024,1407.29528984,
2026-06-11 01:52:00,1781142720,1407.29528984,1421.88183918,1389.56188039,1419.13680824,
2026-06-11 01:53:00,1781142780,1419.13680824,1423.52294126,1406.05576246,1416.56363069,
2026-06-11 01:54:00,1781142840,1416.56363069,1444.68456982,1407.45718321,1444.03671817,
2026-06-11 01:55:00,1781142900,1444.03671817,1474.12542837,1443.90132769,1468.51646079,
2026-06-11 01:56:00,1781142960,1468.51646079,1471.37598279,1446.19041697,1447.8334999,
2026-06-11 01:57:00,1781143020,1447.8334999,1451.82794974,1433.2879176,1433.48937175,
2026-06-11 01:58:00,1781143080,1433.48937175,1444.38441527,1428.23619862,1430.18649594,
2026-06-11 01:59:00,1781143140,1430.18649594,1451.11803953,1410.83841194,1449.79724927,
2026-06-11 02:00:00,1781143200,1449.79724927,1449.79724927,1429.39095962,1438.08331914,
2026-06-11 02:01:00,1781143260,1438.08331914,1464.6319969,1422.0908855,1422.0908855,
2026-06-11 02:02:00,1781143320,1422.0908855,1444.14667814,1398.11810373,1444.01097904,
2026-06-11 02:03:00,1781143380,1444.01097904,1457.63583943,1429.61727939,1432.68154228,
2026-06-11 02:04:00,1781143440,1432.68154228,1436.10355552,1399.61203885,1405.09344137,
2026-06-11 02:05:00,1781143500,1405.09344137,1440.80881435,1399.77139341,1434.06378348,
2026-06-11 02:06:00,1781143560,1434.06378348,1462.4895817,1424.08109576,1460.12584308,
2026-06-11 02:07:00,1781143620,1460.12584308,1473.93211735,1456.45268039,1469.30652503,
2026-06-11 02:08:00,1781143680,1469.30652503,1483.82718376,1460.39225904,1483.6212541,
2026-06-11 02:09:00,1781143740,1483.6212541,1487.92837753,1471.81130519,1473.13680138,
2026-06-11 02:10:00,1781143800,1473.13680138,1493.35174716,1472.94427998,1488.9650753,
2026-06-11 02:11:00,1781143860,1488.9650753,1504.28770062,1485.19512387,1503.52802129,
2026-06-11 02:12:00,1781143920,1503.52802129,1512.433671,1484.18745051,1488.85100403,
2026-06-11 02:13:00,1781143980,1488.85100403,1489.77733703,1467.90081188,1478.53585112,
2026-06-11 02:14:00,1781144040,1478.53585112,1487.20904276,1456.13672002,1466.06401694,
2026-06-11 02:15:00,1781144100,1466.06401694,1466.06401694,1445.31021874,1456.45141578,
2026-06-11 02:16:00,1781144160,1456.45141578,1487.10973412,1428.45791783,1430.66400367,
2026-06-11 02:17:00,1781144220,1430.66400367,1439.24145481,1405.07512891,1406.74871956,
2026-06-11 02:18:00,1781144280,1406.74871956,1410.87588045,1377.0292607,1394.18501504,
2026-06-11 02:19:00,1781144340,1394.18501504,1405.30824391,1376.77698933,1385.17025105,
2026-06-11 02:20:00,1781144400,1385.17025105,1444.65733288,1381.89979462,1432.20972982,
2026-06-11 02:21:00,1781144460,1432.20972982,1500.7794051,1432.20786616,1494.98163182,
2026-06-11 02:22:00,1781144520,1494.98163182,1539.11835066,1494.98163182,1534.46415184,
2026-06-11 02:23:00,1781144580,1534.46415184,1536.71552426,1507.75966917,1524.61656607,
2026-06-11 02:24:00,1781144640,1524.61656607,1534.62188911,1513.28732331,1513.28732331,
2026-06-11 02:25:00,1781144700,1513.28732331,1527.85202736,1509.50739332,1522.1667265,
2026-06-11 02:26:00,1781144760,1522.1667265,1529.06497637,1482.45152273,1482.92460516,
2026-06-11 02:27:00,1781144820,1482.92460516,1527.66669863,1474.01323723,1527.59757159,
2026-06-11 02:28:00,1781144880,1527.59757159,1545.97629961,1527.59575692,1544.32783492,
2026-06-11 02:29:00,1781144940,1544.32783492,1553.75214794,1541.69511729,1542.49120606,
2026-06-11 02:30:00,1781145000,1542.49120606,1557.24335918,1520.45833193,1551.37168952,
2026-06-11 02:31:00,1781145060,1551.37168952,1598.8936756,1544.67428641,1598.06650893,
2026-06-11 02:32:00,1781145120,1598.06650893,1612.49191507,1594.59030223,1604.11778746,
2026-06-11 02:33:00,1781145180,1604.11778746,1604.11778746,1574.24576449,1583.64569239,
2026-06-11 02:34:00,1781145240,1583.64569239,1627.81174479,1582.7962383,1604.29461146,
2026-06-11 02:35:00,1781145300,1604.29461146,1610.33640236,1578.19515114,1587.45380295,
2026-06-11 02:36:00,1781145360,1587.45380295,1587.45380295,1557.47789913,1560.10735998,
2026-06-11 02:37:00,1781145420,1560.10735998,1565.00850839,1543.61150822,1563.50610199,
2026-06-11 02:38:00,1781145480,1563.50610199,1575.56182043,1558.22460614,1561.85683648,
2026-06-11 02:39:00,1781145540,1561.85683648,1565.07328846,1531.15974912,1552.81328122,
2026-06-11 02:40:00,1781145600,1552.81328122,1553.71896205,1510.42605176,1527.37954277,
2026-06-11 02:41:00,1781145660,1527.37954277,1537.41643099,1522.39698516,1525.81511807,
2026-06-11 02:42:00,1781145720,1525.81511807,1552.93927172,1525.46955505,1546.84559264,
2026-06-11 02:43:00,1781145780,1546.84559264,1546.84559264,1520.99030932,1525.06649052,
2026-06-11 02:44:00,1781145840,1525.06649052,1541.01291747,1520.77311932,1534.01256071,
2026-06-11 02:45:00,1781145900,1534.01256071,1553.98534836,1531.45858633,1539.68657776,
2026-06-11 02:46:00,1781145960,1539.68657776,1565.12386821,1534.3249417,1561.73511398,
2026-06-11 02:47:00,1781146020,1561.73511398,1568.31853022,1550.81031704,1562.62137088,
2026-06-11 02:48:00,1781146080,1562.62137088,1570.50594164,1554.91763982,1568.98180126,
2026-06-11 02:49:00,1781146140,1568.98180126,1582.20525031,1568.25692838,1575.92408932,
2026-06-11 02:50:00,1781146200,1575.92408932,1576.4837477,1519.73137108,1525.61821751,
2026-06-11 02:51:00,1781146260,1525.61821751,1558.82902335,1505.41005943,1557.08158814,
2026-06-11 02:52:00,1781146320,1557.08158814,1557.2987936,1536.1543152,1536.1543152,
2026-06-11 02:53:00,1781146380,1536.1543152,1539.97160445,1510.87569998,1519.62244533,
2026-06-11 02:54:00,1781146440,1519.62244533,1525.80888728,1489.61380698,1509.95539502,
2026-06-11 02:55:00,1781146500,1509.95539502,1519.40780392,1478.43936077,1512.36734211,
2026-06-11 02:56:00,1781146560,1512.36734211,1513.35113463,1436.7578455,1452.38783028,
2026-06-11 02:57:00,1781146620,1452.38783028,1456.12258506,1427.1032044,1436.97310541,
2026-06-11 02:58:00,1781146680,1436.97310541,1453.20199888,1432.09115913,1453.20014216,
2026-06-11 02:59:00,1781146740,1453.20014216,1482.3285298,1453.17057277,1479.04845158,
2026-06-11 03:00:00,1781146800,1479.04845158,1482.3520996,1458.95135257,1464.4957579,
2026-06-11 03:01:00,1781146860,1464.4957579,1473.39104632,1446.82035043,1459.83122441,
2026-06-11 03:02:00,1781146920,1459.83122441,1481.48718412,1456.35327147,1463.23399404,
2026-06-11 03:03:00,1781146980,1463.23399404,1472.44924948,1454.15698817,1465.80013599,
2026-06-11 03:04:00,1781147040,1465.80013599,1472.89471012,1461.26166984,1463.38671681,
2026-06-11 03:05:00,1781147100,1463.38671681,1480.71884177,1451.40115871,1477.15008558,
2026-06-11 03:06:00,1781147160,1477.15008558,1535.59520877,1477.07985725,1528.33667999,
2026-06-11 03:07:00,1781147220,1528.33667999,1532.28873307,1496.62657135,1503.85228826,
2026-06-11 03:08:00,1781147280,1503.85228826,1523.90960966,1503.64313171,1512.9273817,
2026-06-11 03:09:00,1781147340,1512.9273817,1513.13343925,1484.02178753,1495.6308285,
2026-06-11 03:10:00,1781147400,1495.6308285,1517.66353808,1494.60723701,1512.05487542,
2026-06-11 03:11:00,1781147460,1512.05487542,1537.11659703,1507.08412929,1527.52488277,
2026-06-11 03:12:00,1781147520,1527.52488277,1567.62691576,1527.45341416,1567.06016847,
2026-06-11 03:13:00,1781147580,1567.06016847,1574.19644669,1542.95730877,1542.95730877,
2026-06-11 03:14:00,1781147640,1542.95730877,1542.95730877,1509.78441864,1530.45148643,
2026-06-11 03:15:00,1781147700,1530.45148643,1542.96868921,1518.4372759,1520.79378014,
2026-06-11 03:16:00,1781147760,1520.79378014,1532.38676449,1514.69742395,1516.74213053,
2026-06-11 03:17:00,1781147820,1516.74213053,1523.10720379,1485.95606502,1505.20121764,
2026-06-11 03:18:00,1781147880,1505.20121764,1506.64989101,1489.80537491,1502.20255746,
2026-06-11 03:19:00,1781147940,1502.20255746,1535.84569205,1500.74026293,1535.70600372,
2026-06-11 03:20:00,1781148000,1535.70600372,1557.36055647,1535.53617568,1556.06183538,
2026-06-11 03:21:00,1781148060,1556.06183538,1565.23498318,1528.41760435,1529.60953967,
2026-06-11 03:22:00,1781148120,1529.60953967,1548.16930085,1513.7905664,1543.2478076,
2026-06-11 03:23:00,1781148180,1543.2478076,1546.09766008,1534.34027735,1535.19251427,
2026-06-11 03:24:00,1781148240,1535.19251427,1538.47955437,1506.62807005,1507.31880704,
2026-06-11 03:25:00,1781148300,1507.31880704,1526.27827614,1502.31160078,1502.44764468,
2026-06-11 03:26:00,1781148360,1502.44764468,1520.19541898,1502.44581435,1509.3424677,
2026-06-11 03:27:00,1781148420,1509.3424677,1518.42123883,1493.85165235,1499.40294567,
2026-06-11 03:28:00,1781148480,1499.40294567,1504.43639874,1498.28497087,1500.05766967,
2026-06-11 03:29:00,1781148540,1500.05766967,1508.38523362,1495.99975231,1500.09807362,
2026-06-11 03:30:00,1781148600,1500.09807362,1502.16638014,1477.89678026,1481.22503702,
2026-06-11 03:31:00,1781148660,1481.22503702,1482.86655592,1428.58808731,1428.85553735,
2026-06-11 03:32:00,1781148720,1428.85553735,1434.63753319,1372.43841329,1393.65533316,
2026-06-11 03:33:00,1781148780,1393.65533316,1401.96748816,1267.3596301,1273.82269744,
2026-06-11 03:34:00,1781148840,1273.82269744,1300.10795925,1204.5007429,1296.90570454,
2026-06-11 03:35:00,1781148900,1296.90570454,1330.19262647,1259.79804545,1291.74556784,
2026-06-11 03:36:00,1781148960,1291.74556784,1350.67280095,1279.83405674,1330.6603068,
2026-06-11 03:37:00,1781149020,1330.6603068,1344.82511188,1313.0124683,1315.69931204,
2026-06-11 03:38:00,1781149080,1315.69931204,1332.80859057,1306.9714177,1328.66901434,
2026-06-11 03:39:00,1781149140,1328.66901434,1333.31993205,1310.81812772,1333.31993205,
2026-06-11 03:40:00,1781149200,1333.31993205,1345.23377888,1313.78122397,1340.85580146,
2026-06-11 03:41:00,1781149260,1340.85580146,1349.16087949,1322.73547176,1322.73547176,
2026-06-11 03:42:00,1781149320,1322.73547176,1333.99089599,1301.67294793,1308.94322741,
2026-06-11 03:43:00,1781149380,1308.94322741,1310.66176046,1303.75121756,1307.1926273,
2026-06-11 03:44:00,1781149440,1307.1926273,1338.88126955,1307.1926273,1335.07425861,
2026-06-11 03:45:00,1781149500,1335.07425861,1335.07425861,1278.07128663,1296.11343164,
2026-06-11 03:46:00,1781149560,1296.11343164,1323.90947332,1295.68095566,1319.97093793,
2026-06-11 03:47:00,1781149620,1319.97093793,1336.40123889,1280.42332949,1303.69955724,
2026-06-11 03:48:00,1781149680,1303.69955724,1314.01472753,1269.70695526,1301.55829315,
2026-06-11 03:49:00,1781149740,1301.55829315,1307.23500636,1273.41056961,1307.23500636,
2026-06-11 03:50:00,1781149800,1307.23500636,1307.29875775,1266.24353567,1272.15666067,
2026-06-11 03:51:00,1781149860,1272.15666067,1281.39541195,1267.38721391,1276.05199843,
2026-06-11 03:52:00,1781149920,1276.05199843,1294.09657707,1246.18626829,1271.25042765,
2026-06-11 03:53:00,1781149980,1271.25042765,1284.72572255,1247.33769109,1257.8070138,
2026-06-11 03:54:00,1781150040,1257.8070138,1269.83440589,1257.8070138,1265.47219579,
2026-06-11 03:55:00,1781150100,1265.47219579,1271.01582142,1113.98206487,1120.96341269,
2026-06-11 03:56:00,1781150160,1120.96341269,1145.99843458,1053.35839306,1121.45499911,
2026-06-11 03:57:00,1781150220,1121.45499911,1124.92086882,1093.06783327,1097.1855975,
2026-06-11 03:58:00,1781150280,1097.1855975,1120.92531859,1070.10719188,1115.13542268,
2026-06-11 03:59:00,1781150340,1115.13542268,1140.23204264,1103.507773,1140.23204264,
2026-06-11 04:00:00,1781150400,1140.23204264,1160.42470263,1128.0555744,1160.36534332,
2026-06-11 04:01:00,1781150460,1160.36534332,1200.88839793,1158.6331053,1194.25515336,
2026-06-11 04:02:00,1781150520,1194.25515336,1194.25515336,1138.41125117,1159.07742182,
2026-06-11 04:03:00,1781150580,1159.07742182,1191.7651159,1159.07742182,1175.48325217,
2026-06-11 04:04:00,1781150640,1175.48325217,1175.54104752,1146.97415817,1167.13518616,
2026-06-11 04:05:00,1781150700,1167.13518616,1191.4986539,1167.08527659,1178.58918309,
2026-06-11 04:06:00,1781150760,1178.58918309,1199.54165235,1171.60695877,1192.99897196,
2026-06-11 04:07:00,1781150820,1192.99897196,1195.74353549,1177.77600218,1188.24065436,
2026-06-11 04:08:00,1781150880,1188.24065436,1188.24065436,1165.37906523,1166.9843708,
2026-06-11 04:09:00,1781150940,1166.9843708,1187.44893595,1164.17595076,1166.9317891,
2026-06-11 04:10:00,1781151000,1166.9317891,1201.15716267,1139.94420141,1151.0717296,
2026-06-11 04:11:00,1781151060,1151.0717296,1169.16177523,1132.34022257,1135.03596652,
2026-06-11 04:12:00,1781151120,1135.03596652,1146.9619308,1118.58615816,1128.00773931,
2026-06-11 04:13:00,1781151180,1128.00773931,1137.56776157,1102.9643193,1120.83735217,
2026-06-11 04:14:00,1781151240,1120.83735217,1146.65588276,1116.64104023,1146.65174439,
2026-06-11 04:15:00,1781151300,1146.65174439,1163.40720776,1144.02946061,1145.77500457,
2026-06-11 04:16:00,1781151360,1145.77500457,1164.96033113,1119.23134411,1164.66187241,
2026-06-11 04:17:00,1781151420,1164.66187241,1171.72164828,1154.37802877,1161.020405,
2026-06-11 04:18:00,1781151480,1161.020405,1183.33552852,1156.9722586,1176.00746329,
2026-06-11 04:19:00,1781151540,1176.00746329,1176.71057549,1147.8474837,1147.96601228,
2026-06-11 04:20:00,1781151600,1147.96601228,1159.36051076,1117.4050219,1123.93251906,
2026-06-11 04:21:00,1781151660,1123.93251906,1163.13793133,1118.28948509,1161.88041614,
2026-06-11 04:22:00,1781151720,1161.88041614,1180.03265607,1160.67526908,1166.56561084,
2026-06-11 04:23:00,1781151780,1166.56561084,1174.82254332,1155.39370967,1160.77244335,
2026-06-11 04:24:00,1781151840,1160.77244335,1172.68658533,1145.46795714,1168.05717432,
2026-06-11 04:25:00,1781151900,1168.05717432,1181.30723865,1163.92549653,1170.40530497,
2026-06-11 04:26:00,1781151960,1170.40530497,1170.76595634,1153.43722456,1158.7564217,
2026-06-11 04:27:00,1781152020,1158.7564217,1178.84498193,1158.7564217,1174.26367209,
2026-06-11 04:28:00,1781152080,1174.26367209,1180.02890542,1166.26944682,1172.6855668,
2026-06-11 04:29:00,1781152140,1172.6855668,1173.02035488,1161.54197425,1166.65196974,
2026-06-11 04:30:00,1781152200,1166.65196974,1168.98920076,1150.72192834,1155.77985894,
2026-06-11 04:31:00,1781152260,1155.77985894,1169.90776021,1147.93819095,1169.8253169,
2026-06-11 04:32:00,1781152320,1169.8253169,1186.86407657,1169.16022887,1174.99846868,
2026-06-11 04:33:00,1781152380,1174.99846868,1198.72409827,1169.54520613,1197.84333681,
2026-06-11 04:34:00,1781152440,1197.84333681,1218.30009257,1190.4645222,1210.30641705,
2026-06-11 04:35:00,1781152500,1210.30641705,1214.36200252,1192.18011187,1198.31734036,
2026-06-11 04:36:00,1781152560,1198.31734036,1203.07511092,1178.46922326,1181.01868188,
2026-06-11 04:37:00,1781152620,1181.01868188,1195.22452109,1179.68606185,1187.93855095,
2026-06-11 04:38:00,1781152680,1187.93855095,1188.02308448,1139.33014131,1146.53808622,
2026-06-11 04:39:00,1781152740,1146.53808622,1153.05114404,1133.87040759,1134.00409371,
2026-06-11 04:40:00,1781152800,1134.00409371,1158.85062607,1123.41663691,1142.74639163,
2026-06-11 04:41:00,1781152860,1142.74639163,1166.37924974,1142.66842209,1160.9159891,
2026-06-11 04:42:00,1781152920,1160.9159891,1163.07439814,1152.21332072,1161.91163438,
2026-06-11 04:43:00,1781152980,1161.91163438,1170.9172997,1157.7196107,1159.42121674,
2026-06-11 04:44:00,1781153040,1159.42121674,1159.42121674,1139.10565037,1147.43296099,
2026-06-11 04:45:00,1781153100,1147.43296099,1147.43296099,1121.96867187,1124.77341151,
2026-06-11 04:46:00,1781153160,1124.77341151,1127.67443159,1118.34337762,1121.98265323,
2026-06-11 04:47:00,1781153220,1121.98265323,1122.55177314,1076.79896343,1083.88787459,
2026-06-11 04:48:00,1781153280,1083.88787459,1114.47913214,1083.73476813,1087.39724037,
2026-06-11 04:49:00,1781153340,1087.39724037,1092.5277164,1068.47890951,1076.21168839,
2026-06-11 04:50:00,1781153400,1076.21168839,1076.62084097,1039.09352559,1039.65138022,
2026-06-11 04:51:00,1781153460,1039.65138022,1061.86847899,1034.9947308,1061.81170194,
2026-06-11 04:52:00,1781153520,1061.81170194,1061.81170194,1027.11116754,1049.83169051,
2026-06-11 04:53:00,1781153580,1049.83169051,1067.13719295,1045.04444922,1058.03809894,
2026-06-11 04:54:00,1781153640,1058.03809894,1065.01744651,1043.47548019,1045.38771894,
2026-06-11 04:55:00,1781153700,1045.38771894,1066.3152427,1039.18434976,1064.54158095,
2026-06-11 04:56:00,1781153760,1064.54158095,1070.33628146,1058.20723493,1069.70442971,
2026-06-11 04:57:00,1781153820,1069.70442971,1084.52415457,1067.59746204,1077.87900096,
2026-06-11 04:58:00,1781153880,1077.87900096,1120.25403032,1077.78660932,1115.8998893,
2026-06-11 04:59:00,1781153940,1115.8998893,1118.90331666,1088.5585193,1098.55042132,
2026-06-11 05:00:00,1781154000,1098.55042132,1162.70754692,1095.89806355,1156.13872626,
2026-06-11 05:01:00,1781154060,1156.13872626,1170.56508396,1150.72143055,1168.34803135,
2026-06-11 05:02:00,1781154120,1168.34803135,1177.29030792,1144.64517712,1161.1665978,
2026-06-11 05:03:00,1781154180,1161.1665978,1177.1407615,1155.76248302,1166.75141228,
2026-06-11 05:04:00,1781154240,1166.75141228,1176.99897494,1164.74674507,1174.58788761,
2026-06-11 05:05:00,1781154300,1174.58788761,1184.91430367,1174.02899481,1176.77020216,
2026-06-11 05:06:00,1781154360,1176.77020216,1194.67270084,1171.58429478,1192.36835058,
2026-06-11 05:07:00,1781154420,1192.36835058,1192.91939428,1167.89189206,1177.33485744,
2026-06-11 05:08:00,1781154480,1177.33485744,1177.33485744,1163.18056258,1167.95848496,
2026-06-11 05:09:00,1781154540,1167.95848496,1169.98982642,1151.0044255,1153.2687816,
2026-06-11 05:10:00,1781154600,1153.2687816,1164.56184755,1140.14022258,1163.44028834,
2026-06-11 05:11:00,1781154660,1163.44028834,1173.79159675,1160.53321465,1169.49997468,
2026-06-11 05:12:00,1781154720,1169.49997468,1170.16099189,1142.52867684,1151.67730552,
2026-06-11 05:13:00,1781154780,1151.67730552,1167.46134689,1148.20914985,1166.18037368,
2026-06-11 05:14:00,1781154840,1166.18037368,1166.78632198,1142.28698138,1144.74920967,
2026-06-11 05:15:00,1781154900,1144.74920967,1153.27553998,1124.16613035,1131.25765301,
2026-06-11 05:16:00,1781154960,1131.25765301,1131.25765301,1100.95534,1109.24397621,
2026-06-11 05:17:00,1781155020,1109.24397621,1114.78471842,1091.40339313,1107.42144197,
2026-06-11 05:18:00,1781155080,1107.42144197,1139.09689378,1104.62514292,1138.97460205,
2026-06-11 05:19:00,1781155140,1138.97460205,1143.14570371,1111.15661625,1135.24226034,
2026-06-11 05:20:00,1781155200,1135.24226034,1140.36314809,1117.16027514,1117.27524571,
2026-06-11 05:21:00,1781155260,1117.27524571,1117.987523,1088.51856355,1089.80727268,
2026-06-11 05:22:00,1781155320,1089.80727268,1104.7252284,1083.28533617,1083.28533617,
2026-06-11 05:23:00,1781155380,1083.28533617,1112.03799431,1078.37164698,1112.03799431,
2026-06-11 05:24:00,1781155440,1112.03799431,1115.17573177,1092.35459706,1100.50903575,
2026-06-11 05:25:00,1781155500,1100.50903575,1129.42022818,1100.50700925,1114.70089555,
2026-06-11 05:26:00,1781155560,1114.70089555,1132.79319715,1105.15307158,1123.89768511,
2026-06-11 05:27:00,1781155620,1123.89768511,1149.84135602,1118.18719354,1149.59636928,
2026-06-11 05:28:00,1781155680,1149.59636928,1166.53144655,1147.74986949,1147.87131922,
2026-06-11 05:29:00,1781155740,1147.87131922,1147.87131922,1129.05673769,1132.87026042,
2026-06-11 05:30:00,1781155800,1132.87026042,1139.55387422,1119.89447929,1134.55371381,
2026-06-11 05:31:00,1781155860,1134.55371381,1157.7291771,1133.46149475,1149.88388005,
2026-06-11 05:32:00,1781155920,1149.88388005,1149.88388005,1105.87343129,1110.21486783,
2026-06-11 05:33:00,1781155980,1110.21486783,1127.36170867,1098.67107364,1117.32903201,
2026-06-11 05:34:00,1781156040,1117.32903201,1127.0119126,1112.10231511,1124.44415679,
2026-06-11 05:35:00,1781156100,1124.44415679,1148.2357665,1119.7605744,1141.45250436,
2026-06-11 05:36:00,1781156160,1141.45250436,1146.97516337,1099.7025626,1111.89850363,
2026-06-11 05:37:00,1781156220,1111.89850363,1119.76691819,1103.18141537,1112.90714012,
2026-06-11 05:38:00,1781156280,1112.90714012,1116.4846338,1102.3951853,1105.87094669,
2026-06-11 05:39:00,1781156340,1105.87094669,1133.53406157,1104.80084362,1133.1999403,
2026-06-11 05:40:00,1781156400,1133.1999403,1137.07006141,1123.21034871,1128.37751685,
2026-06-11 05:41:00,1781156460,1128.37751685,1131.45868843,1108.88412473,1108.88412473,
2026-06-11 05:42:00,1781156520,1108.88412473,1113.13996098,1100.66152533,1107.55777329,
2026-06-11 05:43:00,1781156580,1107.55777329,1107.94336248,1085.56761328,1097.36843506,
2026-06-11 05:44:00,1781156640,1097.36843506,1106.18879871,1084.28338593,1087.28327444,
2026-06-11 05:45:00,1781156700,1087.28327444,1089.50309417,1079.26175963,1086.24835582,
2026-06-11 05:46:00,1781156760,1086.24835582,1095.65505552,1081.9583558,1089.45389074,
2026-06-11 05:47:00,1781156820,1089.45389074,1110.28501635,1087.55877665,1109.98589942,
2026-06-11 05:48:00,1781156880,1109.98589942,1127.34460426,1103.90070405,1110.81833358,
2026-06-11 05:49:00,1781156940,1110.81833358,1115.0863605,1100.75341887,1112.5398792,
2026-06-11 05:50:00,1781157000,1112.5398792,1127.40777474,1102.67531554,1122.18048481,
2026-06-11 05:51:00,1781157060,1122.18048481,1129.35521126,1098.82720679,1118.96514732,
2026-06-11 05:52:00,1781157120,1118.96514732,1131.87024401,1118.96514732,1124.69472647,
2026-06-11 05:53:00,1781157180,1124.69472647,1124.84712676,1089.52300639,1090.08780861,
2026-06-11 05:54:00,1781157240,1090.08780861,1127.4115274,1090.026532,1122.92576323,
2026-06-11 05:55:00,1781157300,1122.92576323,1123.22491911,1087.69370663,1093.0581096,
2026-06-11 05:56:00,1781157360,1093.0581096,1112.56719726,1079.03586808,1106.97040216,
2026-06-11 05:57:00,1781157420,1106.97040216,1113.40606329,1092.12967075,1094.21468667,
2026-06-11 05:58:00,1781157480,1094.21468667,1112.87998284,1089.00745033,1112.06814352,
2026-06-11 05:59:00,1781157540,1112.06814352,1143.71003321,1112.06814352,1133.67232479,
2026-06-11 06:00:00,1781157600,1133.67232479,1142.89109601,1123.0320821,1129.24919194,
2026-06-11 06:01:00,1781157660,1129.24919194,1143.2031113,1121.32221875,1136.60188146,
2026-06-11 06:02:00,1781157720,1136.60188146,1145.40424136,1135.36264668,1144.30321649,
2026-06-11 06:03:00,1781157780,1144.30321649,1144.30321649,1122.73861506,1125.87951971,
2026-06-11 06:04:00,1781157840,1125.87951971,1174.06016186,1125.87256648,1174.06016186,
2026-06-11 06:05:00,1781157900,1174.06016186,1179.45950172,1141.69876774,1152.11395071,
2026-06-11 06:06:00,1781157960,1152.11395071,1169.82656854,1148.50913317,1152.93977814,
2026-06-11 06:07:00,1781158020,1152.93977814,1157.09275987,1138.00068294,1154.75099911,
2026-06-11 06:08:00,1781158080,1154.75099911,1155.11723522,1108.97240773,1109.4026228,
2026-06-11 06:09:00,1781158140,1109.4026228,1115.98875922,1090.91756442,1102.10571807,
2026-06-11 06:10:00,1781158200,1102.10571807,1108.88894096,1088.97754422,1093.46901265,
2026-06-11 06:11:00,1781158260,1093.46901265,1102.0556924,1065.29992785,1072.07717762,
2026-06-11 06:12:00,1781158320,1072.07717762,1074.07383217,1023.66995202,1023.66995202,
2026-06-11 06:13:00,1781158380,1023.66995202,1043.98523835,1012.98960584,1033.43243101,
2026-06-11 06:14:00,1781158440,1033.43243101,1039.88184451,1028.46791008,1031.3587334,
2026-06-11 06:15:00,1781158500,1031.3587334,1031.3587334,995.57746355,1005.80351588,
2026-06-11 06:16:00,1781158560,1005.80351588,1012.93980858,974.70933413,1010.17637206,
2026-06-11 06:17:00,1781158620,1010.17637206,1026.33874964,1009.8061663,1015.49153747,
2026-06-11 06:18:00,1781158680,1015.49153747,1061.09003242,1015.48948497,1056.21318752,
2026-06-11 06:19:00,1781158740,1056.21318752,1058.48249402,1027.87120916,1037.27567557,
2026-06-11 06:20:00,1781158800,1037.27567557,1037.27567557,988.87613963,991.51264532,
2026-06-11 06:21:00,1781158860,991.51264532,991.84819275,919.08479866,945.47420286,
2026-06-11 06:22:00,1781158920,945.47420286,969.62092935,945.47420286,965.25673868,
2026-06-11 06:23:00,1781158980,965.25673868,973.34314647,929.99536989,938.76164502,
2026-06-11 06:24:00,1781159040,938.76164502,953.61350045,907.42116065,915.09801046,
2026-06-11 06:25:00,1781159100,915.09801046,950.90019359,905.80370788,950.90019359,
2026-06-11 06:26:00,1781159160,950.90019359,977.23929877,942.65197725,969.49060893,
2026-06-11 06:27:00,1781159220,969.49060893,983.88470818,955.29719859,976.67767565,
2026-06-11 06:28:00,1781159280,976.67767565,981.4493382,968.58640723,973.93266906,
2026-06-11 06:29:00,1781159340,973.93266906,985.68696394,964.1712308,970.16906585,
2026-06-11 06:30:00,1781159400,970.16906585,983.70525379,962.47589389,983.43812661,
2026-06-11 06:31:00,1781159460,983.43812661,983.490242,950.16034457,950.99290788,
2026-06-11 06:32:00,1781159520,950.99290788,952.47717547,927.97848651,938.20229911,
2026-06-11 06:33:00,1781159580,938.20229911,955.54696556,938.20229911,939.99469439,
2026-06-11 06:34:00,1781159640,939.99469439,944.81598619,917.64818571,924.33873063,
2026-06-11 06:35:00,1781159700,924.33873063,941.27340623,924.11578049,936.8556454,
2026-06-11 06:36:00,1781159760,936.8556454,940.01697331,905.75652537,912.27301406,
2026-06-11 06:37:00,1781159820,912.27301406,926.44947653,905.03791395,916.44350877,
2026-06-11 06:38:00,1781159880,916.44350877,925.62079367,912.82501038,913.84623978,
2026-06-11 06:39:00,1781159940,913.84623978,920.16000679,913.84623978,919.29251383,
2026-06-11 06:40:00,1781160000,919.29251383,920.46695649,914.02255659,920.25120351,
2026-06-11 06:41:00,1781160060,920.25120351,953.55444813,906.36355211,907.82363319,
2026-06-11 06:42:00,1781160120,907.82363319,929.8755441,907.82363319,927.56082207,
2026-06-11 06:43:00,1781160180,927.56082207,949.97815514,927.55875532,948.91157739,
2026-06-11 06:44:00,1781160240,948.91157739,949.12193317,928.9330268,928.98726516,
2026-06-11 06:45:00,1781160300,928.98726516,952.31569884,925.80617436,951.75654239,
2026-06-11 06:46:00,1781160360,951.75654239,979.68011565,950.8594972,970.71330775,
2026-06-11 06:47:00,1781160420,970.71330775,986.69467538,970.47463721,983.1603913,
2026-06-11 06:48:00,1781160480,983.1603913,990.96429511,977.04357056,977.56126936,
2026-06-11 06:49:00,1781160540,977.56126936,1005.00081253,975.63871942,1002.09035979,
2026-06-11 06:50:00,1781160600,1002.09035979,1007.40461875,992.78862712,995.98786492,
2026-06-11 06:51:00,1781160660,995.98786492,1001.59379817,993.93264072,994.44336917,
2026-06-11 06:52:00,1781160720,994.44336917,1006.49514358,991.88522637,1004.66187855,
2026-06-11 06:53:00,1781160780,1004.66187855,1017.01661679,1004.65780128,1012.15739126,
2026-06-11 06:54:00,1781160840,1012.15739126,1017.30997023,997.91485779,997.91485779,
2026-06-11 06:55:00,1781160900,997.91485779,1038.70150352,997.91281435,1028.25176027,
2026-06-11 06:56:00,1781160960,1028.25176027,1036.60276223,1022.01481187,1032.22354579,
2026-06-11 06:57:00,1781161020,1032.22354579,1032.22354579,1016.79199432,1023.94228659,
2026-06-11 06:58:00,1781161080,1023.94228659,1024.8546578,1007.1312859,1019.6349163,
2026-06-11 06:59:00,1781161140,1019.6349163,1027.37187257,1017.53466962,1027.36780511,
2026-06-11 07:00:00,1781161200,1027.36780511,1035.71146224,1022.45435836,1033.01356591,
2026-06-11 07:01:00,1781161260,1033.01356591,1040.97629346,1021.99677024,1026.13522264,
2026-06-11 07:02:00,1781161320,1026.13522264,1070.77615639,1013.85317405,1070.77615639,
2026-06-11 07:03:00,1781161380,1070.77615639,1086.5357656,1058.09477048,1075.93210077,
2026-06-11 07:04:00,1781161440,1075.93210077,1094.13768888,1069.00681631,1094.01586421,
2026-06-11 07:05:00,1781161500,1094.01586421,1096.4723982,1084.44756507,1093.126755,
2026-06-11 07:06:00,1781161560,1093.126755,1100.14347045,1083.28041369,1099.53982685,
2026-06-11 07:07:00,1781161620,1099.53982685,1128.65202305,1095.6411529,1119.79495759,
2026-06-11 07:08:00,1781161680,1119.79495759,1119.79495759,1104.11379045,1104.11379045,
2026-06-11 07:09:00,1781161740,1104.11379045,1118.31030518,1101.89947955,1104.85184156,
2026-06-11 07:10:00,1781161800,1104.85184156,1116.05162359,1091.57372103,1095.33741101,
2026-06-11 07:11:00,1781161860,1095.33741101,1100.57695441,1080.18240821,1096.90329673,
2026-06-11 07:12:00,1781161920,1096.90329673,1124.0292745,1096.71110035,1122.5835723,
2026-06-11 07:13:00,1781161980,1122.5835723,1139.50693782,1106.36407435,1116.13062664,
2026-06-11 07:14:00,1781162040,1116.13062664,1116.18871561,1098.7346659,1108.04315309,
2026-06-11 07:15:00,1781162100,1108.04315309,1116.38246384,1101.37414608,1104.43420145,
2026-06-11 07:16:00,1781162160,1104.43420145,1117.61969648,1089.01685359,1092.14645454,
2026-06-11 07:17:00,1781162220,1092.14645454,1098.78072187,1085.47793219,1091.97556869,
2026-06-11 07:18:00,1781162280,1091.97556869,1094.8526031,1070.6440406,1083.36409609,
2026-06-11 07:19:00,1781162340,1083.36409609,1094.85881071,1083.36409609,1093.21213895,
2026-06-11 07:20:00,1781162400,1093.21213895,1094.98300285,1058.80087968,1059.31079143,
2026-06-11 07:21:00,1781162460,1059.31079143,1060.16649377,1037.30707524,1037.30707524,
2026-06-11 07:22:00,1781162520,1037.30707524,1059.58913081,1026.37501537,1052.13307916,
2026-06-11 07:23:00,1781162580,1052.13307916,1073.91379628,1052.13097986,1068.72042112,
2026-06-11 07:24:00,1781162640,1068.72042112,1073.51265882,1044.09802002,1044.15556868,
2026-06-11 07:25:00,1781162700,1044.15556868,1070.1146395,1042.60242992,1068.02106687,
2026-06-11 07:26:00,1781162760,1068.02106687,1071.3454893,1059.6277123,1063.81367336,
2026-06-11 07:27:00,1781162820,1063.81367336,1063.81367336,1046.61361043,1055.38187776,
2026-06-11 07:28:00,1781162880,1055.38187776,1059.89023482,1049.9931129,1052.77221681,
2026-06-11 07:29:00,1781162940,1052.77221681,1057.87590109,1034.04986133,1034.28802658,
2026-06-11 07:30:00,1781163000,1034.28802658,1034.28802658,1004.56323926,1029.58510141,
2026-06-11 07:31:00,1781163060,1029.58510141,1066.05727792,1029.58510141,1062.0033951,
2026-06-11 07:32:00,1781163120,1062.0033951,1062.90726233,1058.26737832,1058.26737832,
2026-06-11 07:33:00,1781163180,1058.26737832,1058.26737832,1041.62134872,1053.5896704,
2026-06-11 07:34:00,1781163240,1053.5896704,1077.57482247,1052.58776296,1075.45841692,
2026-06-11 07:35:00,1781163300,1075.45841692,1080.2707898,1064.24346849,1068.51051432,
2026-06-11 07:36:00,1781163360,1068.51051432,1078.78248329,1055.97990694,1077.28584993,
2026-06-11 07:37:00,1781163420,1077.28584993,1084.51449706,1069.1751091,1081.09938212,
2026-06-11 07:38:00,1781163480,1081.09938212,1111.72556978,1081.09938212,1109.95435956,
2026-06-11 07:39:00,1781163540,1109.95435956,1128.43577448,1108.98179703,1128.24694422,
2026-06-11 07:40:00,1781163600,1128.24694422,1146.14522795,1128.2448546,1143.46932513,
2026-06-11 07:41:00,1781163660,1143.46932513,1143.48258401,1114.79356172,1119.97632407,
2026-06-11 07:42:00,1781163720,1119.97632407,1120.31968556,1099.58240886,1106.76678283,
2026-06-11 07:43:00,1781163780,1106.76678283,1119.67503178,1096.36547097,1101.14783958,
2026-06-11 07:44:00,1781163840,1101.14783958,1125.43787917,1100.80106142,1112.57809371,
2026-06-11 07:45:00,1781163900,1112.57809371,1113.17028239,1096.16920723,1101.14420876,
2026-06-11 07:46:00,1781163960,1101.14420876,1103.57307166,1093.98358206,1094.50780309,
2026-06-11 07:47:00,1781164020,1094.50780309,1095.09092594,1067.72396775,1084.0497552,
2026-06-11 07:48:00,1781164080,1084.0497552,1094.64180916,1079.31773689,1092.74223014,
2026-06-11 07:49:00,1781164140,1092.74223014,1093.89435802,1082.29806754,1090.71731672,
2026-06-11 07:50:00,1781164200,1090.71731672,1092.56371338,1084.89884699,1088.95271723,
2026-06-11 07:51:00,1781164260,1088.95271723,1104.61956417,1083.72645598,1102.94038011,
2026-06-11 07:52:00,1781164320,1102.94038011,1112.31792508,1102.93823617,1109.70707463,
2026-06-11 07:53:00,1781164380,1109.70707463,1109.95562636,1090.42210247,1105.75829302,
2026-06-11 07:54:00,1781164440,1105.75829302,1110.69957154,1097.23623641,1101.50329114,
2026-06-11 07:55:00,1781164500,1101.50329114,1102.94146494,1085.42639053,1088.12950016,
2026-06-11 07:56:00,1781164560,1088.12950016,1093.73902137,1082.0268801,1087.90185246,
2026-06-11 07:57:00,1781164620,1087.90185246,1088.65622718,1079.63558003,1084.84849731,
2026-06-11 07:58:00,1781164680,1084.84849731,1093.59507278,1082.94949551,1093.53435228,
2026-06-11 07:59:00,1781164740,1093.53435228,1096.52068963,1090.63362264,1093.8682687,
2026-06-11 08:00:00,1781164800,1093.8682687,1094.04179651,1058.91257972,1065.97497961,
2026-06-11 08:01:00,1781164860,1065.97497961,1088.55124036,1056.0774353,1074.65799516,
2026-06-11 08:02:00,1781164920,1074.65799516,1077.64515552,1049.60874622,1062.29459525,
2026-06-11 08:03:00,1781164980,1062.29459525,1065.51456608,1048.44551023,1057.83704881,
2026-06-11 08:04:00,1781165040,1057.83704881,1072.79667577,1056.85340641,1072.6829249,
2026-06-11 08:05:00,1781165100,1072.6829249,1073.42761305,1058.59856723,1060.81904443,
2026-06-11 08:06:00,1781165160,1060.81904443,1061.37866765,1044.72435748,1045.06521567,
2026-06-11 08:07:00,1781165220,1045.06521567,1058.99249803,1045.06521567,1053.6448852,
2026-06-11 08:08:00,1781165280,1053.6448852,1059.70863423,1046.46031891,1046.91619023,
2026-06-11 08:09:00,1781165340,1046.91619023,1048.92871076,1023.80039407,1039.38040851,
2026-06-11 08:10:00,1781165400,1039.38040851,1041.58036753,1030.44544761,1039.81107513,
2026-06-11 08:11:00,1781165460,1039.81107513,1048.00191637,1027.53746032,1047.92103931,
2026-06-11 08:12:00,1781165520,1047.92103931,1047.92103931,1039.4489805,1042.29591134,
2026-06-11 08:13:00,1781165580,1042.29591134,1042.29591134,996.66757031,998.08490154,
2026-06-11 08:14:00,1781165640,998.08490154,1037.3854098,998.08490154,1028.60002587,
2026-06-11 08:15:00,1781165700,1028.60002587,1037.16654103,1028.02621936,1034.09270288,
2026-06-11 08:16:00,1781165760,1034.09270288,1046.28875518,1034.09051085,1043.2426164,
2026-06-11 08:17:00,1781165820,1043.2426164,1043.2426164,1026.24607056,1037.48710458,
2026-06-11 08:18:00,1781165880,1037.48710458,1037.48710458,1015.90107015,1018.25910764,
2026-06-11 08:19:00,1781165940,1018.25910764,1031.89035511,1018.25910764,1030.50388594,
2026-06-11 08:20:00,1781166000,1030.50388594,1038.3603494,1030.33230717,1035.89762603,
2026-06-11 08:21:00,1781166060,1035.89762603,1036.00871577,1027.7008169,1032.36383689,
2026-06-11 08:22:00,1781166120,1032.36383689,1032.36383689,1001.26431924,1004.06970977,
2026-06-11 08:23:00,1781166180,1004.06970977,1004.1231021,974.86057416,977.58607745,
2026-06-11 08:24:00,1781166240,977.58607745,994.03839553,972.18415122,982.29840517,
2026-06-11 08:25:00,1781166300,982.29840517,997.87407182,981.3812175,990.49900066,
2026-06-11 08:26:00,1781166360,990.49900066,991.44379364,980.69223149,988.06214189,
2026-06-11 08:27:00,1781166420,988.06214189,990.64322681,974.6464441,980.18718317,
2026-06-11 08:28:00,1781166480,980.18718317,982.55919365,961.94060207,968.05446943,
2026-06-11 08:29:00,1781166540,968.05446943,971.23386759,964.61860204,964.99595,
2026-06-11 08:30:00,1781166600,964.99595,970.22060558,959.01849933,967.92825736,
2026-06-11 08:31:00,1781166660,967.92825736,980.06878063,967.72919628,974.5145472,
2026-06-11 08:32:00,1781166720,974.5145472,977.15550471,961.65418286,973.75299779,
2026-06-11 08:33:00,1781166780,973.75299779,975.00424305,964.61407396,966.78503947,
2026-06-11 08:34:00,1781166840,966.78503947,972.14873954,962.1022863,970.01329532,
2026-06-11 08:35:00,1781166900,970.01329532,974.83846884,966.25048297,970.40778699,
2026-06-11 08:36:00,1781166960,970.40778699,975.91677698,969.98957426,975.85345723,
2026-06-11 08:37:00,1781167020,975.85345723,975.9692617,966.14442451,970.95847109,
2026-06-11 08:38:00,1781167080,970.95847109,977.04432776,970.95847109,975.72580426,
2026-06-11 08:39:00,1781167140,975.72580426,980.79008754,949.17874815,955.50108432,
2026-06-11 08:40:00,1781167200,955.50108432,968.4837715,955.49883236,967.34723921,
2026-06-11 08:41:00,1781167260,967.34723921,980.78637652,967.34723921,977.72013831,
2026-06-11 08:42:00,1781167320,977.72013831,995.44447462,976.58468033,995.16933719,
2026-06-11 08:43:00,1781167380,995.16933719,1022.23526975,990.46964851,1022.17485407,
2026-06-11 08:44:00,1781167440,1022.17485407,1027.55646904,1019.21801796,1019.27167899,
2026-06-11 08:45:00,1781167500,1019.27167899,1021.33136445,993.98176969,1002.56242817,
2026-06-11 08:46:00,1781167560,1002.56242817,1012.22357156,990.31640182,990.31640182,
2026-06-11 08:47:00,1781167620,990.31640182,995.28847818,968.39506854,968.39506854,
2026-06-11 08:48:00,1781167680,968.39506854,969.90821521,917.67019783,938.4250172,
2026-06-11 08:49:00,1781167740,938.4250172,963.65851891,927.22601245,963.65851891,
2026-06-11 08:50:00,1781167800,963.65851891,963.65851891,947.87381039,955.81762348,
2026-06-11 08:51:00,1781167860,955.81762348,965.46993682,938.67587505,965.46993682,
2026-06-11 08:52:00,1781167920,965.46993682,982.56445649,964.92616273,970.46497847,
2026-06-11 08:53:00,1781167980,970.46497847,973.6965894,968.20703317,969.91166117,
2026-06-11 08:54:00,1781168040,969.91166117,971.82671519,968.03037602,969.2540969,
2026-06-11 08:55:00,1781168100,969.2540969,972.16718181,962.73834198,969.81519019,
2026-06-11 08:56:00,1781168160,969.81519019,987.63186047,969.38236775,982.48601982,
2026-06-11 08:57:00,1781168220,982.48601982,994.20051989,976.20581474,977.64155484,
2026-06-11 08:58:00,1781168280,977.64155484,977.64155484,969.13868798,973.33112779,
2026-06-11 08:59:00,1781168340,973.33112779,974.30225433,957.01063549,957.01063549,
2026-06-11 09:00:00,1781168400,957.01063549,983.43822077,956.79064222,971.76947969,
2026-06-11 09:01:00,1781168460,971.76947969,978.39145273,968.69899422,972.30069838,
2026-06-11 09:02:00,1781168520,972.30069838,973.05737932,954.89224817,956.5102431,
2026-06-11 09:03:00,1781168580,956.5102431,959.92989166,952.29425978,954.22822297,
2026-06-11 09:04:00,1781168640,954.22822297,979.76664686,951.48350172,977.48699124,
2026-06-11 09:05:00,1781168700,977.48699124,990.90667913,970.64636313,988.86262494,
2026-06-11 09:06:00,1781168760,988.86262494,1003.4147924,988.86262494,996.98344724,
2026-06-11 09:07:00,1781168820,996.98344724,1015.12952804,994.09816809,1008.04546102,
2026-06-11 09:08:00,1781168880,1008.04546102,1013.45078297,998.57543196,1005.99622383,
2026-06-11 09:09:00,1781168940,1005.99622383,1013.17275643,1003.23124385,1003.63229015,
2026-06-11 09:10:00,1781169000,1003.63229015,1003.63229015,987.17224323,993.55108379,
2026-06-11 09:11:00,1781169060,993.55108379,1013.83196517,993.54886244,1013.38915779,
2026-06-11 09:12:00,1781169120,1013.38915779,1019.20395593,1007.49163289,1009.22109254,
2026-06-11 09:13:00,1781169180,1009.22109254,1020.678455,998.01314531,1019.15905412,
2026-06-11 09:14:00,1781169240,1019.15905412,1025.31207563,991.75880675,993.58962231,
2026-06-11 09:15:00,1781169300,993.58962231,1024.16063407,993.52369169,1021.85243054,
2026-06-11 09:16:00,1781169360,1021.85243054,1044.27013008,1020.73595858,1032.29108173,
2026-06-11 09:17:00,1781169420,1032.29108173,1043.48569794,1031.0040299,1031.11573218,
2026-06-11 09:18:00,1781169480,1031.11573218,1031.13994749,1004.93531765,1005.54769649,
2026-06-11 09:19:00,1781169540,1005.54769649,1008.93994852,994.41243198,1007.02606233,
2026-06-11 09:20:00,1781169600,1007.02606233,1029.46138232,1007.02606233,1026.41540494,
2026-06-11 09:21:00,1781169660,1026.41540494,1033.61972674,1023.55886946,1032.99055839,
2026-06-11 09:22:00,1781169720,1032.99055839,1041.25154522,1027.51161393,1032.32897201,
2026-06-11 09:23:00,1781169780,1032.32897201,1039.2366842,1025.66479346,1028.03442918,
2026-06-11 09:24:00,1781169840,1028.03442918,1042.04694882,1024.90351842,1025.06687603,
2026-06-11 09:25:00,1781169900,1025.06687603,1035.25914011,1014.56280961,1020.89033993,
2026-06-11 09:26:00,1781169960,1020.89033993,1036.01607585,1020.4922666,1030.18410814,
2026-06-11 09:27:00,1781170020,1030.18410814,1036.17175327,1024.53113027,1027.30976443,
2026-06-11 09:28:00,1781170080,1027.30976443,1028.54906049,1018.63570971,1019.1372721,
2026-06-11 09:29:00,1781170140,1019.1372721,1029.95040646,1019.07857299,1022.87853182,
2026-06-11 09:30:00,1781170200,1022.87853182,1027.26349188,1005.80669513,1025.63259296,
2026-06-11 09:31:00,1781170260,1025.63259296,1027.56102113,971.03657308,975.76804077,
2026-06-11 09:32:00,1781170320,975.76804077,994.69749764,971.78474265,981.04923894,
2026-06-11 09:33:00,1781170380,981.04923894,991.91373714,976.25241777,979.42109827,
2026-06-11 09:34:00,1781170440,979.42109827,987.69410765,955.21583552,956.02832779,
2026-06-11 09:35:00,1781170500,956.02832779,970.71534482,939.51292247,970.25414968,
2026-06-11 09:36:00,1781170560,970.25414968,970.36153862,957.59361822,958.13446099,
2026-06-11 09:37:00,1781170620,958.13446099,964.58536158,957.13613429,958.85821046,
2026-06-11 09:38:00,1781170680,958.85821046,968.11975987,956.11246424,965.4840082,
2026-06-11 09:39:00,1781170740,965.4840082,967.94626753,952.5371632,964.94345743,
2026-06-11 09:40:00,1781170800,964.94345743,968.38837494,961.93834661,965.30308306,
2026-06-11 09:41:00,1781170860,965.30308306,978.09533436,965.24613249,976.89636113,
2026-06-11 09:42:00,1781170920,976.89636113,977.7549528,960.35085226,966.03542674,
2026-06-11 09:43:00,1781170980,966.03542674,975.81566365,964.84055187,975.43723023,
2026-06-11 09:44:00,1781171040,975.43723023,976.25324682,955.05406235,957.44624748,
2026-06-11 09:45:00,1781171100,957.44624748,970.13134743,957.44624748,957.87455135,
2026-06-11 09:46:00,1781171160,957.87455135,961.53983937,957.82847066,961.26935027,
2026-06-11 09:47:00,1781171220,961.26935027,973.32489247,960.42928249,971.16569092,
2026-06-11 09:48:00,1781171280,971.16569092,972.53602597,955.77928269,957.71289829,
2026-06-11 09:49:00,1781171340,957.71289829,968.57957204,955.48819829,957.61206089,
2026-06-11 09:50:00,1781171400,957.61206089,964.06062585,956.93118526,958.65802109,
2026-06-11 09:51:00,1781171460,958.65802109,958.65802109,927.4464131,932.799805,
2026-06-11 09:52:00,1781171520,932.799805,938.75370235,919.24667861,938.20091817,
2026-06-11 09:53:00,1781171580,938.20091817,947.57662196,936.78831224,936.87018272,
2026-06-11 09:54:00,1781171640,936.87018272,951.72005569,933.34848239,933.89506076,
2026-06-11 09:55:00,1781171700,933.89506076,940.32515178,924.31409024,939.73878013,
2026-06-11 09:56:00,1781171760,939.73878013,959.77977029,937.44707986,959.72271245,
2026-06-11 09:57:00,1781171820,959.72271245,970.81487227,959.72271245,967.7853896,
2026-06-11 09:58:00,1781171880,967.7853896,968.05883562,951.28112293,951.28112293,
2026-06-11 09:59:00,1781171940,951.28112293,956.82749083,938.38380385,948.69662152,
2026-06-11 10:00:00,1781172000,948.69662152,954.32333561,934.18460785,941.76229238,
2026-06-11 10:01:00,1781172060,941.76229238,955.07623433,927.33554869,946.7950322,
2026-06-11 10:02:00,1781172120,946.7950322,970.66389845,938.65576156,969.89961866,
2026-06-11 10:03:00,1781172180,969.89961866,976.79495932,965.08445873,971.72464294,
2026-06-11 10:04:00,1781172240,971.72464294,997.11442609,964.81123127,986.55964604,
2026-06-11 10:05:00,1781172300,986.55964604,991.036867,971.8248329,972.52443299,
2026-06-11 10:06:00,1781172360,972.52443299,982.32953163,951.04032907,951.86319266,
2026-06-11 10:07:00,1781172420,951.86319266,951.86319266,924.88551989,932.00066297,
2026-06-11 10:08:00,1781172480,932.00066297,938.88686089,919.75359963,933.87034934,
2026-06-11 10:09:00,1781172540,933.87034934,959.08835623,933.86812275,942.11952215,
2026-06-11 10:10:00,1781172600,942.11952215,959.13183424,939.28654051,959.13183424,
2026-06-11 10:11:00,1781172660,959.13183424,963.65541924,941.17394419,941.60841653,
2026-06-11 10:12:00,1781172720,941.60841653,955.06098173,941.29446281,946.82428433,
2026-06-11 10:13:00,1781172780,946.82428433,953.58026539,926.90093001,932.75354569,
2026-06-11 10:14:00,1781172840,932.75354569,951.38694284,932.52728911,950.52939111,
2026-06-11 10:15:00,1781172900,950.52939111,951.02486517,936.57346492,941.70138151,
2026-06-11 10:16:00,1781172960,941.70138151,960.56685432,941.70138151,959.89885959,
2026-06-11 10:17:00,1781173020,959.89885959,1010.83731752,957.92175341,997.34537443,
2026-06-11 10:18:00,1781173080,997.34537443,999.09322254,972.40561687,993.47908736,
2026-06-11 10:19:00,1781173140,993.47908736,1014.15453674,985.09546871,992.67624146,
2026-06-11 10:20:00,1781173200,992.67624146,994.9729891,981.38495571,988.74617202,
2026-06-11 10:21:00,1781173260,988.74617202,989.73310846,972.19692906,977.02563525,
2026-06-11 10:22:00,1781173320,977.02563525,999.37872756,973.2639938,997.06060679,
2026-06-11 10:23:00,1781173380,997.06060679,997.21286161,977.59003599,977.8304233,
2026-06-11 10:24:00,1781173440,977.8304233,994.53830361,976.81761228,986.59038588,
2026-06-11 10:25:00,1781173500,986.59038588,988.27991433,977.33700915,978.68247109,
2026-06-11 10:26:00,1781173560,978.68247109,997.09366033,978.12544611,987.62883302,
2026-06-11 10:27:00,1781173620,987.62883302,993.81627082,983.70198032,986.31363212,
2026-06-11 10:28:00,1781173680,986.31363212,987.34573983,974.03381628,977.23447447,
2026-06-11 10:29:00,1781173740,977.23447447,979.91215699,962.94991687,975.09380729,
2026-06-11 10:30:00,1781173800,975.09380729,981.56213481,955.25234455,956.19010378,
2026-06-11 10:31:00,1781173860,956.19010378,956.19010378,929.31306571,943.1588724,
2026-06-11 10:32:00,1781173920,943.1588724,954.01887428,943.15667758,951.31156915,
2026-06-11 10:33:00,1781173980,951.31156915,969.16998615,951.26329285,968.61018403,
2026-06-11 10:34:00,1781174040,968.61018403,968.61018403,939.50469016,959.56985181,
2026-06-11 10:35:00,1781174100,959.56985181,965.92942354,945.72114599,945.72114599,
2026-06-11 10:36:00,1781174160,945.72114599,945.93948798,930.43714073,932.65381758,
2026-06-11 10:37:00,1781174220,932.65381758,943.89614944,930.01866074,935.77773234,
2026-06-11 10:38:00,1781174280,935.77773234,937.88112027,919.96764405,927.36252166,
2026-06-11 10:39:00,1781174340,927.36252166,956.66951322,926.97710114,952.07599596,
2026-06-11 10:40:00,1781174400,952.07599596,953.41966321,938.04218842,946.22832034,
2026-06-11 10:41:00,1781174460,946.22832034,955.05532965,939.89455964,945.13018086,
2026-06-11 10:42:00,1781174520,945.13018086,952.98905095,936.27752941,939.95043235,
2026-06-11 10:43:00,1781174580,939.95043235,939.95043235,924.36118089,937.71793174,
2026-06-11 10:44:00,1781174640,937.71793174,943.24192182,924.01189673,935.54301274,
2026-06-11 10:45:00,1781174700,935.54301274,937.69188118,932.5727716,937.53773848,
2026-06-11 10:46:00,1781174760,937.53773848,942.13264386,917.96941795,923.38635439,
2026-06-11 10:47:00,1781174820,923.38635439,928.33265815,913.60396067,919.03392095,
2026-06-11 10:48:00,1781174880,919.03392095,924.07623728,918.24893496,921.9407423,
2026-06-11 10:49:00,1781174940,921.9407423,927.27182303,917.01856547,917.0907867,
2026-06-11 10:50:00,1781175000,917.0907867,925.64504593,911.29102655,915.59145222,
2026-06-11 10:51:00,1781175060,915.59145222,916.61062951,847.91920001,865.88131935,
2026-06-11 10:52:00,1781175120,865.88131935,900.96992797,865.88131935,886.78829238,
2026-06-11 10:53:00,1781175180,886.78829238,899.05533285,878.05091556,883.94496239,
2026-06-11 10:54:00,1781175240,883.94496239,886.27344623,847.1802507,851.05660639,
2026-06-11 10:55:00,1781175300,851.05660639,870.37200778,809.7665491,813.08041792,
2026-06-11 10:56:00,1781175360,813.08041792,874.18316253,811.67445372,870.98272258,
2026-06-11 10:57:00,1781175420,870.98272258,875.95329638,836.12804695,841.29584859,
2026-06-11 10:58:00,1781175480,841.29584859,845.58205894,815.16363813,832.83012701,
2026-06-11 10:59:00,1781175540,832.83012701,838.4070957,797.49666176,828.20239479,
2026-06-11 11:00:00,1781175600,828.20239479,870.55764254,827.68857869,868.48401634,
2026-06-11 11:01:00,1781175660,868.48401634,870.09907517,819.80552392,819.94142861,
2026-06-11 11:02:00,1781175720,819.94142861,830.47169342,805.54577535,816.59778272,
2026-06-11 11:03:00,1781175780,816.59778272,816.64553515,797.25659538,811.59197797,
2026-06-11 11:04:00,1781175840,811.59197797,811.88214003,799.56509327,807.85199026,
2026-06-11 11:05:00,1781175900,807.85199026,827.5729596,800.73285367,816.15622921,
2026-06-11 11:06:00,1781175960,816.15622921,831.08010623,816.05904692,826.39795224,
2026-06-11 11:07:00,1781176020,826.39795224,846.09958788,819.83060997,842.87937858,
2026-06-11 11:08:00,1781176080,842.87937858,883.45150913,834.25804603,834.5584214,
2026-06-11 11:09:00,1781176140,834.5584214,839.12911624,825.29634691,825.92569446,
2026-06-11 11:10:00,1781176200,825.92569446,825.92569446,809.60362734,811.59576607,
2026-06-11 11:11:00,1781176260,811.59576607,813.23654677,792.78789639,795.39628189,
2026-06-11 11:12:00,1781176320,795.39628189,820.53402168,793.59712143,804.95438449,
2026-06-11 11:13:00,1781176380,804.95438449,814.18081327,802.80935666,804.58333886,
2026-06-11 11:14:00,1781176440,804.58333886,805.44264805,799.53431419,800.92234639,
2026-06-11 11:15:00,1781176500,800.92234639,823.4706954,800.92234639,810.3747436,
2026-06-11 11:16:00,1781176560,810.3747436,810.48351232,804.00647199,804.60067109,
2026-06-11 11:17:00,1781176620,804.60067109,804.61673065,780.54161571,787.91447546,
2026-06-11 11:18:00,1781176680,787.91447546,832.62944622,787.91447546,822.91489839,
2026-06-11 11:19:00,1781176740,822.91489839,843.98245379,821.60213665,835.40452209,
2026-06-11 11:20:00,1781176800,835.40452209,843.96590201,833.59804263,834.69746117,
2026-06-11 11:21:00,1781176860,834.69746117,843.38609879,820.79914288,821.34643283,
2026-06-11 11:22:00,1781176920,821.34643283,822.17864485,809.18592524,814.63287212,
2026-06-11 11:23:00,1781176980,814.63287212,817.20898827,812.86135962,815.80602424,
2026-06-11 11:24:00,1781177040,815.80602424,821.46588521,808.7396251,813.82942569,
2026-06-11 11:25:00,1781177100,813.82942569,836.7030565,813.28773174,831.00538304,
2026-06-11 11:26:00,1781177160,831.00538304,845.01058523,830.42547314,844.64469266,
2026-06-11 11:27:00,1781177220,844.64469266,846.64166953,825.97542693,829.04870798,
2026-06-11 11:28:00,1781177280,829.04870798,832.18910727,806.23249128,806.57849734,
2026-06-11 11:29:00,1781177340,806.57849734,818.84086892,792.86815482,816.69065371,
2026-06-11 11:30:00,1781177400,816.69065371,818.53958595,784.95437834,793.7372156,
2026-06-11 11:31:00,1781177460,793.7372156,804.6281668,770.70210192,772.71956393,
2026-06-11 11:32:00,1781177520,772.71956393,793.54409917,763.36012469,792.80236388,
2026-06-11 11:33:00,1781177580,792.80236388,805.21550933,785.05032875,788.56681881,
2026-06-11 11:34:00,1781177640,788.56681881,810.54359628,788.56681881,801.37508681,
2026-06-11 11:35:00,1781177700,801.37508681,813.99552221,793.96997348,811.71437144,
2026-06-11 11:36:00,1781177760,811.71437144,825.48137003,811.66213979,825.47908579,
2026-06-11 11:37:00,1781177820,825.47908579,844.39435162,817.2083931,841.88173684,
2026-06-11 11:38:00,1781177880,841.88173684,855.63925361,831.32167243,847.02254256,
2026-06-11 11:39:00,1781177940,847.02254256,851.03781522,817.30883523,821.77282151,
2026-06-11 11:40:00,1781178000,821.77282151,833.73408202,817.01115764,831.70182596,
2026-06-11 11:41:00,1781178060,831.70182596,834.55541314,814.10582065,826.1232448,
2026-06-11 11:42:00,1781178120,826.1232448,835.09764998,821.69798352,821.69798352,
2026-06-11 11:43:00,1781178180,821.69798352,828.25382141,816.58563421,819.43858593,
2026-06-11 11:44:00,1781178240,819.43858593,837.41733222,818.75236292,825.53717314,
2026-06-11 11:45:00,1781178300,825.53717314,840.18221889,825.53717314,835.55374017,
2026-06-11 11:46:00,1781178360,835.55374017,835.65358672,829.02496309,829.88496963,
2026-06-11 11:47:00,1781178420,829.88496963,838.91059834,824.90833934,838.91059834,
2026-06-11 11:48:00,1781178480,838.91059834,844.75899674,835.94458593,838.60063752,
2026-06-11 11:49:00,1781178540,838.60063752,848.10207088,817.72738701,817.72738701,
2026-06-11 11:50:00,1781178600,817.72738701,824.3540557,813.96888991,817.68389004,
2026-06-11 11:51:00,1781178660,817.68389004,825.01573953,764.70169657,776.68729807,
2026-06-11 11:52:00,1781178720,776.68729807,802.64817609,770.10812235,797.27921879,
2026-06-11 11:53:00,1781178780,797.27921879,802.35720381,789.03634284,796.02309674,
2026-06-11 11:54:00,1781178840,796.02309674,805.71101816,795.81573547,798.37412041,
2026-06-11 11:55:00,1781178900,798.37412041,825.59307379,798.37412041,823.61429755,
2026-06-11 11:56:00,1781178960,823.61429755,841.5601483,823.61429755,827.55014109,
2026-06-11 11:57:00,1781179020,827.55014109,834.45054465,820.13443097,832.61709893,
2026-06-11 11:58:00,1781179080,832.61709893,834.51038899,827.48734479,830.66585816,
2026-06-11 11:59:00,1781179140,830.66585816,838.40123166,826.60090748,835.8562471,
2026-06-11 12:00:00,1781179200,835.8562471,870.06456814,831.56431289,864.82391719,
2026-06-11 12:01:00,1781179260,864.82391719,864.82391719,848.12253338,860.54713896,
2026-06-11 12:02:00,1781179320,860.54713896,869.1041205,855.8973902,861.05661936,
2026-06-11 12:03:00,1781179380,861.05661936,884.27520201,859.8314042,879.75416823,
2026-06-11 12:04:00,1781179440,879.75416823,886.52019722,848.89163564,850.49784487,
2026-06-11 12:05:00,1781179500,850.49784487,852.28947193,835.27927226,847.14537429,
2026-06-11 12:06:00,1781179560,847.14537429,860.4716929,830.049102,857.33590866,
2026-06-11 12:07:00,1781179620,857.33590866,889.78378179,857.33590866,877.10138744,
2026-06-11 12:08:00,1781179680,877.10138744,881.8508111,862.84862832,866.75057393,
2026-06-11 12:09:00,1781179740,866.75057393,885.75776421,860.69513619,879.18153682,
2026-06-11 12:10:00,1781179800,879.18153682,881.96520921,824.48917936,827.3297268,
2026-06-11 12:11:00,1781179860,827.3297268,839.93693243,800.247163,800.247163,
2026-06-11 12:12:00,1781179920,800.247163,809.7008857,789.80283814,791.52611481,
2026-06-11 12:13:00,1781179980,791.52611481,829.96211096,790.3431544,828.43032715,
2026-06-11 12:14:00,1781180040,828.43032715,848.06767934,807.46944273,811.73237641,
2026-06-11 12:15:00,1781180100,811.73237641,828.16465772,800.67078191,819.04146769,
2026-06-11 12:16:00,1781180160,819.04146769,824.73323217,810.81191098,815.78484211,
2026-06-11 12:17:00,1781180220,815.78484211,831.01674689,805.64128361,830.7592234,
2026-06-11 12:18:00,1781180280,830.7592234,833.1337087,793.37506119,802.8777893,
2026-06-11 12:19:00,1781180340,802.8777893,837.46755533,801.47495331,837.31381166,
2026-06-11 12:20:00,1781180400,837.31381166,912.66407414,837.31381166,911.52374445,
2026-06-11 12:21:00,1781180460,911.52374445,953.67112479,903.22308923,941.75085574,
2026-06-11 12:22:00,1781180520,941.75085574,1057.49779591,937.29514407,1051.71300881,
2026-06-11 12:23:00,1781180580,1051.71300881,1074.17974828,1005.04187241,1013.43046243,
2026-06-11 12:24:00,1781180640,1013.43046243,1061.60277583,977.8317094,1044.75647764,
2026-06-11 12:25:00,1781180700,1044.75647764,1046.21962161,1013.93744603,1034.14965733,
2026-06-11 12:26:00,1781180760,1034.14965733,1036.1438111,998.72336857,999.1838984,
2026-06-11 12:27:00,1781180820,999.1838984,1053.80936508,996.47595061,1031.59722438,
2026-06-11 12:28:00,1781180880,1031.59722438,1074.29353731,1013.1468665,1067.58341067,
2026-06-11 12:29:00,1781180940,1067.58341067,1072.76683852,1047.06373678,1067.79630499,
2026-06-11 12:30:00,1781181000,1067.79630499,1171.28752503,999.47229686,1077.52399606,
2026-06-11 12:31:00,1781181060,1077.52399606,1122.45781381,1048.03579013,1081.94744389,
2026-06-11 12:32:00,1781181120,1081.94744389,1121.79303045,1075.59205562,1086.18656413,
2026-06-11 12:33:00,1781181180,1086.18656413,1130.01543389,1070.72634373,1112.17223624,
2026-06-11 12:34:00,1781181240,1112.17223624,1130.2902323,1003.15934391,1021.25059981,
2026-06-11 12:35:00,1781181300,1021.25059981,1036.22651296,993.04620194,1022.24726065,
2026-06-11 12:36:00,1781181360,1022.24726065,1026.0977321,980.1901281,995.49814018,
2026-06-11 12:37:00,1781181420,995.49814018,1027.71101195,985.8414994,1026.3547055,
2026-06-11 12:38:00,1781181480,1026.3547055,1026.3547055,957.20462206,998.14677629,
2026-06-11 12:39:00,1781181540,998.14677629,1006.13450376,961.84927308,1001.92844729,
2026-06-11 12:40:00,1781181600,1001.92844729,1013.76130163,986.33392195,993.24210492,
2026-06-11 12:41:00,1781181660,993.24210492,1006.52158015,958.97383947,965.32151081,
2026-06-11 12:42:00,1781181720,965.32151081,982.292342,956.12489801,961.03670393,
2026-06-11 12:43:00,1781181780,961.03670393,998.84352495,954.52827128,998.84352495,
2026-06-11 12:44:00,1781181840,998.84352495,1012.99377656,907.82686444,920.49454514,
2026-06-11 12:45:00,1781181900,920.49454514,955.92108593,913.81403822,919.50596456,
2026-06-11 12:46:00,1781181960,919.50596456,928.27185866,896.2489616,897.78691672,
2026-06-11 12:47:00,1781182020,897.78691672,934.35206201,881.13534689,924.8531324,
2026-06-11 12:48:00,1781182080,924.8531324,945.25565472,913.01541967,943.7970684,
2026-06-11 12:49:00,1781182140,943.7970684,952.88746774,895.20026143,895.20026143,
2026-06-11 12:50:00,1781182200,895.20026143,941.33592789,889.838697,933.70327863,
2026-06-11 12:51:00,1781182260,933.70327863,935.39966317,880.04207518,880.79723493,
2026-06-11 12:52:00,1781182320,880.79723493,880.79723493,853.29130513,874.21828159,
2026-06-11 12:53:00,1781182380,874.21828159,910.12828887,858.51183861,903.29675319,
2026-06-11 12:54:00,1781182440,903.29675319,911.10746672,895.65730429,902.16845162,
2026-06-11 12:55:00,1781182500,902.16845162,904.62273763,852.38176142,860.27678831,
2026-06-11 12:56:00,1781182560,860.27678831,875.27173227,856.41680249,869.25174323,
2026-06-11 12:57:00,1781182620,869.25174323,882.90712552,855.39405257,877.02524106,
2026-06-11 12:58:00,1781182680,877.02524106,889.03773359,849.41764417,855.95386788,
2026-06-11 12:59:00,1781182740,855.95386788,870.17295422,851.26951787,868.61511784,
2026-06-11 13:00:00,1781182800,868.61511784,906.50776505,866.9600729,902.70345879,
2026-06-11 13:01:00,1781182860,902.70345879,908.28729756,882.60966245,908.28729756,
2026-06-11 13:02:00,1781182920,908.28729756,928.96838361,900.83734197,914.56610591,
2026-06-11 13:03:00,1781182980,914.56610591,929.2151016,912.47696717,915.34170396,
2026-06-11 13:04:00,1781183040,915.34170396,919.63349623,882.50819991,899.86114401,
2026-06-11 13:05:00,1781183100,899.86114401,931.05221848,899.69477156,916.82929917,
2026-06-11 13:06:00,1781183160,916.82929917,930.3592073,903.42318802,912.91197621,
2026-06-11 13:07:00,1781183220,912.91197621,924.28891595,904.03581688,916.06032961,
2026-06-11 13:08:00,1781183280,916.06032961,924.67692567,911.39968365,919.26355691,
2026-06-11 13:09:00,1781183340,919.26355691,933.50157691,916.98398159,929.21207523,
2026-06-11 13:10:00,1781183400,929.21207523,929.37693066,914.99127143,916.71893761,
2026-06-11 13:11:00,1781183460,916.71893761,951.37557714,902.74955722,940.8046799,
2026-06-11 13:12:00,1781183520,940.8046799,940.8046799,913.59711497,922.98994935,
2026-06-11 13:13:00,1781183580,922.98994935,928.86256988,910.37282038,926.71789286,
2026-06-11 13:14:00,1781183640,926.71789286,927.43911343,910.03890246,920.7116235,
2026-06-11 13:15:00,1781183700,920.7116235,923.11203884,907.53276578,910.33313989,
2026-06-11 13:16:00,1781183760,910.33313989,910.33313989,889.52750744,890.80662305,
2026-06-11 13:17:00,1781183820,890.80662305,904.07948264,889.02613253,900.71874527,
2026-06-11 13:18:00,1781183880,900.71874527,903.66629883,886.30765846,888.66304232,
2026-06-11 13:19:00,1781183940,888.66304232,888.66304232,866.02125566,867.62790665,
2026-06-11 13:20:00,1781184000,867.62790665,867.73488287,843.08330887,863.30711256,
2026-06-11 13:21:00,1781184060,863.30711256,870.02835317,859.44901655,863.96843026,
2026-06-11 13:22:00,1781184120,863.96843026,915.776043,863.96843026,911.07565777,
2026-06-11 13:23:00,1781184180,911.07565777,921.09644348,902.95909951,920.65228907,
2026-06-11 13:24:00,1781184240,920.65228907,966.48478033,915.37610208,962.42975088,
2026-06-11 13:25:00,1781184300,962.42975088,973.22057867,951.92785523,953.98285011,
2026-06-11 13:26:00,1781184360,953.98285011,968.24595251,951.73631435,956.42857542,
2026-06-11 13:27:00,1781184420,956.42857542,973.12149641,955.17641719,962.38265218,
2026-06-11 13:28:00,1781184480,962.38265218,973.64110075,954.68606777,954.79686442,
2026-06-11 13:29:00,1781184540,954.79686442,988.35790981,954.56624078,976.27893706,
2026-06-11 13:30:00,1781184600,976.27893706,1005.54840965,976.10722881,980.81278358,
2026-06-11 13:31:00,1781184660,980.81278358,1042.08338505,977.48459516,1027.08970104,
2026-06-11 13:32:00,1781184720,1027.08970104,1061.33591935,1022.07863176,1032.94233946,
2026-06-11 13:33:00,1781184780,1032.94233946,1033.17930184,978.07935814,1004.55153965,
2026-06-11 13:34:00,1781184840,1004.55153965,1037.40403116,992.31393595,1005.95783217,
2026-06-11 13:35:00,1781184900,1005.95783217,1025.96910855,946.5292703,947.75493519,
2026-06-11 13:36:00,1781184960,947.75493519,961.01391856,908.41243267,960.90035366,
2026-06-11 13:37:00,1781185020,960.90035366,971.13907653,926.79297667,934.94022813,
2026-06-11 13:38:00,1781185080,934.94022813,998.78746153,929.94975935,993.50147869,
2026-06-11 13:39:00,1781185140,993.50147869,993.50147869,929.47224963,955.34007928,
2026-06-11 13:40:00,1781185200,955.34007928,1012.74209469,950.83609197,961.64458363,
2026-06-11 13:41:00,1781185260,961.64458363,1030.42588301,953.46989798,1010.23182681,
2026-06-11 13:42:00,1781185320,1010.23182681,1032.88264483,973.66024191,989.67317989,
2026-06-11 13:43:00,1781185380,989.67317989,989.67317989,921.03307777,928.35026196,
2026-06-11 13:44:00,1781185440,928.35026196,929.97054767,883.8906557,886.16666775,
2026-06-11 13:45:00,1781185500,886.16666775,899.43080364,803.28025887,831.90436474,
2026-06-11 13:46:00,1781185560,831.90436474,862.59900112,827.2694785,838.76615333,
2026-06-11 13:47:00,1781185620,838.76615333,865.88053504,819.35282836,836.61356321,
2026-06-11 13:48:00,1781185680,836.61356321,852.09354394,828.74733752,835.77923842,
2026-06-11 13:49:00,1781185740,835.77923842,850.86878987,823.57453349,850.86878987,
2026-06-11 13:50:00,1781185800,850.86878987,852.58853625,780.50048483,787.92971717,
2026-06-11 13:51:00,1781185860,787.92971717,833.8218713,786.36932931,815.33559682,
2026-06-11 13:52:00,1781185920,815.33559682,828.62055177,781.07226139,812.47095853,
2026-06-11 13:53:00,1781185980,812.47095853,838.91896367,742.09864339,744.37450524,
2026-06-11 13:54:00,1781186040,744.37450524,787.30612691,741.13491649,778.56591536,
2026-06-11 13:55:00,1781186100,778.56591536,810.67838466,778.56591536,798.39299179,
2026-06-11 13:56:00,1781186160,798.39299179,843.24987678,797.42813953,843.03916309,
2026-06-11 13:57:00,1781186220,843.03916309,869.55668471,834.78353245,866.36164398,
2026-06-11 13:58:00,1781186280,866.36164398,866.36164398,833.03032972,843.3407394,
2026-06-11 13:59:00,1781186340,843.3407394,843.76326698,816.08714205,819.62375468,
2026-06-11 14:00:00,1781186400,819.62375468,845.2710781,815.33077804,834.71180827,
2026-06-11 14:01:00,1781186460,834.71180827,866.71948559,826.34409109,836.40529163,
2026-06-11 14:02:00,1781186520,836.40529163,854.6175428,827.22994583,842.69997562,
2026-06-11 14:03:00,1781186580,842.69997562,863.39542402,828.87822864,860.63162203,
2026-06-11 14:04:00,1781186640,860.63162203,871.03583776,813.87984837,815.63793687,
2026-06-11 14:05:00,1781186700,815.63793687,903.07403594,814.70338606,899.16070562,
2026-06-11 14:06:00,1781186760,899.16070562,916.82024364,876.31624512,910.52697351,
2026-06-11 14:07:00,1781186820,910.52697351,910.68918623,857.34548611,859.59479616,
2026-06-11 14:08:00,1781186880,859.59479616,886.09807925,859.59252884,868.27789246,
2026-06-11 14:09:00,1781186940,868.27789246,926.03090351,865.52602405,908.94961112,
2026-06-11 14:10:00,1781187000,908.94961112,962.18828233,894.87678961,962.18828233,
2026-06-11 14:11:00,1781187060,962.18828233,1003.03320358,935.28943403,935.68527901,
2026-06-11 14:12:00,1781187120,935.68527901,973.47477899,920.2593258,967.62841775,
2026-06-11 14:13:00,1781187180,967.62841775,985.22819277,941.80177038,944.07801737,
2026-06-11 14:14:00,1781187240,944.07801737,975.11331553,938.09549478,970.87797722,
2026-06-11 14:15:00,1781187300,970.87797722,978.36322167,921.37866885,940.94307401,
2026-06-11 14:16:00,1781187360,940.94307401,1009.86470752,934.6074628,1007.07713759,
2026-06-11 14:17:00,1781187420,1007.07713759,1008.12100209,944.90083854,960.5435116,
2026-06-11 14:18:00,1781187480,960.5435116,1000.95262932,954.32707732,1000.95041707,
2026-06-11 14:19:00,1781187540,1000.95041707,1007.88020553,950.81310624,963.80627912,
2026-06-11 14:20:00,1781187600,963.80627912,974.18181936,925.26669251,926.26296851,
2026-06-11 14:21:00,1781187660,926.26296851,945.32200307,913.32510654,913.92995867,
2026-06-11 14:22:00,1781187720,913.92995867,958.43800287,898.71712632,913.74973775,
2026-06-11 14:23:00,1781187780,913.74973775,915.53628955,869.41876088,892.60214212,
2026-06-11 14:24:00,1781187840,892.60214212,910.29800669,858.97429761,881.21744281,
2026-06-11 14:25:00,1781187900,881.21744281,889.95378907,864.13939955,877.71374377,
2026-06-11 14:26:00,1781187960,877.71374377,926.67450698,877.32929677,922.31599328,
2026-06-11 14:27:00,1781188020,922.31599328,922.31599328,880.45058005,894.01585169,
2026-06-11 14:28:00,1781188080,894.01585169,904.63102662,868.82288895,871.15848235,
2026-06-11 14:29:00,1781188140,871.15848235,881.04450116,837.37473876,842.0558616,
2026-06-11 14:30:00,1781188200,842.0558616,905.09142791,827.36842196,902.19451645,
2026-06-11 14:31:00,1781188260,902.19451645,914.14799074,874.91945738,881.0106947,
2026-06-11 14:32:00,1781188320,881.0106947,893.58729661,857.21692037,883.91547303,
2026-06-11 14:33:00,1781188380,883.91547303,905.59068384,872.23082846,899.04354228,
2026-06-11 14:34:00,1781188440,899.04354228,922.83150957,886.4487107,889.04357614,
2026-06-11 14:35:00,1781188500,889.04357614,900.88268105,859.06226107,864.18167374,
2026-06-11 14:36:00,1781188560,864.18167374,878.07672209,807.31640611,807.31640611,
2026-06-11 14:37:00,1781188620,807.31640611,885.43504356,803.87281356,884.41690374,
2026-06-11 14:38:00,1781188680,884.41690374,886.29375388,856.20758161,870.09472659,
2026-06-11 14:39:00,1781188740,870.09472659,900.44674704,868.12413589,892.23094399,
2026-06-11 14:40:00,1781188800,892.23094399,909.39086293,881.31565415,881.62294938,
2026-06-11 14:41:00,1781188860,881.62294938,901.21104749,862.29353966,895.36124417,
2026-06-11 14:42:00,1781188920,895.36124417,912.60707337,877.39441473,898.53308572,
2026-06-11 14:43:00,1781188980,898.53308572,926.24408613,890.86481673,908.09810498,
2026-06-11 14:44:00,1781189040,908.09810498,922.90321497,891.09679707,920.4300776,
2026-06-11 14:45:00,1781189100,920.4300776,924.11868296,893.51728197,899.82812535,
2026-06-11 14:46:00,1781189160,899.82812535,917.27311061,876.92807215,906.51310804,
2026-06-11 14:47:00,1781189220,906.51310804,908.46328149,884.55805416,901.55524882,
2026-06-11 14:48:00,1781189280,901.55524882,903.24646128,859.63223132,878.0521797,
2026-06-11 14:49:00,1781189340,878.0521797,898.90309591,869.13221471,894.60459337,
2026-06-11 14:50:00,1781189400,894.60459337,914.76783802,866.69579747,870.87979008,
2026-06-11 14:51:00,1781189460,870.87979008,880.57623589,827.02830202,848.49105329,
2026-06-11 14:52:00,1781189520,848.49105329,886.05504424,846.59691928,873.16473938,
2026-06-11 14:53:00,1781189580,873.16473938,877.38234232,841.27148376,870.4720598,
2026-06-11 14:54:00,1781189640,870.4720598,889.32585456,857.64651931,874.33139375,
2026-06-11 14:55:00,1781189700,874.33139375,900.89461935,872.87593594,899.49610495,
2026-06-11 14:56:00,1781189760,899.49610495,963.20276843,897.384985,945.25956922,
2026-06-11 14:57:00,1781189820,945.25956922,961.4007528,914.34379185,916.33461501,
2026-06-11 14:58:00,1781189880,916.33461501,978.61993863,905.22187948,973.88709121,
2026-06-11 14:59:00,1781189940,973.88709121,990.10911908,968.804407,988.37990466,
2026-06-11 15:00:00,1781190000,988.37990466,1008.18836329,963.02720714,1007.70351742,
2026-06-11 15:01:00,1781190060,1007.70351742,1103.19888277,1007.70135406,1081.87451696,
2026-06-11 15:02:00,1781190120,1081.87451696,1091.82902286,1017.89546057,1052.96585807,
2026-06-11 15:03:00,1781190180,1052.96585807,1054.28625671,991.53014684,1009.16847137,
2026-06-11 15:04:00,1781190240,1009.16847137,1022.27508896,987.0726013,1000.09063175,
2026-06-11 15:05:00,1781190300,1000.09063175,1048.56037102,997.21285797,1040.19484895,
2026-06-11 15:06:00,1781190360,1040.19484895,1048.56952062,997.89345748,1018.02379852,
2026-06-11 15:07:00,1781190420,1018.02379852,1030.53240582,927.96847857,932.98670598,
2026-06-11 15:08:00,1781190480,932.98670598,973.0538787,917.02985564,948.58113214,
2026-06-11 15:09:00,1781190540,948.58113214,978.8894873,936.95570422,972.48704421,
2026-06-11 15:10:00,1781190600,972.48704421,1007.38788973,972.30790276,992.03149404,
2026-06-11 15:11:00,1781190660,992.03149404,993.68557573,967.11848569,973.58746537,
2026-06-11 15:12:00,1781190720,973.58746537,980.38379441,904.13554952,931.799994,
2026-06-11 15:13:00,1781190780,931.799994,964.17694134,925.97748035,962.38704976,
2026-06-11 15:14:00,1781190840,962.38704976,1006.64114456,962.15187832,1005.12067859,
2026-06-11 15:15:00,1781190900,1005.12067859,1016.99116965,965.35808424,966.53424971,
2026-06-11 15:16:00,1781190960,966.53424971,1007.86270935,955.58628077,1007.06840267,
2026-06-11 15:17:00,1781191020,1007.06840267,1017.21877834,988.99496757,1012.91567924,
2026-06-11 15:18:00,1781191080,1012.91567924,1048.66548768,1004.07929089,1042.02574183,
2026-06-11 15:19:00,1781191140,1042.02574183,1047.95443257,1012.58844973,1018.34269701,
2026-06-11 15:20:00,1781191200,1018.34269701,1023.39699533,949.07864082,957.45217375,
2026-06-11 15:21:00,1781191260,957.45217375,963.88823802,937.01893893,957.29662415,
2026-06-11 15:22:00,1781191320,957.29662415,987.4324595,957.29662415,976.03791414,
2026-06-11 15:23:00,1781191380,976.03791414,982.56823435,934.45871159,940.42484274,
2026-06-11 15:24:00,1781191440,940.42484274,952.88490448,934.21951395,952.88490448,
2026-06-11 15:25:00,1781191500,952.88490448,987.22287469,951.94890825,965.5054852,
2026-06-11 15:26:00,1781191560,965.5054852,985.87313615,958.86598798,959.09112643,
2026-06-11 15:27:00,1781191620,959.09112643,985.56086396,950.31943671,970.48310881,
2026-06-11 15:28:00,1781191680,970.48310881,994.73694291,964.93878366,981.93254113,
2026-06-11 15:29:00,1781191740,981.93254113,997.2306474,972.280312,982.76733059,
2026-06-11 15:30:00,1781191800,982.76733059,1015.36377042,969.64181959,1011.96731215,
2026-06-11 15:31:00,1781191860,1011.96731215,1038.41585837,1009.33970563,1010.69151882,
2026-06-11 15:32:00,1781191920,1010.69151882,1013.2519442,984.88549127,985.06472424,
2026-06-11 15:33:00,1781191980,985.06472424,1016.17795023,984.39949956,986.37206492,
2026-06-11 15:34:00,1781192040,986.37206492,986.37206492,954.93793837,968.72104503,
2026-06-11 15:35:00,1781192100,968.72104503,973.95918485,916.2525261,934.74859098,
2026-06-11 15:36:00,1781192160,934.74859098,963.42727664,916.70089968,921.94131626,
2026-06-11 15:37:00,1781192220,921.94131626,925.27093492,901.6239479,907.04451885,
2026-06-11 15:38:00,1781192280,907.04451885,938.18144503,903.12142681,903.58119663,
2026-06-11 15:39:00,1781192340,903.58119663,923.4071695,891.57345092,922.3672078,
2026-06-11 15:40:00,1781192400,922.3672078,928.58437332,895.15536881,898.17609358,
2026-06-11 15:41:00,1781192460,898.17609358,934.21916714,898.17609358,933.30737237,
2026-06-11 15:42:00,1781192520,933.30737237,952.33403532,925.83011265,939.91213609,
2026-06-11 15:43:00,1781192580,939.91213609,986.86180541,928.51161352,984.69620298,
2026-06-11 15:44:00,1781192640,984.69620298,1008.5457889,972.24481657,1006.65177871,
2026-06-11 15:45:00,1781192700,1006.65177871,1052.91461344,992.5677501,1043.53528696,
2026-06-11 15:46:00,1781192760,1043.53528696,1043.53528696,991.40195493,993.45347197,
2026-06-11 15:47:00,1781192820,993.45347197,995.90577059,971.18410141,981.6170965,
2026-06-11 15:48:00,1781192880,981.6170965,1046.76810523,981.19679286,1024.27381301,
2026-06-11 15:49:00,1781192940,1024.27381301,1037.51790403,1004.71196218,1032.0903433,
2026-06-11 15:50:00,1781193000,1032.0903433,1045.13747557,1023.56292094,1036.96366907,
2026-06-11 15:51:00,1781193060,1036.96366907,1039.78984328,1014.00461435,1024.20476306,
2026-06-11 15:52:00,1781193120,1024.20476306,1061.74686988,1015.73933998,1047.72332342,
2026-06-11 15:53:00,1781193180,1047.72332342,1069.07350144,1042.07685487,1051.7994641,
2026-06-11 15:54:00,1781193240,1051.7994641,1053.2786576,1021.96721643,1024.09637498,
2026-06-11 15:55:00,1781193300,1024.09637498,1059.11057081,1009.59248698,1015.13791176,
2026-06-11 15:56:00,1781193360,1015.13791176,1028.96890473,996.44194034,996.44194034,
2026-06-11 15:57:00,1781193420,996.44194034,1006.37416224,979.45818079,984.52569616,
2026-06-11 15:58:00,1781193480,984.52569616,991.97508989,971.85141209,972.02881127,
2026-06-11 15:59:00,1781193540,972.02881127,982.09996782,957.03724518,957.27202603,
2026-06-11 16:00:00,1781193600,957.27202603,959.9107722,931.32404397,934.76733392,
2026-06-11 16:01:00,1781193660,934.76733392,959.38139695,917.4274023,955.91862001,
2026-06-11 16:02:00,1781193720,955.91862001,972.50912618,955.91862001,958.62768163,
2026-06-11 16:03:00,1781193780,958.62768163,984.36574552,949.43737517,984.06166383,
2026-06-11 16:04:00,1781193840,984.06166383,1005.75580353,982.75383599,992.94180418,
2026-06-11 16:05:00,1781193900,992.94180418,1001.71942941,965.37873275,967.49420928,
2026-06-11 16:06:00,1781193960,967.49420928,967.90892654,919.71538121,925.38196983,
2026-06-11 16:07:00,1781194020,925.38196983,933.17601679,904.41516164,905.83185085,
2026-06-11 16:08:00,1781194080,905.83185085,930.63308188,905.77210471,910.59757647,
2026-06-11 16:09:00,1781194140,910.59757647,964.8249006,910.59757647,960.99640612,
2026-06-11 16:10:00,1781194200,960.99640612,968.01880734,927.42580748,955.36567687,
2026-06-11 16:11:00,1781194260,955.36567687,959.47459111,939.22441691,947.48856784,
2026-06-11 16:12:00,1781194320,947.48856784,956.71633288,933.11536807,936.37500849,
2026-06-11 16:13:00,1781194380,936.37500849,944.95948908,930.91563718,938.6049082,
2026-06-11 16:14:00,1781194440,938.6049082,941.38073354,903.78143021,905.51909901,
2026-06-11 16:15:00,1781194500,905.51909901,922.45007382,891.56249394,913.01624877,
2026-06-11 16:16:00,1781194560,913.01624877,920.58127901,898.10829533,901.7191946,
2026-06-11 16:17:00,1781194620,901.7191946,929.40800309,898.91278373,902.61366261,
2026-06-11 16:18:00,1781194680,902.61366261,916.51201801,898.00595868,901.40399809,
2026-06-11 16:19:00,1781194740,901.40399809,914.79780825,898.82327742,903.86102672,
2026-06-11 16:20:00,1781194800,903.86102672,931.41240732,899.68155409,930.3649775,
2026-06-11 16:21:00,1781194860,930.3649775,984.72942574,908.8858598,972.36338992,
2026-06-11 16:22:00,1781194920,972.36338992,1002.73043669,956.15266163,999.7727327,
2026-06-11 16:23:00,1781194980,999.7727327,1010.72382764,982.77589058,1006.6084948,
2026-06-11 16:24:00,1781195040,1006.6084948,1026.81465525,998.25981409,1024.10679357,
2026-06-11 16:25:00,1781195100,1024.10679357,1050.37128767,1014.54728002,1041.93051679,
2026-06-11 16:26:00,1781195160,1041.93051679,1044.45590213,1012.0601094,1027.62040201,
2026-06-11 16:27:00,1781195220,1027.62040201,1028.35377993,1013.47502655,1020.33824569,
2026-06-11 16:28:00,1781195280,1020.33824569,1022.2055917,995.05455026,1011.18865475,
2026-06-11 16:29:00,1781195340,1011.18865475,1017.48657661,995.95870111,1013.6372291,
2026-06-11 16:30:00,1781195400,1013.6372291,1037.22527978,1005.77391548,1026.46150538,
2026-06-11 16:31:00,1781195460,1026.46150538,1045.73501493,1020.13897731,1045.73501493,
2026-06-11 16:32:00,1781195520,1045.73501493,1069.60800037,1024.44876694,1024.75994394,
2026-06-11 16:33:00,1781195580,1024.75994394,1033.57287358,988.56129801,988.56129801,
2026-06-11 16:34:00,1781195640,988.56129801,992.07755277,938.71999035,978.38986699,
2026-06-11 16:35:00,1781195700,978.38986699,993.18946573,950.18882441,958.39725832,
2026-06-11 16:36:00,1781195760,958.39725832,964.54378447,913.64659366,914.10756056,
2026-06-11 16:37:00,1781195820,914.10756056,935.36727884,905.31940987,932.70593495,
2026-06-11 16:38:00,1781195880,932.70593495,960.47618165,925.4682208,939.20536931,
2026-06-11 16:39:00,1781195940,939.20536931,965.1199472,938.90683402,954.50112008,
2026-06-11 16:40:00,1781196000,954.50112008,978.18549007,941.4159004,973.3584464,
2026-06-11 16:41:00,1781196060,973.3584464,992.70543437,959.08204938,991.28516217,
2026-06-11 16:42:00,1781196120,991.28516217,1007.17393239,976.97435753,979.94968242,
2026-06-11 16:43:00,1781196180,979.94968242,990.33297825,956.7323155,982.72141082,
2026-06-11 16:44:00,1781196240,982.72141082,1004.49645341,978.41834587,991.45834981,
2026-06-11 16:45:00,1781196300,991.45834981,1019.82871977,970.48169383,1019.82871977,
2026-06-11 16:46:00,1781196360,1019.82871977,1020.71792935,996.0291109,1007.34739712,
2026-06-11 16:47:00,1781196420,1007.34739712,1018.11174215,997.2501958,1000.84895612,
2026-06-11 16:48:00,1781196480,1000.84895612,1000.84895612,973.53185452,977.74850534,
2026-06-11 16:49:00,1781196540,977.74850534,1024.87059123,977.47308157,1008.56924481,
2026-06-11 16:50:00,1781196600,1008.56924481,1039.8813264,1001.53037394,1003.39578995,
2026-06-11 16:51:00,1781196660,1003.39578995,1021.27467668,998.2756247,1019.54394313,
2026-06-11 16:52:00,1781196720,1019.54394313,1038.15046132,1008.94818789,1023.17461791,
2026-06-11 16:53:00,1781196780,1023.17461791,1028.48586183,996.81946136,1003.65999908,
2026-06-11 16:54:00,1781196840,1003.65999908,1013.43726039,981.80648664,1011.23784412,
2026-06-11 16:55:00,1781196900,1011.23784412,1035.76827929,1009.17040609,1033.32716966,
2026-06-11 16:56:00,1781196960,1033.32716966,1039.46068061,1011.52214838,1026.85613647,
2026-06-11 16:57:00,1781197020,1026.85613647,1035.91433634,1024.42349952,1029.5885946,
2026-06-11 16:58:00,1781197080,1029.5885946,1034.26301147,1019.94800497,1034.25885259,
2026-06-11 16:59:00,1781197140,1034.25885259,1042.77641033,1025.79751233,1042.22395353,
2026-06-11 17:00:00,1781197200,1042.22395353,1059.59726657,1041.0759443,1048.00010931,
2026-06-11 17:01:00,1781197260,1048.00010931,1048.00010931,1010.41686167,1038.94767583,
2026-06-11 17:02:00,1781197320,1038.94767583,1064.12240139,1027.56314298,1063.92938474,
2026-06-11 17:03:00,1781197380,1063.92938474,1159.18583235,1061.45929412,1145.89616468,
2026-06-11 17:04:00,1781197440,1145.89616468,1169.07873816,1136.50181196,1137.37227093,
2026-06-11 17:05:00,1781197500,1137.37227093,1137.37227093,1091.93990997,1096.32734081,
2026-06-11 17:06:00,1781197560,1096.32734081,1107.15355868,1078.55173796,1091.68454705,
2026-06-11 17:07:00,1781197620,1091.68454705,1108.09687948,1069.50433874,1077.03066219,
2026-06-11 17:08:00,1781197680,1077.03066219,1096.86366561,1072.92364709,1093.42804906,
2026-06-11 17:09:00,1781197740,1093.42804906,1094.60743097,1065.55243621,1071.85967242,
2026-06-11 17:10:00,1781197800,1071.85967242,1082.23544324,1037.03601939,1052.69037121,
2026-06-11 17:11:00,1781197860,1052.69037121,1083.35752299,1050.56695794,1083.35752299,
2026-06-11 17:12:00,1781197920,1083.35752299,1122.69986423,1063.4638016,1121.29589203,
2026-06-11 17:13:00,1781197980,1121.29589203,1137.81031228,1102.61797668,1105.98261544,
2026-06-11 17:14:00,1781198040,1105.98261544,1109.69946479,1092.89867648,1108.90088774,
2026-06-11 17:15:00,1781198100,1108.90088774,1147.26927165,1087.25885939,1095.67812364,
2026-06-11 17:16:00,1781198160,1095.67812364,1095.67812364,1075.48433603,1078.25489522,
2026-06-11 17:17:00,1781198220,1078.25489522,1099.23327449,1078.25489522,1091.96707824,
2026-06-11 17:18:00,1781198280,1091.96707824,1145.51020881,1091.96707824,1141.17801097,
2026-06-11 17:19:00,1781198340,1141.17801097,1150.2303961,1123.96057611,1147.47161236,
2026-06-11 17:20:00,1781198400,1147.47161236,1168.28959928,1128.66061616,1132.63330086,
2026-06-11 17:21:00,1781198460,1132.63330086,1172.24300916,1124.64352093,1157.156029,
2026-06-11 17:22:00,1781198520,1157.156029,1178.24638195,1136.92828824,1166.43381191,
2026-06-11 17:23:00,1781198580,1166.43381191,1171.8217958,1141.64966935,1148.01636356,
2026-06-11 17:24:00,1781198640,1148.01636356,1178.335599,1136.18454091,1141.16708634,
2026-06-11 17:25:00,1781198700,1141.16708634,1167.26198611,1134.69381239,1150.23615193,
2026-06-11 17:26:00,1781198760,1150.23615193,1179.80803914,1142.92450623,1178.8248876,
2026-06-11 17:27:00,1781198820,1178.8248876,1188.89615817,1159.60184887,1161.16728676,
2026-06-11 17:28:00,1781198880,1161.16728676,1162.04620662,919.58142874,978.7262701,
2026-06-11 17:29:00,1781198940,978.7262701,1000.90081426,778.83208398,793.5829561,
2026-06-11 17:30:00,1781199000,793.5829561,793.5829561,698.57311093,745.69635362,
2026-06-11 17:31:00,1781199060,745.69635362,782.66099256,663.13127907,670.46165548,
2026-06-11 17:32:00,1781199120,670.46165548,676.47648889,559.68489822,559.68489822,
2026-06-11 17:33:00,1781199180,559.68489822,634.82826819,549.11861255,634.82826819,
2026-06-11 17:34:00,1781199240,634.82826819,700.88243149,634.14912517,663.37067577,
2026-06-11 17:35:00,1781199300,663.37067577,727.40689683,647.68585247,669.82740734,
2026-06-11 17:36:00,1781199360,669.82740734,723.30369419,658.68424826,709.61005824,
2026-06-11 17:37:00,1781199420,709.61005824,724.763924,674.75956582,691.16760012,
2026-06-11 17:38:00,1781199480,691.16760012,710.57725683,665.88535633,675.41409994,
2026-06-11 17:39:00,1781199540,675.41409994,700.31685305,662.6524805,682.23922822,
2026-06-11 17:40:00,1781199600,682.23922822,683.19830634,628.88917121,636.27493049,
2026-06-11 17:41:00,1781199660,636.27493049,647.71049938,604.80899118,609.33857299,
2026-06-11 17:42:00,1781199720,609.33857299,647.4192755,602.16296815,627.99898331,
2026-06-11 17:43:00,1781199780,627.99898331,651.83662151,616.83901383,645.03850986,
2026-06-11 17:44:00,1781199840,645.03850986,655.22902446,625.67961158,633.81013364,
2026-06-11 17:45:00,1781199900,633.81013364,634.46013935,573.57817385,573.57817385,
2026-06-11 17:46:00,1781199960,573.57817385,644.26475098,573.35918591,624.36593398,
2026-06-11 17:47:00,1781200020,624.36593398,628.13784033,561.74931911,573.93259501,
2026-06-11 17:48:00,1781200080,573.93259501,574.23098597,545.15574005,572.04326217,
2026-06-11 17:49:00,1781200140,572.04326217,610.29062222,513.59161946,520.47194366,
2026-06-11 17:50:00,1781200200,520.47194366,572.98760523,518.76744276,572.90123561,
2026-06-11 17:51:00,1781200260,572.90123561,584.96981522,526.93550794,539.10260769,
2026-06-11 17:52:00,1781200320,539.10260769,562.43229888,516.45135251,560.7608877,
2026-06-11 17:53:00,1781200380,560.7608877,583.9099473,554.75394104,573.97600966,
2026-06-11 17:54:00,1781200440,573.97600966,590.62290382,567.12933006,569.6366832,
2026-06-11 17:55:00,1781200500,569.6366832,578.48846831,556.72604739,570.69689218,
2026-06-11 17:56:00,1781200560,570.69689218,609.97922163,569.2610919,587.21612148,
2026-06-11 17:57:00,1781200620,587.21612148,598.92679625,558.83291915,563.86518397,
2026-06-11 17:58:00,1781200680,563.86518397,567.02450207,523.16999169,533.49387243,
2026-06-11 17:59:00,1781200740,533.49387243,547.72135933,489.24362067,493.4520734,
2026-06-11 18:00:00,1781200800,493.4520734,502.41711578,466.13445107,483.08861937,
2026-06-11 18:01:00,1781200860,483.08861937,486.08009495,452.21278351,455.27454349,
2026-06-11 18:02:00,1781200920,455.27454349,504.65285894,437.66198715,504.65285894,
2026-06-11 18:03:00,1781200980,504.65285894,525.69167977,467.28795286,514.07781748,
2026-06-11 18:04:00,1781201040,514.07781748,557.18071372,511.44636649,548.898938,
2026-06-11 18:05:00,1781201100,548.898938,587.70270082,544.00811951,587.28492562,
2026-06-11 18:06:00,1781201160,587.28492562,609.02887699,577.65113831,591.69567394,
2026-06-11 18:07:00,1781201220,591.69567394,604.35944769,579.86137247,589.47078869,
2026-06-11 18:08:00,1781201280,589.47078869,612.28828897,575.89134327,612.28828897,
2026-06-11 18:09:00,1781201340,612.28828897,628.20307361,599.05786525,601.66597636,
2026-06-11 18:10:00,1781201400,601.66597636,627.32367673,594.90757353,609.83353312,
2026-06-11 18:11:00,1781201460,609.83353312,625.67277054,567.82083876,574.06639191,
2026-06-11 18:12:00,1781201520,574.06639191,574.06639191,538.61229058,562.65198728,
2026-06-11 18:13:00,1781201580,562.65198728,581.35231761,555.48942471,569.45130617,
2026-06-11 18:14:00,1781201640,569.45130617,577.86291739,556.67433368,559.37440001,
2026-06-11 18:15:00,1781201700,559.37440001,562.27644511,509.90871987,509.90871987,
2026-06-11 18:16:00,1781201760,509.90871987,523.69979496,502.95536599,512.55393754,
2026-06-11 18:17:00,1781201820,512.55393754,544.26699026,511.53986693,528.92554769,
2026-06-11 18:18:00,1781201880,528.92554769,557.49651847,521.97422336,544.55027399,
2026-06-11 18:19:00,1781201940,544.55027399,559.44419166,511.40338626,525.6680172,
2026-06-11 18:20:00,1781202000,525.6680172,547.07255813,518.42496426,537.36080258,
2026-06-11 18:21:00,1781202060,537.36080258,544.02426877,515.48074103,538.2938337,
2026-06-11 18:22:00,1781202120,538.2938337,621.91793061,538.2938337,591.32353465,
2026-06-11 18:23:00,1781202180,591.32353465,615.19096655,582.53011646,607.12475666,
2026-06-11 18:24:00,1781202240,607.12475666,623.40004917,594.16586587,603.29373335,
2026-06-11 18:25:00,1781202300,603.29373335,605.90589912,580.74873656,581.54659206,
2026-06-11 18:26:00,1781202360,581.54659206,595.06819675,578.35188334,580.73278469,
2026-06-11 18:27:00,1781202420,580.73278469,594.33208261,577.14564004,589.20350189,
2026-06-11 18:28:00,1781202480,589.20350189,619.63278622,589.20350189,600.78998125,
2026-06-11 18:29:00,1781202540,600.78998125,617.91939582,593.1716078,606.13733309,
2026-06-11 18:30:00,1781202600,606.13733309,610.76737514,570.75999001,570.80097132,
2026-06-11 18:31:00,1781202660,570.80097132,585.85400055,569.20841585,583.31299017,
2026-06-11 18:32:00,1781202720,583.31299017,618.50493269,583.31299017,604.29925038,
2026-06-11 18:33:00,1781202780,604.29925038,613.74270666,576.9682663,580.97048788,
2026-06-11 18:34:00,1781202840,580.97048788,591.58092165,574.6726249,590.82275961,
2026-06-11 18:35:00,1781202900,590.82275961,591.82772189,577.30099707,582.69804509,
2026-06-11 18:36:00,1781202960,582.69804509,585.13621842,546.6665557,550.52055789,
2026-06-11 18:37:00,1781203020,550.52055789,560.82481356,547.26327797,559.89388609,
2026-06-11 18:38:00,1781203080,559.89388609,567.2782343,552.70047065,555.21306116,
2026-06-11 18:39:00,1781203140,555.21306116,560.68989748,544.01172021,551.24558723,
2026-06-11 18:40:00,1781203200,551.24558723,559.98100287,536.2780669,558.61902336,
2026-06-11 18:41:00,1781203260,558.61902336,563.66505108,547.64758313,560.42099583,
2026-06-11 18:42:00,1781203320,560.42099583,567.83914675,558.02985056,562.02068103,
2026-06-11 18:43:00,1781203380,562.02068103,565.21296104,541.02822343,544.58865656,
2026-06-11 18:44:00,1781203440,544.58865656,552.45527517,542.24677153,544.9690243,
2026-06-11 18:45:00,1781203500,544.9690243,559.03653135,542.88863155,548.99573008,
2026-06-11 18:46:00,1781203560,548.99573008,553.22684644,545.31641536,550.30731167,
2026-06-11 18:47:00,1781203620,550.30731167,553.96446569,531.58548991,531.94375695,
2026-06-11 18:48:00,1781203680,531.94375695,551.26690169,531.94143339,550.07591056,
2026-06-11 18:49:00,1781203740,550.07591056,569.1606617,549.82213714,555.66137282,
2026-06-11 18:50:00,1781203800,555.66137282,558.77460466,544.35116834,556.71543962,
2026-06-11 18:51:00,1781203860,556.71543962,569.10171549,555.80268886,569.10171549,
2026-06-11 18:52:00,1781203920,569.10171549,569.57041173,541.68372105,541.68372105,
2026-06-11 18:53:00,1781203980,541.68372105,548.42521888,531.02064539,540.47517928,
2026-06-11 18:54:00,1781204040,540.47517928,558.40506703,539.25180509,558.40506703,
2026-06-11 18:55:00,1781204100,558.40506703,567.50233918,552.14573489,562.4605014,
2026-06-11 18:56:00,1781204160,562.4605014,566.05188761,537.7042373,542.60176338,
2026-06-11 18:57:00,1781204220,542.60176338,551.39896929,541.82856347,546.29739334,
2026-06-11 18:58:00,1781204280,546.29739334,561.00843309,541.60094604,560.67110008,
2026-06-11 18:59:00,1781204340,560.67110008,580.10211909,560.03178911,576.55083997,
2026-06-11 19:00:00,1781204400,576.55083997,594.62092489,564.57727982,567.72823143,
2026-06-11 19:01:00,1781204460,567.72823143,571.05345564,536.76175643,544.30968674,
2026-06-11 19:02:00,1781204520,544.30968674,544.30968674,514.82896373,533.43843832,
2026-06-11 19:03:00,1781204580,533.43843832,561.12965516,531.43311397,555.50034079,
2026-06-11 19:04:00,1781204640,555.50034079,561.13540075,545.90767057,556.5169869,
2026-06-11 19:05:00,1781204700,556.5169869,561.29780479,548.06191795,559.77500793,
2026-06-11 19:06:00,1781204760,559.77500793,574.96077962,556.87028842,563.58454834,
2026-06-11 19:07:00,1781204820,563.58454834,574.32472572,562.23254492,571.79164796,
2026-06-11 19:08:00,1781204880,571.79164796,605.46628224,569.54253118,590.33596615,
2026-06-11 19:09:00,1781204940,590.33596615,593.94451234,571.90354799,588.76673012,
2026-06-11 19:10:00,1781205000,588.76673012,589.78542999,562.25890399,575.61280761,
2026-06-11 19:11:00,1781205060,575.61280761,602.81795476,571.94137621,586.98166838,
2026-06-11 19:12:00,1781205120,586.98166838,586.98166838,520.22529087,538.10333782,
2026-06-11 19:13:00,1781205180,538.10333782,574.32096775,531.02902847,547.05303866,
2026-06-11 19:14:00,1781205240,547.05303866,552.02840014,527.28191109,540.10383284,
2026-06-11 19:15:00,1781205300,540.10383284,543.52968446,515.99768028,519.34076971,
2026-06-11 19:16:00,1781205360,519.34076971,521.40362156,506.57521682,512.37521717,
2026-06-11 19:17:00,1781205420,512.37521717,518.0279273,488.31444601,492.53064656,
2026-06-11 19:18:00,1781205480,492.53064656,498.94457459,480.4465385,492.67419737,
2026-06-11 19:19:00,1781205540,492.67419737,516.94783182,491.30783338,505.37546975,
2026-06-11 19:20:00,1781205600,505.37546975,505.37546975,478.55436565,497.69829458,
2026-06-11 19:21:00,1781205660,497.69829458,506.10969066,494.33626906,501.12379897,
2026-06-11 19:22:00,1781205720,501.12379897,501.59606368,488.99051566,494.60109826,
2026-06-11 19:23:00,1781205780,494.60109826,495.07929346,477.56174656,486.26031425,
2026-06-11 19:24:00,1781205840,486.26031425,492.65960993,476.93392641,486.18331989,
2026-06-11 19:25:00,1781205900,486.18331989,511.08012062,486.18331989,492.5504662,
2026-06-11 19:26:00,1781205960,492.5504662,510.00136092,485.4396473,487.28561454,
2026-06-11 19:27:00,1781206020,487.28561454,517.93587856,487.28561454,511.59867305,
2026-06-11 19:28:00,1781206080,511.59867305,525.97109157,508.2795689,509.40673544,
2026-06-11 19:29:00,1781206140,509.40673544,522.27848826,502.07086821,520.24194014,
2026-06-11 19:30:00,1781206200,520.24194014,522.6649288,406.8233282,406.8233282,
2026-06-11 19:31:00,1781206260,406.8233282,448.20710161,406.8233282,441.64719456,
2026-06-11 19:32:00,1781206320,441.64719456,445.6075376,415.8272726,423.51600526,
2026-06-11 19:33:00,1781206380,423.51600526,441.33149289,406.25633607,423.04315581,
2026-06-11 19:34:00,1781206440,423.04315581,483.44299532,418.38713446,469.50474738,
2026-06-11 19:35:00,1781206500,469.50474738,491.71643433,458.7649395,464.08409812,
2026-06-11 19:36:00,1781206560,464.08409812,473.46737288,449.99755455,466.12609991,
2026-06-11 19:37:00,1781206620,466.12609991,472.53365233,440.82851624,449.59204709,
2026-06-11 19:38:00,1781206680,449.59204709,476.96177991,448.09680046,476.96177991,
2026-06-11 19:39:00,1781206740,476.96177991,503.04916514,472.0022328,501.05270305,
2026-06-11 19:40:00,1781206800,501.05270305,501.05270305,468.34188555,470.90816134,
2026-06-11 19:41:00,1781206860,470.90816134,471.3935777,449.68991119,454.24163823,
2026-06-11 19:42:00,1781206920,454.24163823,457.77768927,449.70805436,454.05469927,
2026-06-11 19:43:00,1781206980,454.05469927,469.33364663,452.32448723,467.2421299,
2026-06-11 19:44:00,1781207040,467.2421299,500.86770562,465.71379585,493.10967195,
2026-06-11 19:45:00,1781207100,493.10967195,504.23013307,492.35762891,494.45406334,
2026-06-11 19:46:00,1781207160,494.45406334,513.88039938,490.19278304,509.20053985,
2026-06-11 19:47:00,1781207220,509.20053985,509.20053985,479.11065288,479.23384204,
2026-06-11 19:48:00,1781207280,479.23384204,495.22645637,475.52307588,484.09659753,
2026-06-11 19:49:00,1781207340,484.09659753,499.4374284,477.72714642,497.61450185,
2026-06-11 19:50:00,1781207400,497.61450185,522.34162594,488.80443378,508.81244294,
2026-06-11 19:51:00,1781207460,508.81244294,513.53306059,488.21298392,488.93764039,
2026-06-11 19:52:00,1781207520,488.93764039,511.34765918,485.5742114,502.39504901,
2026-06-11 19:53:00,1781207580,502.39504901,510.79610216,494.06769661,494.93983793,
2026-06-11 19:54:00,1781207640,494.93983793,499.61939327,488.06453863,488.06453863,
2026-06-11 19:55:00,1781207700,488.06453863,518.393796,488.06216728,501.98825168,
2026-06-11 19:56:00,1781207760,501.98825168,506.12466094,498.95323043,504.21564029,
2026-06-11 19:57:00,1781207820,504.21564029,515.40525376,498.75534064,501.73579234,
2026-06-11 19:58:00,1781207880,501.73579234,513.19585311,496.31952108,512.17971114,
2026-06-11 19:59:00,1781207940,512.17971114,527.51796576,503.31101848,524.02737586,
2026-06-11 20:00:00,1781208000,524.02737586,548.90969281,504.78090861,542.9191002,
2026-06-11 20:01:00,1781208060,542.9191002,545.07502811,513.43952456,524.68170471,
2026-06-11 20:02:00,1781208120,524.68170471,534.98878994,496.12938652,505.90802117,
2026-06-11 20:03:00,1781208180,505.90802117,527.09923183,498.74611295,512.79508167,
2026-06-11 20:04:00,1781208240,512.79508167,521.76801105,506.3341239,516.56945719,
2026-06-11 20:05:00,1781208300,516.56945719,518.13725571,495.10749365,500.55997767,
2026-06-11 20:06:00,1781208360,500.55997767,517.07090608,500.27360517,516.81484054,
2026-06-11 20:07:00,1781208420,516.81484054,533.18991212,515.07564285,523.23343168,
2026-06-11 20:08:00,1781208480,523.23343168,540.48189408,522.55912981,531.44115531,
2026-06-11 20:09:00,1781208540,531.44115531,532.96722534,525.70097203,529.91253389,
2026-06-11 20:10:00,1781208600,529.91253389,554.8673108,529.91253389,552.80377157,
2026-06-11 20:11:00,1781208660,552.80377157,561.76238026,543.14975444,545.92565929,
2026-06-11 20:12:00,1781208720,545.92565929,547.60306131,540.5901194,542.37082178,
2026-06-11 20:13:00,1781208780,542.37082178,554.94083906,536.74935967,548.16406628,
2026-06-11 20:14:00,1781208840,548.16406628,549.66387998,535.84178989,540.46091646,
2026-06-11 20:15:00,1781208900,540.46091646,552.30575406,536.85766745,550.07218937,
2026-06-11 20:16:00,1781208960,550.07218937,552.96506287,540.45900508,540.87774468,
2026-06-11 20:17:00,1781209020,540.87774468,544.10715243,531.07995501,535.07394408,
2026-06-11 20:18:00,1781209080,535.07394408,543.22339868,529.97093446,542.77282334,
2026-06-11 20:19:00,1781209140,542.77282334,542.77282334,530.74268118,539.66314686,
2026-06-11 20:20:00,1781209200,539.66314686,539.86965069,535.86808225,538.72394516,
2026-06-11 20:21:00,1781209260,538.72394516,562.42263842,536.35260018,562.42263842,
2026-06-11 20:22:00,1781209320,562.42263842,571.2862226,561.47435641,564.68148629,
2026-06-11 20:23:00,1781209380,564.68148629,564.74397006,554.241725,554.49741925,
2026-06-11 20:24:00,1781209440,554.49741925,560.70712122,552.48996359,560.13074651,
2026-06-11 20:25:00,1781209500,560.13074651,579.35449238,559.64160309,571.93477452,
2026-06-11 20:26:00,1781209560,571.93477452,586.90641571,557.71304584,585.44529168,
2026-06-11 20:27:00,1781209620,585.44529168,592.37214104,568.53061758,591.78424615,
2026-06-11 20:28:00,1781209680,591.78424615,635.40420943,591.78424615,614.70773975,
2026-06-11 20:29:00,1781209740,614.70773975,621.11427651,611.75684508,612.02496914,
2026-06-11 20:30:00,1781209800,612.02496914,624.77482963,611.88721346,616.57805017,
2026-06-11 20:31:00,1781209860,616.57805017,626.2225342,603.04435248,623.30264625,
2026-06-11 20:32:00,1781209920,623.30264625,625.74383785,607.15766824,608.99934287,
2026-06-11 20:33:00,1781209980,608.99934287,615.39128027,592.32724922,598.96309404,
2026-06-11 20:34:00,1781210040,598.96309404,605.88024985,590.67411369,602.06993802,
2026-06-11 20:35:00,1781210100,602.06993802,622.8990628,600.53535956,619.17123139,
2026-06-11 20:36:00,1781210160,619.17123139,630.31352181,616.26983374,623.93222788,
2026-06-11 20:37:00,1781210220,623.93222788,630.98037952,622.11336987,622.84302813,
2026-06-11 20:38:00,1781210280,622.84302813,626.92377698,618.37009975,625.59884274,
2026-06-11 20:39:00,1781210340,625.59884274,631.75693285,618.84114798,619.80223226,
2026-06-11 20:40:00,1781210400,619.80223226,622.24445799,600.40687192,606.29270974,
2026-06-11 20:41:00,1781210460,606.29270974,627.13667427,605.9093571,627.03617734,
2026-06-11 20:42:00,1781210520,627.03617734,636.98996599,626.27523538,633.77922319,
2026-06-11 20:43:00,1781210580,633.77922319,636.02922276,626.21324004,633.28165092,
2026-06-11 20:44:00,1781210640,633.28165092,641.56814596,626.4367991,641.36026421,
2026-06-11 20:45:00,1781210700,641.36026421,649.49626906,633.76251214,634.61094302,
2026-06-11 20:46:00,1781210760,634.61094302,647.97688118,634.61094302,642.59467229,
2026-06-11 20:47:00,1781210820,642.59467229,644.15964001,630.46125129,637.55617556,
2026-06-11 20:48:00,1781210880,637.55617556,642.7602063,635.8994932,640.08706368,
2026-06-11 20:49:00,1781210940,640.08706368,640.08706368,633.32007484,636.85234583,
2026-06-11 20:50:00,1781211000,636.85234583,636.85234583,629.07393859,635.7561875,
2026-06-11 20:51:00,1781211060,635.7561875,635.7561875,614.28303793,614.28303793,
2026-06-11 20:52:00,1781211120,614.28303793,616.36391427,583.5894819,583.703335,
2026-06-11 20:53:00,1781211180,583.703335,595.79357853,583.05670116,583.05670116,
2026-06-11 20:54:00,1781211240,583.05670116,588.14456947,579.13899219,581.84787368,
2026-06-11 20:55:00,1781211300,581.84787368,590.05727396,581.711178,587.77838912,
2026-06-11 20:56:00,1781211360,587.77838912,588.6777166,580.72416345,582.15862112,
2026-06-11 20:57:00,1781211420,582.15862112,585.51457374,577.47769436,578.49095914,
2026-06-11 20:58:00,1781211480,578.49095914,593.95706028,574.38434829,587.26566671,
2026-06-11 20:59:00,1781211540,587.26566671,587.26566671,573.82930386,584.98979502,
2026-06-11 21:00:00,1781211600,584.98979502,585.21234372,571.68321745,574.66382432,
2026-06-11 21:01:00,1781211660,574.66382432,574.66382432,561.39239478,565.30086497,
2026-06-11 21:02:00,1781211720,565.30086497,578.14462771,565.29847844,577.3780917,
2026-06-11 21:03:00,1781211780,577.3780917,579.37543462,575.73601038,575.73601038,
2026-06-11 21:04:00,1781211840,575.73601038,577.56251278,550.70351028,552.12697671,
2026-06-11 21:05:00,1781211900,552.12697671,553.59913974,536.54544173,550.03772169,
2026-06-11 21:06:00,1781211960,550.03772169,553.74185847,547.47639229,551.05311334,
2026-06-11 21:07:00,1781212020,551.05311334,551.13091787,539.87719104,550.04442043,
2026-06-11 21:08:00,1781212080,550.04442043,550.25555509,538.69172086,542.30423459,
2026-06-11 21:09:00,1781212140,542.30423459,549.13271908,542.03915131,547.60540714,
2026-06-11 21:10:00,1781212200,547.60540714,547.61786371,545.88996873,547.49392157,
2026-06-11 21:11:00,1781212260,547.49392157,551.845872,543.84460153,546.27417222,
2026-06-11 21:12:00,1781212320,546.27417222,546.31477017,541.12624887,541.47507194,
2026-06-11 21:13:00,1781212380,541.47507194,541.47507194,493.9734287,501.53176679,
2026-06-11 21:14:00,1781212440,501.53176679,514.21602252,501.53176679,513.09017746,
2026-06-11 21:15:00,1781212500,513.09017746,523.35806497,513.09017746,519.4135212,
2026-06-11 21:16:00,1781212560,519.4135212,530.21143486,516.23107584,525.55195573,
2026-06-11 21:17:00,1781212620,525.55195573,529.96895684,519.51371311,528.76485736,
2026-06-11 21:18:00,1781212680,528.76485736,532.1243118,523.31143354,526.34119526,
2026-06-11 21:19:00,1781212740,526.34119526,527.94332147,520.46230211,524.26759247,
2026-06-11 21:20:00,1781212800,524.26759247,529.62380938,520.08694329,527.17846766,
2026-06-11 21:21:00,1781212860,527.17846766,535.33828997,524.4496127,524.76174227,
2026-06-11 21:22:00,1781212920,524.76174227,524.76174227,514.52621376,514.89803518,
2026-06-11 21:23:00,1781212980,514.89803518,515.00107621,507.25206791,513.4849196,
2026-06-11 21:24:00,1781213040,513.4849196,530.81087166,513.48254033,527.63722204,
2026-06-11 21:25:00,1781213100,527.63722204,545.00016393,527.63483086,538.24330821,
2026-06-11 21:26:00,1781213160,538.24330821,553.72354547,538.16643969,553.37367615,
2026-06-11 21:27:00,1781213220,553.37367615,555.86315885,549.07140723,549.28556696,
2026-06-11 21:28:00,1781213280,549.28556696,560.11703045,548.42974764,553.8689116,
2026-06-11 21:29:00,1781213340,553.8689116,554.04031051,541.75366502,542.05077161,
2026-06-11 21:30:00,1781213400,542.05077161,542.05077161,534.65659237,534.66007699,
2026-06-11 21:31:00,1781213460,534.66007699,537.98322618,532.15969856,534.52045337,
2026-06-11 21:32:00,1781213520,534.52045337,537.75644944,527.51281286,527.5524112,
2026-06-11 21:33:00,1781213580,527.5524112,528.63307915,525.78882982,527.42960202,
2026-06-11 21:34:00,1781213640,527.42960202,538.87069861,527.4272089,536.7030246,
2026-06-11 21:35:00,1781213700,536.7030246,549.67903476,536.36405811,545.48732128,
2026-06-11 21:36:00,1781213760,545.48732128,545.61651678,538.06244502,539.08556787,
2026-06-11 21:37:00,1781213820,539.08556787,543.25259837,538.16956421,543.08054261,
2026-06-11 21:38:00,1781213880,543.08054261,543.12115543,521.42502104,522.74564293,
2026-06-11 21:39:00,1781213940,522.74564293,528.73436935,518.56038846,518.5973315,
2026-06-11 21:40:00,1781214000,518.5973315,537.30393337,511.97931927,535.27144111,
2026-06-11 21:41:00,1781214060,535.27144111,539.19808436,529.33820511,529.58967958,
2026-06-11 21:42:00,1781214120,529.58967958,529.58967958,517.50900989,519.6149334,
2026-06-11 21:43:00,1781214180,519.6149334,533.63604791,518.93909463,532.63274501,
2026-06-11 21:44:00,1781214240,532.63274501,533.60839298,514.29646742,514.9366325,
2026-06-11 21:45:00,1781214300,514.9366325,520.27690197,505.82059353,516.2999493,
2026-06-11 21:46:00,1781214360,516.2999493,518.50304987,504.57650797,512.29254448,
2026-06-11 21:47:00,1781214420,512.29254448,518.25425949,502.43666179,508.90187065,
2026-06-11 21:48:00,1781214480,508.90187065,511.34118494,498.95518748,500.33138402,
2026-06-11 21:49:00,1781214540,500.33138402,509.53583499,496.57030668,508.43833466,
2026-06-11 21:50:00,1781214600,508.43833466,517.60316106,507.80375304,517.3110879,
2026-06-11 21:51:00,1781214660,517.3110879,521.03416538,506.50017778,506.50017778,
2026-06-11 21:52:00,1781214720,506.50017778,510.7321109,497.9156257,506.085642,
2026-06-11 21:53:00,1781214780,506.085642,510.62708724,503.87734135,510.29195217,
2026-06-11 21:54:00,1781214840,510.29195217,524.95031269,508.72226705,518.28403888,
2026-06-11 21:55:00,1781214900,518.28403888,535.53865857,518.23975105,535.40770905,
2026-06-11 21:56:00,1781214960,535.40770905,543.71878853,531.3427437,539.59467822,
2026-06-11 21:57:00,1781215020,539.59467822,544.24682362,534.79224624,534.79224624,
2026-06-11 21:58:00,1781215080,534.79224624,534.79224624,520.7129022,520.73868403,
2026-06-11 21:59:00,1781215140,520.73868403,537.31404639,515.71790014,515.8751517,
2026-06-11 22:00:00,1781215200,515.8751517,524.35949755,496.46616654,497.40704961,
2026-06-11 22:01:00,1781215260,497.40704961,507.49873649,490.97570902,490.97570902,
2026-06-11 22:02:00,1781215320,490.97570902,510.34676422,484.92567603,495.6292147,
2026-06-11 22:03:00,1781215380,495.6292147,496.81124804,484.91843859,486.3683457,
2026-06-11 22:04:00,1781215440,486.3683457,492.46750994,461.19812178,490.33707619,
2026-06-11 22:05:00,1781215500,490.33707619,493.57288502,473.88748725,484.23224381,
2026-06-11 22:06:00,1781215560,484.23224381,492.80979262,468.31652461,479.2428704,
2026-06-11 22:07:00,1781215620,479.2428704,479.2428704,456.46777731,463.15964056,
2026-06-11 22:08:00,1781215680,463.15964056,474.94051573,460.05854428,467.04998854,
2026-06-11 22:09:00,1781215740,467.04998854,467.04998854,453.97865781,464.5754249,
2026-06-11 22:10:00,1781215800,464.5754249,479.19332654,464.5754249,467.58118156,
2026-06-11 22:11:00,1781215860,467.58118156,475.64887491,456.92103768,474.89219461,
2026-06-11 22:12:00,1781215920,474.89219461,488.98966392,473.10420758,484.91296279,
2026-06-11 22:13:00,1781215980,484.91296279,486.18695867,469.36671656,472.23342451,
2026-06-11 22:14:00,1781216040,472.23342451,473.40094965,463.89872273,468.81612064,
2026-06-11 22:15:00,1781216100,468.81612064,481.81999857,464.63264064,475.44156902,
2026-06-11 22:16:00,1781216160,475.44156902,478.62249583,451.45500887,464.50169641,
2026-06-11 22:17:00,1781216220,464.50169641,467.25844386,449.35560461,461.99591831,
2026-06-11 22:18:00,1781216280,461.99591831,469.21433782,460.75915864,465.37614027,
2026-06-11 22:19:00,1781216340,465.37614027,469.82101988,461.71881955,464.61118719,
2026-06-11 22:20:00,1781216400,464.61118719,473.51893754,462.79553958,469.93482766,
2026-06-11 22:21:00,1781216460,469.93482766,476.89828888,469.30565447,475.61316378,
2026-06-11 22:22:00,1781216520,475.61316378,493.45399376,475.61316378,492.44598783,
2026-06-11 22:23:00,1781216580,492.44598783,498.13053963,483.73388329,488.82222797,
2026-06-11 22:24:00,1781216640,488.82222797,495.84225756,483.92748849,494.32292858,
2026-06-11 22:25:00,1781216700,494.32292858,504.51091346,490.78244579,493.5753865,
2026-06-11 22:26:00,1781216760,493.5753865,498.03954372,489.52094264,494.22157677,
2026-06-11 22:27:00,1781216820,494.22157677,496.10796309,489.31769107,492.77715505,
2026-06-11 22:28:00,1781216880,492.77715505,499.36800351,483.51778367,486.59274718,
2026-06-11 22:29:00,1781216940,486.59274718,486.59274718,473.11036257,477.53526187,
2026-06-11 22:30:00,1781217000,477.53526187,484.1262869,471.19678896,472.58236299,
2026-06-11 22:31:00,1781217060,472.58236299,476.94378312,457.1055554,476.70435836,
2026-06-11 22:32:00,1781217120,476.70435836,490.28335328,476.38288942,489.71949488,
2026-06-11 22:33:00,1781217180,489.71949488,494.73659856,479.48963143,486.51103906,
2026-06-11 22:34:00,1781217240,486.51103906,506.35004317,480.45361911,506.35004317,
2026-06-11 22:35:00,1781217300,506.35004317,518.86000689,489.55170103,489.55170103,
2026-06-11 22:36:00,1781217360,489.55170103,490.26567854,479.73326289,483.43374118,
2026-06-11 22:37:00,1781217420,483.43374118,493.62758035,483.38861944,493.09837243,
2026-06-11 22:38:00,1781217480,493.09837243,508.23224048,492.97331184,506.17025856,
2026-06-11 22:39:00,1781217540,506.17025856,514.12846132,497.11037956,498.43587641,
2026-06-11 22:40:00,1781217600,498.43587641,502.8700771,487.14925734,498.77242643,
2026-06-11 22:41:00,1781217660,498.77242643,510.11389946,497.6553393,508.06990306,
2026-06-11 22:42:00,1781217720,508.06990306,513.08717829,505.43547252,512.66294087,
2026-06-11 22:43:00,1781217780,512.66294087,515.57619126,506.54474283,506.96050179,
2026-06-11 22:44:00,1781217840,506.96050179,513.35192403,506.79325903,512.41375,
2026-06-11 22:45:00,1781217900,512.41375,514.24228757,501.6274784,507.69002498,
2026-06-11 22:46:00,1781217960,507.69002498,526.34850741,507.47380922,523.83765721,
2026-06-11 22:47:00,1781218020,523.83765721,528.5481389,522.80853071,528.54332132,
2026-06-11 22:48:00,1781218080,528.54332132,532.1458804,522.81860308,524.68600147,
2026-06-11 22:49:00,1781218140,524.68600147,524.98306574,497.81403965,510.73209514,
2026-06-11 22:50:00,1781218200,510.73209514,511.81777325,497.49895977,498.54899839,
2026-06-11 22:51:00,1781218260,498.54899839,505.18270615,495.00400432,504.73642575,
2026-06-11 22:52:00,1781218320,504.73642575,507.7708363,497.17205047,497.2873357,
2026-06-11 22:53:00,1781218380,497.2873357,506.78077532,497.2873357,503.17165838,
2026-06-11 22:54:00,1781218440,503.17165838,504.20128094,492.22355948,492.38532047,
2026-06-11 22:55:00,1781218500,492.38532047,496.33148669,482.32398962,482.95531561,
2026-06-11 22:56:00,1781218560,482.95531561,498.83631588,474.05549054,498.83631588,
2026-06-11 22:57:00,1781218620,498.83631588,498.83631588,488.89687927,489.36567849,
2026-06-11 22:58:00,1781218680,489.36567849,497.75845007,489.36329259,492.30667332,
2026-06-11 22:59:00,1781218740,492.30667332,512.78002996,492.22214035,511.54359994,
2026-06-11 23:00:00,1781218800,511.54359994,537.19180163,511.28580454,536.46032874,
2026-06-11 23:01:00,1781218860,536.46032874,545.70330708,535.8834029,539.74684608,
2026-06-11 23:02:00,1781218920,539.74684608,552.39041074,526.15613381,533.44667493,
2026-06-11 23:03:00,1781218980,533.44667493,567.87657005,531.91874461,548.79276958,
2026-06-11 23:04:00,1781219040,548.79276958,552.82469756,534.50421268,539.92006426,
2026-06-11 23:05:00,1781219100,539.92006426,544.74635563,532.98796951,542.57433934,
2026-06-11 23:06:00,1781219160,542.57433934,549.55966046,541.21062235,546.33107631,
2026-06-11 23:07:00,1781219220,546.33107631,552.58961969,542.93003405,550.86119047,
2026-06-11 23:08:00,1781219280,550.86119047,568.69455736,549.15107399,563.08967685,
2026-06-11 23:09:00,1781219340,563.08967685,570.42793239,562.95333652,566.87343666,
2026-06-11 23:10:00,1781219400,566.87343666,568.77622516,554.68394957,559.09748464,
2026-06-11 23:11:00,1781219460,559.09748464,564.01780312,555.66208611,560.72072399,
2026-06-11 23:12:00,1781219520,560.72072399,561.20513789,538.75293637,539.56553844,
2026-06-11 23:13:00,1781219580,539.56553844,558.12669067,539.56553844,550.08800965,
2026-06-11 23:14:00,1781219640,550.08800965,551.53741879,543.21454385,548.827299,
2026-06-11 23:15:00,1781219700,548.827299,556.42351635,539.23683702,539.7128927,
2026-06-11 23:16:00,1781219760,539.7128927,550.78803326,533.09944926,539.3846847,
2026-06-11 23:17:00,1781219820,539.3846847,556.23858287,538.98947112,556.09680779,
2026-06-11 23:18:00,1781219880,556.09680779,561.05348273,550.7110919,552.7661002,
2026-06-11 23:19:00,1781219940,552.7661002,554.61969285,538.1413438,541.98513617,
2026-06-11 23:20:00,1781220000,541.98513617,554.95018789,541.05250132,554.45228774,
2026-06-11 23:21:00,1781220060,554.45228774,556.72483806,550.2089488,556.66802091,
2026-06-11 23:22:00,1781220120,556.66802091,556.82850091,538.74176981,541.12270602,
2026-06-11 23:23:00,1781220180,541.12270602,546.45714051,538.29120695,542.86159963,
2026-06-11 23:24:00,1781220240,542.86159963,562.37361092,542.77126014,558.08142595,
2026-06-11 23:25:00,1781220300,558.08142595,562.81977577,551.32421738,561.69036893,
2026-06-11 23:26:00,1781220360,561.69036893,562.04343319,546.47611973,549.58836176,
2026-06-11 23:27:00,1781220420,549.58836176,566.00933844,544.56983421,565.32641274,
2026-06-11 23:28:00,1781220480,565.32641274,565.99408736,565.14018662,565.34831159,
2026-06-11 23:29:00,1781220540,565.34831159,566.28510032,558.04975716,562.87940427,
2026-06-11 23:30:00,1781220600,562.87940427,563.11259903,547.77171206,553.03429233,
2026-06-11 23:31:00,1781220660,553.03429233,556.87773949,521.29670493,525.04821703,
2026-06-11 23:32:00,1781220720,525.04821703,525.04821703,510.34898048,515.09159949,
2026-06-11 23:33:00,1781220780,515.09159949,526.95911066,498.02389224,498.02389224,
2026-06-11 23:34:00,1781220840,498.02389224,508.81562354,497.8944288,499.30496252,
2026-06-11 23:35:00,1781220900,499.30496252,510.25326245,495.01825021,510.07909142,
2026-06-11 23:36:00,1781220960,510.07909142,513.26921167,498.97347219,506.7208258,
2026-06-11 23:37:00,1781221020,506.7208258,509.89784042,499.83209719,508.99633766,
2026-06-11 23:38:00,1781221080,508.99633766,513.82375669,502.09004895,504.01979153,
2026-06-11 23:39:00,1781221140,504.01979153,505.64580294,485.74040307,487.64148626,
2026-06-11 23:40:00,1781221200,487.64148626,488.04910296,425.13734612,430.8630504,
2026-06-11 23:41:00,1781221260,430.8630504,435.2653126,427.46008531,435.26060108,
2026-06-11 23:42:00,1781221320,435.26060108,440.23892004,435.09913733,435.43987272,
2026-06-11 23:43:00,1781221380,435.43987272,450.56859818,434.1454646,445.36996096,
2026-06-11 23:44:00,1781221440,445.36996096,449.69891186,445.36759574,447.66184172,
2026-06-11 23:45:00,1781221500,447.66184172,448.335803,441.49503102,447.94468788,
2026-06-11 23:46:00,1781221560,447.94468788,448.3770033,438.25212523,443.11197636,
2026-06-11 23:47:00,1781221620,443.11197636,456.87978394,437.47475562,456.35874718,
2026-06-11 23:48:00,1781221680,456.35874718,461.18209221,451.99410312,458.28580833,
2026-06-11 23:49:00,1781221740,458.28580833,459.3588922,450.26907577,458.39777057,
2026-06-11 23:50:00,1781221800,458.39777057,468.26074134,458.39777057,463.55141778,
2026-06-11 23:51:00,1781221860,463.55141778,480.19765877,463.50911502,477.80287974,
2026-06-11 23:52:00,1781221920,477.80287974,491.49537373,477.74766965,477.78850993,
2026-06-11 23:53:00,1781221980,477.78850993,488.68302312,476.64350553,482.36049284,
2026-06-11 23:54:00,1781222040,482.36049284,483.44143161,443.58969059,446.62314292,
2026-06-11 23:55:00,1781222100,446.62314292,451.8151686,444.97725953,447.87553927,
2026-06-11 23:56:00,1781222160,447.87553927,454.48729719,447.78805712,450.1568782,
2026-06-11 23:57:00,1781222220,450.1568782,460.66259045,444.89287284,448.68397503,
2026-06-11 23:58:00,1781222280,448.68397503,458.42054178,445.34162192,453.4164691,
2026-06-11 23:59:00,1781222340,453.4164691,461.94037956,447.27997635,447.27997635,
2026-06-12 00:00:00,1781222400,447.27997635,474.21677156,447.10506497,452.47457527,
2026-06-12 00:01:00,1781222460,452.47457527,459.10120654,446.48622744,454.42147727,
2026-06-12 00:02:00,1781222520,454.42147727,467.80324015,450.95040798,464.26644002,
2026-06-12 00:03:00,1781222580,464.26644002,480.75507948,464.26644002,476.69142159,
2026-06-12 00:04:00,1781222640,476.69142159,476.81097318,458.6353403,460.00980667,
2026-06-12 00:05:00,1781222700,460.00980667,461.35675836,446.10471183,454.44081193,
2026-06-12 00:06:00,1781222760,454.44081193,458.24062925,439.25609162,444.58602247,
2026-06-12 00:07:00,1781222820,444.58602247,444.58602247,380.53478835,387.33324686,
2026-06-12 00:08:00,1781222880,387.33324686,400.78663002,382.10660281,396.34487686,
2026-06-12 00:09:00,1781222940,396.34487686,410.37502998,396.34487686,406.71164617,
2026-06-12 00:10:00,1781223000,406.71164617,407.04250734,396.87758887,406.38198154,
2026-06-12 00:11:00,1781223060,406.38198154,417.09059903,397.16785207,413.48556556,
2026-06-12 00:12:00,1781223120,413.48556556,417.50966693,408.81630395,412.9376595,
2026-06-12 00:13:00,1781223180,412.9376595,419.27620374,405.22221866,406.3144788,
2026-06-12 00:14:00,1781223240,406.3144788,406.82703814,395.07170781,396.15197286,
2026-06-12 00:15:00,1781223300,396.15197286,431.76047177,396.15197286,426.48775417,
2026-06-12 00:16:00,1781223360,426.48775417,443.69857623,418.03399504,440.01831584,
2026-06-12 00:17:00,1781223420,440.01831584,443.22344931,433.73165508,438.00254134,
2026-06-12 00:18:00,1781223480,438.00254134,438.15799908,426.18731388,429.11446533,
2026-06-12 00:19:00,1781223540,429.11446533,429.58479782,419.97400766,426.58265651,
2026-06-12 00:20:00,1781223600,426.58265651,435.36738294,426.58265651,429.92552596,
2026-06-12 00:21:00,1781223660,429.92552596,432.57974214,414.79522016,426.51014529,
2026-06-12 00:22:00,1781223720,426.51014529,445.54502926,420.07859186,438.17588349,
2026-06-12 00:23:00,1781223780,438.17588349,446.91805088,438.1735279,444.22340298,
2026-06-12 00:24:00,1781223840,444.22340298,454.17211684,441.74672478,452.53479412,
2026-06-12 00:25:00,1781223900,452.53479412,452.85182435,437.84807779,438.3031433,
2026-06-12 00:26:00,1781223960,438.3031433,465.71773685,438.18126156,465.71773685,
2026-06-12 00:27:00,1781224020,465.71773685,476.95662191,449.97637034,454.67219257,
2026-06-12 00:28:00,1781224080,454.67219257,454.98321892,440.34313438,442.0163251,
2026-06-12 00:29:00,1781224140,442.0163251,442.40733717,428.25990778,436.46870611,
2026-06-12 00:30:00,1781224200,436.46870611,442.90922814,428.55187516,432.58263837,
2026-06-12 00:31:00,1781224260,432.58263837,456.10418379,432.58263837,445.36227095,
2026-06-12 00:32:00,1781224320,445.36227095,447.13274001,428.13307784,429.74840401,
2026-06-12 00:33:00,1781224380,429.74840401,429.91914503,414.96193273,416.73237472,
2026-06-12 00:34:00,1781224440,416.73237472,439.00263857,408.81168,429.68835476,
2026-06-12 00:35:00,1781224500,429.68835476,433.72258039,414.93686152,415.68282634,
2026-06-12 00:36:00,1781224560,415.68282634,424.96179414,409.75442916,415.79195703,
2026-06-12 00:37:00,1781224620,415.79195703,416.01592273,407.3757497,410.33829299,
2026-06-12 00:38:00,1781224680,410.33829299,410.37564569,386.1839424,397.27268723,
2026-06-12 00:39:00,1781224740,397.27268723,416.3439999,397.10373461,415.70536456,
2026-06-12 00:40:00,1781224800,415.70536456,423.34833723,407.0299862,409.98975499,
2026-06-12 00:41:00,1781224860,409.98975499,416.33869509,402.0460508,408.47938601,
2026-06-12 00:42:00,1781224920,408.47938601,409.44869342,397.91807916,405.89892716,
2026-06-12 00:43:00,1781224980,405.89892716,417.40750007,402.87133892,416.74940988,
2026-06-12 00:44:00,1781225040,416.74940988,422.09535075,413.51997005,416.0735022,
2026-06-12 00:45:00,1781225100,416.0735022,420.54189254,402.70384595,403.27773794,
2026-06-12 00:46:00,1781225160,403.27773794,411.18342613,401.55307744,407.73629751,
2026-06-12 00:47:00,1781225220,407.73629751,410.37002719,402.69510571,404.67482242,
2026-06-12 00:48:00,1781225280,404.67482242,406.00439099,400.64545607,405.10581285,
2026-06-12 00:49:00,1781225340,405.10581285,405.66765142,399.26298083,402.24059457,
2026-06-12 00:50:00,1781225400,402.24059457,411.20675364,402.08500637,407.89399471,
2026-06-12 00:51:00,1781225460,407.89399471,407.9316122,386.74008683,391.16101936,
2026-06-12 00:52:00,1781225520,391.16101936,399.40005309,390.89625661,394.96716373,
2026-06-12 00:53:00,1781225580,394.96716373,397.39635026,390.93444707,392.97573445,
2026-06-12 00:54:00,1781225640,392.97573445,395.24174254,386.66242586,391.38727621,
2026-06-12 00:55:00,1781225700,391.38727621,395.86362181,388.50751411,390.71213715,
2026-06-12 00:56:00,1781225760,390.71213715,393.67139272,383.56673154,390.5471424,
2026-06-12 00:57:00,1781225820,390.5471424,407.78679887,390.39218139,406.80396321,
2026-06-12 00:58:00,1781225880,406.80396321,421.02471631,402.09015601,420.17060592,
2026-06-12 00:59:00,1781225940,420.17060592,422.97020353,412.97528436,416.94562151,
2026-06-12 01:00:00,1781226000,416.94562151,455.1827006,414.32928749,454.0988436,
2026-06-12 01:01:00,1781226060,454.0988436,470.43544877,451.90497155,470.3501094,
2026-06-12 01:02:00,1781226120,470.3501094,488.8586548,463.81028936,486.90019265,
2026-06-12 01:03:00,1781226180,486.90019265,488.45681904,458.56631809,466.51685564,
2026-06-12 01:04:00,1781226240,466.51685564,477.00079134,464.04855239,470.09256665,
2026-06-12 01:05:00,1781226300,470.09256665,483.13558273,465.82028217,482.91671571,
2026-06-12 01:06:00,1781226360,482.91671571,482.98264624,459.78595211,468.36664622,
2026-06-12 01:07:00,1781226420,468.36664622,472.65874227,460.50602032,469.00796104,
2026-06-12 01:08:00,1781226480,469.00796104,475.85837183,467.58335949,472.87756292,
2026-06-12 01:09:00,1781226540,472.87756292,473.41779611,450.91683482,468.85440363,
2026-06-12 01:10:00,1781226600,468.85440363,473.2226901,460.82557348,468.0043217,
2026-06-12 01:11:00,1781226660,468.0043217,480.29661264,460.28103167,477.51469586,
2026-06-12 01:12:00,1781226720,477.51469586,481.80649691,474.27121475,475.38115483,
2026-06-12 01:13:00,1781226780,475.38115483,484.7175284,474.97508982,477.26260972,
2026-06-12 01:14:00,1781226840,477.26260972,485.90350703,470.78533032,478.446067,
2026-06-12 01:15:00,1781226900,478.446067,488.57821606,476.29410579,487.08240609,
2026-06-12 01:16:00,1781226960,487.08240609,488.91678598,456.96186256,457.93464692,
2026-06-12 01:17:00,1781227020,457.93464692,491.39947484,457.93225333,480.68663407,
2026-06-12 01:18:00,1781227080,480.68663407,488.3734243,474.46533517,487.97396513,
2026-06-12 01:19:00,1781227140,487.97396513,504.27941343,487.84609014,503.88276925,
2026-06-12 01:20:00,1781227200,503.88276925,514.08463613,500.47261876,507.63650145,
2026-06-12 01:21:00,1781227260,507.63650145,509.63870968,493.53158775,495.98233911,
2026-06-12 01:22:00,1781227320,495.98233911,515.09261008,495.97992036,515.00157733,
2026-06-12 01:23:00,1781227380,515.00157733,520.31944741,505.12317487,518.5903735,
2026-06-12 01:24:00,1781227440,518.5903735,518.92667431,511.06461633,518.70040192,
2026-06-12 01:25:00,1781227500,518.70040192,522.89223355,509.51371566,518.0719475,
2026-06-12 01:26:00,1781227560,518.0719475,544.32404106,518.0719475,538.37559745,
2026-06-12 01:27:00,1781227620,538.37559745,561.76667428,538.37559745,542.87581169,
2026-06-12 01:28:00,1781227680,542.87581169,562.58016833,532.6122793,537.43571146,
2026-06-12 01:29:00,1781227740,537.43571146,539.12598945,528.80391283,535.05854315,
2026-06-12 01:30:00,1781227800,535.05854315,537.21224032,513.28749177,513.50865706,
2026-06-12 01:31:00,1781227860,513.50865706,534.12195245,513.10573884,527.99605751,
2026-06-12 01:32:00,1781227920,527.99605751,528.60435262,508.64402004,514.42830937,
2026-06-12 01:33:00,1781227980,514.42830937,523.9480262,507.75478627,517.52694346,
2026-06-12 01:34:00,1781228040,517.52694346,535.28611477,513.00013909,534.9658658,
2026-06-12 01:35:00,1781228100,534.9658658,557.74040457,530.70323408,553.18257168,
2026-06-12 01:36:00,1781228160,553.18257168,558.63048796,545.88169883,558.10369129,
2026-06-12 01:37:00,1781228220,558.10369129,558.10369129,544.80873915,544.80873915,
2026-06-12 01:38:00,1781228280,544.80873915,548.20612227,539.35185972,540.70196947,
2026-06-12 01:39:00,1781228340,540.70196947,550.96234679,528.04819108,531.04354911,
2026-06-12 01:40:00,1781228400,531.04354911,544.92180388,530.32008394,543.35047139,
2026-06-12 01:41:00,1781228460,543.35047139,543.94403031,532.74093485,538.50581571,
2026-06-12 01:42:00,1781228520,538.50581571,539.32430307,523.08277059,523.08277059,
2026-06-12 01:43:00,1781228580,523.08277059,523.08277059,506.92230374,513.72454633,
2026-06-12 01:44:00,1781228640,513.72454633,533.70125486,510.25452979,533.42754406,
2026-06-12 01:45:00,1781228700,533.42754406,533.60625405,498.66860426,514.14158576,
2026-06-12 01:46:00,1781228760,514.14158576,516.57340595,500.72918503,509.30526448,
2026-06-12 01:47:00,1781228820,509.30526448,513.84989746,498.1242804,511.8853037,
2026-06-12 01:48:00,1781228880,511.8853037,516.58402456,496.69664695,500.34425429,
2026-06-12 01:49:00,1781228940,500.34425429,503.22509245,489.48419386,494.59414215,
2026-06-12 01:50:00,1781229000,494.59414215,511.02049065,494.46004983,506.90655696,
2026-06-12 01:51:00,1781229060,506.90655696,512.21828932,492.86240524,499.25996614,
2026-06-12 01:52:00,1781229120,499.25996614,506.37929916,497.51102839,502.75063541,
2026-06-12 01:53:00,1781229180,502.75063541,507.55835277,500.87477106,501.69390318,
2026-06-12 01:54:00,1781229240,501.69390318,507.00230329,485.82263395,487.50506587,
2026-06-12 01:55:00,1781229300,487.50506587,512.37044885,487.32933218,506.774899,
2026-06-12 01:56:00,1781229360,506.774899,515.22042711,502.11550811,515.22042711,
2026-06-12 01:57:00,1781229420,515.22042711,521.4461542,510.76580004,513.77004739,
2026-06-12 01:58:00,1781229480,513.77004739,513.81436628,503.01661494,503.32023279,
2026-06-12 01:59:00,1781229540,503.32023279,506.61181237,497.69355052,498.5073188,
2026-06-12 02:00:00,1781229600,498.5073188,498.94209806,487.60125602,494.60317774,
2026-06-12 02:01:00,1781229660,494.60317774,495.73102411,480.88964796,481.28308658,
2026-06-12 02:02:00,1781229720,481.28308658,487.42577879,470.55368864,470.59543494,
2026-06-12 02:03:00,1781229780,470.59543494,482.74718794,470.4007629,482.57483456,
2026-06-12 02:04:00,1781229840,482.57483456,483.97168556,475.49775056,480.24278322,
2026-06-12 02:05:00,1781229900,480.24278322,482.54699147,469.93323422,469.93323422,
2026-06-12 02:06:00,1781229960,469.93323422,470.69997792,463.10570326,463.35356462,
2026-06-12 02:07:00,1781230020,463.35356462,466.15348532,448.17062807,451.18202828,
2026-06-12 02:08:00,1781230080,451.18202828,462.48033198,451.18202828,456.54881339,
2026-06-12 02:09:00,1781230140,456.54881339,459.14198032,403.94775105,407.06544374,
2026-06-12 02:10:00,1781230200,407.06544374,407.36776685,358.97558263,382.93903412,
2026-06-12 02:11:00,1781230260,382.93903412,402.22421306,380.34367528,396.06656897,
2026-06-12 02:12:00,1781230320,396.06656897,403.92243977,392.52726209,396.33770062,
2026-06-12 02:13:00,1781230380,396.33770062,406.13351175,382.71515924,400.87668683,
2026-06-12 02:14:00,1781230440,400.87668683,406.87940211,400.85179712,402.90475436,
2026-06-12 02:15:00,1781230500,402.90475436,405.21396591,391.43621418,404.91267663,
2026-06-12 02:16:00,1781230560,404.91267663,418.96947375,403.04594301,411.58589981,
2026-06-12 02:17:00,1781230620,411.58589981,423.74446801,411.58589981,422.05511916,
2026-06-12 02:18:00,1781230680,422.05511916,432.92095525,422.0028875,426.72466488,
2026-06-12 02:19:00,1781230740,426.72466488,427.47974303,410.28747209,411.88210689,
2026-06-12 02:20:00,1781230800,411.88210689,423.05051382,410.01172886,413.75874764,
2026-06-12 02:21:00,1781230860,413.75874764,425.5508034,413.70828462,421.0722565,
2026-06-12 02:22:00,1781230920,421.0722565,421.0722565,403.62780497,415.89038674,
2026-06-12 02:23:00,1781230980,415.89038674,419.82152256,407.31900914,414.08638756,
2026-06-12 02:24:00,1781231040,414.08638756,414.48270127,399.05272471,411.59192432,
2026-06-12 02:25:00,1781231100,411.59192432,431.51462989,411.59192432,428.35514281,
2026-06-12 02:26:00,1781231160,428.35514281,435.82585547,425.00365207,435.30817751,
2026-06-12 02:27:00,1781231220,435.30817751,443.80708662,434.87540766,438.89627011,
2026-06-12 02:28:00,1781231280,438.89627011,454.72268016,438.4930452,447.87132478,
2026-06-12 02:29:00,1781231340,447.87132478,452.87636842,442.1113228,442.31197013,
2026-06-12 02:30:00,1781231400,442.31197013,445.34994503,429.05744411,431.6092128,
2026-06-12 02:31:00,1781231460,431.6092128,435.26122018,424.33256207,433.64941419,
2026-06-12 02:32:00,1781231520,433.64941419,436.04337951,428.83261921,431.0258614,
2026-06-12 02:33:00,1781231580,431.0258614,447.16117228,424.71250156,445.6671893,
2026-06-12 02:34:00,1781231640,445.6671893,467.23026655,444.97844668,459.92702829,
2026-06-12 02:35:00,1781231700,459.92702829,461.41230513,448.27364149,456.66871488,
2026-06-12 02:36:00,1781231760,456.66871488,459.83967111,432.25968819,432.25968819,
2026-06-12 02:37:00,1781231820,432.25968819,433.06845563,421.08379546,423.43749149,
2026-06-12 02:38:00,1781231880,423.43749149,429.9571534,415.13705224,426.06667952,
2026-06-12 02:39:00,1781231940,426.06667952,433.61081451,417.76498372,417.8159318,
2026-06-12 02:40:00,1781232000,417.8159318,426.40202466,404.4369811,420.53586534,
2026-06-12 02:41:00,1781232060,420.53586534,428.65670243,418.51036711,428.0946711,
2026-06-12 02:42:00,1781232120,428.0946711,432.01247807,425.42737781,426.82390394,
2026-06-12 02:43:00,1781232180,426.82390394,428.03965985,423.53348649,423.97106113,
2026-06-12 02:44:00,1781232240,423.97106113,424.00534915,406.12339569,406.94991122,
2026-06-12 02:45:00,1781232300,406.94991122,422.58624187,406.56223228,421.75103876,
2026-06-12 02:46:00,1781232360,421.75103876,425.34434084,420.03769179,420.63930118,
2026-06-12 02:47:00,1781232420,420.63930118,420.87865027,409.07544999,415.75002936,
2026-06-12 02:48:00,1781232480,415.75002936,428.03032458,413.04820217,422.14926458,
2026-06-12 02:49:00,1781232540,422.14926458,425.15722198,415.5726686,415.99577757,
2026-06-12 02:50:00,1781232600,415.99577757,426.94909574,414.24939961,422.16662472,
2026-06-12 02:51:00,1781232660,422.16662472,429.71456544,414.10015982,425.48572778,
2026-06-12 02:52:00,1781232720,425.48572778,426.36177601,419.48956192,419.48956192,
2026-06-12 02:53:00,1781232780,419.48956192,427.32530627,419.08668431,423.09003842,
2026-06-12 02:54:00,1781232840,423.09003842,423.09003842,413.36778728,413.51603045,
2026-06-12 02:55:00,1781232900,413.51603045,418.47143757,413.1539168,414.90473046,
2026-06-12 02:56:00,1781232960,414.90473046,415.28928537,412.91750968,413.44206196,
2026-06-12 02:57:00,1781233020,413.44206196,419.46250061,412.96409331,416.40442818,
2026-06-12 02:58:00,1781233080,416.40442818,427.3974597,412.397151,412.6289806,
2026-06-12 02:59:00,1781233140,412.6289806,412.66563728,393.77188975,398.99020789,
2026-06-12 03:00:00,1781233200,398.99020789,399.84753574,392.80541976,394.61000975,
2026-06-12 03:01:00,1781233260,394.61000975,403.33478249,386.36746801,401.0287885,
2026-06-12 03:02:00,1781233320,401.0287885,410.67009228,398.67940024,409.93451945,
2026-06-12 03:03:00,1781233380,409.93451945,412.95795693,400.96480129,410.93749947,
2026-06-12 03:04:00,1781233440,410.93749947,413.40464458,403.34095817,412.97070106,
2026-06-12 03:05:00,1781233500,412.97070106,422.12014319,412.97070106,420.26030175,
2026-06-12 03:06:00,1781233560,420.26030175,420.37945531,410.74390978,413.43805616,
2026-06-12 03:07:00,1781233620,413.43805616,416.54973959,404.62480312,415.24181257,
2026-06-12 03:08:00,1781233680,415.24181257,423.5596569,413.93178131,419.26474284,
2026-06-12 03:09:00,1781233740,419.26474284,422.68290336,405.56688052,407.58269898,
2026-06-12 03:10:00,1781233800,407.58269898,418.48976826,407.58269898,418.40817972,
2026-06-12 03:11:00,1781233860,418.40817972,422.12378942,413.15342155,418.03288552,
2026-06-12 03:12:00,1781233920,418.03288552,430.20294451,415.81313733,423.05256977,
2026-06-12 03:13:00,1781233980,423.05256977,440.69511871,423.05256977,437.15417533,
2026-06-12 03:14:00,1781234040,437.15417533,438.25636526,430.38848702,431.03452112,
2026-06-12 03:15:00,1781234100,431.03452112,440.6471185,430.30349675,437.65411892,
2026-06-12 03:16:00,1781234160,437.65411892,445.60699745,431.97067397,435.01102765,
2026-06-12 03:17:00,1781234220,435.01102765,442.95244252,431.97001355,439.7407683,
2026-06-12 03:18:00,1781234280,439.7407683,444.84592839,436.52443732,438.25923467,
2026-06-12 03:19:00,1781234340,438.25923467,446.69640078,438.25923467,445.23079009,
2026-06-12 03:20:00,1781234400,445.23079009,460.7450764,444.07838677,456.44897396,
2026-06-12 03:21:00,1781234460,456.44897396,467.55708418,448.98429362,465.70517596,
2026-06-12 03:22:00,1781234520,465.70517596,472.712089,455.12314841,472.66857607,
2026-06-12 03:23:00,1781234580,472.66857607,481.35275606,472.10967178,474.2180483,
2026-06-12 03:24:00,1781234640,474.2180483,477.52953615,465.47200663,469.50852777,
2026-06-12 03:25:00,1781234700,469.50852777,500.23184315,469.50852777,485.30223873,
2026-06-12 03:26:00,1781234760,485.30223873,485.30223873,469.2394242,470.60931106,
2026-06-12 03:27:00,1781234820,470.60931106,482.49114417,468.59709418,478.92180405,
2026-06-12 03:28:00,1781234880,478.92180405,478.92180405,457.54739317,457.6751714,
2026-06-12 03:29:00,1781234940,457.6751714,465.05570694,457.6751714,463.85840303,
2026-06-12 03:30:00,1781235000,463.85840303,464.415293,447.1437258,462.34370368,
2026-06-12 03:31:00,1781235060,462.34370368,462.70289931,432.12357859,444.45166699,
2026-06-12 03:32:00,1781235120,444.45166699,463.62429548,444.45166699,451.73232586,
2026-06-12 03:33:00,1781235180,451.73232586,455.69760862,444.80724296,449.28275143,
2026-06-12 03:34:00,1781235240,449.28275143,454.4016351,431.8738681,432.55047149,
2026-06-12 03:35:00,1781235300,432.55047149,447.68377488,424.10637962,443.56437713,
2026-06-12 03:36:00,1781235360,443.56437713,452.74257983,441.48245066,449.43860945,
2026-06-12 03:37:00,1781235420,449.43860945,449.43860945,436.3606752,437.96742321,
2026-06-12 03:38:00,1781235480,437.96742321,449.53440043,437.92602597,444.35279243,
2026-06-12 03:39:00,1781235540,444.35279243,450.74118269,444.18331626,450.56792666,
2026-06-12 03:40:00,1781235600,450.56792666,454.04296637,444.0173989,449.57405869,
2026-06-12 03:41:00,1781235660,449.57405869,454.81032696,438.70441511,447.70243217,
2026-06-12 03:42:00,1781235720,447.70243217,459.52218751,444.92496228,453.48041424,
2026-06-12 03:43:00,1781235780,453.48041424,456.64991683,450.20819996,454.61801625,
2026-06-12 03:44:00,1781235840,454.61801625,454.61801625,443.0347601,446.99608786,
2026-06-12 03:45:00,1781235900,446.99608786,455.79866965,440.76001021,450.87452966,
2026-06-12 03:46:00,1781235960,450.87452966,452.68439788,438.38400523,438.41858893,
2026-06-12 03:47:00,1781236020,438.41858893,441.81736434,431.77625608,437.23820535,
2026-06-12 03:48:00,1781236080,437.23820535,442.57634165,423.19873894,434.10150705,
2026-06-12 03:49:00,1781236140,434.10150705,452.95461528,429.35864744,450.95885409,
2026-06-12 03:50:00,1781236200,450.95885409,450.95885409,436.33947396,441.3513404,
2026-06-12 03:51:00,1781236260,441.3513404,441.3513404,430.14003862,434.90447899,
2026-06-12 03:52:00,1781236320,434.90447899,435.87984864,427.16892789,433.88967774,
2026-06-12 03:53:00,1781236380,433.88967774,435.39283619,427.62806733,428.59624718,
2026-06-12 03:54:00,1781236440,428.59624718,432.21473314,424.101785,430.52415867,
2026-06-12 03:55:00,1781236500,430.52415867,430.69156095,421.04972797,427.23139856,
2026-06-12 03:56:00,1781236560,427.23139856,431.30271299,426.21278139,428.45320735,
2026-06-12 03:57:00,1781236620,428.45320735,428.49409341,420.607599,424.37827888,
2026-06-12 03:58:00,1781236680,424.37827888,430.34525139,424.14200019,429.03918057,
2026-06-12 03:59:00,1781236740,429.03918057,429.0509321,421.37383136,423.50669024,
2026-06-12 04:00:00,1781236800,423.50669024,426.75795935,419.8201543,425.69913195,
2026-06-12 04:01:00,1781236860,425.69913195,442.80880271,425.6342359,429.87899256,
2026-06-12 04:02:00,1781236920,429.87899256,438.83968869,429.87899256,433.51766528,
2026-06-12 04:03:00,1781236980,433.51766528,434.17807663,418.85818299,426.04072097,
2026-06-12 04:04:00,1781237040,426.04072097,438.5973361,422.05080164,422.12971671,
2026-06-12 04:05:00,1781237100,422.12971671,432.13120062,421.51676984,431.2401811,
2026-06-12 04:06:00,1781237160,431.2401811,451.22098516,430.57973336,451.13339394,
2026-06-12 04:07:00,1781237220,451.13339394,461.2195841,450.26411981,450.76972178,
2026-06-12 04:08:00,1781237280,450.76972178,450.76972178,423.18685856,428.4188814,
2026-06-12 04:09:00,1781237340,428.4188814,439.29682951,426.96441008,436.55480996,
2026-06-12 04:10:00,1781237400,436.55480996,437.17088042,430.09382611,431.41113876,
2026-06-12 04:11:00,1781237460,431.41113876,431.41113876,401.16806751,412.51763885,
2026-06-12 04:12:00,1781237520,412.51763885,421.01432321,410.99529258,416.89826164,
2026-06-12 04:13:00,1781237580,416.89826164,441.93053913,416.89343761,435.05235933,
2026-06-12 04:14:00,1781237640,435.05235933,438.93063826,423.24056031,428.07856827,
2026-06-12 04:15:00,1781237700,428.07856827,428.07856827,399.42888165,404.03231917,
2026-06-12 04:16:00,1781237760,404.03231917,407.78185044,353.54683302,359.97256456,
2026-06-12 04:17:00,1781237820,359.97256456,373.02919765,340.96934759,371.86410882,
2026-06-12 04:18:00,1781237880,371.86410882,377.38726056,359.49674161,371.42922238,
2026-06-12 04:19:00,1781237940,371.42922238,373.12121231,364.62620038,366.24005234,
2026-06-12 04:20:00,1781238000,366.24005234,379.16825632,366.24005234,373.76308944,
2026-06-12 04:21:00,1781238060,373.76308944,373.76308944,362.77641968,364.06786121,
2026-06-12 04:22:00,1781238120,364.06786121,372.01000262,351.59716489,352.70735685,
2026-06-12 04:23:00,1781238180,352.70735685,354.33710538,331.65260146,348.06414083,
2026-06-12 04:24:00,1781238240,348.06414083,352.95820681,339.16405206,344.2502246,
2026-06-12 04:25:00,1781238300,344.2502246,349.7259317,344.2502246,348.10370279,
2026-06-12 04:26:00,1781238360,348.10370279,350.67631398,327.25812925,327.3231187,
2026-06-12 04:27:00,1781238420,327.3231187,337.58284233,325.30840837,333.10320888,
2026-06-12 04:28:00,1781238480,333.10320888,335.9248912,325.30445244,330.41136041,
2026-06-12 04:29:00,1781238540,330.41136041,333.69927814,322.57120861,326.77368294,
2026-06-12 04:30:00,1781238600,326.77368294,338.9891911,326.74009648,336.76428402,
2026-06-12 04:31:00,1781238660,336.76428402,336.76428402,302.44091901,327.30821094,
2026-06-12 04:32:00,1781238720,327.30821094,342.88370437,321.20033079,334.1009773,
2026-06-12 04:33:00,1781238780,334.1009773,342.29215101,317.38287625,342.29215101,
2026-06-12 04:34:00,1781238840,342.29215101,356.386388,341.79646609,342.92071533,
2026-06-12 04:35:00,1781238900,342.92071533,350.00077372,339.6239683,347.04230242,
2026-06-12 04:36:00,1781238960,347.04230242,351.52745136,342.56089091,351.03190444,
2026-06-12 04:37:00,1781239020,351.03190444,352.3194724,343.73792314,348.84511457,
2026-06-12 04:38:00,1781239080,348.84511457,359.39197211,348.56091214,356.26961643,
2026-06-12 04:39:00,1781239140,356.26961643,356.87044183,341.07836714,348.13828213,
2026-06-12 04:40:00,1781239200,348.13828213,357.50748496,347.46623131,351.95077746,
2026-06-12 04:41:00,1781239260,351.95077746,363.51999292,351.91300076,358.15174332,
2026-06-12 04:42:00,1781239320,358.15174332,365.53904826,357.02029303,358.3465284,
2026-06-12 04:43:00,1781239380,358.3465284,358.58344897,348.69060607,355.44886704,
2026-06-12 04:44:00,1781239440,355.44886704,355.50578133,347.44381214,354.08443623,
2026-06-12 04:45:00,1781239500,354.08443623,354.13837275,341.50262182,351.23330354,
2026-06-12 04:46:00,1781239560,351.23330354,356.27453233,346.02303545,351.08531482,
2026-06-12 04:47:00,1781239620,351.08531482,361.14443113,350.45419472,355.84549719,
2026-06-12 04:48:00,1781239680,355.84549719,357.97674789,353.05082653,354.1444851,
2026-06-12 04:49:00,1781239740,354.1444851,359.32226724,354.00248106,356.0659389,
2026-06-12 04:50:00,1781239800,356.0659389,359.04882808,348.24409208,356.25309703,
2026-06-12 04:51:00,1781239860,356.25309703,358.13502749,349.51297885,349.58084134,
2026-06-12 04:52:00,1781239920,349.58084134,351.42814956,348.73888202,349.69945461,
2026-06-12 04:53:00,1781239980,349.69945461,359.65485736,347.23843598,359.09068188,
2026-06-12 04:54:00,1781240040,359.09068188,360.40040418,358.40551867,360.32122097,
2026-06-12 04:55:00,1781240100,360.32122097,361.82880463,352.77305094,361.751827,
2026-06-12 04:56:00,1781240160,361.751827,364.52639238,357.46663334,358.2603834,
2026-06-12 04:57:00,1781240220,358.2603834,358.29776178,352.68512313,356.49644666,
2026-06-12 04:58:00,1781240280,356.49644666,361.89909577,356.49402039,361.24547809,
2026-06-12 04:59:00,1781240340,361.24547809,365.98808104,358.09451163,361.83948402,
2026-06-12 05:00:00,1781240400,361.83948402,367.30436411,352.13354458,364.97401579,
2026-06-12 05:01:00,1781240460,364.97401579,383.46338361,364.7175519,370.01392723,
2026-06-12 05:02:00,1781240520,370.01392723,391.11702404,370.01147579,387.64482901,
2026-06-12 05:03:00,1781240580,387.64482901,388.54993747,378.51688848,378.88347032,
2026-06-12 05:04:00,1781240640,378.88347032,385.71036316,372.07851904,382.89182293,
2026-06-12 05:05:00,1781240700,382.89182293,384.23858681,377.15481108,382.2397398,
2026-06-12 05:06:00,1781240760,382.2397398,384.35313962,373.29159793,375.18343077,
2026-06-12 05:07:00,1781240820,375.18343077,387.37594074,371.47964584,387.05196177,
2026-06-12 05:08:00,1781240880,387.05196177,404.5640958,386.7826203,396.39847581,
2026-06-12 05:09:00,1781240940,396.39847581,400.04308503,391.14128222,392.7986904,
2026-06-12 05:10:00,1781241000,392.7986904,410.52625373,392.06496538,403.49536809,
2026-06-12 05:11:00,1781241060,403.49536809,444.71994255,402.71399081,444.71994255,
2026-06-12 05:12:00,1781241120,444.71994255,465.89384233,440.23333983,447.09170251,
2026-06-12 05:13:00,1781241180,447.09170251,461.1702929,447.09170251,457.31259655,
2026-06-12 05:14:00,1781241240,457.31259655,457.31259655,443.82438796,455.39083012,
2026-06-12 05:15:00,1781241300,455.39083012,456.02884978,435.89874162,437.95884942,
2026-06-12 05:16:00,1781241360,437.95884942,438.75183474,425.13790968,430.20031314,
2026-06-12 05:17:00,1781241420,430.20031314,433.37808091,422.5893561,424.4186371,
2026-06-12 05:18:00,1781241480,424.4186371,427.13510156,418.14359113,420.1621304,
2026-06-12 05:19:00,1781241540,420.1621304,422.89656178,417.50817827,421.90160097,
2026-06-12 05:20:00,1781241600,421.90160097,431.92531174,420.51587358,428.71456575,
2026-06-12 05:21:00,1781241660,428.71456575,436.39431355,428.62497154,431.83165703,
2026-06-12 05:22:00,1781241720,431.83165703,443.9058061,424.85840165,442.61252608,
2026-06-12 05:23:00,1781241780,442.61252608,443.10666695,430.31586784,442.73445422,
2026-06-12 05:24:00,1781241840,442.73445422,453.45144657,436.13893555,437.13857861,
2026-06-12 05:25:00,1781241900,437.13857861,440.64376507,431.41738319,431.41738319,
2026-06-12 05:26:00,1781241960,431.41738319,437.92075832,429.45424924,437.28599405,
2026-06-12 05:27:00,1781242020,437.28599405,440.21730959,429.61190673,437.41680506,
2026-06-12 05:28:00,1781242080,437.41680506,440.41083389,431.20525435,435.04737691,
2026-06-12 05:29:00,1781242140,435.04737691,436.58893398,429.02027099,431.96368255,
2026-06-12 05:30:00,1781242200,431.96368255,439.13736601,426.81163671,428.51414146,
2026-06-12 05:31:00,1781242260,428.51414146,439.2067496,424.76661843,426.05018199,
2026-06-12 05:32:00,1781242320,426.05018199,447.82284129,425.10111759,446.61874138,
2026-06-12 05:33:00,1781242380,446.61874138,455.37179635,435.00986916,446.40734922,
2026-06-12 05:34:00,1781242440,446.40734922,448.6313208,437.34789981,441.26838979,
2026-06-12 05:35:00,1781242500,441.26838979,449.66452119,438.23632824,444.6092483,
2026-06-12 05:36:00,1781242560,444.6092483,466.81556323,442.87081034,464.19882108,
2026-06-12 05:37:00,1781242620,464.19882108,480.42675124,456.09472837,471.96193917,
2026-06-12 05:38:00,1781242680,471.96193917,482.79152248,464.93360662,480.98504681,
2026-06-12 05:39:00,1781242740,480.98504681,496.44586363,472.27914943,472.66590195,
2026-06-12 05:40:00,1781242800,472.66590195,485.09110151,469.82444499,480.57657206,
2026-06-12 05:41:00,1781242860,480.57657206,489.14932866,473.08785652,476.33295504,
2026-06-12 05:42:00,1781242920,476.33295504,480.91344777,470.92350908,470.9631377,
2026-06-12 05:43:00,1781242980,470.9631377,476.81538738,462.04103554,473.87822212,
2026-06-12 05:44:00,1781243040,473.87822212,476.69218128,469.14659391,469.91308464,
2026-06-12 05:45:00,1781243100,469.91308464,469.91308464,463.27538604,465.83477461,
2026-06-12 05:46:00,1781243160,465.83477461,481.32393961,465.83221251,480.83020637,
2026-06-12 05:47:00,1781243220,480.83020637,492.82164866,476.92948682,481.08506439,
2026-06-12 05:48:00,1781243280,481.08506439,488.07376009,480.94674614,483.72904581,
2026-06-12 05:49:00,1781243340,483.72904581,488.03941589,465.31894079,465.3600304,
2026-06-12 05:50:00,1781243400,465.3600304,512.07752792,464.44550693,512.07752792,
2026-06-12 05:51:00,1781243460,512.07752792,512.5111027,484.52882941,486.0566954,
2026-06-12 05:52:00,1781243520,486.0566954,508.08709245,476.24329356,507.25110777,
2026-06-12 05:53:00,1781243580,507.25110777,509.48177218,488.9486139,490.88973416,
2026-06-12 05:54:00,1781243640,490.88973416,490.88973416,478.08114177,483.28257608,
2026-06-12 05:55:00,1781243700,483.28257608,486.06314764,478.4137679,479.69991222,
2026-06-12 05:56:00,1781243760,479.69991222,484.54561375,474.24282093,479.86461351,
2026-06-12 05:57:00,1781243820,479.86461351,484.55277375,468.863966,471.9937073,
2026-06-12 05:58:00,1781243880,471.9937073,479.95257424,470.93499292,478.38952661,
2026-06-12 05:59:00,1781243940,478.38952661,494.93033342,478.25647708,491.79650042,
2026-06-12 06:00:00,1781244000,491.79650042,503.02004596,480.98034883,483.57930093,
2026-06-12 06:01:00,1781244060,483.57930093,496.59987506,478.75199374,488.81843002,
2026-06-12 06:02:00,1781244120,488.81843002,493.86776252,470.73509635,474.37826377,
2026-06-12 06:03:00,1781244180,474.37826377,485.37691014,467.00593837,467.00593837,
2026-06-12 06:04:00,1781244240,467.00593837,478.28748432,465.42943769,470.11040136,
2026-06-12 06:05:00,1781244300,470.11040136,473.01993457,461.66078588,466.4305654,
2026-06-12 06:06:00,1781244360,466.4305654,474.1111694,461.5284434,471.5586443,
2026-06-12 06:07:00,1781244420,471.5586443,484.66010143,470.05335113,481.09665591,
2026-06-12 06:08:00,1781244480,481.09665591,492.62401316,466.89238049,477.62504754,
2026-06-12 06:09:00,1781244540,477.62504754,507.86504102,474.69249931,502.86704292,
2026-06-12 06:10:00,1781244600,502.86704292,523.00098961,496.61018993,496.61018993,
2026-06-12 06:11:00,1781244660,496.61018993,507.58965341,487.76213637,499.44410514,
2026-06-12 06:12:00,1781244720,499.44410514,517.37585649,499.43627414,510.75126709,
2026-06-12 06:13:00,1781244780,510.75126709,516.2554902,504.7292971,514.37042391,
2026-06-12 06:14:00,1781244840,514.37042391,521.6657592,510.26142294,511.6785348,
2026-06-12 06:15:00,1781244900,511.6785348,555.95746299,510.6054819,554.88179211,
2026-06-12 06:16:00,1781244960,554.88179211,582.71173919,554.53838548,577.59559071,
2026-06-12 06:17:00,1781245020,577.59559071,584.11932289,569.44725052,580.0329532,
2026-06-12 06:18:00,1781245080,580.0329532,580.18478546,557.81153652,560.09379711,
2026-06-12 06:19:00,1781245140,560.09379711,580.28374766,558.89482838,576.65416273,
2026-06-12 06:20:00,1781245200,576.65416273,581.90116707,569.37217617,579.60382597,
2026-06-12 06:21:00,1781245260,579.60382597,611.18877335,573.45927212,575.06593213,
2026-06-12 06:22:00,1781245320,575.06593213,588.68647478,570.83794067,577.36817981,
2026-06-12 06:23:00,1781245380,577.36817981,577.66238338,566.23200245,568.57973739,
2026-06-12 06:24:00,1781245440,568.57973739,569.27929247,555.91100039,564.09529594,
2026-06-12 06:25:00,1781245500,564.09529594,572.33907726,559.03418148,568.79277713,
2026-06-12 06:26:00,1781245560,568.79277713,587.00418858,562.06112769,567.26449482,
2026-06-12 06:27:00,1781245620,567.26449482,581.1469605,564.22982059,576.46405264,
2026-06-12 06:28:00,1781245680,576.46405264,581.00946581,570.06277306,579.01439902,
2026-06-12 06:29:00,1781245740,579.01439902,586.99274904,579.01175909,584.13404801,
2026-06-12 06:30:00,1781245800,584.13404801,617.76250505,584.13404801,607.47031957,
2026-06-12 06:31:00,1781245860,607.47031957,643.14921407,607.47031957,639.42983878,
2026-06-12 06:32:00,1781245920,639.42983878,642.66307465,622.43093993,629.2429464,
2026-06-12 06:33:00,1781245980,629.2429464,731.4138973,629.13979186,726.96848297,
2026-06-12 06:34:00,1781246040,726.96848297,737.81316499,686.29415944,704.97837457,
2026-06-12 06:35:00,1781246100,704.97837457,708.01460774,680.78428719,700.25613614,
2026-06-12 06:36:00,1781246160,700.25613614,723.82216812,692.70350624,713.93800676,
2026-06-12 06:37:00,1781246220,713.93800676,739.51031808,704.78160507,737.5999135,
2026-06-12 06:38:00,1781246280,737.5999135,765.37782355,736.04060866,756.03280364,
2026-06-12 06:39:00,1781246340,756.03280364,756.18622118,696.36744244,697.38796368,
2026-06-12 06:40:00,1781246400,697.38796368,711.51747991,688.83450765,694.65305603,
2026-06-12 06:41:00,1781246460,694.65305603,728.03453197,694.50214451,703.27991066,
2026-06-12 06:42:00,1781246520,703.27991066,716.08131947,698.0511206,708.40556019,
2026-06-12 06:43:00,1781246580,708.40556019,717.91585311,693.84363389,713.15279191,
2026-06-12 06:44:00,1781246640,713.15279191,719.75912116,702.39907286,714.29891268,
2026-06-12 06:45:00,1781246700,714.29891268,720.20701352,681.53283027,686.78704917,
2026-06-12 06:46:00,1781246760,686.78704917,692.72008511,677.08650726,679.34755116,
2026-06-12 06:47:00,1781246820,679.34755116,679.34755116,665.75717791,666.19176126,
2026-06-12 06:48:00,1781246880,666.19176126,686.50322221,666.19176126,673.80354877,
2026-06-12 06:49:00,1781246940,673.80354877,698.99068122,673.76663526,684.39361719,
2026-06-12 06:50:00,1781247000,684.39361719,699.40919106,673.35106911,699.17569705,
2026-06-12 06:51:00,1781247060,699.17569705,711.19611258,691.29410044,702.20475706,
2026-06-12 06:52:00,1781247120,702.20475706,705.72691018,682.85714905,691.23089305,
2026-06-12 06:53:00,1781247180,691.23089305,699.99125092,683.31617357,699.45943064,
2026-06-12 06:54:00,1781247240,699.45943064,702.07174317,687.56114,693.8972932,
2026-06-12 06:55:00,1781247300,693.8972932,704.84723426,693.89460496,704.72621905,
2026-06-12 06:56:00,1781247360,704.72621905,708.03733874,686.37290225,688.24778207,
2026-06-12 06:57:00,1781247420,688.24778207,688.30342753,677.0482723,677.0482723,
2026-06-12 06:58:00,1781247480,677.0482723,683.52326075,662.06600953,677.07211625,
2026-06-12 06:59:00,1781247540,677.07211625,690.70605584,676.08146292,683.60730887,
2026-06-12 07:00:00,1781247600,683.60730887,684.04613406,642.81083141,647.74085702,
2026-06-12 07:01:00,1781247660,647.74085702,650.21060128,625.32674475,635.31589103,
2026-06-12 07:02:00,1781247720,635.31589103,635.31589103,621.78447552,632.55007209,
2026-06-12 07:03:00,1781247780,632.55007209,642.23659055,626.1594598,626.21233217,
2026-06-12 07:04:00,1781247840,626.21233217,627.89762447,614.16503528,618.15871777,
2026-06-12 07:05:00,1781247900,618.15871777,621.45143174,606.21029118,608.35461609,
2026-06-12 07:06:00,1781247960,608.35461609,616.53335581,603.04645619,610.12458857,
2026-06-12 07:07:00,1781248020,610.12458857,642.3246301,610.12458857,629.76944916,
2026-06-12 07:08:00,1781248080,629.76944916,630.61717686,612.45382874,612.95084103,
2026-06-12 07:09:00,1781248140,612.95084103,621.07457308,611.7920609,620.72721282,
2026-06-12 07:10:00,1781248200,620.72721282,627.60480454,618.6072214,622.16865368,
2026-06-12 07:11:00,1781248260,622.16865368,642.02939404,609.26345252,640.0564168,
2026-06-12 07:12:00,1781248320,640.0564168,646.9911991,624.01442511,634.19055314,
2026-06-12 07:13:00,1781248380,634.19055314,655.83585877,630.25827476,655.39670148,
2026-06-12 07:14:00,1781248440,655.39670148,674.31387286,641.99977725,670.58170434,
2026-06-12 07:15:00,1781248500,670.58170434,671.11583594,656.55592581,667.12065135,
2026-06-12 07:16:00,1781248560,667.12065135,689.07667256,651.12888986,656.26887835,
2026-06-12 07:17:00,1781248620,656.26887835,675.86553773,649.32579904,649.32579904,
2026-06-12 07:18:00,1781248680,649.32579904,650.36184865,615.47486186,633.59992456,
2026-06-12 07:19:00,1781248740,633.59992456,651.72874609,627.51868442,643.15520169,
2026-06-12 07:20:00,1781248800,643.15520169,644.89147078,621.20309737,621.20345102,
2026-06-12 07:21:00,1781248860,621.20345102,658.77685901,616.84897935,640.1579,
2026-06-12 07:22:00,1781248920,640.1579,668.58329044,639.72032641,665.31713882,
2026-06-12 07:23:00,1781248980,665.31713882,667.8569446,641.04076967,641.04076967,
2026-06-12 07:24:00,1781249040,641.04076967,641.04076967,628.50894388,633.42529662,
2026-06-12 07:25:00,1781249100,633.42529662,653.9853076,633.26338051,647.10388014,
2026-06-12 07:26:00,1781249160,647.10388014,648.94469912,639.18186569,641.88006315,
2026-06-12 07:27:00,1781249220,641.88006315,653.98917401,641.87739722,647.09893695,
2026-06-12 07:28:00,1781249280,647.09893695,656.09398838,640.5907146,641.13364255,
2026-06-12 07:29:00,1781249340,641.13364255,646.13431889,633.0134005,641.90036223,
2026-06-12 07:30:00,1781249400,641.90036223,648.47697089,633.52596135,633.95650696,
2026-06-12 07:31:00,1781249460,633.95650696,639.92799434,627.35972368,627.73392344,
2026-06-12 07:32:00,1781249520,627.73392344,650.23870434,627.49786964,638.09980127,
2026-06-12 07:33:00,1781249580,638.09980127,655.81591586,636.22915616,641.52249223,
2026-06-12 07:34:00,1781249640,641.52249223,653.39446494,627.20097571,651.61707481,
2026-06-12 07:35:00,1781249700,651.61707481,660.04490327,632.05026612,640.06125045,
2026-06-12 07:36:00,1781249760,640.06125045,657.50613616,639.32124084,651.47836156,
2026-06-12 07:37:00,1781249820,651.47836156,673.39739378,644.9851687,669.84860386,
2026-06-12 07:38:00,1781249880,669.84860386,679.71607352,649.6056238,649.6056238,
2026-06-12 07:39:00,1781249940,649.6056238,651.21930879,614.92139411,615.17181357,
2026-06-12 07:40:00,1781250000,615.17181357,625.43726274,602.48785587,614.67624566,
2026-06-12 07:41:00,1781250060,614.67624566,616.1393179,607.20688102,607.60215533,
2026-06-12 07:42:00,1781250120,607.60215533,618.25218121,605.0332382,606.4987782,
2026-06-12 07:43:00,1781250180,606.4987782,618.92670336,606.4987782,618.69566612,
2026-06-12 07:44:00,1781250240,618.69566612,622.31696329,608.78940848,613.5026675,
2026-06-12 07:45:00,1781250300,613.5026675,613.9326098,595.22189243,595.59489563,
2026-06-12 07:46:00,1781250360,595.59489563,613.39660657,594.3038804,599.94099157,
2026-06-12 07:47:00,1781250420,599.94099157,611.06159991,599.51048293,609.28511002,
2026-06-12 07:48:00,1781250480,609.28511002,618.71893638,603.16939072,607.43864582,
2026-06-12 07:49:00,1781250540,607.43864582,607.43864582,598.07284055,602.87959566,
2026-06-12 07:50:00,1781250600,602.87959566,619.18223815,602.66010692,616.94067106,
2026-06-12 07:51:00,1781250660,616.94067106,620.12310439,616.40430918,616.78494118,
2026-06-12 07:52:00,1781250720,616.78494118,622.1909214,608.0742817,610.21820704,
2026-06-12 07:53:00,1781250780,610.21820704,614.51260752,607.04995804,609.93358422,
2026-06-12 07:54:00,1781250840,609.93358422,610.18727876,604.34100252,604.78542601,
2026-06-12 07:55:00,1781250900,604.78542601,605.55871777,576.02479891,577.26718321,
2026-06-12 07:56:00,1781250960,577.26718321,577.37572361,482.70089462,512.25962373,
2026-06-12 07:57:00,1781251020,512.25962373,528.74303674,483.98434411,521.24490202,
2026-06-12 07:58:00,1781251080,521.24490202,535.55215765,516.08402686,521.50096159,
2026-06-12 07:59:00,1781251140,521.50096159,535.04378094,520.50048076,531.23799426,
2026-06-12 08:00:00,1781251200,531.23799426,533.7491975,516.46329955,522.1128043,
2026-06-12 08:01:00,1781251260,522.1128043,525.04350807,505.23702715,507.52311518,
2026-06-12 08:02:00,1781251320,507.52311518,515.9854512,479.36384716,489.2583214,
2026-06-12 08:03:00,1781251380,489.2583214,513.85990981,488.85524799,498.99583164,
2026-06-12 08:04:00,1781251440,498.99583164,513.12913565,489.23185607,510.3218952,
2026-06-12 08:05:00,1781251500,510.3218952,514.29381398,480.2696785,484.82215198,
2026-06-12 08:06:00,1781251560,484.82215198,484.82215198,458.53823682,465.42987462,
2026-06-12 08:07:00,1781251620,465.42987462,467.14333213,447.16067467,450.16864762,
2026-06-12 08:08:00,1781251680,450.16864762,453.69249334,439.4271944,440.27940162,
2026-06-12 08:09:00,1781251740,440.27940162,446.52517003,437.49107642,444.21962,
2026-06-12 08:10:00,1781251800,444.21962,445.5826786,419.080011,435.09068693,
2026-06-12 08:11:00,1781251860,435.09068693,445.49698295,427.19826498,434.08034078,
2026-06-12 08:12:00,1781251920,434.08034078,434.08034078,423.67312497,425.22513652,
2026-06-12 08:13:00,1781251980,425.22513652,433.69355511,411.39219301,423.75344941,
2026-06-12 08:14:00,1781252040,423.75344941,435.48981994,423.75344941,435.35097314,
2026-06-12 08:15:00,1781252100,435.35097314,441.05420452,430.07351985,431.37591325,
2026-06-12 08:16:00,1781252160,431.37591325,434.15005603,390.23378177,393.17564182,
2026-06-12 08:17:00,1781252220,393.17564182,408.29691408,379.73837406,394.72826625,
2026-06-12 08:18:00,1781252280,394.72826625,398.01087599,365.49277065,370.87620903,
2026-06-12 08:19:00,1781252340,370.87620903,379.93458607,364.84719413,371.00509416,
2026-06-12 08:20:00,1781252400,371.00509416,378.3966879,367.85282701,369.18586832,
2026-06-12 08:21:00,1781252460,369.18586832,369.78680648,318.44645934,329.94755092,
2026-06-12 08:22:00,1781252520,329.94755092,337.67150383,308.29926808,334.04594659,
2026-06-12 08:23:00,1781252580,334.04594659,359.2585395,334.04594659,351.6477127,
2026-06-12 08:24:00,1781252640,351.6477127,358.8258582,339.65098191,358.8258582,
2026-06-12 08:25:00,1781252700,358.8258582,366.50061638,355.54624409,361.45796686,
2026-06-12 08:26:00,1781252760,361.45796686,369.11341441,359.62659464,367.68951442,
2026-06-12 08:27:00,1781252820,367.68951442,367.76887378,345.51909182,355.02298882,
2026-06-12 08:28:00,1781252880,355.02298882,361.34783147,342.43763257,346.10820175,
2026-06-12 08:29:00,1781252940,346.10820175,354.7596506,343.80578831,349.2807842,
2026-06-12 08:30:00,1781253000,349.2807842,363.57546913,344.29218785,363.16626644,
2026-06-12 08:31:00,1781253060,363.16626644,369.82601483,356.74707592,367.27449816,
2026-06-12 08:32:00,1781253120,367.27449816,374.19192452,363.41544764,366.84714132,
2026-06-12 08:33:00,1781253180,366.84714132,369.0568655,347.60454932,351.37706346,
2026-06-12 08:34:00,1781253240,351.37706346,364.8453557,347.5929416,364.44656281,
2026-06-12 08:35:00,1781253300,364.44656281,383.60246136,364.0013848,376.93740678,
2026-06-12 08:36:00,1781253360,376.93740678,378.21823297,370.99785769,372.09778725,
2026-06-12 08:37:00,1781253420,372.09778725,385.66309327,372.09778725,377.21069901,
2026-06-12 08:38:00,1781253480,377.21069901,380.28469023,362.87850243,363.53490733,
2026-06-12 08:39:00,1781253540,363.53490733,364.40304662,350.78363812,353.37363475,
2026-06-12 08:40:00,1781253600,353.37363475,378.62241008,352.53198695,376.4909363,
2026-06-12 08:41:00,1781253660,376.4909363,384.31456767,369.57166979,382.88821747,
2026-06-12 08:42:00,1781253720,382.88821747,398.78211377,380.43843528,393.47399968,
2026-06-12 08:43:00,1781253780,393.47399968,396.71929838,392.454445,395.21921783,
2026-06-12 08:44:00,1781253840,395.21921783,398.70697373,391.76014392,392.05387037,
2026-06-12 08:45:00,1781253900,392.05387037,405.38218742,391.18865134,405.02606382,
2026-06-12 08:46:00,1781253960,405.02606382,407.97942648,376.25879842,376.25879842,
2026-06-12 08:47:00,1781254020,376.25879842,381.66084504,360.45662108,375.31011091,
2026-06-12 08:48:00,1781254080,375.31011091,377.11523462,362.79217119,368.23302007,
2026-06-12 08:49:00,1781254140,368.23302007,379.52755868,366.46917103,377.00456644,
2026-06-12 08:50:00,1781254200,377.00456644,382.77690254,374.86000642,377.1290355,
2026-06-12 08:51:00,1781254260,377.1290355,383.17542741,367.25095043,376.72117497,
2026-06-12 08:52:00,1781254320,376.72117497,376.72117497,355.81820127,360.67946542,
2026-06-12 08:53:00,1781254380,360.67946542,363.23803382,352.94576099,356.81244294,
2026-06-12 08:54:00,1781254440,356.81244294,365.17806899,356.81244294,361.10442419,
2026-06-12 08:55:00,1781254500,361.10442419,362.74226071,354.44297564,357.90641694,
2026-06-12 08:56:00,1781254560,357.90641694,362.8735147,347.63128522,351.46030693,
2026-06-12 08:57:00,1781254620,351.46030693,353.87943981,350.12498355,352.80093926,
2026-06-12 08:58:00,1781254680,352.80093926,357.3773805,349.88613786,356.48714463,
2026-06-12 08:59:00,1781254740,356.48714463,357.20430823,348.78545565,355.66518804,
2026-06-12 09:00:00,1781254800,355.66518804,362.78612851,355.09489229,358.68675044,
2026-06-12 09:01:00,1781254860,358.68675044,358.85084676,346.48703687,349.06808388,
2026-06-12 09:02:00,1781254920,349.06808388,350.79748589,333.60512295,338.82460754,
2026-06-12 09:03:00,1781254980,338.82460754,366.30991516,338.82223215,365.06027608,
2026-06-12 09:04:00,1781255040,365.06027608,370.17256832,363.56219187,368.43366924,
2026-06-12 09:05:00,1781255100,368.43366924,368.82869302,344.32022333,360.42149597,
2026-06-12 09:06:00,1781255160,360.42149597,360.42149597,346.05171667,349.34975074,
2026-06-12 09:07:00,1781255220,349.34975074,349.75015547,322.57887217,326.8527415,
2026-06-12 09:08:00,1781255280,326.8527415,350.70411923,325.35002332,345.8590689,
2026-06-12 09:09:00,1781255340,345.8590689,345.8590689,331.27347941,336.26894798,
2026-06-12 09:10:00,1781255400,336.26894798,347.80516519,336.26894798,340.79610343,
2026-06-12 09:11:00,1781255460,340.79610343,340.83328194,323.92104253,327.39150362,
2026-06-12 09:12:00,1781255520,327.39150362,336.03882258,324.80410727,336.03882258,
2026-06-12 09:13:00,1781255580,336.03882258,338.78775982,327.6586712,327.78906504,
2026-06-12 09:14:00,1781255640,327.78906504,328.41984874,308.66888207,314.3762288,
2026-06-12 09:15:00,1781255700,314.3762288,320.8994735,309.24252272,311.49261389,
2026-06-12 09:16:00,1781255760,311.49261389,321.09691433,300.75878459,302.4942361,
2026-06-12 09:17:00,1781255820,302.4942361,321.94413936,298.99779284,315.73120958,
2026-06-12 09:18:00,1781255880,315.73120958,319.3172892,310.54379795,317.56538718,
2026-06-12 09:19:00,1781255940,317.56538718,317.60316799,304.37555809,306.08088721,
2026-06-12 09:20:00,1781256000,306.08088721,307.29544108,291.67984505,303.65162469,
2026-06-12 09:21:00,1781256060,303.65162469,305.50879624,267.83449205,268.83911794,
2026-06-12 09:22:00,1781256120,268.83911794,288.62530465,259.14351667,282.77723775,
2026-06-12 09:23:00,1781256180,282.77723775,285.77119922,278.48188232,284.24343959,
2026-06-12 09:24:00,1781256240,284.24343959,284.3397282,275.46872232,280.5418342,
2026-06-12 09:25:00,1781256300,280.5418342,282.19620553,271.03104236,271.16062027,
2026-06-12 09:26:00,1781256360,271.16062027,274.2026587,263.36746654,263.36746654,
2026-06-12 09:27:00,1781256420,263.36746654,263.93922249,249.77823339,258.39796716,
2026-06-12 09:28:00,1781256480,258.39796716,261.07771268,241.36542639,248.25364535,
2026-06-12 09:29:00,1781256540,248.25364535,254.89121675,241.94556257,250.38817282,
2026-06-12 09:30:00,1781256600,250.38817282,252.23168298,240.95792546,240.95792546,
2026-06-12 09:31:00,1781256660,240.95792546,248.8747538,239.97691877,243.56537633,
2026-06-12 09:32:00,1781256720,243.56537633,243.56537633,206.44509895,214.45227925,
2026-06-12 09:33:00,1781256780,214.45227925,219.53895649,205.91129259,211.02070147,
2026-06-12 09:34:00,1781256840,211.02070147,219.24283236,198.56117388,213.88211149,
2026-06-12 09:35:00,1781256900,213.88211149,229.55144167,213.26936407,217.39387786,
2026-06-12 09:36:00,1781256960,217.39387786,230.02738654,214.66292108,229.20582062,
2026-06-12 09:37:00,1781257020,229.20582062,232.99238711,224.6324733,231.84405052,
2026-06-12 09:38:00,1781257080,231.84405052,234.73085442,226.06778388,232.54560372,
2026-06-12 09:39:00,1781257140,232.54560372,237.21298064,229.01777479,233.69239461,
2026-06-12 09:40:00,1781257200,233.69239461,235.86311065,223.61936754,229.54043173,
2026-06-12 09:41:00,1781257260,229.54043173,242.63311842,229.51133676,241.12636697,
2026-06-12 09:42:00,1781257320,241.12636697,241.4889714,225.34917676,228.33623967,
2026-06-12 09:43:00,1781257380,228.33623967,228.33623967,220.66927097,224.19691656,
2026-06-12 09:44:00,1781257440,224.19691656,225.50253867,217.19609704,225.41652126,
2026-06-12 09:45:00,1781257500,225.41652126,243.16565186,219.92322699,222.84240066,
2026-06-12 09:46:00,1781257560,222.84240066,230.10056926,221.93663239,230.01102884,
2026-06-12 09:47:00,1781257620,230.01102884,230.01102884,211.73248679,218.02126702,
2026-06-12 09:48:00,1781257680,218.02126702,241.70331924,215.51249166,237.6563614,
2026-06-12 09:49:00,1781257740,237.6563614,241.9666496,236.80843671,240.78881127,
2026-06-12 09:50:00,1781257800,240.78881127,240.78881127,232.11210563,233.24664266,
2026-06-12 09:51:00,1781257860,233.24664266,249.47506414,233.24435846,245.11042245,
2026-06-12 09:52:00,1781257920,245.11042245,253.76168007,245.11042245,249.80613724,
2026-06-12 09:53:00,1781257980,249.80613724,253.25639802,246.01951284,250.97810804,
2026-06-12 09:54:00,1781258040,250.97810804,252.90398788,245.58690594,252.90398788,
2026-06-12 09:55:00,1781258100,252.90398788,254.88015442,232.77354453,237.59245841,
2026-06-12 09:56:00,1781258160,237.59245841,250.13668049,234.37681432,250.13668049,
2026-06-12 09:57:00,1781258220,250.13668049,250.80871631,245.09464018,246.76519386,
2026-06-12 09:58:00,1781258280,246.76519386,252.8372522,243.32221324,252.3168755,
2026-06-12 09:59:00,1781258340,252.3168755,265.97187379,251.96982323,262.7144592,
2026-06-12 10:00:00,1781258400,262.7144592,285.01039144,262.7120858,277.97772512,
2026-06-12 10:01:00,1781258460,277.97772512,278.31123876,271.13323582,271.89436725,
2026-06-12 10:02:00,1781258520,271.89436725,271.89436725,260.6962242,265.55621556,
2026-06-12 10:03:00,1781258580,265.55621556,280.15239169,263.94880764,273.00444218,
2026-06-12 10:04:00,1781258640,273.00444218,275.16641622,265.48733773,273.87489562,
2026-06-12 10:05:00,1781258700,273.87489562,280.52916252,273.87489562,279.12070503,
2026-06-12 10:06:00,1781258760,279.12070503,279.55911505,271.0984803,271.55159062,
2026-06-12 10:07:00,1781258820,271.55159062,272.51437228,260.70497465,260.70497465,
2026-06-12 10:08:00,1781258880,260.70497465,263.49508499,257.46462582,257.95043856,
2026-06-12 10:09:00,1781258940,257.95043856,265.60315966,233.52186364,233.52186364,
2026-06-12 10:10:00,1781259000,233.52186364,248.86253327,224.19164106,244.28257574,
2026-06-12 10:11:00,1781259060,244.28257574,269.64097645,242.52766721,257.71743303,
2026-06-12 10:12:00,1781259120,257.71743303,269.21394649,257.71743303,267.00021281,
2026-06-12 10:13:00,1781259180,267.00021281,267.09671244,249.66925564,254.08343419,
2026-06-12 10:14:00,1781259240,254.08343419,257.13099701,249.50103057,249.50103057,
2026-06-12 10:15:00,1781259300,249.50103057,267.22628755,249.49870102,257.74457163,
2026-06-12 10:16:00,1781259360,257.74457163,257.74457163,248.89179302,254.91998288,
2026-06-12 10:17:00,1781259420,254.91998288,257.22348366,243.35530609,248.25275005,
2026-06-12 10:18:00,1781259480,248.25275005,257.54598138,243.27540751,256.38863322,
2026-06-12 10:19:00,1781259540,256.38863322,256.56783144,248.98166853,249.20619104,
2026-06-12 10:20:00,1781259600,249.20619104,257.58503642,247.97238744,256.27427587,
2026-06-12 10:21:00,1781259660,256.27427587,256.40277302,247.77701774,248.82124281,
2026-06-12 10:22:00,1781259720,248.82124281,255.46772458,245.67540575,246.2640278,
2026-06-12 10:23:00,1781259780,246.2640278,250.19907714,243.86780296,245.80641633,
2026-06-12 10:24:00,1781259840,245.80641633,246.26632904,235.99797263,236.17744716,
2026-06-12 10:25:00,1781259900,236.17744716,292.6560138,232.83750544,288.33425783,
2026-06-12 10:26:00,1781259960,288.33425783,300.77891303,285.58290619,300.77891303,
2026-06-12 10:27:00,1781260020,300.77891303,307.4440864,294.85732026,302.9485926,
2026-06-12 10:28:00,1781260080,302.9485926,303.92981696,295.72330607,298.98996121,
2026-06-12 10:29:00,1781260140,298.98996121,309.47669267,294.9691981,297.77268719,
2026-06-12 10:30:00,1781260200,297.77268719,298.63838448,273.42139253,287.70497989,
2026-06-12 10:31:00,1781260260,287.70497989,291.68863291,280.58171198,285.69379468,
2026-06-12 10:32:00,1781260320,285.69379468,291.08428107,267.90255685,267.90255685,
2026-06-12 10:33:00,1781260380,267.90255685,279.02885302,260.49429832,274.06591495,
2026-06-12 10:34:00,1781260440,274.06591495,274.06591495,255.61124876,256.38232924,
2026-06-12 10:35:00,1781260500,256.38232924,264.99928508,249.9617167,262.24742507,
2026-06-12 10:36:00,1781260560,262.24742507,270.2964422,247.81890788,249.79641578,
2026-06-12 10:37:00,1781260620,249.79641578,263.84802974,249.79641578,254.64535576,
2026-06-12 10:38:00,1781260680,254.64535576,259.03287839,253.05609325,255.69823447,
2026-06-12 10:39:00,1781260740,255.69823447,271.99895313,249.5698097,268.31415503,
2026-06-12 10:40:00,1781260800,268.31415503,276.11843065,260.83888041,265.94368069,
2026-06-12 10:41:00,1781260860,265.94368069,277.22512825,262.07009001,276.50241398,
2026-06-12 10:42:00,1781260920,276.50241398,280.52927834,272.33411406,273.0739616,
2026-06-12 10:43:00,1781260980,273.0739616,280.80263785,272.84838821,280.06947336,
2026-06-12 10:44:00,1781261040,280.06947336,280.44654679,270.51794275,270.92212385,
2026-06-12 10:45:00,1781261100,270.92212385,277.92344505,268.56444307,268.59552084,
2026-06-12 10:46:00,1781261160,268.59552084,271.60729291,264.87440374,269.40032249,
2026-06-12 10:47:00,1781261220,269.40032249,278.25767731,267.5228397,267.62068272,
2026-06-12 10:48:00,1781261280,267.62068272,267.71855255,249.85336171,254.7225632,
2026-06-12 10:49:00,1781261340,254.7225632,264.78780781,252.42038576,258.10487214,
2026-06-12 10:50:00,1781261400,258.10487214,262.74836913,254.68972493,259.42258746,
2026-06-12 10:51:00,1781261460,259.42258746,265.43198503,257.55811703,264.81990902,
2026-06-12 10:52:00,1781261520,264.81990902,271.49559898,262.08438062,262.83997031,
2026-06-12 10:53:00,1781261580,262.83997031,263.69634692,256.66429958,261.94042609,
2026-06-12 10:54:00,1781261640,261.94042609,266.40642913,256.35989908,266.17450169,
2026-06-12 10:55:00,1781261700,266.17450169,272.56255452,260.4301293,261.2098802,
2026-06-12 10:56:00,1781261760,261.2098802,265.05241465,256.39092379,264.19017302,
2026-06-12 10:57:00,1781261820,264.19017302,280.18111078,264.18776203,265.21081367,
2026-06-12 10:58:00,1781261880,265.21081367,269.9366688,251.25241562,262.48641937,
2026-06-12 10:59:00,1781261940,262.48641937,268.23343006,258.10901436,266.52385941,
2026-06-12 11:00:00,1781262000,266.52385941,271.12205494,260.35467013,270.83356915,
2026-06-12 11:01:00,1781262060,270.83356915,270.98192717,255.48705909,255.48705909,
2026-06-12 11:02:00,1781262120,255.48705909,263.80193423,234.00941005,237.16838429,
2026-06-12 11:03:00,1781262180,237.16838429,239.35441949,211.99842037,218.07324701,
2026-06-12 11:04:00,1781262240,218.07324701,240.67335137,214.89614479,230.21597977,
2026-06-12 11:05:00,1781262300,230.21597977,235.12730175,209.37429069,213.7822761,
2026-06-12 11:06:00,1781262360,213.7822761,230.62921236,209.31578627,230.62921236,
2026-06-12 11:07:00,1781262420,230.62921236,232.71409007,221.50142511,229.80603424,
2026-06-12 11:08:00,1781262480,229.80603424,236.61475508,226.8448739,236.61475508,
2026-06-12 11:09:00,1781262540,236.61475508,250.56288122,236.55560768,248.81554067,
2026-06-12 11:10:00,1781262600,248.81554067,252.16465437,244.34667567,252.13269749,
2026-06-12 11:11:00,1781262660,252.13269749,253.32394878,241.96618427,242.6552917,
2026-06-12 11:12:00,1781262720,242.6552917,242.6552917,227.25377553,230.63361723,
2026-06-12 11:13:00,1781262780,230.63361723,232.11974072,218.78980119,226.17584966,
2026-06-12 11:14:00,1781262840,226.17584966,228.80589458,223.03680058,227.86552568,
2026-06-12 11:15:00,1781262900,227.86552568,228.74414795,221.08104118,224.29735704,
2026-06-12 11:16:00,1781262960,224.29735704,236.61877546,224.21718854,229.05298105,
2026-06-12 11:17:00,1781263020,229.05298105,239.9261565,228.9849785,238.39805951,
2026-06-12 11:18:00,1781263080,238.39805951,251.38112453,236.00537756,244.45063369,
2026-06-12 11:19:00,1781263140,244.45063369,249.38907881,243.02795345,243.64170587,
2026-06-12 11:20:00,1781263200,243.64170587,245.02622772,227.96420408,235.46915646,
2026-06-12 11:21:00,1781263260,235.46915646,238.07513519,229.66864603,230.28697911,
2026-06-12 11:22:00,1781263320,230.28697911,232.10846253,223.99348359,225.25253485,
2026-06-12 11:23:00,1781263380,225.25253485,230.74877387,220.03343961,221.38029042,
2026-06-12 11:24:00,1781263440,221.38029042,228.64032655,215.26340158,218.23884305,
2026-06-12 11:25:00,1781263500,218.23884305,225.02241091,213.78498341,222.43485792,
2026-06-12 11:26:00,1781263560,222.43485792,230.00956521,220.80761597,229.65801562,
2026-06-12 11:27:00,1781263620,229.65801562,232.51420004,229.1701006,232.51181189,
2026-06-12 11:28:00,1781263680,232.51181189,233.25750137,222.3024336,222.95877219,
2026-06-12 11:29:00,1781263740,222.95877219,232.8386621,222.50581119,232.4173964,
2026-06-12 11:30:00,1781263800,232.4173964,249.40323525,232.34036459,242.35709096,
2026-06-12 11:31:00,1781263860,242.35709096,248.31534024,230.96991149,245.12325409,
2026-06-12 11:32:00,1781263920,245.12325409,261.22752294,238.12822976,259.38436651,
2026-06-12 11:33:00,1781263980,259.38436651,262.56354993,251.44812247,256.11907034,
2026-06-12 11:34:00,1781264040,256.11907034,257.40534469,249.27319258,254.81481467,
2026-06-12 11:35:00,1781264100,254.81481467,274.39397089,251.95085246,266.00911201,
2026-06-12 11:36:00,1781264160,266.00911201,267.60888724,260.91892904,262.9148141,
2026-06-12 11:37:00,1781264220,262.9148141,269.45877621,260.93006475,267.48318976,
2026-06-12 11:38:00,1781264280,267.48318976,272.20723729,260.17052784,267.45868716,
2026-06-12 11:39:00,1781264340,267.45868716,271.61296385,261.73370557,268.88603344,
2026-06-12 11:40:00,1781264400,268.88603344,269.58930818,255.21469573,256.50782154,
2026-06-12 11:41:00,1781264460,256.50782154,260.23989266,231.02704072,239.45059658,
2026-06-12 11:42:00,1781264520,239.45059658,244.96484839,237.05969774,240.49579281,
2026-06-12 11:43:00,1781264580,240.49579281,244.45623073,233.30749707,235.47831352,
2026-06-12 11:44:00,1781264640,235.47831352,238.16457738,234.14583541,235.02715163,
2026-06-12 11:45:00,1781264700,235.02715163,235.05755,208.09085436,214.95751789,
2026-06-12 11:46:00,1781264760,214.95751789,226.41416043,214.95751789,223.17704599,
2026-06-12 11:47:00,1781264820,223.17704599,239.07994206,223.17704599,226.4037143,
2026-06-12 11:48:00,1781264880,226.4037143,228.87861878,221.81703197,225.26869461,
2026-06-12 11:49:00,1781264940,225.26869461,232.66819673,224.65218733,231.91368267,
2026-06-12 11:50:00,1781265000,231.91368267,233.30967967,228.26493165,233.1295243,
2026-06-12 11:51:00,1781265060,233.1295243,238.65181277,229.40826133,233.34215373,
2026-06-12 11:52:00,1781265120,233.34215373,233.34215373,228.72132266,229.46690411,
2026-06-12 11:53:00,1781265180,229.46690411,235.15733208,223.32145545,224.00228468,
2026-06-12 11:54:00,1781265240,224.00228468,226.03759127,223.40999215,224.20188806,
2026-06-12 11:55:00,1781265300,224.20188806,233.04461774,220.94420344,224.12242689,
2026-06-12 11:56:00,1781265360,224.12242689,237.81503534,224.12242689,230.9201379,
2026-06-12 11:57:00,1781265420,230.9201379,236.81172451,230.82811393,236.81172451,
2026-06-12 11:58:00,1781265480,236.81172451,244.70302011,235.11958837,238.39092863,
2026-06-12 11:59:00,1781265540,238.39092863,249.99399964,238.36021969,249.08296352,
2026-06-12 12:00:00,1781265600,249.08296352,281.19451259,249.08048063,279.40910151,
2026-06-12 12:01:00,1781265660,279.40910151,286.97698417,253.23634145,266.8849003,
2026-06-12 12:02:00,1781265720,266.8849003,272.5961328,247.41005536,250.79284551,
2026-06-12 12:03:00,1781265780,250.79284551,250.79284551,239.11780348,250.02143821,
2026-06-12 12:04:00,1781265840,250.02143821,281.7075555,249.20273219,274.93273997,
2026-06-12 12:05:00,1781265900,274.93273997,276.51391993,266.11820445,272.83495314,
2026-06-12 12:06:00,1781265960,272.83495314,284.18416177,262.60306618,277.79680853,
2026-06-12 12:07:00,1781266020,277.79680853,279.9824534,271.14987427,278.68041226,
2026-06-12 12:08:00,1781266080,278.68041226,279.16336339,265.89203458,268.5116484,
2026-06-12 12:09:00,1781266140,268.5116484,273.91464184,265.12513864,271.82325884,
2026-06-12 12:10:00,1781266200,271.82325884,271.92248573,256.90126265,262.78897713,
2026-06-12 12:11:00,1781266260,262.78897713,277.97876437,261.76399436,273.6890266,
2026-06-12 12:12:00,1781266320,273.6890266,286.20011686,273.6615648,286.16200299,
2026-06-12 12:13:00,1781266380,286.16200299,286.16200299,276.58418963,279.43490615,
2026-06-12 12:14:00,1781266440,279.43490615,285.58365892,277.83826447,281.39985756,
2026-06-12 12:15:00,1781266500,281.39985756,284.42408099,270.33852698,282.93905274,
2026-06-12 12:16:00,1781266560,282.93905274,288.17538008,271.17562034,274.5882989,
2026-06-12 12:17:00,1781266620,274.5882989,281.40157036,271.74996712,272.29922493,
2026-06-12 12:18:00,1781266680,272.29922493,276.70668577,269.80261563,275.51817477,
2026-06-12 12:19:00,1781266740,275.51817477,275.66065491,261.13699197,275.59109226,
2026-06-12 12:20:00,1781266800,275.59109226,291.94061413,270.48332708,291.68404825,
2026-06-12 12:21:00,1781266860,291.68404825,303.39640176,285.39833026,302.83143446,
2026-06-12 12:22:00,1781266920,302.83143446,302.83143446,280.99325789,285.39117184,
2026-06-12 12:23:00,1781266980,285.39117184,294.54381564,281.70739188,289.6957469,
2026-06-12 12:24:00,1781267040,289.6957469,302.73578864,289.65701826,301.40009461,
2026-06-12 12:25:00,1781267100,301.40009461,314.58560802,301.36031856,307.16002656,
2026-06-12 12:26:00,1781267160,307.16002656,311.63035737,305.77269578,311.6277499,
2026-06-12 12:27:00,1781267220,311.6277499,331.43953192,311.6277499,323.27556712,
2026-06-12 12:28:00,1781267280,323.27556712,336.12931019,317.47969238,328.58208208,
2026-06-12 12:29:00,1781267340,328.58208208,340.31194416,328.58208208,340.01318437,
2026-06-12 12:30:00,1781267400,340.01318437,346.29190679,320.54890061,324.15032714,
2026-06-12 12:31:00,1781267460,324.15032714,329.13888422,314.8781203,327.86979453,
2026-06-12 12:32:00,1781267520,327.86979453,327.90931947,314.87879094,321.62574025,
2026-06-12 12:33:00,1781267580,321.62574025,323.30051711,311.1470316,316.25339312,
2026-06-12 12:34:00,1781267640,316.25339312,321.06333344,304.91107379,310.99218141,
2026-06-12 12:35:00,1781267700,310.99218141,324.29680562,304.84126367,323.62043233,
2026-06-12 12:36:00,1781267760,323.62043233,332.23717322,322.25325996,332.23717322,
2026-06-12 12:37:00,1781267820,332.23717322,332.23717322,319.15698519,328.47029807,
2026-06-12 12:38:00,1781267880,328.47029807,350.66372808,328.19189281,349.76482058,
2026-06-12 12:39:00,1781267940,349.76482058,378.10660919,349.76482058,369.46010885,
2026-06-12 12:40:00,1781268000,369.46010885,383.6199056,365.65517715,367.83759148,
2026-06-12 12:41:00,1781268060,367.83759148,377.59968039,358.29740517,361.39298796,
2026-06-12 12:42:00,1781268120,361.39298796,370.86303996,354.91051139,355.88902249,
2026-06-12 12:43:00,1781268180,355.88902249,358.42955959,343.16346658,344.7255023,
2026-06-12 12:44:00,1781268240,344.7255023,381.46663711,340.84075011,364.58016726,
2026-06-12 12:45:00,1781268300,364.58016726,375.48746756,357.88316498,361.64614283,
2026-06-12 12:46:00,1781268360,361.64614283,361.89381744,337.47873282,343.40857354,
2026-06-12 12:47:00,1781268420,343.40857354,351.23312717,334.06170008,338.46744483,
2026-06-12 12:48:00,1781268480,338.46744483,348.95054787,324.93657535,327.42113036,
2026-06-12 12:49:00,1781268540,327.42113036,333.623273,318.00957871,333.623273,
2026-06-12 12:50:00,1781268600,333.623273,338.91939616,312.88596994,331.13550868,
2026-06-12 12:51:00,1781268660,331.13550868,345.11692875,328.13098188,336.8764011,
2026-06-12 12:52:00,1781268720,336.8764011,336.92678877,311.56992235,314.13242971,
2026-06-12 12:53:00,1781268780,314.13242971,325.82382083,314.13242971,325.49719919,
2026-06-12 12:54:00,1781268840,325.49719919,354.72728578,325.49451812,350.41670692,
2026-06-12 12:55:00,1781268900,350.41670692,376.96861825,341.2255772,353.39685002,
2026-06-12 12:56:00,1781268960,353.39685002,361.00652988,345.59358554,353.33190823,
2026-06-12 12:57:00,1781269020,353.33190823,353.62237447,334.75868423,337.16810472,
2026-06-12 12:58:00,1781269080,337.16810472,342.5627074,332.87067986,335.47608983,
2026-06-12 12:59:00,1781269140,335.47608983,339.57714025,321.59130436,337.83465674,
2026-06-12 13:00:00,1781269200,337.83465674,344.5059782,324.30378161,344.3302695,
2026-06-12 13:01:00,1781269260,344.3302695,353.99502384,341.88149769,348.83342052,
2026-06-12 13:02:00,1781269320,348.83342052,364.27265966,336.60866425,337.20918026,
2026-06-12 13:03:00,1781269380,337.20918026,353.34905904,337.03431031,343.75436229,
2026-06-12 13:04:00,1781269440,343.75436229,351.98560496,343.39786018,351.43517673,
2026-06-12 13:05:00,1781269500,351.43517673,352.72769999,339.68105638,342.15258554,
2026-06-12 13:06:00,1781269560,342.15258554,351.06542865,340.24394564,347.18907948,
2026-06-12 13:07:00,1781269620,347.18907948,347.18907948,333.38768886,338.90453778,
2026-06-12 13:08:00,1781269680,338.90453778,339.19601633,327.88477832,335.4242367,
2026-06-12 13:09:00,1781269740,335.4242367,335.7178719,316.01464413,335.71248369,
2026-06-12 13:10:00,1781269800,335.71248369,348.16684712,328.3134185,333.2126649,
2026-06-12 13:11:00,1781269860,333.2126649,349.41832291,332.27160095,347.65825052,
2026-06-12 13:12:00,1781269920,347.65825052,369.4958718,340.39092834,368.72751129,
2026-06-12 13:13:00,1781269980,368.72751129,375.45424691,342.37348685,342.43164861,
2026-06-12 13:14:00,1781270040,342.43164861,343.72769357,322.28931401,323.27767366,
2026-06-12 13:15:00,1781270100,323.27767366,339.90196035,320.04143615,338.81016657,
2026-06-12 13:16:00,1781270160,338.81016657,341.36071367,326.1775724,328.93044603,
2026-06-12 13:17:00,1781270220,328.93044603,336.30858972,320.91179747,331.09073754,
2026-06-12 13:18:00,1781270280,331.09073754,332.70504012,299.16634509,301.74506797,
2026-06-12 13:19:00,1781270340,301.74506797,315.46291588,300.98663041,312.82937583,
2026-06-12 13:20:00,1781270400,312.82937583,324.91456042,310.94213449,315.21581558,
2026-06-12 13:21:00,1781270460,315.21581558,328.34997444,315.09815716,323.80530737,
2026-06-12 13:22:00,1781270520,323.80530737,341.36040904,323.72539575,341.10340556,
2026-06-12 13:23:00,1781270580,341.10340556,359.38284645,337.90622429,358.55552484,
2026-06-12 13:24:00,1781270640,358.55552484,358.8966499,343.18129429,343.64047364,
2026-06-12 13:25:00,1781270700,343.64047364,355.68476643,340.4680647,354.04060994,
2026-06-12 13:26:00,1781270760,354.04060994,355.06916061,346.37839448,354.05313062,
2026-06-12 13:27:00,1781270820,354.05313062,361.65396675,351.77029039,354.78619954,
2026-06-12 13:28:00,1781270880,354.78619954,378.27762547,354.02166286,365.83054326,
2026-06-12 13:29:00,1781270940,365.83054326,365.83054326,351.35591425,355.43511321,
2026-06-12 13:30:00,1781271000,355.43511321,406.82758211,337.28495066,395.73069479,
2026-06-12 13:31:00,1781271060,395.73069479,439.3788097,388.65296992,438.70494408,
2026-06-12 13:32:00,1781271120,438.70494408,438.70494408,392.56606617,418.81593385,
2026-06-12 13:33:00,1781271180,418.81593385,438.73271215,408.28573204,438.63358151,
2026-06-12 13:34:00,1781271240,438.63358151,446.51765723,410.70791129,435.830417,
2026-06-12 13:35:00,1781271300,435.830417,448.50418671,375.50535501,384.34925809,
2026-06-12 13:36:00,1781271360,384.34925809,418.11054313,383.33110738,406.72837867,
2026-06-12 13:37:00,1781271420,406.72837867,422.89524642,390.25785745,394.81692925,
2026-06-12 13:38:00,1781271480,394.81692925,409.2563492,377.00686902,386.93065899,
2026-06-12 13:39:00,1781271540,386.93065899,398.81748827,366.73437603,366.73437603,
2026-06-12 13:40:00,1781271600,366.73437603,443.39483092,356.55817961,435.95650267,
2026-06-12 13:41:00,1781271660,435.95650267,495.72094243,429.11188516,467.04322197,
2026-06-12 13:42:00,1781271720,467.04322197,522.85771243,466.94185426,522.84630722,
2026-06-12 13:43:00,1781271780,522.84630722,529.1223936,452.10177615,465.58963521,
2026-06-12 13:44:00,1781271840,465.58963521,482.53310535,459.9281145,481.70494,
2026-06-12 13:45:00,1781271900,481.70494,490.33223274,436.7744342,481.15254702,
2026-06-12 13:46:00,1781271960,481.15254702,484.53032068,438.89043424,450.32732948,
2026-06-12 13:47:00,1781272020,450.32732948,452.97826842,432.35535249,451.34350556,
2026-06-12 13:48:00,1781272080,451.34350556,494.2323371,445.82558558,465.39483247,
2026-06-12 13:49:00,1781272140,465.39483247,472.02710103,429.41293059,438.99479529,
2026-06-12 13:50:00,1781272200,438.99479529,440.57827116,415.47422224,420.43066976,
2026-06-12 13:51:00,1781272260,420.43066976,445.09664108,405.85562603,433.58652568,
2026-06-12 13:52:00,1781272320,433.58652568,453.13576689,415.89689589,418.76629894,
2026-06-12 13:53:00,1781272380,418.76629894,460.08024205,405.64384083,459.8729631,
2026-06-12 13:54:00,1781272440,459.8729631,480.13644828,447.00925294,455.33871564,
2026-06-12 13:55:00,1781272500,455.33871564,483.85501258,455.33597677,480.62454421,
2026-06-12 13:56:00,1781272560,480.62454421,485.24223407,461.14862766,468.49683083,
2026-06-12 13:57:00,1781272620,468.49683083,471.42577398,446.19632196,456.72416911,
2026-06-12 13:58:00,1781272680,456.72416911,465.44619471,439.88754618,443.14392186,
2026-06-12 13:59:00,1781272740,443.14392186,446.91589356,410.29642395,420.16586652,
2026-06-12 14:00:00,1781272800,420.16586652,436.71421715,315.27479029,323.70976916,
2026-06-12 14:01:00,1781272860,323.70976916,340.36788807,297.9336193,317.69456587,
2026-06-12 14:02:00,1781272920,317.69456587,353.80587804,313.50595379,341.72930693,
2026-06-12 14:03:00,1781272980,341.72930693,357.66289941,303.31267727,316.50981929,
2026-06-12 14:04:00,1781273040,316.50981929,350.89338333,314.21798489,336.63296603,
2026-06-12 14:05:00,1781273100,336.63296603,364.12766307,336.63296603,355.57058162,
2026-06-12 14:06:00,1781273160,355.57058162,356.89278292,314.87932244,315.03981424,
2026-06-12 14:07:00,1781273220,315.03981424,316.59187159,266.83651525,274.2446167,
2026-06-12 14:08:00,1781273280,274.2446167,317.89654888,272.30468483,315.4748613,
2026-06-12 14:09:00,1781273340,315.4748613,322.28466753,303.56968141,309.40477632,
2026-06-12 14:10:00,1781273400,309.40477632,326.29768714,300.56678934,300.56678934,
2026-06-12 14:11:00,1781273460,300.56678934,335.94815409,300.56678934,314.65408646,
2026-06-12 14:12:00,1781273520,314.65408646,329.36475917,305.69562666,329.36475917,
2026-06-12 14:13:00,1781273580,329.36475917,346.27450438,311.62844425,340.3766284,
2026-06-12 14:14:00,1781273640,340.3766284,340.63766648,297.60294046,302.31038747,
2026-06-12 14:15:00,1781273700,302.31038747,308.17035668,277.09756172,282.81363539,
2026-06-12 14:16:00,1781273760,282.81363539,288.97264303,275.27216642,276.46011403,
2026-06-12 14:17:00,1781273820,276.46011403,284.93757532,256.48637385,283.26954016,
2026-06-12 14:18:00,1781273880,283.26954016,320.64027566,283.26954016,314.09953889,
2026-06-12 14:19:00,1781273940,314.09953889,318.10250243,300.66584394,315.20065329,
2026-06-12 14:20:00,1781274000,315.20065329,322.93021837,295.64998338,300.68783567,
2026-06-12 14:21:00,1781274060,300.68783567,326.81454768,269.96116732,322.27857898,
2026-06-12 14:22:00,1781274120,322.27857898,353.11408302,319.31415955,349.23996718,
2026-06-12 14:23:00,1781274180,349.23996718,351.61830263,320.53677409,323.1835986,
2026-06-12 14:24:00,1781274240,323.1835986,323.26888868,288.84255986,303.31712743,
2026-06-12 14:25:00,1781274300,303.31712743,305.57006645,235.69154002,244.18896998,
2026-06-12 14:26:00,1781274360,244.18896998,273.09048717,236.25143312,256.62719377,
2026-06-12 14:27:00,1781274420,256.62719377,257.50568045,221.77835715,232.37167669,
2026-06-12 14:28:00,1781274480,232.37167669,241.00918622,214.94036029,229.74462451,
2026-06-12 14:29:00,1781274540,229.74462451,232.40757077,220.20121949,223.50826331,
2026-06-12 14:30:00,1781274600,223.50826331,225.70208651,208.43438231,212.40404381,
2026-06-12 14:31:00,1781274660,212.40404381,238.98761358,202.52411413,228.51261192,
2026-06-12 14:32:00,1781274720,228.51261192,242.14176529,216.34887434,235.10258632,
2026-06-12 14:33:00,1781274780,235.10258632,248.70659863,222.4577523,229.15113108,
2026-06-12 14:34:00,1781274840,229.15113108,229.15113108,198.46930709,203.36437746,
2026-06-12 14:35:00,1781274900,203.36437746,206.64009394,185.69800257,201.90114098,
2026-06-12 14:36:00,1781274960,201.90114098,211.01027201,175.6090762,184.30402546,
2026-06-12 14:37:00,1781275020,184.30402546,202.96122479,174.38998491,191.89575758,
2026-06-12 14:38:00,1781275080,191.89575758,196.07869939,179.60764353,186.50358475,
2026-06-12 14:39:00,1781275140,186.50358475,191.98329229,177.17299326,191.44648808,
2026-06-12 14:40:00,1781275200,191.44648808,219.85642571,188.80638877,210.44921238,
2026-06-12 14:41:00,1781275260,210.44921238,232.22799324,206.20322405,222.69789137,
2026-06-12 14:42:00,1781275320,222.69789137,229.64641714,209.79981683,223.44638112,
2026-06-12 14:43:00,1781275380,223.44638112,273.10266834,222.55238225,269.15815998,
2026-06-12 14:44:00,1781275440,269.15815998,269.15815998,240.70550775,257.2703906,
2026-06-12 14:45:00,1781275500,257.2703906,269.52308448,236.30868828,243.89890406,
2026-06-12 14:46:00,1781275560,243.89890406,256.96491085,232.37659833,242.02976858,
2026-06-12 14:47:00,1781275620,242.02976858,268.86559237,235.85604575,257.69139161,
2026-06-12 14:48:00,1781275680,257.69139161,261.69841067,238.69249048,255.23190013,
2026-06-12 14:49:00,1781275740,255.23190013,271.86729523,244.50020963,247.08926284,
2026-06-12 14:50:00,1781275800,247.08926284,249.04156645,203.24386402,208.53885373,
2026-06-12 14:51:00,1781275860,208.53885373,228.8348491,203.1247981,228.8348491,
2026-06-12 14:52:00,1781275920,228.8348491,234.15775666,133.08328184,144.65717023,
2026-06-12 14:53:00,1781275980,144.65717023,148.73927681,125.77259738,146.26706259,
2026-06-12 14:54:00,1781276040,146.26706259,152.82160837,129.6377947,130.42595855,
2026-06-12 14:55:00,1781276100,130.42595855,151.4385134,118.21666529,148.15612012,
2026-06-12 14:56:00,1781276160,148.15612012,151.88577457,121.34016693,126.58010762,
2026-06-12 14:57:00,1781276220,126.58010762,139.87420679,124.23297058,128.92860877,
2026-06-12 14:58:00,1781276280,128.92860877,139.78946162,126.6612113,127.39550377,
2026-06-12 14:59:00,1781276340,127.39550377,133.34566214,124.37424026,125.22373751,
2026-06-12 15:00:00,1781276400,125.22373751,127.81220784,101.40844005,102.73284807,
2026-06-12 15:01:00,1781276460,102.73284807,105.95032832,91.11989068,97.29119509,
2026-06-12 15:02:00,1781276520,97.29119509,109.87195985,94.65697772,109.5478871,
2026-06-12 15:03:00,1781276580,109.5478871,152.85704419,103.00173917,152.00200882,
2026-06-12 15:04:00,1781276640,152.00200882,158.35249567,136.23125485,147.67859943,
2026-06-12 15:05:00,1781276700,147.67859943,149.03309031,124.16659882,124.16659882,
2026-06-12 15:06:00,1781276760,124.16659882,126.89713374,107.40577652,111.20129733,
2026-06-12 15:07:00,1781276820,111.20129733,117.27130025,94.98269452,100.83420769,
2026-06-12 15:08:00,1781276880,100.83420769,116.08753458,98.09195971,109.7516794,
2026-06-12 15:09:00,1781276940,109.7516794,115.312277,102.80438546,115.05595878,
2026-06-12 15:10:00,1781277000,115.05595878,117.59884593,87.42894529,87.42894529,
2026-06-12 15:11:00,1781277060,87.42894529,92.15547544,83.90948909,90.42167518,
2026-06-12 15:12:00,1781277120,90.42167518,103.13824791,87.32506543,88.25360773,
2026-06-12 15:13:00,1781277180,88.25360773,88.49685277,69.76859383,70.54163633,
2026-06-12 15:14:00,1781277240,70.54163633,76.97243124,69.90027692,72.94229911,
2026-06-12 15:15:00,1781277300,72.94229911,82.21761347,69.28062986,81.87976803,
2026-06-12 15:16:00,1781277360,81.87976803,87.34106959,79.2264942,80.22037581,
2026-06-12 15:17:00,1781277420,80.22037581,81.67123017,72.14436342,79.55145632,
2026-06-12 15:18:00,1781277480,79.55145632,86.98259467,76.84270821,81.47267579,
2026-06-12 15:19:00,1781277540,81.47267579,92.99793815,80.76865235,88.54621783,
2026-06-12 15:20:00,1781277600,88.54621783,97.66354412,86.36151689,94.90212922,
2026-06-12 15:21:00,1781277660,94.90212922,97.22260303,86.33761685,90.24572846,
2026-06-12 15:22:00,1781277720,90.24572846,96.63572878,84.72825222,90.95845652,
2026-06-12 15:23:00,1781277780,90.95845652,94.37622005,82.43293108,86.7913619,
2026-06-12 15:24:00,1781277840,86.7913619,87.32675741,79.92470226,82.89183685,
2026-06-12 15:25:00,1781277900,82.89183685,82.89183685,74.49837251,75.35811579,
2026-06-12 15:26:00,1781277960,75.35811579,84.76669675,74.68710233,80.6763941,
2026-06-12 15:27:00,1781278020,80.6763941,82.41602557,75.7173659,76.44915819,
2026-06-12 15:28:00,1781278080,76.44915819,93.00238037,76.13548707,91.85521673,
2026-06-12 15:29:00,1781278140,91.85521673,101.53111388,85.29937901,101.15419712,
2026-06-12 15:30:00,1781278200,101.15419712,115.64281718,100.17124928,108.41884786,
2026-06-12 15:31:00,1781278260,108.41884786,120.85975509,105.95630917,114.38828456,
2026-06-12 15:32:00,1781278320,114.38828456,121.64985795,103.72040991,119.35673977,
2026-06-12 15:33:00,1781278380,119.35673977,128.9888726,114.73419689,126.97564753,
2026-06-12 15:34:00,1781278440,126.97564753,134.73102984,123.54432553,133.42057932,
2026-06-12 15:35:00,1781278500,133.42057932,139.22425042,103.05952858,103.05952858,
2026-06-12 15:36:00,1781278560,103.05952858,122.3942154,103.00366674,118.18430394,
2026-06-12 15:37:00,1781278620,118.18430394,137.21586622,112.08730803,132.01128983,
2026-06-12 15:38:00,1781278680,132.01128983,145.46009654,125.04560235,140.39620326,
2026-06-12 15:39:00,1781278740,140.39620326,145.52804879,118.77132722,123.57168319,
2026-06-12 15:40:00,1781278800,123.57168319,139.60278898,116.90597115,137.94438212,
2026-06-12 15:41:00,1781278860,137.94438212,149.35351691,124.97648928,144.09608889,
2026-06-12 15:42:00,1781278920,144.09608889,157.8111908,139.51333071,144.14195446,
2026-06-12 15:43:00,1781278980,144.14195446,146.42876006,127.41270736,127.41270736,
2026-06-12 15:44:00,1781279040,127.41270736,137.4606839,126.76498012,130.23429605,
2026-06-12 15:45:00,1781279100,130.23429605,144.07088079,127.49057278,134.81056197,
2026-06-12 15:46:00,1781279160,134.81056197,144.50601685,122.80912266,142.67455146,
2026-06-12 15:47:00,1781279220,142.67455146,162.99941466,139.8968525,160.06883354,
2026-06-12 15:48:00,1781279280,160.06883354,183.97543544,158.49810922,176.77744139,
2026-06-12 15:49:00,1781279340,176.77744139,192.6689706,169.40248356,184.31366418,
2026-06-12 15:50:00,1781279400,184.31366418,184.31366418,162.30952169,165.23487374,
2026-06-12 15:51:00,1781279460,165.23487374,175.05840954,158.56283866,166.14065342,
2026-06-12 15:52:00,1781279520,166.14065342,168.02327496,152.90795043,153.9708545,
2026-06-12 15:53:00,1781279580,153.9708545,157.1770816,142.58583555,150.49073099,
2026-06-12 15:54:00,1781279640,150.49073099,154.44027012,139.36452052,144.40371677,
2026-06-12 15:55:00,1781279700,144.40371677,170.75619754,143.44429176,170.05417552,
2026-06-12 15:56:00,1781279760,170.05417552,196.28081718,163.78811878,184.96983278,
2026-06-12 15:57:00,1781279820,184.96983278,189.02484637,179.11761803,187.02159705,
2026-06-12 15:58:00,1781279880,187.02159705,200.1899081,184.12873255,200.18510973,
2026-06-12 15:59:00,1781279940,200.18510973,236.62022106,200.18510973,222.09699418,
2026-06-12 16:00:00,1781280000,222.09699418,227.09291349,188.02707362,199.53617238,
2026-06-12 16:01:00,1781280060,199.53617238,219.0071652,191.34101352,215.69416408,
2026-06-12 16:02:00,1781280120,215.69416408,244.11559637,211.85770674,243.50243577,
2026-06-12 16:03:00,1781280180,243.50243577,251.9581569,194.2720928,197.8328128,
2026-06-12 16:04:00,1781280240,197.8328128,198.54789008,174.25538607,191.02876475,
2026-06-12 16:05:00,1781280300,191.02876475,201.58741742,186.09062202,198.0623381,
2026-06-12 16:06:00,1781280360,198.0623381,198.22128943,164.44778303,171.55943202,
2026-06-12 16:07:00,1781280420,171.55943202,171.55943202,161.35805371,161.35805371,
