datetime,time,open,high,low,close,volume
2026-06-10 12:35:00,1781094900,2748.70007381,3030.44478966,2742.10007845,3019.04177507,
2026-06-10 12:36:00,1781094960,3019.04177507,3022.25444717,2868.45893348,2868.45893348,
2026-06-10 12:37:00,1781095020,2868.45893348,2917.36357979,2861.64364204,2913.52203447,
2026-06-10 12:38:00,1781095080,2913.52203447,2969.22926859,2866.83415931,2867.7501719,
2026-06-10 12:39:00,1781095140,2867.7501719,2940.65805957,2864.32539507,2911.56160308,
2026-06-10 12:40:00,1781095200,2911.56160308,2966.9383997,2909.22139011,2935.95192919,
2026-06-10 12:41:00,1781095260,2935.95192919,2963.33603339,2870.85426158,2908.67158789,
2026-06-10 12:42:00,1781095320,2908.67158789,2970.08688641,2877.95405627,2951.94748985,
2026-06-10 12:43:00,1781095380,2951.94748985,2955.07493707,2916.44042169,2954.99025571,
2026-06-10 12:44:00,1781095440,2954.99025571,2956.42877528,2914.07469203,2914.07469203,
2026-06-10 12:45:00,1781095500,2914.07469203,2940.16173097,2879.76505787,2925.30019077,
2026-06-10 12:46:00,1781095560,2925.30019077,2929.28313789,2844.44522954,2851.82836535,
2026-06-10 12:47:00,1781095620,2851.82836535,2876.10225343,2825.24289727,2876.10225343,
2026-06-10 12:48:00,1781095680,2876.10225343,2882.68394988,2812.94278903,2846.86211414,
2026-06-10 12:49:00,1781095740,2846.86211414,2851.59335655,2817.41624336,2830.35082679,
2026-06-10 12:50:00,1781095800,2830.35082679,2879.06528562,2827.26962285,2838.93899919,
2026-06-10 12:51:00,1781095860,2838.93899919,2892.41651151,2838.85004609,2880.58865181,
2026-06-10 12:52:00,1781095920,2880.58865181,2929.03843754,2873.39868095,2920.27240556,
2026-06-10 12:53:00,1781095980,2920.27240556,2921.63242551,2889.23361624,2892.82383848,
2026-06-10 12:54:00,1781096040,2892.82383848,2924.80925932,2871.42042892,2915.99183442,
2026-06-10 12:55:00,1781096100,2915.99183442,2942.38369939,2911.33836624,2939.80914202,
2026-06-10 12:56:00,1781096160,2939.80914202,2939.80914202,2899.15695037,2906.59479806,
2026-06-10 12:57:00,1781096220,2906.59479806,2929.18785745,2889.7471455,2925.68640039,
2026-06-10 12:58:00,1781096280,2925.68640039,2958.01642127,2925.68640039,2955.64896881,
2026-06-10 12:59:00,1781096340,2955.64896881,2996.77038739,2946.9738976,2996.40408232,
2026-06-10 13:00:00,1781096400,2996.40408232,3011.83900683,2944.51508382,2967.22471261,
2026-06-10 13:01:00,1781096460,2967.22471261,3043.23018414,2962.27004981,3041.07989473,
2026-06-10 13:02:00,1781096520,3041.07989473,3050.30219481,3024.15860684,3045.34261914,
2026-06-10 13:03:00,1781096580,3045.34261914,3053.76693203,3031.25299472,3033.600638,
2026-06-10 13:04:00,1781096640,3033.600638,3052.85019983,3017.92746365,3020.27058121,
2026-06-10 13:05:00,1781096700,3020.27058121,3045.88734326,3014.44517437,3015.39704408,
2026-06-10 13:06:00,1781096760,3015.39704408,3015.39704408,2971.31363779,2983.59875459,
2026-06-10 13:07:00,1781096820,2983.59875459,3000.04784609,2963.71760594,2989.34712283,
2026-06-10 13:08:00,1781096880,2989.34712283,2990.40625856,2955.33905786,2987.24519828,
2026-06-10 13:09:00,1781096940,2987.24519828,3001.03876811,2976.74773277,2985.41190189,
2026-06-10 13:10:00,1781097000,2985.41190189,3049.34597558,2980.81365302,3046.54459544,
2026-06-10 13:11:00,1781097060,3046.54459544,3047.45322665,3018.90441114,3027.63795002,
2026-06-10 13:12:00,1781097120,3027.63795002,3039.13778518,2979.93151881,3000.83292122,
2026-06-10 13:13:00,1781097180,3000.83292122,3016.66940967,2994.71508584,3016.66940967,
2026-06-10 13:14:00,1781097240,3016.66940967,3049.42835021,3006.72247568,3024.89139567,
2026-06-10 13:15:00,1781097300,3024.89139567,3068.7205835,3015.22832858,3056.74145618,
2026-06-10 13:16:00,1781097360,3056.74145618,3070.56115351,3036.77871643,3053.89494151,
2026-06-10 13:17:00,1781097420,3053.89494151,3077.87807914,3043.00276142,3075.9220017,
2026-06-10 13:18:00,1781097480,3075.9220017,3075.9220017,3045.61533168,3062.46394034,
2026-06-10 13:19:00,1781097540,3062.46394034,3081.15951257,3056.87499436,3062.50145942,
2026-06-10 13:20:00,1781097600,3062.50145942,3088.04239701,3053.53936234,3055.11525253,
2026-06-10 13:21:00,1781097660,3055.11525253,3058.62367462,2976.69331362,2991.84491266,
2026-06-10 13:22:00,1781097720,2991.84491266,3065.82169312,2987.2178637,3040.66315344,
2026-06-10 13:23:00,1781097780,3040.66315344,3040.66315344,3009.30611183,3012.79395868,
2026-06-10 13:24:00,1781097840,3012.79395868,3038.4340833,2997.96746228,3011.70645893,
2026-06-10 13:25:00,1781097900,3011.70645893,3085.31984465,3009.78369357,3058.37529555,
2026-06-10 13:26:00,1781097960,3058.37529555,3096.63548572,3052.80577245,3094.55762575,
2026-06-10 13:27:00,1781098020,3094.55762575,3095.35117379,2992.09364963,2994.18636042,
2026-06-10 13:28:00,1781098080,2994.18636042,3009.90428507,2963.62765095,2999.74899684,
2026-06-10 13:29:00,1781098140,2999.74899684,3019.40833821,2988.4464939,2995.96858847,
2026-06-10 13:30:00,1781098200,2995.96858847,3051.11203289,2830.40480936,2841.60442425,
2026-06-10 13:31:00,1781098260,2841.60442425,2887.18930558,2772.58865362,2800.66981362,
2026-06-10 13:32:00,1781098320,2800.66981362,2891.24601447,2785.35319429,2861.72914517,
2026-06-10 13:33:00,1781098380,2861.72914517,2914.17517358,2834.40564383,2857.51267605,
2026-06-10 13:34:00,1781098440,2857.51267605,2863.87337147,2779.7344771,2801.3122323,
2026-06-10 13:35:00,1781098500,2801.3122323,2828.29288882,2700.22117755,2742.30727272,
2026-06-10 13:36:00,1781098560,2742.30727272,2759.58404817,2639.47122899,2672.79268852,
2026-06-10 13:37:00,1781098620,2672.79268852,2672.79268852,2475.61125974,2485.22755592,
2026-06-10 13:38:00,1781098680,2485.22755592,2556.96627973,2475.90785038,2521.65496321,
2026-06-10 13:39:00,1781098740,2521.65496321,2545.00865111,2465.24577446,2468.28846776,
2026-06-10 13:40:00,1781098800,2468.28846776,2524.30449379,2421.12140985,2454.12239766,
2026-06-10 13:41:00,1781098860,2454.12239766,2553.78614145,2443.4642026,2540.8047545,
2026-06-10 13:42:00,1781098920,2540.8047545,2557.22435363,2421.50198085,2489.58256158,
2026-06-10 13:43:00,1781098980,2489.58256158,2493.18750962,2346.89282886,2359.09645752,
2026-06-10 13:44:00,1781099040,2359.09645752,2400.42923012,2293.39728795,2293.39728795,
2026-06-10 13:45:00,1781099100,2293.39728795,2425.90917136,2284.15859144,2359.9624665,
2026-06-10 13:46:00,1781099160,2359.9624665,2413.75729291,2352.44774171,2413.59787216,
2026-06-10 13:47:00,1781099220,2413.59787216,2424.59502136,2310.0920979,2354.6495859,
2026-06-10 13:48:00,1781099280,2354.6495859,2385.11720481,2297.89269605,2302.58392804,
2026-06-10 13:49:00,1781099340,2302.58392804,2312.7576012,2240.29589073,2251.81811708,
2026-06-10 13:50:00,1781099400,2251.81811708,2373.98325918,2245.3082792,2350.72729841,
2026-06-10 13:51:00,1781099460,2350.72729841,2412.75938995,2334.5990208,2411.98484626,
2026-06-10 13:52:00,1781099520,2411.98484626,2413.19937601,2347.35897812,2409.86483675,
2026-06-10 13:53:00,1781099580,2409.86483675,2446.82748117,2386.63666286,2437.12227322,
2026-06-10 13:54:00,1781099640,2437.12227322,2451.71106205,2384.56556508,2424.62703006,
2026-06-10 13:55:00,1781099700,2424.62703006,2443.80297104,2391.92626224,2416.58156772,
2026-06-10 13:56:00,1781099760,2416.58156772,2471.89663893,2405.58771254,2471.40405886,
2026-06-10 13:57:00,1781099820,2471.40405886,2483.91276402,2399.92351309,2454.3530165,
2026-06-10 13:58:00,1781099880,2454.3530165,2542.66607502,2454.3530165,2530.67218764,
2026-06-10 13:59:00,1781099940,2530.67218764,2530.67218764,2472.9475416,2477.45905786,
2026-06-10 14:00:00,1781100000,2477.45905786,2536.2943762,2464.02883553,2524.20102171,
2026-06-10 14:01:00,1781100060,2524.20102171,2576.38165797,2506.08598539,2574.37735911,
2026-06-10 14:02:00,1781100120,2574.37735911,2586.85780674,2504.22769873,2506.94599593,
2026-06-10 14:03:00,1781100180,2506.94599593,2527.52140335,2414.05455339,2430.87169027,
2026-06-10 14:04:00,1781100240,2430.87169027,2463.26813191,2416.02217916,2425.54916765,
2026-06-10 14:05:00,1781100300,2425.54916765,2473.2853534,2410.307978,2452.27010938,
2026-06-10 14:06:00,1781100360,2452.27010938,2465.48971252,2398.32412044,2422.72416383,
2026-06-10 14:07:00,1781100420,2422.72416383,2457.21369815,2404.50106544,2451.57188635,
2026-06-10 14:08:00,1781100480,2451.57188635,2469.3548919,2382.9313679,2382.9313679,
2026-06-10 14:09:00,1781100540,2382.9313679,2421.87265915,2382.93009215,2415.68765322,
2026-06-10 14:10:00,1781100600,2415.68765322,2476.29628258,2399.7104869,2452.06844085,
2026-06-10 14:11:00,1781100660,2452.06844085,2466.90819999,2425.70224997,2441.80894462,
2026-06-10 14:12:00,1781100720,2441.80894462,2450.94746133,2422.85732168,2447.21997942,
2026-06-10 14:13:00,1781100780,2447.21997942,2560.96553279,2444.4244092,2488.38315246,
2026-06-10 14:14:00,1781100840,2488.38315246,2594.52874235,2486.69152901,2594.10836952,
2026-06-10 14:15:00,1781100900,2594.10836952,2667.38985626,2584.22092499,2662.60391531,
2026-06-10 14:16:00,1781100960,2662.60391531,2674.16148059,2526.23409253,2528.48347677,
2026-06-10 14:17:00,1781101020,2528.48347677,2640.76441057,2528.48347677,2633.05870234,
2026-06-10 14:18:00,1781101080,2633.05870234,2692.36953632,2627.47494775,2656.53912453,
2026-06-10 14:19:00,1781101140,2656.53912453,2702.14951254,2644.82367022,2648.53013405,
2026-06-10 14:20:00,1781101200,2648.53013405,2682.55111462,2607.48817203,2682.55111462,
2026-06-10 14:21:00,1781101260,2682.55111462,2704.985032,2636.45153583,2650.98348587,
2026-06-10 14:22:00,1781101320,2650.98348587,2661.40846366,2561.9481739,2580.64596537,
2026-06-10 14:23:00,1781101380,2580.64596537,2619.74067683,2550.92253999,2561.96482839,
2026-06-10 14:24:00,1781101440,2561.96482839,2571.7449757,2449.02362722,2456.88312939,
2026-06-10 14:25:00,1781101500,2456.88312939,2590.40093934,2436.6829181,2565.97408129,
2026-06-10 14:26:00,1781101560,2565.97408129,2568.00007685,2512.908605,2530.96402063,
2026-06-10 14:27:00,1781101620,2530.96402063,2530.96402063,2469.29833726,2469.96392001,
2026-06-10 14:28:00,1781101680,2469.96392001,2551.74890864,2456.85110265,2521.54274845,
2026-06-10 14:29:00,1781101740,2521.54274845,2563.27249685,2510.90206409,2528.63587422,
2026-06-10 14:30:00,1781101800,2528.63587422,2572.59388658,2516.2799682,2545.94691881,
2026-06-10 14:31:00,1781101860,2545.94691881,2686.07735462,2545.94691881,2686.07735462,
2026-06-10 14:32:00,1781101920,2686.07735462,2709.03299412,2601.90925715,2601.90925715,
2026-06-10 14:33:00,1781101980,2601.90925715,2656.64214771,2562.94967663,2575.4117829,
2026-06-10 14:34:00,1781102040,2575.4117829,2613.38939162,2537.20619084,2547.58715104,
2026-06-10 14:35:00,1781102100,2547.58715104,2610.96686052,2545.15623656,2604.42961992,
2026-06-10 14:36:00,1781102160,2604.42961992,2656.41244564,2604.25907611,2630.68431047,
2026-06-10 14:37:00,1781102220,2630.68431047,2728.57935301,2628.53886664,2706.76244631,
2026-06-10 14:38:00,1781102280,2706.76244631,2723.29896051,2677.88558415,2704.56963215,
2026-06-10 14:39:00,1781102340,2704.56963215,2708.37833757,2635.98102571,2636.82458357,
2026-06-10 14:40:00,1781102400,2636.82458357,2645.74789833,2562.50982328,2564.22533579,
2026-06-10 14:41:00,1781102460,2564.22533579,2566.67379641,2470.69015053,2492.5654831,
2026-06-10 14:42:00,1781102520,2492.5654831,2557.06325256,2471.56309781,2556.97869913,
2026-06-10 14:43:00,1781102580,2556.97869913,2560.1068061,2509.57432624,2548.29051867,
2026-06-10 14:44:00,1781102640,2548.29051867,2617.40874926,2535.1019994,2617.40874926,
2026-06-10 14:45:00,1781102700,2617.40874926,2661.35484334,2582.45166958,2615.08480078,
2026-06-10 14:46:00,1781102760,2615.08480078,2635.64935741,2607.80014518,2621.14053574,
2026-06-10 14:47:00,1781102820,2621.14053574,2625.87346132,2543.62072673,2574.89581556,
2026-06-10 14:48:00,1781102880,2574.89581556,2630.59453575,2557.63600847,2618.21202228,
2026-06-10 14:49:00,1781102940,2618.21202228,2681.32599587,2609.93234418,2617.09161685,
2026-06-10 14:50:00,1781103000,2617.09161685,2675.65321559,2584.93943704,2624.7589462,
2026-06-10 14:51:00,1781103060,2624.7589462,2651.69798645,2587.92918417,2634.08262688,
2026-06-10 14:52:00,1781103120,2634.08262688,2681.19063541,2633.14420616,2668.42292349,
2026-06-10 14:53:00,1781103180,2668.42292349,2683.69098407,2647.04435137,2657.57946501,
2026-06-10 14:54:00,1781103240,2657.57946501,2661.53282387,2613.91149541,2640.50049007,
2026-06-10 14:55:00,1781103300,2640.50049007,2679.18034401,2586.37025704,2672.01785343,
2026-06-10 14:56:00,1781103360,2672.01785343,2698.74474655,2651.98925349,2667.90001408,
2026-06-10 14:57:00,1781103420,2667.90001408,2730.45694865,2648.48194798,2661.2566275,
2026-06-10 14:58:00,1781103480,2661.2566275,2666.58059442,2507.53121494,2515.13515131,
2026-06-10 14:59:00,1781103540,2515.13515131,2525.3164384,2400.74263335,2404.44781357,
2026-06-10 15:00:00,1781103600,2404.44781357,2444.88217018,2335.70490978,2347.80626286,
2026-06-10 15:01:00,1781103660,2347.80626286,2370.08590813,2221.86300184,2265.36839298,
2026-06-10 15:02:00,1781103720,2265.36839298,2335.20429352,2247.80217743,2300.43610462,
2026-06-10 15:03:00,1781103780,2300.43610462,2340.32053739,2259.02215968,2319.4178411,
2026-06-10 15:04:00,1781103840,2319.4178411,2457.75908541,2303.5035311,2421.23807263,
2026-06-10 15:05:00,1781103900,2421.23807263,2567.84913629,2421.23807263,2567.76318641,
2026-06-10 15:06:00,1781103960,2567.76318641,2595.7336917,2519.03604052,2595.7336917,
2026-06-10 15:07:00,1781104020,2595.7336917,2617.21413267,2526.7962322,2530.51402306,
2026-06-10 15:08:00,1781104080,2530.51402306,2623.02679449,2530.51402306,2588.59380494,
2026-06-10 15:09:00,1781104140,2588.59380494,2618.3802569,2557.54154818,2617.69322291,
2026-06-10 15:10:00,1781104200,2617.69322291,2630.31930562,2596.56169962,2601.29583944,
2026-06-10 15:11:00,1781104260,2601.29583944,2684.43176426,2597.44706495,2643.81791051,
2026-06-10 15:12:00,1781104320,2643.81791051,2662.75801049,2618.38269486,2618.38269486,
2026-06-10 15:13:00,1781104380,2618.38269486,2622.38294127,2535.55559085,2555.00998656,
2026-06-10 15:14:00,1781104440,2555.00998656,2620.44206906,2552.74825762,2618.9977061,
2026-06-10 15:15:00,1781104500,2618.9977061,2689.05140216,2618.9977061,2677.66509077,
2026-06-10 15:16:00,1781104560,2677.66509077,2696.17708262,2596.15719723,2611.96841875,
2026-06-10 15:17:00,1781104620,2611.96841875,2614.42201914,2568.36273436,2584.34262021,
2026-06-10 15:18:00,1781104680,2584.34262021,2646.94886356,2584.34262021,2606.01498974,
2026-06-10 15:19:00,1781104740,2606.01498974,2606.52598168,2475.7452028,2483.16544041,
2026-06-10 15:20:00,1781104800,2483.16544041,2504.66654425,2410.46217608,2417.52139746,
2026-06-10 15:21:00,1781104860,2417.52139746,2420.00694262,2319.11916549,2351.04561235,
2026-06-10 15:22:00,1781104920,2351.04561235,2406.39375542,2326.1186008,2372.63929953,
2026-06-10 15:23:00,1781104980,2372.63929953,2379.96801554,2301.88032962,2306.07343843,
2026-06-10 15:24:00,1781105040,2306.07343843,2343.21336232,2275.40505062,2319.86915686,
2026-06-10 15:25:00,1781105100,2319.86915686,2322.96487043,2275.86342858,2317.02784146,
2026-06-10 15:26:00,1781105160,2317.02784146,2350.81541048,2310.5398828,2330.97266279,
2026-06-10 15:27:00,1781105220,2330.97266279,2365.46283213,2330.97144805,2336.20744803,
2026-06-10 15:28:00,1781105280,2336.20744803,2336.36958512,2280.36346049,2320.21814166,
2026-06-10 15:29:00,1781105340,2320.21814166,2356.22165701,2300.11356723,2356.1477794,
2026-06-10 15:30:00,1781105400,2356.1477794,2369.02248449,2268.33724627,2286.96694273,
2026-06-10 15:31:00,1781105460,2286.96694273,2317.99647903,2252.45137812,2307.14427659,
2026-06-10 15:32:00,1781105520,2307.14427659,2326.76616134,2285.71310528,2306.45902884,
2026-06-10 15:33:00,1781105580,2306.45902884,2329.94010785,2264.21020722,2318.13412245,
2026-06-10 15:34:00,1781105640,2318.13412245,2333.11948601,2271.66482012,2313.27474705,
2026-06-10 15:35:00,1781105700,2313.27474705,2324.90098855,2290.93330951,2320.37886806,
2026-06-10 15:36:00,1781105760,2320.37886806,2327.73941706,2264.10154244,2279.45486186,
2026-06-10 15:37:00,1781105820,2279.45486186,2307.86669671,2275.18024294,2292.43874979,
2026-06-10 15:38:00,1781105880,2292.43874979,2388.41547421,2292.43753722,2383.14211603,
2026-06-10 15:39:00,1781105940,2383.14211603,2409.07931122,2316.35229194,2336.49510372,
2026-06-10 15:40:00,1781106000,2336.49510372,2378.6976049,2336.19767756,2378.6976049,
2026-06-10 15:41:00,1781106060,2378.6976049,2396.48495616,2316.1621491,2326.57106185,
2026-06-10 15:42:00,1781106120,2326.57106185,2353.61235017,2274.28825739,2341.02372108,
2026-06-10 15:43:00,1781106180,2341.02372108,2341.02372108,2271.64090103,2280.47115842,
2026-06-10 15:44:00,1781106240,2280.47115842,2280.47115842,2218.22590928,2242.96228434,
2026-06-10 15:45:00,1781106300,2242.96228434,2285.49125078,2225.78601769,2229.32298488,
2026-06-10 15:46:00,1781106360,2229.32298488,2229.32298488,2097.2963504,2123.37847916,
2026-06-10 15:47:00,1781106420,2123.37847916,2305.63201957,2123.03959731,2302.89671871,
2026-06-10 15:48:00,1781106480,2302.89671871,2446.21677381,2287.21287857,2446.21677381,
2026-06-10 15:49:00,1781106540,2446.21677381,2453.91864709,2299.91327828,2311.88258577,
2026-06-10 15:50:00,1781106600,2311.88258577,2371.92070591,2233.64838195,2314.5516696,
2026-06-10 15:51:00,1781106660,2314.5516696,2317.25808189,2193.83198858,2280.21890721,
2026-06-10 15:52:00,1781106720,2280.21890721,2312.10965607,2163.58985901,2167.17441476,
2026-06-10 15:53:00,1781106780,2167.17441476,2204.21391963,2014.83428985,2020.59830026,
2026-06-10 15:54:00,1781106840,2020.59830026,2031.95039572,1875.73775,1908.71889377,
2026-06-10 15:55:00,1781106900,1908.71889377,2030.4370019,1888.58050646,2020.37418136,
2026-06-10 15:56:00,1781106960,2020.37418136,2063.05163297,1998.45282859,2061.6551243,
2026-06-10 15:57:00,1781107020,2061.6551243,2063.82412256,1956.50045198,1986.10438897,
2026-06-10 15:58:00,1781107080,1986.10438897,2050.57760672,1981.20256848,2046.25217987,
2026-06-10 15:59:00,1781107140,2046.25217987,2076.36145456,2044.55322135,2053.74434827,
2026-06-10 16:00:00,1781107200,2053.74434827,2105.11676033,2040.74344403,2105.03839592,
2026-06-10 16:01:00,1781107260,2105.03839592,2156.06315677,2090.72746147,2130.64396819,
2026-06-10 16:02:00,1781107320,2130.64396819,2152.7472391,2120.45211103,2140.42574304,
2026-06-10 16:03:00,1781107380,2140.42574304,2173.69083155,2113.6319262,2154.93463981,
2026-06-10 16:04:00,1781107440,2154.93463981,2196.09764801,2133.75687886,2192.58354723,
2026-06-10 16:05:00,1781107500,2192.58354723,2201.33843559,2144.95506185,2191.12212016,
2026-06-10 16:06:00,1781107560,2191.12212016,2205.76202643,2101.49507176,2109.80740446,
2026-06-10 16:07:00,1781107620,2109.80740446,2135.59200916,2065.5632665,2128.57571947,
2026-06-10 16:08:00,1781107680,2128.57571947,2236.04933398,2123.45621566,2236.04933398,
2026-06-10 16:09:00,1781107740,2236.04933398,2243.94302173,2175.50668988,2186.27925762,
2026-06-10 16:10:00,1781107800,2186.27925762,2270.49192044,2170.10627428,2260.73114424,
2026-06-10 16:11:00,1781107860,2260.73114424,2276.00103177,2224.88175345,2243.81928167,
2026-06-10 16:12:00,1781107920,2243.81928167,2250.16282582,2192.19648578,2243.20844878,
2026-06-10 16:13:00,1781107980,2243.20844878,2277.412882,2240.46624414,2259.27400169,
2026-06-10 16:14:00,1781108040,2259.27400169,2304.24791665,2249.09879277,2285.6222646,
2026-06-10 16:15:00,1781108100,2285.6222646,2290.65204023,2210.41381081,2235.19304207,
2026-06-10 16:16:00,1781108160,2235.19304207,2276.31516756,2200.68749157,2238.67292281,
2026-06-10 16:17:00,1781108220,2238.67292281,2300.79262179,2200.5851699,2297.40045009,
2026-06-10 16:18:00,1781108280,2297.40045009,2310.80369957,2283.20373193,2298.41685463,
2026-06-10 16:19:00,1781108340,2298.41685463,2308.84753549,2286.4277621,2301.32287897,
2026-06-10 16:20:00,1781108400,2301.32287897,2327.06850367,2278.63828053,2326.98565485,
2026-06-10 16:21:00,1781108460,2326.98565485,2357.15282256,2286.6182914,2286.82258392,
2026-06-10 16:22:00,1781108520,2286.82258392,2326.43955325,2251.22078674,2325.78584608,
2026-06-10 16:23:00,1781108580,2325.78584608,2337.26819982,2302.82451661,2314.01526627,
2026-06-10 16:24:00,1781108640,2314.01526627,2387.64137574,2314.01526627,2378.71596114,
2026-06-10 16:25:00,1781108700,2378.71596114,2483.57351689,2351.5202475,2430.22120549,
2026-06-10 16:26:00,1781108760,2430.22120549,2431.38332031,2371.52738907,2393.93041535,
2026-06-10 16:27:00,1781108820,2393.93041535,2394.09573485,2330.66475294,2349.04247207,
2026-06-10 16:28:00,1781108880,2349.04247207,2371.54846233,2315.67123017,2349.63795802,
2026-06-10 16:29:00,1781108940,2349.63795802,2365.2791424,2329.83935973,2329.83935973,
2026-06-10 16:30:00,1781109000,2329.83935973,2361.4527423,2306.95115007,2361.3040096,
2026-06-10 16:31:00,1781109060,2361.3040096,2410.90054756,2348.15518635,2385.12166588,
2026-06-10 16:32:00,1781109120,2385.12166588,2439.20946332,2333.18575064,2358.90585623,
2026-06-10 16:33:00,1781109180,2358.90585623,2364.87485739,2326.835119,2364.87485739,
2026-06-10 16:34:00,1781109240,2364.87485739,2382.51894084,2233.41483089,2234.21825147,
2026-06-10 16:35:00,1781109300,2234.21825147,2291.22038453,2221.13708964,2264.05929193,
2026-06-10 16:36:00,1781109360,2264.05929193,2313.46982183,2245.66356945,2293.45680498,
2026-06-10 16:37:00,1781109420,2293.45680498,2295.25961829,2237.3298971,2278.81934522,
2026-06-10 16:38:00,1781109480,2278.81934522,2333.19686875,2256.06026151,2282.58710578,
2026-06-10 16:39:00,1781109540,2282.58710578,2335.29286017,2282.58710578,2314.70320332,
2026-06-10 16:40:00,1781109600,2314.70320332,2329.77668788,2267.75578333,2294.83061777,
2026-06-10 16:41:00,1781109660,2294.83061777,2357.7548321,2277.45215436,2353.24909878,
2026-06-10 16:42:00,1781109720,2353.24909878,2371.893087,2332.43033008,2339.65049996,
2026-06-10 16:43:00,1781109780,2339.65049996,2366.1451495,2321.12931719,2360.81818174,
2026-06-10 16:44:00,1781109840,2360.81818174,2385.17872492,2345.33104071,2381.41489128,
2026-06-10 16:45:00,1781109900,2381.41489128,2433.73756244,2381.3323523,2423.2042467,
2026-06-10 16:46:00,1781109960,2423.2042467,2504.14000391,2391.08628262,2486.66971068,
2026-06-10 16:47:00,1781110020,2486.66971068,2568.25473027,2468.54101376,2566.3787334,
2026-06-10 16:48:00,1781110080,2566.3787334,2605.58354704,2506.88212206,2563.50685084,
2026-06-10 16:49:00,1781110140,2563.50685084,2596.98792075,2551.78732384,2575.59026755,
2026-06-10 16:50:00,1781110200,2575.59026755,2633.56937587,2561.08024185,2592.6059352,
2026-06-10 16:51:00,1781110260,2592.6059352,2629.72027036,2535.69874554,2538.06925814,
2026-06-10 16:52:00,1781110320,2538.06925814,2545.49954602,2425.08346385,2425.08346385,
2026-06-10 16:53:00,1781110380,2425.08346385,2478.020607,2420.61493745,2462.94587963,
2026-06-10 16:54:00,1781110440,2462.94587963,2462.94587963,2393.37781281,2428.03642333,
2026-06-10 16:55:00,1781110500,2428.03642333,2509.10338874,2423.73021892,2498.06123303,
2026-06-10 16:56:00,1781110560,2498.06123303,2501.83751819,2450.06884962,2450.06884962,
2026-06-10 16:57:00,1781110620,2450.06884962,2483.49528534,2417.33444953,2417.91782347,
2026-06-10 16:58:00,1781110680,2417.91782347,2428.7813408,2400.40177651,2411.20507826,
2026-06-10 16:59:00,1781110740,2411.20507826,2413.36791762,2369.36317416,2375.17855274,
2026-06-10 17:00:00,1781110800,2375.17855274,2400.74874281,2341.4028116,2390.18633565,
2026-06-10 17:01:00,1781110860,2390.18633565,2396.76094598,2346.35166535,2349.80668372,
2026-06-10 17:02:00,1781110920,2349.80668372,2358.26251314,2280.39484077,2296.1536867,
2026-06-10 17:03:00,1781110980,2296.1536867,2317.3740976,2279.52314025,2305.2552435,
2026-06-10 17:04:00,1781111040,2305.2552435,2309.18686657,2255.16796516,2261.06006673,
2026-06-10 17:05:00,1781111100,2261.06006673,2336.24592609,2259.91972468,2332.28092897,
2026-06-10 17:06:00,1781111160,2332.28092897,2359.72243224,2315.41646149,2317.67693136,
2026-06-10 17:07:00,1781111220,2317.67693136,2395.05419207,2295.13899996,2369.59430476,
2026-06-10 17:08:00,1781111280,2369.59430476,2423.75598983,2368.92911232,2409.40390876,
2026-06-10 17:09:00,1781111340,2409.40390876,2447.6086912,2387.76985264,2406.76326314,
2026-06-10 17:10:00,1781111400,2406.76326314,2548.54266251,2404.33730856,2539.33358251,
2026-06-10 17:11:00,1781111460,2539.33358251,2549.39643228,2461.11326997,2477.11889929,
2026-06-10 17:12:00,1781111520,2477.11889929,2537.30746581,2468.04610329,2497.51663665,
2026-06-10 17:13:00,1781111580,2497.51663665,2498.61858482,2456.75487582,2478.3387665,
2026-06-10 17:14:00,1781111640,2478.3387665,2511.64062229,2475.49751966,2475.94433192,
2026-06-10 17:15:00,1781111700,2475.94433192,2498.46484632,2438.23995915,2456.43739635,
2026-06-10 17:16:00,1781111760,2456.43739635,2471.45865093,2401.00633915,2431.60737534,
2026-06-10 17:17:00,1781111820,2431.60737534,2464.5141332,2386.17322832,2458.09992841,
2026-06-10 17:18:00,1781111880,2458.09992841,2458.09992841,2404.13410186,2429.4898105,
2026-06-10 17:19:00,1781111940,2429.4898105,2462.46756721,2420.3791073,2421.47736122,
2026-06-10 17:20:00,1781112000,2421.47736122,2462.9557324,2414.53635062,2415.26577358,
2026-06-10 17:21:00,1781112060,2415.26577358,2501.86357824,2414.08672003,2451.17545181,
2026-06-10 17:22:00,1781112120,2451.17545181,2532.32733624,2451.17545181,2517.04021409,
2026-06-10 17:23:00,1781112180,2517.04021409,2519.58383405,2481.64851162,2493.04906258,
2026-06-10 17:24:00,1781112240,2493.04906258,2499.30299354,2433.99730198,2461.51294937,
2026-06-10 17:25:00,1781112300,2461.51294937,2472.55611683,2412.58694649,2438.85365369,
2026-06-10 17:26:00,1781112360,2438.85365369,2530.60701194,2438.85365369,2499.02119633,
2026-06-10 17:27:00,1781112420,2499.02119633,2540.72178349,2472.77444889,2517.01896146,
2026-06-10 17:28:00,1781112480,2517.01896146,2540.69256657,2516.93353091,2536.55642598,
2026-06-10 17:29:00,1781112540,2536.55642598,2652.27362365,2536.55642598,2635.07693942,
2026-06-10 17:30:00,1781112600,2635.07693942,2687.17368759,2612.06008055,2677.71302964,
2026-06-10 17:31:00,1781112660,2677.71302964,2738.8775746,2650.67115883,2738.8775746,
2026-06-10 17:32:00,1781112720,2738.8775746,2840.88286292,2710.10517927,2800.31038385,
2026-06-10 17:33:00,1781112780,2800.31038385,2800.31038385,2688.63047927,2688.71760162,
2026-06-10 17:34:00,1781112840,2688.71760162,2714.71606372,2635.43093986,2696.95648115,
2026-06-10 17:35:00,1781112900,2696.95648115,2746.45088096,2680.72364921,2746.45088096,
2026-06-10 17:36:00,1781112960,2746.45088096,2803.50694304,2721.87007269,2791.13219389,
2026-06-10 17:37:00,1781113020,2791.13219389,2791.13219389,2712.49573228,2737.35919697,
2026-06-10 17:38:00,1781113080,2737.35919697,2826.65622273,2737.35919697,2796.75130482,
2026-06-10 17:39:00,1781113140,2796.75130482,2803.17289812,2746.52789543,2765.50685025,
2026-06-10 17:40:00,1781113200,2765.50685025,2835.50137629,2702.04787972,2790.93595393,
2026-06-10 17:41:00,1781113260,2790.93595393,2868.21475368,2775.25634957,2831.94782715,
2026-06-10 17:42:00,1781113320,2831.94782715,2872.1247171,2816.0449138,2816.48353822,
2026-06-10 17:43:00,1781113380,2816.48353822,2827.50612463,2692.82641313,2698.63310116,
2026-06-10 17:44:00,1781113440,2698.63310116,2794.08458753,2697.85284454,2791.10777983,
2026-06-10 17:45:00,1781113500,2791.10777983,2813.8133783,2739.77400059,2748.20244382,
2026-06-10 17:46:00,1781113560,2748.20244382,2749.76844218,2653.1317938,2663.09615333,
2026-06-10 17:47:00,1781113620,2663.09615333,2691.55114203,2618.47648959,2632.4796352,
2026-06-10 17:48:00,1781113680,2632.4796352,2633.43200777,2562.43248537,2575.54191651,
2026-06-10 17:49:00,1781113740,2575.54191651,2590.91858473,2525.49481229,2528.87108506,
2026-06-10 17:50:00,1781113800,2528.87108506,2712.05193694,2526.16813729,2654.35587691,
2026-06-10 17:51:00,1781113860,2654.35587691,2666.52867518,2605.06851099,2619.09651852,
2026-06-10 17:52:00,1781113920,2619.09651852,2703.17171165,2617.37923246,2701.63130268,
2026-06-10 17:53:00,1781113980,2701.63130268,2707.42898637,2663.79676526,2669.02877402,
2026-06-10 17:54:00,1781114040,2669.02877402,2685.2808131,2627.72016921,2660.31460641,
2026-06-10 17:55:00,1781114100,2660.31460641,2660.82957381,2588.63896402,2625.64535062,
2026-06-10 17:56:00,1781114160,2625.64535062,2645.51521179,2589.0347978,2591.31368655,
2026-06-10 17:57:00,1781114220,2591.31368655,2640.29918216,2589.46053063,2635.86947386,
2026-06-10 17:58:00,1781114280,2635.86947386,2635.86947386,2559.62079553,2576.80516489,
2026-06-10 17:59:00,1781114340,2576.80516489,2599.92242721,2561.35628258,2589.10103541,
2026-06-10 18:00:00,1781114400,2589.10103541,2591.933292,2539.02306215,2566.51563301,
2026-06-10 18:01:00,1781114460,2566.51563301,2616.34850587,2542.51083517,2601.2615624,
2026-06-10 18:02:00,1781114520,2601.2615624,2616.37174033,2515.92405989,2522.35433772,
2026-06-10 18:03:00,1781114580,2522.35433772,2550.10285719,2498.37851622,2505.75422369,
2026-06-10 18:04:00,1781114640,2505.75422369,2520.57271914,2464.82100292,2477.12824712,
2026-06-10 18:05:00,1781114700,2477.12824712,2487.55794155,2446.75336608,2450.97486441,
2026-06-10 18:06:00,1781114760,2450.97486441,2542.87352483,2428.32262463,2542.75054782,
2026-06-10 18:07:00,1781114820,2542.75054782,2611.35936159,2542.75054782,2605.01008949,
2026-06-10 18:08:00,1781114880,2605.01008949,2605.18202321,2518.5476646,2537.63870881,
2026-06-10 18:09:00,1781114940,2537.63870881,2579.56101432,2530.73655025,2559.39072166,
2026-06-10 18:10:00,1781115000,2559.39072166,2630.02844669,2555.86533433,2624.13006044,
2026-06-10 18:11:00,1781115060,2624.13006044,2631.95598471,2563.55920533,2565.12234755,
2026-06-10 18:12:00,1781115120,2565.12234755,2576.44167786,2544.71774351,2571.02883918,
2026-06-10 18:13:00,1781115180,2571.02883918,2632.37523986,2564.42438861,2610.98897824,
2026-06-10 18:14:00,1781115240,2610.98897824,2610.98897824,2580.67027153,2589.68848363,
2026-06-10 18:15:00,1781115300,2589.68848363,2596.74098137,2553.27225927,2577.81936954,
2026-06-10 18:16:00,1781115360,2577.81936954,2587.37215892,2552.24508964,2572.71668935,
2026-06-10 18:17:00,1781115420,2572.71668935,2657.57619053,2572.71668935,2653.71110185,
2026-06-10 18:18:00,1781115480,2653.71110185,2659.74025695,2624.86813065,2633.41015806,
2026-06-10 18:19:00,1781115540,2633.41015806,2650.82312912,2614.59603133,2632.47669454,
2026-06-10 18:20:00,1781115600,2632.47669454,2632.99343449,2588.91202747,2612.05090773,
2026-06-10 18:21:00,1781115660,2612.05090773,2649.95776693,2583.95066442,2648.37547745,
2026-06-10 18:22:00,1781115720,2648.37547745,2690.63050704,2647.58553191,2657.94913249,
2026-06-10 18:23:00,1781115780,2657.94913249,2657.94913249,2595.2522418,2605.92402448,
2026-06-10 18:24:00,1781115840,2605.92402448,2624.28431613,2571.88257452,2580.89302225,
2026-06-10 18:25:00,1781115900,2580.89302225,2668.97678741,2575.00287115,2664.54468602,
2026-06-10 18:26:00,1781115960,2664.54468602,2676.12685926,2615.47414969,2636.73897558,
2026-06-10 18:27:00,1781116020,2636.73897558,2687.2122529,2636.73897558,2676.06276362,
2026-06-10 18:28:00,1781116080,2676.06276362,2676.06276362,2626.95439896,2647.27347935,
2026-06-10 18:29:00,1781116140,2647.27347935,2657.17290512,2533.79152735,2536.94477276,
2026-06-10 18:30:00,1781116200,2536.94477276,2597.46973182,2536.94477276,2545.50951534,
2026-06-10 18:31:00,1781116260,2545.50951534,2606.26937295,2544.91078672,2600.67140672,
2026-06-10 18:32:00,1781116320,2600.67140672,2623.3222532,2582.07233121,2594.41889279,
2026-06-10 18:33:00,1781116380,2594.41889279,2621.55859844,2569.51802723,2620.69459864,
2026-06-10 18:34:00,1781116440,2620.69459864,2651.06201715,2595.65116801,2604.79152789,
2026-06-10 18:35:00,1781116500,2604.79152789,2704.88070104,2604.70525751,2677.80980638,
2026-06-10 18:36:00,1781116560,2677.80980638,2697.99074526,2651.5145644,2696.76676755,
2026-06-10 18:37:00,1781116620,2696.76676755,2742.07590715,2695.02157007,2729.206318,
2026-06-10 18:38:00,1781116680,2729.206318,2741.42305605,2714.27765903,2720.66424675,
2026-06-10 18:39:00,1781116740,2720.66424675,2736.63676537,2703.2731923,2726.12340498,
2026-06-10 18:40:00,1781116800,2726.12340498,2740.44977513,2713.5589336,2731.14694997,
2026-06-10 18:41:00,1781116860,2731.14694997,2754.84596216,2717.18228198,2754.75619967,
2026-06-10 18:42:00,1781116920,2754.75619967,2754.75619967,2706.97983718,2750.8037993,
2026-06-10 18:43:00,1781116980,2750.8037993,2769.84052117,2724.70194443,2769.39982604,
2026-06-10 18:44:00,1781117040,2769.39982604,2780.2716683,2741.60301168,2746.70566881,
2026-06-10 18:45:00,1781117100,2746.70566881,2772.96483559,2731.66782878,2755.87884771,
2026-06-10 18:46:00,1781117160,2755.87884771,2790.57230097,2743.74056255,2769.73833189,
2026-06-10 18:47:00,1781117220,2769.73833189,2777.34259251,2758.28080342,2768.47971601,
2026-06-10 18:48:00,1781117280,2768.47971601,2768.47971601,2701.81725831,2723.45985179,
2026-06-10 18:49:00,1781117340,2723.45985179,2738.55316713,2688.01025356,2731.80479103,
2026-06-10 18:50:00,1781117400,2731.80479103,2904.73774817,2729.51848229,2846.52627019,
2026-06-10 18:51:00,1781117460,2846.52627019,2846.52627019,2769.15138116,2787.39606749,
2026-06-10 18:52:00,1781117520,2787.39606749,2796.88178631,2759.64189159,2784.15168851,
2026-06-10 18:53:00,1781117580,2784.15168851,2785.39154627,2715.10389728,2730.12688277,
2026-06-10 18:54:00,1781117640,2730.12688277,2748.64207526,2684.02063157,2696.44164578,
2026-06-10 18:55:00,1781117700,2696.44164578,2761.06445851,2696.44164578,2753.74443495,
2026-06-10 18:56:00,1781117760,2753.74443495,2767.79653379,2715.67510603,2719.71363482,
2026-06-10 18:57:00,1781117820,2719.71363482,2719.97822377,2634.7578015,2641.56900984,
2026-06-10 18:58:00,1781117880,2641.56900984,2661.63193572,2641.37757918,2659.02391359,
2026-06-10 18:59:00,1781117940,2659.02391359,2666.81817652,2644.98505999,2647.82192222,
2026-06-10 19:00:00,1781118000,2647.82192222,2666.09403292,2628.70782928,2661.44831465,
2026-06-10 19:01:00,1781118060,2661.44831465,2662.06082105,2619.29946582,2654.78689932,
2026-06-10 19:02:00,1781118120,2654.78689932,2728.07411585,2654.78689932,2675.99701702,
2026-06-10 19:03:00,1781118180,2675.99701702,2696.40126735,2647.71601021,2660.30209914,
2026-06-10 19:04:00,1781118240,2660.30209914,2725.81544887,2656.68663409,2702.60888935,
2026-06-10 19:05:00,1781118300,2702.60888935,2774.56049571,2702.3441487,2737.49900221,
2026-06-10 19:06:00,1781118360,2737.49900221,2737.94164209,2671.34114959,2680.7491786,
2026-06-10 19:07:00,1781118420,2680.7491786,2680.83728989,2614.51026278,2617.77119052,
2026-06-10 19:08:00,1781118480,2617.77119052,2631.23276994,2588.88244935,2600.78705501,
2026-06-10 19:09:00,1781118540,2600.78705501,2630.26163869,2600.78705501,2607.05988084,
2026-06-10 19:10:00,1781118600,2607.05988084,2675.45325014,2604.47382587,2652.77780851,
2026-06-10 19:11:00,1781118660,2652.77780851,2725.41304169,2648.11476764,2725.41304169,
2026-06-10 19:12:00,1781118720,2725.41304169,2764.30742367,2721.28979987,2722.52764918,
2026-06-10 19:13:00,1781118780,2722.52764918,2740.48581182,2700.83793124,2740.13045002,
2026-06-10 19:14:00,1781118840,2740.13045002,2773.08904839,2731.56288204,2758.31576138,
2026-06-10 19:15:00,1781118900,2758.31576138,2783.48718632,2704.87513384,2714.40214514,
2026-06-10 19:16:00,1781118960,2714.40214514,2722.49558113,2690.37701382,2707.25257503,
2026-06-10 19:17:00,1781119020,2707.25257503,2822.74856639,2700.90274844,2818.44569923,
2026-06-10 19:18:00,1781119080,2818.44569923,2825.97671589,2759.7694934,2763.41629599,
2026-06-10 19:19:00,1781119140,2763.41629599,2799.01158921,2742.16795362,2779.41747373,
2026-06-10 19:20:00,1781119200,2779.41747373,2798.43008423,2756.59999377,2795.05792456,
2026-06-10 19:21:00,1781119260,2795.05792456,2817.91208046,2777.86053201,2786.56594193,
2026-06-10 19:22:00,1781119320,2786.56594193,2796.90334406,2761.50271646,2790.06352084,
2026-06-10 19:23:00,1781119380,2790.06352084,2824.88962902,2789.9734003,2813.44974399,
2026-06-10 19:24:00,1781119440,2813.44974399,2813.44974399,2755.50836055,2755.50836055,
2026-06-10 19:25:00,1781119500,2755.50836055,2761.81501311,2689.78970103,2721.87047471,
2026-06-10 19:26:00,1781119560,2721.87047471,2785.84841173,2706.71335073,2782.3176752,
2026-06-10 19:27:00,1781119620,2782.3176752,2796.10649947,2763.79545072,2776.84330848,
2026-06-10 19:28:00,1781119680,2776.84330848,2783.01902194,2718.13087832,2734.58557219,
2026-06-10 19:29:00,1781119740,2734.58557219,2745.29329387,2709.27571528,2726.30073274,
2026-06-10 19:30:00,1781119800,2726.30073274,2729.04909976,2660.19578861,2674.16972681,
2026-06-10 19:31:00,1781119860,2674.16972681,2683.10922189,2629.9350822,2683.10922189,
2026-06-10 19:32:00,1781119920,2683.10922189,2688.71689163,2645.79335706,2653.42886373,
2026-06-10 19:33:00,1781119980,2653.42886373,2656.21882635,2619.63124049,2626.273201,
2026-06-10 19:34:00,1781120040,2626.273201,2627.41081739,2578.6315307,2583.20095616,
2026-06-10 19:35:00,1781120100,2583.20095616,2618.67128736,2566.87587321,2584.64031748,
2026-06-10 19:36:00,1781120160,2584.64031748,2629.68180722,2584.64031748,2613.83213019,
2026-06-10 19:37:00,1781120220,2613.83213019,2613.83213019,2549.2665447,2568.44684399,
2026-06-10 19:38:00,1781120280,2568.44684399,2573.03738389,2529.99821025,2536.12093869,
2026-06-10 19:39:00,1781120340,2536.12093869,2556.03522274,2485.78744211,2553.31564572,
2026-06-10 19:40:00,1781120400,2553.31564572,2586.37394064,2516.11975024,2560.98470141,
2026-06-10 19:41:00,1781120460,2560.98470141,2595.14412164,2540.75663652,2543.18256204,
2026-06-10 19:42:00,1781120520,2543.18256204,2562.92711564,2537.85518428,2557.63628851,
2026-06-10 19:43:00,1781120580,2557.63628851,2577.04325585,2524.28246887,2541.84398321,
2026-06-10 19:44:00,1781120640,2541.84398321,2547.3913838,2522.96356659,2529.39235188,
2026-06-10 19:45:00,1781120700,2529.39235188,2544.52766303,2510.86334037,2537.88927764,
2026-06-10 19:46:00,1781120760,2537.88927764,2611.53742658,2537.88826517,2549.56893972,
2026-06-10 19:47:00,1781120820,2549.56893972,2589.8812179,2548.18573991,2589.88024517,
2026-06-10 19:48:00,1781120880,2589.88024517,2629.80053024,2582.7616315,2626.21111173,
2026-06-10 19:49:00,1781120940,2626.21111173,2626.21111173,2564.81485476,2565.16059725,
2026-06-10 19:50:00,1781121000,2565.16059725,2686.44769074,2561.41882949,2567.70298848,
2026-06-10 19:51:00,1781121060,2567.70298848,2619.52618804,2564.75489383,2570.93834857,
2026-06-10 19:52:00,1781121120,2570.93834857,2591.31409426,2555.3367513,2584.19166948,
2026-06-10 19:53:00,1781121180,2584.19166948,2584.19166948,2538.24866965,2539.864964,
2026-06-10 19:54:00,1781121240,2539.864964,2614.00014516,2534.01458373,2577.84177359,
2026-06-10 19:55:00,1781121300,2577.84177359,2602.2251832,2550.58846079,2551.11531387,
2026-06-10 19:56:00,1781121360,2551.11531387,2560.77907089,2515.01799416,2537.97155636,
2026-06-10 19:57:00,1781121420,2537.97155636,2553.05554951,2503.8391087,2522.3306304,
2026-06-10 19:58:00,1781121480,2522.3306304,2562.36462644,2522.3306304,2527.58980043,
2026-06-10 19:59:00,1781121540,2527.58980043,2607.45732359,2527.58877698,2596.82644979,
2026-06-10 20:00:00,1781121600,2596.82644979,2642.89685254,2586.78622991,2634.4046104,
2026-06-10 20:01:00,1781121660,2634.4046104,2717.6902676,2634.4046104,2717.6902676,
2026-06-10 20:02:00,1781121720,2717.6902676,2728.36229546,2649.84018596,2673.97981554,
2026-06-10 20:03:00,1781121780,2673.97981554,2679.64716557,2608.44606072,2627.53523698,
2026-06-10 20:04:00,1781121840,2627.53523698,2693.86592954,2627.53523698,2676.4355264,
2026-06-10 20:05:00,1781121900,2676.4355264,2754.07495687,2667.76050693,2718.39621598,
2026-06-10 20:06:00,1781121960,2718.39621598,2735.03906164,2657.17018791,2726.81632103,
2026-06-10 20:07:00,1781122020,2726.81632103,2761.98570713,2726.81632103,2735.54161689,
2026-06-10 20:08:00,1781122080,2735.54161689,2736.44768685,2711.98654712,2736.1816154,
2026-06-10 20:09:00,1781122140,2736.1816154,2817.29162496,2736.1816154,2753.23259027,
2026-06-10 20:10:00,1781122200,2753.23259027,2762.62639438,2719.51717235,2719.51717235,
2026-06-10 20:11:00,1781122260,2719.51717235,2723.98009729,2698.71447606,2710.3675509,
2026-06-10 20:12:00,1781122320,2710.3675509,2715.44404892,2692.95170873,2709.84659817,
2026-06-10 20:13:00,1781122380,2709.84659817,2735.33646372,2681.97825354,2705.47984903,
2026-06-10 20:14:00,1781122440,2705.47984903,2716.44933551,2691.46018526,2701.82653242,
2026-06-10 20:15:00,1781122500,2701.82653242,2712.03403937,2669.29231603,2693.29651951,
2026-06-10 20:16:00,1781122560,2693.29651951,2743.99403762,2680.5457216,2731.95008827,
2026-06-10 20:17:00,1781122620,2731.95008827,2768.49883343,2702.57557172,2714.8624097,
2026-06-10 20:18:00,1781122680,2714.8624097,2719.07257355,2664.74344099,2683.92838097,
2026-06-10 20:19:00,1781122740,2683.92838097,2689.56409056,2667.15589162,2688.76768519,
2026-06-10 20:20:00,1781122800,2688.76768519,2765.90128235,2688.76768519,2739.35907955,
2026-06-10 20:21:00,1781122860,2739.35907955,2750.45200328,2689.13138033,2740.11096348,
2026-06-10 20:22:00,1781122920,2740.11096348,2741.18899117,2606.29671037,2608.997417,
2026-06-10 20:23:00,1781122980,2608.997417,2661.96421656,2578.71895927,2655.20759228,
2026-06-10 20:24:00,1781123040,2655.20759228,2656.43503553,2583.5152255,2595.69459416,
2026-06-10 20:25:00,1781123100,2595.69459416,2611.58679841,2586.74435622,2594.25312504,
2026-06-10 20:26:00,1781123160,2594.25312504,2623.59342425,2594.25312504,2612.10354815,
2026-06-10 20:27:00,1781123220,2612.10354815,2630.59026413,2610.02981944,2620.2396777,
2026-06-10 20:28:00,1781123280,2620.2396777,2633.11781123,2613.6119489,2617.41762226,
2026-06-10 20:29:00,1781123340,2617.41762226,2622.07521767,2605.14696701,2611.44547422,
2026-06-10 20:30:00,1781123400,2611.44547422,2683.5573356,2611.35686635,2673.75066147,
2026-06-10 20:31:00,1781123460,2673.75066147,2680.12372531,2652.62739138,2671.58644749,
2026-06-10 20:32:00,1781123520,2671.58644749,2701.00557147,2640.91472842,2651.67774897,
2026-06-10 20:33:00,1781123580,2651.67774897,2651.67774897,2614.20755471,2615.46294679,
2026-06-10 20:34:00,1781123640,2615.46294679,2619.05604115,2594.95748033,2608.98747831,
2026-06-10 20:35:00,1781123700,2608.98747831,2637.16272062,2602.41367557,2632.53604004,
2026-06-10 20:36:00,1781123760,2632.53604004,2648.71360582,2628.15337081,2647.80395576,
2026-06-10 20:37:00,1781123820,2647.80395576,2647.89113464,2607.30226351,2608.34661616,
2026-06-10 20:38:00,1781123880,2608.34661616,2643.14960252,2598.10104955,2641.65055336,
2026-06-10 20:39:00,1781123940,2641.65055336,2659.27266319,2620.78808866,2657.23718012,
2026-06-10 20:40:00,1781124000,2657.23718012,2670.98213667,2650.40677765,2658.98120558,
2026-06-10 20:41:00,1781124060,2658.98120558,2659.86244664,2640.71549924,2645.10224239,
2026-06-10 20:42:00,1781124120,2645.10224239,2670.81821604,2645.10224239,2670.58351458,
2026-06-10 20:43:00,1781124180,2670.58351458,2684.19747641,2639.15554509,2668.3256385,
2026-06-10 20:44:00,1781124240,2668.3256385,2703.8892783,2654.7461435,2703.8892783,
2026-06-10 20:45:00,1781124300,2703.8892783,2716.4048833,2674.79234749,2715.36396509,
2026-06-10 20:46:00,1781124360,2715.36396509,2756.60928339,2715.36396509,2735.54962299,
2026-06-10 20:47:00,1781124420,2735.54962299,2758.67456202,2725.11178996,2728.00874238,
2026-06-10 20:48:00,1781124480,2728.00874238,2752.21728771,2714.3881357,2718.03522606,
2026-06-10 20:49:00,1781124540,2718.03522606,2724.54217049,2699.66512445,2702.6093314,
2026-06-10 20:50:00,1781124600,2702.6093314,2760.55080687,2673.62196297,2751.86004162,
2026-06-10 20:51:00,1781124660,2751.86004162,2788.19252288,2730.05748125,2731.36893117,
2026-06-10 20:52:00,1781124720,2731.36893117,2745.33711857,2717.82210831,2737.9762263,
2026-06-10 20:53:00,1781124780,2737.9762263,2792.04393467,2737.97538928,2771.3051279,
2026-06-10 20:54:00,1781124840,2771.3051279,2775.79365351,2730.41214054,2730.44989666,
2026-06-10 20:55:00,1781124900,2730.44989666,2787.28418307,2721.62324767,2787.2204153,
2026-06-10 20:56:00,1781124960,2787.2204153,2787.7479422,2767.40318677,2767.80554916,
2026-06-10 20:57:00,1781125020,2767.80554916,2786.30957447,2767.44310251,2776.64833443,
2026-06-10 20:58:00,1781125080,2776.64833443,2776.64833443,2697.74684408,2712.20767603,
2026-06-10 20:59:00,1781125140,2712.20767603,2719.30959559,2697.97707181,2705.34383944,
2026-06-10 21:00:00,1781125200,2705.34383944,2763.62775186,2705.14433939,2756.98101893,
2026-06-10 21:01:00,1781125260,2756.98101893,2756.98101893,2721.77490878,2727.50633711,
2026-06-10 21:02:00,1781125320,2727.50633711,2747.4290022,2716.71540827,2746.40201171,
2026-06-10 21:03:00,1781125380,2746.40201171,2746.53185234,2715.93640548,2727.39276431,
2026-06-10 21:04:00,1781125440,2727.39276431,2755.85867054,2726.74989232,2755.05262752,
2026-06-10 21:05:00,1781125500,2755.05262752,2834.15853016,2755.05262752,2809.70793516,
2026-06-10 21:06:00,1781125560,2809.70793516,2831.68238544,2780.95025155,2831.68238544,
2026-06-10 21:07:00,1781125620,2831.68238544,2846.27150842,2816.66037211,2844.19058938,
2026-06-10 21:08:00,1781125680,2844.19058938,2862.95954899,2839.01811025,2856.44082802,
2026-06-10 21:09:00,1781125740,2856.44082802,2872.39122607,2843.46944398,2869.31251929,
2026-06-10 21:10:00,1781125800,2869.31251929,2960.39663669,2863.93254645,2913.44644846,
2026-06-10 21:11:00,1781125860,2913.44644846,2963.24687501,2902.26143609,2958.58341683,
2026-06-10 21:12:00,1781125920,2958.58341683,2985.45643317,2918.27166531,2985.2746744,
2026-06-10 21:13:00,1781125980,2985.2746744,2985.36555339,2943.2695413,2944.18010076,
2026-06-10 21:14:00,1781126040,2944.18010076,2966.15874916,2942.86256792,2943.5307863,
2026-06-10 21:15:00,1781126100,2943.5307863,2943.5307863,2874.34657084,2878.74257258,
2026-06-10 21:16:00,1781126160,2878.74257258,2878.74257258,2837.39401222,2839.02452588,
2026-06-10 21:17:00,1781126220,2839.02452588,2853.73185448,2812.63684621,2849.2664444,
2026-06-10 21:18:00,1781126280,2849.2664444,2937.72851307,2848.99721763,2909.80896723,
2026-06-10 21:19:00,1781126340,2909.80896723,2916.94282606,2850.52368498,2874.6568356,
2026-06-10 21:20:00,1781126400,2874.6568356,2920.91546347,2874.6568356,2890.18516972,
2026-06-10 21:21:00,1781126460,2890.18516972,2926.80971419,2888.8287209,2910.94510457,
2026-06-10 21:22:00,1781126520,2910.94510457,2912.93207371,2857.88495792,2858.33406917,
2026-06-10 21:23:00,1781126580,2858.33406917,2899.64849447,2837.61737398,2893.15479141,
2026-06-10 21:24:00,1781126640,2893.15479141,2955.94860358,2889.72890699,2948.31613436,
2026-06-10 21:25:00,1781126700,2948.31613436,2952.94262066,2910.14091031,2912.00181279,
2026-06-10 21:26:00,1781126760,2912.00181279,2922.26109514,2905.42852554,2910.32041855,
2026-06-10 21:27:00,1781126820,2910.32041855,2916.72817112,2872.90783964,2915.35539131,
2026-06-10 21:28:00,1781126880,2915.35539131,2918.13383398,2885.49864997,2918.13383398,
2026-06-10 21:29:00,1781126940,2918.13383398,2921.90924883,2893.94916527,2915.82103728,
2026-06-10 21:30:00,1781127000,2915.82103728,2922.24189401,2837.75924283,2858.72651815,
2026-06-10 21:31:00,1781127060,2858.72651815,2860.16459747,2841.68261813,2845.27714558,
2026-06-10 21:32:00,1781127120,2845.27714558,2856.41671783,2803.56753384,2813.19431469,
2026-06-10 21:33:00,1781127180,2813.19431469,2819.1070709,2786.60688772,2786.60688772,
2026-06-10 21:34:00,1781127240,2786.60688772,2825.00819216,2781.453945,2801.01440973,
2026-06-10 21:35:00,1781127300,2801.01440973,2858.73496137,2787.7527801,2836.32944451,
2026-06-10 21:36:00,1781127360,2836.32944451,2857.8269053,2833.03956286,2840.26727826,
2026-06-10 21:37:00,1781127420,2840.26727826,2854.79697047,2834.36213784,2835.74236104,
2026-06-10 21:38:00,1781127480,2835.74236104,2861.20989018,2833.6489465,2840.87827725,
2026-06-10 21:39:00,1781127540,2840.87827725,2885.4614107,2840.78752374,2885.46062222,
2026-06-10 21:40:00,1781127600,2885.46062222,2891.06357855,2862.61505209,2862.61505209,
2026-06-10 21:41:00,1781127660,2862.61505209,2863.67487365,2848.59405189,2849.41158009,
2026-06-10 21:42:00,1781127720,2849.41158009,2864.19158976,2845.0891719,2845.0891719,
2026-06-10 21:43:00,1781127780,2845.0891719,2851.65393194,2812.65488429,2841.15021488,
2026-06-10 21:44:00,1781127840,2841.15021488,2842.4066621,2810.76627081,2811.8360352,
2026-06-10 21:45:00,1781127900,2811.8360352,2848.76769278,2805.86753033,2848.76769278,
2026-06-10 21:46:00,1781127960,2848.76769278,2855.90695131,2821.00029948,2824.33345302,
2026-06-10 21:47:00,1781128020,2824.33345302,2852.13863789,2824.24289226,2827.07758481,
2026-06-10 21:48:00,1781128080,2827.07758481,2827.07758481,2809.09109581,2816.23401099,
2026-06-10 21:49:00,1781128140,2816.23401099,3019.89654138,2816.23401099,3007.33403374,
2026-06-10 21:50:00,1781128200,3007.33403374,3239.51548778,3007.33403374,3100.81752469,
2026-06-10 21:51:00,1781128260,3100.81752469,3243.09399763,3100.81752469,3235.62375177,
2026-06-10 21:52:00,1781128320,3235.62375177,3246.35873971,3179.80179934,3218.41020062,
2026-06-10 21:53:00,1781128380,3218.41020062,3246.12207703,3167.46354957,3238.24443901,
2026-06-10 21:54:00,1781128440,3238.24443901,3238.24443901,3200.58695097,3220.9984156,
2026-06-10 21:55:00,1781128500,3220.9984156,3238.80004959,3185.82008837,3218.40903798,
2026-06-10 21:56:00,1781128560,3218.40903798,3221.13028556,3166.96647672,3166.96647672,
2026-06-10 21:57:00,1781128620,3166.96647672,3264.27676089,3154.17667624,3256.67441038,
2026-06-10 21:58:00,1781128680,3256.67441038,3286.73874091,3185.64569318,3185.64569318,
2026-06-10 21:59:00,1781128740,3185.64569318,3190.80552468,3113.16978228,3124.34424093,
2026-06-10 22:00:00,1781128800,3124.34424093,3249.27050482,3114.38261893,3199.1080179,
2026-06-10 22:01:00,1781128860,3199.1080179,3244.24909861,3183.27001281,3240.61496344,
2026-06-10 22:02:00,1781128920,3240.61496344,3280.36651579,3214.02529271,3280.36651579,
2026-06-10 22:03:00,1781128980,3280.36651579,3290.01390639,3209.9578163,3230.77448117,
2026-06-10 22:04:00,1781129040,3230.77448117,3301.55322372,3230.77448117,3291.23244874,
2026-06-10 22:05:00,1781129100,3291.23244874,3296.94890104,3231.51118257,3284.41377568,
2026-06-10 22:06:00,1781129160,3284.41377568,3295.54619162,3213.32733099,3230.97740545,
2026-06-10 22:07:00,1781129220,3230.97740545,3245.78044245,3205.26143214,3211.42090141,
2026-06-10 22:08:00,1781129280,3211.42090141,3231.14336519,3198.33912821,3200.34189766,
2026-06-10 22:09:00,1781129340,3200.34189766,3216.62901718,3198.11078727,3205.47247344,
2026-06-10 22:10:00,1781129400,3205.47247344,3205.74730735,3152.14260488,3166.46299413,
2026-06-10 22:11:00,1781129460,3166.46299413,3248.05085085,3153.81788094,3248.05085085,
2026-06-10 22:12:00,1781129520,3248.05085085,3263.7676278,3178.50781717,3213.44746032,
2026-06-10 22:13:00,1781129580,3213.44746032,3263.96403469,3204.67368596,3245.67479113,
2026-06-10 22:14:00,1781129640,3245.67479113,3257.09677188,3229.06876103,3232.18887297,
2026-06-10 22:15:00,1781129700,3232.18887297,3313.46796552,3232.18887297,3303.99743006,
2026-06-10 22:16:00,1781129760,3303.99743006,3321.58360107,3276.30618588,3302.09925383,
2026-06-10 22:17:00,1781129820,3302.09925383,3351.02720348,3297.21962235,3342.02506968,
2026-06-10 22:18:00,1781129880,3342.02506968,3347.17933182,3307.58644743,3316.31407528,
2026-06-10 22:19:00,1781129940,3316.31407528,3344.37283168,3219.74009264,3342.89367546,
2026-06-10 22:20:00,1781130000,3342.89367546,3369.64844427,3315.94996405,3336.1863017,
2026-06-10 22:21:00,1781130060,3336.1863017,3336.37105326,3201.03399552,3220.82134156,
2026-06-10 22:22:00,1781130120,3220.82134156,3278.834056,3211.22923536,3265.66369381,
2026-06-10 22:23:00,1781130180,3265.66369381,3290.83439083,3248.33846666,3250.11753962,
2026-06-10 22:24:00,1781130240,3250.11753962,3304.41762428,3212.24631314,3214.39653018,
2026-06-10 22:25:00,1781130300,3214.39653018,3249.98324561,3157.17418351,3162.67021484,
2026-06-10 22:26:00,1781130360,3162.67021484,3230.08069981,3162.67021484,3214.69876858,
2026-06-10 22:27:00,1781130420,3214.69876858,3237.17422213,3171.78980419,3182.24846779,
2026-06-10 22:28:00,1781130480,3182.24846779,3190.94156051,3145.9294388,3188.57027595,
2026-06-10 22:29:00,1781130540,3188.57027595,3256.54438929,3188.20403088,3230.68041145,
2026-06-10 22:30:00,1781130600,3230.68041145,3243.41115848,3120.46430932,3145.69988595,
2026-06-10 22:31:00,1781130660,3145.69988595,3146.51720635,3071.59300433,3077.11251693,
2026-06-10 22:32:00,1781130720,3077.11251693,3117.11084597,3063.01590886,3097.952987,
2026-06-10 22:33:00,1781130780,3097.952987,3116.08009329,3091.78931827,3109.04024709,
2026-06-10 22:34:00,1781130840,3109.04024709,3198.1382106,3106.77237633,3183.21453598,
2026-06-10 22:35:00,1781130900,3183.21453598,3184.76385304,3105.63031359,3108.15242115,
2026-06-10 22:36:00,1781130960,3108.15242115,3181.22875372,3107.78967012,3162.4987926,
2026-06-10 22:37:00,1781131020,3162.4987926,3176.62705081,3099.85131875,3126.09880897,
2026-06-10 22:38:00,1781131080,3126.09880897,3148.58686864,3090.35521468,3093.1251135,
2026-06-10 22:39:00,1781131140,3093.1251135,3124.75846244,3093.1251135,3110.70962731,
2026-06-10 22:40:00,1781131200,3110.70962731,3124.95086359,3053.19262536,3064.17741444,
2026-06-10 22:41:00,1781131260,3064.17741444,3097.34001415,3063.99683622,3081.8676593,
2026-06-10 22:42:00,1781131320,3081.8676593,3083.85249768,3010.46378195,3010.64261177,
2026-06-10 22:43:00,1781131380,3010.64261177,3010.69620499,2933.05062781,2956.30496028,
2026-06-10 22:44:00,1781131440,2956.30496028,3025.24569606,2938.52141613,2958.22909449,
2026-06-10 22:45:00,1781131500,2958.22909449,3052.22086099,2950.52874891,3025.19792269,
2026-06-10 22:46:00,1781131560,3025.19792269,3052.00120822,2995.74846134,2998.17131634,
2026-06-10 22:47:00,1781131620,2998.17131634,3052.09853681,2998.17131634,3049.92598877,
2026-06-10 22:48:00,1781131680,3049.92598877,3080.0079142,3008.07373256,3036.53591786,
2026-06-10 22:49:00,1781131740,3036.53591786,3088.17507872,3036.53591786,3063.70359387,
2026-06-10 22:50:00,1781131800,3063.70359387,3066.56929918,3016.19205053,3052.18510842,
2026-06-10 22:51:00,1781131860,3052.18510842,3063.88415676,3026.69852747,3055.10891686,
2026-06-10 22:52:00,1781131920,3055.10891686,3059.50565192,3012.31803426,3043.14985663,
2026-06-10 22:53:00,1781131980,3043.14985663,3110.83751556,3042.99723309,3058.17974648,
2026-06-10 22:54:00,1781132040,3058.17974648,3063.54430759,3043.07247999,3045.82550553,
2026-06-10 22:55:00,1781132100,3045.82550553,3073.65002371,3021.90945936,3067.7551483,
2026-06-10 22:56:00,1781132160,3067.7551483,3075.8208862,3061.54845903,3066.72146787,
2026-06-10 22:57:00,1781132220,3066.72146787,3082.39452484,3056.575658,3056.575658,
2026-06-10 22:58:00,1781132280,3056.575658,3083.64786939,3053.31492631,3078.79056339,
2026-06-10 22:59:00,1781132340,3078.79056339,3124.15164957,3078.69902524,3106.5160704,
2026-06-10 23:00:00,1781132400,3106.5160704,3179.85369189,3104.8774353,3164.72330883,
2026-06-10 23:01:00,1781132460,3164.72330883,3164.81480246,3121.99356512,3139.71591391,
2026-06-10 23:02:00,1781132520,3139.71591391,3160.14103891,3111.95144565,3135.65201041,
2026-06-10 23:03:00,1781132580,3135.65201041,3144.99880197,3111.86714072,3134.58022228,
2026-06-10 23:04:00,1781132640,3134.58022228,3148.50875713,3121.46778765,3132.72647918,
2026-06-10 23:05:00,1781132700,3132.72647918,3150.22491446,3118.59009654,3137.11794581,
2026-06-10 23:06:00,1781132760,3137.11794581,3148.11543227,3129.07433838,3138.32896137,
2026-06-10 23:07:00,1781132820,3138.32896137,3165.77656922,3124.97364873,3128.24170395,
2026-06-10 23:08:00,1781132880,3128.24170395,3168.34800597,3127.87558777,3167.35896648,
2026-06-10 23:09:00,1781132940,3167.35896648,3246.68192107,3143.60306284,3227.02080837,
2026-06-10 23:10:00,1781133000,3227.02080837,3266.73608531,3226.74430066,3243.16596688,
2026-06-10 23:11:00,1781133060,3243.16596688,3284.04193229,3239.05722055,3247.66549559,
2026-06-10 23:12:00,1781133120,3247.66549559,3282.83365171,3233.95623991,3258.54201077,
2026-06-10 23:13:00,1781133180,3258.54201077,3275.0953791,3243.87719453,3268.13618478,
2026-06-10 23:14:00,1781133240,3268.13618478,3277.67523231,3258.9164433,3266.98728706,
2026-06-10 23:15:00,1781133300,3266.98728706,3309.01366784,3259.37677818,3281.10950711,
2026-06-10 23:16:00,1781133360,3281.10950711,3311.51242567,3274.22340097,3274.22340097,
2026-06-10 23:17:00,1781133420,3274.22340097,3280.3969121,3223.30102007,3231.09533145,
2026-06-10 23:18:00,1781133480,3231.09533145,3231.27880578,3185.35369673,3210.19993573,
2026-06-10 23:19:00,1781133540,3210.19993573,3228.87638142,3100.48752812,3133.40219462,
2026-06-10 23:20:00,1781133600,3133.40219462,3153.72772501,3010.36699445,3023.00635387,
2026-06-10 23:21:00,1781133660,3023.00635387,3058.39474814,3009.75635765,3031.86107384,
2026-06-10 23:22:00,1781133720,3031.86107384,3047.7078617,3002.38201805,3016.29986725,
2026-06-10 23:23:00,1781133780,3016.29986725,3020.24522808,2994.4141822,3005.65939228,
2026-06-10 23:24:00,1781133840,3005.65939228,3058.00531483,2999.65573308,3037.68092258,
2026-06-10 23:25:00,1781133900,3037.68092258,3051.65318272,2978.27712489,3048.27506533,
2026-06-10 23:26:00,1781133960,3048.27506533,3062.30551523,3011.15441208,3026.87716247,
2026-06-10 23:27:00,1781134020,3026.87716247,3035.35428302,2992.10401957,2996.21300597,
2026-06-10 23:28:00,1781134080,2996.21300597,3017.74790083,2984.62538103,2984.62538103,
2026-06-10 23:29:00,1781134140,2984.62538103,2987.57898739,2933.39476815,2957.54429894,
2026-06-10 23:30:00,1781134200,2957.54429894,2963.21462871,2931.83244517,2947.42193584,
2026-06-10 23:31:00,1781134260,2947.42193584,3022.49016286,2947.42193584,3006.04274941,
2026-06-10 23:32:00,1781134320,3006.04274941,3036.2016669,2971.37928081,2978.72705768,
2026-06-10 23:33:00,1781134380,2978.72705768,3031.05800267,2970.04493561,3025.50276424,
2026-06-10 23:34:00,1781134440,3025.50276424,3029.06633561,3001.24448983,3002.50015258,
2026-06-10 23:35:00,1781134500,3002.50015258,3002.50015258,2953.5179812,2975.20299642,
2026-06-10 23:36:00,1781134560,2975.20299642,2975.20299642,2932.0085497,2966.47573955,
2026-06-10 23:37:00,1781134620,2966.47573955,2974.82536076,2965.02996963,2968.65368411,
2026-06-10 23:38:00,1781134680,2968.65368411,3001.84903787,2968.44962308,2989.3898149,
2026-06-10 23:39:00,1781134740,2989.3898149,3014.12313693,2986.96540009,3006.49711951,
2026-06-10 23:40:00,1781134800,3006.49711951,3023.80807559,2971.68551687,2972.82671618,
2026-06-10 23:41:00,1781134860,2972.82671618,2977.20778786,2938.3927395,2946.88687232,
2026-06-10 23:42:00,1781134920,2946.88687232,2947.9908925,2903.42040471,2929.11206964,
2026-06-10 23:43:00,1781134980,2929.11206964,2944.16505911,2919.28319835,2941.47830592,
2026-06-10 23:44:00,1781135040,2941.47830592,2967.06271034,2941.47830592,2960.99106443,
2026-06-10 23:45:00,1781135100,2960.99106443,3006.21777491,2955.90607285,2967.75549774,
2026-06-10 23:46:00,1781135160,2967.75549774,2988.37474887,2967.75549774,2983.03106585,
2026-06-10 23:47:00,1781135220,2983.03106585,2999.52726329,2965.62369447,2965.80153396,
2026-06-10 23:48:00,1781135280,2965.80153396,2996.02607174,2955.99359551,2996.02607174,
2026-06-10 23:49:00,1781135340,2996.02607174,3015.80551265,2995.12451876,3010.51605946,
2026-06-10 23:50:00,1781135400,3010.51605946,3023.79791488,2994.42841854,3006.04329344,
2026-06-10 23:51:00,1781135460,3006.04329344,3006.04329344,2973.99874767,2984.74434545,
2026-06-10 23:52:00,1781135520,2984.74434545,2985.20923004,2947.83393341,2953.31363087,
2026-06-10 23:53:00,1781135580,2953.31363087,2955.08753294,2920.59034622,2947.60117271,
2026-06-10 23:54:00,1781135640,2947.60117271,2986.37942676,2947.60117271,2961.60332942,
2026-06-10 23:55:00,1781135700,2961.60332942,2969.79797032,2953.22221543,2966.65481755,
2026-06-10 23:56:00,1781135760,2966.65481755,2989.18089213,2963.94993703,2979.23767807,
2026-06-10 23:57:00,1781135820,2979.23767807,3000.72301864,2977.73028398,2997.87881684,
2026-06-10 23:58:00,1781135880,2997.87881684,2999.4689539,2987.55970413,2990.53079969,
2026-06-10 23:59:00,1781135940,2990.53079969,2996.35657592,2967.56850656,2993.51613589,
2026-06-11 00:00:00,1781136000,2993.51613589,2993.51613589,2927.72327309,2932.28363363,
2026-06-11 00:01:00,1781136060,2932.28363363,2941.04865826,2895.44556597,2899.85844696,
2026-06-11 00:02:00,1781136120,2899.85844696,2902.6601657,2861.73208833,2892.87971182,
2026-06-11 00:03:00,1781136180,2892.87971182,2909.00139351,2883.01219869,2906.56338628,
2026-06-11 00:04:00,1781136240,2906.56338628,2942.96217082,2873.42831338,2932.39827918,
2026-06-11 00:05:00,1781136300,2932.39827918,2934.27953522,2871.48482899,2877.00551459,
2026-06-11 00:06:00,1781136360,2877.00551459,2915.08494119,2863.32750029,2876.80892812,
2026-06-11 00:07:00,1781136420,2876.80892812,2877.1643097,2839.1730769,2857.88822764,
2026-06-11 00:08:00,1781136480,2857.88822764,2911.0427692,2857.88822764,2883.59366159,
2026-06-11 00:09:00,1781136540,2883.59366159,2932.14927829,2883.59366159,2900.0996915,
2026-06-11 00:10:00,1781136600,2900.0996915,2920.12153995,2877.91767576,2904.00818029,
2026-06-11 00:11:00,1781136660,2904.00818029,2904.27646338,2857.9075654,2857.9075654,
2026-06-11 00:12:00,1781136720,2857.9075654,2894.08783364,2857.5508211,2857.67528989,
2026-06-11 00:13:00,1781136780,2857.67528989,2859.18624526,2821.5570289,2844.07009749,
2026-06-11 00:14:00,1781136840,2844.07009749,2857.74559785,2824.44691239,2832.20855413,
2026-06-11 00:15:00,1781136900,2832.20855413,2832.20855413,2741.22638777,2749.31319809,
2026-06-11 00:16:00,1781136960,2749.31319809,2760.80310655,2683.95638772,2706.95798471,
2026-06-11 00:17:00,1781137020,2706.95798471,2708.79177418,2579.15659046,2583.07388565,
2026-06-11 00:18:00,1781137080,2583.07388565,2712.24540675,2583.07388565,2688.18494264,
2026-06-11 00:19:00,1781137140,2688.18494264,2689.40465703,2604.52441842,2621.89317191,
2026-06-11 00:20:00,1781137200,2621.89317191,2629.93193609,2578.46140597,2599.22913642,
2026-06-11 00:21:00,1781137260,2599.22913642,2618.13942855,2568.44556164,2589.81047495,
2026-06-11 00:22:00,1781137320,2589.81047495,2656.13458184,2588.0008203,2650.74144811,
2026-06-11 00:23:00,1781137380,2650.74144811,2707.60255888,2650.22055573,2682.9937932,
2026-06-11 00:24:00,1781137440,2682.9937932,2720.29041267,2672.1670036,2672.1670036,
2026-06-11 00:25:00,1781137500,2672.1670036,2701.45544349,2666.17926475,2672.85234919,
2026-06-11 00:26:00,1781137560,2672.85234919,2688.11130849,2660.56737707,2663.06161153,
2026-06-11 00:27:00,1781137620,2663.06161153,2717.99339326,2655.91874734,2710.23183437,
2026-06-11 00:28:00,1781137680,2710.23183437,2723.72358384,2652.87706476,2652.87706476,
2026-06-11 00:29:00,1781137740,2652.87706476,2669.582241,2648.33071477,2648.7656335,
2026-06-11 00:30:00,1781137800,2648.7656335,2677.2428995,2639.11756956,2672.08176652,
2026-06-11 00:31:00,1781137860,2672.08176652,2696.60088988,2662.88517369,2664.75534574,
2026-06-11 00:32:00,1781137920,2664.75534574,2671.70595824,2649.44127892,2658.89527166,
2026-06-11 00:33:00,1781137980,2658.89527166,2693.00278346,2640.95621826,2668.15404345,
2026-06-11 00:34:00,1781138040,2668.15404345,2709.83425987,2647.26043352,2709.83425987,
2026-06-11 00:35:00,1781138100,2709.83425987,2720.01144344,2675.04983005,2675.31178545,
2026-06-11 00:36:00,1781138160,2675.31178545,2744.46488341,2674.60713815,2735.93510641,
2026-06-11 00:37:00,1781138220,2735.93510641,2740.7514857,2690.18392795,2692.28677102,
2026-06-11 00:38:00,1781138280,2692.28677102,2730.91701303,2686.90294478,2720.87788332,
2026-06-11 00:39:00,1781138340,2720.87788332,2750.16817491,2720.87788332,2732.4811132,
2026-06-11 00:40:00,1781138400,2732.4811132,2739.56891431,2724.13632882,2729.60809067,
2026-06-11 00:41:00,1781138460,2729.60809067,2738.09719729,2692.19313335,2693.79528684,
2026-06-11 00:42:00,1781138520,2693.79528684,2694.49571628,2644.79697724,2656.94781714,
2026-06-11 00:43:00,1781138580,2656.94781714,2692.55048225,2643.30785255,2692.55048225,
2026-06-11 00:44:00,1781138640,2692.55048225,2745.28298094,2692.28692477,2742.6391292,
2026-06-11 00:45:00,1781138700,2742.6391292,2742.6391292,2666.69205926,2677.334221,
2026-06-11 00:46:00,1781138760,2677.334221,2686.89575709,2625.11151041,2626.49895628,
2026-06-11 00:47:00,1781138820,2626.49895628,2674.56071624,2607.68756012,2668.79400536,
2026-06-11 00:48:00,1781138880,2668.79400536,2670.41050715,2624.20787868,2625.08933239,
2026-06-11 00:49:00,1781138940,2625.08933239,2644.69281289,2625.08933239,2631.14325006,
2026-06-11 00:50:00,1781139000,2631.14325006,2656.71078991,2631.05525065,2646.38691236,
2026-06-11 00:51:00,1781139060,2646.38691236,2680.41460768,2639.66297922,2659.3747031,
2026-06-11 00:52:00,1781139120,2659.3747031,2659.3747031,2616.02457175,2633.47978247,
2026-06-11 00:53:00,1781139180,2633.47978247,2665.88555604,2631.21626433,2665.01595082,
2026-06-11 00:54:00,1781139240,2665.01595082,2717.68945385,2664.84132377,2702.88737347,
2026-06-11 00:55:00,1781139300,2702.88737347,2714.64389614,2672.44184305,2682.76536795,
2026-06-11 00:56:00,1781139360,2682.76536795,2707.03763315,2682.4815705,2698.62631415,
2026-06-11 00:57:00,1781139420,2698.62631415,2702.66404477,2687.94074152,2689.84483743,
2026-06-11 00:58:00,1781139480,2689.84483743,2692.57933736,2664.82950959,2670.31169737,
2026-06-11 00:59:00,1781139540,2670.31169737,2711.76172172,2648.59699942,2711.58575069,
2026-06-11 01:00:00,1781139600,2711.58575069,2712.37664763,2668.12887578,2697.56426873,
2026-06-11 01:01:00,1781139660,2697.56426873,2698.26574304,2617.89284841,2618.67416047,
2026-06-11 01:02:00,1781139720,2618.67416047,2633.33007331,2602.02638857,2632.11549666,
2026-06-11 01:03:00,1781139780,2632.11549666,2646.12648806,2617.86670109,2633.94510226,
2026-06-11 01:04:00,1781139840,2633.94510226,2638.21086767,2551.06645848,2577.50474288,
2026-06-11 01:05:00,1781139900,2577.50474288,2602.79135242,2536.28980856,2554.17214459,
2026-06-11 01:06:00,1781139960,2554.17214459,2583.78493894,2541.75238712,2583.78493894,
2026-06-11 01:07:00,1781140020,2583.78493894,2627.73892457,2583.78493894,2600.87857582,
2026-06-11 01:08:00,1781140080,2600.87857582,2618.64777607,2583.76009042,2584.3125599,
2026-06-11 01:09:00,1781140140,2584.3125599,2622.37527645,2576.63558367,2615.39656191,
2026-06-11 01:10:00,1781140200,2615.39656191,2615.39656191,2564.93997647,2572.4193193,
2026-06-11 01:11:00,1781140260,2572.4193193,2578.53003907,2557.000902,2568.3451906,
2026-06-11 01:12:00,1781140320,2568.3451906,2574.48754272,2535.09743563,2546.73633772,
2026-06-11 01:13:00,1781140380,2546.73633772,2557.96560687,2457.35505799,2464.60153633,
2026-06-11 01:14:00,1781140440,2464.60153633,2515.51308546,2443.34312438,2514.90672115,
2026-06-11 01:15:00,1781140500,2514.90672115,2538.39921442,2470.35197547,2511.54640201,
2026-06-11 01:16:00,1781140560,2511.54640201,2518.66927636,2396.39819425,2411.14584651,
2026-06-11 01:17:00,1781140620,2411.14584651,2479.91085289,2407.13169803,2450.37663511,
2026-06-11 01:18:00,1781140680,2450.37663511,2468.87897072,2433.9291813,2445.4274792,
2026-06-11 01:19:00,1781140740,2445.4274792,2445.4274792,2362.9800915,2374.81268672,
2026-06-11 01:20:00,1781140800,2374.81268672,2442.84623439,2374.71554103,2438.31249207,
2026-06-11 01:21:00,1781140860,2438.31249207,2441.5659745,2390.67054411,2398.30269406,
2026-06-11 01:22:00,1781140920,2398.30269406,2452.79853817,2386.53448991,2442.02134703,
2026-06-11 01:23:00,1781140980,2442.02134703,2442.02134703,2387.00571599,2388.01193758,
2026-06-11 01:24:00,1781141040,2388.01193758,2404.4174984,2376.76937793,2394.3317062,
2026-06-11 01:25:00,1781141100,2394.3317062,2409.17468683,2378.62014685,2388.21070512,
2026-06-11 01:26:00,1781141160,2388.21070512,2409.21363751,2347.9971025,2407.09508835,
2026-06-11 01:27:00,1781141220,2407.09508835,2443.40109393,2402.57792298,2403.91922725,
2026-06-11 01:28:00,1781141280,2403.91922725,2416.7303761,2394.43981067,2414.710211,
2026-06-11 01:29:00,1781141340,2414.710211,2429.58675219,2391.18043789,2392.6635131,
2026-06-11 01:30:00,1781141400,2392.6635131,2400.11743619,2370.54829178,2397.92493317,
2026-06-11 01:31:00,1781141460,2397.92493317,2442.97800757,2397.92493317,2439.65880443,
2026-06-11 01:32:00,1781141520,2439.65880443,2439.65880443,2372.31951914,2372.48663899,
2026-06-11 01:33:00,1781141580,2372.48663899,2428.62569689,2370.54566585,2418.32325797,
2026-06-11 01:34:00,1781141640,2418.32325797,2424.42660174,2385.35827055,2386.96641115,
2026-06-11 01:35:00,1781141700,2386.96641115,2426.92802375,2386.96399425,2410.81375802,
2026-06-11 01:36:00,1781141760,2410.81375802,2454.34961602,2410.81256163,2454.17673533,
2026-06-11 01:37:00,1781141820,2454.17673533,2463.04836105,2432.91917512,2445.23456898,
2026-06-11 01:38:00,1781141880,2445.23456898,2445.23456898,2308.84583426,2308.84583426,
2026-06-11 01:39:00,1781141940,2308.84583426,2345.80846504,2302.18683089,2319.78499234,
2026-06-11 01:40:00,1781142000,2319.78499234,2347.90282781,2319.78499234,2346.72058082,
2026-06-11 01:41:00,1781142060,2346.72058082,2346.72058082,2230.05953014,2235.88574902,
2026-06-11 01:42:00,1781142120,2235.88574902,2301.85503759,2235.88574902,2291.88185274,
2026-06-11 01:43:00,1781142180,2291.88185274,2303.88387352,2269.76837115,2284.98491384,
2026-06-11 01:44:00,1781142240,2284.98491384,2337.31606884,2284.98491384,2324.17563737,
2026-06-11 01:45:00,1781142300,2324.17563737,2340.76128212,2318.62370567,2340.5912067,
2026-06-11 01:46:00,1781142360,2340.5912067,2344.9451237,2291.59115136,2306.01662605,
2026-06-11 01:47:00,1781142420,2306.01662605,2319.11883532,2286.43251657,2315.5243764,
2026-06-11 01:48:00,1781142480,2315.5243764,2344.552728,2307.3546668,2344.552728,
2026-06-11 01:49:00,1781142540,2344.552728,2346.39699577,2295.14329431,2310.62904869,
2026-06-11 01:50:00,1781142600,2310.62904869,2364.34758568,2310.46100025,2342.31846076,
2026-06-11 01:51:00,1781142660,2342.31846076,2342.31846076,2299.25275049,2309.83897025,
2026-06-11 01:52:00,1781142720,2309.83897025,2328.28744904,2287.58102457,2324.48017258,
2026-06-11 01:53:00,1781142780,2324.48017258,2330.05577674,2307.59705461,2320.68919685,
2026-06-11 01:54:00,1781142840,2320.68919685,2356.74426424,2308.93475212,2355.78051604,
2026-06-11 01:55:00,1781142900,2355.78051604,2392.80780715,2355.61130783,2386.24218862,
2026-06-11 01:56:00,1781142960,2386.24218862,2390.00131738,2358.06932235,2360.31263506,
2026-06-11 01:57:00,1781143020,2360.31263506,2365.67044539,2341.54650063,2347.82975817,
2026-06-11 01:58:00,1781143080,2347.82975817,2355.96330113,2334.82913011,2338.56966066,
2026-06-11 01:59:00,1781143140,2338.56966066,2367.61232363,2316.07666878,2365.63105369,
2026-06-11 02:00:00,1781143200,2365.63105369,2365.63105369,2339.91741107,2352.74595477,
2026-06-11 02:01:00,1781143260,2352.74595477,2385.6156407,2332.39450959,2332.39450959,
2026-06-11 02:02:00,1781143320,2332.39450959,2359.69214007,2301.50755364,2359.50054105,
2026-06-11 02:03:00,1781143380,2359.50054105,2376.49989038,2341.22925068,2345.41585595,
2026-06-11 02:04:00,1781143440,2345.41585595,2349.86326291,2305.14591571,2312.07667046,
2026-06-11 02:05:00,1781143500,2312.07667046,2357.29455396,2305.48084204,2348.66371648,
2026-06-11 02:06:00,1781143560,2348.66371648,2385.09379511,2335.71878613,2381.90123973,
2026-06-11 02:07:00,1781143620,2381.90123973,2400.11701294,2377.74412021,2394.29874135,
2026-06-11 02:08:00,1781143680,2394.29874135,2411.32171642,2383.09208743,2411.09714311,
2026-06-11 02:09:00,1781143740,2411.09714311,2416.01495604,2395.6880147,2397.05481582,
2026-06-11 02:10:00,1781143800,2397.05481582,2423.03409316,2397.05481582,2417.55894748,
2026-06-11 02:11:00,1781143860,2417.55894748,2437.70158891,2413.46448764,2437.35729977,
2026-06-11 02:12:00,1781143920,2437.35729977,2448.0515364,2413.11333986,2419.58975767,
2026-06-11 02:13:00,1781143980,2419.58975767,2420.86071558,2394.32392029,2407.62201097,
2026-06-11 02:14:00,1781144040,2407.62201097,2418.6326495,2380.44681313,2393.79113711,
2026-06-11 02:15:00,1781144100,2393.79113711,2393.79113711,2368.27108308,2381.94630023,
2026-06-11 02:16:00,1781144160,2381.94630023,2420.46622331,2346.20882326,2348.98122389,
2026-06-11 02:17:00,1781144220,2348.98122389,2359.5166256,2317.28449183,2319.2733243,
2026-06-11 02:18:00,1781144280,2319.2733243,2324.52922308,2280.65674967,2302.45859282,
2026-06-11 02:19:00,1781144340,2302.45859282,2317.33680177,2281.87904796,2292.37072368,
2026-06-11 02:20:00,1781144400,2292.37072368,2364.78442871,2288.23789969,2349.55267943,
2026-06-11 02:21:00,1781144460,2349.55267943,2436.17278299,2349.55144676,2429.01122689,
2026-06-11 02:22:00,1781144520,2429.01122689,2483.12940243,2429.01122689,2477.34871131,
2026-06-11 02:23:00,1781144580,2477.34871131,2479.98534617,2444.14495453,2464.39639597,
2026-06-11 02:24:00,1781144640,2464.39639597,2477.13070152,2451.46456163,2452.95277547,
2026-06-11 02:25:00,1781144700,2452.95277547,2469.05771082,2446.10609708,2460.1750536,
2026-06-11 02:26:00,1781144760,2460.1750536,2468.38754249,2409.90666872,2410.49916037,
2026-06-11 02:27:00,1781144820,2410.49916037,2465.15387287,2399.34306209,2465.15387287,
2026-06-11 02:28:00,1781144880,2465.15387287,2486.79959316,2465.06709276,2485.50703446,
2026-06-11 02:29:00,1781144940,2485.50703446,2497.5277223,2484.24379282,2485.27190019,
2026-06-11 02:30:00,1781145000,2485.27190019,2503.38265526,2458.45482699,2496.14460031,
2026-06-11 02:31:00,1781145060,2496.14460031,2553.48255472,2487.30964279,2552.21043335,
2026-06-11 02:32:00,1781145120,2552.21043335,2570.07086151,2548.26006062,2561.54520528,
2026-06-11 02:33:00,1781145180,2561.54520528,2561.54520528,2525.75790565,2537.43567571,
2026-06-11 02:34:00,1781145240,2537.43567571,2590.62842368,2536.39490021,2561.13717298,
2026-06-11 02:35:00,1781145300,2561.13717298,2568.52690928,2529.47605499,2541.0366857,
2026-06-11 02:36:00,1781145360,2541.0366857,2541.0366857,2503.91721401,2507.10263144,
2026-06-11 02:37:00,1781145420,2507.10263144,2512.12088723,2486.20616201,2509.3710859,
2026-06-11 02:38:00,1781145480,2509.3710859,2524.4458329,2503.50443392,2508.04850816,
2026-06-11 02:39:00,1781145540,2508.04850816,2512.01107414,2468.66148977,2496.04464239,
2026-06-11 02:40:00,1781145600,2496.04464239,2497.16171127,2444.54241653,2465.75296231,
2026-06-11 02:41:00,1781145660,2465.75296231,2478.84409726,2459.58306362,2463.79998939,
2026-06-11 02:42:00,1781145720,2463.79998939,2498.11453476,2463.37196233,2490.94976481,
2026-06-11 02:43:00,1781145780,2490.94976481,2490.94976481,2459.67789673,2465.6404827,
2026-06-11 02:44:00,1781145840,2465.6404827,2485.27057448,2460.32783139,2476.63967705,
2026-06-11 02:45:00,1781145900,2476.63967705,2502.06892209,2474.74888991,2484.83880303,
2026-06-11 02:46:00,1781145960,2484.83880303,2515.94277584,2478.22170729,2511.44366514,
2026-06-11 02:47:00,1781146020,2511.44366514,2519.40348301,2497.60265593,2512.83623771,
2026-06-11 02:48:00,1781146080,2512.83623771,2522.23529926,2503.01116905,2520.03135939,
2026-06-11 02:49:00,1781146140,2520.03135939,2535.36210708,2519.03056363,2526.66417556,
2026-06-11 02:50:00,1781146200,2526.66417556,2526.92150298,2456.44718805,2465.22401298,
2026-06-11 02:51:00,1781146260,2465.22401298,2504.6979656,2440.46960847,2502.4064978,
2026-06-11 02:52:00,1781146320,2502.4064978,2502.4215266,2477.40275552,2477.40275552,
2026-06-11 02:53:00,1781146380,2477.40275552,2482.67833109,2447.09871181,2458.03594628,
2026-06-11 02:54:00,1781146440,2458.03594628,2465.65438149,2420.79178995,2446.48209777,
2026-06-11 02:55:00,1781146500,2446.48209777,2456.07402871,2406.01195863,2447.35997949,
2026-06-11 02:56:00,1781146560,2447.35997949,2448.30061284,2353.97039754,2373.73791217,
2026-06-11 02:57:00,1781146620,2373.73791217,2378.43181098,2342.21091746,2355.30597379,
2026-06-11 02:58:00,1781146680,2355.30597379,2377.40624481,2349.28115885,2377.40224928,
2026-06-11 02:59:00,1781146740,2377.40224928,2415.3486345,2377.40224928,2411.34477754,
2026-06-11 03:00:00,1781146800,2411.34477754,2415.76998596,2387.00495606,2393.93596287,
2026-06-11 03:01:00,1781146860,2393.93596287,2403.55704356,2371.64120806,2386.1160536,
2026-06-11 03:02:00,1781146920,2386.1160536,2413.99366673,2381.77711657,2391.36795207,
2026-06-11 03:03:00,1781146980,2391.36795207,2404.0950608,2380.79320053,2396.22129828,
2026-06-11 03:04:00,1781147040,2396.22129828,2403.78495908,2389.35481636,2391.62197097,
2026-06-11 03:05:00,1781147100,2391.62197097,2414.01202634,2377.35093367,2410.65022918,
2026-06-11 03:06:00,1781147160,2410.65022918,2481.64453372,2410.54458229,2471.50918967,
2026-06-11 03:07:00,1781147220,2471.50918967,2477.51082774,2434.70353886,2444.00065839,
2026-06-11 03:08:00,1781147280,2444.00065839,2468.9270328,2443.95282943,2454.55011885,
2026-06-11 03:09:00,1781147340,2454.55011885,2454.63483123,2418.56879571,2433.22343203,
2026-06-11 03:10:00,1781147400,2433.22343203,2461.00474639,2432.11657786,2453.95694757,
2026-06-11 03:11:00,1781147460,2453.95694757,2485.31832433,2447.88659015,2473.6664807,
2026-06-11 03:12:00,1781147520,2473.6664807,2522.33097294,2473.57928511,2521.63608423,
2026-06-11 03:13:00,1781147580,2521.63608423,2529.62541015,2490.78997631,2490.78997631,
2026-06-11 03:14:00,1781147640,2490.78997631,2490.78997631,2450.36671411,2476.02087701,
2026-06-11 03:15:00,1781147700,2476.02087701,2491.18250811,2460.87633781,2462.73262549,
2026-06-11 03:16:00,1781147760,2462.73262549,2476.66238242,2455.11443139,2457.74186484,
2026-06-11 03:17:00,1781147820,2457.74186484,2465.69607431,2419.36779063,2444.07678292,
2026-06-11 03:18:00,1781147880,2444.07678292,2445.87535722,2426.2362178,2441.38254968,
2026-06-11 03:19:00,1781147940,2441.38254968,2482.60907318,2439.66884719,2482.43662258,
2026-06-11 03:20:00,1781148000,2482.43662258,2509.44342515,2482.26305695,2507.66122257,
2026-06-11 03:21:00,1781148060,2507.66122257,2518.67683969,2473.84115437,2475.32213536,
2026-06-11 03:22:00,1781148120,2475.32213536,2497.05873998,2455.69580877,2490.58916851,
2026-06-11 03:23:00,1781148180,2490.58916851,2493.97539205,2479.10640147,2479.95698968,
2026-06-11 03:24:00,1781148240,2479.95698968,2483.75040238,2444.22104578,2445.07870928,
2026-06-11 03:25:00,1781148300,2445.07870928,2467.55677605,2437.84174514,2438.07975887,
2026-06-11 03:26:00,1781148360,2438.07975887,2460.8819626,2438.07860946,2447.35567293,
2026-06-11 03:27:00,1781148420,2447.35567293,2458.67151896,2428.94059096,2435.99045304,
2026-06-11 03:28:00,1781148480,2435.99045304,2442.24646201,2434.77503648,2437.01842736,
2026-06-11 03:29:00,1781148540,2437.01842736,2447.40407683,2431.94442299,2437.98679764,
2026-06-11 03:30:00,1781148600,2437.98679764,2441.52766073,2410.72657538,2415.87402872,
2026-06-11 03:31:00,1781148660,2415.87402872,2417.92165943,2350.61219386,2350.94944518,
2026-06-11 03:32:00,1781148720,2350.94944518,2358.57518833,2280.29226392,2306.40550568,
2026-06-11 03:33:00,1781148780,2306.40550568,2317.41384897,2146.99180707,2154.38379011,
2026-06-11 03:34:00,1781148840,2154.38379011,2186.91498043,2065.04515731,2179.86790938,
2026-06-11 03:35:00,1781148900,2179.86790938,2222.90362066,2131.21192094,2172.85446429,
2026-06-11 03:36:00,1781148960,2172.85446429,2246.42664313,2157.70922134,2219.84723202,
2026-06-11 03:37:00,1781149020,2219.84723202,2239.23148097,2197.25216396,2201.36609722,
2026-06-11 03:38:00,1781149080,2201.36609722,2223.2125038,2189.90402004,2217.52078437,
2026-06-11 03:39:00,1781149140,2217.52078437,2222.06112411,2193.24582031,2221.11262593,
2026-06-11 03:40:00,1781149200,2221.11262593,2235.96333385,2196.4956107,2229.89180676,
2026-06-11 03:41:00,1781149260,2229.89180676,2239.61586635,2206.35187636,2206.35187636,
2026-06-11 03:42:00,1781149320,2206.35187636,2221.09718032,2179.83890041,2189.08386211,
2026-06-11 03:43:00,1781149380,2189.08386211,2190.93931934,2181.56499097,2185.88556121,
2026-06-11 03:44:00,1781149440,2185.88556121,2226.19298869,2185.88556121,2220.86709727,
2026-06-11 03:45:00,1781149500,2220.86709727,2220.86709727,2147.69700007,2172.45852618,
2026-06-11 03:46:00,1781149560,2172.45852618,2207.66225151,2171.961168,2206.50795427,
2026-06-11 03:47:00,1781149620,2206.50795427,2223.67369649,2151.71720124,2182.56258767,
2026-06-11 03:48:00,1781149680,2182.56258767,2197.61078883,2139.21340513,2180.28953505,
2026-06-11 03:49:00,1781149740,2180.28953505,2187.47010877,2142.77223633,2187.47010877,
2026-06-11 03:50:00,1781149800,2187.47010877,2187.55232592,2135.17675297,2143.09675799,
2026-06-11 03:51:00,1781149860,2143.09675799,2155.05852184,2137.01798082,2148.04416545,
2026-06-11 03:52:00,1781149920,2148.04416545,2171.7362692,2109.20238217,2141.68250912,
2026-06-11 03:53:00,1781149980,2141.68250912,2158.03024116,2109.20992174,2122.73571724,
2026-06-11 03:54:00,1781150040,2122.73571724,2138.6511201,2122.73571724,2132.75432825,
2026-06-11 03:55:00,1781150100,2132.75432825,2139.61142756,1932.37434623,1941.75522699,
2026-06-11 03:56:00,1781150160,1941.75522699,1974.98130223,1850.03621986,1939.00113986,
2026-06-11 03:57:00,1781150220,1939.00113986,1943.26748261,1897.91057896,1905.11605994,
2026-06-11 03:58:00,1781150280,1905.11605994,1934.59349091,1866.1351972,1927.14174455,
2026-06-11 03:59:00,1781150340,1927.14174455,1961.43575822,1911.83044908,1961.43575822,
2026-06-11 04:00:00,1781150400,1961.43575822,1987.8291336,1945.43046577,1987.8291336,
2026-06-11 04:01:00,1781150460,1987.8291336,2041.25787436,1985.44592987,2032.55970935,
2026-06-11 04:02:00,1781150520,2032.55970935,2032.55970935,1961.13708783,1989.00040357,
2026-06-11 04:03:00,1781150580,1989.00040357,2031.63449292,1989.00040357,2008.82922648,
2026-06-11 04:04:00,1781150640,2008.82922648,2008.90729475,1971.56709967,1998.43115862,
2026-06-11 04:05:00,1781150700,1998.43115862,2030.4402867,1998.14786837,2014.02514393,
2026-06-11 04:06:00,1781150760,2014.02514393,2042.72625299,2004.85663042,2033.9305681,
2026-06-11 04:07:00,1781150820,2033.9305681,2037.46380814,2013.80885291,2028.18291082,
2026-06-11 04:08:00,1781150880,2028.18291082,2028.18291082,1998.34150274,2000.48095823,
2026-06-11 04:09:00,1781150940,2000.48095823,2028.99787695,1996.74673186,2001.90039904,
2026-06-11 04:10:00,1781151000,2001.90039904,2046.80561515,1965.59442636,1980.32077435,
2026-06-11 04:11:00,1781151060,1980.32077435,2005.37031861,1955.82424491,1958.25818929,
2026-06-11 04:12:00,1781151120,1958.25818929,1974.1698541,1937.02074151,1948.45085482,
2026-06-11 04:13:00,1781151180,1948.45085482,1961.21284834,1914.95568301,1939.21911238,
2026-06-11 04:14:00,1781151240,1939.21911238,1972.88302406,1933.25711833,1972.88302406,
2026-06-11 04:15:00,1781151300,1972.88302406,1994.85801305,1969.01263857,1971.60487748,
2026-06-11 04:16:00,1781151360,1971.60487748,1998.43667424,1936.04326631,1998.0395128,
2026-06-11 04:17:00,1781151420,1998.0395128,2006.10292303,1984.28511538,1991.29486955,
2026-06-11 04:18:00,1781151480,1991.29486955,2021.53137482,1985.89968682,2013.58998565,
2026-06-11 04:19:00,1781151540,2013.58998565,2014.40547288,1976.74188276,1976.90019268,
2026-06-11 04:20:00,1781151600,1976.90019268,1992.69764137,1937.01373402,1945.93574625,
2026-06-11 04:21:00,1781151660,1945.93574625,1996.79890728,1938.39833262,1994.55075879,
2026-06-11 04:22:00,1781151720,1994.55075879,2018.71103961,1992.75635142,2001.52882324,
2026-06-11 04:23:00,1781151780,2001.52882324,2013.80294439,1986.73453079,1995.47176876,
2026-06-11 04:24:00,1781151840,1995.47176876,2011.37171195,1975.12147713,2005.75043326,
2026-06-11 04:25:00,1781151900,2005.75043326,2023.8301915,2000.4738305,2009.77301491,
2026-06-11 04:26:00,1781151960,2009.77301491,2010.25196613,1988.04012491,1995.08039944,
2026-06-11 04:27:00,1781152020,1995.08039944,2021.17560632,1995.08039944,2015.27461743,
2026-06-11 04:28:00,1781152080,2015.27461743,2023.110505,2005.23836057,2013.69398279,
2026-06-11 04:29:00,1781152140,2013.69398279,2014.22664072,1998.64275929,2005.45026814,
2026-06-11 04:30:00,1781152200,2005.45026814,2008.55764749,1984.14836382,1990.7884309,
2026-06-11 04:31:00,1781152260,1990.7884309,2010.50005139,1980.42173864,2010.46134768,
2026-06-11 04:32:00,1781152320,2010.46134768,2033.06358635,2009.58100784,2016.22947929,
2026-06-11 04:33:00,1781152380,2016.22947929,2048.46752224,2008.99730229,2047.1281652,
2026-06-11 04:34:00,1781152440,2047.1281652,2073.34184247,2036.8356326,2062.95000968,
2026-06-11 04:35:00,1781152500,2062.95000968,2068.03408059,2037.86649461,2045.60944335,
2026-06-11 04:36:00,1781152560,2045.60944335,2052.67309928,2021.65257267,2025.99151085,
2026-06-11 04:37:00,1781152620,2025.99151085,2045.09595666,2024.46687753,2034.50847418,
2026-06-11 04:38:00,1781152680,2034.50847418,2034.50847418,1969.85029032,1979.41764607,
2026-06-11 04:39:00,1781152740,1979.41764607,1986.75735463,1960.9159107,1961.17762124,
2026-06-11 04:40:00,1781152800,1961.17762124,1993.83499413,1946.92496552,1971.5242283,
2026-06-11 04:41:00,1781152860,1971.5242283,2003.87183372,1971.45130038,1996.74185726,
2026-06-11 04:42:00,1781152920,1996.74185726,1999.60156246,1985.10235311,1997.64841307,
2026-06-11 04:43:00,1781152980,1997.64841307,2009.58560467,1992.8517794,1995.86712899,
2026-06-11 04:44:00,1781153040,1995.86712899,1995.86712899,1969.17396783,1979.3649245,
2026-06-11 04:45:00,1781153100,1979.3649245,1979.3649245,1944.7997336,1948.57105419,
2026-06-11 04:46:00,1781153160,1948.57105419,1953.02485255,1940.11536674,1944.3269216,
2026-06-11 04:47:00,1781153220,1944.3269216,1944.93916886,1883.10656265,1892.76019142,
2026-06-11 04:48:00,1781153280,1892.76019142,1934.25823955,1892.49930993,1896.91655485,
2026-06-11 04:49:00,1781153340,1896.91655485,1903.52867936,1870.77529971,1881.89039801,
2026-06-11 04:50:00,1781153400,1881.89039801,1882.72009701,1831.67520439,1832.44101017,
2026-06-11 04:51:00,1781153460,1832.44101017,1862.29738442,1826.07972531,1862.21996416,
2026-06-11 04:52:00,1781153520,1862.21996416,1862.21996416,1813.84420051,1844.67353497,
2026-06-11 04:53:00,1781153580,1844.67353497,1867.63085999,1838.18882761,1855.1277259,
2026-06-11 04:54:00,1781153640,1855.1277259,1865.31416887,1836.21225517,1838.68865516,
2026-06-11 04:55:00,1781153700,1838.68865516,1868.22420278,1830.35024562,1865.80978603,
2026-06-11 04:56:00,1781153760,1865.80978603,1874.66739243,1857.08092172,1873.80808172,
2026-06-11 04:57:00,1781153820,1873.80808172,1894.44349401,1871.55283894,1885.73339733,
2026-06-11 04:58:00,1781153880,1885.73339733,1942.63672755,1885.49110933,1936.73864797,
2026-06-11 04:59:00,1781153940,1936.73864797,1940.64590662,1900.75822523,1914.49570127,
2026-06-11 05:00:00,1781154000,1914.49570127,2000.51207787,1911.02384546,1991.75259181,
2026-06-11 05:01:00,1781154060,1991.75259181,2011.36575022,1984.1635912,2007.4502328,
2026-06-11 05:02:00,1781154120,2007.4502328,2022.63244866,1979.45864102,2001.28723221,
2026-06-11 05:03:00,1781154180,2001.28723221,2023.46762026,1993.80001496,2011.18301639,
2026-06-11 05:04:00,1781154240,2011.18301639,2025.02739617,2008.41026687,2022.05869781,
2026-06-11 05:05:00,1781154300,2022.05869781,2036.37803794,2021.33400368,2025.24592736,
2026-06-11 05:06:00,1781154360,2025.24592736,2049.33856266,2018.38902201,2046.5733824,
2026-06-11 05:07:00,1781154420,2046.5733824,2047.30272617,2013.90324772,2026.52562103,
2026-06-11 05:08:00,1781154480,2026.52562103,2026.52562103,2007.34050199,2013.7427275,
2026-06-11 05:09:00,1781154540,2013.7427275,2016.95697486,1991.96680986,1995.0656002,
2026-06-11 05:10:00,1781154600,1995.0656002,2010.87240745,1977.6186792,2009.39969384,
2026-06-11 05:11:00,1781154660,2009.39969384,2023.69149819,2005.95280559,2019.60210706,
2026-06-11 05:12:00,1781154720,2019.60210706,2020.54157067,1982.4394606,1994.61012653,
2026-06-11 05:13:00,1781154780,1994.61012653,2015.40204858,1989.81444543,2013.70276002,
2026-06-11 05:14:00,1781154840,2013.70276002,2014.50915433,1983.10156949,1986.39179861,
2026-06-11 05:15:00,1781154900,1986.39179861,1998.53233384,1959.78988012,1969.63792589,
2026-06-11 05:16:00,1781154960,1969.63792589,1969.63792589,1928.64934841,1939.82037804,
2026-06-11 05:17:00,1781155020,1939.82037804,1946.46202112,1914.64908525,1936.73694465,
2026-06-11 05:18:00,1781155080,1936.73694465,1981.40620724,1934.09276941,1981.40620724,
2026-06-11 05:19:00,1781155140,1981.40620724,1985.78450551,1943.33843006,1977.31544473,
2026-06-11 05:20:00,1781155200,1977.31544473,1984.29003034,1951.81016759,1951.81016759,
2026-06-11 05:21:00,1781155260,1951.81016759,1952.76818267,1914.01370452,1916.43777281,
2026-06-11 05:22:00,1781155320,1916.43777281,1937.0966105,1908.48647582,1908.48647582,
2026-06-11 05:23:00,1781155380,1908.48647582,1945.75558739,1901.73961643,1945.75558739,
2026-06-11 05:24:00,1781155440,1945.75558739,1950.09906999,1920.2092031,1939.21715081,
2026-06-11 05:25:00,1781155500,1939.21715081,1970.17077875,1936.48033027,1950.556494,
2026-06-11 05:26:00,1781155560,1950.556494,1975.46913812,1938.14674619,1963.34331291,
2026-06-11 05:27:00,1781155620,1963.34331291,1997.63590398,1955.63928778,1997.31057662,
2026-06-11 05:28:00,1781155680,1997.31057662,2020.7994978,1995.7450531,1995.82602616,
2026-06-11 05:29:00,1781155740,1995.82602616,1995.90563155,1969.89958934,1974.79272328,
2026-06-11 05:30:00,1781155800,1974.79272328,1982.79117446,1957.40000539,1975.59796463,
2026-06-11 05:31:00,1781155860,1975.59796463,2006.44420443,1974.1405903,1996.75117394,
2026-06-11 05:32:00,1781155920,1996.75117394,1996.75117394,1938.69374276,1944.05680097,
2026-06-11 05:33:00,1781155980,1944.05680097,1966.40604471,1927.9029165,1952.23108564,
2026-06-11 05:34:00,1781156040,1952.23108564,1966.27907324,1945.25961087,1962.73584493,
2026-06-11 05:35:00,1781156100,1962.73584493,1994.07677086,1956.85481169,1985.27107688,
2026-06-11 05:36:00,1781156160,1985.27107688,1993.26822893,1930.30439155,1946.52972164,
2026-06-11 05:37:00,1781156220,1946.52972164,1957.42799099,1934.82234275,1947.48134625,
2026-06-11 05:38:00,1781156280,1947.48134625,1952.15097449,1933.31765052,1937.12859539,
2026-06-11 05:39:00,1781156340,1937.12859539,1976.83874693,1937.12859539,1975.22218431,
2026-06-11 05:40:00,1781156400,1975.22218431,1981.484283,1962.98422328,1970.28456525,
2026-06-11 05:41:00,1781156460,1970.28456525,1974.75663469,1943.94082918,1943.94082918,
2026-06-11 05:42:00,1781156520,1943.94082918,1949.8209345,1933.03480726,1941.71067707,
2026-06-11 05:43:00,1781156580,1941.71067707,1942.11489633,1912.29411112,1928.31355372,
2026-06-11 05:44:00,1781156640,1928.31355372,1940.47921318,1911.63127459,1915.7768685,
2026-06-11 05:45:00,1781156700,1915.7768685,1919.09928642,1905.40249194,1914.42899025,
2026-06-11 05:46:00,1781156760,1914.42899025,1927.75236123,1909.19814965,1919.39112264,
2026-06-11 05:47:00,1781156820,1919.39112264,1948.70786512,1916.96595277,1948.38593295,
2026-06-11 05:48:00,1781156880,1948.38593295,1971.45933681,1940.45120199,1949.87259094,
2026-06-11 05:49:00,1781156940,1949.87259094,1955.89215223,1936.52386826,1952.42875551,
2026-06-11 05:50:00,1781157000,1952.42875551,1972.56071029,1939.22644508,1965.67825097,
2026-06-11 05:51:00,1781157060,1965.67825097,1975.5626449,1934.53315712,1964.04378578,
2026-06-11 05:52:00,1781157120,1964.04378578,1977.72365397,1962.10655211,1967.42863205,
2026-06-11 05:53:00,1781157180,1967.42863205,1967.50820797,1920.27502003,1921.18427906,
2026-06-11 05:54:00,1781157240,1921.18427906,1970.538505,1921.18288233,1963.67650665,
2026-06-11 05:55:00,1781157300,1963.67650665,1963.91778902,1917.58036256,1924.9900114,
2026-06-11 05:56:00,1781157360,1924.9900114,1951.65308331,1906.16752518,1944.21690371,
2026-06-11 05:57:00,1781157420,1944.21690371,1953.04323346,1924.86175537,1927.99538992,
2026-06-11 05:58:00,1781157480,1927.99538992,1952.82545084,1921.02765956,1951.29701669,
2026-06-11 05:59:00,1781157540,1951.29701669,1993.69626897,1951.29701669,1980.58681877,
2026-06-11 06:00:00,1781157600,1980.58681877,1992.8141798,1966.57010992,1975.06020943,
2026-06-11 06:01:00,1781157660,1975.06020943,1993.84340119,1964.42838672,1984.6832685,
2026-06-11 06:02:00,1781157720,1984.6832685,1996.32022156,1982.91322718,1994.8516575,
2026-06-11 06:03:00,1781157780,1994.8516575,1994.8516575,1966.80985348,1971.8365126,
2026-06-11 06:04:00,1781157840,1971.8365126,2036.74541809,1971.8365126,2036.74541809,
2026-06-11 06:05:00,1781157900,2036.74541809,2043.89407913,1993.10978489,2005.74312206,
2026-06-11 06:06:00,1781157960,2005.74312206,2031.3244928,2001.83774967,2008.68524026,
2026-06-11 06:07:00,1781158020,2008.68524026,2014.11464841,1988.46476603,2011.13892234,
2026-06-11 06:08:00,1781158080,2011.13892234,2011.9526556,1951.61951626,1954.98906116,
2026-06-11 06:09:00,1781158140,1954.98906116,1961.31165122,1926.9481518,1942.17318427,
2026-06-11 06:10:00,1781158200,1942.17318427,1950.58486641,1924.08742002,1929.7952723,
2026-06-11 06:11:00,1781158260,1929.7952723,1941.05550921,1892.35317876,1901.63045434,
2026-06-11 06:12:00,1781158320,1901.63045434,1904.3407044,1834.98258915,1834.98258915,
2026-06-11 06:13:00,1781158380,1834.98258915,1864.94897102,1821.81663103,1850.072634,
2026-06-11 06:14:00,1781158440,1850.072634,1857.83485161,1842.44422188,1846.14330269,
2026-06-11 06:15:00,1781158500,1846.14330269,1846.14330269,1796.99549655,1811.17759505,
2026-06-11 06:16:00,1781158560,1811.17759505,1821.93525046,1769.26253928,1818.97011681,
2026-06-11 06:17:00,1781158620,1818.97011681,1840.07047949,1817.05535032,1822.95611995,
2026-06-11 06:18:00,1781158680,1822.95611995,1885.3660584,1822.95463845,1878.74670188,
2026-06-11 06:19:00,1781158740,1878.74670188,1881.84290887,1841.10866008,1854.36320874,
2026-06-11 06:20:00,1781158800,1854.36320874,1854.36320874,1788.97011973,1792.11271997,
2026-06-11 06:21:00,1781158860,1792.11271997,1792.57915626,1688.09919292,1726.03560117,
2026-06-11 06:22:00,1781158920,1726.03560117,1759.75612855,1726.03560117,1754.85377244,
2026-06-11 06:23:00,1781158980,1754.85377244,1766.08326038,1708.37053826,1721.00773939,
2026-06-11 06:24:00,1781159040,1721.00773939,1742.05611898,1677.9918347,1686.76096229,
2026-06-11 06:25:00,1781159100,1686.76096229,1734.91922922,1673.49363171,1734.91922922,
2026-06-11 06:26:00,1781159160,1734.91922922,1770.93789643,1722.81283253,1760.13086393,
2026-06-11 06:27:00,1781159220,1760.13086393,1779.58764932,1740.34272547,1769.52445396,
2026-06-11 06:28:00,1781159280,1769.52445396,1776.78102379,1759.10658124,1766.53546373,
2026-06-11 06:29:00,1781159340,1766.53546373,1782.80278198,1753.10592177,1761.19004013,
2026-06-11 06:30:00,1781159400,1761.19004013,1779.70095943,1750.62850688,1779.23358548,
2026-06-11 06:31:00,1781159460,1779.23358548,1779.28402106,1732.65992697,1734.05219201,
2026-06-11 06:32:00,1781159520,1734.05219201,1736.00334827,1701.96337477,1716.36270896,
2026-06-11 06:33:00,1781159580,1716.36270896,1740.80637812,1716.36073283,1718.9038946,
2026-06-11 06:34:00,1781159640,1718.9038946,1725.3636736,1687.10442247,1698.03325172,
2026-06-11 06:35:00,1781159700,1698.03325172,1720.92558069,1697.76794168,1713.74429083,
2026-06-11 06:36:00,1781159760,1713.74429083,1718.71654747,1670.71305027,1680.65733592,
2026-06-11 06:37:00,1781159820,1680.65733592,1700.90480096,1670.44450236,1685.83668828,
2026-06-11 06:38:00,1781159880,1685.83668828,1698.19442461,1679.84291577,1681.29458694,
2026-06-11 06:39:00,1781159940,1681.29458694,1689.20092215,1681.26279029,1687.40599837,
2026-06-11 06:40:00,1781160000,1687.40599837,1688.72059511,1679.43540609,1688.00452809,
2026-06-11 06:41:00,1781160060,1688.00452809,1734.8936743,1667.59008404,1669.65864321,
2026-06-11 06:42:00,1781160120,1669.65864321,1702.65044471,1669.65864321,1699.12176239,
2026-06-11 06:43:00,1781160180,1699.12176239,1728.21293825,1698.17897839,1725.75096206,
2026-06-11 06:44:00,1781160240,1725.75096206,1725.75096206,1698.55253334,1698.62939718,
2026-06-11 06:45:00,1781160300,1698.62939718,1732.9992017,1694.48569246,1732.17071689,
2026-06-11 06:46:00,1781160360,1732.17071689,1770.56315537,1730.89012411,1758.88237928,
2026-06-11 06:47:00,1781160420,1758.88237928,1780.10451411,1758.61769023,1774.89084199,
2026-06-11 06:48:00,1781160480,1774.89084199,1787.51872667,1768.80153616,1769.89516582,
2026-06-11 06:49:00,1781160540,1769.89516582,1809.93442457,1768.1093991,1806.22414141,
2026-06-11 06:50:00,1781160600,1806.22414141,1814.62122638,1794.68206083,1799.18468096,
2026-06-11 06:51:00,1781160660,1799.18468096,1806.28429861,1795.36891452,1795.52653797,
2026-06-11 06:52:00,1781160720,1795.52653797,1813.87495688,1792.91401924,1811.12849989,
2026-06-11 06:53:00,1781160780,1811.12849989,1828.0107939,1811.05889896,1821.55915997,
2026-06-11 06:54:00,1781160840,1821.55915997,1829.45634901,1802.04641156,1802.04641156,
2026-06-11 06:55:00,1781160900,1802.04641156,1857.84337816,1802.04496949,1843.63200318,
2026-06-11 06:56:00,1781160960,1843.63200318,1854.92073269,1835.0133532,1850.4347603,
2026-06-11 06:57:00,1781161020,1850.4347603,1850.4347603,1828.74642498,1838.60116405,
2026-06-11 06:58:00,1781161080,1838.60116405,1839.88579997,1815.43672243,1832.55579657,
2026-06-11 06:59:00,1781161140,1832.55579657,1843.54662603,1829.66876542,1843.54380166,
2026-06-11 07:00:00,1781161200,1843.54380166,1855.02918617,1837.23219679,1851.72975252,
2026-06-11 07:01:00,1781161260,1851.72975252,1862.73219678,1836.26022079,1842.14230891,
2026-06-11 07:02:00,1781161320,1842.14230891,1902.44781207,1825.53518874,1902.44781207,
2026-06-11 07:03:00,1781161380,1902.44781207,1923.69312004,1884.84893339,1909.09804229,
2026-06-11 07:04:00,1781161440,1909.09804229,1930.95141878,1899.37632613,1930.86903136,
2026-06-11 07:05:00,1781161500,1930.86903136,1933.58764689,1917.79126819,1929.41425704,
2026-06-11 07:06:00,1781161560,1929.41425704,1937.58106618,1916.06384713,1936.82394966,
2026-06-11 07:07:00,1781161620,1936.82394966,1976.7735188,1931.55914274,1964.19189539,
2026-06-11 07:08:00,1781161680,1964.19189539,1964.19189539,1941.81239733,1941.81239733,
2026-06-11 07:09:00,1781161740,1941.81239733,1959.82799374,1938.12325927,1945.01425721,
2026-06-11 07:10:00,1781161800,1945.01425721,1957.26464059,1924.69454775,1930.14904899,
2026-06-11 07:11:00,1781161860,1930.14904899,1937.31942902,1909.18080523,1932.46594708,
2026-06-11 07:12:00,1781161920,1932.46594708,1966.37888069,1930.25170149,1964.19203987,
2026-06-11 07:13:00,1781161980,1964.19203987,1986.86312394,1942.14419097,1955.56391613,
2026-06-11 07:14:00,1781162040,1955.56391613,1955.64342582,1931.71736536,1944.54469043,
2026-06-11 07:15:00,1781162100,1944.54469043,1955.99817995,1935.82026836,1940.58478464,
2026-06-11 07:16:00,1781162160,1940.58478464,1958.59775123,1920.07421213,1924.25536427,
2026-06-11 07:17:00,1781162220,1924.25536427,1933.04443474,1914.69583067,1923.09945155,
2026-06-11 07:18:00,1781162280,1923.09945155,1926.68895798,1893.35850335,1910.59087679,
2026-06-11 07:19:00,1781162340,1910.59087679,1926.25781803,1910.34195239,1922.66058253,
2026-06-11 07:20:00,1781162400,1922.66058253,1925.06179327,1875.92930371,1876.64401232,
2026-06-11 07:21:00,1781162460,1876.64401232,1878.14106466,1847.45811056,1850.53111148,
2026-06-11 07:22:00,1781162520,1850.53111148,1876.95138953,1832.64730184,1866.6464761,
2026-06-11 07:23:00,1781162580,1866.6464761,1895.961758,1866.64499042,1888.26823846,
2026-06-11 07:24:00,1781162640,1888.26823846,1894.32773571,1854.36626811,1854.58370644,
2026-06-11 07:25:00,1781162700,1854.58370644,1889.96647792,1852.45582887,1887.0903262,
2026-06-11 07:26:00,1781162760,1887.0903262,1892.09100505,1875.85833886,1881.65213325,
2026-06-11 07:27:00,1781162820,1881.65213325,1881.65213325,1858.12521158,1870.04952757,
2026-06-11 07:28:00,1781162880,1870.04952757,1876.0945548,1862.71858925,1864.65298463,
2026-06-11 07:29:00,1781162940,1864.65298463,1873.35715535,1841.02693428,1841.41360072,
2026-06-11 07:30:00,1781163000,1841.41360072,1841.41360072,1800.77740779,1835.0556624,
2026-06-11 07:31:00,1781163060,1835.0556624,1884.22760258,1835.0556624,1878.53490721,
2026-06-11 07:32:00,1781163120,1878.53490721,1879.94995891,1873.4086072,1873.4086072,
2026-06-11 07:33:00,1781163180,1873.4086072,1873.4086072,1850.49588137,1866.61747606,
2026-06-11 07:34:00,1781163240,1866.61747606,1898.88312149,1865.16666394,1895.99868793,
2026-06-11 07:35:00,1781163300,1895.99868793,1902.46435496,1880.9352847,1886.47713374,
2026-06-11 07:36:00,1781163360,1886.47713374,1901.16631691,1869.5217958,1899.05466684,
2026-06-11 07:37:00,1781163420,1899.05466684,1909.146928,1888.09124934,1904.51867231,
2026-06-11 07:38:00,1781163480,1904.51867231,1945.18529002,1904.51867231,1942.11205297,
2026-06-11 07:39:00,1781163540,1942.11205297,1966.30200304,1941.1808462,1966.03375203,
2026-06-11 07:40:00,1781163600,1966.03375203,1989.83792557,1966.03232841,1985.81117708,
2026-06-11 07:41:00,1781163660,1985.81117708,1986.26874703,1948.75561063,1955.08428995,
2026-06-11 07:42:00,1781163720,1955.08428995,1955.4867063,1926.32544114,1936.30130509,
2026-06-11 07:43:00,1781163780,1936.30130509,1953.22637234,1921.67496838,1927.8221127,
2026-06-11 07:44:00,1781163840,1927.8221127,1959.96183392,1927.38746912,1942.3481655,
2026-06-11 07:45:00,1781163900,1942.3481655,1943.14751629,1920.53378389,1926.67064063,
2026-06-11 07:46:00,1781163960,1926.67064063,1929.05201468,1916.01097592,1916.72325143,
2026-06-11 07:47:00,1781164020,1916.72325143,1917.51514114,1881.26280644,1902.86658431,
2026-06-11 07:48:00,1781164080,1902.86658431,1915.77744773,1895.79915023,1912.95498924,
2026-06-11 07:49:00,1781164140,1912.95498924,1914.3581041,1898.6224129,1910.37717276,
2026-06-11 07:50:00,1781164200,1910.37717276,1912.88163448,1901.7287262,1908.19105393,
2026-06-11 07:51:00,1781164260,1908.19105393,1929.3260822,1900.90740854,1926.50358047,
2026-06-11 07:52:00,1781164320,1926.50358047,1939.15357159,1926.50207289,1935.58342594,
2026-06-11 07:53:00,1781164380,1935.58342594,1936.45695398,1909.96848114,1930.92541428,
2026-06-11 07:54:00,1781164440,1930.92541428,1937.53247977,1918.59837642,1924.56076812,
2026-06-11 07:55:00,1781164500,1924.56076812,1926.47246197,1902.66155573,1906.21716892,
2026-06-11 07:56:00,1781164560,1906.21716892,1913.73596666,1897.80162529,1905.74230836,
2026-06-11 07:57:00,1781164620,1905.74230836,1906.76758478,1894.44259407,1902.0856851,
2026-06-11 07:58:00,1781164680,1902.0856851,1915.057973,1899.45087254,1914.97721284,
2026-06-11 07:59:00,1781164740,1914.97721284,1918.5229655,1910.35184059,1914.26645989,
2026-06-11 08:00:00,1781164800,1914.26645989,1914.50270298,1867.0277743,1877.14991031,
2026-06-11 08:01:00,1781164860,1877.14991031,1908.19881427,1863.65234974,1888.42548229,
2026-06-11 08:02:00,1781164920,1888.42548229,1892.25428579,1854.76286116,1872.28256797,
2026-06-11 08:03:00,1781164980,1872.28256797,1876.67541246,1854.05087974,1867.34758481,
2026-06-11 08:04:00,1781165040,1867.34758481,1887.25674719,1866.00906178,1887.12821533,
2026-06-11 08:05:00,1781165100,1887.12821533,1888.29217221,1869.06337834,1872.91718646,
2026-06-11 08:06:00,1781165160,1872.91718646,1873.3176688,1850.91385055,1852.00822668,
2026-06-11 08:07:00,1781165220,1852.00822668,1870.28517034,1852.00822668,1862.91229932,
2026-06-11 08:08:00,1781165280,1862.91229932,1871.1211257,1853.09193979,1853.4038684,
2026-06-11 08:09:00,1781165340,1853.4038684,1856.66925962,1822.28926146,1843.46164534,
2026-06-11 08:10:00,1781165400,1843.46164534,1845.80363866,1830.55720646,1842.91851005,
2026-06-11 08:11:00,1781165460,1842.91851005,1852.71792066,1825.51937665,1852.5858251,
2026-06-11 08:12:00,1781165520,1852.5858251,1852.5858251,1840.99080952,1844.32598205,
2026-06-11 08:13:00,1781165580,1844.32598205,1844.32598205,1781.33309539,1783.54668811,
2026-06-11 08:14:00,1781165640,1783.54668811,1835.35033496,1783.54668811,1821.08875081,
2026-06-11 08:15:00,1781165700,1821.08875081,1832.67469151,1820.08413789,1829.00884139,
2026-06-11 08:16:00,1781165760,1829.00884139,1845.28835079,1829.00884139,1840.92978594,
2026-06-11 08:17:00,1781165820,1840.92978594,1840.93042686,1818.8445379,1834.91538902,
2026-06-11 08:18:00,1781165880,1834.91538902,1834.96306481,1805.83254402,1809.46078266,
2026-06-11 08:19:00,1781165940,1809.46078266,1826.83351793,1809.46078266,1824.75934841,
2026-06-11 08:20:00,1781166000,1824.75934841,1835.16206103,1824.52612949,1831.50578578,
2026-06-11 08:21:00,1781166060,1831.50578578,1831.69265092,1821.16010158,1828.21358382,
2026-06-11 08:22:00,1781166120,1828.21358382,1828.21358382,1785.08527936,1789.01002573,
2026-06-11 08:23:00,1781166180,1789.01002573,1789.1251877,1747.76184959,1751.41780856,
2026-06-11 08:24:00,1781166240,1751.41780856,1770.6615374,1742.44419664,1752.74740641,
2026-06-11 08:25:00,1781166300,1752.74740641,1775.3582854,1751.69442681,1764.765019,
2026-06-11 08:26:00,1781166360,1764.765019,1766.49371567,1751.18989905,1762.11550344,
2026-06-11 08:27:00,1781166420,1762.11550344,1765.51611795,1742.43333621,1750.53073873,
2026-06-11 08:28:00,1781166480,1750.53073873,1753.51467925,1725.01023324,1733.11134079,
2026-06-11 08:29:00,1781166540,1733.11134079,1737.98862263,1728.65182685,1729.27446686,
2026-06-11 08:30:00,1781166600,1729.27446686,1736.93793319,1720.80456948,1733.86978415,
2026-06-11 08:31:00,1781166660,1733.86978415,1750.28847479,1733.55635543,1743.7309397,
2026-06-11 08:32:00,1781166720,1743.7309397,1744.59798589,1723.93339335,1739.69716647,
2026-06-11 08:33:00,1781166780,1739.69716647,1740.62843121,1725.64624781,1728.51398226,
2026-06-11 08:34:00,1781166840,1728.51398226,1735.374895,1721.68363669,1732.27474436,
2026-06-11 08:35:00,1781166900,1732.27474436,1738.89142448,1726.82881955,1732.66582965,
2026-06-11 08:36:00,1781166960,1732.66582965,1739.87767113,1731.96997409,1739.79990236,
2026-06-11 08:37:00,1781167020,1739.79990236,1739.91424867,1726.08539255,1732.11108851,
2026-06-11 08:38:00,1781167080,1732.11108851,1739.82155981,1732.11108851,1738.15408375,
2026-06-11 08:39:00,1781167140,1738.15408375,1745.59147028,1701.47456815,1710.80649959,
2026-06-11 08:40:00,1781167200,1710.80649959,1727.96031598,1710.80480655,1726.22848333,
2026-06-11 08:41:00,1781167260,1726.22848333,1744.72695137,1726.22848333,1740.09777467,
2026-06-11 08:42:00,1781167320,1740.09777467,1765.9670517,1738.66062627,1765.58342523,
2026-06-11 08:43:00,1781167380,1765.58342523,1804.38595925,1759.06435993,1804.30529635,
2026-06-11 08:44:00,1781167440,1804.30529635,1812.61317929,1801.97277565,1802.04851611,
2026-06-11 08:45:00,1781167500,1802.04851611,1805.08257336,1767.94722958,1780.9372236,
2026-06-11 08:46:00,1781167560,1780.9372236,1794.10637888,1762.20244106,1762.20244106,
2026-06-11 08:47:00,1781167620,1762.20244106,1768.83253165,1730.43958279,1732.10927667,
2026-06-11 08:48:00,1781167680,1732.10927667,1732.56309196,1657.47582632,1687.30379737,
2026-06-11 08:49:00,1781167740,1687.30379737,1722.99523529,1672.99596179,1722.89217645,
2026-06-11 08:50:00,1781167800,1722.89217645,1722.89217645,1701.38715762,1712.74888182,
2026-06-11 08:51:00,1781167860,1712.74888182,1725.01454758,1688.03491783,1724.40876111,
2026-06-11 08:52:00,1781167920,1724.40876111,1748.35181303,1724.08562537,1732.07283125,
2026-06-11 08:53:00,1781167980,1732.07283125,1737.05190043,1729.0416267,1731.29951002,
2026-06-11 08:54:00,1781168040,1731.29951002,1733.9814737,1729.01858667,1730.62834999,
2026-06-11 08:55:00,1781168100,1730.62834999,1734.65427614,1720.50352648,1729.3972514,
2026-06-11 08:56:00,1781168160,1729.3972514,1755.63642914,1728.78958586,1748.85623415,
2026-06-11 08:57:00,1781168220,1748.85623415,1764.47003897,1740.78956374,1743.10876813,
2026-06-11 08:58:00,1781168280,1743.10876813,1743.26124244,1733.23703371,1738.56120763,
2026-06-11 08:59:00,1781168340,1738.56120763,1740.23943062,1717.17046753,1717.17046753,
2026-06-11 09:00:00,1781168400,1717.17046753,1754.95379339,1717.01550828,1739.18426508,
2026-06-11 09:01:00,1781168460,1739.18426508,1750.42759944,1736.11454964,1742.21094246,
2026-06-11 09:02:00,1781168520,1742.21094246,1743.27435093,1717.15228076,1720.4724577,
2026-06-11 09:03:00,1781168580,1720.4724577,1725.79939101,1714.81158785,1717.36950337,
2026-06-11 09:04:00,1781168640,1717.36950337,1752.86052289,1713.43712209,1749.25815297,
2026-06-11 09:05:00,1781168700,1749.25815297,1769.51418227,1739.93815388,1766.66615222,
2026-06-11 09:06:00,1781168760,1766.66615222,1787.65767734,1766.66615222,1778.4168815,
2026-06-11 09:07:00,1781168820,1778.4168815,1802.83813639,1774.40505616,1792.7955931,
2026-06-11 09:08:00,1781168880,1792.7955931,1800.26469611,1779.72880495,1791.12683933,
2026-06-11 09:09:00,1781168940,1791.12683933,1802.66036866,1789.40744323,1790.22129031,
2026-06-11 09:10:00,1781169000,1790.22129031,1790.22129031,1768.77846676,1778.2390473,
2026-06-11 09:11:00,1781169060,1778.2390473,1804.59209594,1778.16019424,1803.88596813,
2026-06-11 09:12:00,1781169120,1803.88596813,1812.15552211,1796.78817973,1799.53124949,
2026-06-11 09:13:00,1781169180,1799.53124949,1816.20067141,1784.78242587,1814.16693737,
2026-06-11 09:14:00,1781169240,1814.16693737,1822.43839486,1778.14449711,1780.69153884,
2026-06-11 09:15:00,1781169300,1780.69153884,1822.25628366,1780.69153884,1818.81332049,
2026-06-11 09:16:00,1781169360,1818.81332049,1849.54907111,1817.25302393,1833.01311071,
2026-06-11 09:17:00,1781169420,1833.01311071,1849.25531844,1832.22839638,1832.7219973,
2026-06-11 09:18:00,1781169480,1832.7219973,1832.7219973,1796.83206615,1797.68309024,
2026-06-11 09:19:00,1781169540,1797.68309024,1801.86962727,1781.64876858,1798.94037569,
2026-06-11 09:20:00,1781169600,1798.94037569,1829.23868975,1798.94037569,1824.49069191,
2026-06-11 09:21:00,1781169660,1824.49069191,1834.00314527,1820.45045277,1833.21709417,
2026-06-11 09:22:00,1781169720,1833.21709417,1843.87789939,1824.97110473,1830.8653128,
2026-06-11 09:23:00,1781169780,1830.8653128,1840.27899509,1821.60621812,1824.89209805,
2026-06-11 09:24:00,1781169840,1824.89209805,1844.33329239,1820.8305005,1821.06029684,
2026-06-11 09:25:00,1781169900,1821.06029684,1835.16514339,1806.94000454,1815.82994713,
2026-06-11 09:26:00,1781169960,1815.82994713,1836.84146479,1815.28163446,1828.32277152,
2026-06-11 09:27:00,1781170020,1828.32277152,1836.31402633,1819.24447584,1822.79560736,
2026-06-11 09:28:00,1781170080,1822.79560736,1824.49615418,1811.07712201,1811.78151482,
2026-06-11 09:29:00,1781170140,1811.78151482,1826.12401956,1811.70183305,1816.0226919,
2026-06-11 09:30:00,1781170200,1816.0226919,1822.02302159,1791.52401138,1818.9411339,
2026-06-11 09:31:00,1781170260,1818.9411339,1821.08014389,1744.67338342,1751.39693181,
2026-06-11 09:32:00,1781170320,1751.39693181,1777.53036075,1743.02906578,1755.59535687,
2026-06-11 09:33:00,1781170380,1755.59535687,1771.04346807,1748.78085584,1752.9403616,
2026-06-11 09:34:00,1781170440,1752.9403616,1764.78899321,1720.70962318,1723.51005889,
2026-06-11 09:35:00,1781170500,1723.51005889,1742.34285993,1700.25065403,1741.30890277,
2026-06-11 09:36:00,1781170560,1741.30890277,1741.46104532,1722.87819631,1723.54639268,
2026-06-11 09:37:00,1781170620,1723.54639268,1732.78812064,1722.30969026,1724.98684482,
2026-06-11 09:38:00,1781170680,1724.98684482,1737.1102126,1721.0365694,1733.16043159,
2026-06-11 09:39:00,1781170740,1733.16043159,1736.60755674,1715.18711445,1732.51243013,
2026-06-11 09:40:00,1781170800,1732.51243013,1737.35813039,1728.3080724,1733.29723715,
2026-06-11 09:41:00,1781170860,1733.29723715,1751.61539984,1733.21867956,1749.88442824,
2026-06-11 09:42:00,1781170920,1749.88442824,1750.91838515,1726.25280128,1734.03083208,
2026-06-11 09:43:00,1781170980,1734.03083208,1747.61931919,1732.28178644,1747.26682925,
2026-06-11 09:44:00,1781171040,1747.26682925,1748.3048365,1717.93648352,1721.31244618,
2026-06-11 09:45:00,1781171100,1721.31244618,1739.49012742,1721.31244618,1723.09645502,
2026-06-11 09:46:00,1781171160,1723.09645502,1728.09627794,1723.09156736,1727.64283365,
2026-06-11 09:47:00,1781171220,1727.64283365,1743.68370146,1725.91492289,1740.26977664,
2026-06-11 09:48:00,1781171280,1740.26977664,1742.19827058,1719.34930154,1727.0201087,
2026-06-11 09:49:00,1781171340,1727.0201087,1737.46588427,1719.53711221,1722.8316962,
2026-06-11 09:50:00,1781171400,1722.8316962,1731.91794046,1722.26478184,1724.9812992,
2026-06-11 09:51:00,1781171460,1724.9812992,1724.9812992,1681.0229927,1688.90202945,
2026-06-11 09:52:00,1781171520,1688.90202945,1697.97557369,1670.60317439,1697.21837415,
2026-06-11 09:53:00,1781171580,1697.21837415,1710.59175836,1695.28659402,1695.90310061,
2026-06-11 09:54:00,1781171640,1695.90310061,1716.99154479,1690.62597153,1691.31408806,
2026-06-11 09:55:00,1781171700,1691.31408806,1700.49140231,1677.80070978,1699.59919517,
2026-06-11 09:56:00,1781171760,1699.59919517,1729.11476246,1696.41960587,1729.00450865,
2026-06-11 09:57:00,1781171820,1729.00450865,1744.60481374,1729.00450865,1740.95114094,
2026-06-11 09:58:00,1781171880,1740.95114094,1741.33701154,1719.42003071,1719.42003071,
2026-06-11 09:59:00,1781171940,1719.42003071,1730.0287214,1701.18552103,1718.46192148,
2026-06-11 10:00:00,1781172000,1718.46192148,1726.40124093,1698.21397834,1710.15644648,
2026-06-11 10:01:00,1781172060,1710.15644648,1728.99152855,1690.31498546,1716.81068991,
2026-06-11 10:02:00,1781172120,1716.81068991,1748.59777337,1704.11609726,1747.57721724,
2026-06-11 10:03:00,1781172180,1747.57721724,1758.74190896,1741.89021842,1752.89537074,
2026-06-11 10:04:00,1781172240,1752.89537074,1787.18632371,1743.26358887,1772.1444357,
2026-06-11 10:05:00,1781172300,1772.1444357,1779.56930561,1753.31380234,1755.17190502,
2026-06-11 10:06:00,1781172360,1755.17190502,1769.15739783,1725.5898929,1726.74940693,
2026-06-11 10:07:00,1781172420,1726.74940693,1726.8102443,1689.19714213,1698.30170431,
2026-06-11 10:08:00,1781172480,1698.30170431,1707.94773399,1680.81163651,1700.87014983,
2026-06-11 10:09:00,1781172540,1700.87014983,1734.96466087,1700.86420107,1710.80322615,
2026-06-11 10:10:00,1781172600,1710.80322615,1736.50161881,1706.62533025,1736.50161881,
2026-06-11 10:11:00,1781172660,1736.50161881,1743.00930868,1712.56525213,1713.18088097,
2026-06-11 10:12:00,1781172720,1713.18088097,1732.5404161,1712.99727073,1721.0433925,
2026-06-11 10:13:00,1781172780,1721.0433925,1731.15717223,1693.56604364,1702.47330344,
2026-06-11 10:14:00,1781172840,1702.47330344,1729.16713437,1702.24750608,1728.27619338,
2026-06-11 10:15:00,1781172900,1728.27619338,1728.66415317,1709.48323526,1716.86568391,
2026-06-11 10:16:00,1781172960,1716.86568391,1744.21225019,1716.86568391,1743.27529175,
2026-06-11 10:17:00,1781173020,1743.27529175,1814.03221186,1740.36375812,1794.93617153,
2026-06-11 10:18:00,1781173080,1794.93617153,1797.38232217,1760.16366151,1790.52760019,
2026-06-11 10:19:00,1781173140,1790.52760019,1820.02472372,1778.97255076,1789.87994487,
2026-06-11 10:20:00,1781173200,1789.87994487,1793.59577384,1774.7954782,1784.77804709,
2026-06-11 10:21:00,1781173260,1784.77804709,1786.63517144,1762.33349981,1769.68593154,
2026-06-11 10:22:00,1781173320,1769.68593154,1801.92891574,1764.56730588,1798.78508188,
2026-06-11 10:23:00,1781173380,1798.78508188,1799.03171502,1772.85506454,1773.24320551,
2026-06-11 10:24:00,1781173440,1773.24320551,1796.69501967,1771.82903984,1785.64179166,
2026-06-11 10:25:00,1781173500,1785.64179166,1788.30321843,1773.20079546,1774.95543714,
2026-06-11 10:26:00,1781173560,1774.95543714,1802.27810397,1774.87526647,1789.19506578,
2026-06-11 10:27:00,1781173620,1789.19506578,1797.79578565,1783.99459464,1787.59905369,
2026-06-11 10:28:00,1781173680,1787.59905369,1789.09329731,1770.87399761,1775.28274807,
2026-06-11 10:29:00,1781173740,1775.28274807,1778.84176283,1754.97576172,1771.88150821,
2026-06-11 10:30:00,1781173800,1771.88150821,1781.190033,1744.27743028,1745.43385194,
2026-06-11 10:31:00,1781173860,1745.43385194,1745.43385194,1709.5857191,1729.39029508,
2026-06-11 10:32:00,1781173920,1729.39029508,1743.89696067,1729.38870633,1738.85019359,
2026-06-11 10:33:00,1781173980,1738.85019359,1763.27897368,1738.7736518,1762.18274057,
2026-06-11 10:34:00,1781174040,1762.18274057,1762.18274057,1721.12013303,1748.56548713,
2026-06-11 10:35:00,1781174100,1748.56548713,1756.42847994,1729.32143497,1729.32143497,
2026-06-11 10:36:00,1781174160,1729.32143497,1729.32143497,1706.29739715,1709.35419735,
2026-06-11 10:37:00,1781174220,1709.35419735,1725.12013305,1703.84525528,1711.52450526,
2026-06-11 10:38:00,1781174280,1711.52450526,1714.20652204,1688.79362391,1699.84124269,
2026-06-11 10:39:00,1781174340,1699.84124269,1740.37719162,1699.2978102,1733.36754159,
2026-06-11 10:40:00,1781174400,1733.36754159,1734.71184904,1713.6994336,1725.26139512,
2026-06-11 10:41:00,1781174460,1725.26139512,1738.07926113,1716.20530503,1723.34065829,
2026-06-11 10:42:00,1781174520,1723.34065829,1734.1972978,1710.37029703,1714.40843065,
2026-06-11 10:43:00,1781174580,1714.40843065,1714.40843065,1693.2245871,1712.21296257,
2026-06-11 10:44:00,1781174640,1712.21296257,1718.09729058,1692.77770965,1707.11323643,
2026-06-11 10:45:00,1781174700,1707.11323643,1709.87734008,1703.19453885,1709.60826251,
2026-06-11 10:46:00,1781174760,1709.60826251,1715.96513406,1681.14864069,1688.81498218,
2026-06-11 10:47:00,1781174820,1688.81498218,1695.50999048,1674.52253687,1682.54378598,
2026-06-11 10:48:00,1781174880,1682.54378598,1689.41501203,1681.45816695,1686.43817801,
2026-06-11 10:49:00,1781174940,1686.43817801,1694.11526554,1679.51950215,1679.5591398,
2026-06-11 10:50:00,1781175000,1679.5591398,1691.74795146,1671.35660651,1677.3260121,
2026-06-11 10:51:00,1781175060,1677.3260121,1678.78476012,1581.53279425,1607.48139437,
2026-06-11 10:52:00,1781175120,1607.48139437,1656.1891165,1607.48139437,1635.69122398,
2026-06-11 10:53:00,1781175180,1635.69122398,1652.56689475,1621.48524952,1630.53548441,
2026-06-11 10:54:00,1781175240,1630.53548441,1634.48240105,1580.81359732,1585.83822022,
2026-06-11 10:55:00,1781175300,1585.83822022,1614.12405611,1522.35100817,1527.20781705,
2026-06-11 10:56:00,1781175360,1527.20781705,1616.11672114,1525.1114673,1610.44255995,
2026-06-11 10:57:00,1781175420,1610.44255995,1616.13749908,1558.39565841,1566.65543307,
2026-06-11 10:58:00,1781175480,1566.65543307,1572.97824331,1527.92419931,1554.29778274,
2026-06-11 10:59:00,1781175540,1554.29778274,1562.55104508,1504.0995317,1549.04386033,
2026-06-11 11:00:00,1781175600,1549.04386033,1610.08928598,1548.11560421,1609.55355774,
2026-06-11 11:01:00,1781175660,1609.55355774,1609.55355774,1537.46791727,1537.61561533,
2026-06-11 11:02:00,1781175720,1537.61561533,1552.21546549,1516.57944354,1531.88244108,
2026-06-11 11:03:00,1781175780,1531.88244108,1531.94733,1503.40777184,1525.19380657,
2026-06-11 11:04:00,1781175840,1525.19380657,1526.09565405,1507.31226134,1519.74646796,
2026-06-11 11:05:00,1781175900,1519.74646796,1548.3675591,1508.63062858,1531.52094299,
2026-06-11 11:06:00,1781175960,1531.52094299,1553.6055263,1531.40116825,1546.1406235,
2026-06-11 11:07:00,1781176020,1546.1406235,1574.85900522,1537.1254717,1567.83001925,
2026-06-11 11:08:00,1781176080,1567.83001925,1628.34582675,1559.04086669,1559.63217653,
2026-06-11 11:09:00,1781176140,1559.63217653,1568.19918079,1548.48133965,1549.17906212,
2026-06-11 11:10:00,1781176200,1549.17906212,1549.32732911,1524.74565947,1527.56844657,
2026-06-11 11:11:00,1781176260,1527.56844657,1530.20824637,1500.05796369,1503.92344095,
2026-06-11 11:12:00,1781176320,1503.92344095,1540.1391773,1501.00252272,1517.0985654,
2026-06-11 11:13:00,1781176380,1517.0985654,1530.97368492,1514.25651455,1516.78156326,
2026-06-11 11:14:00,1781176440,1516.78156326,1518.18510501,1509.58360154,1512.30930437,
2026-06-11 11:15:00,1781176500,1512.30930437,1546.20620698,1512.30930437,1527.01154475,
2026-06-11 11:16:00,1781176560,1527.01154475,1527.23052039,1517.89041995,1518.76905037,
2026-06-11 11:17:00,1781176620,1518.76905037,1518.76905037,1482.38195352,1493.34264509,
2026-06-11 11:18:00,1781176680,1493.34264509,1556.82660761,1493.34264509,1541.90329934,
2026-06-11 11:19:00,1781176740,1541.90329934,1573.56463651,1539.92609568,1561.11234884,
2026-06-11 11:20:00,1781176800,1561.11234884,1572.91432066,1557.47958465,1559.44567391,
2026-06-11 11:21:00,1781176860,1559.44567391,1572.7211716,1540.96092875,1541.63474691,
2026-06-11 11:22:00,1781176920,1541.63474691,1543.02845595,1524.74812129,1532.79432882,
2026-06-11 11:23:00,1781176980,1532.79432882,1535.61868216,1529.3834455,1533.58239976,
2026-06-11 11:24:00,1781177040,1533.58239976,1542.24539201,1523.12438078,1531.18946029,
2026-06-11 11:25:00,1781177100,1531.18946029,1564.04563372,1530.10923387,1555.21669081,
2026-06-11 11:26:00,1781177160,1555.21669081,1575.0423027,1553.878793,1574.48268734,
2026-06-11 11:27:00,1781177220,1574.48268734,1577.3950054,1547.87617618,1552.44230483,
2026-06-11 11:28:00,1781177280,1552.44230483,1557.57839685,1519.16428741,1519.67658388,
2026-06-11 11:29:00,1781177340,1519.67658388,1536.76823073,1499.39776051,1533.13530303,
2026-06-11 11:30:00,1781177400,1533.13530303,1535.67160812,1486.63996577,1500.92766124,
2026-06-11 11:31:00,1781177460,1500.92766124,1516.92216173,1465.59609561,1468.8969915,
2026-06-11 11:32:00,1781177520,1468.8969915,1497.79592408,1453.82871765,1496.75034282,
2026-06-11 11:33:00,1781177580,1496.75034282,1514.6423932,1485.24570118,1490.47776014,
2026-06-11 11:34:00,1781177640,1490.47776014,1523.75633203,1490.47776014,1509.18658965,
2026-06-11 11:35:00,1781177700,1509.18658965,1527.70272075,1498.0371298,1524.60642813,
2026-06-11 11:36:00,1781177760,1524.60642813,1548.44947209,1524.5309968,1548.44947209,
2026-06-11 11:37:00,1781177820,1548.44947209,1573.38369964,1533.24975022,1569.61152936,
2026-06-11 11:38:00,1781177880,1569.61152936,1591.04517853,1554.83996958,1579.15469185,
2026-06-11 11:39:00,1781177940,1579.15469185,1585.00432484,1534.0273279,1541.21723387,
2026-06-11 11:40:00,1781178000,1541.21723387,1558.75315087,1535.06923279,1555.50449831,
2026-06-11 11:41:00,1781178060,1555.50449831,1558.5935732,1529.65317631,1545.71611971,
2026-06-11 11:42:00,1781178120,1545.71611971,1558.58390225,1540.16668108,1540.16668108,
2026-06-11 11:43:00,1781178180,1540.16668108,1549.5576889,1532.01627334,1536.15285064,
2026-06-11 11:44:00,1781178240,1536.15285064,1562.13936647,1535.18126839,1544.40549159,
2026-06-11 11:45:00,1781178300,1544.40549159,1566.2120442,1544.40549159,1559.57558988,
2026-06-11 11:46:00,1781178360,1559.57558988,1559.7235796,1551.06407231,1552.84609347,
2026-06-11 11:47:00,1781178420,1552.84609347,1566.32300671,1546.37315543,1566.32300671,
2026-06-11 11:48:00,1781178480,1566.32300671,1574.50528484,1561.4394705,1570.21847606,
2026-06-11 11:49:00,1781178540,1570.21847606,1579.88231337,1536.76049419,1536.77141246,
2026-06-11 11:50:00,1781178600,1536.77141246,1546.58954765,1530.8546374,1536.35454427,
2026-06-11 11:51:00,1781178660,1536.35454427,1547.26246118,1457.83395457,1477.12941187,
2026-06-11 11:52:00,1781178720,1477.12941187,1512.58564906,1467.06794358,1502.39563345,
2026-06-11 11:53:00,1781178780,1502.39563345,1510.20715754,1490.65079036,1500.88724921,
2026-06-11 11:54:00,1781178840,1500.88724921,1515.85770884,1500.70135251,1504.22950364,
2026-06-11 11:55:00,1781178900,1504.22950364,1543.8374188,1504.22950364,1540.59923639,
2026-06-11 11:56:00,1781178960,1540.59923639,1567.79375942,1540.59923639,1552.25889454,
2026-06-11 11:57:00,1781179020,1552.25889454,1560.66665196,1539.24492886,1557.81594016,
2026-06-11 11:58:00,1781179080,1557.81594016,1561.22754251,1550.70478667,1556.27214295,
2026-06-11 11:59:00,1781179140,1556.27214295,1567.8871315,1550.57195025,1563.8365272,
2026-06-11 12:00:00,1781179200,1563.8365272,1613.28596385,1557.57998315,1605.87272007,
2026-06-11 12:01:00,1781179260,1605.87272007,1605.87272007,1582.64122804,1601.63864501,
2026-06-11 12:02:00,1781179320,1601.63864501,1615.03726693,1595.04170477,1603.34552307,
2026-06-11 12:03:00,1781179380,1603.34552307,1637.21576936,1601.81193077,1631.90887941,
2026-06-11 12:04:00,1781179440,1631.90887941,1641.74517845,1588.0559065,1590.39880919,
2026-06-11 12:05:00,1781179500,1590.39880919,1592.29419539,1567.25166892,1584.09326227,
2026-06-11 12:06:00,1781179560,1584.09326227,1602.39848308,1557.73658016,1597.84340851,
2026-06-11 12:07:00,1781179620,1597.84340851,1642.83438829,1597.84340851,1624.44157567,
2026-06-11 12:08:00,1781179680,1624.44157567,1632.78307347,1604.99814022,1610.7066359,
2026-06-11 12:09:00,1781179740,1610.7066359,1637.54171622,1600.98365466,1628.12322478,
2026-06-11 12:10:00,1781179800,1628.12322478,1632.18405096,1551.35052976,1553.70324336,
2026-06-11 12:11:00,1781179860,1553.70324336,1571.91308904,1514.68170094,1514.68170094,
2026-06-11 12:12:00,1781179920,1514.68170094,1528.15737842,1497.03093431,1498.40841684,
2026-06-11 12:13:00,1781179980,1498.40841684,1555.96191129,1495.97901448,1553.63651923,
2026-06-11 12:14:00,1781180040,1553.63651923,1580.97496769,1522.85410973,1529.1575147,
2026-06-11 12:15:00,1781180100,1529.1575147,1556.71952823,1515.36487153,1544.15844791,
2026-06-11 12:16:00,1781180160,1544.15844791,1550.81391454,1529.86987362,1535.25394659,
2026-06-11 12:17:00,1781180220,1535.25394659,1556.77675376,1520.22563795,1556.40055084,
2026-06-11 12:18:00,1781180280,1556.40055084,1559.5649563,1500.96197867,1515.27042799,
2026-06-11 12:19:00,1781180340,1515.27042799,1564.13625235,1513.19504076,1563.91101097,
2026-06-11 12:20:00,1781180400,1563.91101097,1673.43270546,1563.91101097,1672.02510727,
2026-06-11 12:21:00,1781180460,1672.02510727,1731.96251868,1660.22498275,1715.07663347,
2026-06-11 12:22:00,1781180520,1715.07663347,1879.13491572,1709.11389666,1871.82487323,
2026-06-11 12:23:00,1781180580,1871.82487323,1902.67945505,1812.35841257,1824.00017809,
2026-06-11 12:24:00,1781180640,1824.00017809,1895.19213835,1775.78856069,1871.38255773,
2026-06-11 12:25:00,1781180700,1871.38255773,1874.55614906,1828.7159759,1858.30241259,
2026-06-11 12:26:00,1781180760,1858.30241259,1861.04513379,1809.44270783,1810.35850707,
2026-06-11 12:27:00,1781180820,1810.35850707,1884.78874156,1806.80382901,1853.8504116,
2026-06-11 12:28:00,1781180880,1853.8504116,1912.41806794,1829.68058946,1902.98575608,
2026-06-11 12:29:00,1781180940,1902.98575608,1909.51515285,1874.32901517,1904.64485226,
2026-06-11 12:30:00,1781181000,1904.64485226,2043.68273184,1811.37711116,1937.58017926,
2026-06-11 12:31:00,1781181060,1937.58017926,1979.72696689,1879.04595977,1927.1511105,
2026-06-11 12:32:00,1781181120,1927.1511105,1980.09768296,1916.49509097,1932.82605751,
2026-06-11 12:33:00,1781181180,1932.82605751,1991.127547,1911.85402693,1965.65657782,
2026-06-11 12:34:00,1781181240,1965.65657782,1990.71135214,1820.03411094,1843.6541222,
2026-06-11 12:35:00,1781181300,1843.6541222,1860.47766191,1801.5190703,1841.82819346,
2026-06-11 12:36:00,1781181360,1841.82819346,1847.13144435,1784.12214672,1805.86838331,
2026-06-11 12:37:00,1781181420,1805.86838331,1849.46832894,1792.54502391,1847.30396883,
2026-06-11 12:38:00,1781181480,1847.30396883,1847.30396883,1749.34083854,1807.94133532,
2026-06-11 12:39:00,1781181540,1807.94133532,1819.68898907,1758.82499309,1814.92766736,
2026-06-11 12:40:00,1781181600,1814.92766736,1832.15315439,1794.44067907,1804.37699206,
2026-06-11 12:41:00,1781181660,1804.37699206,1822.98264113,1756.40427214,1765.18659821,
2026-06-11 12:42:00,1781181720,1765.18659821,1789.83575295,1752.2818594,1759.44581696,
2026-06-11 12:43:00,1781181780,1759.44581696,1814.52528231,1750.55118703,1814.52528231,
2026-06-11 12:44:00,1781181840,1814.52528231,1834.36720768,1687.39303989,1706.14106274,
2026-06-11 12:45:00,1781181900,1706.14106274,1755.8418798,1697.78741663,1705.83971263,
2026-06-11 12:46:00,1781181960,1705.83971263,1717.07699123,1669.57254615,1672.28091617,
2026-06-11 12:47:00,1781182020,1672.28091617,1724.29154217,1648.49063307,1710.12674489,
2026-06-11 12:48:00,1781182080,1710.12674489,1738.68713162,1694.02002877,1736.86999807,
2026-06-11 12:49:00,1781182140,1736.86999807,1749.37761042,1670.51841593,1670.51841593,
2026-06-11 12:50:00,1781182200,1670.51841593,1735.38610378,1662.69915584,1722.12304356,
2026-06-11 12:51:00,1781182260,1722.12304356,1724.27271023,1647.73078311,1649.35065768,
2026-06-11 12:52:00,1781182320,1649.35065768,1649.35065768,1611.28475004,1639.90295714,
2026-06-11 12:53:00,1781182380,1639.90295714,1691.05895259,1616.72976992,1681.00743645,
2026-06-11 12:54:00,1781182440,1681.00743645,1692.05325637,1667.58883387,1678.05622535,
2026-06-11 12:55:00,1781182500,1678.05622535,1681.38967659,1608.70813098,1620.38226939,
2026-06-11 12:56:00,1781182560,1620.38226939,1643.04219139,1614.21435039,1631.6926213,
2026-06-11 12:57:00,1781182620,1631.6926213,1651.64930424,1611.16134703,1643.12607341,
2026-06-11 12:58:00,1781182680,1643.12607341,1660.42788547,1603.70796584,1613.05870284,
2026-06-11 12:59:00,1781182740,1613.05870284,1633.00667253,1606.52218227,1630.88419786,
2026-06-11 13:00:00,1781182800,1630.88419786,1684.80043551,1628.18434954,1679.71242487,
2026-06-11 13:01:00,1781182860,1679.71242487,1687.68138722,1651.23804108,1687.20077252,
2026-06-11 13:02:00,1781182920,1687.20077252,1714.93161008,1675.80615752,1694.75482706,
2026-06-11 13:03:00,1781182980,1694.75482706,1717.1472702,1691.82146493,1698.01793642,
2026-06-11 13:04:00,1781183040,1698.01793642,1704.69535973,1652.87657536,1677.65154139,
2026-06-11 13:05:00,1781183100,1677.65154139,1721.01860194,1677.41514118,1699.91070802,
2026-06-11 13:06:00,1781183160,1699.91070802,1718.96622895,1681.44984931,1694.9722911,
2026-06-11 13:07:00,1781183220,1694.9722911,1710.86617652,1681.68902195,1698.62293934,
2026-06-11 13:08:00,1781183280,1698.62293934,1711.15762609,1692.17333347,1699.96064623,
2026-06-11 13:09:00,1781183340,1699.96064623,1724.04131107,1699.96064623,1718.12509743,
2026-06-11 13:10:00,1781183400,1718.12509743,1718.36043693,1698.27680965,1701.75779466,
2026-06-11 13:11:00,1781183460,1701.75779466,1751.01560136,1682.00325686,1736.12034015,
2026-06-11 13:12:00,1781183520,1736.12034015,1736.12034015,1697.87516687,1710.89539132,
2026-06-11 13:13:00,1781183580,1710.89539132,1718.79867884,1693.14333151,1714.50703153,
2026-06-11 13:14:00,1781183640,1714.50703153,1716.00542675,1691.83194202,1708.41235778,
2026-06-11 13:15:00,1781183700,1708.41235778,1712.19043069,1689.94944885,1694.04955707,
2026-06-11 13:16:00,1781183760,1694.04955707,1694.04955707,1664.52356577,1665.84732163,
2026-06-11 13:17:00,1781183820,1665.84732163,1685.44851364,1663.46657647,1680.88712374,
2026-06-11 13:18:00,1781183880,1680.88712374,1684.35627368,1651.12453924,1651.12453924,
2026-06-11 13:19:00,1781183940,1651.12453924,1657.93258335,1630.4546614,1633.03208129,
2026-06-11 13:20:00,1781184000,1633.03208129,1633.03208129,1597.34569621,1625.17689983,
2026-06-11 13:21:00,1781184060,1625.17689983,1634.28421618,1619.01549729,1625.44623038,
2026-06-11 13:22:00,1781184120,1625.44623038,1699.68210095,1625.44623038,1692.3720844,
2026-06-11 13:23:00,1781184180,1692.3720844,1707.3967595,1680.7129711,1707.10412041,
2026-06-11 13:24:00,1781184240,1707.10412041,1770.3151318,1699.58374776,1764.12784318,
2026-06-11 13:25:00,1781184300,1764.12784318,1779.49960452,1749.87317436,1754.24832853,
2026-06-11 13:26:00,1781184360,1754.24832853,1773.53792499,1750.82095715,1755.78161959,
2026-06-11 13:27:00,1781184420,1755.78161959,1776.54800635,1751.66305618,1758.71036728,
2026-06-11 13:28:00,1781184480,1758.71036728,1774.48696056,1749.11535214,1749.25172105,
2026-06-11 13:29:00,1781184540,1749.25172105,1794.97014053,1748.92986473,1777.94705163,
2026-06-11 13:30:00,1781184600,1777.94705163,1818.81440013,1777.70635182,1784.89989953,
2026-06-11 13:31:00,1781184660,1784.89989953,1870.23946498,1780.24168759,1849.4621775,
2026-06-11 13:32:00,1781184720,1849.4621775,1897.1555827,1842.7857698,1857.79807939,
2026-06-11 13:33:00,1781184780,1857.79807939,1858.12484865,1781.75777595,1819.47443254,
2026-06-11 13:34:00,1781184840,1819.47443254,1864.67270698,1802.83418448,1822.01067173,
2026-06-11 13:35:00,1781184900,1822.01067173,1849.72198889,1739.29235939,1741.02617983,
2026-06-11 13:36:00,1781184960,1741.02617983,1761.48974682,1686.9388799,1761.48974682,
2026-06-11 13:37:00,1781185020,1761.48974682,1775.46991938,1711.8120416,1723.2532819,
2026-06-11 13:38:00,1781185080,1723.2532819,1815.06066019,1716.4537187,1808.25209604,
2026-06-11 13:39:00,1781185140,1808.25209604,1808.70017133,1721.45522117,1755.76370169,
2026-06-11 13:40:00,1781185200,1755.76370169,1833.69359322,1748.65044624,1763.87511126,
2026-06-11 13:41:00,1781185260,1763.87511126,1858.93329131,1752.29664316,1831.65349676,
2026-06-11 13:42:00,1781185320,1831.65349676,1862.81490174,1782.97682238,1805.375224,
2026-06-11 13:43:00,1781185380,1805.375224,1805.375224,1709.76309005,1720.03256303,
2026-06-11 13:44:00,1781185440,1720.03256303,1722.56571384,1657.4617845,1657.4617845,
2026-06-11 13:45:00,1781185500,1657.4617845,1679.46103241,1538.95926856,1585.24130299,
2026-06-11 13:46:00,1781185560,1585.24130299,1628.52634244,1574.86639693,1591.42698563,
2026-06-11 13:47:00,1781185620,1591.42698563,1628.38493314,1562.60637153,1588.29605095,
2026-06-11 13:48:00,1781185680,1588.29605095,1610.83414734,1576.58530451,1585.58134195,
2026-06-11 13:49:00,1781185740,1585.58134195,1606.54044425,1567.79353561,1605.54045979,
2026-06-11 13:50:00,1781185800,1605.54045979,1609.53710037,1504.35146471,1513.08416801,
2026-06-11 13:51:00,1781185860,1513.08416801,1581.98247024,1513.08416801,1553.5634988,
2026-06-11 13:52:00,1781185920,1553.5634988,1574.44538259,1504.21302451,1549.58100893,
2026-06-11 13:53:00,1781185980,1549.58100893,1587.95865191,1446.10073294,1452.6951073,
2026-06-11 13:54:00,1781186040,1452.6951073,1512.02804632,1445.64605782,1499.61193019,
2026-06-11 13:55:00,1781186100,1499.61193019,1546.10605216,1499.61193019,1528.26309978,
2026-06-11 13:56:00,1781186160,1528.26309978,1595.48805414,1526.45619336,1595.48805414,
2026-06-11 13:57:00,1781186220,1595.48805414,1634.06247482,1582.74051712,1630.1784838,
2026-06-11 13:58:00,1781186280,1630.1784838,1630.1784838,1582.44786864,1597.61851247,
2026-06-11 13:59:00,1781186340,1597.61851247,1598.23500776,1556.28664986,1563.47605804,
2026-06-11 14:00:00,1781186400,1563.47605804,1600.48350513,1556.72238235,1585.0581551,
2026-06-11 14:01:00,1781186460,1585.0581551,1632.03481828,1573.87895623,1591.02106999,
2026-06-11 14:02:00,1781186520,1591.02106999,1619.83640245,1577.86454606,1601.55152268,
2026-06-11 14:03:00,1781186580,1601.55152268,1630.30088244,1579.35157894,1626.221587,
2026-06-11 14:04:00,1781186640,1626.221587,1641.62694336,1559.94026202,1560.77582188,
2026-06-11 14:05:00,1781186700,1560.77582188,1686.78704458,1560.77582188,1680.91078818,
2026-06-11 14:06:00,1781186760,1680.91078818,1705.20281162,1647.57771536,1700.78125425,
2026-06-11 14:07:00,1781186820,1700.78125425,1701.09483348,1626.24403549,1629.50479142,
2026-06-11 14:08:00,1781186880,1629.50479142,1667.37670514,1629.50318058,1640.93183358,
2026-06-11 14:09:00,1781186940,1640.93183358,1722.5915815,1636.95937931,1697.67944468,
2026-06-11 14:10:00,1781187000,1697.67944468,1772.2106614,1677.32509484,1772.2106614,
2026-06-11 14:11:00,1781187060,1772.2106614,1828.39477656,1735.83491163,1736.55468105,
2026-06-11 14:12:00,1781187120,1736.55468105,1793.83429851,1717.0147659,1783.67001277,
2026-06-11 14:13:00,1781187180,1783.67001277,1806.8403163,1747.44074282,1750.65296163,
2026-06-11 14:14:00,1781187240,1750.65296163,1793.2032772,1742.56529889,1785.64209419,
2026-06-11 14:15:00,1781187300,1785.64209419,1796.11351774,1717.18140894,1743.9799398,
2026-06-11 14:16:00,1781187360,1743.9799398,1840.58747882,1735.66797068,1836.72912783,
2026-06-11 14:17:00,1781187420,1836.72912783,1837.59329635,1751.61014993,1770.24499893,
2026-06-11 14:18:00,1781187480,1770.24499893,1830.60359573,1765.80008426,1828.9057867,
2026-06-11 14:19:00,1781187540,1828.9057867,1838.89179427,1761.31413128,1780.23635144,
2026-06-11 14:20:00,1781187600,1780.23635144,1794.75184156,1726.59175414,1728.05708834,
2026-06-11 14:21:00,1781187660,1728.05708834,1754.70214784,1709.35352757,1710.22139666,
2026-06-11 14:22:00,1781187720,1710.22139666,1772.50888858,1688.65972272,1708.46452144,
2026-06-11 14:23:00,1781187780,1708.46452144,1711.00677057,1645.63280075,1678.01123846,
2026-06-11 14:24:00,1781187840,1678.01123846,1703.19834077,1630.43608834,1660.68693734,
2026-06-11 14:25:00,1781187900,1660.68693734,1676.27371306,1639.97541984,1659.684331,
2026-06-11 14:26:00,1781187960,1659.684331,1728.27379324,1659.13316819,1722.01053607,
2026-06-11 14:27:00,1781188020,1722.01053607,1722.01053607,1664.10626488,1684.04635733,
2026-06-11 14:28:00,1781188080,1684.04635733,1699.38556592,1647.94240175,1651.24788503,
2026-06-11 14:29:00,1781188140,1651.24788503,1665.91221886,1602.81180723,1609.94577625,
2026-06-11 14:30:00,1781188200,1609.94577625,1700.90718606,1588.47609227,1697.07312661,
2026-06-11 14:31:00,1781188260,1697.07312661,1713.55540611,1659.12650614,1667.28090385,
2026-06-11 14:32:00,1781188320,1667.28090385,1687.05287789,1634.97175812,1672.87183728,
2026-06-11 14:33:00,1781188380,1672.87183728,1704.19643913,1656.11252379,1695.86416662,
2026-06-11 14:34:00,1781188440,1695.86416662,1728.98969963,1676.11101003,1679.98947091,
2026-06-11 14:35:00,1781188500,1679.98947091,1697.10627075,1639.24500994,1645.89910363,
2026-06-11 14:36:00,1781188560,1645.89910363,1665.74699701,1564.27592148,1565.65836716,
2026-06-11 14:37:00,1781188620,1565.65836716,1677.29529778,1559.69444187,1675.63348675,
2026-06-11 14:38:00,1781188680,1675.63348675,1678.32187956,1634.56456906,1654.84939775,
2026-06-11 14:39:00,1781188740,1654.84939775,1698.39597469,1651.92098339,1687.37957139,
2026-06-11 14:40:00,1781188800,1687.37957139,1712.09965485,1674.22354612,1675.01233765,
2026-06-11 14:41:00,1781188860,1675.01233765,1703.36725931,1647.65244154,1694.6798725,
2026-06-11 14:42:00,1781188920,1694.6798725,1717.58253201,1668.02369839,1696.93372811,
2026-06-11 14:43:00,1781188980,1696.93372811,1738.22507748,1685.78252372,1712.24860533,
2026-06-11 14:44:00,1781189040,1712.24860533,1733.84771081,1688.39423185,1730.44989242,
2026-06-11 14:45:00,1781189100,1730.44989242,1735.85502953,1693.8804667,1703.3825299,
2026-06-11 14:46:00,1781189160,1703.3825299,1728.56277991,1670.61745388,1713.05558233,
2026-06-11 14:47:00,1781189220,1713.05558233,1715.29203199,1680.444046,1705.15290562,
2026-06-11 14:48:00,1781189280,1705.15290562,1707.28978807,1644.16560656,1670.77064902,
2026-06-11 14:49:00,1781189340,1670.77064902,1700.6711153,1659.24504347,1694.31974818,
2026-06-11 14:50:00,1781189400,1694.31974818,1722.55018885,1656.84078034,1663.84754593,
2026-06-11 14:51:00,1781189460,1663.84754593,1678.00638952,1599.76352801,1631.64832367,
2026-06-11 14:52:00,1781189520,1631.64832367,1684.24679003,1627.9234481,1664.77709952,
2026-06-11 14:53:00,1781189580,1664.77709952,1672.79885422,1619.15081052,1662.87430647,
2026-06-11 14:54:00,1781189640,1662.87430647,1689.27841949,1644.08184543,1668.53179387,
2026-06-11 14:55:00,1781189700,1668.53179387,1708.5119382,1667.12283637,1706.55718145,
2026-06-11 14:56:00,1781189760,1706.55718145,1795.87928113,1703.74687596,1770.65664273,
2026-06-11 14:57:00,1781189820,1770.65664273,1795.10064025,1728.55417636,1731.37526579,
2026-06-11 14:58:00,1781189880,1731.37526579,1817.90405479,1715.54029885,1811.32829815,
2026-06-11 14:59:00,1781189940,1811.32829815,1832.47991945,1804.02280649,1830.08638895,
2026-06-11 15:00:00,1781190000,1830.08638895,1860.575049,1795.72332982,1859.9926054,
2026-06-11 15:01:00,1781190060,1859.9926054,1990.75777675,1859.90824219,1958.19586711,
2026-06-11 15:02:00,1781190120,1958.19586711,1971.61858898,1872.05417539,1920.9525,
2026-06-11 15:03:00,1781190180,1920.9525,1923.30590067,1835.77874145,1863.6523435,
2026-06-11 15:04:00,1781190240,1863.6523435,1878.6048659,1830.62210623,1847.3759123,
2026-06-11 15:05:00,1781190300,1847.3759123,1917.3115199,1845.31003916,1906.05835802,
2026-06-11 15:06:00,1781190360,1906.05835802,1916.6365466,1847.00736295,1874.71396167,
2026-06-11 15:07:00,1781190420,1874.71396167,1891.23553737,1748.98602208,1756.10512706,
2026-06-11 15:08:00,1781190480,1756.10512706,1812.40466573,1734.90293693,1778.55190365,
2026-06-11 15:09:00,1781190540,1778.55190365,1820.21947703,1761.37984219,1811.09888305,
2026-06-11 15:10:00,1781190600,1811.09888305,1859.27714815,1810.85157181,1838.39765662,
2026-06-11 15:11:00,1781190660,1838.39765662,1843.27835665,1806.77127517,1816.09744637,
2026-06-11 15:12:00,1781190720,1816.09744637,1824.61468009,1719.84774538,1759.81195307,
2026-06-11 15:13:00,1781190780,1759.81195307,1803.09854637,1752.1234875,1799.98205855,
2026-06-11 15:14:00,1781190840,1799.98205855,1861.72612164,1799.65444278,1859.37485648,
2026-06-11 15:15:00,1781190900,1859.37485648,1876.09422873,1805.73033412,1806.80695516,
2026-06-11 15:16:00,1781190960,1806.80695516,1863.98142479,1792.13119075,1862.27939028,
2026-06-11 15:17:00,1781191020,1862.27939028,1876.51007408,1837.15293434,1870.63706865,
2026-06-11 15:18:00,1781191080,1870.63706865,1919.48240793,1858.46643072,1910.09212225,
2026-06-11 15:19:00,1781191140,1910.09212225,1917.93785153,1869.83578495,1878.39075231,
2026-06-11 15:20:00,1781191200,1878.39075231,1885.31451451,1780.77650787,1792.40399067,
2026-06-11 15:21:00,1781191260,1792.40399067,1802.30961207,1764.91853059,1794.46474076,
2026-06-11 15:22:00,1781191320,1794.46474076,1834.24698562,1794.46474076,1819.15428249,
2026-06-11 15:23:00,1781191380,1819.15428249,1828.20657088,1760.42914713,1768.99136635,
2026-06-11 15:24:00,1781191440,1768.99136635,1786.92157537,1760.27903578,1786.92157537,
2026-06-11 15:25:00,1781191500,1786.92157537,1833.40905905,1785.61318357,1802.82680033,
2026-06-11 15:26:00,1781191560,1802.82680033,1831.60086197,1795.95080684,1796.0728508,
2026-06-11 15:27:00,1781191620,1796.0728508,1833.0678621,1783.70609871,1811.81043971,
2026-06-11 15:28:00,1781191680,1811.81043971,1845.59411228,1804.19055345,1828.13117442,
2026-06-11 15:29:00,1781191740,1828.13117442,1849.51353607,1815.1047118,1830.53423689,
2026-06-11 15:30:00,1781191800,1830.53423689,1874.93414128,1812.34719853,1870.14164015,
2026-06-11 15:31:00,1781191860,1870.14164015,1906.60766564,1866.49451748,1869.04643252,
2026-06-11 15:32:00,1781191920,1869.04643252,1872.61480687,1832.08804132,1832.33611621,
2026-06-11 15:33:00,1781191980,1832.33611621,1875.83459814,1831.6787201,1834.40842888,
2026-06-11 15:34:00,1781192040,1834.40842888,1834.40842888,1790.35989358,1807.43728424,
2026-06-11 15:35:00,1781192100,1807.43728424,1817.81872259,1737.18821363,1763.57036075,
2026-06-11 15:36:00,1781192160,1763.57036075,1802.78787875,1738.31757005,1744.85602616,
2026-06-11 15:37:00,1781192220,1744.85602616,1750.61174775,1716.7960632,1722.24741175,
2026-06-11 15:38:00,1781192280,1722.24741175,1766.63056484,1718.44802901,1719.5226329,
2026-06-11 15:39:00,1781192340,1719.5226329,1747.44723784,1702.41966752,1745.82817357,
2026-06-11 15:40:00,1781192400,1745.82817357,1754.49487996,1706.76839265,1710.97074344,
2026-06-11 15:41:00,1781192460,1710.97074344,1761.66454139,1710.97074344,1760.79739812,
2026-06-11 15:42:00,1781192520,1760.79739812,1788.57380393,1749.99377991,1771.21720125,
2026-06-11 15:43:00,1781192580,1771.21720125,1837.95866734,1756.39639585,1834.96581578,
2026-06-11 15:44:00,1781192640,1834.96581578,1866.99021963,1817.3321739,1864.25518958,
2026-06-11 15:45:00,1781192700,1864.25518958,1927.96031253,1845.09190718,1915.17506608,
2026-06-11 15:46:00,1781192760,1915.17506608,1915.17506608,1846.29589424,1849.13192133,
2026-06-11 15:47:00,1781192820,1849.13192133,1852.98041116,1818.4010271,1832.53863441,
2026-06-11 15:48:00,1781192880,1832.53863441,1920.91475903,1831.87185209,1890.17762899,
2026-06-11 15:49:00,1781192940,1890.17762899,1910.29119142,1865.05288302,1903.13166697,
2026-06-11 15:50:00,1781193000,1903.13166697,1919.2251328,1890.00671609,1908.90717728,
2026-06-11 15:51:00,1781193060,1908.90717728,1912.95203544,1878.23854099,1893.37542788,
2026-06-11 15:52:00,1781193120,1893.37542788,1944.2818411,1882.33745041,1926.11130287,
2026-06-11 15:53:00,1781193180,1926.11130287,1956.07207707,1919.37997634,1932.09452447,
2026-06-11 15:54:00,1781193240,1932.09452447,1932.26470351,1889.47277535,1892.71157172,
2026-06-11 15:55:00,1781193300,1892.71157172,1940.46342143,1873.99968156,1879.43581588,
2026-06-11 15:56:00,1781193360,1879.43581588,1896.82574684,1853.0341435,1853.0341435,
2026-06-11 15:57:00,1781193420,1853.0341435,1867.59050268,1830.78923386,1838.75095253,
2026-06-11 15:58:00,1781193480,1838.75095253,1848.33254813,1822.41157905,1822.6594146,
2026-06-11 15:59:00,1781193540,1822.6594146,1835.44862608,1798.60419242,1798.93371618,
2026-06-11 16:00:00,1781193600,1798.93371618,1802.57239385,1762.53950618,1767.89014702,
2026-06-11 16:01:00,1781193660,1767.89014702,1803.07411452,1744.56273749,1798.05708611,
2026-06-11 16:02:00,1781193720,1798.05708611,1821.41045033,1798.05708611,1804.33228953,
2026-06-11 16:03:00,1781193780,1804.33228953,1839.66994739,1792.51695569,1839.25092367,
2026-06-11 16:04:00,1781193840,1839.25092367,1868.72725761,1836.61703212,1850.90315067,
2026-06-11 16:05:00,1781193900,1850.90315067,1863.23657516,1812.65494878,1815.62081201,
2026-06-11 16:06:00,1781193960,1815.62081201,1816.11753867,1748.80731646,1756.92494009,
2026-06-11 16:07:00,1781194020,1756.92494009,1767.85543514,1728.16506591,1730.39019537,
2026-06-11 16:08:00,1781194080,1730.39019537,1766.0339132,1730.30713855,1737.45849314,
2026-06-11 16:09:00,1781194140,1737.45849314,1814.74810129,1737.45849314,1809.30228567,
2026-06-11 16:10:00,1781194200,1809.30228567,1819.22504266,1766.18937026,1805.60006637,
2026-06-11 16:11:00,1781194260,1805.60006637,1810.72195799,1782.25647704,1792.62874368,
2026-06-11 16:12:00,1781194320,1792.62874368,1805.36421576,1772.41257827,1776.95029106,
2026-06-11 16:13:00,1781194380,1776.95029106,1789.80958724,1769.47279939,1781.58693134,
2026-06-11 16:14:00,1781194440,1781.58693134,1785.14996028,1733.75348115,1737.12799261,
2026-06-11 16:15:00,1781194500,1737.12799261,1760.742386,1717.32190672,1747.59661428,
2026-06-11 16:16:00,1781194560,1747.59661428,1758.47486711,1727.30498731,1732.35924036,
2026-06-11 16:17:00,1781194620,1732.35924036,1771.88627089,1728.23631631,1733.39171183,
2026-06-11 16:18:00,1781194680,1733.39171183,1753.86670441,1727.79738362,1734.11875184,
2026-06-11 16:19:00,1781194740,1734.11875184,1752.28700979,1730.49769268,1736.32259559,
2026-06-11 16:20:00,1781194800,1736.32259559,1776.51251083,1730.45089638,1775.17765701,
2026-06-11 16:21:00,1781194860,1775.17765701,1850.90652394,1744.68616161,1834.16013964,
2026-06-11 16:22:00,1781194920,1834.16013964,1872.33237213,1810.92350528,1868.26360726,
2026-06-11 16:23:00,1781194980,1868.26360726,1887.10076548,1847.06968895,1881.74147414,
2026-06-11 16:24:00,1781195040,1881.74147414,1908.47230985,1870.28058605,1905.80589722,
2026-06-11 16:25:00,1781195100,1905.80589722,1942.13036906,1893.98404328,1930.79497979,
2026-06-11 16:26:00,1781195160,1930.79497979,1934.05405296,1888.74482467,1909.91602117,
2026-06-11 16:27:00,1781195220,1909.91602117,1912.42820697,1892.788886,1902.74849176,
2026-06-11 16:28:00,1781195280,1902.74849176,1904.40101927,1866.09001791,1887.96802013,
2026-06-11 16:29:00,1781195340,1887.96802013,1896.46280899,1867.21911221,1890.71814447,
2026-06-11 16:30:00,1781195400,1890.71814447,1923.34982509,1880.45884853,1908.39874457,
2026-06-11 16:31:00,1781195460,1908.39874457,1933.79173821,1898.44165698,1933.79173821,
2026-06-11 16:32:00,1781195520,1933.79173821,1966.05379155,1905.20491596,1905.80238709,
2026-06-11 16:33:00,1781195580,1905.80238709,1919.01438569,1856.99893083,1856.99893083,
2026-06-11 16:34:00,1781195640,1856.99893083,1861.27066906,1785.35917621,1839.46985275,
2026-06-11 16:35:00,1781195700,1839.46985275,1861.46760699,1803.55102767,1815.39054332,
2026-06-11 16:36:00,1781195760,1815.39054332,1824.0770867,1754.41454262,1754.41454262,
2026-06-11 16:37:00,1781195820,1754.41454262,1784.40634095,1741.77593543,1780.91359319,
2026-06-11 16:38:00,1781195880,1780.91359319,1819.93360601,1770.71726128,1790.49359815,
2026-06-11 16:39:00,1781195940,1790.49359815,1826.53219505,1790.1593228,1811.67195101,
2026-06-11 16:40:00,1781196000,1811.67195101,1844.92961933,1793.69117716,1838.31616084,
2026-06-11 16:41:00,1781196060,1838.31616084,1867.30941415,1819.2484958,1865.35894473,
2026-06-11 16:42:00,1781196120,1865.35894473,1887.17024859,1846.00042461,1850.35143755,
2026-06-11 16:43:00,1781196180,1850.35143755,1865.38631957,1819.11127975,1854.5643477,
2026-06-11 16:44:00,1781196240,1854.5643477,1884.26635199,1847.78607596,1865.61369636,
2026-06-11 16:45:00,1781196300,1865.61369636,1904.25328644,1836.35348544,1904.25328644,
2026-06-11 16:46:00,1781196360,1904.25328644,1905.19235531,1871.54970189,1888.25776089,
2026-06-11 16:47:00,1781196420,1888.25776089,1903.26729191,1874.96336849,1879.5610974,
2026-06-11 16:48:00,1781196480,1879.5610974,1879.5610974,1842.43352759,1849.02150711,
2026-06-11 16:49:00,1781196540,1849.02150711,1913.71998843,1848.93558797,1891.28138072,
2026-06-11 16:50:00,1781196600,1891.28138072,1934.62383863,1883.38349457,1884.10928972,
2026-06-11 16:51:00,1781196660,1884.10928972,1908.30339157,1879.06068933,1905.88303282,
2026-06-11 16:52:00,1781196720,1905.88303282,1932.18527949,1891.56831593,1911.28953412,
2026-06-11 16:53:00,1781196780,1911.28953412,1918.67033866,1875.00826286,1885.20844644,
2026-06-11 16:54:00,1781196840,1885.20844644,1898.24713144,1854.38084383,1897.37166114,
2026-06-11 16:55:00,1781196900,1897.37166114,1927.7259966,1892.40688497,1924.56449513,
2026-06-11 16:56:00,1781196960,1924.56449513,1933.00257159,1894.83582145,1915.93472112,
2026-06-11 16:57:00,1781197020,1915.93472112,1927.93000875,1912.54691792,1918.72173507,
2026-06-11 16:58:00,1781197080,1918.72173507,1924.08285571,1905.54378736,1924.04495024,
2026-06-11 16:59:00,1781197140,1924.04495024,1934.32226719,1912.62738188,1933.52799344,
2026-06-11 17:00:00,1781197200,1933.52799344,1956.42879645,1931.32902252,1939.83470989,
2026-06-11 17:01:00,1781197260,1939.83470989,1939.83470989,1890.09732778,1928.50082302,
2026-06-11 17:02:00,1781197320,1928.50082302,1961.65442732,1913.35862514,1961.65442732,
2026-06-11 17:03:00,1781197380,1961.65442732,2091.46525199,1957.77957817,2074.11583996,
2026-06-11 17:04:00,1781197440,2074.11583996,2103.86657479,2061.15224634,2062.97494301,
2026-06-11 17:05:00,1781197500,2062.97494301,2062.97494301,2003.00002918,2008.85022456,
2026-06-11 17:06:00,1781197560,2008.85022456,2025.27658675,1985.79186151,2005.60418847,
2026-06-11 17:07:00,1781197620,2005.60418847,2027.65087938,1976.27552764,1987.82881762,
2026-06-11 17:08:00,1781197680,1987.82881762,2014.13727279,1982.70518049,2009.39480244,
2026-06-11 17:09:00,1781197740,2009.39480244,2010.9676517,1972.08848267,1983.10298705,
2026-06-11 17:10:00,1781197800,1983.10298705,1998.50940062,1936.62654313,1957.60049361,
2026-06-11 17:11:00,1781197860,1957.60049361,2000.16553473,1954.74336337,2000.16553473,
2026-06-11 17:12:00,1781197920,2000.16553473,2050.83590174,1971.18376144,2048.89848278,
2026-06-11 17:13:00,1781197980,2048.89848278,2071.42447445,2025.8842681,2030.73644551,
2026-06-11 17:14:00,1781198040,2030.73644551,2034.9765662,2013.19952386,2033.73856409,
2026-06-11 17:15:00,1781198100,2033.73856409,2084.57565008,2005.68680789,2013.38681459,
2026-06-11 17:16:00,1781198160,2013.38681459,2016.71156293,1992.16651885,1996.08483685,
2026-06-11 17:17:00,1781198220,1996.08483685,2023.71813515,1996.08483685,2013.76625515,
2026-06-11 17:18:00,1781198280,2013.76625515,2084.66459621,2013.76625515,2078.28706348,
2026-06-11 17:19:00,1781198340,2078.28706348,2090.23885178,2056.64109272,2087.30865572,
2026-06-11 17:20:00,1781198400,2087.30865572,2112.84691766,2060.61348787,2066.60165649,
2026-06-11 17:21:00,1781198460,2066.60165649,2117.87917069,2055.66312019,2097.93961728,
2026-06-11 17:22:00,1781198520,2097.93961728,2126.22899996,2071.31162823,2110.26741798,
2026-06-11 17:23:00,1781198580,2110.26741798,2117.37856535,2077.99423126,2087.43814525,
2026-06-11 17:24:00,1781198640,2087.43814525,2127.28345379,2072.16143675,2078.51307315,
2026-06-11 17:25:00,1781198700,2078.51307315,2113.00660703,2069.93455502,2090.93662829,
2026-06-11 17:26:00,1781198760,2090.93662829,2129.90361052,2081.28029987,2128.86926464,
2026-06-11 17:27:00,1781198820,2128.86926464,2141.96792195,2103.84444267,2106.15254387,
2026-06-11 17:28:00,1781198880,2106.15254387,2108.06212985,1778.81607601,1859.25265008,
2026-06-11 17:29:00,1781198940,1859.25265008,1889.7077337,1597.09630841,1615.61217658,
2026-06-11 17:30:00,1781199000,1615.61217658,1615.61217658,1482.61866449,1549.27743062,
2026-06-11 17:31:00,1781199060,1549.27743062,1598.66164778,1410.94184778,1420.56825753,
2026-06-11 17:32:00,1781199120,1420.56825753,1425.28666074,1234.80940269,1234.88057248,
2026-06-11 17:33:00,1781199180,1234.88057248,1343.43377139,1216.18790602,1343.43377139,
2026-06-11 17:34:00,1781199240,1343.43377139,1433.60337346,1333.00717773,1376.69293624,
2026-06-11 17:35:00,1781199300,1376.69293624,1478.14948972,1352.72833264,1389.36347589,
2026-06-11 17:36:00,1781199360,1389.36347589,1471.87164138,1372.739504,1451.64719337,
2026-06-11 17:37:00,1781199420,1451.64719337,1475.26725321,1399.52256291,1424.18640962,
2026-06-11 17:38:00,1781199480,1424.18640962,1453.85982723,1383.98295449,1398.40826191,
2026-06-11 17:39:00,1781199540,1398.40826191,1435.9799936,1380.39110563,1408.53503922,
2026-06-11 17:40:00,1781199600,1408.53503922,1408.53503922,1325.34148396,1331.7409341,
2026-06-11 17:41:00,1781199660,1331.7409341,1356.50655021,1286.74377678,1295.80517665,
2026-06-11 17:42:00,1781199720,1295.80517665,1354.4082707,1283.11828265,1323.6726106,
2026-06-11 17:43:00,1781199780,1323.6726106,1359.39785419,1305.66345757,1345.48739048,
2026-06-11 17:44:00,1781199840,1345.48739048,1364.74087705,1318.13574873,1330.99584497,
2026-06-11 17:45:00,1781199900,1330.99584497,1332.06044576,1232.71570857,1232.71570857,
2026-06-11 17:46:00,1781199960,1232.71570857,1347.82622488,1232.36056344,1319.38262555,
2026-06-11 17:47:00,1781200020,1319.38262555,1320.77096859,1214.00686631,1236.19417842,
2026-06-11 17:48:00,1781200080,1236.19417842,1238.16961345,1187.14915057,1231.74272416,
2026-06-11 17:49:00,1781200140,1231.74272416,1289.59636596,1132.39789978,1143.9703716,
2026-06-11 17:50:00,1781200200,1143.9703716,1227.47177949,1142.82389995,1227.33085308,
2026-06-11 17:51:00,1781200260,1227.33085308,1246.67000464,1153.81835393,1175.57232631,
2026-06-11 17:52:00,1781200320,1175.57232631,1216.40463583,1139.95883746,1213.66543403,
2026-06-11 17:53:00,1781200380,1213.66543403,1248.24382504,1202.80813302,1232.05485213,
2026-06-11 17:54:00,1781200440,1232.05485213,1260.65513407,1225.68139462,1229.58690677,
2026-06-11 17:55:00,1781200500,1229.58690677,1244.97795197,1209.47613845,1233.15925395,
2026-06-11 17:56:00,1781200560,1233.15925395,1297.64540921,1230.81531818,1260.54124877,
2026-06-11 17:57:00,1781200620,1260.54124877,1280.08438769,1212.39681089,1220.842911,
2026-06-11 17:58:00,1781200680,1220.842911,1226.1522641,1157.02398288,1173.92818301,
2026-06-11 17:59:00,1781200740,1173.92818301,1197.12575862,1099.20786001,1106.62115595,
2026-06-11 18:00:00,1781200800,1106.62115595,1122.03329168,1060.37576853,1088.80443261,
2026-06-11 18:01:00,1781200860,1088.80443261,1094.13458101,1035.39390919,1040.97496048,
2026-06-11 18:02:00,1781200920,1040.97496048,1123.98208114,1008.33598658,1121.47875557,
2026-06-11 18:03:00,1781200980,1121.47875557,1158.33474184,1057.60483099,1136.34960153,
2026-06-11 18:04:00,1781201040,1136.34960153,1208.93994443,1131.97859009,1196.01459713,
2026-06-11 18:05:00,1781201100,1196.01459713,1259.32176815,1187.92565102,1258.73203772,
2026-06-11 18:06:00,1781201160,1258.73203772,1291.8267038,1242.8542325,1263.5196033,
2026-06-11 18:07:00,1781201220,1263.5196033,1283.716856,1244.58488138,1260.73877987,
2026-06-11 18:08:00,1781201280,1260.73877987,1301.5965881,1240.70586363,1301.5965881,
2026-06-11 18:09:00,1781201340,1301.5965881,1324.72901591,1279.57727907,1283.10843972,
2026-06-11 18:10:00,1781201400,1283.10843972,1327.21003514,1272.46808877,1299.05700204,
2026-06-11 18:11:00,1781201460,1299.05700204,1323.61523966,1232.68378118,1243.08888187,
2026-06-11 18:12:00,1781201520,1243.08888187,1243.08888187,1186.53326638,1226.46648746,
2026-06-11 18:13:00,1781201580,1226.46648746,1255.47503165,1214.3247768,1233.0891262,
2026-06-11 18:14:00,1781201640,1233.0891262,1246.5786617,1212.22160756,1217.87569511,
2026-06-11 18:15:00,1781201700,1217.87569511,1223.13463301,1133.57815826,1133.57815826,
2026-06-11 18:16:00,1781201760,1133.57815826,1158.83973732,1122.70157408,1135.0045942,
2026-06-11 18:17:00,1781201820,1135.0045942,1184.61966178,1133.78543038,1159.15740856,
2026-06-11 18:18:00,1781201880,1159.15740856,1207.19246611,1147.3900938,1185.42335688,
2026-06-11 18:19:00,1781201940,1185.42335688,1210.11670881,1131.59435044,1155.7044287,
2026-06-11 18:20:00,1781202000,1155.7044287,1189.20157431,1143.42989346,1172.66635189,
2026-06-11 18:21:00,1781202060,1172.66635189,1183.086821,1135.53838499,1173.2801349,
2026-06-11 18:22:00,1781202120,1173.2801349,1309.58902517,1173.2801349,1261.54784522,
2026-06-11 18:23:00,1781202180,1261.54784522,1303.6562358,1249.87241524,1290.30657054,
2026-06-11 18:24:00,1781202240,1290.30657054,1315.71814056,1269.01152636,1281.18621623,
2026-06-11 18:25:00,1781202300,1281.18621623,1285.85184624,1245.45738137,1246.59531963,
2026-06-11 18:26:00,1781202360,1246.59531963,1268.43904682,1240.89064977,1244.44334967,
2026-06-11 18:27:00,1781202420,1244.44334967,1266.41052381,1238.82281175,1257.4301783,
2026-06-11 18:28:00,1781202480,1257.4301783,1302.37997427,1255.00508918,1273.25905537,
2026-06-11 18:29:00,1781202540,1273.25905537,1302.41567693,1262.48606976,1282.80674666,
2026-06-11 18:30:00,1781202600,1282.80674666,1291.67986521,1227.06596682,1227.13484098,
2026-06-11 18:31:00,1781202660,1227.13484098,1252.46831104,1225.06054081,1247.22952022,
2026-06-11 18:32:00,1781202720,1247.22952022,1300.6153916,1247.15632056,1277.63072613,
2026-06-11 18:33:00,1781202780,1277.63072613,1293.77437017,1234.69961691,1241.26310376,
2026-06-11 18:34:00,1781202840,1241.26310376,1255.94274327,1230.13573531,1254.83233595,
2026-06-11 18:35:00,1781202900,1254.83233595,1256.04675785,1231.91161172,1239.97351708,
2026-06-11 18:36:00,1781202960,1239.97351708,1243.5811803,1180.222634,1186.37152552,
2026-06-11 18:37:00,1781203020,1186.37152552,1203.15020681,1180.2916243,1200.49850107,
2026-06-11 18:38:00,1781203080,1200.49850107,1212.49975642,1188.6194137,1192.92920321,
2026-06-11 18:39:00,1781203140,1192.92920321,1202.22080286,1174.86478941,1186.92823919,
2026-06-11 18:40:00,1781203200,1186.92823919,1200.87534495,1162.53079214,1198.72407951,
2026-06-11 18:41:00,1781203260,1198.72407951,1207.43276364,1180.03526105,1202.04313509,
2026-06-11 18:42:00,1781203320,1202.04313509,1212.40150073,1196.18269441,1202.96276464,
2026-06-11 18:43:00,1781203380,1202.96276464,1208.20861549,1169.66454209,1175.81655106,
2026-06-11 18:44:00,1781203440,1175.81655106,1188.79354139,1172.08442481,1176.54750871,
2026-06-11 18:45:00,1781203500,1176.54750871,1199.44469315,1172.94540102,1182.22291111,
2026-06-11 18:46:00,1781203560,1182.22291111,1189.46893568,1176.14061871,1185.21210623,
2026-06-11 18:47:00,1781203620,1185.21210623,1191.39600866,1153.29469691,1154.04189967,
2026-06-11 18:48:00,1781203680,1154.04189967,1185.59559298,1154.03991594,1183.36932131,
2026-06-11 18:49:00,1781203740,1183.36932131,1214.2241517,1182.95129367,1193.76931684,
2026-06-11 18:50:00,1781203800,1193.76931684,1199.07031225,1175.2154288,1195.65295892,
2026-06-11 18:51:00,1781203860,1195.65295892,1216.32438162,1194.31903903,1216.32438162,
2026-06-11 18:52:00,1781203920,1216.32438162,1217.09647744,1169.37451394,1169.37451394,
2026-06-11 18:53:00,1781203980,1169.37451394,1182.32362958,1152.65767766,1168.86090819,
2026-06-11 18:54:00,1781204040,1168.86090819,1197.66910684,1166.64260188,1197.59916901,
2026-06-11 18:55:00,1781204100,1197.59916901,1212.67699195,1187.47475769,1206.04933329,
2026-06-11 18:56:00,1781204160,1206.04933329,1213.91146726,1167.54814692,1176.17310056,
2026-06-11 18:57:00,1781204220,1176.17310056,1191.05345456,1174.53775862,1180.34876178,
2026-06-11 18:58:00,1781204280,1180.34876178,1204.19324005,1172.6356015,1203.53710183,
2026-06-11 18:59:00,1781204340,1203.53710183,1235.27642325,1202.48424449,1229.91387358,
2026-06-11 19:00:00,1781204400,1229.91387358,1259.81336878,1212.49974437,1217.64323584,
2026-06-11 19:01:00,1781204460,1217.64323584,1223.09669226,1167.07120897,1178.9059578,
2026-06-11 19:02:00,1781204520,1178.9059578,1179.17856433,1130.20065994,1161.16111805,
2026-06-11 19:03:00,1781204580,1161.16111805,1205.11735304,1157.60170915,1194.04772028,
2026-06-11 19:04:00,1781204640,1194.04772028,1207.1330793,1180.64874696,1199.59941961,
2026-06-11 19:05:00,1781204700,1199.59941961,1206.80767725,1185.35837572,1204.33440006,
2026-06-11 19:06:00,1781204760,1204.33440006,1229.1640984,1199.57624475,1210.15277847,
2026-06-11 19:07:00,1781204820,1210.15277847,1228.1287647,1208.12226104,1224.00051574,
2026-06-11 19:08:00,1781204880,1224.00051574,1278.71079311,1220.04144297,1255.30162461,
2026-06-11 19:09:00,1781204940,1255.30162461,1261.62043263,1225.38834978,1254.01479147,
2026-06-11 19:10:00,1781205000,1254.01479147,1255.67116625,1212.04719764,1234.0362139,
2026-06-11 19:11:00,1781205060,1234.0362139,1278.26104646,1227.92256771,1253.90029421,
2026-06-11 19:12:00,1781205120,1253.90029421,1253.90029421,1143.01569674,1173.66174132,
2026-06-11 19:13:00,1781205180,1173.66174132,1231.22361107,1161.53864631,1183.72163161,
2026-06-11 19:14:00,1781205240,1183.72163161,1193.91784058,1152.04093832,1174.50360582,
2026-06-11 19:15:00,1781205300,1174.50360582,1180.12985739,1134.69714266,1140.98056612,
2026-06-11 19:16:00,1781205360,1140.98056612,1145.5388031,1120.51000597,1129.95374637,
2026-06-11 19:17:00,1781205420,1129.95374637,1139.14359554,1088.47796707,1094.01579449,
2026-06-11 19:18:00,1781205480,1094.01579449,1102.48466845,1072.77551075,1089.3086478,
2026-06-11 19:19:00,1781205540,1089.3086478,1133.72592039,1089.3086478,1114.03912837,
2026-06-11 19:20:00,1781205600,1114.03912837,1114.03912837,1067.90261809,1101.48942614,
2026-06-11 19:21:00,1781205660,1101.48942614,1115.83605625,1095.80493158,1107.08510729,
2026-06-11 19:22:00,1781205720,1107.08510729,1108.16260193,1086.63843101,1096.05293774,
2026-06-11 19:23:00,1781205780,1096.05293774,1097.00800453,1066.10214023,1082.2947449,
2026-06-11 19:24:00,1781205840,1082.2947449,1094.16310243,1067.6128734,1082.75004877,
2026-06-11 19:25:00,1781205900,1082.75004877,1123.93164558,1082.74591558,1098.34349474,
2026-06-11 19:26:00,1781205960,1098.34349474,1122.64146124,1080.81815912,1084.29321555,
2026-06-11 19:27:00,1781206020,1084.29321555,1136.63591522,1084.22487943,1125.7807777,
2026-06-11 19:28:00,1781206080,1125.7807777,1149.44999317,1119.97940138,1121.73723566,
2026-06-11 19:29:00,1781206140,1121.73723566,1143.83972851,1109.49943812,1140.14807319,
2026-06-11 19:30:00,1781206200,1140.14807319,1144.16778017,942.48348808,942.48348808,
2026-06-11 19:31:00,1781206260,942.48348808,1015.65288364,942.48348808,997.51963409,
2026-06-11 19:32:00,1781206320,997.51963409,1000.28900554,946.10692046,959.94739785,
2026-06-11 19:33:00,1781206380,959.94739785,990.61084966,923.27695417,953.36868422,
2026-06-11 19:34:00,1781206440,953.36868422,1063.15308232,945.40067076,1038.8223024,
2026-06-11 19:35:00,1781206500,1038.8223024,1076.02411521,1019.6228526,1028.98963129,
2026-06-11 19:36:00,1781206560,1028.98963129,1046.52863369,1005.72289022,1033.79933426,
2026-06-11 19:37:00,1781206620,1033.79933426,1045.44240207,990.14584341,1007.97258477,
2026-06-11 19:38:00,1781206680,1007.97258477,1053.02697775,1005.49085626,1052.26787419,
2026-06-11 19:39:00,1781206740,1052.26787419,1097.02073615,1043.30823362,1093.16590062,
2026-06-11 19:40:00,1781206800,1093.16590062,1093.16590062,1039.77698926,1044.30470495,
2026-06-11 19:41:00,1781206860,1044.30470495,1045.1468231,1007.37513602,1015.47931233,
2026-06-11 19:42:00,1781206920,1015.47931233,1021.62998476,1008.85561649,1017.01625827,
2026-06-11 19:43:00,1781206980,1017.01625827,1040.91596109,1013.44939646,1037.21098952,
2026-06-11 19:44:00,1781207040,1037.21098952,1093.62937991,1034.56440407,1080.77279326,
2026-06-11 19:45:00,1781207100,1080.77279326,1100.4222147,1079.76954774,1084.29099,
2026-06-11 19:46:00,1781207160,1084.29099,1116.31709011,1075.66454204,1110.42893679,
2026-06-11 19:47:00,1781207220,1110.42893679,1110.42893679,1064.89028931,1065.3358831,
2026-06-11 19:48:00,1781207280,1065.3358831,1093.70108035,1060.01466291,1074.587623,
2026-06-11 19:49:00,1781207340,1074.587623,1099.00013722,1063.07577942,1095.19735762,
2026-06-11 19:50:00,1781207400,1095.19735762,1137.42473968,1080.19616153,1115.0365044,
2026-06-11 19:51:00,1781207460,1115.0365044,1121.67415414,1079.52177884,1080.99961355,
2026-06-11 19:52:00,1781207520,1080.99961355,1118.04121949,1074.64359752,1102.27909262,
2026-06-11 19:53:00,1781207580,1102.27909262,1116.60249154,1088.84847263,1090.35294878,
2026-06-11 19:54:00,1781207640,1090.35294878,1098.50509118,1079.48103866,1079.48103866,
2026-06-11 19:55:00,1781207700,1079.48103866,1130.78147273,1079.48103866,1102.65719625,
2026-06-11 19:56:00,1781207760,1102.65719625,1111.56448644,1098.44515055,1108.35497461,
2026-06-11 19:57:00,1781207820,1108.35497461,1126.92320049,1099.06846989,1104.31853035,
2026-06-11 19:58:00,1781207880,1104.31853035,1125.34232664,1095.10794025,1123.57801263,
2026-06-11 19:59:00,1781207940,1123.57801263,1150.35152457,1108.38589764,1145.26724035,
2026-06-11 20:00:00,1781208000,1145.26724035,1190.78799991,1112.72509544,1181.4095149,
2026-06-11 20:01:00,1781208060,1181.4095149,1185.12479587,1134.14272198,1153.16042781,
2026-06-11 20:02:00,1781208120,1153.16042781,1172.42323121,1105.61601746,1123.29458986,
2026-06-11 20:03:00,1781208180,1123.29458986,1161.59022036,1111.91730145,1137.77417658,
2026-06-11 20:04:00,1781208240,1137.77417658,1152.75765446,1127.06878988,1144.80348176,
2026-06-11 20:05:00,1781208300,1144.80348176,1147.42893776,1109.97710208,1119.3785994,
2026-06-11 20:06:00,1781208360,1119.3785994,1147.45961226,1119.23335751,1147.04673396,
2026-06-11 20:07:00,1781208420,1147.04673396,1175.45319868,1144.18650471,1159.09346726,
2026-06-11 20:08:00,1781208480,1159.09346726,1187.62125725,1157.93883745,1172.41708626,
2026-06-11 20:09:00,1781208540,1172.41708626,1174.5850828,1162.6131857,1169.59072461,
2026-06-11 20:10:00,1781208600,1169.59072461,1210.94592872,1169.59072461,1207.67241818,
2026-06-11 20:11:00,1781208660,1207.67241818,1223.07616984,1194.13227018,1199.03502361,
2026-06-11 20:12:00,1781208720,1199.03502361,1201.75512874,1191.70576432,1195.18757324,
2026-06-11 20:13:00,1781208780,1195.18757324,1215.83956573,1186.10365614,1204.41141794,
2026-06-11 20:14:00,1781208840,1204.41141794,1206.73630726,1183.51430064,1191.26971841,
2026-06-11 20:15:00,1781208900,1191.26971841,1211.51730292,1185.57873916,1208.94136654,
2026-06-11 20:16:00,1781208960,1208.94136654,1213.71934721,1193.88302333,1194.770886,
2026-06-11 20:17:00,1781209020,1194.770886,1199.96118967,1179.02712205,1185.70866263,
2026-06-11 20:18:00,1781209080,1185.70866263,1198.5490587,1178.02384778,1196.71206429,
2026-06-11 20:19:00,1781209140,1196.71206429,1196.71206429,1176.47547533,1190.80933327,
2026-06-11 20:20:00,1781209200,1190.80933327,1190.94536001,1182.926845,1187.59675811,
2026-06-11 20:21:00,1781209260,1187.59675811,1222.63151102,1182.73484964,1222.54850087,
2026-06-11 20:22:00,1781209320,1222.54850087,1239.58473726,1222.54850087,1228.81933488,
2026-06-11 20:23:00,1781209380,1228.81933488,1228.88772405,1213.12205392,1213.54183365,
2026-06-11 20:24:00,1781209440,1213.54183365,1222.89031946,1209.6623427,1221.00606911,
2026-06-11 20:25:00,1781209500,1221.00606911,1251.05622284,1219.9503309,1239.00717164,
2026-06-11 20:26:00,1781209560,1239.00717164,1262.61146553,1215.86691152,1260.25157482,
2026-06-11 20:27:00,1781209620,1260.25157482,1272.36160313,1233.26412283,1271.57182657,
2026-06-11 20:28:00,1781209680,1271.57182657,1336.77947162,1271.56984284,1304.21311169,
2026-06-11 20:29:00,1781209740,1304.21311169,1316.35377044,1302.07606342,1302.493829,
2026-06-11 20:30:00,1781209800,1302.493829,1321.48108703,1301.78247882,1307.57174951,
2026-06-11 20:31:00,1781209860,1307.57174951,1323.47701007,1285.2201166,1318.86975989,
2026-06-11 20:32:00,1781209920,1318.86975989,1322.7466502,1294.25104081,1297.36570934,
2026-06-11 20:33:00,1781209980,1297.36570934,1308.0375448,1269.89398541,1280.60237219,
2026-06-11 20:34:00,1781210040,1280.60237219,1291.74557807,1270.01883501,1288.35147878,
2026-06-11 20:35:00,1781210100,1288.35147878,1320.66018746,1285.89113379,1314.45868158,
2026-06-11 20:36:00,1781210160,1314.45868158,1332.22750981,1309.73850856,1321.94839358,
2026-06-11 20:37:00,1781210220,1321.94839358,1332.87378434,1319.15456233,1320.06254241,
2026-06-11 20:38:00,1781210280,1320.06254241,1327.39160695,1313.37778976,1325.56143538,
2026-06-11 20:39:00,1781210340,1325.56143538,1335.29423368,1316.65117068,1318.15400816,
2026-06-11 20:40:00,1781210400,1318.15400816,1322.26396848,1290.08494767,1299.66484365,
2026-06-11 20:41:00,1781210460,1299.66484365,1333.41421809,1299.15240366,1333.02383742,
2026-06-11 20:42:00,1781210520,1333.02383742,1349.91630834,1332.92257231,1346.14636976,
2026-06-11 20:43:00,1781210580,1346.14636976,1349.92657156,1333.8998736,1344.20383394,
2026-06-11 20:44:00,1781210640,1344.20383394,1357.49362332,1333.77621698,1357.04449801,
2026-06-11 20:45:00,1781210700,1357.04449801,1369.8619323,1346.34432337,1347.16300663,
2026-06-11 20:46:00,1781210760,1347.16300663,1368.91400277,1347.16300663,1361.78740639,
2026-06-11 20:47:00,1781210820,1361.78740639,1365.97208221,1344.72539943,1358.12641283,
2026-06-11 20:48:00,1781210880,1358.12641283,1367.23897449,1355.97181637,1363.29849808,
2026-06-11 20:49:00,1781210940,1363.29849808,1363.29849808,1353.21825331,1360.04121006,
2026-06-11 20:50:00,1781211000,1360.04121006,1360.88840338,1348.32043166,1360.80623572,
2026-06-11 20:51:00,1781211060,1360.80623572,1360.80623572,1325.72558679,1325.72558679,
2026-06-11 20:52:00,1781211120,1325.72558679,1329.14344112,1277.45533248,1277.65958016,
2026-06-11 20:53:00,1781211180,1277.65958016,1296.15798649,1275.34950615,1275.34950615,
2026-06-11 20:54:00,1781211240,1275.34950615,1283.25341211,1268.15355057,1272.03971962,
2026-06-11 20:55:00,1781211300,1272.03971962,1284.64031151,1271.82041618,1280.8616496,
2026-06-11 20:56:00,1781211360,1280.8616496,1282.31456202,1269.36636199,1271.86242333,
2026-06-11 20:57:00,1781211420,1271.86242333,1277.6041002,1265.03554552,1266.65566685,
2026-06-11 20:58:00,1781211480,1266.65566685,1291.60270479,1260.13276018,1273.60868867,
2026-06-11 20:59:00,1781211540,1273.60868867,1277.56214047,1259.64976861,1277.19670399,
2026-06-11 21:00:00,1781211600,1277.19670399,1277.77643137,1255.6425745,1260.68675323,
2026-06-11 21:01:00,1781211660,1260.68675323,1260.68675323,1238.89688968,1245.8283399,
2026-06-11 21:02:00,1781211720,1245.8283399,1266.81336656,1245.82638621,1265.37408976,
2026-06-11 21:03:00,1781211780,1265.37408976,1268.98806168,1263.77888591,1263.77888591,
2026-06-11 21:04:00,1781211840,1263.77888591,1266.74569515,1224.01058402,1226.57719836,
2026-06-11 21:05:00,1781211900,1226.57719836,1228.9987898,1200.50006118,1222.20735609,
2026-06-11 21:06:00,1781211960,1222.20735609,1228.15611323,1217.86430506,1223.61459786,
2026-06-11 21:07:00,1781212020,1223.61459786,1223.61459786,1204.39515087,1220.9385991,
2026-06-11 21:08:00,1781212080,1220.9385991,1221.29027457,1201.36512419,1206.42683517,
2026-06-11 21:09:00,1781212140,1206.42683517,1217.2504363,1205.66019782,1215.10390224,
2026-06-11 21:10:00,1781212200,1215.10390224,1215.15158695,1212.2975207,1214.85051084,
2026-06-11 21:11:00,1781212260,1214.85051084,1222.05337253,1209.54270379,1213.8275282,
2026-06-11 21:12:00,1781212320,1213.8275282,1213.89654018,1204.56819835,1204.56819835,
2026-06-11 21:13:00,1781212380,1204.56819835,1204.56819835,1124.8616983,1136.99806733,
2026-06-11 21:14:00,1781212440,1136.99806733,1158.61733346,1136.99806733,1156.79467466,
2026-06-11 21:15:00,1781212500,1156.79467466,1174.03769565,1156.79467466,1168.82077803,
2026-06-11 21:16:00,1781212560,1168.82077803,1187.13408975,1163.75324674,1179.33167992,
2026-06-11 21:17:00,1781212620,1179.33167992,1186.28640445,1169.09522429,1183.58230191,
2026-06-11 21:18:00,1781212680,1183.58230191,1189.26612299,1176.23557683,1180.86126434,
2026-06-11 21:19:00,1781212740,1180.86126434,1182.95986251,1170.52376518,1176.87684012,
2026-06-11 21:20:00,1781212800,1176.87684012,1185.77222143,1170.00543402,1181.7703613,
2026-06-11 21:21:00,1781212860,1181.7703613,1195.23403671,1177.09482568,1177.5626036,
2026-06-11 21:22:00,1781212920,1177.5626036,1177.5626036,1160.5204726,1161.14635825,
2026-06-11 21:23:00,1781212980,1161.14635825,1161.21184873,1147.84624479,1157.91859917,
2026-06-11 21:24:00,1781213040,1157.91859917,1185.80218857,1157.91655789,1180.21332282,
2026-06-11 21:25:00,1781213100,1180.21332282,1210.29938496,1180.21130452,1199.42396754,
2026-06-11 21:26:00,1781213160,1199.42396754,1224.71637732,1199.42196989,1224.28562662,
2026-06-11 21:27:00,1781213220,1224.28562662,1228.29302101,1217.87301164,1218.85498247,
2026-06-11 21:28:00,1781213280,1218.85498247,1236.09074847,1217.3034563,1225.26865014,
2026-06-11 21:29:00,1781213340,1225.26865014,1225.55285121,1204.64504989,1204.97329513,
2026-06-11 21:30:00,1781213400,1204.97329513,1205.11318755,1192.98313102,1193.01147453,
2026-06-11 21:31:00,1781213460,1193.01147453,1198.20095892,1188.68396541,1192.42686215,
2026-06-11 21:32:00,1781213520,1192.42686215,1197.78966539,1179.66010261,1179.66010261,
2026-06-11 21:33:00,1781213580,1179.66010261,1183.4811103,1178.17724887,1181.42981875,
2026-06-11 21:34:00,1781213640,1181.42981875,1200.79929165,1181.42780678,1197.76818302,
2026-06-11 21:35:00,1781213700,1197.76818302,1219.34787763,1197.35819538,1211.25885229,
2026-06-11 21:36:00,1781213760,1211.25885229,1211.47274596,1201.26877859,1202.91706752,
2026-06-11 21:37:00,1781213820,1202.91706752,1210.85257323,1202.15270885,1210.56757917,
2026-06-11 21:38:00,1781213880,1210.56757917,1210.61394513,1174.89887936,1176.99647419,
2026-06-11 21:39:00,1781213940,1176.99647419,1187.39233794,1171.20008762,1171.40418614,
2026-06-11 21:40:00,1781214000,1171.40418614,1202.29785315,1160.42054563,1198.71797767,
2026-06-11 21:41:00,1781214060,1198.71797767,1205.35891726,1188.7756614,1189.19745647,
2026-06-11 21:42:00,1781214120,1189.19745647,1189.19745647,1169.03251334,1172.68898927,
2026-06-11 21:43:00,1781214180,1172.68898927,1195.411576,1171.49049676,1193.70476165,
2026-06-11 21:44:00,1781214240,1193.70476165,1195.26534791,1163.48520243,1164.3213072,
2026-06-11 21:45:00,1781214300,1164.3213072,1173.40702128,1148.899893,1165.7906533,
2026-06-11 21:46:00,1781214360,1165.7906533,1168.88802327,1144.09283045,1157.17772427,
2026-06-11 21:47:00,1781214420,1157.17772427,1167.59706872,1141.26874187,1152.73839507,
2026-06-11 21:48:00,1781214480,1152.73839507,1156.58048264,1135.7387675,1138.22477236,
2026-06-11 21:49:00,1781214540,1138.22477236,1154.48787151,1132.35119248,1153.00388652,
2026-06-11 21:50:00,1781214600,1153.00388652,1168.91298108,1152.18541633,1168.84276112,
2026-06-11 21:51:00,1781214660,1168.84276112,1174.73448341,1152.45994093,1152.54085084,
2026-06-11 21:52:00,1781214720,1152.54085084,1160.27712754,1137.90941052,1150.56105952,
2026-06-11 21:53:00,1781214780,1150.56105952,1158.35002213,1147.17662615,1158.35002213,
2026-06-11 21:54:00,1781214840,1158.35002213,1183.80290486,1155.428706,1172.81267848,
2026-06-11 21:55:00,1781214900,1172.81267848,1201.18159571,1172.74018851,1200.81302753,
2026-06-11 21:56:00,1781214960,1200.81302753,1214.62726152,1194.88138855,1209.07427561,
2026-06-11 21:57:00,1781215020,1209.07427561,1217.78347885,1202.22580893,1202.22580893,
2026-06-11 21:58:00,1781215080,1202.22580893,1202.22580893,1179.88897095,1180.04441406,
2026-06-11 21:59:00,1781215140,1180.04441406,1206.26648017,1168.52201309,1168.81613209,
2026-06-11 22:00:00,1781215200,1168.81613209,1183.07937104,1139.43677159,1141.00079088,
2026-06-11 22:01:00,1781215260,1141.00079088,1158.12555711,1129.64577945,1129.64577945,
2026-06-11 22:02:00,1781215320,1129.64577945,1160.92916618,1118.5588555,1137.87077385,
2026-06-11 22:03:00,1781215380,1137.87077385,1137.87077385,1118.11466087,1121.328088,
2026-06-11 22:04:00,1781215440,1121.328088,1131.42900404,1078.11916372,1127.4145478,
2026-06-11 22:05:00,1781215500,1127.4145478,1133.0426641,1098.48045848,1115.8687719,
2026-06-11 22:06:00,1781215560,1115.8687719,1130.4588273,1088.52923668,1106.48568799,
2026-06-11 22:07:00,1781215620,1106.48568799,1106.48568799,1065.34857069,1077.31109309,
2026-06-11 22:08:00,1781215680,1077.31109309,1097.23505472,1070.81229873,1082.69469373,
2026-06-11 22:09:00,1781215740,1082.69469373,1082.69469373,1059.85448897,1079.82969925,
2026-06-11 22:10:00,1781215800,1079.82969925,1104.04040144,1079.82969925,1084.10879658,
2026-06-11 22:11:00,1781215860,1084.10879658,1099.50969123,1066.58667838,1097.99974663,
2026-06-11 22:12:00,1781215920,1097.99974663,1121.81320201,1095.12310271,1114.32806559,
2026-06-11 22:13:00,1781215980,1114.32806559,1116.46175886,1087.49630972,1092.33315253,
2026-06-11 22:14:00,1781216040,1092.33315253,1093.51321398,1077.91153802,1085.24537106,
2026-06-11 22:15:00,1781216100,1085.24537106,1107.42090892,1077.68881566,1096.90200997,
2026-06-11 22:16:00,1781216160,1096.90200997,1102.80574765,1055.63603582,1079.11502394,
2026-06-11 22:17:00,1781216220,1079.11502394,1083.40831817,1050.96323337,1073.41688888,
2026-06-11 22:18:00,1781216280,1073.41688888,1085.83113492,1071.78777815,1079.45892315,
2026-06-11 22:19:00,1781216340,1079.45892315,1087.41741056,1073.29103572,1078.73008917,
2026-06-11 22:20:00,1781216400,1078.73008917,1094.12357461,1075.41035368,1086.14930673,
2026-06-11 22:21:00,1781216460,1086.14930673,1099.92651528,1086.14930673,1098.54434403,
2026-06-11 22:22:00,1781216520,1098.54434403,1131.4276431,1098.54230996,1129.91061885,
2026-06-11 22:23:00,1781216580,1129.91061885,1140.31328869,1115.91115291,1124.76200567,
2026-06-11 22:24:00,1781216640,1124.76200567,1135.66379642,1116.12886196,1134.7653546,
2026-06-11 22:25:00,1781216700,1134.7653546,1150.25453488,1126.77798209,1131.56237446,
2026-06-11 22:26:00,1781216760,1131.56237446,1139.41072211,1125.3410344,1133.86846297,
2026-06-11 22:27:00,1781216820,1133.86846297,1137.18860656,1125.75802171,1131.62857194,
2026-06-11 22:28:00,1781216880,1131.62857194,1143.69061336,1117.6092574,1122.3537664,
2026-06-11 22:29:00,1781216940,1122.3537664,1122.3537664,1098.92686146,1107.41512133,
2026-06-11 22:30:00,1781217000,1107.41512133,1118.64895004,1096.0228794,1098.17112242,
2026-06-11 22:31:00,1781217060,1098.17112242,1104.88456743,1071.32576491,1104.47009513,
2026-06-11 22:32:00,1781217120,1104.47009513,1127.75009326,1103.95725961,1126.90798856,
2026-06-11 22:33:00,1781217180,1126.90798856,1135.4108424,1109.3790126,1121.03677005,
2026-06-11 22:34:00,1781217240,1121.03677005,1153.17903903,1110.50315475,1153.17903903,
2026-06-11 22:35:00,1781217300,1153.17903903,1174.51689727,1127.38366373,1127.38366373,
2026-06-11 22:36:00,1781217360,1127.38366373,1128.77462917,1111.75639658,1116.9040876,
2026-06-11 22:37:00,1781217420,1116.9040876,1134.16666133,1116.90207628,1132.71707143,
2026-06-11 22:38:00,1781217480,1132.71707143,1158.04814149,1132.43534261,1154.18546739,
2026-06-11 22:39:00,1781217540,1154.18546739,1168.26848295,1141.11188491,1144.03823927,
2026-06-11 22:40:00,1781217600,1144.03823927,1152.36798385,1125.78642213,1143.83474741,
2026-06-11 22:41:00,1781217660,1143.83474741,1164.92195411,1143.26869765,1161.60342405,
2026-06-11 22:42:00,1781217720,1161.60342405,1170.5965198,1158.14738879,1170.5965198,
2026-06-11 22:43:00,1781217780,1170.5965198,1175.48478791,1159.89003179,1160.52311916,
2026-06-11 22:44:00,1781217840,1160.52311916,1171.1525971,1160.38110016,1169.1777187,
2026-06-11 22:45:00,1781217900,1169.1777187,1172.21226478,1150.43665688,1160.18116193,
2026-06-11 22:46:00,1781217960,1160.18116193,1190.7159526,1159.80887623,1186.9447805,
2026-06-11 22:47:00,1781218020,1186.9447805,1196.18504379,1185.78594151,1196.1811551,
2026-06-11 22:48:00,1781218080,1196.1811551,1202.01249174,1185.97744095,1189.14920439,
2026-06-11 22:49:00,1781218140,1189.14920439,1189.78473333,1144.34812623,1165.13933312,
2026-06-11 22:50:00,1781218200,1165.13933312,1166.93655696,1142.90930709,1146.10947328,
2026-06-11 22:51:00,1781218260,1146.10947328,1158.31048235,1140.33388624,1157.81195375,
2026-06-11 22:52:00,1781218320,1157.81195375,1162.78944533,1145.07925471,1145.68342775,
2026-06-11 22:53:00,1781218380,1145.68342775,1162.26408254,1145.68342775,1156.982529,
2026-06-11 22:54:00,1781218440,1156.982529,1158.83793489,1138.50234951,1138.78145528,
2026-06-11 22:55:00,1781218500,1138.78145528,1145.53497041,1122.58079738,1123.85650093,
2026-06-11 22:56:00,1781218560,1123.85650093,1149.4060139,1108.37104276,1149.4060139,
2026-06-11 22:57:00,1781218620,1149.4060139,1149.4060139,1131.97779006,1133.36968878,
2026-06-11 22:58:00,1781218680,1133.36968878,1147.79289134,1133.36767752,1138.41370938,
2026-06-11 22:59:00,1781218740,1138.41370938,1173.47583608,1138.27094171,1171.2300402,
2026-06-11 23:00:00,1781218800,1171.2300402,1215.05918121,1170.79775993,1213.49134639,
2026-06-11 23:01:00,1781218860,1213.49134639,1229.54412165,1212.91365429,1220.73311268,
2026-06-11 23:02:00,1781218920,1220.73311268,1241.7485825,1197.8086613,1210.35199537,
2026-06-11 23:03:00,1781218980,1210.35199537,1268.13245942,1207.80501929,1236.80378154,
2026-06-11 23:04:00,1781219040,1236.80378154,1243.53357293,1215.21540077,1223.90281189,
2026-06-11 23:05:00,1781219100,1223.90281189,1232.28782606,1211.82156421,1229.54990543,
2026-06-11 23:06:00,1781219160,1229.54990543,1242.58559819,1227.43276633,1237.37942284,
2026-06-11 23:07:00,1781219220,1237.37942284,1248.56570028,1232.67782136,1245.32029677,
2026-06-11 23:08:00,1781219280,1245.32029677,1275.41547746,1243.76959361,1266.09483519,
2026-06-11 23:09:00,1781219340,1266.09483519,1277.73723162,1265.48439903,1271.91913418,
2026-06-11 23:10:00,1781219400,1271.91913418,1275.18784521,1253.47365933,1261.5966565,
2026-06-11 23:11:00,1781219460,1261.5966565,1269.38739767,1255.65942841,1263.9446029,
2026-06-11 23:12:00,1781219520,1263.9446029,1264.68174961,1227.32971392,1228.87699979,
2026-06-11 23:13:00,1781219580,1228.87699979,1258.15462586,1228.87699979,1244.67857732,
2026-06-11 23:14:00,1781219640,1244.67857732,1246.77284085,1232.65048311,1242.0316773,
2026-06-11 23:15:00,1781219700,1242.0316773,1254.98979566,1226.61938261,1227.31143186,
2026-06-11 23:16:00,1781219760,1227.31143186,1245.61988097,1216.30549081,1226.5647772,
2026-06-11 23:17:00,1781219820,1226.5647772,1254.15081657,1226.5647772,1253.7112309,
2026-06-11 23:18:00,1781219880,1253.7112309,1261.15477092,1243.65961625,1247.13910247,
2026-06-11 23:19:00,1781219940,1247.13910247,1249.74205716,1222.59957574,1228.77573487,
2026-06-11 23:20:00,1781220000,1228.77573487,1250.05329204,1227.47130007,1248.26448825,
2026-06-11 23:21:00,1781220060,1248.26448825,1251.13628765,1240.80653436,1251.04012499,
2026-06-11 23:22:00,1781220120,1251.04012499,1251.04012499,1220.50595967,1224.25691008,
2026-06-11 23:23:00,1781220180,1224.25691008,1233.07018465,1219.60399231,1226.24777805,
2026-06-11 23:24:00,1781220240,1226.24777805,1258.14154883,1226.18839452,1250.67742224,
2026-06-11 23:25:00,1781220300,1250.67742224,1257.73190273,1239.49188238,1255.88142466,
2026-06-11 23:26:00,1781220360,1255.88142466,1256.38359142,1230.84306616,1236.73889805,
2026-06-11 23:27:00,1781220420,1236.73889805,1262.99849204,1228.56458468,1261.64644475,
2026-06-11 23:28:00,1781220480,1261.64644475,1262.59387641,1261.09376823,1262.473882,
2026-06-11 23:29:00,1781220540,1262.473882,1264.30857607,1250.51453737,1258.43466338,
2026-06-11 23:30:00,1781220600,1258.43466338,1258.81157027,1234.33619934,1243.58822608,
2026-06-11 23:31:00,1781220660,1243.58822608,1249.95313635,1189.69343464,1195.98087154,
2026-06-11 23:32:00,1781220720,1195.98087154,1195.98087154,1171.75068704,1181.15475338,
2026-06-11 23:33:00,1781220780,1181.15475338,1200.12358667,1152.90212714,1152.90212714,
2026-06-11 23:34:00,1781220840,1152.90212714,1172.27705081,1152.66192371,1155.84511127,
2026-06-11 23:35:00,1781220900,1155.84511127,1176.32917296,1148.84048975,1175.46561174,
2026-06-11 23:36:00,1781220960,1175.46561174,1181.88410244,1156.95756004,1170.26390156,
2026-06-11 23:37:00,1781221020,1170.26390156,1177.25728629,1159.70740434,1175.63096891,
2026-06-11 23:38:00,1781221080,1175.63096891,1183.7841564,1164.19245674,1164.73573999,
2026-06-11 23:39:00,1781221140,1164.73573999,1171.44810041,1138.95804769,1142.66717992,
2026-06-11 23:40:00,1781221200,1142.66717992,1143.37093158,1033.73692498,1044.21557869,
2026-06-11 23:41:00,1781221260,1044.21557869,1051.90015793,1038.06306361,1050.68260474,
2026-06-11 23:42:00,1781221320,1050.68260474,1059.48747628,1050.37922162,1051.56710828,
2026-06-11 23:43:00,1781221380,1051.56710828,1078.89049285,1049.42323675,1069.68898097,
2026-06-11 23:44:00,1781221440,1069.68898097,1076.39002721,1069.64788849,1073.01752571,
2026-06-11 23:45:00,1781221500,1073.01752571,1073.05298741,1060.52474867,1072.03497998,
2026-06-11 23:46:00,1781221560,1072.03497998,1072.39358919,1054.06443865,1063.48553657,
2026-06-11 23:47:00,1781221620,1063.48553657,1088.53096364,1053.43296748,1087.83497668,
2026-06-11 23:48:00,1781221680,1087.83497668,1096.9836879,1080.45460803,1089.76267151,
2026-06-11 23:49:00,1781221740,1089.76267151,1093.30825131,1077.8750647,1091.57815629,
2026-06-11 23:50:00,1781221800,1091.57815629,1108.5607994,1091.50878002,1100.64088226,
2026-06-11 23:51:00,1781221860,1100.64088226,1130.0014247,1100.56909915,1126.68955981,
2026-06-11 23:52:00,1781221920,1126.68955981,1150.59017435,1126.68955981,1127.5370781,
2026-06-11 23:53:00,1781221980,1127.5370781,1146.83560984,1125.55769789,1136.1801413,
2026-06-11 23:54:00,1781222040,1136.1801413,1138.02139125,1067.81550782,1073.19186935,
2026-06-11 23:55:00,1781222100,1073.19186935,1082.08548753,1069.77361933,1074.5839636,
2026-06-11 23:56:00,1781222160,1074.5839636,1085.36656208,1074.41644428,1076.65830635,
2026-06-11 23:57:00,1781222220,1076.65830635,1094.18414378,1066.48610513,1073.15313956,
2026-06-11 23:58:00,1781222280,1073.15313956,1089.84024692,1066.99056712,1081.21386261,
2026-06-11 23:59:00,1781222340,1081.21386261,1096.20746038,1070.17209414,1070.17209414,
2026-06-12 00:00:00,1781222400,1070.17209414,1117.9187641,1069.95943492,1081.6764265,
2026-06-12 00:01:00,1781222460,1081.6764265,1091.73786136,1070.83103254,1084.66451563,
2026-06-12 00:02:00,1781222520,1084.66451563,1108.30255582,1078.99178021,1101.87306818,
2026-06-12 00:03:00,1781222580,1101.87306818,1130.33212291,1101.87306818,1123.14340797,
2026-06-12 00:04:00,1781222640,1123.14340797,1123.35582484,1095.45896855,1098.34771448,
2026-06-12 00:05:00,1781222700,1098.34771448,1101.07588016,1074.98881295,1089.25893256,
2026-06-12 00:06:00,1781222760,1089.25893256,1096.28780152,1062.91248626,1072.75537628,
2026-06-12 00:07:00,1781222820,1072.75537628,1072.75537628,957.63826536,969.80360017,
2026-06-12 00:08:00,1781222880,969.80360017,992.6448915,957.07217805,983.69974203,
2026-06-12 00:09:00,1781222940,983.69974203,1008.83626278,983.69974203,1001.96395837,
2026-06-12 00:10:00,1781223000,1001.96395837,1004.63974155,985.65690713,1003.40892694,
2026-06-12 00:11:00,1781223060,1003.40892694,1023.51209882,986.64798775,1017.00833819,
2026-06-12 00:12:00,1781223120,1017.00833819,1025.30433139,1010.88086972,1017.93652128,
2026-06-12 00:13:00,1781223180,1017.93652128,1028.42455742,1003.31821076,1005.48036686,
2026-06-12 00:14:00,1781223240,1005.48036686,1006.54532731,985.5228325,987.40370333,
2026-06-12 00:15:00,1781223300,987.40370333,1051.74501869,987.40370333,1042.52334879,
2026-06-12 00:16:00,1781223360,1042.52334879,1073.80253,1027.50997489,1066.89473931,
2026-06-12 00:17:00,1781223420,1066.89473931,1073.07635794,1056.48794218,1064.32884493,
2026-06-12 00:18:00,1781223480,1064.32884493,1064.60591214,1045.30746689,1050.52503124,
2026-06-12 00:19:00,1781223540,1050.52503124,1051.32145819,1033.83142744,1045.93933429,
2026-06-12 00:20:00,1781223600,1045.93933429,1061.83465738,1045.93933429,1052.13728584,
2026-06-12 00:21:00,1781223660,1052.13728584,1057.41224114,1025.00056727,1046.36855635,
2026-06-12 00:22:00,1781223720,1046.36855635,1079.08545656,1034.66459886,1066.21721509,
2026-06-12 00:23:00,1781223780,1066.21721509,1081.87339439,1066.21517999,1077.3805073,
2026-06-12 00:24:00,1781223840,1077.3805073,1096.36293881,1073.01824399,1093.97617873,
2026-06-12 00:25:00,1781223900,1093.97617873,1094.43655503,1068.72674801,1069.64577983,
2026-06-12 00:26:00,1781223960,1069.64577983,1118.09996,1069.53334653,1118.09996,
2026-06-12 00:27:00,1781224020,1118.09996,1137.48489116,1090.69123103,1099.52495568,
2026-06-12 00:28:00,1781224080,1099.52495568,1100.18544967,1074.63710883,1077.27826972,
2026-06-12 00:29:00,1781224140,1077.27826972,1077.97504471,1052.62449452,1066.29997238,
2026-06-12 00:30:00,1781224200,1066.29997238,1078.28541743,1053.83834944,1063.13641576,
2026-06-12 00:31:00,1781224260,1063.13641576,1104.17751446,1063.13641576,1084.91468477,
2026-06-12 00:32:00,1781224320,1084.91468477,1087.91363583,1054.13453754,1056.98162357,
2026-06-12 00:33:00,1781224380,1056.98162357,1057.50199028,1031.43106527,1034.39632636,
2026-06-12 00:34:00,1781224440,1034.39632636,1072.74539993,1019.53082045,1056.32867886,
2026-06-12 00:35:00,1781224500,1056.32867886,1063.22781915,1027.2009656,1028.57165011,
2026-06-12 00:36:00,1781224560,1028.57165011,1044.59000283,1017.59511145,1027.25000395,
2026-06-12 00:37:00,1781224620,1027.25000395,1027.65886115,1011.31464445,1016.75352783,
2026-06-12 00:38:00,1781224680,1016.75352783,1016.8216582,973.16875693,994.50462565,
2026-06-12 00:39:00,1781224740,994.50462565,1028.74668835,994.25994469,1027.42563503,
2026-06-12 00:40:00,1781224800,1027.42563503,1041.15778657,1011.90882469,1017.51147437,
2026-06-12 00:41:00,1781224860,1017.51147437,1029.24497408,1004.35164375,1017.60246697,
2026-06-12 00:42:00,1781224920,1017.60246697,1019.52399893,999.48077929,1014.72555396,
2026-06-12 00:43:00,1781224980,1014.72555396,1035.83478056,1009.42833138,1034.72947229,
2026-06-12 00:44:00,1781225040,1034.72947229,1045.03063305,1029.44421619,1033.17092568,
2026-06-12 00:45:00,1781225100,1033.17092568,1041.27816531,1007.79120064,1009.12045598,
2026-06-12 00:46:00,1781225160,1009.12045598,1023.42686261,1005.79546757,1017.73466915,
2026-06-12 00:47:00,1781225220,1017.73466915,1023.78133646,1010.20410737,1014.28735679,
2026-06-12 00:48:00,1781225280,1014.28735679,1018.17757367,1007.68051278,1016.64345128,
2026-06-12 00:49:00,1781225340,1016.64345128,1018.81953456,1006.29885428,1013.3717384,
2026-06-12 00:50:00,1781225400,1013.3717384,1030.95686503,1013.30137361,1024.96991413,
2026-06-12 00:51:00,1781225460,1024.96991413,1025.03862084,986.3754102,995.62093223,
2026-06-12 00:52:00,1781225520,995.62093223,1009.21803359,995.07767181,1000.56565698,
2026-06-12 00:53:00,1781225580,1000.56565698,1005.0483254,992.62681072,996.31127099,
2026-06-12 00:54:00,1781225640,996.31127099,1000.60179669,985.0609734,993.87625685,
2026-06-12 00:55:00,1781225700,993.87625685,1002.11110344,988.19753525,992.08401974,
2026-06-12 00:56:00,1781225760,992.08401974,997.56301346,978.57393449,991.13403097,
2026-06-12 00:57:00,1781225820,991.13403097,1022.04122489,990.85965941,1020.23690353,
2026-06-12 00:58:00,1781225880,1020.23690353,1045.52880635,1011.33196261,1043.8870801,
2026-06-12 00:59:00,1781225940,1043.8870801,1049.02944245,1031.16452648,1038.09001624,
2026-06-12 01:00:00,1781226000,1038.09001624,1103.18870977,1033.24179925,1100.55291892,
2026-06-12 01:01:00,1781226060,1100.55291892,1130.09124397,1096.40666692,1129.94439133,
2026-06-12 01:02:00,1781226120,1129.94439133,1161.90787681,1118.62384295,1158.58555214,
2026-06-12 01:03:00,1781226180,1158.58555214,1161.21329095,1110.93054921,1126.33715307,
2026-06-12 01:04:00,1781226240,1126.33715307,1144.5099887,1122.62226701,1131.61696823,
2026-06-12 01:05:00,1781226300,1131.61696823,1155.45871781,1124.59004397,1155.09368568,
2026-06-12 01:06:00,1781226360,1155.09368568,1155.16505499,1116.00488122,1131.48819727,
2026-06-12 01:07:00,1781226420,1131.48819727,1138.11006815,1117.42746829,1131.53712995,
2026-06-12 01:08:00,1781226480,1131.53712995,1143.69131713,1129.16572685,1138.6454097,
2026-06-12 01:09:00,1781226540,1138.6454097,1139.54136422,1100.394408,1132.32072981,
2026-06-12 01:10:00,1781226600,1132.32072981,1140.03450311,1118.74535554,1131.55155764,
2026-06-12 01:11:00,1781226660,1131.55155764,1153.09937767,1118.16845427,1147.78900085,
2026-06-12 01:12:00,1781226720,1147.78900085,1155.25877603,1142.54764723,1144.85306581,
2026-06-12 01:13:00,1781226780,1144.85306581,1160.28516957,1142.96623226,1146.57573374,
2026-06-12 01:14:00,1781226840,1146.57573374,1161.36674125,1134.91337408,1148.46526188,
2026-06-12 01:15:00,1781226900,1148.46526188,1164.63609227,1144.13453328,1161.96741353,
2026-06-12 01:16:00,1781226960,1161.96741353,1165.02712097,1110.13697285,1111.85433342,
2026-06-12 01:17:00,1781227020,1111.85433342,1168.31722786,1111.85236579,1149.74067577,
2026-06-12 01:18:00,1781227080,1149.74067577,1163.47255966,1139.76349472,1163.07740964,
2026-06-12 01:19:00,1781227140,1163.07740964,1190.00227317,1162.85675188,1189.32977716,
2026-06-12 01:20:00,1781227200,1189.32977716,1207.8568604,1184.68421534,1197.19798511,
2026-06-12 01:21:00,1781227260,1197.19798511,1202.26268598,1174.78970151,1179.32793174,
2026-06-12 01:22:00,1781227320,1179.32793174,1213.61664702,1179.32604789,1213.46490073,
2026-06-12 01:23:00,1781227380,1213.46490073,1222.48881575,1197.67700146,1221.42775521,
2026-06-12 01:24:00,1781227440,1221.42775521,1221.67151744,1208.30337627,1221.67151744,
2026-06-12 01:25:00,1781227500,1221.67151744,1228.33215478,1205.35355089,1219.54276702,
2026-06-12 01:26:00,1781227560,1219.54276702,1261.84618613,1219.09244702,1258.79795678,
2026-06-12 01:27:00,1781227620,1258.79795678,1290.25572187,1251.95193801,1259.24121254,
2026-06-12 01:28:00,1781227680,1259.24121254,1292.17116927,1243.51578557,1252.04740334,
2026-06-12 01:29:00,1781227740,1252.04740334,1254.73933981,1238.54032962,1249.06568517,
2026-06-12 01:30:00,1781227800,1249.06568517,1253.73824286,1214.91370662,1214.91370662,
2026-06-12 01:31:00,1781227860,1214.91370662,1250.29208442,1214.61107656,1239.60601155,
2026-06-12 01:32:00,1781227920,1239.60601155,1240.89040278,1208.73073356,1218.76850244,
2026-06-12 01:33:00,1781227980,1218.76850244,1234.23695152,1206.33256768,1222.20039302,
2026-06-12 01:34:00,1781228040,1222.20039302,1249.59772107,1213.39055257,1249.29319698,
2026-06-12 01:35:00,1781228100,1249.29319698,1286.17771187,1241.94909605,1279.23141965,
2026-06-12 01:36:00,1781228160,1279.23141965,1287.30703023,1266.60202316,1286.40776718,
2026-06-12 01:37:00,1781228220,1286.40776718,1286.40776718,1264.2283826,1265.67418055,
2026-06-12 01:38:00,1781228280,1265.67418055,1269.93729342,1255.27947873,1256.70182007,
2026-06-12 01:39:00,1781228340,1256.70182007,1273.70213114,1235.17963757,1239.98335068,
2026-06-12 01:40:00,1781228400,1239.98335068,1263.64182551,1239.00189834,1263.53724845,
2026-06-12 01:41:00,1781228460,1263.53724845,1264.5227686,1246.48744429,1256.30767622,
2026-06-12 01:42:00,1781228520,1256.30767622,1257.66952874,1231.61377531,1231.61377531,
2026-06-12 01:43:00,1781228580,1231.61377531,1231.61377531,1204.93511988,1216.84821341,
2026-06-12 01:44:00,1781228640,1216.84821341,1248.4952386,1209.98517413,1247.8646734,
2026-06-12 01:45:00,1781228700,1247.8646734,1248.16475641,1189.25566521,1215.65484073,
2026-06-12 01:46:00,1781228760,1215.65484073,1219.75777962,1192.68745086,1206.1610783,
2026-06-12 01:47:00,1781228820,1206.1610783,1213.92595845,1187.6528539,1210.47182315,
2026-06-12 01:48:00,1781228880,1210.47182315,1218.31341047,1184.36794553,1190.86333669,
2026-06-12 01:49:00,1781228940,1190.86333669,1195.84677654,1172.57251069,1181.55429854,
2026-06-12 01:50:00,1781229000,1181.55429854,1209.72802623,1181.32933693,1203.31957266,
2026-06-12 01:51:00,1781229060,1203.31957266,1212.30473477,1179.40347305,1190.60635706,
2026-06-12 01:52:00,1781229120,1190.60635706,1203.5428618,1188.23194978,1196.91149128,
2026-06-12 01:53:00,1781229180,1196.91149128,1206.10606745,1195.15239197,1196.26062228,
2026-06-12 01:54:00,1781229240,1196.26062228,1204.61391504,1167.63678045,1170.93349174,
2026-06-12 01:55:00,1781229300,1170.93349174,1212.53687747,1170.63583796,1203.29682925,
2026-06-12 01:56:00,1781229360,1203.29682925,1220.19585326,1196.39804292,1220.19585326,
2026-06-12 01:57:00,1781229420,1220.19585326,1229.75604553,1211.87034201,1217.23829582,
2026-06-12 01:58:00,1781229480,1217.23829582,1217.23829582,1198.83100217,1199.32311546,
2026-06-12 01:59:00,1781229540,1199.32311546,1205.3281451,1190.26482508,1192.2073066,
2026-06-12 02:00:00,1781229600,1192.2073066,1192.28151029,1172.75395779,1184.68156978,
2026-06-12 02:01:00,1781229660,1184.68156978,1186.51783765,1160.92944306,1166.77594779,
2026-06-12 02:02:00,1781229720,1166.77594779,1171.92109927,1140.80961405,1140.89297418,
2026-06-12 02:03:00,1781229780,1140.89297418,1161.16570348,1140.52545978,1160.46335331,
2026-06-12 02:04:00,1781229840,1160.46335331,1164.42271348,1148.67923197,1158.0413337,
2026-06-12 02:05:00,1781229900,1158.0413337,1161.8691651,1139.41762779,1139.45640631,
2026-06-12 02:06:00,1781229960,1139.45640631,1140.68942185,1127.11307104,1127.11307104,
2026-06-12 02:07:00,1781230020,1127.11307104,1132.01893414,1101.03764438,1106.07863107,
2026-06-12 02:08:00,1781230080,1106.07863107,1126.72958042,1106.07863107,1115.82202833,
2026-06-12 02:09:00,1781230140,1115.82202833,1121.10000887,1020.80070606,1025.9009638,
2026-06-12 02:10:00,1781230200,1025.9009638,1027.07645553,936.08468462,982.76462113,
2026-06-12 02:11:00,1781230260,982.76462113,1013.16725424,978.17934144,1001.67193852,
2026-06-12 02:12:00,1781230320,1001.67193852,1016.05736124,995.08548346,1002.00007493,
2026-06-12 02:13:00,1781230380,1002.00007493,1020.26653757,977.07702589,1011.17195431,
2026-06-12 02:14:00,1781230440,1011.17195431,1022.58842457,1011.08995324,1015.5784926,
2026-06-12 02:15:00,1781230500,1015.5784926,1021.9606261,995.2704818,1021.40786144,
2026-06-12 02:16:00,1781230560,1021.40786144,1047.24838444,1016.45791815,1032.11275577,
2026-06-12 02:17:00,1781230620,1032.11275577,1054.30886301,1032.11275577,1051.08380611,
2026-06-12 02:18:00,1781230680,1051.08380611,1070.37910236,1051.01159074,1059.406091,
2026-06-12 02:19:00,1781230740,1059.406091,1060.37025918,1029.90259811,1032.82178752,
2026-06-12 02:20:00,1781230800,1032.82178752,1053.5662205,1029.44024602,1036.87011453,
2026-06-12 02:21:00,1781230860,1036.87011453,1056.37711024,1036.0175633,1047.64538935,
2026-06-12 02:22:00,1781230920,1047.64538935,1047.64538935,1016.15878189,1037.87501431,
2026-06-12 02:23:00,1781230980,1037.87501431,1043.77748292,1020.19352659,1032.58289116,
2026-06-12 02:24:00,1781231040,1032.58289116,1032.58289116,1004.08587652,1026.52992646,
2026-06-12 02:25:00,1781231100,1026.52992646,1061.45603107,1026.52992646,1055.56180407,
2026-06-12 02:26:00,1781231160,1055.56180407,1071.9842679,1050.05474326,1071.05653065,
2026-06-12 02:27:00,1781231220,1071.05653065,1087.06953756,1070.41185513,1078.52339931,
2026-06-12 02:28:00,1781231280,1078.52339931,1106.6781122,1077.82629401,1093.87772471,
2026-06-12 02:29:00,1781231340,1093.87772471,1103.15334283,1085.92831524,1086.28682194,
2026-06-12 02:30:00,1781231400,1086.28682194,1091.67212475,1060.79985653,1065.40713778,
2026-06-12 02:31:00,1781231460,1065.40713778,1072.93128697,1052.32650345,1070.51244252,
2026-06-12 02:32:00,1781231520,1070.51244252,1075.70665673,1061.84099794,1067.26545647,
2026-06-12 02:33:00,1781231580,1067.26545647,1097.09416227,1056.24758523,1095.17704189,
2026-06-12 02:34:00,1781231640,1095.17704189,1130.83275253,1092.94479157,1118.6738542,
2026-06-12 02:35:00,1781231700,1118.6738542,1121.29382014,1099.09278145,1114.64573323,
2026-06-12 02:36:00,1781231760,1114.64573323,1120.24799123,1071.51710242,1071.51710242,
2026-06-12 02:37:00,1781231820,1071.51710242,1073.48398682,1050.84972799,1055.55748675,
2026-06-12 02:38:00,1781231880,1055.55748675,1067.96364254,1040.17173523,1060.58210189,
2026-06-12 02:39:00,1781231940,1060.58210189,1074.43581483,1046.15838163,1046.49345381,
2026-06-12 02:40:00,1781232000,1046.49345381,1062.10407542,1021.85089374,1050.98063486,
2026-06-12 02:41:00,1781232060,1050.98063486,1065.6697955,1047.32342196,1064.57797444,
2026-06-12 02:42:00,1781232120,1064.57797444,1071.40821461,1059.51583748,1062.54642974,
2026-06-12 02:43:00,1781232180,1062.54642974,1065.53391495,1057.59673602,1058.50604131,
2026-06-12 02:44:00,1781232240,1058.50604131,1058.5728662,1027.66394962,1029.59383823,
2026-06-12 02:45:00,1781232300,1029.59383823,1056.06152822,1028.52682144,1054.39667747,
2026-06-12 02:46:00,1781232360,1054.39667747,1061.08469686,1052.00922855,1053.19258567,
2026-06-12 02:47:00,1781232420,1053.19258567,1053.52400248,1031.83462999,1046.04734119,
2026-06-12 02:48:00,1781232480,1046.04734119,1063.99831862,1037.13165987,1053.40213759,
2026-06-12 02:49:00,1781232540,1053.40213759,1058.85425345,1041.5456174,1042.67390947,
2026-06-12 02:50:00,1781232600,1042.67390947,1062.51127808,1039.52220559,1053.81688411,
2026-06-12 02:51:00,1781232660,1053.81688411,1067.34341992,1038.97365927,1059.78231979,
2026-06-12 02:52:00,1781232720,1059.78231979,1061.41505967,1049.76534226,1049.76534226,
2026-06-12 02:53:00,1781232780,1049.76534226,1063.94132662,1049.18718475,1057.46499075,
2026-06-12 02:54:00,1781232840,1057.46499075,1057.53201153,1046.77764932,1051.68068048,
2026-06-12 02:55:00,1781232900,1051.68068048,1062.7375356,1051.60776059,1056.20229454,
2026-06-12 02:56:00,1781232960,1056.20229454,1057.12108701,1053.0469258,1054.81903795,
2026-06-12 02:57:00,1781233020,1054.81903795,1065.8439968,1054.00557807,1060.09766761,
2026-06-12 02:58:00,1781233080,1060.09766761,1081.20529584,1054.24319777,1054.66900043,
2026-06-12 02:59:00,1781233140,1054.66900043,1054.82514801,1020.79975031,1030.86957236,
2026-06-12 03:00:00,1781233200,1030.86957236,1032.26059274,1019.53286833,1023.26095298,
2026-06-12 03:01:00,1781233260,1023.26095298,1041.95733458,1008.14716301,1037.77158069,
2026-06-12 03:02:00,1781233320,1037.77158069,1054.29640989,1032.17745007,1052.93454832,
2026-06-12 03:03:00,1781233380,1052.93454832,1058.7271579,1035.90313285,1055.95117808,
2026-06-12 03:04:00,1781233440,1055.95117808,1060.33880283,1042.35149148,1059.54932185,
2026-06-12 03:05:00,1781233500,1059.54932185,1076.07636864,1059.54932185,1073.03424836,
2026-06-12 03:06:00,1781233560,1073.03424836,1073.25040662,1056.29691285,1060.93216719,
2026-06-12 03:07:00,1781233620,1060.93216719,1066.38212106,1044.23320504,1063.43458026,
2026-06-12 03:08:00,1781233680,1063.43458026,1079.07523782,1061.66312443,1071.35470353,
2026-06-12 03:09:00,1781233740,1071.35470353,1077.18949326,1046.7262414,1050.42690515,
2026-06-12 03:10:00,1781233800,1050.42690515,1070.57719716,1050.42690515,1070.43138678,
2026-06-12 03:11:00,1781233860,1070.43138678,1077.20536558,1060.75128425,1069.47496,
2026-06-12 03:12:00,1781233920,1069.47496,1091.69455498,1065.52414999,1079.16116127,
2026-06-12 03:13:00,1781233980,1079.16116127,1111.36976158,1079.16116127,1105.32086685,
2026-06-12 03:14:00,1781234040,1105.32086685,1108.39935401,1094.58159464,1097.70265241,
2026-06-12 03:15:00,1781234100,1097.70265241,1116.10104776,1096.91203017,1110.70175207,
2026-06-12 03:16:00,1781234160,1110.70175207,1125.10505145,1103.4184017,1109.28875106,
2026-06-12 03:17:00,1781234220,1109.28875106,1123.62624047,1104.4651022,1117.95308034,
2026-06-12 03:18:00,1781234280,1117.95308034,1127.07298498,1113.21812772,1116.44783289,
2026-06-12 03:19:00,1781234340,1116.44783289,1132.07578623,1116.44783289,1129.4829573,
2026-06-12 03:20:00,1781234400,1129.4829573,1156.94110972,1127.41535683,1150.25224219,
2026-06-12 03:21:00,1781234460,1150.25224219,1169.75598517,1136.95350919,1165.7187081,
2026-06-12 03:22:00,1781234520,1165.7187081,1178.85095132,1148.19180548,1178.85095132,
2026-06-12 03:23:00,1781234580,1178.85095132,1193.41573207,1177.81473504,1181.89901449,
2026-06-12 03:24:00,1781234640,1181.89901449,1187.63878998,1167.54577519,1175.24620532,
2026-06-12 03:25:00,1781234700,1175.24620532,1228.30859697,1175.24620532,1202.90327775,
2026-06-12 03:26:00,1781234760,1202.90327775,1202.90327775,1175.09012942,1175.62237846,
2026-06-12 03:27:00,1781234820,1175.62237846,1194.78336639,1172.05282999,1187.94055632,
2026-06-12 03:28:00,1781234880,1187.94055632,1187.94055632,1153.07537604,1153.29983001,
2026-06-12 03:29:00,1781234940,1153.29983001,1166.86540572,1153.29983001,1164.36737398,
2026-06-12 03:30:00,1781235000,1164.36737398,1165.34313803,1135.06844173,1161.2934455,
2026-06-12 03:31:00,1781235060,1161.2934455,1161.59176388,1107.35466545,1130.14366639,
2026-06-12 03:32:00,1781235120,1130.14366639,1163.99502728,1130.14366639,1141.13990837,
2026-06-12 03:33:00,1781235180,1141.13990837,1147.95835991,1130.45026924,1139.37572386,
2026-06-12 03:34:00,1781235240,1139.37572386,1147.23350846,1106.99874406,1108.06156627,
2026-06-12 03:35:00,1781235300,1108.06156627,1135.22152689,1093.31238521,1126.91893184,
2026-06-12 03:36:00,1781235360,1126.91893184,1143.42024419,1123.21874147,1139.04613032,
2026-06-12 03:37:00,1781235420,1139.04613032,1139.04613032,1116.88830709,1119.76808706,
2026-06-12 03:38:00,1781235480,1119.76808706,1139.18452697,1119.69422841,1129.84171454,
2026-06-12 03:39:00,1781235540,1129.84171454,1141.53631169,1129.54317143,1141.13397108,
2026-06-12 03:40:00,1781235600,1141.13397108,1147.45344563,1129.49748496,1139.84834413,
2026-06-12 03:41:00,1781235660,1139.84834413,1149.14648651,1120.8877996,1136.67315624,
2026-06-12 03:42:00,1781235720,1136.67315624,1158.19688124,1132.12825817,1146.22835596,
2026-06-12 03:43:00,1781235780,1146.22835596,1151.86774647,1140.6785095,1148.60851275,
2026-06-12 03:44:00,1781235840,1148.60851275,1148.60851275,1128.50605191,1135.93886311,
2026-06-12 03:45:00,1781235900,1135.93886311,1151.38780666,1124.75630959,1142.45110266,
2026-06-12 03:46:00,1781235960,1142.45110266,1145.65585584,1119.82066524,1119.97556198,
2026-06-12 03:47:00,1781236020,1119.97556198,1125.76848027,1108.23392202,1118.19850812,
2026-06-12 03:48:00,1781236080,1118.19850812,1127.60512143,1093.4410452,1113.27095027,
2026-06-12 03:49:00,1781236140,1113.27095027,1146.19085908,1104.71154327,1142.15426633,
2026-06-12 03:50:00,1781236200,1142.15426633,1142.15426633,1118.01656537,1128.74076814,
2026-06-12 03:51:00,1781236260,1128.74076814,1128.79015337,1108.1578073,1116.52567372,
2026-06-12 03:52:00,1781236320,1116.52567372,1117.63832699,1102.30265014,1114.01748396,
2026-06-12 03:53:00,1781236380,1114.01748396,1117.29332308,1103.29407094,1104.97518669,
2026-06-12 03:54:00,1781236440,1104.97518669,1110.93846799,1096.8094079,1107.89901692,
2026-06-12 03:55:00,1781236500,1107.89901692,1108.22122892,1090.87820544,1100.23100344,
2026-06-12 03:56:00,1781236560,1100.23100344,1109.73871619,1100.23100344,1104.90686836,
2026-06-12 03:57:00,1781236620,1104.90686836,1104.98038502,1090.74545129,1098.22611685,
2026-06-12 03:58:00,1781236680,1098.22611685,1108.76113649,1097.77748098,1105.96446455,
2026-06-12 03:59:00,1781236740,1105.96446455,1105.96446455,1092.35979242,1096.48239683,
2026-06-12 04:00:00,1781236800,1096.48239683,1103.24996624,1089.81593528,1101.39151178,
2026-06-12 04:01:00,1781236860,1101.39151178,1131.40790234,1100.52223146,1108.69237328,
2026-06-12 04:02:00,1781236920,1108.69237328,1125.66194637,1108.69237328,1117.14063001,
2026-06-12 04:03:00,1781236980,1117.14063001,1118.8322847,1092.30257801,1105.1740861,
2026-06-12 04:04:00,1781237040,1105.1740861,1126.99622583,1097.47189051,1097.61695435,
2026-06-12 04:05:00,1781237100,1097.61695435,1116.8739187,1097.1664335,1114.91951473,
2026-06-12 04:06:00,1781237160,1114.91951473,1149.95305155,1113.55513902,1149.80087129,
2026-06-12 04:07:00,1781237220,1149.80087129,1167.52617421,1148.41723897,1149.31481533,
2026-06-12 04:08:00,1781237280,1149.31481533,1149.31481533,1099.38990694,1108.52579088,
2026-06-12 04:09:00,1781237340,1108.52579088,1127.55779729,1105.65859992,1122.44013076,
2026-06-12 04:10:00,1781237400,1122.44013076,1123.67380954,1112.84675341,1115.21686622,
2026-06-12 04:11:00,1781237460,1115.21686622,1115.21686622,1062.31444155,1082.66972351,
2026-06-12 04:12:00,1781237520,1082.66972351,1096.98375798,1079.63970713,1088.91623993,
2026-06-12 04:13:00,1781237580,1088.91623993,1133.32548065,1088.77291024,1121.82160497,
2026-06-12 04:14:00,1781237640,1121.82160497,1128.02261106,1101.14441711,1110.40971174,
2026-06-12 04:15:00,1781237700,1110.40971174,1110.40971174,1057.78746244,1066.12901651,
2026-06-12 04:16:00,1781237760,1066.12901651,1072.89159118,969.10759274,980.9081054,
2026-06-12 04:17:00,1781237820,980.9081054,1002.49740432,942.51487712,998.97649983,
2026-06-12 04:18:00,1781237880,998.97649983,1008.72354738,974.58713665,997.02375955,
2026-06-12 04:19:00,1781237940,997.02375955,999.6848272,983.01864366,985.26688532,
2026-06-12 04:20:00,1781238000,985.26688532,1010.12975824,985.26688532,1000.27494052,
2026-06-12 04:21:00,1781238060,1000.27494052,1000.27494052,978.95343274,981.44090836,
2026-06-12 04:22:00,1781238120,981.44090836,996.07994471,956.01170147,958.26902768,
2026-06-12 04:23:00,1781238180,958.26902768,961.54351316,917.02065834,949.5050752,
2026-06-12 04:24:00,1781238240,949.5050752,958.54238502,931.34792012,940.58200669,
2026-06-12 04:25:00,1781238300,940.58200669,950.92803288,938.81728603,945.54658861,
2026-06-12 04:26:00,1781238360,945.54658861,950.03157269,903.96319709,904.09447533,
2026-06-12 04:27:00,1781238420,904.09447533,924.1654208,899.91190297,914.55303838,
2026-06-12 04:28:00,1781238480,914.55303838,919.97241423,897.99290668,906.93723295,
2026-06-12 04:29:00,1781238540,906.93723295,913.71156343,891.69128332,900.13885489,
2026-06-12 04:30:00,1781238600,900.13885489,924.3584583,900.13885489,919.80133816,
2026-06-12 04:31:00,1781238660,919.80133816,919.80133816,851.60568929,902.11348736,
2026-06-12 04:32:00,1781238720,902.11348736,931.16789778,889.76709593,913.58163078,
2026-06-12 04:33:00,1781238780,913.58163078,930.36502325,880.53824417,930.36502325,
2026-06-12 04:34:00,1781238840,930.36502325,958.05490582,929.40559358,930.91892121,
2026-06-12 04:35:00,1781238900,930.91892121,945.05184047,924.39400641,939.23742835,
2026-06-12 04:36:00,1781238960,939.23742835,948.8114453,931.14752983,947.78393082,
2026-06-12 04:37:00,1781239020,947.78393082,949.01372963,933.52652671,942.49093301,
2026-06-12 04:38:00,1781239080,942.49093301,961.71589841,941.9409995,955.01859645,
2026-06-12 04:39:00,1781239140,955.01859645,956.18577464,925.20564348,938.98589665,
2026-06-12 04:40:00,1781239200,938.98589665,956.46078963,937.68281642,944.63944391,
2026-06-12 04:41:00,1781239260,944.63944391,967.09846998,944.56870459,956.00060518,
2026-06-12 04:42:00,1781239320,956.00060518,969.97504909,953.66783187,956.31653994,
2026-06-12 04:43:00,1781239380,956.31653994,956.94499401,937.95954563,950.71987828,
2026-06-12 04:44:00,1781239440,950.71987828,950.76387622,934.8441989,946.92403362,
2026-06-12 04:45:00,1781239500,946.92403362,946.92403362,921.96398352,940.77834416,
2026-06-12 04:46:00,1781239560,940.77834416,950.56865294,930.13119154,940.05705208,
2026-06-12 04:47:00,1781239620,940.05705208,959.42991042,938.79131061,948.14237786,
2026-06-12 04:48:00,1781239680,948.14237786,952.04713552,942.2171402,944.99848727,
2026-06-12 04:49:00,1781239740,944.99848727,954.04581198,944.56926108,947.68564358,
2026-06-12 04:50:00,1781239800,947.68564358,953.44069762,932.06703395,947.13758867,
2026-06-12 04:51:00,1781239860,947.13758867,950.26915631,933.48179965,933.61658175,
2026-06-12 04:52:00,1781239920,933.61658175,937.20582649,931.61017943,933.52261333,
2026-06-12 04:53:00,1781239980,933.52261333,953.54084498,928.64275053,952.42607316,
2026-06-12 04:54:00,1781240040,952.42607316,955.40698593,951.13560142,955.26203523,
2026-06-12 04:55:00,1781240100,955.26203523,958.56104102,940.95079899,958.48740498,
2026-06-12 04:56:00,1781240160,958.48740498,963.42140928,949.33192114,951.45150702,
2026-06-12 04:57:00,1781240220,951.45150702,951.80718124,941.48152839,948.66883387,
2026-06-12 04:58:00,1781240280,948.66883387,958.23152614,948.66140303,956.97743724,
2026-06-12 04:59:00,1781240340,956.97743724,965.42544615,950.35293294,957.6336469,
2026-06-12 05:00:00,1781240400,957.6336469,968.0695284,938.9241263,963.91163325,
2026-06-12 05:01:00,1781240460,963.91163325,1000.32421491,963.83983552,975.4371857,
2026-06-12 05:02:00,1781240520,975.4371857,1016.37712519,975.43509879,1009.93530082,
2026-06-12 05:03:00,1781240580,1009.93530082,1011.52849793,994.78335568,995.4860325,
2026-06-12 05:04:00,1781240640,995.4860325,1010.46329976,984.08803728,1005.18583561,
2026-06-12 05:05:00,1781240700,1005.18583561,1009.25747756,995.45422469,1005.1790574,
2026-06-12 05:06:00,1781240760,1005.1790574,1009.67023927,989.02762132,992.88012469,
2026-06-12 05:07:00,1781240820,992.88012469,1016.50466028,986.19130453,1015.77005745,
2026-06-12 05:08:00,1781240880,1015.77005745,1048.72883601,1015.26614626,1034.38693881,
2026-06-12 05:09:00,1781240940,1034.38693881,1042.20998941,1026.53170428,1030.88193289,
2026-06-12 05:10:00,1781241000,1030.88193289,1063.15467477,1028.76332757,1049.99857319,
2026-06-12 05:11:00,1781241060,1049.99857319,1126.44312951,1048.8174467,1126.44312951,
2026-06-12 05:12:00,1781241120,1126.44312951,1163.6979806,1120.90124166,1135.38733705,
2026-06-12 05:13:00,1781241180,1135.38733705,1159.85592209,1135.38733705,1151.27471316,
2026-06-12 05:14:00,1781241240,1151.27471316,1151.27471316,1127.25524854,1147.80027953,
2026-06-12 05:15:00,1781241300,1147.80027953,1148.93499767,1113.39082151,1117.19104958,
2026-06-12 05:16:00,1781241360,1117.19104958,1118.66746024,1094.17990045,1103.52018006,
2026-06-12 05:17:00,1781241420,1103.52018006,1109.25363563,1089.41318854,1094.25510174,
2026-06-12 05:18:00,1781241480,1094.25510174,1098.35279718,1082.36209946,1086.0898253,
2026-06-12 05:19:00,1781241540,1086.0898253,1090.50233504,1081.04743357,1088.6142781,
2026-06-12 05:20:00,1781241600,1088.6142781,1106.76172839,1085.61309646,1098.85725033,
2026-06-12 05:21:00,1781241660,1098.85725033,1112.85698009,1098.7030039,1104.33020401,
2026-06-12 05:22:00,1781241720,1104.33020401,1127.27607176,1092.03539224,1124.96268957,
2026-06-12 05:23:00,1781241780,1124.96268957,1127.23712265,1103.1101516,1126.75790354,
2026-06-12 05:24:00,1781241840,1126.75790354,1147.07501699,1116.50571701,1118.5787266,
2026-06-12 05:25:00,1781241900,1118.5787266,1125.42356401,1110.28344277,1110.28344277,
2026-06-12 05:26:00,1781241960,1110.28344277,1123.50780801,1107.42509418,1122.78791346,
2026-06-12 05:27:00,1781242020,1122.78791346,1128.3803388,1109.13222973,1123.79749447,
2026-06-12 05:28:00,1781242080,1123.79749447,1129.58408455,1113.47332328,1120.49682046,
2026-06-12 05:29:00,1781242140,1120.49682046,1123.26099149,1110.69544321,1116.38079174,
2026-06-12 05:30:00,1781242200,1116.38079174,1129.61675496,1108.15013012,1111.96948738,
2026-06-12 05:31:00,1781242260,1111.96948738,1132.02569326,1106.10657443,1108.43552667,
2026-06-12 05:32:00,1781242320,1108.43552667,1147.9908632,1106.7256943,1145.74479389,
2026-06-12 05:33:00,1781242380,1145.74479389,1161.28108118,1124.90090669,1144.94918917,
2026-06-12 05:34:00,1781242440,1144.94918917,1148.78224067,1127.92727326,1134.84330313,
2026-06-12 05:35:00,1781242500,1134.84330313,1149.58037887,1127.84901166,1138.78539328,
2026-06-12 05:36:00,1781242560,1138.78539328,1176.14957696,1135.6977696,1171.49198513,
2026-06-12 05:37:00,1781242620,1171.49198513,1200.28504987,1157.0886848,1185.25949534,
2026-06-12 05:38:00,1781242680,1185.25949534,1204.7966131,1173.13883728,1201.81159823,
2026-06-12 05:39:00,1781242740,1201.81159823,1228.02783762,1184.96067251,1186.02909671,
2026-06-12 05:40:00,1781242800,1186.02909671,1207.49730537,1181.1387312,1199.360394,
2026-06-12 05:41:00,1781242860,1199.360394,1213.89892888,1185.88323165,1191.68200432,
2026-06-12 05:42:00,1781242920,1191.68200432,1200.10940056,1183.01701069,1183.16832575,
2026-06-12 05:43:00,1781242980,1183.16832575,1193.79775826,1167.58351081,1188.71267667,
2026-06-12 05:44:00,1781243040,1188.71267667,1193.95647771,1180.67483541,1181.77970407,
2026-06-12 05:45:00,1781243100,1181.77970407,1181.77970407,1169.83470137,1174.27240109,
2026-06-12 05:46:00,1781243160,1174.27240109,1200.92950554,1174.21808016,1199.94241377,
2026-06-12 05:47:00,1781243220,1199.94241377,1220.66955217,1193.03704398,1199.87627663,
2026-06-12 05:48:00,1781243280,1199.87627663,1211.85265007,1199.58504818,1204.46472452,
2026-06-12 05:49:00,1781243340,1204.46472452,1212.32702099,1173.80572225,1173.8802386,
2026-06-12 05:50:00,1781243400,1173.8802386,1254.22600275,1172.37027974,1254.22600275,
2026-06-12 05:51:00,1781243460,1254.22600275,1254.69799627,1207.7138252,1210.58039027,
2026-06-12 05:52:00,1781243520,1210.58039027,1247.69086346,1193.73297482,1246.27545284,
2026-06-12 05:53:00,1781243580,1246.27545284,1249.84638431,1214.6142156,1218.22662183,
2026-06-12 05:54:00,1781243640,1218.22662183,1218.22662183,1196.5131076,1205.40432686,
2026-06-12 05:55:00,1781243700,1205.40432686,1209.27932183,1196.98585164,1197.85058579,
2026-06-12 05:56:00,1781243760,1197.85058579,1205.58519179,1188.10662864,1196.50533422,
2026-06-12 05:57:00,1781243820,1196.50533422,1203.97585663,1175.69548538,1180.81078388,
2026-06-12 05:58:00,1781243880,1180.81078388,1195.01128591,1178.96889556,1192.25212881,
2026-06-12 05:59:00,1781243940,1192.25212881,1221.14451025,1192.25212881,1216.35113538,
2026-06-12 06:00:00,1781244000,1216.35113538,1235.7540999,1199.59283604,1204.71283158,
2026-06-12 06:01:00,1781244060,1204.71283158,1227.78416224,1196.63726884,1213.72126472,
2026-06-12 06:02:00,1781244120,1213.72126472,1222.15914849,1181.94410796,1187.96882097,
2026-06-12 06:03:00,1781244180,1187.96882097,1207.478179,1176.170987,1176.170987,
2026-06-12 06:04:00,1781244240,1176.170987,1196.30373114,1173.34079317,1182.0215769,
2026-06-12 06:05:00,1781244300,1182.0215769,1187.03678165,1167.87494145,1176.07044963,
2026-06-12 06:06:00,1781244360,1176.07044963,1190.35093567,1167.50470184,1185.54959217,
2026-06-12 06:07:00,1781244420,1185.54959217,1207.9385253,1183.1080527,1201.43965564,
2026-06-12 06:08:00,1781244480,1201.43965564,1221.91386206,1177.71613896,1195.10140085,
2026-06-12 06:09:00,1781244540,1195.10140085,1247.51472498,1190.00913863,1238.82527161,
2026-06-12 06:10:00,1781244600,1238.82527161,1273.14356374,1229.98176267,1229.98176267,
2026-06-12 06:11:00,1781244660,1229.98176267,1248.41770037,1214.48222952,1233.49549408,
2026-06-12 06:12:00,1781244720,1233.49549408,1264.26941584,1233.49549408,1253.28686706,
2026-06-12 06:13:00,1781244780,1253.28686706,1262.79938281,1242.89278187,1259.55029753,
2026-06-12 06:14:00,1781244840,1259.55029753,1271.74531961,1252.01114772,1254.44842541,
2026-06-12 06:15:00,1781244900,1254.44842541,1326.91084617,1252.63568105,1325.13714349,
2026-06-12 06:16:00,1781244960,1325.13714349,1370.21808328,1324.57299155,1362.28252799,
2026-06-12 06:17:00,1781245020,1362.28252799,1376.36486062,1349.72032001,1369.92784326,
2026-06-12 06:18:00,1781245080,1369.92784326,1370.17285359,1334.76409682,1338.73698054,
2026-06-12 06:19:00,1781245140,1338.73698054,1372.01984616,1337.08511494,1365.92507697,
2026-06-12 06:20:00,1781245200,1365.92507697,1374.40096508,1354.39671981,1371.66540627,
2026-06-12 06:21:00,1781245260,1371.66540627,1423.64771855,1363.50158923,1366.29909155,
2026-06-12 06:22:00,1781245320,1366.29909155,1387.31473598,1359.47062942,1368.07637774,
2026-06-12 06:23:00,1781245380,1368.07637774,1369.05373314,1350.41938852,1354.21398514,
2026-06-12 06:24:00,1781245440,1354.21398514,1355.25560414,1333.34421982,1346.91309784,
2026-06-12 06:25:00,1781245500,1346.91309784,1360.90027117,1338.67356023,1355.46009984,
2026-06-12 06:26:00,1781245560,1355.46009984,1383.4872959,1343.13848494,1351.91272742,
2026-06-12 06:27:00,1781245620,1351.91272742,1374.52943735,1346.03257686,1366.71705535,
2026-06-12 06:28:00,1781245680,1366.71705535,1374.03681587,1356.47319538,1370.3356764,
2026-06-12 06:29:00,1781245740,1370.3356764,1383.10298362,1370.33398119,1377.6132675,
2026-06-12 06:30:00,1781245800,1377.6132675,1429.2431949,1377.6132675,1412.78685616,
2026-06-12 06:31:00,1781245860,1412.78685616,1468.99270547,1412.78685616,1463.2139041,
2026-06-12 06:32:00,1781245920,1463.2139041,1468.3319251,1436.92330845,1448.06644495,
2026-06-12 06:33:00,1781245980,1448.06644495,1601.77090732,1447.66814493,1593.14894989,
2026-06-12 06:34:00,1781246040,1593.14894989,1608.36643959,1533.65911865,1562.68626782,
2026-06-12 06:35:00,1781246100,1562.68626782,1568.89603034,1528.2308858,1556.62487329,
2026-06-12 06:36:00,1781246160,1556.62487329,1590.42901021,1543.92596256,1574.50748938,
2026-06-12 06:37:00,1781246220,1574.50748938,1611.97668209,1560.5660584,1609.26311738,
2026-06-12 06:38:00,1781246280,1609.26311738,1648.47550426,1607.11406918,1634.77762903,
2026-06-12 06:39:00,1781246340,1634.77762903,1634.86307237,1545.95923742,1547.59040571,
2026-06-12 06:40:00,1781246400,1547.59040571,1568.75031315,1534.35555452,1542.48266696,
2026-06-12 06:41:00,1781246460,1542.48266696,1592.47121089,1542.28194535,1555.09156948,
2026-06-12 06:42:00,1781246520,1555.09156948,1574.31220459,1546.38794646,1563.23207391,
2026-06-12 06:43:00,1781246580,1563.23207391,1578.42544223,1541.29015822,1571.21136684,
2026-06-12 06:44:00,1781246640,1571.21136684,1580.68302947,1554.34145204,1572.08898143,
2026-06-12 06:45:00,1781246700,1572.08898143,1581.07366732,1523.36357522,1531.3053739,
2026-06-12 06:46:00,1781246760,1531.3053739,1540.3126122,1516.13215987,1519.82000381,
2026-06-12 06:47:00,1781246820,1519.82000381,1519.82000381,1497.7681219,1498.43775752,
2026-06-12 06:48:00,1781246880,1498.43775752,1530.12559921,1498.43775752,1512.3105851,
2026-06-12 06:49:00,1781246940,1512.3105851,1550.08566488,1512.30197231,1528.26262431,
2026-06-12 06:50:00,1781247000,1528.26262431,1551.28164069,1511.46898305,1550.39974051,
2026-06-12 06:51:00,1781247060,1550.39974051,1569.01546279,1539.0695145,1555.14896452,
2026-06-12 06:52:00,1781247120,1555.14896452,1560.54499953,1526.14007201,1538.5704734,
2026-06-12 06:53:00,1781247180,1538.5704734,1551.94962839,1526.16796866,1549.20394395,
2026-06-12 06:54:00,1781247240,1549.20394395,1552.10961642,1530.72510238,1539.70224308,
2026-06-12 06:55:00,1781247300,1539.70224308,1554.94106069,1539.7007012,1554.6584803,
2026-06-12 06:56:00,1781247360,1554.6584803,1559.67399766,1526.48518121,1529.40351487,
2026-06-12 06:57:00,1781247420,1529.40351487,1529.40351487,1513.18403002,1514.05175355,
2026-06-12 06:58:00,1781247480,1514.05175355,1522.9831127,1490.13088174,1513.4520693,
2026-06-12 06:59:00,1781247540,1513.4520693,1534.76941762,1511.89327082,1524.34082133,
2026-06-12 07:00:00,1781247600,1524.34082133,1525.0133409,1461.50820426,1469.74214203,
2026-06-12 07:01:00,1781247660,1469.74214203,1473.6003773,1435.17081978,1445.08573991,
2026-06-12 07:02:00,1781247720,1445.08573991,1449.16685044,1430.02496759,1449.16685044,
2026-06-12 07:03:00,1781247780,1449.16685044,1463.05383376,1438.71095255,1438.794019,
2026-06-12 07:04:00,1781247840,1438.794019,1441.44824348,1421.22144838,1427.5481088,
2026-06-12 07:05:00,1781247900,1427.5481088,1432.66136765,1408.94691853,1412.60329742,
2026-06-12 07:06:00,1781247960,1412.60329742,1426.28243678,1405.47476016,1416.7830015,
2026-06-12 07:07:00,1781248020,1416.7830015,1467.42188272,1416.7830015,1448.01912369,
2026-06-12 07:08:00,1781248080,1448.01912369,1449.35228351,1421.68707341,1422.24259568,
2026-06-12 07:09:00,1781248140,1422.24259568,1434.99451738,1420.41336487,1434.29564233,
2026-06-12 07:10:00,1781248200,1434.29564233,1445.01278856,1430.95615369,1436.69528736,
2026-06-12 07:11:00,1781248260,1436.69528736,1467.34613053,1416.61590342,1465.25143869,
2026-06-12 07:12:00,1781248320,1465.25143869,1476.04947988,1441.84540182,1454.68775687,
2026-06-12 07:13:00,1781248380,1454.68775687,1490.50075998,1451.42132017,1490.50075998,
2026-06-12 07:14:00,1781248440,1490.50075998,1518.92913022,1469.24554559,1512.76748575,
2026-06-12 07:15:00,1781248500,1512.76748575,1513.61595141,1490.57263501,1507.2964578,
2026-06-12 07:16:00,1781248560,1507.2964578,1540.91866018,1483.05437665,1491.66165772,
2026-06-12 07:17:00,1781248620,1491.66165772,1521.38125262,1479.96093938,1479.96093938,
2026-06-12 07:18:00,1781248680,1479.96093938,1481.9700102,1429.59797789,1458.23524815,
2026-06-12 07:19:00,1781248740,1458.23524815,1486.62754277,1449.3928934,1473.32067579,
2026-06-12 07:20:00,1781248800,1473.32067579,1476.02994401,1439.16016535,1439.23281955,
2026-06-12 07:21:00,1781248860,1439.23281955,1500.25296607,1432.34819685,1469.99769046,
2026-06-12 07:22:00,1781248920,1469.99769046,1512.1937221,1469.16814644,1507.05297683,
2026-06-12 07:23:00,1781248980,1507.05297683,1511.06781402,1471.00526906,1471.00526906,
2026-06-12 07:24:00,1781249040,1471.00526906,1471.15072849,1450.56708381,1458.35201391,
2026-06-12 07:25:00,1781249100,1458.35201391,1490.10310813,1458.09850772,1479.96806456,
2026-06-12 07:26:00,1781249160,1479.96806456,1483.11122696,1468.03067105,1472.6339222,
2026-06-12 07:27:00,1781249220,1472.6339222,1491.80372027,1472.63243241,1481.44184685,
2026-06-12 07:28:00,1781249280,1481.44184685,1495.07482973,1471.30680406,1472.37499256,
2026-06-12 07:29:00,1781249340,1472.37499256,1479.66430491,1459.67877784,1472.50372597,
2026-06-12 07:30:00,1781249400,1472.50372597,1483.27795421,1460.34471168,1461.30870553,
2026-06-12 07:31:00,1781249460,1461.30870553,1470.91940412,1451.27601497,1451.86643944,
2026-06-12 07:32:00,1781249520,1451.86643944,1486.23621299,1451.46082154,1467.37086898,
2026-06-12 07:33:00,1781249580,1467.37086898,1495.46366607,1464.47906455,1473.18739022,
2026-06-12 07:34:00,1781249640,1473.18739022,1500.60340871,1451.16096908,1500.60340871,
2026-06-12 07:35:00,1781249700,1500.60340871,1502.65827342,1459.27610888,1471.45967564,
2026-06-12 07:36:00,1781249760,1471.45967564,1499.18492582,1470.42722672,1490.09644645,
2026-06-12 07:37:00,1781249820,1490.09644645,1523.45798791,1479.97068398,1519.29887692,
2026-06-12 07:38:00,1781249880,1519.29887692,1533.14698843,1487.32366773,1487.32366773,
2026-06-12 07:39:00,1781249940,1487.32366773,1489.74612558,1432.97087634,1435.27696926,
2026-06-12 07:40:00,1781250000,1435.27696926,1451.94544529,1414.47051453,1435.15496455,
2026-06-12 07:41:00,1781250060,1435.15496455,1437.49541119,1417.90929045,1418.24146496,
2026-06-12 07:42:00,1781250120,1418.24146496,1435.82045392,1413.83713017,1416.17598502,
2026-06-12 07:43:00,1781250180,1416.17598502,1435.48790881,1416.17598502,1435.40363977,
2026-06-12 07:44:00,1781250240,1435.40363977,1443.04216991,1422.15294239,1430.19469392,
2026-06-12 07:45:00,1781250300,1430.19469392,1430.88077182,1412.19694219,1413.10716577,
2026-06-12 07:46:00,1781250360,1413.10716577,1446.78506339,1412.41236425,1428.78990331,
2026-06-12 07:47:00,1781250420,1428.78990331,1442.08125818,1426.40945484,1437.8730782,
2026-06-12 07:48:00,1781250480,1437.8730782,1451.49712763,1426.54757469,1434.32780263,
2026-06-12 07:49:00,1781250540,1434.32780263,1434.32780263,1421.12919388,1430.48400232,
2026-06-12 07:50:00,1781250600,1430.48400232,1454.36370823,1430.13525496,1450.03703374,
2026-06-12 07:51:00,1781250660,1450.03703374,1456.32403344,1449.51323248,1451.55940852,
2026-06-12 07:52:00,1781250720,1451.55940852,1461.29191583,1438.81841929,1446.22948116,
2026-06-12 07:53:00,1781250780,1446.22948116,1461.69009321,1443.10863624,1461.33860733,
2026-06-12 07:54:00,1781250840,1461.33860733,1467.04806111,1458.83062665,1461.83585097,
2026-06-12 07:55:00,1781250900,1461.83585097,1463.67053973,1422.51479798,1424.74989901,
2026-06-12 07:56:00,1781250960,1424.74989901,1424.92350525,1280.51446998,1331.18223897,
2026-06-12 07:57:00,1781251020,1331.18223897,1367.95345652,1289.75419043,1356.59475537,
2026-06-12 07:58:00,1781251080,1356.59475537,1379.78995924,1348.03933692,1358.81815283,
2026-06-12 07:59:00,1781251140,1358.81815283,1380.54887904,1356.6316622,1374.1377191,
2026-06-12 08:00:00,1781251200,1374.1377191,1378.25054794,1349.90926993,1359.3335054,
2026-06-12 08:01:00,1781251260,1359.3335054,1364.33741385,1332.00872743,1341.79478557,
2026-06-12 08:02:00,1781251320,1341.79478557,1350.22821436,1289.78348032,1306.85354925,
2026-06-12 08:03:00,1781251380,1306.85354925,1348.15760084,1306.25485993,1322.15474902,
2026-06-12 08:04:00,1781251440,1322.15474902,1344.47980271,1305.73055324,1339.299357,
2026-06-12 08:05:00,1781251500,1339.299357,1345.65198359,1286.63570673,1294.72722646,
2026-06-12 08:06:00,1781251560,1294.72722646,1294.72722646,1247.93252823,1258.55664327,
2026-06-12 08:07:00,1781251620,1258.55664327,1260.63099584,1225.33858454,1233.6001608,
2026-06-12 08:08:00,1781251680,1233.6001608,1236.33497241,1211.15220492,1211.31795159,
2026-06-12 08:09:00,1781251740,1211.31795159,1222.34132259,1206.22344934,1219.39180346,
2026-06-12 08:10:00,1781251800,1219.39180346,1220.9797492,1175.68643349,1203.78757888,
2026-06-12 08:11:00,1781251860,1203.78757888,1222.03477501,1187.28750451,1200.24710862,
2026-06-12 08:12:00,1781251920,1200.24710862,1200.24710862,1181.61392035,1184.80005798,
2026-06-12 08:13:00,1781251980,1184.80005798,1199.1603687,1159.44697782,1180.3159568,
2026-06-12 08:14:00,1781252040,1180.3159568,1200.83168972,1180.25022338,1200.58284093,
2026-06-12 08:15:00,1781252100,1200.58284093,1210.05888078,1190.91218358,1192.71174347,
2026-06-12 08:16:00,1781252160,1192.71174347,1197.59002141,1117.01688559,1122.44287426,
2026-06-12 08:17:00,1781252220,1122.44287426,1150.33261191,1096.81144455,1122.61698074,
2026-06-12 08:18:00,1781252280,1122.61698074,1127.96402829,1064.41151943,1074.4642906,
2026-06-12 08:19:00,1781252340,1074.4642906,1090.79020046,1060.9853452,1070.22039784,
2026-06-12 08:20:00,1781252400,1070.22039784,1086.12834233,1066.09505881,1069.16862871,
2026-06-12 08:21:00,1781252460,1069.16862871,1070.19979738,969.19174133,990.4225646,
2026-06-12 08:22:00,1781252520,990.4225646,1003.03937556,946.28406452,991.88883667,
2026-06-12 08:23:00,1781252580,991.88883667,1039.66853591,991.88883667,1024.1934426,
2026-06-12 08:24:00,1781252640,1024.1934426,1037.94784376,1000.80330574,1037.80092775,
2026-06-12 08:25:00,1781252700,1037.80092775,1050.49753144,1031.44724843,1040.13161941,
2026-06-12 08:26:00,1781252760,1040.13161941,1054.27828853,1036.3315353,1051.11991155,
2026-06-12 08:27:00,1781252820,1051.11991155,1051.11991155,1007.05754975,1025.97899823,
2026-06-12 08:28:00,1781252880,1025.97899823,1036.76289124,998.45327826,1005.77211176,
2026-06-12 08:29:00,1781252940,1005.77211176,1023.11519937,1001.37160834,1010.52339131,
2026-06-12 08:30:00,1781253000,1010.52339131,1039.90000143,1000.70122841,1039.05878958,
2026-06-12 08:31:00,1781253060,1039.05878958,1051.35438916,1026.21351773,1046.17286919,
2026-06-12 08:32:00,1781253120,1046.17286919,1058.74927235,1038.0776961,1043.64758145,
2026-06-12 08:33:00,1781253180,1043.64758145,1047.90772277,1005.36343418,1012.94855053,
2026-06-12 08:34:00,1781253240,1012.94855053,1039.5396749,1005.70229966,1037.36398156,
2026-06-12 08:35:00,1781253300,1037.36398156,1073.38097629,1037.36233844,1059.84868172,
2026-06-12 08:36:00,1781253360,1059.84868172,1063.96623501,1052.36608722,1056.01141123,
2026-06-12 08:37:00,1781253420,1056.01141123,1088.80597625,1056.01141123,1074.09727926,
2026-06-12 08:38:00,1781253480,1074.09727926,1081.1866565,1049.82316425,1051.32867463,
2026-06-12 08:39:00,1781253540,1051.32867463,1053.8457647,1027.69766199,1032.39232169,
2026-06-12 08:40:00,1781253600,1032.39232169,1081.37953561,1030.73400235,1076.88976602,
2026-06-12 08:41:00,1781253660,1076.88976602,1092.08797572,1063.94561074,1089.45126136,
2026-06-12 08:42:00,1781253720,1089.45126136,1119.28577056,1084.63658103,1110.21484035,
2026-06-12 08:43:00,1781253780,1110.21484035,1118.61122662,1108.64767495,1116.25182348,
2026-06-12 08:44:00,1781253840,1116.25182348,1123.06094663,1110.9295212,1111.48463958,
2026-06-12 08:45:00,1781253900,1111.48463958,1137.67976461,1110.18290611,1136.68878295,
2026-06-12 08:46:00,1781253960,1136.68878295,1143.09982735,1084.40254658,1084.40254658,
2026-06-12 08:47:00,1781254020,1084.40254658,1094.78232389,1056.49256949,1085.41886133,
2026-06-12 08:48:00,1781254080,1085.41886133,1086.79061009,1060.27278029,1068.38593232,
2026-06-12 08:49:00,1781254140,1068.38593232,1089.98322518,1064.85011914,1085.44872412,
2026-06-12 08:50:00,1781254200,1085.44872412,1096.37389529,1081.36653359,1085.63713603,
2026-06-12 08:51:00,1781254260,1085.63713603,1096.95917118,1066.1330963,1083.98884718,
2026-06-12 08:52:00,1781254320,1083.98884718,1083.98884718,1044.53540026,1054.46430821,
2026-06-12 08:53:00,1781254380,1054.46430821,1060.45298471,1039.53711427,1047.99052395,
2026-06-12 08:54:00,1781254440,1047.99052395,1064.24423068,1047.99052395,1055.86260661,
2026-06-12 08:55:00,1781254500,1055.86260661,1059.61731822,1043.71005262,1051.28157354,
2026-06-12 08:56:00,1781254560,1051.28157354,1060.91271578,1031.7200442,1039.34474176,
2026-06-12 08:57:00,1781254620,1039.34474176,1044.06581518,1037.18533459,1042.02030326,
2026-06-12 08:58:00,1781254680,1042.02030326,1051.65347671,1036.28569244,1049.89203973,
2026-06-12 08:59:00,1781254740,1049.89203973,1051.5767584,1035.79942265,1050.25636378,
2026-06-12 09:00:00,1781254800,1050.25636378,1064.63902562,1049.2153084,1056.83442439,
2026-06-12 09:01:00,1781254860,1056.83442439,1057.47675876,1034.11100378,1039.99064916,
2026-06-12 09:02:00,1781254920,1039.99064916,1043.41842152,1009.46672334,1020.1137568,
2026-06-12 09:03:00,1781254980,1020.1137568,1071.12519958,1020.11215703,1068.7071029,
2026-06-12 09:04:00,1781255040,1068.7071029,1078.02385894,1064.74526749,1074.78358597,
2026-06-12 09:05:00,1781255100,1074.78358597,1076.52275647,1028.39361525,1058.76565742,
2026-06-12 09:06:00,1781255160,1058.76565742,1058.76565742,1030.01346611,1037.61326327,
2026-06-12 09:07:00,1781255220,1037.61326327,1038.46357429,983.80176481,992.4352836,
2026-06-12 09:08:00,1781255280,992.4352836,1039.9145852,989.30340844,1030.10732685,
2026-06-12 09:09:00,1781255340,1030.10732685,1030.10732685,1000.62637832,1011.9846346,
2026-06-12 09:10:00,1781255400,1011.9846346,1034.22722936,1011.9846346,1020.19798883,
2026-06-12 09:11:00,1781255460,1020.19798883,1020.45524174,987.07802771,994.19468908,
2026-06-12 09:12:00,1781255520,994.19468908,1011.8289001,988.93620952,1011.8289001,
2026-06-12 09:13:00,1781255580,1011.8289001,1017.32802397,994.97142886,996.2864662,
2026-06-12 09:14:00,1781255640,996.2864662,999.45856516,958.13913889,969.80085706,
2026-06-12 09:15:00,1781255700,969.80085706,982.55526398,959.20587494,963.73304292,
2026-06-12 09:16:00,1781255760,963.73304292,984.05995282,941.72244051,946.0510242,
2026-06-12 09:17:00,1781255820,946.0510242,986.48871476,938.68810138,972.83862181,
2026-06-12 09:18:00,1781255880,972.83862181,980.91094653,962.57476775,977.62652889,
2026-06-12 09:19:00,1781255940,977.62652889,977.7042281,951.03672671,955.17847584,
2026-06-12 09:20:00,1781256000,955.17847584,956.99658121,924.65168368,948.78094851,
2026-06-12 09:21:00,1781256060,948.78094851,953.25930431,873.22084066,875.60896073,
2026-06-12 09:22:00,1781256120,875.60896073,919.07657315,854.5280293,905.42853702,
2026-06-12 09:23:00,1781256180,905.42853702,908.19796017,893.87159006,905.12054007,
2026-06-12 09:24:00,1781256240,905.12054007,905.12054007,885.87457275,895.9421366,
2026-06-12 09:25:00,1781256300,895.9421366,898.09175339,873.68207972,873.97251649,
2026-06-12 09:26:00,1781256360,873.97251649,880.54992959,856.56139818,856.56139818,
2026-06-12 09:27:00,1781256420,856.56139818,857.77617762,826.70021264,845.45153142,
2026-06-12 09:28:00,1781256480,845.45153142,850.90974937,805.87998446,820.67067187,
2026-06-12 09:29:00,1781256540,820.67067187,834.16106326,805.92527564,824.26371913,
2026-06-12 09:30:00,1781256600,824.26371913,828.36448233,802.46254691,802.46254691,
2026-06-12 09:31:00,1781256660,802.46254691,819.95177252,798.80025046,804.24942022,
2026-06-12 09:32:00,1781256720,804.24942022,804.31968137,718.72514895,738.20839927,
2026-06-12 09:33:00,1781256780,738.20839927,749.53456226,716.46911777,728.70804509,
2026-06-12 09:34:00,1781256840,728.70804509,745.44296976,697.18057057,731.84620981,
2026-06-12 09:35:00,1781256900,731.84620981,766.80647335,726.27487991,735.57216174,
2026-06-12 09:36:00,1781256960,735.57216174,766.31014783,730.39005076,765.52194903,
2026-06-12 09:37:00,1781257020,765.52194903,771.4418805,753.12443177,768.77962426,
2026-06-12 09:38:00,1781257080,768.77962426,775.19323474,755.24829554,771.66779178,
2026-06-12 09:39:00,1781257140,771.66779178,781.26605563,761.37663938,770.68131307,
2026-06-12 09:40:00,1781257200,770.68131307,776.12790856,749.81254772,757.89479173,
2026-06-12 09:41:00,1781257260,757.89479173,793.2188532,757.89479173,789.61311074,
2026-06-12 09:42:00,1781257320,789.61311074,790.36677238,755.19412646,761.68137618,
2026-06-12 09:43:00,1781257380,761.68137618,761.68137618,743.91595226,752.6966504,
2026-06-12 09:44:00,1781257440,752.6966504,755.17687592,735.84667783,754.19451021,
2026-06-12 09:45:00,1781257500,754.19451021,794.24297554,739.37164808,746.99177896,
2026-06-12 09:46:00,1781257560,746.99177896,764.80954787,746.78536919,764.60442287,
2026-06-12 09:47:00,1781257620,764.60442287,764.60442287,720.1856973,740.07986195,
2026-06-12 09:48:00,1781257680,740.07986195,789.49225009,729.39118868,781.01539668,
2026-06-12 09:49:00,1781257740,781.01539668,790.24977856,777.87176487,787.64068676,
2026-06-12 09:50:00,1781257800,787.64068676,787.7602885,768.18203508,771.08650601,
2026-06-12 09:51:00,1781257860,771.08650601,809.54777949,771.08435507,799.65329867,
2026-06-12 09:52:00,1781257920,799.65329867,819.88557328,799.65329867,812.50895222,
2026-06-12 09:53:00,1781257980,812.50895222,821.22560297,804.27682648,816.21386613,
2026-06-12 09:54:00,1781258040,816.21386613,823.93830843,804.93226742,823.93830843,
2026-06-12 09:55:00,1781258100,823.93830843,828.28869764,779.51435345,790.74873301,
2026-06-12 09:56:00,1781258160,790.74873301,818.76649525,783.76186466,816.71395625,
2026-06-12 09:57:00,1781258220,816.71395625,819.40427678,805.87233753,809.52542397,
2026-06-12 09:58:00,1781258280,809.52542397,824.95561129,802.4435494,823.75780238,
2026-06-12 09:59:00,1781258340,823.75780238,853.96099944,823.30021263,846.93507895,
2026-06-12 10:00:00,1781258400,846.93507895,894.53943132,846.93507895,880.74200388,
2026-06-12 10:01:00,1781258460,880.74200388,881.04441107,865.84462118,869.40022237,
2026-06-12 10:02:00,1781258520,869.40022237,869.40022237,845.5223942,857.16814004,
2026-06-12 10:03:00,1781258580,857.16814004,889.64354863,853.8068107,876.74464858,
2026-06-12 10:04:00,1781258640,876.74464858,878.43002549,857.97936882,876.64222146,
2026-06-12 10:05:00,1781258700,876.64222146,891.96646622,876.64222146,889.38263644,
2026-06-12 10:06:00,1781258760,889.38263644,890.3076122,873.73736401,875.59542779,
2026-06-12 10:07:00,1781258820,875.59542779,877.91515616,852.74905395,852.74905395,
2026-06-12 10:08:00,1781258880,852.74905395,858.90596322,846.62796634,848.40036992,
2026-06-12 10:09:00,1781258940,848.40036992,865.0259862,793.48247009,793.48247009,
2026-06-12 10:10:00,1781259000,793.48247009,828.13474449,772.00490959,816.21701815,
2026-06-12 10:11:00,1781259060,816.21701815,869.46459658,812.23680627,844.05770722,
2026-06-12 10:12:00,1781259120,844.05770722,872.47994222,844.05770722,867.51856833,
2026-06-12 10:13:00,1781259180,867.51856833,867.73306484,829.5772957,839.60328143,
2026-06-12 10:14:00,1781259240,839.60328143,846.50222497,831.25677692,831.25677692,
2026-06-12 10:15:00,1781259300,831.25677692,871.41989553,831.2546914,850.43886722,
2026-06-12 10:16:00,1781259360,850.43886722,850.43886722,831.40122526,845.13894409,
2026-06-12 10:17:00,1781259420,845.13894409,849.71810779,819.33776617,831.76390328,
2026-06-12 10:18:00,1781259480,831.76390328,850.92669018,820.30163608,848.22563369,
2026-06-12 10:19:00,1781259540,848.22563369,848.43796083,831.45728451,832.08403673,
2026-06-12 10:20:00,1781259600,832.08403673,850.60451292,829.43452459,847.58150891,
2026-06-12 10:21:00,1781259660,847.58150891,847.74157347,829.58657352,832.36866338,
2026-06-12 10:22:00,1781259720,832.36866338,847.43356248,825.0388851,826.38152753,
2026-06-12 10:23:00,1781259780,826.38152753,835.929178,821.76994019,826.75735438,
2026-06-12 10:24:00,1781259840,826.75735438,827.53336259,802.89176063,803.3078832,
2026-06-12 10:25:00,1781259900,803.3078832,926.57316181,795.67365968,916.9385041,
2026-06-12 10:26:00,1781259960,916.9385041,944.09801114,910.40139144,944.09801114,
2026-06-12 10:27:00,1781260020,944.09801114,958.09543753,931.459629,948.67535235,
2026-06-12 10:28:00,1781260080,948.67535235,950.72546107,934.10912469,940.06357149,
2026-06-12 10:29:00,1781260140,940.06357149,960.36132685,930.74376059,937.15774978,
2026-06-12 10:30:00,1781260200,937.15774978,939.79238713,885.97831635,917.69892479,
2026-06-12 10:31:00,1781260260,917.69892479,926.06272343,902.53575104,913.44957065,
2026-06-12 10:32:00,1781260320,913.44957065,924.45073124,874.27392414,874.27392414,
2026-06-12 10:33:00,1781260380,874.27392414,898.93600291,858.45007508,887.61810314,
2026-06-12 10:34:00,1781260440,887.61810314,887.61810314,848.12831909,849.85161258,
2026-06-12 10:35:00,1781260500,849.85161258,870.05955027,835.41350878,864.15612409,
2026-06-12 10:36:00,1781260560,864.15612409,881.80310012,832.56834547,837.35224383,
2026-06-12 10:37:00,1781260620,837.35224383,868.54685405,837.35224383,848.77788385,
2026-06-12 10:38:00,1781260680,848.77788385,858.98400584,845.74032882,850.63032978,
2026-06-12 10:39:00,1781260740,850.63032978,884.54397441,836.57194017,874.38132721,
2026-06-12 10:40:00,1781260800,874.38132721,893.13724166,859.33413575,872.10001536,
2026-06-12 10:41:00,1781260860,872.10001536,896.25772889,863.48903774,894.49399543,
2026-06-12 10:42:00,1781260920,894.49399543,905.35351368,887.75541958,889.2363114,
2026-06-12 10:43:00,1781260980,889.2363114,906.68512451,888.99587876,905.16349751,
2026-06-12 10:44:00,1781261040,905.16349751,905.82896466,885.47802855,885.62480415,
2026-06-12 10:45:00,1781261100,885.62480415,901.87913113,881.25805739,881.36024566,
2026-06-12 10:46:00,1781261160,881.36024566,888.01465065,873.40215547,883.94957671,
2026-06-12 10:47:00,1781261220,883.94957671,903.38744364,879.97549002,880.18683661,
2026-06-12 10:48:00,1781261280,880.18683661,880.40426186,842.06752435,853.19702127,
2026-06-12 10:49:00,1781261340,853.19702127,874.28168593,848.11953284,859.47817486,
2026-06-12 10:50:00,1781261400,859.47817486,869.89564301,851.89781921,858.69162293,
2026-06-12 10:51:00,1781261460,858.69162293,875.61995976,858.39659693,874.25639657,
2026-06-12 10:52:00,1781261520,874.25639657,888.57586183,867.41316246,869.08403889,
2026-06-12 10:53:00,1781261580,869.08403889,870.96829212,855.8299851,869.06954207,
2026-06-12 10:54:00,1781261640,869.06954207,878.00116198,856.54419207,877.26410987,
2026-06-12 10:55:00,1781261700,877.26410987,890.6250636,865.04110617,866.87667127,
2026-06-12 10:56:00,1781261760,866.87667127,874.68912099,856.04482774,872.79304628,
2026-06-12 10:57:00,1781261820,872.79304628,907.23983206,872.79100663,875.08967322,
2026-06-12 10:58:00,1781261880,875.08967322,886.34273088,844.97721885,870.1200181,
2026-06-12 10:59:00,1781261940,870.1200181,882.57021847,860.57116006,878.75462316,
2026-06-12 11:00:00,1781262000,878.75462316,889.62823762,865.22703834,889.42746241,
2026-06-12 11:01:00,1781262060,889.42746241,890.1501006,856.73131739,856.73131739,
2026-06-12 11:02:00,1781262120,856.73131739,876.28561753,809.24311782,816.4653696,
2026-06-12 11:03:00,1781262180,816.4653696,821.47933165,755.48420063,769.14362762,
2026-06-12 11:04:00,1781262240,769.14362762,821.85669317,762.29720921,795.74603339,
2026-06-12 11:05:00,1781262300,795.74603339,806.96229092,744.94646945,755.41811728,
2026-06-12 11:06:00,1781262360,755.41811728,791.22124942,744.45315014,791.08030201,
2026-06-12 11:07:00,1781262420,791.08030201,794.75653307,768.52518123,787.27330169,
2026-06-12 11:08:00,1781262480,787.27330169,803.37264587,780.2790948,803.30262182,
2026-06-12 11:09:00,1781262540,803.30262182,834.85095228,803.02040316,830.91895091,
2026-06-12 11:10:00,1781262600,830.91895091,841.58482323,821.21398101,841.58482323,
2026-06-12 11:11:00,1781262660,841.58482323,843.86982262,819.04012172,820.76669152,
2026-06-12 11:12:00,1781262720,820.76669152,820.9352671,786.43235579,794.43559552,
2026-06-12 11:13:00,1781262780,794.43559552,796.03194782,766.56668515,782.04063165,
2026-06-12 11:14:00,1781262840,782.04063165,787.925143,774.17564045,785.98298486,
2026-06-12 11:15:00,1781262900,785.98298486,787.7563666,769.95087396,777.38499476,
2026-06-12 11:16:00,1781262960,777.38499476,806.64470299,777.17655068,787.50772278,
2026-06-12 11:17:00,1781263020,787.50772278,812.72616819,787.36714765,809.29425015,
2026-06-12 11:18:00,1781263080,809.29425015,839.28312757,803.89600189,821.35620907,
2026-06-12 11:19:00,1781263140,821.35620907,834.89023998,821.21262769,822.48278691,
2026-06-12 11:20:00,1781263200,822.48278691,825.52740613,785.92128081,803.67981158,
2026-06-12 11:21:00,1781263260,803.67981158,809.65170796,789.14322364,790.39072624,
2026-06-12 11:22:00,1781263320,790.39072624,794.76305963,774.81874996,777.8888815,
2026-06-12 11:23:00,1781263380,777.8888815,791.03018551,765.96357275,769.07915735,
2026-06-12 11:24:00,1781263440,769.07915735,786.171752,753.69072056,760.78933889,
2026-06-12 11:25:00,1781263500,760.78933889,775.6216871,749.66352764,768.85070131,
2026-06-12 11:26:00,1781263560,768.85070131,785.6292853,764.95471804,784.50046049,
2026-06-12 11:27:00,1781263620,784.50046049,790.53817949,782.7429592,790.53596282,
2026-06-12 11:28:00,1781263680,790.53596282,792.26656239,767.72809082,769.66093642,
2026-06-12 11:29:00,1781263740,769.66093642,792.63336573,768.86175607,791.92157041,
2026-06-12 11:30:00,1781263800,791.92157041,829.86704463,791.29135111,814.40740481,
2026-06-12 11:31:00,1781263860,814.40740481,831.51019138,789.43799171,823.50735873,
2026-06-12 11:32:00,1781263920,823.50735873,858.36469512,808.02244536,854.41978536,
2026-06-12 11:33:00,1781263980,854.41978536,860.56836731,836.61281654,848.10115339,
2026-06-12 11:34:00,1781264040,848.10115339,851.05135599,833.33702809,846.57746279,
2026-06-12 11:35:00,1781264100,846.57746279,890.31946134,840.40765651,872.0236509,
2026-06-12 11:36:00,1781264160,872.0236509,876.01140863,862.94754642,868.658391,
2026-06-12 11:37:00,1781264220,868.658391,882.65591398,864.22495787,878.1740957,
2026-06-12 11:38:00,1781264280,878.1740957,889.09532234,862.27213228,879.21226068,
2026-06-12 11:39:00,1781264340,879.21226068,888.55354949,867.42850351,884.35970336,
2026-06-12 11:40:00,1781264400,884.35970336,885.8981442,855.59859757,858.48900373,
2026-06-12 11:41:00,1781264460,858.48900373,866.84373889,800.88085548,820.93244182,
2026-06-12 11:42:00,1781264520,820.93244182,834.25823948,816.65124688,824.31126721,
2026-06-12 11:43:00,1781264580,824.31126721,832.78708976,807.29915394,811.53582708,
2026-06-12 11:44:00,1781264640,811.53582708,817.58980741,808.22085307,810.30636777,
2026-06-12 11:45:00,1781264700,810.30636777,810.30636777,747.04010466,762.31919641,
2026-06-12 11:46:00,1781264760,762.31919641,788.13740038,762.31919641,780.66056713,
2026-06-12 11:47:00,1781264820,780.66056713,817.00117014,780.66056713,787.52002151,
2026-06-12 11:48:00,1781264880,787.52002151,793.53242343,777.7029884,784.77838774,
2026-06-12 11:49:00,1781264940,784.77838774,802.34748036,784.29155822,800.25617898,
2026-06-12 11:50:00,1781265000,800.25617898,804.53532403,792.49275209,799.22948459,
2026-06-12 11:51:00,1781265060,799.22948459,816.69945971,795.40706046,804.20240426,
2026-06-12 11:52:00,1781265120,804.20240426,804.20240426,793.89995657,795.2040428,
2026-06-12 11:53:00,1781265180,795.2040428,808.16694287,780.48819549,782.30896893,
2026-06-12 11:54:00,1781265240,782.30896893,785.9767704,780.9056502,781.522556,
2026-06-12 11:55:00,1781265300,781.522556,801.33791353,773.27152036,781.3026714,
2026-06-12 11:56:00,1781265360,781.3026714,813.23955543,781.3026714,797.28196392,
2026-06-12 11:57:00,1781265420,797.28196392,810.45151522,797.07219637,810.45151522,
2026-06-12 11:58:00,1781265480,810.45151522,828.36763015,806.53100182,814.13681784,
2026-06-12 11:59:00,1781265540,814.13681784,839.56396945,813.96727262,837.4961789,
2026-06-12 12:00:00,1781265600,837.4961789,910.54701318,837.49396297,906.76973336,
2026-06-12 12:01:00,1781265660,906.76973336,922.82892736,850.92324425,881.46748202,
2026-06-12 12:02:00,1781265720,881.46748202,893.90235666,839.93743777,848.6542339,
2026-06-12 12:03:00,1781265780,848.6542339,849.88645996,823.65680738,849.14743521,
2026-06-12 12:04:00,1781265840,849.14743521,916.61330311,846.98236753,901.76505657,
2026-06-12 12:05:00,1781265900,901.76505657,908.14614465,883.95640976,901.39704926,
2026-06-12 12:06:00,1781265960,901.39704926,926.77397123,878.76517192,913.78597253,
2026-06-12 12:07:00,1781266020,913.78597253,919.50578085,900.45119532,916.75488562,
2026-06-12 12:08:00,1781266080,916.75488562,917.79240069,889.94076095,895.43298716,
2026-06-12 12:09:00,1781266140,895.43298716,908.63356792,888.94177934,904.73922717,
2026-06-12 12:10:00,1781266200,904.73922717,905.03016848,873.59998962,879.62859345,
2026-06-12 12:11:00,1781266260,879.62859345,919.38361211,879.62859345,910.36039356,
2026-06-12 12:12:00,1781266320,910.36039356,939.92846425,910.36039356,939.85116768,
2026-06-12 12:13:00,1781266380,939.85116768,939.85116768,919.40555947,926.57300235,
2026-06-12 12:14:00,1781266440,926.57300235,940.90346576,924.3823556,931.65460324,
2026-06-12 12:15:00,1781266500,931.65460324,938.74616395,907.77743395,935.62275372,
2026-06-12 12:16:00,1781266560,935.62275372,947.00936369,910.48550439,918.03063249,
2026-06-12 12:17:00,1781266620,918.03063249,933.21607799,912.77800004,914.30861362,
2026-06-12 12:18:00,1781266680,914.30861362,924.66370184,909.30981783,922.37697769,
2026-06-12 12:19:00,1781266740,922.37697769,923.80521521,892.03219583,923.65597539,
2026-06-12 12:20:00,1781266800,923.65597539,959.8513626,912.49362158,959.3173889,
2026-06-12 12:21:00,1781266860,959.3173889,984.58628316,946.26720068,983.38580502,
2026-06-12 12:22:00,1781266920,983.38580502,983.38580502,939.02488956,948.8778534,
2026-06-12 12:23:00,1781266980,948.8778534,969.09763642,941.32366733,958.30997552,
2026-06-12 12:24:00,1781267040,958.30997552,987.84876586,958.30586786,987.38533025,
2026-06-12 12:25:00,1781267100,987.38533025,1009.97486688,983.74993212,995.8337616,
2026-06-12 12:26:00,1781267160,995.8337616,1007.81501531,993.05043111,1007.81501531,
2026-06-12 12:27:00,1781267220,1007.81501531,1044.461984,1006.02829861,1028.31081667,
2026-06-12 12:28:00,1781267280,1028.31081667,1055.63706859,1017.56268989,1041.12536065,
2026-06-12 12:29:00,1781267340,1041.12536065,1066.79993257,1041.12536065,1066.79993257,
2026-06-12 12:30:00,1781267400,1066.79993257,1078.2521427,1028.30232433,1035.76401642,
2026-06-12 12:31:00,1781267460,1035.76401642,1044.11654823,1016.15024899,1041.76767021,
2026-06-12 12:32:00,1781267520,1041.76767021,1041.76767021,1015.08181216,1024.5206028,
2026-06-12 12:33:00,1781267580,1024.5206028,1026.37109056,1001.69181082,1012.10316391,
2026-06-12 12:34:00,1781267640,1012.10316391,1020.06513679,987.08899531,998.48348665,
2026-06-12 12:35:00,1781267700,998.48348665,1024.32039335,985.51905638,1021.72217528,
2026-06-12 12:36:00,1781267760,1021.72217528,1039.94821412,1020.27504302,1039.94821412,
2026-06-12 12:37:00,1781267820,1039.94821412,1039.94821412,1011.99659547,1029.04639056,
2026-06-12 12:38:00,1781267880,1029.04639056,1071.46363243,1028.51253176,1069.72741736,
2026-06-12 12:39:00,1781267940,1069.72741736,1123.14500064,1069.72741736,1106.45965936,
2026-06-12 12:40:00,1781268000,1106.45965936,1132.65511237,1095.0077603,1098.31609916,
2026-06-12 12:41:00,1781268060,1098.31609916,1115.14992867,1078.90717779,1085.24422147,
2026-06-12 12:42:00,1781268120,1085.24422147,1105.00581014,1074.6476772,1076.53354681,
2026-06-12 12:43:00,1781268180,1076.53354681,1082.17689332,1053.81499967,1058.26065623,
2026-06-12 12:44:00,1781268240,1058.26065623,1129.67890858,1051.2023668,1097.48160241,
2026-06-12 12:45:00,1781268300,1097.48160241,1118.94839633,1087.79173381,1095.71954076,
2026-06-12 12:46:00,1781268360,1095.71954076,1096.19491595,1049.54552492,1061.60318766,
2026-06-12 12:47:00,1781268420,1061.60318766,1077.63966989,1044.24911458,1052.67950091,
2026-06-12 12:48:00,1781268480,1052.67950091,1073.36379747,1027.29612448,1032.56752489,
2026-06-12 12:49:00,1781268540,1032.56752489,1045.17803228,1013.62359945,1045.17803228,
2026-06-12 12:50:00,1781268600,1045.17803228,1055.34945514,1004.49680039,1042.04641291,
2026-06-12 12:51:00,1781268660,1042.04641291,1071.29087784,1036.18452136,1055.99931778,
2026-06-12 12:52:00,1781268720,1055.99931778,1056.58385629,1006.43332526,1011.7434422,
2026-06-12 12:53:00,1781268780,1011.7434422,1038.23204321,1011.74137316,1037.49305936,
2026-06-12 12:54:00,1781268840,1037.49305936,1097.36327424,1037.49104333,1089.53053969,
2026-06-12 12:55:00,1781268900,1089.53053969,1139.62254095,1071.45901102,1095.41385984,
2026-06-12 12:56:00,1781268960,1095.41385984,1110.50068555,1083.49276471,1098.41305472,
2026-06-12 12:57:00,1781269020,1098.41305472,1098.73215797,1062.95201092,1068.13362385,
2026-06-12 12:58:00,1781269080,1068.13362385,1078.47164339,1059.2538289,1066.45499421,
2026-06-12 12:59:00,1781269140,1066.45499421,1072.09376206,1037.323074,1068.88347285,
2026-06-12 13:00:00,1781269200,1068.88347285,1082.05944865,1041.83986712,1081.57810042,
2026-06-12 13:01:00,1781269260,1081.57810042,1100.53042156,1076.76176143,1091.19662252,
2026-06-12 13:02:00,1781269320,1091.19662252,1122.2266906,1070.30942548,1071.70292619,
2026-06-12 13:03:00,1781269380,1071.70292619,1103.60603164,1071.37077484,1084.4777714,
2026-06-12 13:04:00,1781269440,1084.4777714,1101.32628244,1084.15757859,1099.80762978,
2026-06-12 13:05:00,1781269500,1099.80762978,1102.97501048,1077.32137513,1081.80945685,
2026-06-12 13:06:00,1781269560,1081.80945685,1099.08100446,1078.15296225,1090.51093838,
2026-06-12 13:07:00,1781269620,1090.51093838,1092.66504032,1066.72399113,1076.58004254,
2026-06-12 13:08:00,1781269680,1076.58004254,1076.73857055,1053.04582495,1068.72250735,
2026-06-12 13:09:00,1781269740,1068.72250735,1070.59738087,1031.79292329,1070.42559852,
2026-06-12 13:10:00,1781269800,1070.42559852,1093.77509921,1055.59952705,1066.01464701,
2026-06-12 13:11:00,1781269860,1066.01464701,1100.36885051,1064.82764752,1096.9651613,
2026-06-12 13:12:00,1781269920,1096.9651613,1137.50359236,1082.62595559,1135.98002809,
2026-06-12 13:13:00,1781269980,1135.98002809,1148.70682753,1087.24325117,1089.07160896,
2026-06-12 13:14:00,1781270040,1089.07160896,1091.05894448,1049.78585523,1051.74600414,
2026-06-12 13:15:00,1781270100,1051.74600414,1085.41914888,1046.18676753,1083.32563529,
2026-06-12 13:16:00,1781270160,1083.32563529,1088.25994624,1059.69694717,1065.24429213,
2026-06-12 13:17:00,1781270220,1065.24429213,1080.55535017,1049.51879165,1070.78501178,
2026-06-12 13:18:00,1781270280,1070.78501178,1074.30037143,1009.13215729,1014.38939088,
2026-06-12 13:19:00,1781270340,1014.38939088,1041.7932384,1012.28285064,1036.15771817,
2026-06-12 13:20:00,1781270400,1036.15771817,1061.37055733,1033.02751067,1041.86186283,
2026-06-12 13:21:00,1781270460,1041.86186283,1066.86939556,1041.62695719,1057.48493482,
2026-06-12 13:22:00,1781270520,1057.48493482,1093.16610087,1057.32705299,1092.72026483,
2026-06-12 13:23:00,1781270580,1092.72026483,1128.62665281,1086.71185994,1127.00487864,
2026-06-12 13:24:00,1781270640,1127.00487864,1127.57115658,1098.15180204,1099.03541243,
2026-06-12 13:25:00,1781270700,1099.03541243,1120.94459942,1092.85063586,1115.52325454,
2026-06-12 13:26:00,1781270760,1115.52325454,1116.40693236,1098.73824613,1112.77497904,
2026-06-12 13:27:00,1781270820,1112.77497904,1125.86708757,1106.10192978,1112.05266839,
2026-06-12 13:28:00,1781270880,1112.05266839,1156.78201905,1110.63521115,1132.55163382,
2026-06-12 13:29:00,1781270940,1132.55163382,1132.55163382,1102.33312182,1110.12522978,
2026-06-12 13:30:00,1781271000,1110.12522978,1202.04400264,1075.43688186,1180.96074204,
2026-06-12 13:31:00,1781271060,1180.96074204,1251.83076719,1162.20983202,1250.65410913,
2026-06-12 13:32:00,1781271120,1250.65410913,1250.65410913,1168.60762025,1216.60019059,
2026-06-12 13:33:00,1781271180,1216.60019059,1253.50967046,1198.52098199,1253.25628829,
2026-06-12 13:34:00,1781271240,1253.25628829,1266.99225363,1203.41188919,1248.28063336,
2026-06-12 13:35:00,1781271300,1248.28063336,1269.79263501,1144.50116287,1161.23239243,
2026-06-12 13:36:00,1781271360,1161.23239243,1222.8099699,1159.35862253,1201.88321319,
2026-06-12 13:37:00,1781271420,1201.88321319,1229.60684971,1170.19702617,1179.06187557,
2026-06-12 13:38:00,1781271480,1179.06187557,1206.58775242,1148.97466408,1170.03263674,
2026-06-12 13:39:00,1781271540,1170.03263674,1191.15807657,1131.88224139,1133.73670593,
2026-06-12 13:40:00,1781271600,1133.73670593,1271.79752827,1115.11112833,1255.80426149,
2026-06-12 13:41:00,1781271660,1255.80426149,1355.14775409,1246.54887961,1308.22235708,
2026-06-12 13:42:00,1781271720,1308.22235708,1407.94141411,1308.22235708,1407.94141411,
2026-06-12 13:43:00,1781271780,1407.94141411,1416.70764127,1292.48501859,1314.85750087,
2026-06-12 13:44:00,1781271840,1314.85750087,1347.82603406,1306.71002637,1343.08429615,
2026-06-12 13:45:00,1781271900,1343.08429615,1358.87535306,1267.20857107,1344.52138061,
2026-06-12 13:46:00,1781271960,1344.52138061,1349.1720163,1273.16327035,1293.45456284,
2026-06-12 13:47:00,1781272020,1293.45456284,1300.85256605,1265.11423488,1300.85256605,
2026-06-12 13:48:00,1781272080,1300.85256605,1372.85300415,1289.56868973,1323.49974189,
2026-06-12 13:49:00,1781272140,1323.49974189,1335.0384207,1267.62895243,1284.54424878,
2026-06-12 13:50:00,1781272200,1284.54424878,1287.00122358,1242.41324335,1250.16571636,
2026-06-12 13:51:00,1781272260,1250.16571636,1294.36695117,1225.40342001,1275.1545853,
2026-06-12 13:52:00,1781272320,1275.1545853,1308.2537683,1245.02275207,1250.15632702,
2026-06-12 13:53:00,1781272380,1250.15632702,1322.01400606,1227.08743155,1321.75359392,
2026-06-12 13:54:00,1781272440,1321.75359392,1356.04222892,1300.48693732,1315.57523439,
2026-06-12 13:55:00,1781272500,1315.57523439,1363.49334303,1315.57369572,1358.34511873,
2026-06-12 13:56:00,1781272560,1358.34511873,1366.56975229,1325.9257886,1339.35780697,
2026-06-12 13:57:00,1781272620,1339.35780697,1344.40012776,1301.7171644,1319.60100686,
2026-06-12 13:58:00,1781272680,1319.60100686,1333.28506526,1289.7559924,1295.37536915,
2026-06-12 13:59:00,1781272740,1295.37536915,1301.90112015,1239.9910952,1257.64603315,
2026-06-12 14:00:00,1781272800,1257.64603315,1286.32954768,1071.29725325,1087.51155836,
2026-06-12 14:01:00,1781272860,1087.51155836,1122.24286301,1037.77986322,1073.03555666,
2026-06-12 14:02:00,1781272920,1073.03555666,1141.89790444,1064.25835232,1118.02950609,
2026-06-12 14:03:00,1781272980,1118.02950609,1147.33124198,1045.49572929,1071.56087805,
2026-06-12 14:04:00,1781273040,1071.56087805,1137.15315614,1067.6419414,1111.5901891,
2026-06-12 14:05:00,1781273100,1111.5901891,1164.57890615,1111.42460171,1148.40847798,
2026-06-12 14:06:00,1781273160,1148.40847798,1150.59416868,1073.37791317,1073.78091348,
2026-06-12 14:07:00,1781273220,1073.78091348,1076.85804537,974.70398926,986.92832924,
2026-06-12 14:08:00,1781273280,986.92832924,1081.76558011,985.83190234,1079.49316985,
2026-06-12 14:09:00,1781273340,1079.49316985,1090.75102459,1054.1083348,1067.68247571,
2026-06-12 14:10:00,1781273400,1067.68247571,1100.3166545,1049.06216619,1049.06216619,
2026-06-12 14:11:00,1781273460,1049.06216619,1119.40844216,1049.06216619,1077.55087285,
2026-06-12 14:12:00,1781273520,1077.55087285,1108.64870764,1059.68421456,1108.64870764,
2026-06-12 14:13:00,1781273580,1108.64870764,1140.53559567,1073.46710818,1128.9653781,
2026-06-12 14:14:00,1781273640,1128.9653781,1130.04968472,1048.53914368,1058.18329669,
2026-06-12 14:15:00,1781273700,1058.18329669,1071.27664682,1009.2215013,1017.34338324,
2026-06-12 14:16:00,1781273760,1017.34338324,1033.28366685,1006.20456205,1010.88889646,
2026-06-12 14:17:00,1781273820,1010.88889646,1021.86806246,963.18894787,1018.16998072,
2026-06-12 14:18:00,1781273880,1018.16998072,1096.08163505,1018.16998072,1083.10839474,
2026-06-12 14:19:00,1781273940,1083.10839474,1091.50738519,1057.17902561,1085.61271194,
2026-06-12 14:20:00,1781274000,1085.61271194,1100.8583148,1046.70309105,1056.51293689,
2026-06-12 14:21:00,1781274060,1056.51293689,1110.91550865,993.23178084,1101.94655987,
2026-06-12 14:22:00,1781274120,1101.94655987,1160.34967986,1095.90093944,1153.02295696,
2026-06-12 14:23:00,1781274180,1153.02295696,1157.4873366,1100.22200944,1105.55903158,
2026-06-12 14:24:00,1781274240,1105.55903158,1105.72654574,1038.04696023,1068.57375792,
2026-06-12 14:25:00,1781274300,1068.57375792,1072.99484983,925.59463435,945.896522,
2026-06-12 14:26:00,1781274360,945.896522,1010.17876556,927.8465869,972.90988895,
2026-06-12 14:27:00,1781274420,972.90988895,974.82810192,893.11909783,918.01879024,
2026-06-12 14:28:00,1781274480,918.01879024,937.41481382,879.78770941,914.61766402,
2026-06-12 14:29:00,1781274540,914.61766402,920.52411901,892.32908358,897.96830822,
2026-06-12 14:30:00,1781274600,897.96830822,903.29007426,862.04031992,872.19585178,
2026-06-12 14:31:00,1781274660,872.19585178,935.15906874,847.02311143,910.8773341,
2026-06-12 14:32:00,1781274720,910.8773341,943.15959085,883.31893591,927.38904756,
2026-06-12 14:33:00,1781274780,927.38904756,958.28289763,898.83284034,914.36939738,
2026-06-12 14:34:00,1781274840,914.36939738,914.36939738,841.85279782,853.51223831,
2026-06-12 14:35:00,1781274900,853.51223831,861.82240184,809.59047126,845.8270354,
2026-06-12 14:36:00,1781274960,845.8270354,870.04215726,781.9855591,797.50815508,
2026-06-12 14:37:00,1781275020,797.50815508,850.52109701,781.96485136,821.63162483,
2026-06-12 14:38:00,1781275080,821.63162483,831.24675663,789.37325416,807.67252272,
2026-06-12 14:39:00,1781275140,807.67252272,820.99061702,783.52359087,820.29286564,
2026-06-12 14:40:00,1781275200,820.29286564,890.42318147,813.61796265,869.24797302,
2026-06-12 14:41:00,1781275260,869.24797302,923.08516922,858.64339596,901.33907886,
2026-06-12 14:42:00,1781275320,901.33907886,917.5131233,870.78530386,903.59886952,
2026-06-12 14:43:00,1781275380,903.59886952,1015.28151359,901.36156556,1006.7617246,
2026-06-12 14:44:00,1781275440,1006.7617246,1006.7617246,944.79862553,986.6570276,
2026-06-12 14:45:00,1781275500,986.6570276,1014.06477971,942.92209673,959.98567491,
2026-06-12 14:46:00,1781275560,959.98567491,988.64020278,934.52830994,956.81818067,
2026-06-12 14:47:00,1781275620,956.81818067,1016.28551146,942.81107312,992.91132239,
2026-06-12 14:48:00,1781275680,992.91132239,1002.99915721,951.44904737,990.76833609,
2026-06-12 14:49:00,1781275740,990.76833609,1028.36671093,970.19003346,976.64443909,
2026-06-12 14:50:00,1781275800,976.64443909,980.40310948,874.35839215,883.58899285,
2026-06-12 14:51:00,1781275860,883.58899285,938.63860323,873.44248359,938.63860323,
2026-06-12 14:52:00,1781275920,938.63860323,946.49770038,687.01771947,722.49046979,
2026-06-12 14:53:00,1781275980,722.49046979,730.10324602,658.06393843,708.8072925,
2026-06-12 14:54:00,1781276040,708.8072925,726.80246157,659.07823219,661.5819727,
2026-06-12 14:55:00,1781276100,661.5819727,720.587917,622.8980309,708.75568161,
2026-06-12 14:56:00,1781276160,708.75568161,719.10920851,627.02621977,641.36735447,
2026-06-12 14:57:00,1781276220,641.36735447,678.86163396,627.70034969,641.97234754,
2026-06-12 14:58:00,1781276280,641.97234754,673.59791194,634.36261899,636.94446512,
2026-06-12 14:59:00,1781276340,636.94446512,653.04727242,620.05654897,621.25595112,
2026-06-12 15:00:00,1781276400,621.25595112,634.37545472,547.44159945,552.20344659,
2026-06-12 15:01:00,1781276460,552.20344659,561.78583474,510.54270787,523.6823952,
2026-06-12 15:02:00,1781276520,523.6823952,556.45111014,510.93301807,555.5034658,
2026-06-12 15:03:00,1781276580,555.5034658,681.48210996,533.40844426,679.06780757,
2026-06-12 15:04:00,1781276640,679.06780757,697.15314142,636.51510652,670.48811684,
2026-06-12 15:05:00,1781276700,670.48811684,674.70033153,601.54095661,601.54095661,
2026-06-12 15:06:00,1781276760,601.54095661,610.28691926,549.83261773,562.40247174,
2026-06-12 15:07:00,1781276820,562.40247174,581.61063494,507.86509689,527.06159557,
2026-06-12 15:08:00,1781276880,527.06159557,572.81887176,516.87865304,551.73438031,
2026-06-12 15:09:00,1781276940,551.73438031,568.54335669,529.05250624,568.54335669,
2026-06-12 15:10:00,1781277000,568.54335669,577.56996044,477.83536366,477.83536366,
2026-06-12 15:11:00,1781277060,477.83536366,492.55645376,463.4415326,485.98730749,
2026-06-12 15:12:00,1781277120,485.98730749,527.9219253,472.92843388,475.45291199,
2026-06-12 15:13:00,1781277180,475.45291199,476.16342328,406.89728991,409.30944169,
2026-06-12 15:14:00,1781277240,409.30944169,431.09675582,406.72081165,413.72729739,
2026-06-12 15:15:00,1781277300,413.72729739,447.04978123,399.52982185,445.82542024,
2026-06-12 15:16:00,1781277360,445.82542024,464.1461688,435.85160956,437.79881711,
2026-06-12 15:17:00,1781277420,437.79881711,441.44786055,407.00052999,432.28244623,
2026-06-12 15:18:00,1781277480,432.28244623,460.54798136,423.69388092,441.27893281,
2026-06-12 15:19:00,1781277540,441.27893281,480.84124826,438.05386459,465.44587752,
2026-06-12 15:20:00,1781277600,465.44587752,499.24401538,458.68015612,490.45927218,
2026-06-12 15:21:00,1781277660,490.45927218,499.74852454,461.30023343,479.14969239,
2026-06-12 15:22:00,1781277720,479.14969239,504.88854717,459.81460401,486.78335597,
2026-06-12 15:23:00,1781277780,486.78335597,501.77495747,462.65523826,478.38213488,
2026-06-12 15:24:00,1781277840,478.38213488,480.41328259,455.49892231,467.32902379,
2026-06-12 15:25:00,1781277900,467.32902379,467.32902379,437.92754565,441.25606601,
2026-06-12 15:26:00,1781277960,441.25606601,476.14859436,438.70982105,461.90608583,
2026-06-12 15:27:00,1781278020,461.90608583,468.78485926,444.18280228,447.3111977,
2026-06-12 15:28:00,1781278080,447.3111977,506.49274146,446.2766966,502.49433553,
2026-06-12 15:29:00,1781278140,502.49433553,538.55714748,479.90493695,537.9205709,
2026-06-12 15:30:00,1781278200,537.9205709,592.75577565,534.60677622,570.96165108,
2026-06-12 15:31:00,1781278260,570.96165108,617.40204094,563.81002986,597.41842745,
2026-06-12 15:32:00,1781278320,597.41842745,619.01170914,563.58650833,607.85062839,
2026-06-12 15:33:00,1781278380,607.85062839,645.12190651,597.49504332,640.52581557,
2026-06-12 15:34:00,1781278440,640.52581557,664.77795789,631.66325158,663.88899167,
2026-06-12 15:35:00,1781278500,663.88899167,681.10938187,570.22460565,570.22460565,
2026-06-12 15:36:00,1781278560,570.22460565,633.5093597,570.03712891,620.45015575,
2026-06-12 15:37:00,1781278620,620.45015575,680.98945622,601.21520412,665.70381807,
2026-06-12 15:38:00,1781278680,665.70381807,705.91982961,644.53808652,691.68422452,
2026-06-12 15:39:00,1781278740,691.68422452,708.12630114,630.4468489,645.77537192,
2026-06-12 15:40:00,1781278800,645.77537192,693.7970899,624.86784586,689.18234365,
2026-06-12 15:41:00,1781278860,689.18234365,726.05734468,650.72078868,711.36459583,
2026-06-12 15:42:00,1781278920,711.36459583,749.6048443,698.30402107,708.73537496,
2026-06-12 15:43:00,1781278980,708.73537496,718.61842905,663.45745594,663.45745594,
2026-06-12 15:44:00,1781279040,663.45745594,696.33662042,662.53550753,674.69735723,
2026-06-12 15:45:00,1781279100,674.69735723,713.08488703,664.43454591,686.92823128,
2026-06-12 15:46:00,1781279160,686.92823128,715.309046,649.4119508,706.21414434,
2026-06-12 15:47:00,1781279220,706.21414434,764.22297566,701.74843749,756.00987094,
2026-06-12 15:48:00,1781279280,756.00987094,823.20145095,751.73424593,804.90272361,
2026-06-12 15:49:00,1781279340,804.90272361,845.71586218,785.59836472,821.707556,
2026-06-12 15:50:00,1781279400,821.707556,821.78445686,767.23247541,775.46676679,
2026-06-12 15:51:00,1781279460,775.46676679,800.86337319,757.00470965,777.0162401,
2026-06-12 15:52:00,1781279520,777.0162401,782.08987494,740.52141876,741.86391513,
2026-06-12 15:53:00,1781279580,741.86391513,752.31476671,710.93625013,733.69654837,
2026-06-12 15:54:00,1781279640,733.69654837,743.11033071,700.28712937,714.4569151,
2026-06-12 15:55:00,1781279700,714.4569151,786.92147361,711.66640664,784.97198556,
2026-06-12 15:56:00,1781279760,784.97198556,851.02734031,768.32474453,824.47954989,
2026-06-12 15:57:00,1781279820,824.47954989,831.09459697,805.98684129,827.6849954,
2026-06-12 15:58:00,1781279880,827.6849954,861.3049432,820.70052154,861.30300028,
2026-06-12 15:59:00,1781279940,861.30300028,945.76363999,861.30300028,911.95101337,
2026-06-12 16:00:00,1781280000,911.95101337,925.16048987,834.88579442,862.89453479,
2026-06-12 16:01:00,1781280060,862.89453479,903.76421725,838.33625087,896.56164527,
2026-06-12 16:02:00,1781280120,896.56164527,962.72981018,886.2726358,961.65495121,
2026-06-12 16:03:00,1781280180,961.65495121,980.4222358,846.68867597,856.4916228,
2026-06-12 16:04:00,1781280240,856.4916228,858.27704589,797.71072214,841.15652427,
2026-06-12 16:05:00,1781280300,841.15652427,866.56825151,827.49726528,856.35446299,
2026-06-12 16:06:00,1781280360,856.35446299,856.81728215,772.11290033,791.08343945,
2026-06-12 16:07:00,1781280420,791.08343945,817.27948931,756.43396884,797.24758653,
2026-06-12 16:08:00,1781280480,797.24758653,801.92486912,792.42227558,796.12346316,
